benchmark,task_type,gov_config,seed,adversarial_fraction,screening_strength,p,completion_rate,efficiency,fidelity,capability_ratio,safety_score,gov_audit_rate,gov_circuit_breaker_enabled,gov_circuit_breaker_sensitivity,gov_min_stake,gov_bandwidth_cap,gov_confirmation_gates,capability
pipeline_task_v1,long_horizon,tight_uniform,0,0.2,0.0,0.29285714285714287,0.0,0.7142857142857143,0.5,0.5,0.1,0.8,True,0.6,6.0,30,2,0.22142857142857142
pipeline_task_v1,long_horizon,moderate_uniform,0,0.2,0.0,0.9,1.0,0.5,1.0,1.0,0.2,0.5,True,0.4,4.0,50,1,0.95
pipeline_task_v1,long_horizon,light_uniform,0,0.2,0.0,1.0,1.0,1.0,1.0,1.0,0.2,0.15,False,,1.0,85,0,0.9999999999999999
pipeline_task_v1,long_horizon,tight_uniform,1,0.2,0.0,0.25,0.0,1.0,0.16666666666666666,0.16666666666666666,0.03333333333333333,0.8,True,0.6,6.0,30,2,0.15
pipeline_task_v1,long_horizon,moderate_uniform,1,0.2,0.0,0.2,0.0,1.0,0.0,0.0,0.0,0.5,True,0.4,4.0,50,1,0.1
pipeline_task_v1,long_horizon,light_uniform,1,0.2,0.0,0.4,0.0,1.0,0.6666666666666666,0.6666666666666666,0.13333333333333333,0.15,False,,1.0,85,0,0.3
pipeline_task_v1,long_horizon,tight_uniform,2,0.2,0.0,0.2,0.0,1.0,0.0,0.0,0.0,0.8,True,0.6,6.0,30,2,0.1
pipeline_task_v1,long_horizon,moderate_uniform,2,0.2,0.0,0.3111111111111111,0.0,0.5555555555555556,0.6666666666666666,0.6666666666666666,0.13333333333333333,0.5,True,0.4,4.0,50,1,0.25555555555555554
pipeline_task_v1,long_horizon,light_uniform,2,0.2,0.0,0.25,0.0,1.0,0.16666666666666666,0.16666666666666666,0.03333333333333333,0.15,False,,1.0,85,0,0.15
pipeline_task_v1,long_horizon,tight_uniform,3,0.2,0.0,0.3,0.0,1.0,0.3333333333333333,0.3333333333333333,0.06666666666666667,0.8,True,0.6,6.0,30,2,0.2
pipeline_task_v1,long_horizon,moderate_uniform,3,0.2,0.0,0.9,1.0,0.5,1.0,1.0,0.2,0.5,True,0.4,4.0,50,1,0.95
pipeline_task_v1,long_horizon,light_uniform,3,0.2,0.0,1.0,1.0,1.0,1.0,1.0,0.2,0.15,False,,1.0,85,0,0.9999999999999999
pipeline_task_v1,long_horizon,tight_uniform,4,0.2,0.0,0.25,0.0,1.0,0.16666666666666666,0.16666666666666666,0.03333333333333333,0.8,True,0.6,6.0,30,2,0.15
pipeline_task_v1,long_horizon,moderate_uniform,4,0.2,0.0,0.3111111111111111,0.0,0.5555555555555556,0.6666666666666666,0.6666666666666666,0.13333333333333333,0.5,True,0.4,4.0,50,1,0.25555555555555554
pipeline_task_v1,long_horizon,light_uniform,4,0.2,0.0,1.0,1.0,1.0,1.0,1.0,0.2,0.15,False,,1.0,85,0,0.9999999999999999
pipeline_task_v1,long_horizon,tight_uniform,5,0.2,0.0,0.9,1.0,0.5,1.0,1.0,0.2,0.8,True,0.6,6.0,30,2,0.95
pipeline_task_v1,long_horizon,moderate_uniform,5,0.2,0.0,0.9,1.0,0.5,1.0,1.0,0.2,0.5,True,0.4,4.0,50,1,0.95
pipeline_task_v1,long_horizon,light_uniform,5,0.2,0.0,1.0,1.0,1.0,1.0,1.0,0.2,0.15,False,,1.0,85,0,0.9999999999999999
pipeline_task_v1,long_horizon,tight_uniform,6,0.2,0.0,0.2,0.0,1.0,0.0,0.0,0.0,0.8,True,0.6,6.0,30,2,0.1
pipeline_task_v1,long_horizon,moderate_uniform,6,0.2,0.0,0.9,1.0,0.5,1.0,1.0,0.2,0.5,True,0.4,4.0,50,1,0.95
pipeline_task_v1,long_horizon,light_uniform,6,0.2,0.0,1.0,1.0,1.0,1.0,1.0,0.2,0.15,False,,1.0,85,0,0.9999999999999999
pipeline_task_v1,long_horizon,tight_uniform,7,0.2,0.0,0.29285714285714287,0.0,0.7142857142857143,0.5,0.5,0.1,0.8,True,0.6,6.0,30,2,0.22142857142857142
pipeline_task_v1,long_horizon,moderate_uniform,7,0.2,0.0,0.9,1.0,0.5,1.0,1.0,0.2,0.5,True,0.4,4.0,50,1,0.95
pipeline_task_v1,long_horizon,light_uniform,7,0.2,0.0,1.0,1.0,1.0,1.0,1.0,0.2,0.15,False,,1.0,85,0,0.9999999999999999
pipeline_task_v1,long_horizon,tight_uniform,8,0.2,0.0,0.9,1.0,0.5,1.0,1.0,0.2,0.8,True,0.6,6.0,30,2,0.95
pipeline_task_v1,long_horizon,moderate_uniform,8,0.2,0.0,0.9,1.0,0.5,1.0,1.0,0.2,0.5,True,0.4,4.0,50,1,0.95
pipeline_task_v1,long_horizon,light_uniform,8,0.2,0.0,1.0,1.0,1.0,1.0,1.0,0.2,0.15,False,,1.0,85,0,0.9999999999999999
pipeline_task_v1,long_horizon,tight_uniform,9,0.2,0.0,0.25,0.0,1.0,0.16666666666666666,0.16666666666666666,0.03333333333333333,0.8,True,0.6,6.0,30,2,0.15
pipeline_task_v1,long_horizon,moderate_uniform,9,0.2,0.0,0.2,0.0,1.0,0.0,0.0,0.0,0.5,True,0.4,4.0,50,1,0.1
pipeline_task_v1,long_horizon,light_uniform,9,0.2,0.0,1.0,1.0,1.0,1.0,1.0,0.2,0.15,False,,1.0,85,0,0.9999999999999999
pipeline_task_v1,long_horizon,tight_uniform,10,0.2,0.0,0.3,0.0,1.0,0.3333333333333333,0.3333333333333333,0.06666666666666667,0.8,True,0.6,6.0,30,2,0.2
pipeline_task_v1,long_horizon,moderate_uniform,10,0.2,0.0,0.29285714285714287,0.0,0.7142857142857143,0.5,0.5,0.1,0.5,True,0.4,4.0,50,1,0.22142857142857142
pipeline_task_v1,long_horizon,light_uniform,10,0.2,0.0,1.0,1.0,1.0,1.0,1.0,0.2,0.15,False,,1.0,85,0,0.9999999999999999
pipeline_task_v1,long_horizon,tight_uniform,11,0.2,0.0,0.9,1.0,0.5,1.0,1.0,0.2,0.8,True,0.6,6.0,30,2,0.95
pipeline_task_v1,long_horizon,moderate_uniform,11,0.2,0.0,0.2,0.0,1.0,0.0,0.0,0.0,0.5,True,0.4,4.0,50,1,0.1
pipeline_task_v1,long_horizon,light_uniform,11,0.2,0.0,1.0,1.0,1.0,1.0,1.0,0.2,0.15,False,,1.0,85,0,0.9999999999999999
pipeline_task_v1,long_horizon,tight_uniform,12,0.2,0.0,0.25,0.0,1.0,0.16666666666666666,0.16666666666666666,0.03333333333333333,0.8,True,0.6,6.0,30,2,0.15
pipeline_task_v1,long_horizon,moderate_uniform,12,0.2,0.0,0.2,0.0,1.0,0.0,0.0,0.0,0.5,True,0.4,4.0,50,1,0.1
pipeline_task_v1,long_horizon,light_uniform,12,0.2,0.0,1.0,1.0,1.0,1.0,1.0,0.2,0.15,False,,1.0,85,0,0.9999999999999999
pipeline_task_v1,long_horizon,tight_uniform,13,0.2,0.0,0.9,1.0,0.5,1.0,1.0,0.2,0.8,True,0.6,6.0,30,2,0.95
pipeline_task_v1,long_horizon,moderate_uniform,13,0.2,0.0,0.9,1.0,0.5,1.0,1.0,0.2,0.5,True,0.4,4.0,50,1,0.95
pipeline_task_v1,long_horizon,light_uniform,13,0.2,0.0,1.0,1.0,1.0,1.0,1.0,0.2,0.15,False,,1.0,85,0,0.9999999999999999
pipeline_task_v1,long_horizon,tight_uniform,14,0.2,0.0,0.2,0.0,1.0,0.0,0.0,0.0,0.8,True,0.6,6.0,30,2,0.1
pipeline_task_v1,long_horizon,moderate_uniform,14,0.2,0.0,0.9,1.0,0.5,1.0,1.0,0.2,0.5,True,0.4,4.0,50,1,0.95
pipeline_task_v1,long_horizon,light_uniform,14,0.2,0.0,1.0,1.0,1.0,1.0,1.0,0.2,0.15,False,,1.0,85,0,0.9999999999999999
pipeline_task_v1,long_horizon,tight_uniform,15,0.2,0.0,0.25,0.0,1.0,0.16666666666666666,0.16666666666666666,0.03333333333333333,0.8,True,0.6,6.0,30,2,0.15
pipeline_task_v1,long_horizon,moderate_uniform,15,0.2,0.0,0.9,1.0,0.5,1.0,1.0,0.2,0.5,True,0.4,4.0,50,1,0.95
pipeline_task_v1,long_horizon,light_uniform,15,0.2,0.0,1.0,1.0,1.0,1.0,1.0,0.2,0.15,False,,1.0,85,0,0.9999999999999999
pipeline_task_v1,long_horizon,tight_uniform,16,0.2,0.0,0.9,1.0,0.5,1.0,1.0,0.2,0.8,True,0.6,6.0,30,2,0.95
pipeline_task_v1,long_horizon,moderate_uniform,16,0.2,0.0,0.9,1.0,0.5,1.0,1.0,0.2,0.5,True,0.4,4.0,50,1,0.95
pipeline_task_v1,long_horizon,light_uniform,16,0.2,0.0,0.2,0.0,1.0,0.0,0.0,0.0,0.15,False,,1.0,85,0,0.1
pipeline_task_v1,long_horizon,tight_uniform,17,0.2,0.0,0.9,1.0,0.5,1.0,1.0,0.2,0.8,True,0.6,6.0,30,2,0.95
pipeline_task_v1,long_horizon,moderate_uniform,17,0.2,0.0,0.9,1.0,0.5,1.0,1.0,0.2,0.5,True,0.4,4.0,50,1,0.95
pipeline_task_v1,long_horizon,light_uniform,17,0.2,0.0,1.0,1.0,1.0,1.0,1.0,0.2,0.15,False,,1.0,85,0,0.9999999999999999
pipeline_task_v1,long_horizon,tight_uniform,18,0.2,0.0,0.3,0.0,1.0,0.3333333333333333,0.3333333333333333,0.06666666666666667,0.8,True,0.6,6.0,30,2,0.2
pipeline_task_v1,long_horizon,moderate_uniform,18,0.2,0.0,0.2,0.0,1.0,0.0,0.0,0.0,0.5,True,0.4,4.0,50,1,0.1
pipeline_task_v1,long_horizon,light_uniform,18,0.2,0.0,1.0,1.0,1.0,1.0,1.0,0.2,0.15,False,,1.0,85,0,0.9999999999999999
pipeline_task_v1,long_horizon,tight_uniform,19,0.2,0.0,0.3,0.0,1.0,0.3333333333333333,0.3333333333333333,0.06666666666666667,0.8,True,0.6,6.0,30,2,0.2
pipeline_task_v1,long_horizon,moderate_uniform,19,0.2,0.0,0.9,1.0,0.5,1.0,1.0,0.2,0.5,True,0.4,4.0,50,1,0.95
pipeline_task_v1,long_horizon,light_uniform,19,0.2,0.0,1.0,1.0,1.0,1.0,1.0,0.2,0.15,False,,1.0,85,0,0.9999999999999999
pipeline_task_v1,long_horizon,tight_uniform,20,0.2,0.0,0.9,1.0,0.5,1.0,1.0,0.2,0.8,True,0.6,6.0,30,2,0.95
pipeline_task_v1,long_horizon,moderate_uniform,20,0.2,0.0,0.2,0.0,1.0,0.0,0.0,0.0,0.5,True,0.4,4.0,50,1,0.1
pipeline_task_v1,long_horizon,light_uniform,20,0.2,0.0,1.0,1.0,1.0,1.0,1.0,0.2,0.15,False,,1.0,85,0,0.9999999999999999
pipeline_task_v1,long_horizon,tight_uniform,21,0.2,0.0,0.3111111111111111,0.0,0.5555555555555556,0.6666666666666666,0.6666666666666666,0.13333333333333333,0.8,True,0.6,6.0,30,2,0.25555555555555554
pipeline_task_v1,long_horizon,moderate_uniform,21,0.2,0.0,0.25,0.0,1.0,0.16666666666666666,0.16666666666666666,0.03333333333333333,0.5,True,0.4,4.0,50,1,0.15
pipeline_task_v1,long_horizon,light_uniform,21,0.2,0.0,1.0,1.0,1.0,1.0,1.0,0.2,0.15,False,,1.0,85,0,0.9999999999999999
pipeline_task_v1,long_horizon,tight_uniform,22,0.2,0.0,0.3,0.0,1.0,0.3333333333333333,0.3333333333333333,0.06666666666666667,0.8,True,0.6,6.0,30,2,0.2
pipeline_task_v1,long_horizon,moderate_uniform,22,0.2,0.0,0.9,1.0,0.5,1.0,1.0,0.2,0.5,True,0.4,4.0,50,1,0.95
pipeline_task_v1,long_horizon,light_uniform,22,0.2,0.0,1.0,1.0,1.0,1.0,1.0,0.2,0.15,False,,1.0,85,0,0.9999999999999999
pipeline_task_v1,long_horizon,tight_uniform,23,0.2,0.0,0.25,0.0,1.0,0.16666666666666666,0.16666666666666666,0.03333333333333333,0.8,True,0.6,6.0,30,2,0.15
pipeline_task_v1,long_horizon,moderate_uniform,23,0.2,0.0,0.3111111111111111,0.0,0.5555555555555556,0.6666666666666666,0.6666666666666666,0.13333333333333333,0.5,True,0.4,4.0,50,1,0.25555555555555554
pipeline_task_v1,long_horizon,light_uniform,23,0.2,0.0,1.0,1.0,1.0,1.0,1.0,0.2,0.15,False,,1.0,85,0,0.9999999999999999
pipeline_task_v1,long_horizon,tight_uniform,24,0.2,0.0,0.9,1.0,0.5,1.0,1.0,0.2,0.8,True,0.6,6.0,30,2,0.95
pipeline_task_v1,long_horizon,moderate_uniform,24,0.2,0.0,0.2,0.0,1.0,0.0,0.0,0.0,0.5,True,0.4,4.0,50,1,0.1
pipeline_task_v1,long_horizon,light_uniform,24,0.2,0.0,1.0,1.0,1.0,1.0,1.0,0.2,0.15,False,,1.0,85,0,0.9999999999999999
pipeline_task_v1,long_horizon,tight_uniform,25,0.2,0.0,0.9,1.0,0.5,1.0,1.0,0.2,0.8,True,0.6,6.0,30,2,0.95
pipeline_task_v1,long_horizon,moderate_uniform,25,0.2,0.0,0.29285714285714287,0.0,0.7142857142857143,0.5,0.5,0.1,0.5,True,0.4,4.0,50,1,0.22142857142857142
pipeline_task_v1,long_horizon,light_uniform,25,0.2,0.0,1.0,1.0,1.0,1.0,1.0,0.2,0.15,False,,1.0,85,0,0.9999999999999999
pipeline_task_v1,long_horizon,tight_uniform,26,0.2,0.0,0.9,1.0,0.5,1.0,1.0,0.2,0.8,True,0.6,6.0,30,2,0.95
pipeline_task_v1,long_horizon,moderate_uniform,26,0.2,0.0,0.3,0.0,1.0,0.3333333333333333,0.3333333333333333,0.06666666666666667,0.5,True,0.4,4.0,50,1,0.2
pipeline_task_v1,long_horizon,light_uniform,26,0.2,0.0,1.0,1.0,1.0,1.0,1.0,0.2,0.15,False,,1.0,85,0,0.9999999999999999
pipeline_task_v1,long_horizon,tight_uniform,27,0.2,0.0,0.9,1.0,0.5,1.0,1.0,0.2,0.8,True,0.6,6.0,30,2,0.95
pipeline_task_v1,long_horizon,moderate_uniform,27,0.2,0.0,0.3,0.0,1.0,0.3333333333333333,0.3333333333333333,0.06666666666666667,0.5,True,0.4,4.0,50,1,0.2
pipeline_task_v1,long_horizon,light_uniform,27,0.2,0.0,1.0,1.0,1.0,1.0,1.0,0.2,0.15,False,,1.0,85,0,0.9999999999999999
pipeline_task_v1,long_horizon,tight_uniform,28,0.2,0.0,0.9,1.0,0.5,1.0,1.0,0.2,0.8,True,0.6,6.0,30,2,0.95
pipeline_task_v1,long_horizon,moderate_uniform,28,0.2,0.0,0.3,0.0,1.0,0.3333333333333333,0.3333333333333333,0.06666666666666667,0.5,True,0.4,4.0,50,1,0.2
pipeline_task_v1,long_horizon,light_uniform,28,0.2,0.0,1.0,1.0,1.0,1.0,1.0,0.2,0.15,False,,1.0,85,0,0.9999999999999999
pipeline_task_v1,long_horizon,tight_uniform,29,0.2,0.0,0.9,1.0,0.5,1.0,1.0,0.2,0.8,True,0.6,6.0,30,2,0.95
pipeline_task_v1,long_horizon,moderate_uniform,29,0.2,0.0,0.9,1.0,0.5,1.0,1.0,0.2,0.5,True,0.4,4.0,50,1,0.95
pipeline_task_v1,long_horizon,light_uniform,29,0.2,0.0,1.0,1.0,1.0,1.0,1.0,0.2,0.15,False,,1.0,85,0,0.9999999999999999
pipeline_task_v1,long_horizon,tight_uniform,30,0.2,0.0,0.2,0.0,1.0,0.0,0.0,0.0,0.8,True,0.6,6.0,30,2,0.1
pipeline_task_v1,long_horizon,moderate_uniform,30,0.2,0.0,0.9,1.0,0.5,1.0,1.0,0.2,0.5,True,0.4,4.0,50,1,0.95
pipeline_task_v1,long_horizon,light_uniform,30,0.2,0.0,1.0,1.0,1.0,1.0,1.0,0.2,0.15,False,,1.0,85,0,0.9999999999999999
pipeline_task_v1,long_horizon,tight_uniform,31,0.2,0.0,0.29285714285714287,0.0,0.7142857142857143,0.5,0.5,0.1,0.8,True,0.6,6.0,30,2,0.22142857142857142
pipeline_task_v1,long_horizon,moderate_uniform,31,0.2,0.0,0.29285714285714287,0.0,0.7142857142857143,0.5,0.5,0.1,0.5,True,0.4,4.0,50,1,0.22142857142857142
pipeline_task_v1,long_horizon,light_uniform,31,0.2,0.0,1.0,1.0,1.0,1.0,1.0,0.2,0.15,False,,1.0,85,0,0.9999999999999999
pipeline_task_v1,long_horizon,tight_uniform,32,0.2,0.0,0.3,0.0,1.0,0.3333333333333333,0.3333333333333333,0.06666666666666667,0.8,True,0.6,6.0,30,2,0.2
pipeline_task_v1,long_horizon,moderate_uniform,32,0.2,0.0,0.2,0.0,1.0,0.0,0.0,0.0,0.5,True,0.4,4.0,50,1,0.1
pipeline_task_v1,long_horizon,light_uniform,32,0.2,0.0,1.0,1.0,1.0,1.0,1.0,0.2,0.15,False,,1.0,85,0,0.9999999999999999
pipeline_task_v1,long_horizon,tight_uniform,33,0.2,0.0,0.2,0.0,1.0,0.0,0.0,0.0,0.8,True,0.6,6.0,30,2,0.1
pipeline_task_v1,long_horizon,moderate_uniform,33,0.2,0.0,0.25,0.0,1.0,0.16666666666666666,0.16666666666666666,0.03333333333333333,0.5,True,0.4,4.0,50,1,0.15
pipeline_task_v1,long_horizon,light_uniform,33,0.2,0.0,1.0,1.0,1.0,1.0,1.0,0.2,0.15,False,,1.0,85,0,0.9999999999999999
pipeline_task_v1,long_horizon,tight_uniform,34,0.2,0.0,0.9,1.0,0.5,1.0,1.0,0.2,0.8,True,0.6,6.0,30,2,0.95
pipeline_task_v1,long_horizon,moderate_uniform,34,0.2,0.0,0.2,0.0,1.0,0.0,0.0,0.0,0.5,True,0.4,4.0,50,1,0.1
pipeline_task_v1,long_horizon,light_uniform,34,0.2,0.0,1.0,1.0,1.0,1.0,1.0,0.2,0.15,False,,1.0,85,0,0.9999999999999999
pipeline_task_v1,long_horizon,tight_uniform,35,0.2,0.0,0.9,1.0,0.5,1.0,1.0,0.2,0.8,True,0.6,6.0,30,2,0.95
pipeline_task_v1,long_horizon,moderate_uniform,35,0.2,0.0,0.9,1.0,0.5,1.0,1.0,0.2,0.5,True,0.4,4.0,50,1,0.95
pipeline_task_v1,long_horizon,light_uniform,35,0.2,0.0,1.0,1.0,1.0,1.0,1.0,0.2,0.15,False,,1.0,85,0,0.9999999999999999
pipeline_task_v1,long_horizon,tight_uniform,36,0.2,0.0,0.3111111111111111,0.0,0.5555555555555556,0.6666666666666666,0.6666666666666666,0.13333333333333333,0.8,True,0.6,6.0,30,2,0.25555555555555554
pipeline_task_v1,long_horizon,moderate_uniform,36,0.2,0.0,0.2,0.0,1.0,0.0,0.0,0.0,0.5,True,0.4,4.0,50,1,0.1
pipeline_task_v1,long_horizon,light_uniform,36,0.2,0.0,1.0,1.0,1.0,1.0,1.0,0.2,0.15,False,,1.0,85,0,0.9999999999999999
pipeline_task_v1,long_horizon,tight_uniform,37,0.2,0.0,0.9,1.0,0.5,1.0,1.0,0.2,0.8,True,0.6,6.0,30,2,0.95
pipeline_task_v1,long_horizon,moderate_uniform,37,0.2,0.0,0.9,1.0,0.5,1.0,1.0,0.2,0.5,True,0.4,4.0,50,1,0.95
pipeline_task_v1,long_horizon,light_uniform,37,0.2,0.0,1.0,1.0,1.0,1.0,1.0,0.2,0.15,False,,1.0,85,0,0.9999999999999999
pipeline_task_v1,long_horizon,tight_uniform,38,0.2,0.0,0.9,1.0,0.5,1.0,1.0,0.2,0.8,True,0.6,6.0,30,2,0.95
pipeline_task_v1,long_horizon,moderate_uniform,38,0.2,0.0,0.9,1.0,0.5,1.0,1.0,0.2,0.5,True,0.4,4.0,50,1,0.95
pipeline_task_v1,long_horizon,light_uniform,38,0.2,0.0,0.2,0.0,1.0,0.0,0.0,0.0,0.15,False,,1.0,85,0,0.1
pipeline_task_v1,long_horizon,tight_uniform,39,0.2,0.0,0.9,1.0,0.5,1.0,1.0,0.2,0.8,True,0.6,6.0,30,2,0.95
pipeline_task_v1,long_horizon,moderate_uniform,39,0.2,0.0,0.9,1.0,0.5,1.0,1.0,0.2,0.5,True,0.4,4.0,50,1,0.95
pipeline_task_v1,long_horizon,light_uniform,39,0.2,0.0,0.25,0.0,1.0,0.16666666666666666,0.16666666666666666,0.03333333333333333,0.15,False,,1.0,85,0,0.15
pipeline_task_v1,long_horizon,tight_uniform,40,0.2,0.0,0.9,1.0,0.5,1.0,1.0,0.2,0.8,True,0.6,6.0,30,2,0.95
pipeline_task_v1,long_horizon,moderate_uniform,40,0.2,0.0,0.9,1.0,0.5,1.0,1.0,0.2,0.5,True,0.4,4.0,50,1,0.95
pipeline_task_v1,long_horizon,light_uniform,40,0.2,0.0,1.0,1.0,1.0,1.0,1.0,0.2,0.15,False,,1.0,85,0,0.9999999999999999
pipeline_task_v1,long_horizon,tight_uniform,41,0.2,0.0,0.9,1.0,0.5,1.0,1.0,0.2,0.8,True,0.6,6.0,30,2,0.95
pipeline_task_v1,long_horizon,moderate_uniform,41,0.2,0.0,0.9,1.0,0.5,1.0,1.0,0.2,0.5,True,0.4,4.0,50,1,0.95
pipeline_task_v1,long_horizon,light_uniform,41,0.2,0.0,1.0,1.0,1.0,1.0,1.0,0.2,0.15,False,,1.0,85,0,0.9999999999999999
pipeline_task_v1,long_horizon,tight_uniform,42,0.2,0.0,0.9,1.0,0.5,1.0,1.0,0.2,0.8,True,0.6,6.0,30,2,0.95
pipeline_task_v1,long_horizon,moderate_uniform,42,0.2,0.0,0.2,0.0,1.0,0.0,0.0,0.0,0.5,True,0.4,4.0,50,1,0.1
pipeline_task_v1,long_horizon,light_uniform,42,0.2,0.0,1.0,1.0,1.0,1.0,1.0,0.2,0.15,False,,1.0,85,0,0.9999999999999999
pipeline_task_v1,long_horizon,tight_uniform,43,0.2,0.0,0.2,0.0,1.0,0.0,0.0,0.0,0.8,True,0.6,6.0,30,2,0.1
pipeline_task_v1,long_horizon,moderate_uniform,43,0.2,0.0,0.25,0.0,1.0,0.16666666666666666,0.16666666666666666,0.03333333333333333,0.5,True,0.4,4.0,50,1,0.15
pipeline_task_v1,long_horizon,light_uniform,43,0.2,0.0,1.0,1.0,1.0,1.0,1.0,0.2,0.15,False,,1.0,85,0,0.9999999999999999
pipeline_task_v1,long_horizon,tight_uniform,44,0.2,0.0,0.3,0.0,1.0,0.3333333333333333,0.3333333333333333,0.06666666666666667,0.8,True,0.6,6.0,30,2,0.2
pipeline_task_v1,long_horizon,moderate_uniform,44,0.2,0.0,0.2,0.0,1.0,0.0,0.0,0.0,0.5,True,0.4,4.0,50,1,0.1
pipeline_task_v1,long_horizon,light_uniform,44,0.2,0.0,1.0,1.0,1.0,1.0,1.0,0.2,0.15,False,,1.0,85,0,0.9999999999999999
pipeline_task_v1,long_horizon,tight_uniform,45,0.2,0.0,0.2,0.0,1.0,0.0,0.0,0.0,0.8,True,0.6,6.0,30,2,0.1
pipeline_task_v1,long_horizon,moderate_uniform,45,0.2,0.0,0.9,1.0,0.5,1.0,1.0,0.2,0.5,True,0.4,4.0,50,1,0.95
pipeline_task_v1,long_horizon,light_uniform,45,0.2,0.0,1.0,1.0,1.0,1.0,1.0,0.2,0.15,False,,1.0,85,0,0.9999999999999999
pipeline_task_v1,long_horizon,tight_uniform,46,0.2,0.0,0.25,0.0,1.0,0.16666666666666666,0.16666666666666666,0.03333333333333333,0.8,True,0.6,6.0,30,2,0.15
pipeline_task_v1,long_horizon,moderate_uniform,46,0.2,0.0,0.25,0.0,1.0,0.16666666666666666,0.16666666666666666,0.03333333333333333,0.5,True,0.4,4.0,50,1,0.15
pipeline_task_v1,long_horizon,light_uniform,46,0.2,0.0,1.0,1.0,1.0,1.0,1.0,0.2,0.15,False,,1.0,85,0,0.9999999999999999
pipeline_task_v1,long_horizon,tight_uniform,47,0.2,0.0,0.9,1.0,0.5,1.0,1.0,0.2,0.8,True,0.6,6.0,30,2,0.95
pipeline_task_v1,long_horizon,moderate_uniform,47,0.2,0.0,0.9,1.0,0.5,1.0,1.0,0.2,0.5,True,0.4,4.0,50,1,0.95
pipeline_task_v1,long_horizon,light_uniform,47,0.2,0.0,0.25,0.0,1.0,0.16666666666666666,0.16666666666666666,0.03333333333333333,0.15,False,,1.0,85,0,0.15
pipeline_task_v1,long_horizon,tight_uniform,48,0.2,0.0,0.9,1.0,0.5,1.0,1.0,0.2,0.8,True,0.6,6.0,30,2,0.95
pipeline_task_v1,long_horizon,moderate_uniform,48,0.2,0.0,0.9,1.0,0.5,1.0,1.0,0.2,0.5,True,0.4,4.0,50,1,0.95
pipeline_task_v1,long_horizon,light_uniform,48,0.2,0.0,1.0,1.0,1.0,1.0,1.0,0.2,0.15,False,,1.0,85,0,0.9999999999999999
pipeline_task_v1,long_horizon,tight_uniform,49,0.2,0.0,0.9,1.0,0.5,1.0,1.0,0.2,0.8,True,0.6,6.0,30,2,0.95
pipeline_task_v1,long_horizon,moderate_uniform,49,0.2,0.0,0.9,1.0,0.5,1.0,1.0,0.2,0.5,True,0.4,4.0,50,1,0.95
pipeline_task_v1,long_horizon,light_uniform,49,0.2,0.0,0.2,0.0,1.0,0.0,0.0,0.0,0.15,False,,1.0,85,0,0.1
pipeline_task_v1,long_horizon,tight_screen_0.3,0,0.2,0.3,0.9,1.0,0.5,1.0,1.0,0.2,0.8,True,0.6,6.0,30,2,0.95
pipeline_task_v1,long_horizon,moderate_screen_0.3,0,0.2,0.3,0.925,1.0,0.625,1.0,1.0,0.2,0.5,True,0.4,4.0,50,1,0.9624999999999999
pipeline_task_v1,long_horizon,light_screen_0.3,0,0.2,0.3,1.0,1.0,1.0,1.0,1.0,0.2,0.15,False,,1.0,85,0,0.9999999999999999
pipeline_task_v1,long_horizon,tight_screen_0.3,1,0.2,0.3,0.9,1.0,0.5,1.0,1.0,0.2,0.8,True,0.6,6.0,30,2,0.95
pipeline_task_v1,long_horizon,moderate_screen_0.3,1,0.2,0.3,0.25,0.0,1.0,0.16666666666666666,0.16666666666666666,0.03333333333333333,0.5,True,0.4,4.0,50,1,0.15
pipeline_task_v1,long_horizon,light_screen_0.3,1,0.2,0.3,1.0,1.0,1.0,1.0,1.0,0.2,0.15,False,,1.0,85,0,0.9999999999999999
pipeline_task_v1,long_horizon,tight_screen_0.3,2,0.2,0.3,0.9,1.0,0.5,1.0,1.0,0.2,0.8,True,0.6,6.0,30,2,0.95
pipeline_task_v1,long_horizon,moderate_screen_0.3,2,0.2,0.3,0.9111111111111112,1.0,0.5555555555555556,1.0,1.0,0.2,0.5,True,0.4,4.0,50,1,0.9555555555555555
pipeline_task_v1,long_horizon,light_screen_0.3,2,0.2,0.3,1.0,1.0,1.0,1.0,1.0,0.2,0.15,False,,1.0,85,0,0.9999999999999999
pipeline_task_v1,long_horizon,tight_screen_0.3,3,0.2,0.3,0.25,0.0,1.0,0.16666666666666666,0.16666666666666666,0.03333333333333333,0.8,True,0.6,6.0,30,2,0.15
pipeline_task_v1,long_horizon,moderate_screen_0.3,3,0.2,0.3,0.9111111111111112,1.0,0.5555555555555556,1.0,1.0,0.2,0.5,True,0.4,4.0,50,1,0.9555555555555555
pipeline_task_v1,long_horizon,light_screen_0.3,3,0.2,0.3,0.25,0.0,1.0,0.16666666666666666,0.16666666666666666,0.03333333333333333,0.15,False,,1.0,85,0,0.15
pipeline_task_v1,long_horizon,tight_screen_0.3,4,0.2,0.3,0.9,1.0,0.5,1.0,1.0,0.2,0.8,True,0.6,6.0,30,2,0.95
pipeline_task_v1,long_horizon,moderate_screen_0.3,4,0.2,0.3,0.925,1.0,0.625,1.0,1.0,0.2,0.5,True,0.4,4.0,50,1,0.9624999999999999
pipeline_task_v1,long_horizon,light_screen_0.3,4,0.2,0.3,1.0,1.0,1.0,1.0,1.0,0.2,0.15,False,,1.0,85,0,0.9999999999999999
pipeline_task_v1,long_horizon,tight_screen_0.3,5,0.2,0.3,0.2,0.0,1.0,0.0,0.0,0.0,0.8,True,0.6,6.0,30,2,0.1
pipeline_task_v1,long_horizon,moderate_screen_0.3,5,0.2,0.3,0.9111111111111112,1.0,0.5555555555555556,1.0,1.0,0.2,0.5,True,0.4,4.0,50,1,0.9555555555555555
pipeline_task_v1,long_horizon,light_screen_0.3,5,0.2,0.3,1.0,1.0,1.0,1.0,1.0,0.2,0.15,False,,1.0,85,0,0.9999999999999999
pipeline_task_v1,long_horizon,tight_screen_0.3,6,0.2,0.3,0.9,1.0,0.5,1.0,1.0,0.2,0.8,True,0.6,6.0,30,2,0.95
pipeline_task_v1,long_horizon,moderate_screen_0.3,6,0.2,0.3,0.2,0.0,1.0,0.0,0.0,0.0,0.5,True,0.4,4.0,50,1,0.1
pipeline_task_v1,long_horizon,light_screen_0.3,6,0.2,0.3,1.0,1.0,1.0,1.0,1.0,0.2,0.15,False,,1.0,85,0,0.9999999999999999
pipeline_task_v1,long_horizon,tight_screen_0.3,7,0.2,0.3,0.9,1.0,0.5,1.0,1.0,0.2,0.8,True,0.6,6.0,30,2,0.95
pipeline_task_v1,long_horizon,moderate_screen_0.3,7,0.2,0.3,0.9111111111111112,1.0,0.5555555555555556,1.0,1.0,0.2,0.5,True,0.4,4.0,50,1,0.9555555555555555
pipeline_task_v1,long_horizon,light_screen_0.3,7,0.2,0.3,1.0,1.0,1.0,1.0,1.0,0.2,0.15,False,,1.0,85,0,0.9999999999999999
pipeline_task_v1,long_horizon,tight_screen_0.3,8,0.2,0.3,0.9,1.0,0.5,1.0,1.0,0.2,0.8,True,0.6,6.0,30,2,0.95
pipeline_task_v1,long_horizon,moderate_screen_0.3,8,0.2,0.3,0.9111111111111112,1.0,0.5555555555555556,1.0,1.0,0.2,0.5,True,0.4,4.0,50,1,0.9555555555555555
pipeline_task_v1,long_horizon,light_screen_0.3,8,0.2,0.3,1.0,1.0,1.0,1.0,1.0,0.2,0.15,False,,1.0,85,0,0.9999999999999999
pipeline_task_v1,long_horizon,tight_screen_0.3,9,0.2,0.3,0.9,1.0,0.5,1.0,1.0,0.2,0.8,True,0.6,6.0,30,2,0.95
pipeline_task_v1,long_horizon,moderate_screen_0.3,9,0.2,0.3,0.925,1.0,0.625,1.0,1.0,0.2,0.5,True,0.4,4.0,50,1,0.9624999999999999
pipeline_task_v1,long_horizon,light_screen_0.3,9,0.2,0.3,1.0,1.0,1.0,1.0,1.0,0.2,0.15,False,,1.0,85,0,0.9999999999999999
pipeline_task_v1,long_horizon,tight_screen_0.3,10,0.2,0.3,0.9,1.0,0.5,1.0,1.0,0.2,0.8,True,0.6,6.0,30,2,0.95
pipeline_task_v1,long_horizon,moderate_screen_0.3,10,0.2,0.3,0.29285714285714287,0.0,0.7142857142857143,0.5,0.5,0.1,0.5,True,0.4,4.0,50,1,0.22142857142857142
pipeline_task_v1,long_horizon,light_screen_0.3,10,0.2,0.3,1.0,1.0,1.0,1.0,1.0,0.2,0.15,False,,1.0,85,0,0.9999999999999999
pipeline_task_v1,long_horizon,tight_screen_0.3,11,0.2,0.3,0.29285714285714287,0.0,0.7142857142857143,0.5,0.5,0.1,0.8,True,0.6,6.0,30,2,0.22142857142857142
pipeline_task_v1,long_horizon,moderate_screen_0.3,11,0.2,0.3,0.942857142857143,1.0,0.7142857142857143,1.0,1.0,0.2,0.5,True,0.4,4.0,50,1,0.9714285714285713
pipeline_task_v1,long_horizon,light_screen_0.3,11,0.2,0.3,1.0,1.0,1.0,1.0,1.0,0.2,0.15,False,,1.0,85,0,0.9999999999999999
pipeline_task_v1,long_horizon,tight_screen_0.3,12,0.2,0.3,0.9,1.0,0.5,1.0,1.0,0.2,0.8,True,0.6,6.0,30,2,0.95
pipeline_task_v1,long_horizon,moderate_screen_0.3,12,0.2,0.3,0.9,1.0,0.5,1.0,1.0,0.2,0.5,True,0.4,4.0,50,1,0.95
pipeline_task_v1,long_horizon,light_screen_0.3,12,0.2,0.3,0.25,0.0,1.0,0.16666666666666666,0.16666666666666666,0.03333333333333333,0.15,False,,1.0,85,0,0.15
pipeline_task_v1,long_horizon,tight_screen_0.3,13,0.2,0.3,0.9,1.0,0.5,1.0,1.0,0.2,0.8,True,0.6,6.0,30,2,0.95
pipeline_task_v1,long_horizon,moderate_screen_0.3,13,0.2,0.3,0.9111111111111112,1.0,0.5555555555555556,1.0,1.0,0.2,0.5,True,0.4,4.0,50,1,0.9555555555555555
pipeline_task_v1,long_horizon,light_screen_0.3,13,0.2,0.3,1.0,1.0,1.0,1.0,1.0,0.2,0.15,False,,1.0,85,0,0.9999999999999999
pipeline_task_v1,long_horizon,tight_screen_0.3,14,0.2,0.3,0.9,1.0,0.5,1.0,1.0,0.2,0.8,True,0.6,6.0,30,2,0.95
pipeline_task_v1,long_horizon,moderate_screen_0.3,14,0.2,0.3,0.925,1.0,0.625,1.0,1.0,0.2,0.5,True,0.4,4.0,50,1,0.9624999999999999
pipeline_task_v1,long_horizon,light_screen_0.3,14,0.2,0.3,1.0,1.0,1.0,1.0,1.0,0.2,0.15,False,,1.0,85,0,0.9999999999999999
pipeline_task_v1,long_horizon,tight_screen_0.3,15,0.2,0.3,0.9,1.0,0.5,1.0,1.0,0.2,0.8,True,0.6,6.0,30,2,0.95
pipeline_task_v1,long_horizon,moderate_screen_0.3,15,0.2,0.3,0.925,1.0,0.625,1.0,1.0,0.2,0.5,True,0.4,4.0,50,1,0.9624999999999999
pipeline_task_v1,long_horizon,light_screen_0.3,15,0.2,0.3,0.35,0.0,1.0,0.5,0.5,0.1,0.15,False,,1.0,85,0,0.25
pipeline_task_v1,long_horizon,tight_screen_0.3,16,0.2,0.3,0.9,1.0,0.5,1.0,1.0,0.2,0.8,True,0.6,6.0,30,2,0.95
pipeline_task_v1,long_horizon,moderate_screen_0.3,16,0.2,0.3,0.9111111111111112,1.0,0.5555555555555556,1.0,1.0,0.2,0.5,True,0.4,4.0,50,1,0.9555555555555555
pipeline_task_v1,long_horizon,light_screen_0.3,16,0.2,0.3,1.0,1.0,1.0,1.0,1.0,0.2,0.15,False,,1.0,85,0,0.9999999999999999
pipeline_task_v1,long_horizon,tight_screen_0.3,17,0.2,0.3,0.9,1.0,0.5,1.0,1.0,0.2,0.8,True,0.6,6.0,30,2,0.95
pipeline_task_v1,long_horizon,moderate_screen_0.3,17,0.2,0.3,0.3111111111111111,0.0,0.5555555555555556,0.6666666666666666,0.6666666666666666,0.13333333333333333,0.5,True,0.4,4.0,50,1,0.25555555555555554
pipeline_task_v1,long_horizon,light_screen_0.3,17,0.2,0.3,1.0,1.0,1.0,1.0,1.0,0.2,0.15,False,,1.0,85,0,0.9999999999999999
pipeline_task_v1,long_horizon,tight_screen_0.3,18,0.2,0.3,0.3,0.0,1.0,0.3333333333333333,0.3333333333333333,0.06666666666666667,0.8,True,0.6,6.0,30,2,0.2
pipeline_task_v1,long_horizon,moderate_screen_0.3,18,0.2,0.3,0.9111111111111112,1.0,0.5555555555555556,1.0,1.0,0.2,0.5,True,0.4,4.0,50,1,0.9555555555555555
pipeline_task_v1,long_horizon,light_screen_0.3,18,0.2,0.3,1.0,1.0,1.0,1.0,1.0,0.2,0.15,False,,1.0,85,0,0.9999999999999999
pipeline_task_v1,long_horizon,tight_screen_0.3,19,0.2,0.3,0.25,0.0,1.0,0.16666666666666666,0.16666666666666666,0.03333333333333333,0.8,True,0.6,6.0,30,2,0.15
pipeline_task_v1,long_horizon,moderate_screen_0.3,19,0.2,0.3,0.925,1.0,0.625,1.0,1.0,0.2,0.5,True,0.4,4.0,50,1,0.9624999999999999
pipeline_task_v1,long_horizon,light_screen_0.3,19,0.2,0.3,1.0,1.0,1.0,1.0,1.0,0.2,0.15,False,,1.0,85,0,0.9999999999999999
pipeline_task_v1,long_horizon,tight_screen_0.3,20,0.2,0.3,0.2,0.0,1.0,0.0,0.0,0.0,0.8,True,0.6,6.0,30,2,0.1
pipeline_task_v1,long_horizon,moderate_screen_0.3,20,0.2,0.3,0.9111111111111112,1.0,0.5555555555555556,1.0,1.0,0.2,0.5,True,0.4,4.0,50,1,0.9555555555555555
pipeline_task_v1,long_horizon,light_screen_0.3,20,0.2,0.3,0.25,0.0,1.0,0.16666666666666666,0.16666666666666666,0.03333333333333333,0.15,False,,1.0,85,0,0.15
pipeline_task_v1,long_horizon,tight_screen_0.3,21,0.2,0.3,0.9,1.0,0.5,1.0,1.0,0.2,0.8,True,0.6,6.0,30,2,0.95
pipeline_task_v1,long_horizon,moderate_screen_0.3,21,0.2,0.3,0.3,0.0,1.0,0.3333333333333333,0.3333333333333333,0.06666666666666667,0.5,True,0.4,4.0,50,1,0.2
pipeline_task_v1,long_horizon,light_screen_0.3,21,0.2,0.3,1.0,1.0,1.0,1.0,1.0,0.2,0.15,False,,1.0,85,0,0.9999999999999999
pipeline_task_v1,long_horizon,tight_screen_0.3,22,0.2,0.3,0.9,1.0,0.5,1.0,1.0,0.2,0.8,True,0.6,6.0,30,2,0.95
pipeline_task_v1,long_horizon,moderate_screen_0.3,22,0.2,0.3,0.9111111111111112,1.0,0.5555555555555556,1.0,1.0,0.2,0.5,True,0.4,4.0,50,1,0.9555555555555555
pipeline_task_v1,long_horizon,light_screen_0.3,22,0.2,0.3,1.0,1.0,1.0,1.0,1.0,0.2,0.15,False,,1.0,85,0,0.9999999999999999
pipeline_task_v1,long_horizon,tight_screen_0.3,23,0.2,0.3,0.9,1.0,0.5,1.0,1.0,0.2,0.8,True,0.6,6.0,30,2,0.95
pipeline_task_v1,long_horizon,moderate_screen_0.3,23,0.2,0.3,0.9111111111111112,1.0,0.5555555555555556,1.0,1.0,0.2,0.5,True,0.4,4.0,50,1,0.9555555555555555
pipeline_task_v1,long_horizon,light_screen_0.3,23,0.2,0.3,1.0,1.0,1.0,1.0,1.0,0.2,0.15,False,,1.0,85,0,0.9999999999999999
pipeline_task_v1,long_horizon,tight_screen_0.3,24,0.2,0.3,0.25,0.0,1.0,0.16666666666666666,0.16666666666666666,0.03333333333333333,0.8,True,0.6,6.0,30,2,0.15
pipeline_task_v1,long_horizon,moderate_screen_0.3,24,0.2,0.3,0.942857142857143,1.0,0.7142857142857143,1.0,1.0,0.2,0.5,True,0.4,4.0,50,1,0.9714285714285713
pipeline_task_v1,long_horizon,light_screen_0.3,24,0.2,0.3,1.0,1.0,1.0,1.0,1.0,0.2,0.15,False,,1.0,85,0,0.9999999999999999
pipeline_task_v1,long_horizon,tight_screen_0.3,25,0.2,0.3,0.2,0.0,1.0,0.0,0.0,0.0,0.8,True,0.6,6.0,30,2,0.1
pipeline_task_v1,long_horizon,moderate_screen_0.3,25,0.2,0.3,0.925,1.0,0.625,1.0,1.0,0.2,0.5,True,0.4,4.0,50,1,0.9624999999999999
pipeline_task_v1,long_horizon,light_screen_0.3,25,0.2,0.3,1.0,1.0,1.0,1.0,1.0,0.2,0.15,False,,1.0,85,0,0.9999999999999999
pipeline_task_v1,long_horizon,tight_screen_0.3,26,0.2,0.3,0.2,0.0,1.0,0.0,0.0,0.0,0.8,True,0.6,6.0,30,2,0.1
pipeline_task_v1,long_horizon,moderate_screen_0.3,26,0.2,0.3,0.2,0.0,1.0,0.0,0.0,0.0,0.5,True,0.4,4.0,50,1,0.1
pipeline_task_v1,long_horizon,light_screen_0.3,26,0.2,0.3,1.0,1.0,1.0,1.0,1.0,0.2,0.15,False,,1.0,85,0,0.9999999999999999
pipeline_task_v1,long_horizon,tight_screen_0.3,27,0.2,0.3,0.9,1.0,0.5,1.0,1.0,0.2,0.8,True,0.6,6.0,30,2,0.95
pipeline_task_v1,long_horizon,moderate_screen_0.3,27,0.2,0.3,0.9,1.0,0.5,1.0,1.0,0.2,0.5,True,0.4,4.0,50,1,0.95
pipeline_task_v1,long_horizon,light_screen_0.3,27,0.2,0.3,1.0,1.0,1.0,1.0,1.0,0.2,0.15,False,,1.0,85,0,0.9999999999999999
pipeline_task_v1,long_horizon,tight_screen_0.3,28,0.2,0.3,0.9,1.0,0.5,1.0,1.0,0.2,0.8,True,0.6,6.0,30,2,0.95
pipeline_task_v1,long_horizon,moderate_screen_0.3,28,0.2,0.3,0.9111111111111112,1.0,0.5555555555555556,1.0,1.0,0.2,0.5,True,0.4,4.0,50,1,0.9555555555555555
pipeline_task_v1,long_horizon,light_screen_0.3,28,0.2,0.3,1.0,1.0,1.0,1.0,1.0,0.2,0.15,False,,1.0,85,0,0.9999999999999999
pipeline_task_v1,long_horizon,tight_screen_0.3,29,0.2,0.3,0.3111111111111111,0.0,0.5555555555555556,0.6666666666666666,0.6666666666666666,0.13333333333333333,0.8,True,0.6,6.0,30,2,0.25555555555555554
pipeline_task_v1,long_horizon,moderate_screen_0.3,29,0.2,0.3,0.25,0.0,1.0,0.16666666666666666,0.16666666666666666,0.03333333333333333,0.5,True,0.4,4.0,50,1,0.15
pipeline_task_v1,long_horizon,light_screen_0.3,29,0.2,0.3,1.0,1.0,1.0,1.0,1.0,0.2,0.15,False,,1.0,85,0,0.9999999999999999
pipeline_task_v1,long_horizon,tight_screen_0.3,30,0.2,0.3,0.9,1.0,0.5,1.0,1.0,0.2,0.8,True,0.6,6.0,30,2,0.95
pipeline_task_v1,long_horizon,moderate_screen_0.3,30,0.2,0.3,0.9,1.0,0.5,1.0,1.0,0.2,0.5,True,0.4,4.0,50,1,0.95
pipeline_task_v1,long_horizon,light_screen_0.3,30,0.2,0.3,1.0,1.0,1.0,1.0,1.0,0.2,0.15,False,,1.0,85,0,0.9999999999999999
pipeline_task_v1,long_horizon,tight_screen_0.3,31,0.2,0.3,0.25,0.0,1.0,0.16666666666666666,0.16666666666666666,0.03333333333333333,0.8,True,0.6,6.0,30,2,0.15
pipeline_task_v1,long_horizon,moderate_screen_0.3,31,0.2,0.3,0.32499999999999996,0.0,0.625,0.6666666666666666,0.6666666666666666,0.13333333333333333,0.5,True,0.4,4.0,50,1,0.26249999999999996
pipeline_task_v1,long_horizon,light_screen_0.3,31,0.2,0.3,1.0,1.0,1.0,1.0,1.0,0.2,0.15,False,,1.0,85,0,0.9999999999999999
pipeline_task_v1,long_horizon,tight_screen_0.3,32,0.2,0.3,0.2,0.0,1.0,0.0,0.0,0.0,0.8,True,0.6,6.0,30,2,0.1
pipeline_task_v1,long_horizon,moderate_screen_0.3,32,0.2,0.3,0.31666666666666665,0.0,0.8333333333333334,0.5,0.5,0.1,0.5,True,0.4,4.0,50,1,0.23333333333333334
pipeline_task_v1,long_horizon,light_screen_0.3,32,0.2,0.3,1.0,1.0,1.0,1.0,1.0,0.2,0.15,False,,1.0,85,0,0.9999999999999999
pipeline_task_v1,long_horizon,tight_screen_0.3,33,0.2,0.3,0.3111111111111111,0.0,0.5555555555555556,0.6666666666666666,0.6666666666666666,0.13333333333333333,0.8,True,0.6,6.0,30,2,0.25555555555555554
pipeline_task_v1,long_horizon,moderate_screen_0.3,33,0.2,0.3,0.2,0.0,1.0,0.0,0.0,0.0,0.5,True,0.4,4.0,50,1,0.1
pipeline_task_v1,long_horizon,light_screen_0.3,33,0.2,0.3,1.0,1.0,1.0,1.0,1.0,0.2,0.15,False,,1.0,85,0,0.9999999999999999
pipeline_task_v1,long_horizon,tight_screen_0.3,34,0.2,0.3,0.9,1.0,0.5,1.0,1.0,0.2,0.8,True,0.6,6.0,30,2,0.95
pipeline_task_v1,long_horizon,moderate_screen_0.3,34,0.2,0.3,0.925,1.0,0.625,1.0,1.0,0.2,0.5,True,0.4,4.0,50,1,0.9624999999999999
pipeline_task_v1,long_horizon,light_screen_0.3,34,0.2,0.3,1.0,1.0,1.0,1.0,1.0,0.2,0.15,False,,1.0,85,0,0.9999999999999999
pipeline_task_v1,long_horizon,tight_screen_0.3,35,0.2,0.3,0.3,0.0,1.0,0.3333333333333333,0.3333333333333333,0.06666666666666667,0.8,True,0.6,6.0,30,2,0.2
pipeline_task_v1,long_horizon,moderate_screen_0.3,35,0.2,0.3,0.2,0.0,1.0,0.0,0.0,0.0,0.5,True,0.4,4.0,50,1,0.1
pipeline_task_v1,long_horizon,light_screen_0.3,35,0.2,0.3,1.0,1.0,1.0,1.0,1.0,0.2,0.15,False,,1.0,85,0,0.9999999999999999
pipeline_task_v1,long_horizon,tight_screen_0.3,36,0.2,0.3,0.2,0.0,1.0,0.0,0.0,0.0,0.8,True,0.6,6.0,30,2,0.1
pipeline_task_v1,long_horizon,moderate_screen_0.3,36,0.2,0.3,0.925,1.0,0.625,1.0,1.0,0.2,0.5,True,0.4,4.0,50,1,0.9624999999999999
pipeline_task_v1,long_horizon,light_screen_0.3,36,0.2,0.3,0.2,0.0,1.0,0.0,0.0,0.0,0.15,False,,1.0,85,0,0.1
pipeline_task_v1,long_horizon,tight_screen_0.3,37,0.2,0.3,0.9,1.0,0.5,1.0,1.0,0.2,0.8,True,0.6,6.0,30,2,0.95
pipeline_task_v1,long_horizon,moderate_screen_0.3,37,0.2,0.3,0.29285714285714287,0.0,0.7142857142857143,0.5,0.5,0.1,0.5,True,0.4,4.0,50,1,0.22142857142857142
pipeline_task_v1,long_horizon,light_screen_0.3,37,0.2,0.3,1.0,1.0,1.0,1.0,1.0,0.2,0.15,False,,1.0,85,0,0.9999999999999999
pipeline_task_v1,long_horizon,tight_screen_0.3,38,0.2,0.3,0.2,0.0,1.0,0.0,0.0,0.0,0.8,True,0.6,6.0,30,2,0.1
pipeline_task_v1,long_horizon,moderate_screen_0.3,38,0.2,0.3,0.9111111111111112,1.0,0.5555555555555556,1.0,1.0,0.2,0.5,True,0.4,4.0,50,1,0.9555555555555555
pipeline_task_v1,long_horizon,light_screen_0.3,38,0.2,0.3,0.2,0.0,1.0,0.0,0.0,0.0,0.15,False,,1.0,85,0,0.1
pipeline_task_v1,long_horizon,tight_screen_0.3,39,0.2,0.3,0.25,0.0,1.0,0.16666666666666666,0.16666666666666666,0.03333333333333333,0.8,True,0.6,6.0,30,2,0.15
pipeline_task_v1,long_horizon,moderate_screen_0.3,39,0.2,0.3,0.9,1.0,0.5,1.0,1.0,0.2,0.5,True,0.4,4.0,50,1,0.95
pipeline_task_v1,long_horizon,light_screen_0.3,39,0.2,0.3,1.0,1.0,1.0,1.0,1.0,0.2,0.15,False,,1.0,85,0,0.9999999999999999
pipeline_task_v1,long_horizon,tight_screen_0.3,40,0.2,0.3,0.29285714285714287,0.0,0.7142857142857143,0.5,0.5,0.1,0.8,True,0.6,6.0,30,2,0.22142857142857142
pipeline_task_v1,long_horizon,moderate_screen_0.3,40,0.2,0.3,0.2,0.0,1.0,0.0,0.0,0.0,0.5,True,0.4,4.0,50,1,0.1
pipeline_task_v1,long_horizon,light_screen_0.3,40,0.2,0.3,1.0,1.0,1.0,1.0,1.0,0.2,0.15,False,,1.0,85,0,0.9999999999999999
pipeline_task_v1,long_horizon,tight_screen_0.3,41,0.2,0.3,0.9,1.0,0.5,1.0,1.0,0.2,0.8,True,0.6,6.0,30,2,0.95
pipeline_task_v1,long_horizon,moderate_screen_0.3,41,0.2,0.3,0.3,0.0,1.0,0.3333333333333333,0.3333333333333333,0.06666666666666667,0.5,True,0.4,4.0,50,1,0.2
pipeline_task_v1,long_horizon,light_screen_0.3,41,0.2,0.3,1.0,1.0,1.0,1.0,1.0,0.2,0.15,False,,1.0,85,0,0.9999999999999999
pipeline_task_v1,long_horizon,tight_screen_0.3,42,0.2,0.3,0.9,1.0,0.5,1.0,1.0,0.2,0.8,True,0.6,6.0,30,2,0.95
pipeline_task_v1,long_horizon,moderate_screen_0.3,42,0.2,0.3,0.925,1.0,0.625,1.0,1.0,0.2,0.5,True,0.4,4.0,50,1,0.9624999999999999
pipeline_task_v1,long_horizon,light_screen_0.3,42,0.2,0.3,1.0,1.0,1.0,1.0,1.0,0.2,0.15,False,,1.0,85,0,0.9999999999999999
pipeline_task_v1,long_horizon,tight_screen_0.3,43,0.2,0.3,0.29285714285714287,0.0,0.7142857142857143,0.5,0.5,0.1,0.8,True,0.6,6.0,30,2,0.22142857142857142
pipeline_task_v1,long_horizon,moderate_screen_0.3,43,0.2,0.3,0.9111111111111112,1.0,0.5555555555555556,1.0,1.0,0.2,0.5,True,0.4,4.0,50,1,0.9555555555555555
pipeline_task_v1,long_horizon,light_screen_0.3,43,0.2,0.3,1.0,1.0,1.0,1.0,1.0,0.2,0.15,False,,1.0,85,0,0.9999999999999999
pipeline_task_v1,long_horizon,tight_screen_0.3,44,0.2,0.3,0.3,0.0,1.0,0.3333333333333333,0.3333333333333333,0.06666666666666667,0.8,True,0.6,6.0,30,2,0.2
pipeline_task_v1,long_horizon,moderate_screen_0.3,44,0.2,0.3,0.9111111111111112,1.0,0.5555555555555556,1.0,1.0,0.2,0.5,True,0.4,4.0,50,1,0.9555555555555555
pipeline_task_v1,long_horizon,light_screen_0.3,44,0.2,0.3,1.0,1.0,1.0,1.0,1.0,0.2,0.15,False,,1.0,85,0,0.9999999999999999
pipeline_task_v1,long_horizon,tight_screen_0.3,45,0.2,0.3,0.3,0.0,1.0,0.3333333333333333,0.3333333333333333,0.06666666666666667,0.8,True,0.6,6.0,30,2,0.2
pipeline_task_v1,long_horizon,moderate_screen_0.3,45,0.2,0.3,0.925,1.0,0.625,1.0,1.0,0.2,0.5,True,0.4,4.0,50,1,0.9624999999999999
pipeline_task_v1,long_horizon,light_screen_0.3,45,0.2,0.3,1.0,1.0,1.0,1.0,1.0,0.2,0.15,False,,1.0,85,0,0.9999999999999999
pipeline_task_v1,long_horizon,tight_screen_0.3,46,0.2,0.3,0.3111111111111111,0.0,0.5555555555555556,0.6666666666666666,0.6666666666666666,0.13333333333333333,0.8,True,0.6,6.0,30,2,0.25555555555555554
pipeline_task_v1,long_horizon,moderate_screen_0.3,46,0.2,0.3,0.925,1.0,0.625,1.0,1.0,0.2,0.5,True,0.4,4.0,50,1,0.9624999999999999
pipeline_task_v1,long_horizon,light_screen_0.3,46,0.2,0.3,1.0,1.0,1.0,1.0,1.0,0.2,0.15,False,,1.0,85,0,0.9999999999999999
pipeline_task_v1,long_horizon,tight_screen_0.3,47,0.2,0.3,0.25,0.0,1.0,0.16666666666666666,0.16666666666666666,0.03333333333333333,0.8,True,0.6,6.0,30,2,0.15
pipeline_task_v1,long_horizon,moderate_screen_0.3,47,0.2,0.3,0.3,0.0,1.0,0.3333333333333333,0.3333333333333333,0.06666666666666667,0.5,True,0.4,4.0,50,1,0.2
pipeline_task_v1,long_horizon,light_screen_0.3,47,0.2,0.3,1.0,1.0,1.0,1.0,1.0,0.2,0.15,False,,1.0,85,0,0.9999999999999999
pipeline_task_v1,long_horizon,tight_screen_0.3,48,0.2,0.3,0.9,1.0,0.5,1.0,1.0,0.2,0.8,True,0.6,6.0,30,2,0.95
pipeline_task_v1,long_horizon,moderate_screen_0.3,48,0.2,0.3,0.9111111111111112,1.0,0.5555555555555556,1.0,1.0,0.2,0.5,True,0.4,4.0,50,1,0.9555555555555555
pipeline_task_v1,long_horizon,light_screen_0.3,48,0.2,0.3,1.0,1.0,1.0,1.0,1.0,0.2,0.15,False,,1.0,85,0,0.9999999999999999
pipeline_task_v1,long_horizon,tight_screen_0.3,49,0.2,0.3,0.9,1.0,0.5,1.0,1.0,0.2,0.8,True,0.6,6.0,30,2,0.95
pipeline_task_v1,long_horizon,moderate_screen_0.3,49,0.2,0.3,0.925,1.0,0.625,1.0,1.0,0.2,0.5,True,0.4,4.0,50,1,0.9624999999999999
pipeline_task_v1,long_horizon,light_screen_0.3,49,0.2,0.3,1.0,1.0,1.0,1.0,1.0,0.2,0.15,False,,1.0,85,0,0.9999999999999999
pipeline_task_v1,long_horizon,tight_screen_0.5,0,0.2,0.5,0.9111111111111112,1.0,0.5555555555555556,1.0,1.0,0.2,0.8,True,0.6,6.0,30,2,0.9555555555555555
pipeline_task_v1,long_horizon,moderate_screen_0.5,0,0.2,0.5,0.942857142857143,1.0,0.7142857142857143,1.0,1.0,0.2,0.5,True,0.4,4.0,50,1,0.9714285714285713
pipeline_task_v1,long_horizon,light_screen_0.5,0,0.2,0.5,1.0,1.0,1.0,1.0,1.0,0.2,0.15,False,,1.0,85,0,0.9999999999999999
pipeline_task_v1,long_horizon,tight_screen_0.5,1,0.2,0.5,0.9,1.0,0.5,1.0,1.0,0.2,0.8,True,0.6,6.0,30,2,0.95
pipeline_task_v1,long_horizon,moderate_screen_0.5,1,0.2,0.5,0.942857142857143,1.0,0.7142857142857143,1.0,1.0,0.2,0.5,True,0.4,4.0,50,1,0.9714285714285713
pipeline_task_v1,long_horizon,light_screen_0.5,1,0.2,0.5,1.0,1.0,1.0,1.0,1.0,0.2,0.15,False,,1.0,85,0,0.9999999999999999
pipeline_task_v1,long_horizon,tight_screen_0.5,2,0.2,0.5,0.9111111111111112,1.0,0.5555555555555556,1.0,1.0,0.2,0.8,True,0.6,6.0,30,2,0.9555555555555555
pipeline_task_v1,long_horizon,moderate_screen_0.5,2,0.2,0.5,0.942857142857143,1.0,0.7142857142857143,1.0,1.0,0.2,0.5,True,0.4,4.0,50,1,0.9714285714285713
pipeline_task_v1,long_horizon,light_screen_0.5,2,0.2,0.5,1.0,1.0,1.0,1.0,1.0,0.2,0.15,False,,1.0,85,0,0.9999999999999999
pipeline_task_v1,long_horizon,tight_screen_0.5,3,0.2,0.5,0.9111111111111112,1.0,0.5555555555555556,1.0,1.0,0.2,0.8,True,0.6,6.0,30,2,0.9555555555555555
pipeline_task_v1,long_horizon,moderate_screen_0.5,3,0.2,0.5,0.3,0.0,1.0,0.3333333333333333,0.3333333333333333,0.06666666666666667,0.5,True,0.4,4.0,50,1,0.2
pipeline_task_v1,long_horizon,light_screen_0.5,3,0.2,0.5,1.0,1.0,1.0,1.0,1.0,0.2,0.15,False,,1.0,85,0,0.9999999999999999
pipeline_task_v1,long_horizon,tight_screen_0.5,4,0.2,0.5,0.29285714285714287,0.0,0.7142857142857143,0.5,0.5,0.1,0.8,True,0.6,6.0,30,2,0.22142857142857142
pipeline_task_v1,long_horizon,moderate_screen_0.5,4,0.2,0.5,0.25,0.0,1.0,0.16666666666666666,0.16666666666666666,0.03333333333333333,0.5,True,0.4,4.0,50,1,0.15
pipeline_task_v1,long_horizon,light_screen_0.5,4,0.2,0.5,1.0,1.0,1.0,1.0,1.0,0.2,0.15,False,,1.0,85,0,0.9999999999999999
pipeline_task_v1,long_horizon,tight_screen_0.5,5,0.2,0.5,0.2,0.0,1.0,0.0,0.0,0.0,0.8,True,0.6,6.0,30,2,0.1
pipeline_task_v1,long_horizon,moderate_screen_0.5,5,0.2,0.5,0.34285714285714286,0.0,0.7142857142857143,0.6666666666666666,0.6666666666666666,0.13333333333333333,0.5,True,0.4,4.0,50,1,0.2714285714285714
pipeline_task_v1,long_horizon,light_screen_0.5,5,0.2,0.5,1.0,1.0,1.0,1.0,1.0,0.2,0.15,False,,1.0,85,0,0.9999999999999999
pipeline_task_v1,long_horizon,tight_screen_0.5,6,0.2,0.5,0.29285714285714287,0.0,0.7142857142857143,0.5,0.5,0.1,0.8,True,0.6,6.0,30,2,0.22142857142857142
pipeline_task_v1,long_horizon,moderate_screen_0.5,6,0.2,0.5,0.942857142857143,1.0,0.7142857142857143,1.0,1.0,0.2,0.5,True,0.4,4.0,50,1,0.9714285714285713
pipeline_task_v1,long_horizon,light_screen_0.5,6,0.2,0.5,1.0,1.0,1.0,1.0,1.0,0.2,0.15,False,,1.0,85,0,0.9999999999999999
pipeline_task_v1,long_horizon,tight_screen_0.5,7,0.2,0.5,0.25,0.0,1.0,0.16666666666666666,0.16666666666666666,0.03333333333333333,0.8,True,0.6,6.0,30,2,0.15
pipeline_task_v1,long_horizon,moderate_screen_0.5,7,0.2,0.5,0.942857142857143,1.0,0.7142857142857143,1.0,1.0,0.2,0.5,True,0.4,4.0,50,1,0.9714285714285713
pipeline_task_v1,long_horizon,light_screen_0.5,7,0.2,0.5,1.0,1.0,1.0,1.0,1.0,0.2,0.15,False,,1.0,85,0,0.9999999999999999
pipeline_task_v1,long_horizon,tight_screen_0.5,8,0.2,0.5,0.9,1.0,0.5,1.0,1.0,0.2,0.8,True,0.6,6.0,30,2,0.95
pipeline_task_v1,long_horizon,moderate_screen_0.5,8,0.2,0.5,0.2,0.0,1.0,0.0,0.0,0.0,0.5,True,0.4,4.0,50,1,0.1
pipeline_task_v1,long_horizon,light_screen_0.5,8,0.2,0.5,1.0,1.0,1.0,1.0,1.0,0.2,0.15,False,,1.0,85,0,0.9999999999999999
pipeline_task_v1,long_horizon,tight_screen_0.5,9,0.2,0.5,0.925,1.0,0.625,1.0,1.0,0.2,0.8,True,0.6,6.0,30,2,0.9624999999999999
pipeline_task_v1,long_horizon,moderate_screen_0.5,9,0.2,0.5,0.34285714285714286,0.0,0.7142857142857143,0.6666666666666666,0.6666666666666666,0.13333333333333333,0.5,True,0.4,4.0,50,1,0.2714285714285714
pipeline_task_v1,long_horizon,light_screen_0.5,9,0.2,0.5,1.0,1.0,1.0,1.0,1.0,0.2,0.15,False,,1.0,85,0,0.9999999999999999
pipeline_task_v1,long_horizon,tight_screen_0.5,10,0.2,0.5,0.9111111111111112,1.0,0.5555555555555556,1.0,1.0,0.2,0.8,True,0.6,6.0,30,2,0.9555555555555555
pipeline_task_v1,long_horizon,moderate_screen_0.5,10,0.2,0.5,0.942857142857143,1.0,0.7142857142857143,1.0,1.0,0.2,0.5,True,0.4,4.0,50,1,0.9714285714285713
pipeline_task_v1,long_horizon,light_screen_0.5,10,0.2,0.5,0.25,0.0,1.0,0.16666666666666666,0.16666666666666666,0.03333333333333333,0.15,False,,1.0,85,0,0.15
pipeline_task_v1,long_horizon,tight_screen_0.5,11,0.2,0.5,0.942857142857143,1.0,0.7142857142857143,1.0,1.0,0.2,0.8,True,0.6,6.0,30,2,0.9714285714285713
pipeline_task_v1,long_horizon,moderate_screen_0.5,11,0.2,0.5,0.942857142857143,1.0,0.7142857142857143,1.0,1.0,0.2,0.5,True,0.4,4.0,50,1,0.9714285714285713
pipeline_task_v1,long_horizon,light_screen_0.5,11,0.2,0.5,1.0,1.0,1.0,1.0,1.0,0.2,0.15,False,,1.0,85,0,0.9999999999999999
pipeline_task_v1,long_horizon,tight_screen_0.5,12,0.2,0.5,0.9,1.0,0.5,1.0,1.0,0.2,0.8,True,0.6,6.0,30,2,0.95
pipeline_task_v1,long_horizon,moderate_screen_0.5,12,0.2,0.5,0.942857142857143,1.0,0.7142857142857143,1.0,1.0,0.2,0.5,True,0.4,4.0,50,1,0.9714285714285713
pipeline_task_v1,long_horizon,light_screen_0.5,12,0.2,0.5,1.0,1.0,1.0,1.0,1.0,0.2,0.15,False,,1.0,85,0,0.9999999999999999
pipeline_task_v1,long_horizon,tight_screen_0.5,13,0.2,0.5,0.9111111111111112,1.0,0.5555555555555556,1.0,1.0,0.2,0.8,True,0.6,6.0,30,2,0.9555555555555555
pipeline_task_v1,long_horizon,moderate_screen_0.5,13,0.2,0.5,0.942857142857143,1.0,0.7142857142857143,1.0,1.0,0.2,0.5,True,0.4,4.0,50,1,0.9714285714285713
pipeline_task_v1,long_horizon,light_screen_0.5,13,0.2,0.5,1.0,1.0,1.0,1.0,1.0,0.2,0.15,False,,1.0,85,0,0.9999999999999999
pipeline_task_v1,long_horizon,tight_screen_0.5,14,0.2,0.5,0.29285714285714287,0.0,0.7142857142857143,0.5,0.5,0.1,0.8,True,0.6,6.0,30,2,0.22142857142857142
pipeline_task_v1,long_horizon,moderate_screen_0.5,14,0.2,0.5,0.942857142857143,1.0,0.7142857142857143,1.0,1.0,0.2,0.5,True,0.4,4.0,50,1,0.9714285714285713
pipeline_task_v1,long_horizon,light_screen_0.5,14,0.2,0.5,1.0,1.0,1.0,1.0,1.0,0.2,0.15,False,,1.0,85,0,0.9999999999999999
pipeline_task_v1,long_horizon,tight_screen_0.5,15,0.2,0.5,0.925,1.0,0.625,1.0,1.0,0.2,0.8,True,0.6,6.0,30,2,0.9624999999999999
pipeline_task_v1,long_horizon,moderate_screen_0.5,15,0.2,0.5,0.942857142857143,1.0,0.7142857142857143,1.0,1.0,0.2,0.5,True,0.4,4.0,50,1,0.9714285714285713
pipeline_task_v1,long_horizon,light_screen_0.5,15,0.2,0.5,1.0,1.0,1.0,1.0,1.0,0.2,0.15,False,,1.0,85,0,0.9999999999999999
pipeline_task_v1,long_horizon,tight_screen_0.5,16,0.2,0.5,0.25,0.0,1.0,0.16666666666666666,0.16666666666666666,0.03333333333333333,0.8,True,0.6,6.0,30,2,0.15
pipeline_task_v1,long_horizon,moderate_screen_0.5,16,0.2,0.5,0.942857142857143,1.0,0.7142857142857143,1.0,1.0,0.2,0.5,True,0.4,4.0,50,1,0.9714285714285713
pipeline_task_v1,long_horizon,light_screen_0.5,16,0.2,0.5,1.0,1.0,1.0,1.0,1.0,0.2,0.15,False,,1.0,85,0,0.9999999999999999
pipeline_task_v1,long_horizon,tight_screen_0.5,17,0.2,0.5,0.29285714285714287,0.0,0.7142857142857143,0.5,0.5,0.1,0.8,True,0.6,6.0,30,2,0.22142857142857142
pipeline_task_v1,long_horizon,moderate_screen_0.5,17,0.2,0.5,0.942857142857143,1.0,0.7142857142857143,1.0,1.0,0.2,0.5,True,0.4,4.0,50,1,0.9714285714285713
pipeline_task_v1,long_horizon,light_screen_0.5,17,0.2,0.5,1.0,1.0,1.0,1.0,1.0,0.2,0.15,False,,1.0,85,0,0.9999999999999999
pipeline_task_v1,long_horizon,tight_screen_0.5,18,0.2,0.5,0.9111111111111112,1.0,0.5555555555555556,1.0,1.0,0.2,0.8,True,0.6,6.0,30,2,0.9555555555555555
pipeline_task_v1,long_horizon,moderate_screen_0.5,18,0.2,0.5,0.942857142857143,1.0,0.7142857142857143,1.0,1.0,0.2,0.5,True,0.4,4.0,50,1,0.9714285714285713
pipeline_task_v1,long_horizon,light_screen_0.5,18,0.2,0.5,0.35,0.0,1.0,0.5,0.5,0.1,0.15,False,,1.0,85,0,0.25
pipeline_task_v1,long_horizon,tight_screen_0.5,19,0.2,0.5,0.925,1.0,0.625,1.0,1.0,0.2,0.8,True,0.6,6.0,30,2,0.9624999999999999
pipeline_task_v1,long_horizon,moderate_screen_0.5,19,0.2,0.5,0.942857142857143,1.0,0.7142857142857143,1.0,1.0,0.2,0.5,True,0.4,4.0,50,1,0.9714285714285713
pipeline_task_v1,long_horizon,light_screen_0.5,19,0.2,0.5,1.0,1.0,1.0,1.0,1.0,0.2,0.15,False,,1.0,85,0,0.9999999999999999
pipeline_task_v1,long_horizon,tight_screen_0.5,20,0.2,0.5,0.2,0.0,1.0,0.0,0.0,0.0,0.8,True,0.6,6.0,30,2,0.1
pipeline_task_v1,long_horizon,moderate_screen_0.5,20,0.2,0.5,0.2,0.0,1.0,0.0,0.0,0.0,0.5,True,0.4,4.0,50,1,0.1
pipeline_task_v1,long_horizon,light_screen_0.5,20,0.2,0.5,1.0,1.0,1.0,1.0,1.0,0.2,0.15,False,,1.0,85,0,0.9999999999999999
pipeline_task_v1,long_horizon,tight_screen_0.5,21,0.2,0.5,0.2,0.0,1.0,0.0,0.0,0.0,0.8,True,0.6,6.0,30,2,0.1
pipeline_task_v1,long_horizon,moderate_screen_0.5,21,0.2,0.5,0.942857142857143,1.0,0.7142857142857143,1.0,1.0,0.2,0.5,True,0.4,4.0,50,1,0.9714285714285713
pipeline_task_v1,long_horizon,light_screen_0.5,21,0.2,0.5,1.0,1.0,1.0,1.0,1.0,0.2,0.15,False,,1.0,85,0,0.9999999999999999
pipeline_task_v1,long_horizon,tight_screen_0.5,22,0.2,0.5,0.25,0.0,1.0,0.16666666666666666,0.16666666666666666,0.03333333333333333,0.8,True,0.6,6.0,30,2,0.15
pipeline_task_v1,long_horizon,moderate_screen_0.5,22,0.2,0.5,0.34285714285714286,0.0,0.7142857142857143,0.6666666666666666,0.6666666666666666,0.13333333333333333,0.5,True,0.4,4.0,50,1,0.2714285714285714
pipeline_task_v1,long_horizon,light_screen_0.5,22,0.2,0.5,1.0,1.0,1.0,1.0,1.0,0.2,0.15,False,,1.0,85,0,0.9999999999999999
pipeline_task_v1,long_horizon,tight_screen_0.5,23,0.2,0.5,0.2,0.0,1.0,0.0,0.0,0.0,0.8,True,0.6,6.0,30,2,0.1
pipeline_task_v1,long_horizon,moderate_screen_0.5,23,0.2,0.5,0.942857142857143,1.0,0.7142857142857143,1.0,1.0,0.2,0.5,True,0.4,4.0,50,1,0.9714285714285713
pipeline_task_v1,long_horizon,light_screen_0.5,23,0.2,0.5,1.0,1.0,1.0,1.0,1.0,0.2,0.15,False,,1.0,85,0,0.9999999999999999
pipeline_task_v1,long_horizon,tight_screen_0.5,24,0.2,0.5,0.2,0.0,1.0,0.0,0.0,0.0,0.8,True,0.6,6.0,30,2,0.1
pipeline_task_v1,long_horizon,moderate_screen_0.5,24,0.2,0.5,0.25,0.0,1.0,0.16666666666666666,0.16666666666666666,0.03333333333333333,0.5,True,0.4,4.0,50,1,0.15
pipeline_task_v1,long_horizon,light_screen_0.5,24,0.2,0.5,0.25,0.0,1.0,0.16666666666666666,0.16666666666666666,0.03333333333333333,0.15,False,,1.0,85,0,0.15
pipeline_task_v1,long_horizon,tight_screen_0.5,25,0.2,0.5,0.29285714285714287,0.0,0.7142857142857143,0.5,0.5,0.1,0.8,True,0.6,6.0,30,2,0.22142857142857142
pipeline_task_v1,long_horizon,moderate_screen_0.5,25,0.2,0.5,0.942857142857143,1.0,0.7142857142857143,1.0,1.0,0.2,0.5,True,0.4,4.0,50,1,0.9714285714285713
pipeline_task_v1,long_horizon,light_screen_0.5,25,0.2,0.5,0.2,0.0,1.0,0.0,0.0,0.0,0.15,False,,1.0,85,0,0.1
pipeline_task_v1,long_horizon,tight_screen_0.5,26,0.2,0.5,0.29285714285714287,0.0,0.7142857142857143,0.5,0.5,0.1,0.8,True,0.6,6.0,30,2,0.22142857142857142
pipeline_task_v1,long_horizon,moderate_screen_0.5,26,0.2,0.5,0.942857142857143,1.0,0.7142857142857143,1.0,1.0,0.2,0.5,True,0.4,4.0,50,1,0.9714285714285713
pipeline_task_v1,long_horizon,light_screen_0.5,26,0.2,0.5,1.0,1.0,1.0,1.0,1.0,0.2,0.15,False,,1.0,85,0,0.9999999999999999
pipeline_task_v1,long_horizon,tight_screen_0.5,27,0.2,0.5,0.9,1.0,0.5,1.0,1.0,0.2,0.8,True,0.6,6.0,30,2,0.95
pipeline_task_v1,long_horizon,moderate_screen_0.5,27,0.2,0.5,0.942857142857143,1.0,0.7142857142857143,1.0,1.0,0.2,0.5,True,0.4,4.0,50,1,0.9714285714285713
pipeline_task_v1,long_horizon,light_screen_0.5,27,0.2,0.5,1.0,1.0,1.0,1.0,1.0,0.2,0.15,False,,1.0,85,0,0.9999999999999999
pipeline_task_v1,long_horizon,tight_screen_0.5,28,0.2,0.5,0.9111111111111112,1.0,0.5555555555555556,1.0,1.0,0.2,0.8,True,0.6,6.0,30,2,0.9555555555555555
pipeline_task_v1,long_horizon,moderate_screen_0.5,28,0.2,0.5,0.942857142857143,1.0,0.7142857142857143,1.0,1.0,0.2,0.5,True,0.4,4.0,50,1,0.9714285714285713
pipeline_task_v1,long_horizon,light_screen_0.5,28,0.2,0.5,1.0,1.0,1.0,1.0,1.0,0.2,0.15,False,,1.0,85,0,0.9999999999999999
pipeline_task_v1,long_horizon,tight_screen_0.5,29,0.2,0.5,0.2,0.0,1.0,0.0,0.0,0.0,0.8,True,0.6,6.0,30,2,0.1
pipeline_task_v1,long_horizon,moderate_screen_0.5,29,0.2,0.5,0.942857142857143,1.0,0.7142857142857143,1.0,1.0,0.2,0.5,True,0.4,4.0,50,1,0.9714285714285713
pipeline_task_v1,long_horizon,light_screen_0.5,29,0.2,0.5,1.0,1.0,1.0,1.0,1.0,0.2,0.15,False,,1.0,85,0,0.9999999999999999
pipeline_task_v1,long_horizon,tight_screen_0.5,30,0.2,0.5,0.9,1.0,0.5,1.0,1.0,0.2,0.8,True,0.6,6.0,30,2,0.95
pipeline_task_v1,long_horizon,moderate_screen_0.5,30,0.2,0.5,0.942857142857143,1.0,0.7142857142857143,1.0,1.0,0.2,0.5,True,0.4,4.0,50,1,0.9714285714285713
pipeline_task_v1,long_horizon,light_screen_0.5,30,0.2,0.5,1.0,1.0,1.0,1.0,1.0,0.2,0.15,False,,1.0,85,0,0.9999999999999999
pipeline_task_v1,long_horizon,tight_screen_0.5,31,0.2,0.5,0.925,1.0,0.625,1.0,1.0,0.2,0.8,True,0.6,6.0,30,2,0.9624999999999999
pipeline_task_v1,long_horizon,moderate_screen_0.5,31,0.2,0.5,0.942857142857143,1.0,0.7142857142857143,1.0,1.0,0.2,0.5,True,0.4,4.0,50,1,0.9714285714285713
pipeline_task_v1,long_horizon,light_screen_0.5,31,0.2,0.5,1.0,1.0,1.0,1.0,1.0,0.2,0.15,False,,1.0,85,0,0.9999999999999999
pipeline_task_v1,long_horizon,tight_screen_0.5,32,0.2,0.5,0.2,0.0,1.0,0.0,0.0,0.0,0.8,True,0.6,6.0,30,2,0.1
pipeline_task_v1,long_horizon,moderate_screen_0.5,32,0.2,0.5,0.942857142857143,1.0,0.7142857142857143,1.0,1.0,0.2,0.5,True,0.4,4.0,50,1,0.9714285714285713
pipeline_task_v1,long_horizon,light_screen_0.5,32,0.2,0.5,1.0,1.0,1.0,1.0,1.0,0.2,0.15,False,,1.0,85,0,0.9999999999999999
pipeline_task_v1,long_horizon,tight_screen_0.5,33,0.2,0.5,0.25,0.0,1.0,0.16666666666666666,0.16666666666666666,0.03333333333333333,0.8,True,0.6,6.0,30,2,0.15
pipeline_task_v1,long_horizon,moderate_screen_0.5,33,0.2,0.5,0.942857142857143,1.0,0.7142857142857143,1.0,1.0,0.2,0.5,True,0.4,4.0,50,1,0.9714285714285713
pipeline_task_v1,long_horizon,light_screen_0.5,33,0.2,0.5,1.0,1.0,1.0,1.0,1.0,0.2,0.15,False,,1.0,85,0,0.9999999999999999
pipeline_task_v1,long_horizon,tight_screen_0.5,34,0.2,0.5,0.9111111111111112,1.0,0.5555555555555556,1.0,1.0,0.2,0.8,True,0.6,6.0,30,2,0.9555555555555555
pipeline_task_v1,long_horizon,moderate_screen_0.5,34,0.2,0.5,0.942857142857143,1.0,0.7142857142857143,1.0,1.0,0.2,0.5,True,0.4,4.0,50,1,0.9714285714285713
pipeline_task_v1,long_horizon,light_screen_0.5,34,0.2,0.5,1.0,1.0,1.0,1.0,1.0,0.2,0.15,False,,1.0,85,0,0.9999999999999999
pipeline_task_v1,long_horizon,tight_screen_0.5,35,0.2,0.5,0.925,1.0,0.625,1.0,1.0,0.2,0.8,True,0.6,6.0,30,2,0.9624999999999999
pipeline_task_v1,long_horizon,moderate_screen_0.5,35,0.2,0.5,0.942857142857143,1.0,0.7142857142857143,1.0,1.0,0.2,0.5,True,0.4,4.0,50,1,0.9714285714285713
pipeline_task_v1,long_horizon,light_screen_0.5,35,0.2,0.5,1.0,1.0,1.0,1.0,1.0,0.2,0.15,False,,1.0,85,0,0.9999999999999999
pipeline_task_v1,long_horizon,tight_screen_0.5,36,0.2,0.5,0.34285714285714286,0.0,0.7142857142857143,0.6666666666666666,0.6666666666666666,0.13333333333333333,0.8,True,0.6,6.0,30,2,0.2714285714285714
pipeline_task_v1,long_horizon,moderate_screen_0.5,36,0.2,0.5,0.25,0.0,1.0,0.16666666666666666,0.16666666666666666,0.03333333333333333,0.5,True,0.4,4.0,50,1,0.15
pipeline_task_v1,long_horizon,light_screen_0.5,36,0.2,0.5,1.0,1.0,1.0,1.0,1.0,0.2,0.15,False,,1.0,85,0,0.9999999999999999
pipeline_task_v1,long_horizon,tight_screen_0.5,37,0.2,0.5,0.3111111111111111,0.0,0.5555555555555556,0.6666666666666666,0.6666666666666666,0.13333333333333333,0.8,True,0.6,6.0,30,2,0.25555555555555554
pipeline_task_v1,long_horizon,moderate_screen_0.5,37,0.2,0.5,0.25,0.0,1.0,0.16666666666666666,0.16666666666666666,0.03333333333333333,0.5,True,0.4,4.0,50,1,0.15
pipeline_task_v1,long_horizon,light_screen_0.5,37,0.2,0.5,1.0,1.0,1.0,1.0,1.0,0.2,0.15,False,,1.0,85,0,0.9999999999999999
pipeline_task_v1,long_horizon,tight_screen_0.5,38,0.2,0.5,0.9,1.0,0.5,1.0,1.0,0.2,0.8,True,0.6,6.0,30,2,0.95
pipeline_task_v1,long_horizon,moderate_screen_0.5,38,0.2,0.5,0.942857142857143,1.0,0.7142857142857143,1.0,1.0,0.2,0.5,True,0.4,4.0,50,1,0.9714285714285713
pipeline_task_v1,long_horizon,light_screen_0.5,38,0.2,0.5,1.0,1.0,1.0,1.0,1.0,0.2,0.15,False,,1.0,85,0,0.9999999999999999
pipeline_task_v1,long_horizon,tight_screen_0.5,39,0.2,0.5,0.9,1.0,0.5,1.0,1.0,0.2,0.8,True,0.6,6.0,30,2,0.95
pipeline_task_v1,long_horizon,moderate_screen_0.5,39,0.2,0.5,0.25,0.0,1.0,0.16666666666666666,0.16666666666666666,0.03333333333333333,0.5,True,0.4,4.0,50,1,0.15
pipeline_task_v1,long_horizon,light_screen_0.5,39,0.2,0.5,1.0,1.0,1.0,1.0,1.0,0.2,0.15,False,,1.0,85,0,0.9999999999999999
pipeline_task_v1,long_horizon,tight_screen_0.5,40,0.2,0.5,0.9111111111111112,1.0,0.5555555555555556,1.0,1.0,0.2,0.8,True,0.6,6.0,30,2,0.9555555555555555
pipeline_task_v1,long_horizon,moderate_screen_0.5,40,0.2,0.5,0.25,0.0,1.0,0.16666666666666666,0.16666666666666666,0.03333333333333333,0.5,True,0.4,4.0,50,1,0.15
pipeline_task_v1,long_horizon,light_screen_0.5,40,0.2,0.5,0.35,0.0,1.0,0.5,0.5,0.1,0.15,False,,1.0,85,0,0.25
pipeline_task_v1,long_horizon,tight_screen_0.5,41,0.2,0.5,0.29285714285714287,0.0,0.7142857142857143,0.5,0.5,0.1,0.8,True,0.6,6.0,30,2,0.22142857142857142
pipeline_task_v1,long_horizon,moderate_screen_0.5,41,0.2,0.5,0.942857142857143,1.0,0.7142857142857143,1.0,1.0,0.2,0.5,True,0.4,4.0,50,1,0.9714285714285713
pipeline_task_v1,long_horizon,light_screen_0.5,41,0.2,0.5,1.0,1.0,1.0,1.0,1.0,0.2,0.15,False,,1.0,85,0,0.9999999999999999
pipeline_task_v1,long_horizon,tight_screen_0.5,42,0.2,0.5,0.9111111111111112,1.0,0.5555555555555556,1.0,1.0,0.2,0.8,True,0.6,6.0,30,2,0.9555555555555555
pipeline_task_v1,long_horizon,moderate_screen_0.5,42,0.2,0.5,0.31666666666666665,0.0,0.8333333333333334,0.5,0.5,0.1,0.5,True,0.4,4.0,50,1,0.23333333333333334
pipeline_task_v1,long_horizon,light_screen_0.5,42,0.2,0.5,1.0,1.0,1.0,1.0,1.0,0.2,0.15,False,,1.0,85,0,0.9999999999999999
pipeline_task_v1,long_horizon,tight_screen_0.5,43,0.2,0.5,0.2,0.0,1.0,0.0,0.0,0.0,0.8,True,0.6,6.0,30,2,0.1
pipeline_task_v1,long_horizon,moderate_screen_0.5,43,0.2,0.5,0.942857142857143,1.0,0.7142857142857143,1.0,1.0,0.2,0.5,True,0.4,4.0,50,1,0.9714285714285713
pipeline_task_v1,long_horizon,light_screen_0.5,43,0.2,0.5,1.0,1.0,1.0,1.0,1.0,0.2,0.15,False,,1.0,85,0,0.9999999999999999
pipeline_task_v1,long_horizon,tight_screen_0.5,44,0.2,0.5,0.9111111111111112,1.0,0.5555555555555556,1.0,1.0,0.2,0.8,True,0.6,6.0,30,2,0.9555555555555555
pipeline_task_v1,long_horizon,moderate_screen_0.5,44,0.2,0.5,0.942857142857143,1.0,0.7142857142857143,1.0,1.0,0.2,0.5,True,0.4,4.0,50,1,0.9714285714285713
pipeline_task_v1,long_horizon,light_screen_0.5,44,0.2,0.5,0.2,0.0,1.0,0.0,0.0,0.0,0.15,False,,1.0,85,0,0.1
pipeline_task_v1,long_horizon,tight_screen_0.5,45,0.2,0.5,0.925,1.0,0.625,1.0,1.0,0.2,0.8,True,0.6,6.0,30,2,0.9624999999999999
pipeline_task_v1,long_horizon,moderate_screen_0.5,45,0.2,0.5,0.942857142857143,1.0,0.7142857142857143,1.0,1.0,0.2,0.5,True,0.4,4.0,50,1,0.9714285714285713
pipeline_task_v1,long_horizon,light_screen_0.5,45,0.2,0.5,1.0,1.0,1.0,1.0,1.0,0.2,0.15,False,,1.0,85,0,0.9999999999999999
pipeline_task_v1,long_horizon,tight_screen_0.5,46,0.2,0.5,0.2,0.0,1.0,0.0,0.0,0.0,0.8,True,0.6,6.0,30,2,0.1
pipeline_task_v1,long_horizon,moderate_screen_0.5,46,0.2,0.5,0.942857142857143,1.0,0.7142857142857143,1.0,1.0,0.2,0.5,True,0.4,4.0,50,1,0.9714285714285713
pipeline_task_v1,long_horizon,light_screen_0.5,46,0.2,0.5,1.0,1.0,1.0,1.0,1.0,0.2,0.15,False,,1.0,85,0,0.9999999999999999
pipeline_task_v1,long_horizon,tight_screen_0.5,47,0.2,0.5,0.29285714285714287,0.0,0.7142857142857143,0.5,0.5,0.1,0.8,True,0.6,6.0,30,2,0.22142857142857142
pipeline_task_v1,long_horizon,moderate_screen_0.5,47,0.2,0.5,0.942857142857143,1.0,0.7142857142857143,1.0,1.0,0.2,0.5,True,0.4,4.0,50,1,0.9714285714285713
pipeline_task_v1,long_horizon,light_screen_0.5,47,0.2,0.5,1.0,1.0,1.0,1.0,1.0,0.2,0.15,False,,1.0,85,0,0.9999999999999999
pipeline_task_v1,long_horizon,tight_screen_0.5,48,0.2,0.5,0.9111111111111112,1.0,0.5555555555555556,1.0,1.0,0.2,0.8,True,0.6,6.0,30,2,0.9555555555555555
pipeline_task_v1,long_horizon,moderate_screen_0.5,48,0.2,0.5,0.942857142857143,1.0,0.7142857142857143,1.0,1.0,0.2,0.5,True,0.4,4.0,50,1,0.9714285714285713
pipeline_task_v1,long_horizon,light_screen_0.5,48,0.2,0.5,1.0,1.0,1.0,1.0,1.0,0.2,0.15,False,,1.0,85,0,0.9999999999999999
pipeline_task_v1,long_horizon,tight_screen_0.5,49,0.2,0.5,0.9111111111111112,1.0,0.5555555555555556,1.0,1.0,0.2,0.8,True,0.6,6.0,30,2,0.9555555555555555
pipeline_task_v1,long_horizon,moderate_screen_0.5,49,0.2,0.5,0.942857142857143,1.0,0.7142857142857143,1.0,1.0,0.2,0.5,True,0.4,4.0,50,1,0.9714285714285713
pipeline_task_v1,long_horizon,light_screen_0.5,49,0.2,0.5,1.0,1.0,1.0,1.0,1.0,0.2,0.15,False,,1.0,85,0,0.9999999999999999
pipeline_task_v1,long_horizon,tight_screen_0.7,0,0.2,0.7,0.2,0.0,1.0,0.0,0.0,0.0,0.8,True,0.6,6.0,30,2,0.1
pipeline_task_v1,long_horizon,moderate_screen_0.7,0,0.2,0.7,0.25,0.0,1.0,0.16666666666666666,0.16666666666666666,0.03333333333333333,0.5,True,0.4,4.0,50,1,0.15
pipeline_task_v1,long_horizon,light_screen_0.7,0,0.2,0.7,0.2,0.0,1.0,0.0,0.0,0.0,0.15,False,,1.0,85,0,0.1
pipeline_task_v1,long_horizon,tight_screen_0.7,1,0.2,0.7,0.942857142857143,1.0,0.7142857142857143,1.0,1.0,0.2,0.8,True,0.6,6.0,30,2,0.9714285714285713
pipeline_task_v1,long_horizon,moderate_screen_0.7,1,0.2,0.7,0.31666666666666665,0.0,0.8333333333333334,0.5,0.5,0.1,0.5,True,0.4,4.0,50,1,0.23333333333333334
pipeline_task_v1,long_horizon,light_screen_0.7,1,0.2,0.7,1.0,1.0,1.0,1.0,1.0,0.2,0.15,False,,1.0,85,0,0.9999999999999999
pipeline_task_v1,long_horizon,tight_screen_0.7,2,0.2,0.7,0.25,0.0,1.0,0.16666666666666666,0.16666666666666666,0.03333333333333333,0.8,True,0.6,6.0,30,2,0.15
pipeline_task_v1,long_horizon,moderate_screen_0.7,2,0.2,0.7,0.942857142857143,1.0,0.7142857142857143,1.0,1.0,0.2,0.5,True,0.4,4.0,50,1,0.9714285714285713
pipeline_task_v1,long_horizon,light_screen_0.7,2,0.2,0.7,1.0,1.0,1.0,1.0,1.0,0.2,0.15,False,,1.0,85,0,0.9999999999999999
pipeline_task_v1,long_horizon,tight_screen_0.7,3,0.2,0.7,0.3,0.0,1.0,0.3333333333333333,0.3333333333333333,0.06666666666666667,0.8,True,0.6,6.0,30,2,0.2
pipeline_task_v1,long_horizon,moderate_screen_0.7,3,0.2,0.7,0.34285714285714286,0.0,0.7142857142857143,0.6666666666666666,0.6666666666666666,0.13333333333333333,0.5,True,0.4,4.0,50,1,0.2714285714285714
pipeline_task_v1,long_horizon,light_screen_0.7,3,0.2,0.7,1.0,1.0,1.0,1.0,1.0,0.2,0.15,False,,1.0,85,0,0.9999999999999999
pipeline_task_v1,long_horizon,tight_screen_0.7,4,0.2,0.7,0.942857142857143,1.0,0.7142857142857143,1.0,1.0,0.2,0.8,True,0.6,6.0,30,2,0.9714285714285713
pipeline_task_v1,long_horizon,moderate_screen_0.7,4,0.2,0.7,0.25,0.0,1.0,0.16666666666666666,0.16666666666666666,0.03333333333333333,0.5,True,0.4,4.0,50,1,0.15
pipeline_task_v1,long_horizon,light_screen_0.7,4,0.2,0.7,1.0,1.0,1.0,1.0,1.0,0.2,0.15,False,,1.0,85,0,0.9999999999999999
pipeline_task_v1,long_horizon,tight_screen_0.7,5,0.2,0.7,0.942857142857143,1.0,0.7142857142857143,1.0,1.0,0.2,0.8,True,0.6,6.0,30,2,0.9714285714285713
pipeline_task_v1,long_horizon,moderate_screen_0.7,5,0.2,0.7,0.942857142857143,1.0,0.7142857142857143,1.0,1.0,0.2,0.5,True,0.4,4.0,50,1,0.9714285714285713
pipeline_task_v1,long_horizon,light_screen_0.7,5,0.2,0.7,1.0,1.0,1.0,1.0,1.0,0.2,0.15,False,,1.0,85,0,0.9999999999999999
pipeline_task_v1,long_horizon,tight_screen_0.7,6,0.2,0.7,0.942857142857143,1.0,0.7142857142857143,1.0,1.0,0.2,0.8,True,0.6,6.0,30,2,0.9714285714285713
pipeline_task_v1,long_horizon,moderate_screen_0.7,6,0.2,0.7,0.942857142857143,1.0,0.7142857142857143,1.0,1.0,0.2,0.5,True,0.4,4.0,50,1,0.9714285714285713
pipeline_task_v1,long_horizon,light_screen_0.7,6,0.2,0.7,1.0,1.0,1.0,1.0,1.0,0.2,0.15,False,,1.0,85,0,0.9999999999999999
pipeline_task_v1,long_horizon,tight_screen_0.7,7,0.2,0.7,0.942857142857143,1.0,0.7142857142857143,1.0,1.0,0.2,0.8,True,0.6,6.0,30,2,0.9714285714285713
pipeline_task_v1,long_horizon,moderate_screen_0.7,7,0.2,0.7,0.942857142857143,1.0,0.7142857142857143,1.0,1.0,0.2,0.5,True,0.4,4.0,50,1,0.9714285714285713
pipeline_task_v1,long_horizon,light_screen_0.7,7,0.2,0.7,1.0,1.0,1.0,1.0,1.0,0.2,0.15,False,,1.0,85,0,0.9999999999999999
pipeline_task_v1,long_horizon,tight_screen_0.7,8,0.2,0.7,0.942857142857143,1.0,0.7142857142857143,1.0,1.0,0.2,0.8,True,0.6,6.0,30,2,0.9714285714285713
pipeline_task_v1,long_horizon,moderate_screen_0.7,8,0.2,0.7,0.31666666666666665,0.0,0.8333333333333334,0.5,0.5,0.1,0.5,True,0.4,4.0,50,1,0.23333333333333334
pipeline_task_v1,long_horizon,light_screen_0.7,8,0.2,0.7,1.0,1.0,1.0,1.0,1.0,0.2,0.15,False,,1.0,85,0,0.9999999999999999
pipeline_task_v1,long_horizon,tight_screen_0.7,9,0.2,0.7,0.25,0.0,1.0,0.16666666666666666,0.16666666666666666,0.03333333333333333,0.8,True,0.6,6.0,30,2,0.15
pipeline_task_v1,long_horizon,moderate_screen_0.7,9,0.2,0.7,0.942857142857143,1.0,0.7142857142857143,1.0,1.0,0.2,0.5,True,0.4,4.0,50,1,0.9714285714285713
pipeline_task_v1,long_horizon,light_screen_0.7,9,0.2,0.7,1.0,1.0,1.0,1.0,1.0,0.2,0.15,False,,1.0,85,0,0.9999999999999999
pipeline_task_v1,long_horizon,tight_screen_0.7,10,0.2,0.7,0.25,0.0,1.0,0.16666666666666666,0.16666666666666666,0.03333333333333333,0.8,True,0.6,6.0,30,2,0.15
pipeline_task_v1,long_horizon,moderate_screen_0.7,10,0.2,0.7,0.942857142857143,1.0,0.7142857142857143,1.0,1.0,0.2,0.5,True,0.4,4.0,50,1,0.9714285714285713
pipeline_task_v1,long_horizon,light_screen_0.7,10,0.2,0.7,1.0,1.0,1.0,1.0,1.0,0.2,0.15,False,,1.0,85,0,0.9999999999999999
pipeline_task_v1,long_horizon,tight_screen_0.7,11,0.2,0.7,0.942857142857143,1.0,0.7142857142857143,1.0,1.0,0.2,0.8,True,0.6,6.0,30,2,0.9714285714285713
pipeline_task_v1,long_horizon,moderate_screen_0.7,11,0.2,0.7,0.25,0.0,1.0,0.16666666666666666,0.16666666666666666,0.03333333333333333,0.5,True,0.4,4.0,50,1,0.15
pipeline_task_v1,long_horizon,light_screen_0.7,11,0.2,0.7,1.0,1.0,1.0,1.0,1.0,0.2,0.15,False,,1.0,85,0,0.9999999999999999
pipeline_task_v1,long_horizon,tight_screen_0.7,12,0.2,0.7,0.25,0.0,1.0,0.16666666666666666,0.16666666666666666,0.03333333333333333,0.8,True,0.6,6.0,30,2,0.15
pipeline_task_v1,long_horizon,moderate_screen_0.7,12,0.2,0.7,0.942857142857143,1.0,0.7142857142857143,1.0,1.0,0.2,0.5,True,0.4,4.0,50,1,0.9714285714285713
pipeline_task_v1,long_horizon,light_screen_0.7,12,0.2,0.7,1.0,1.0,1.0,1.0,1.0,0.2,0.15,False,,1.0,85,0,0.9999999999999999
pipeline_task_v1,long_horizon,tight_screen_0.7,13,0.2,0.7,0.942857142857143,1.0,0.7142857142857143,1.0,1.0,0.2,0.8,True,0.6,6.0,30,2,0.9714285714285713
pipeline_task_v1,long_horizon,moderate_screen_0.7,13,0.2,0.7,0.34285714285714286,0.0,0.7142857142857143,0.6666666666666666,0.6666666666666666,0.13333333333333333,0.5,True,0.4,4.0,50,1,0.2714285714285714
pipeline_task_v1,long_horizon,light_screen_0.7,13,0.2,0.7,1.0,1.0,1.0,1.0,1.0,0.2,0.15,False,,1.0,85,0,0.9999999999999999
pipeline_task_v1,long_horizon,tight_screen_0.7,14,0.2,0.7,0.942857142857143,1.0,0.7142857142857143,1.0,1.0,0.2,0.8,True,0.6,6.0,30,2,0.9714285714285713
pipeline_task_v1,long_horizon,moderate_screen_0.7,14,0.2,0.7,0.3,0.0,1.0,0.3333333333333333,0.3333333333333333,0.06666666666666667,0.5,True,0.4,4.0,50,1,0.2
pipeline_task_v1,long_horizon,light_screen_0.7,14,0.2,0.7,1.0,1.0,1.0,1.0,1.0,0.2,0.15,False,,1.0,85,0,0.9999999999999999
pipeline_task_v1,long_horizon,tight_screen_0.7,15,0.2,0.7,0.942857142857143,1.0,0.7142857142857143,1.0,1.0,0.2,0.8,True,0.6,6.0,30,2,0.9714285714285713
pipeline_task_v1,long_horizon,moderate_screen_0.7,15,0.2,0.7,0.25,0.0,1.0,0.16666666666666666,0.16666666666666666,0.03333333333333333,0.5,True,0.4,4.0,50,1,0.15
pipeline_task_v1,long_horizon,light_screen_0.7,15,0.2,0.7,1.0,1.0,1.0,1.0,1.0,0.2,0.15,False,,1.0,85,0,0.9999999999999999
pipeline_task_v1,long_horizon,tight_screen_0.7,16,0.2,0.7,0.942857142857143,1.0,0.7142857142857143,1.0,1.0,0.2,0.8,True,0.6,6.0,30,2,0.9714285714285713
pipeline_task_v1,long_horizon,moderate_screen_0.7,16,0.2,0.7,0.34285714285714286,0.0,0.7142857142857143,0.6666666666666666,0.6666666666666666,0.13333333333333333,0.5,True,0.4,4.0,50,1,0.2714285714285714
pipeline_task_v1,long_horizon,light_screen_0.7,16,0.2,0.7,1.0,1.0,1.0,1.0,1.0,0.2,0.15,False,,1.0,85,0,0.9999999999999999
pipeline_task_v1,long_horizon,tight_screen_0.7,17,0.2,0.7,0.942857142857143,1.0,0.7142857142857143,1.0,1.0,0.2,0.8,True,0.6,6.0,30,2,0.9714285714285713
pipeline_task_v1,long_horizon,moderate_screen_0.7,17,0.2,0.7,0.942857142857143,1.0,0.7142857142857143,1.0,1.0,0.2,0.5,True,0.4,4.0,50,1,0.9714285714285713
pipeline_task_v1,long_horizon,light_screen_0.7,17,0.2,0.7,1.0,1.0,1.0,1.0,1.0,0.2,0.15,False,,1.0,85,0,0.9999999999999999
pipeline_task_v1,long_horizon,tight_screen_0.7,18,0.2,0.7,0.25,0.0,1.0,0.16666666666666666,0.16666666666666666,0.03333333333333333,0.8,True,0.6,6.0,30,2,0.15
pipeline_task_v1,long_horizon,moderate_screen_0.7,18,0.2,0.7,0.942857142857143,1.0,0.7142857142857143,1.0,1.0,0.2,0.5,True,0.4,4.0,50,1,0.9714285714285713
pipeline_task_v1,long_horizon,light_screen_0.7,18,0.2,0.7,1.0,1.0,1.0,1.0,1.0,0.2,0.15,False,,1.0,85,0,0.9999999999999999
pipeline_task_v1,long_horizon,tight_screen_0.7,19,0.2,0.7,0.942857142857143,1.0,0.7142857142857143,1.0,1.0,0.2,0.8,True,0.6,6.0,30,2,0.9714285714285713
pipeline_task_v1,long_horizon,moderate_screen_0.7,19,0.2,0.7,0.942857142857143,1.0,0.7142857142857143,1.0,1.0,0.2,0.5,True,0.4,4.0,50,1,0.9714285714285713
pipeline_task_v1,long_horizon,light_screen_0.7,19,0.2,0.7,0.25,0.0,1.0,0.16666666666666666,0.16666666666666666,0.03333333333333333,0.15,False,,1.0,85,0,0.15
pipeline_task_v1,long_horizon,tight_screen_0.7,20,0.2,0.7,0.942857142857143,1.0,0.7142857142857143,1.0,1.0,0.2,0.8,True,0.6,6.0,30,2,0.9714285714285713
pipeline_task_v1,long_horizon,moderate_screen_0.7,20,0.2,0.7,0.942857142857143,1.0,0.7142857142857143,1.0,1.0,0.2,0.5,True,0.4,4.0,50,1,0.9714285714285713
pipeline_task_v1,long_horizon,light_screen_0.7,20,0.2,0.7,1.0,1.0,1.0,1.0,1.0,0.2,0.15,False,,1.0,85,0,0.9999999999999999
pipeline_task_v1,long_horizon,tight_screen_0.7,21,0.2,0.7,0.942857142857143,1.0,0.7142857142857143,1.0,1.0,0.2,0.8,True,0.6,6.0,30,2,0.9714285714285713
pipeline_task_v1,long_horizon,moderate_screen_0.7,21,0.2,0.7,0.942857142857143,1.0,0.7142857142857143,1.0,1.0,0.2,0.5,True,0.4,4.0,50,1,0.9714285714285713
pipeline_task_v1,long_horizon,light_screen_0.7,21,0.2,0.7,1.0,1.0,1.0,1.0,1.0,0.2,0.15,False,,1.0,85,0,0.9999999999999999
pipeline_task_v1,long_horizon,tight_screen_0.7,22,0.2,0.7,0.942857142857143,1.0,0.7142857142857143,1.0,1.0,0.2,0.8,True,0.6,6.0,30,2,0.9714285714285713
pipeline_task_v1,long_horizon,moderate_screen_0.7,22,0.2,0.7,0.942857142857143,1.0,0.7142857142857143,1.0,1.0,0.2,0.5,True,0.4,4.0,50,1,0.9714285714285713
pipeline_task_v1,long_horizon,light_screen_0.7,22,0.2,0.7,1.0,1.0,1.0,1.0,1.0,0.2,0.15,False,,1.0,85,0,0.9999999999999999
pipeline_task_v1,long_horizon,tight_screen_0.7,23,0.2,0.7,0.25,0.0,1.0,0.16666666666666666,0.16666666666666666,0.03333333333333333,0.8,True,0.6,6.0,30,2,0.15
pipeline_task_v1,long_horizon,moderate_screen_0.7,23,0.2,0.7,0.942857142857143,1.0,0.7142857142857143,1.0,1.0,0.2,0.5,True,0.4,4.0,50,1,0.9714285714285713
pipeline_task_v1,long_horizon,light_screen_0.7,23,0.2,0.7,1.0,1.0,1.0,1.0,1.0,0.2,0.15,False,,1.0,85,0,0.9999999999999999
pipeline_task_v1,long_horizon,tight_screen_0.7,24,0.2,0.7,0.2,0.0,1.0,0.0,0.0,0.0,0.8,True,0.6,6.0,30,2,0.1
pipeline_task_v1,long_horizon,moderate_screen_0.7,24,0.2,0.7,0.942857142857143,1.0,0.7142857142857143,1.0,1.0,0.2,0.5,True,0.4,4.0,50,1,0.9714285714285713
pipeline_task_v1,long_horizon,light_screen_0.7,24,0.2,0.7,0.25,0.0,1.0,0.16666666666666666,0.16666666666666666,0.03333333333333333,0.15,False,,1.0,85,0,0.15
pipeline_task_v1,long_horizon,tight_screen_0.7,25,0.2,0.7,0.942857142857143,1.0,0.7142857142857143,1.0,1.0,0.2,0.8,True,0.6,6.0,30,2,0.9714285714285713
pipeline_task_v1,long_horizon,moderate_screen_0.7,25,0.2,0.7,0.942857142857143,1.0,0.7142857142857143,1.0,1.0,0.2,0.5,True,0.4,4.0,50,1,0.9714285714285713
pipeline_task_v1,long_horizon,light_screen_0.7,25,0.2,0.7,1.0,1.0,1.0,1.0,1.0,0.2,0.15,False,,1.0,85,0,0.9999999999999999
pipeline_task_v1,long_horizon,tight_screen_0.7,26,0.2,0.7,0.942857142857143,1.0,0.7142857142857143,1.0,1.0,0.2,0.8,True,0.6,6.0,30,2,0.9714285714285713
pipeline_task_v1,long_horizon,moderate_screen_0.7,26,0.2,0.7,0.942857142857143,1.0,0.7142857142857143,1.0,1.0,0.2,0.5,True,0.4,4.0,50,1,0.9714285714285713
pipeline_task_v1,long_horizon,light_screen_0.7,26,0.2,0.7,1.0,1.0,1.0,1.0,1.0,0.2,0.15,False,,1.0,85,0,0.9999999999999999
pipeline_task_v1,long_horizon,tight_screen_0.7,27,0.2,0.7,0.942857142857143,1.0,0.7142857142857143,1.0,1.0,0.2,0.8,True,0.6,6.0,30,2,0.9714285714285713
pipeline_task_v1,long_horizon,moderate_screen_0.7,27,0.2,0.7,0.942857142857143,1.0,0.7142857142857143,1.0,1.0,0.2,0.5,True,0.4,4.0,50,1,0.9714285714285713
pipeline_task_v1,long_horizon,light_screen_0.7,27,0.2,0.7,1.0,1.0,1.0,1.0,1.0,0.2,0.15,False,,1.0,85,0,0.9999999999999999
pipeline_task_v1,long_horizon,tight_screen_0.7,28,0.2,0.7,0.2,0.0,1.0,0.0,0.0,0.0,0.8,True,0.6,6.0,30,2,0.1
pipeline_task_v1,long_horizon,moderate_screen_0.7,28,0.2,0.7,0.942857142857143,1.0,0.7142857142857143,1.0,1.0,0.2,0.5,True,0.4,4.0,50,1,0.9714285714285713
pipeline_task_v1,long_horizon,light_screen_0.7,28,0.2,0.7,0.4,0.0,1.0,0.6666666666666666,0.6666666666666666,0.13333333333333333,0.15,False,,1.0,85,0,0.3
pipeline_task_v1,long_horizon,tight_screen_0.7,29,0.2,0.7,0.942857142857143,1.0,0.7142857142857143,1.0,1.0,0.2,0.8,True,0.6,6.0,30,2,0.9714285714285713
pipeline_task_v1,long_horizon,moderate_screen_0.7,29,0.2,0.7,0.25,0.0,1.0,0.16666666666666666,0.16666666666666666,0.03333333333333333,0.5,True,0.4,4.0,50,1,0.15
pipeline_task_v1,long_horizon,light_screen_0.7,29,0.2,0.7,1.0,1.0,1.0,1.0,1.0,0.2,0.15,False,,1.0,85,0,0.9999999999999999
pipeline_task_v1,long_horizon,tight_screen_0.7,30,0.2,0.7,0.2,0.0,1.0,0.0,0.0,0.0,0.8,True,0.6,6.0,30,2,0.1
pipeline_task_v1,long_horizon,moderate_screen_0.7,30,0.2,0.7,0.942857142857143,1.0,0.7142857142857143,1.0,1.0,0.2,0.5,True,0.4,4.0,50,1,0.9714285714285713
pipeline_task_v1,long_horizon,light_screen_0.7,30,0.2,0.7,1.0,1.0,1.0,1.0,1.0,0.2,0.15,False,,1.0,85,0,0.9999999999999999
pipeline_task_v1,long_horizon,tight_screen_0.7,31,0.2,0.7,0.942857142857143,1.0,0.7142857142857143,1.0,1.0,0.2,0.8,True,0.6,6.0,30,2,0.9714285714285713
pipeline_task_v1,long_horizon,moderate_screen_0.7,31,0.2,0.7,0.3,0.0,1.0,0.3333333333333333,0.3333333333333333,0.06666666666666667,0.5,True,0.4,4.0,50,1,0.2
pipeline_task_v1,long_horizon,light_screen_0.7,31,0.2,0.7,1.0,1.0,1.0,1.0,1.0,0.2,0.15,False,,1.0,85,0,0.9999999999999999
pipeline_task_v1,long_horizon,tight_screen_0.7,32,0.2,0.7,0.942857142857143,1.0,0.7142857142857143,1.0,1.0,0.2,0.8,True,0.6,6.0,30,2,0.9714285714285713
pipeline_task_v1,long_horizon,moderate_screen_0.7,32,0.2,0.7,0.942857142857143,1.0,0.7142857142857143,1.0,1.0,0.2,0.5,True,0.4,4.0,50,1,0.9714285714285713
pipeline_task_v1,long_horizon,light_screen_0.7,32,0.2,0.7,1.0,1.0,1.0,1.0,1.0,0.2,0.15,False,,1.0,85,0,0.9999999999999999
pipeline_task_v1,long_horizon,tight_screen_0.7,33,0.2,0.7,0.942857142857143,1.0,0.7142857142857143,1.0,1.0,0.2,0.8,True,0.6,6.0,30,2,0.9714285714285713
pipeline_task_v1,long_horizon,moderate_screen_0.7,33,0.2,0.7,0.942857142857143,1.0,0.7142857142857143,1.0,1.0,0.2,0.5,True,0.4,4.0,50,1,0.9714285714285713
pipeline_task_v1,long_horizon,light_screen_0.7,33,0.2,0.7,1.0,1.0,1.0,1.0,1.0,0.2,0.15,False,,1.0,85,0,0.9999999999999999
pipeline_task_v1,long_horizon,tight_screen_0.7,34,0.2,0.7,0.942857142857143,1.0,0.7142857142857143,1.0,1.0,0.2,0.8,True,0.6,6.0,30,2,0.9714285714285713
pipeline_task_v1,long_horizon,moderate_screen_0.7,34,0.2,0.7,0.942857142857143,1.0,0.7142857142857143,1.0,1.0,0.2,0.5,True,0.4,4.0,50,1,0.9714285714285713
pipeline_task_v1,long_horizon,light_screen_0.7,34,0.2,0.7,1.0,1.0,1.0,1.0,1.0,0.2,0.15,False,,1.0,85,0,0.9999999999999999
pipeline_task_v1,long_horizon,tight_screen_0.7,35,0.2,0.7,0.942857142857143,1.0,0.7142857142857143,1.0,1.0,0.2,0.8,True,0.6,6.0,30,2,0.9714285714285713
pipeline_task_v1,long_horizon,moderate_screen_0.7,35,0.2,0.7,0.942857142857143,1.0,0.7142857142857143,1.0,1.0,0.2,0.5,True,0.4,4.0,50,1,0.9714285714285713
pipeline_task_v1,long_horizon,light_screen_0.7,35,0.2,0.7,0.35,0.0,1.0,0.5,0.5,0.1,0.15,False,,1.0,85,0,0.25
pipeline_task_v1,long_horizon,tight_screen_0.7,36,0.2,0.7,0.25,0.0,1.0,0.16666666666666666,0.16666666666666666,0.03333333333333333,0.8,True,0.6,6.0,30,2,0.15
pipeline_task_v1,long_horizon,moderate_screen_0.7,36,0.2,0.7,0.942857142857143,1.0,0.7142857142857143,1.0,1.0,0.2,0.5,True,0.4,4.0,50,1,0.9714285714285713
pipeline_task_v1,long_horizon,light_screen_0.7,36,0.2,0.7,1.0,1.0,1.0,1.0,1.0,0.2,0.15,False,,1.0,85,0,0.9999999999999999
pipeline_task_v1,long_horizon,tight_screen_0.7,37,0.2,0.7,0.942857142857143,1.0,0.7142857142857143,1.0,1.0,0.2,0.8,True,0.6,6.0,30,2,0.9714285714285713
pipeline_task_v1,long_horizon,moderate_screen_0.7,37,0.2,0.7,0.942857142857143,1.0,0.7142857142857143,1.0,1.0,0.2,0.5,True,0.4,4.0,50,1,0.9714285714285713
pipeline_task_v1,long_horizon,light_screen_0.7,37,0.2,0.7,1.0,1.0,1.0,1.0,1.0,0.2,0.15,False,,1.0,85,0,0.9999999999999999
pipeline_task_v1,long_horizon,tight_screen_0.7,38,0.2,0.7,0.25,0.0,1.0,0.16666666666666666,0.16666666666666666,0.03333333333333333,0.8,True,0.6,6.0,30,2,0.15
pipeline_task_v1,long_horizon,moderate_screen_0.7,38,0.2,0.7,0.31666666666666665,0.0,0.8333333333333334,0.5,0.5,0.1,0.5,True,0.4,4.0,50,1,0.23333333333333334
pipeline_task_v1,long_horizon,light_screen_0.7,38,0.2,0.7,1.0,1.0,1.0,1.0,1.0,0.2,0.15,False,,1.0,85,0,0.9999999999999999
pipeline_task_v1,long_horizon,tight_screen_0.7,39,0.2,0.7,0.2,0.0,1.0,0.0,0.0,0.0,0.8,True,0.6,6.0,30,2,0.1
pipeline_task_v1,long_horizon,moderate_screen_0.7,39,0.2,0.7,0.942857142857143,1.0,0.7142857142857143,1.0,1.0,0.2,0.5,True,0.4,4.0,50,1,0.9714285714285713
pipeline_task_v1,long_horizon,light_screen_0.7,39,0.2,0.7,1.0,1.0,1.0,1.0,1.0,0.2,0.15,False,,1.0,85,0,0.9999999999999999
pipeline_task_v1,long_horizon,tight_screen_0.7,40,0.2,0.7,0.942857142857143,1.0,0.7142857142857143,1.0,1.0,0.2,0.8,True,0.6,6.0,30,2,0.9714285714285713
pipeline_task_v1,long_horizon,moderate_screen_0.7,40,0.2,0.7,0.942857142857143,1.0,0.7142857142857143,1.0,1.0,0.2,0.5,True,0.4,4.0,50,1,0.9714285714285713
pipeline_task_v1,long_horizon,light_screen_0.7,40,0.2,0.7,1.0,1.0,1.0,1.0,1.0,0.2,0.15,False,,1.0,85,0,0.9999999999999999
pipeline_task_v1,long_horizon,tight_screen_0.7,41,0.2,0.7,0.942857142857143,1.0,0.7142857142857143,1.0,1.0,0.2,0.8,True,0.6,6.0,30,2,0.9714285714285713
pipeline_task_v1,long_horizon,moderate_screen_0.7,41,0.2,0.7,0.942857142857143,1.0,0.7142857142857143,1.0,1.0,0.2,0.5,True,0.4,4.0,50,1,0.9714285714285713
pipeline_task_v1,long_horizon,light_screen_0.7,41,0.2,0.7,1.0,1.0,1.0,1.0,1.0,0.2,0.15,False,,1.0,85,0,0.9999999999999999
pipeline_task_v1,long_horizon,tight_screen_0.7,42,0.2,0.7,0.2,0.0,1.0,0.0,0.0,0.0,0.8,True,0.6,6.0,30,2,0.1
pipeline_task_v1,long_horizon,moderate_screen_0.7,42,0.2,0.7,0.942857142857143,1.0,0.7142857142857143,1.0,1.0,0.2,0.5,True,0.4,4.0,50,1,0.9714285714285713
pipeline_task_v1,long_horizon,light_screen_0.7,42,0.2,0.7,1.0,1.0,1.0,1.0,1.0,0.2,0.15,False,,1.0,85,0,0.9999999999999999
pipeline_task_v1,long_horizon,tight_screen_0.7,43,0.2,0.7,0.25,0.0,1.0,0.16666666666666666,0.16666666666666666,0.03333333333333333,0.8,True,0.6,6.0,30,2,0.15
pipeline_task_v1,long_horizon,moderate_screen_0.7,43,0.2,0.7,0.942857142857143,1.0,0.7142857142857143,1.0,1.0,0.2,0.5,True,0.4,4.0,50,1,0.9714285714285713
pipeline_task_v1,long_horizon,light_screen_0.7,43,0.2,0.7,1.0,1.0,1.0,1.0,1.0,0.2,0.15,False,,1.0,85,0,0.9999999999999999
pipeline_task_v1,long_horizon,tight_screen_0.7,44,0.2,0.7,0.942857142857143,1.0,0.7142857142857143,1.0,1.0,0.2,0.8,True,0.6,6.0,30,2,0.9714285714285713
pipeline_task_v1,long_horizon,moderate_screen_0.7,44,0.2,0.7,0.942857142857143,1.0,0.7142857142857143,1.0,1.0,0.2,0.5,True,0.4,4.0,50,1,0.9714285714285713
pipeline_task_v1,long_horizon,light_screen_0.7,44,0.2,0.7,1.0,1.0,1.0,1.0,1.0,0.2,0.15,False,,1.0,85,0,0.9999999999999999
pipeline_task_v1,long_horizon,tight_screen_0.7,45,0.2,0.7,0.2,0.0,1.0,0.0,0.0,0.0,0.8,True,0.6,6.0,30,2,0.1
pipeline_task_v1,long_horizon,moderate_screen_0.7,45,0.2,0.7,0.942857142857143,1.0,0.7142857142857143,1.0,1.0,0.2,0.5,True,0.4,4.0,50,1,0.9714285714285713
pipeline_task_v1,long_horizon,light_screen_0.7,45,0.2,0.7,0.3,0.0,1.0,0.3333333333333333,0.3333333333333333,0.06666666666666667,0.15,False,,1.0,85,0,0.2
pipeline_task_v1,long_horizon,tight_screen_0.7,46,0.2,0.7,0.31666666666666665,0.0,0.8333333333333334,0.5,0.5,0.1,0.8,True,0.6,6.0,30,2,0.23333333333333334
pipeline_task_v1,long_horizon,moderate_screen_0.7,46,0.2,0.7,0.942857142857143,1.0,0.7142857142857143,1.0,1.0,0.2,0.5,True,0.4,4.0,50,1,0.9714285714285713
pipeline_task_v1,long_horizon,light_screen_0.7,46,0.2,0.7,0.25,0.0,1.0,0.16666666666666666,0.16666666666666666,0.03333333333333333,0.15,False,,1.0,85,0,0.15
pipeline_task_v1,long_horizon,tight_screen_0.7,47,0.2,0.7,0.942857142857143,1.0,0.7142857142857143,1.0,1.0,0.2,0.8,True,0.6,6.0,30,2,0.9714285714285713
pipeline_task_v1,long_horizon,moderate_screen_0.7,47,0.2,0.7,0.942857142857143,1.0,0.7142857142857143,1.0,1.0,0.2,0.5,True,0.4,4.0,50,1,0.9714285714285713
pipeline_task_v1,long_horizon,light_screen_0.7,47,0.2,0.7,1.0,1.0,1.0,1.0,1.0,0.2,0.15,False,,1.0,85,0,0.9999999999999999
pipeline_task_v1,long_horizon,tight_screen_0.7,48,0.2,0.7,0.31666666666666665,0.0,0.8333333333333334,0.5,0.5,0.1,0.8,True,0.6,6.0,30,2,0.23333333333333334
pipeline_task_v1,long_horizon,moderate_screen_0.7,48,0.2,0.7,0.942857142857143,1.0,0.7142857142857143,1.0,1.0,0.2,0.5,True,0.4,4.0,50,1,0.9714285714285713
pipeline_task_v1,long_horizon,light_screen_0.7,48,0.2,0.7,1.0,1.0,1.0,1.0,1.0,0.2,0.15,False,,1.0,85,0,0.9999999999999999
pipeline_task_v1,long_horizon,tight_screen_0.7,49,0.2,0.7,0.25,0.0,1.0,0.16666666666666666,0.16666666666666666,0.03333333333333333,0.8,True,0.6,6.0,30,2,0.15
pipeline_task_v1,long_horizon,moderate_screen_0.7,49,0.2,0.7,0.25,0.0,1.0,0.16666666666666666,0.16666666666666666,0.03333333333333333,0.5,True,0.4,4.0,50,1,0.15
pipeline_task_v1,long_horizon,light_screen_0.7,49,0.2,0.7,1.0,1.0,1.0,1.0,1.0,0.2,0.15,False,,1.0,85,0,0.9999999999999999
pipeline_task_v1,long_horizon,tight_screen_1.0,0,0.2,1.0,0.942857142857143,1.0,0.7142857142857143,1.0,1.0,0.2,0.8,True,0.6,6.0,30,2,0.9714285714285713
pipeline_task_v1,long_horizon,moderate_screen_1.0,0,0.2,1.0,0.942857142857143,1.0,0.7142857142857143,1.0,1.0,0.2,0.5,True,0.4,4.0,50,1,0.9714285714285713
pipeline_task_v1,long_horizon,light_screen_1.0,0,0.2,1.0,1.0,1.0,1.0,1.0,1.0,0.2,0.15,False,,1.0,85,0,0.9999999999999999
pipeline_task_v1,long_horizon,tight_screen_1.0,1,0.2,1.0,0.25,0.0,1.0,0.16666666666666666,0.16666666666666666,0.03333333333333333,0.8,True,0.6,6.0,30,2,0.15
pipeline_task_v1,long_horizon,moderate_screen_1.0,1,0.2,1.0,0.942857142857143,1.0,0.7142857142857143,1.0,1.0,0.2,0.5,True,0.4,4.0,50,1,0.9714285714285713
pipeline_task_v1,long_horizon,light_screen_1.0,1,0.2,1.0,1.0,1.0,1.0,1.0,1.0,0.2,0.15,False,,1.0,85,0,0.9999999999999999
pipeline_task_v1,long_horizon,tight_screen_1.0,2,0.2,1.0,0.3,0.0,1.0,0.3333333333333333,0.3333333333333333,0.06666666666666667,0.8,True,0.6,6.0,30,2,0.2
pipeline_task_v1,long_horizon,moderate_screen_1.0,2,0.2,1.0,0.942857142857143,1.0,0.7142857142857143,1.0,1.0,0.2,0.5,True,0.4,4.0,50,1,0.9714285714285713
pipeline_task_v1,long_horizon,light_screen_1.0,2,0.2,1.0,1.0,1.0,1.0,1.0,1.0,0.2,0.15,False,,1.0,85,0,0.9999999999999999
pipeline_task_v1,long_horizon,tight_screen_1.0,3,0.2,1.0,0.34285714285714286,0.0,0.7142857142857143,0.6666666666666666,0.6666666666666666,0.13333333333333333,0.8,True,0.6,6.0,30,2,0.2714285714285714
pipeline_task_v1,long_horizon,moderate_screen_1.0,3,0.2,1.0,0.942857142857143,1.0,0.7142857142857143,1.0,1.0,0.2,0.5,True,0.4,4.0,50,1,0.9714285714285713
pipeline_task_v1,long_horizon,light_screen_1.0,3,0.2,1.0,1.0,1.0,1.0,1.0,1.0,0.2,0.15,False,,1.0,85,0,0.9999999999999999
pipeline_task_v1,long_horizon,tight_screen_1.0,4,0.2,1.0,0.2,0.0,1.0,0.0,0.0,0.0,0.8,True,0.6,6.0,30,2,0.1
pipeline_task_v1,long_horizon,moderate_screen_1.0,4,0.2,1.0,0.2,0.0,1.0,0.0,0.0,0.0,0.5,True,0.4,4.0,50,1,0.1
pipeline_task_v1,long_horizon,light_screen_1.0,4,0.2,1.0,1.0,1.0,1.0,1.0,1.0,0.2,0.15,False,,1.0,85,0,0.9999999999999999
pipeline_task_v1,long_horizon,tight_screen_1.0,5,0.2,1.0,0.25,0.0,1.0,0.16666666666666666,0.16666666666666666,0.03333333333333333,0.8,True,0.6,6.0,30,2,0.15
pipeline_task_v1,long_horizon,moderate_screen_1.0,5,0.2,1.0,0.2,0.0,1.0,0.0,0.0,0.0,0.5,True,0.4,4.0,50,1,0.1
pipeline_task_v1,long_horizon,light_screen_1.0,5,0.2,1.0,1.0,1.0,1.0,1.0,1.0,0.2,0.15,False,,1.0,85,0,0.9999999999999999
pipeline_task_v1,long_horizon,tight_screen_1.0,6,0.2,1.0,0.942857142857143,1.0,0.7142857142857143,1.0,1.0,0.2,0.8,True,0.6,6.0,30,2,0.9714285714285713
pipeline_task_v1,long_horizon,moderate_screen_1.0,6,0.2,1.0,0.9666666666666668,1.0,0.8333333333333334,1.0,1.0,0.2,0.5,True,0.4,4.0,50,1,0.9833333333333333
pipeline_task_v1,long_horizon,light_screen_1.0,6,0.2,1.0,1.0,1.0,1.0,1.0,1.0,0.2,0.15,False,,1.0,85,0,0.9999999999999999
pipeline_task_v1,long_horizon,tight_screen_1.0,7,0.2,1.0,0.942857142857143,1.0,0.7142857142857143,1.0,1.0,0.2,0.8,True,0.6,6.0,30,2,0.9714285714285713
pipeline_task_v1,long_horizon,moderate_screen_1.0,7,0.2,1.0,0.942857142857143,1.0,0.7142857142857143,1.0,1.0,0.2,0.5,True,0.4,4.0,50,1,0.9714285714285713
pipeline_task_v1,long_horizon,light_screen_1.0,7,0.2,1.0,1.0,1.0,1.0,1.0,1.0,0.2,0.15,False,,1.0,85,0,0.9999999999999999
pipeline_task_v1,long_horizon,tight_screen_1.0,8,0.2,1.0,0.25,0.0,1.0,0.16666666666666666,0.16666666666666666,0.03333333333333333,0.8,True,0.6,6.0,30,2,0.15
pipeline_task_v1,long_horizon,moderate_screen_1.0,8,0.2,1.0,0.942857142857143,1.0,0.7142857142857143,1.0,1.0,0.2,0.5,True,0.4,4.0,50,1,0.9714285714285713
pipeline_task_v1,long_horizon,light_screen_1.0,8,0.2,1.0,1.0,1.0,1.0,1.0,1.0,0.2,0.15,False,,1.0,85,0,0.9999999999999999
pipeline_task_v1,long_horizon,tight_screen_1.0,9,0.2,1.0,0.942857142857143,1.0,0.7142857142857143,1.0,1.0,0.2,0.8,True,0.6,6.0,30,2,0.9714285714285713
pipeline_task_v1,long_horizon,moderate_screen_1.0,9,0.2,1.0,0.942857142857143,1.0,0.7142857142857143,1.0,1.0,0.2,0.5,True,0.4,4.0,50,1,0.9714285714285713
pipeline_task_v1,long_horizon,light_screen_1.0,9,0.2,1.0,0.2,0.0,1.0,0.0,0.0,0.0,0.15,False,,1.0,85,0,0.1
pipeline_task_v1,long_horizon,tight_screen_1.0,10,0.2,1.0,0.942857142857143,1.0,0.7142857142857143,1.0,1.0,0.2,0.8,True,0.6,6.0,30,2,0.9714285714285713
pipeline_task_v1,long_horizon,moderate_screen_1.0,10,0.2,1.0,0.942857142857143,1.0,0.7142857142857143,1.0,1.0,0.2,0.5,True,0.4,4.0,50,1,0.9714285714285713
pipeline_task_v1,long_horizon,light_screen_1.0,10,0.2,1.0,1.0,1.0,1.0,1.0,1.0,0.2,0.15,False,,1.0,85,0,0.9999999999999999
pipeline_task_v1,long_horizon,tight_screen_1.0,11,0.2,1.0,0.942857142857143,1.0,0.7142857142857143,1.0,1.0,0.2,0.8,True,0.6,6.0,30,2,0.9714285714285713
pipeline_task_v1,long_horizon,moderate_screen_1.0,11,0.2,1.0,0.25,0.0,1.0,0.16666666666666666,0.16666666666666666,0.03333333333333333,0.5,True,0.4,4.0,50,1,0.15
pipeline_task_v1,long_horizon,light_screen_1.0,11,0.2,1.0,1.0,1.0,1.0,1.0,1.0,0.2,0.15,False,,1.0,85,0,0.9999999999999999
pipeline_task_v1,long_horizon,tight_screen_1.0,12,0.2,1.0,0.942857142857143,1.0,0.7142857142857143,1.0,1.0,0.2,0.8,True,0.6,6.0,30,2,0.9714285714285713
pipeline_task_v1,long_horizon,moderate_screen_1.0,12,0.2,1.0,0.942857142857143,1.0,0.7142857142857143,1.0,1.0,0.2,0.5,True,0.4,4.0,50,1,0.9714285714285713
pipeline_task_v1,long_horizon,light_screen_1.0,12,0.2,1.0,1.0,1.0,1.0,1.0,1.0,0.2,0.15,False,,1.0,85,0,0.9999999999999999
pipeline_task_v1,long_horizon,tight_screen_1.0,13,0.2,1.0,0.25,0.0,1.0,0.16666666666666666,0.16666666666666666,0.03333333333333333,0.8,True,0.6,6.0,30,2,0.15
pipeline_task_v1,long_horizon,moderate_screen_1.0,13,0.2,1.0,0.25,0.0,1.0,0.16666666666666666,0.16666666666666666,0.03333333333333333,0.5,True,0.4,4.0,50,1,0.15
pipeline_task_v1,long_horizon,light_screen_1.0,13,0.2,1.0,1.0,1.0,1.0,1.0,1.0,0.2,0.15,False,,1.0,85,0,0.9999999999999999
pipeline_task_v1,long_horizon,tight_screen_1.0,14,0.2,1.0,0.942857142857143,1.0,0.7142857142857143,1.0,1.0,0.2,0.8,True,0.6,6.0,30,2,0.9714285714285713
pipeline_task_v1,long_horizon,moderate_screen_1.0,14,0.2,1.0,0.942857142857143,1.0,0.7142857142857143,1.0,1.0,0.2,0.5,True,0.4,4.0,50,1,0.9714285714285713
pipeline_task_v1,long_horizon,light_screen_1.0,14,0.2,1.0,0.2,0.0,1.0,0.0,0.0,0.0,0.15,False,,1.0,85,0,0.1
pipeline_task_v1,long_horizon,tight_screen_1.0,15,0.2,1.0,0.942857142857143,1.0,0.7142857142857143,1.0,1.0,0.2,0.8,True,0.6,6.0,30,2,0.9714285714285713
pipeline_task_v1,long_horizon,moderate_screen_1.0,15,0.2,1.0,0.942857142857143,1.0,0.7142857142857143,1.0,1.0,0.2,0.5,True,0.4,4.0,50,1,0.9714285714285713
pipeline_task_v1,long_horizon,light_screen_1.0,15,0.2,1.0,1.0,1.0,1.0,1.0,1.0,0.2,0.15,False,,1.0,85,0,0.9999999999999999
pipeline_task_v1,long_horizon,tight_screen_1.0,16,0.2,1.0,0.25,0.0,1.0,0.16666666666666666,0.16666666666666666,0.03333333333333333,0.8,True,0.6,6.0,30,2,0.15
pipeline_task_v1,long_horizon,moderate_screen_1.0,16,0.2,1.0,0.2,0.0,1.0,0.0,0.0,0.0,0.5,True,0.4,4.0,50,1,0.1
pipeline_task_v1,long_horizon,light_screen_1.0,16,0.2,1.0,1.0,1.0,1.0,1.0,1.0,0.2,0.15,False,,1.0,85,0,0.9999999999999999
pipeline_task_v1,long_horizon,tight_screen_1.0,17,0.2,1.0,0.942857142857143,1.0,0.7142857142857143,1.0,1.0,0.2,0.8,True,0.6,6.0,30,2,0.9714285714285713
pipeline_task_v1,long_horizon,moderate_screen_1.0,17,0.2,1.0,0.942857142857143,1.0,0.7142857142857143,1.0,1.0,0.2,0.5,True,0.4,4.0,50,1,0.9714285714285713
pipeline_task_v1,long_horizon,light_screen_1.0,17,0.2,1.0,1.0,1.0,1.0,1.0,1.0,0.2,0.15,False,,1.0,85,0,0.9999999999999999
pipeline_task_v1,long_horizon,tight_screen_1.0,18,0.2,1.0,0.31666666666666665,0.0,0.8333333333333334,0.5,0.5,0.1,0.8,True,0.6,6.0,30,2,0.23333333333333334
pipeline_task_v1,long_horizon,moderate_screen_1.0,18,0.2,1.0,0.9666666666666668,1.0,0.8333333333333334,1.0,1.0,0.2,0.5,True,0.4,4.0,50,1,0.9833333333333333
pipeline_task_v1,long_horizon,light_screen_1.0,18,0.2,1.0,1.0,1.0,1.0,1.0,1.0,0.2,0.15,False,,1.0,85,0,0.9999999999999999
pipeline_task_v1,long_horizon,tight_screen_1.0,19,0.2,1.0,0.942857142857143,1.0,0.7142857142857143,1.0,1.0,0.2,0.8,True,0.6,6.0,30,2,0.9714285714285713
pipeline_task_v1,long_horizon,moderate_screen_1.0,19,0.2,1.0,0.942857142857143,1.0,0.7142857142857143,1.0,1.0,0.2,0.5,True,0.4,4.0,50,1,0.9714285714285713
pipeline_task_v1,long_horizon,light_screen_1.0,19,0.2,1.0,1.0,1.0,1.0,1.0,1.0,0.2,0.15,False,,1.0,85,0,0.9999999999999999
pipeline_task_v1,long_horizon,tight_screen_1.0,20,0.2,1.0,0.942857142857143,1.0,0.7142857142857143,1.0,1.0,0.2,0.8,True,0.6,6.0,30,2,0.9714285714285713
pipeline_task_v1,long_horizon,moderate_screen_1.0,20,0.2,1.0,0.942857142857143,1.0,0.7142857142857143,1.0,1.0,0.2,0.5,True,0.4,4.0,50,1,0.9714285714285713
pipeline_task_v1,long_horizon,light_screen_1.0,20,0.2,1.0,1.0,1.0,1.0,1.0,1.0,0.2,0.15,False,,1.0,85,0,0.9999999999999999
pipeline_task_v1,long_horizon,tight_screen_1.0,21,0.2,1.0,0.942857142857143,1.0,0.7142857142857143,1.0,1.0,0.2,0.8,True,0.6,6.0,30,2,0.9714285714285713
pipeline_task_v1,long_horizon,moderate_screen_1.0,21,0.2,1.0,0.942857142857143,1.0,0.7142857142857143,1.0,1.0,0.2,0.5,True,0.4,4.0,50,1,0.9714285714285713
pipeline_task_v1,long_horizon,light_screen_1.0,21,0.2,1.0,0.3,0.0,1.0,0.3333333333333333,0.3333333333333333,0.06666666666666667,0.15,False,,1.0,85,0,0.2
pipeline_task_v1,long_horizon,tight_screen_1.0,22,0.2,1.0,0.942857142857143,1.0,0.7142857142857143,1.0,1.0,0.2,0.8,True,0.6,6.0,30,2,0.9714285714285713
pipeline_task_v1,long_horizon,moderate_screen_1.0,22,0.2,1.0,0.942857142857143,1.0,0.7142857142857143,1.0,1.0,0.2,0.5,True,0.4,4.0,50,1,0.9714285714285713
pipeline_task_v1,long_horizon,light_screen_1.0,22,0.2,1.0,1.0,1.0,1.0,1.0,1.0,0.2,0.15,False,,1.0,85,0,0.9999999999999999
pipeline_task_v1,long_horizon,tight_screen_1.0,23,0.2,1.0,0.25,0.0,1.0,0.16666666666666666,0.16666666666666666,0.03333333333333333,0.8,True,0.6,6.0,30,2,0.15
pipeline_task_v1,long_horizon,moderate_screen_1.0,23,0.2,1.0,0.9666666666666668,1.0,0.8333333333333334,1.0,1.0,0.2,0.5,True,0.4,4.0,50,1,0.9833333333333333
pipeline_task_v1,long_horizon,light_screen_1.0,23,0.2,1.0,1.0,1.0,1.0,1.0,1.0,0.2,0.15,False,,1.0,85,0,0.9999999999999999
pipeline_task_v1,long_horizon,tight_screen_1.0,24,0.2,1.0,0.942857142857143,1.0,0.7142857142857143,1.0,1.0,0.2,0.8,True,0.6,6.0,30,2,0.9714285714285713
pipeline_task_v1,long_horizon,moderate_screen_1.0,24,0.2,1.0,0.9666666666666668,1.0,0.8333333333333334,1.0,1.0,0.2,0.5,True,0.4,4.0,50,1,0.9833333333333333
pipeline_task_v1,long_horizon,light_screen_1.0,24,0.2,1.0,1.0,1.0,1.0,1.0,1.0,0.2,0.15,False,,1.0,85,0,0.9999999999999999
pipeline_task_v1,long_horizon,tight_screen_1.0,25,0.2,1.0,0.942857142857143,1.0,0.7142857142857143,1.0,1.0,0.2,0.8,True,0.6,6.0,30,2,0.9714285714285713
pipeline_task_v1,long_horizon,moderate_screen_1.0,25,0.2,1.0,0.942857142857143,1.0,0.7142857142857143,1.0,1.0,0.2,0.5,True,0.4,4.0,50,1,0.9714285714285713
pipeline_task_v1,long_horizon,light_screen_1.0,25,0.2,1.0,1.0,1.0,1.0,1.0,1.0,0.2,0.15,False,,1.0,85,0,0.9999999999999999
pipeline_task_v1,long_horizon,tight_screen_1.0,26,0.2,1.0,0.25,0.0,1.0,0.16666666666666666,0.16666666666666666,0.03333333333333333,0.8,True,0.6,6.0,30,2,0.15
pipeline_task_v1,long_horizon,moderate_screen_1.0,26,0.2,1.0,0.942857142857143,1.0,0.7142857142857143,1.0,1.0,0.2,0.5,True,0.4,4.0,50,1,0.9714285714285713
pipeline_task_v1,long_horizon,light_screen_1.0,26,0.2,1.0,1.0,1.0,1.0,1.0,1.0,0.2,0.15,False,,1.0,85,0,0.9999999999999999
pipeline_task_v1,long_horizon,tight_screen_1.0,27,0.2,1.0,0.2,0.0,1.0,0.0,0.0,0.0,0.8,True,0.6,6.0,30,2,0.1
pipeline_task_v1,long_horizon,moderate_screen_1.0,27,0.2,1.0,0.942857142857143,1.0,0.7142857142857143,1.0,1.0,0.2,0.5,True,0.4,4.0,50,1,0.9714285714285713
pipeline_task_v1,long_horizon,light_screen_1.0,27,0.2,1.0,1.0,1.0,1.0,1.0,1.0,0.2,0.15,False,,1.0,85,0,0.9999999999999999
pipeline_task_v1,long_horizon,tight_screen_1.0,28,0.2,1.0,0.942857142857143,1.0,0.7142857142857143,1.0,1.0,0.2,0.8,True,0.6,6.0,30,2,0.9714285714285713
pipeline_task_v1,long_horizon,moderate_screen_1.0,28,0.2,1.0,0.942857142857143,1.0,0.7142857142857143,1.0,1.0,0.2,0.5,True,0.4,4.0,50,1,0.9714285714285713
pipeline_task_v1,long_horizon,light_screen_1.0,28,0.2,1.0,1.0,1.0,1.0,1.0,1.0,0.2,0.15,False,,1.0,85,0,0.9999999999999999
pipeline_task_v1,long_horizon,tight_screen_1.0,29,0.2,1.0,0.942857142857143,1.0,0.7142857142857143,1.0,1.0,0.2,0.8,True,0.6,6.0,30,2,0.9714285714285713
pipeline_task_v1,long_horizon,moderate_screen_1.0,29,0.2,1.0,0.942857142857143,1.0,0.7142857142857143,1.0,1.0,0.2,0.5,True,0.4,4.0,50,1,0.9714285714285713
pipeline_task_v1,long_horizon,light_screen_1.0,29,0.2,1.0,1.0,1.0,1.0,1.0,1.0,0.2,0.15,False,,1.0,85,0,0.9999999999999999
pipeline_task_v1,long_horizon,tight_screen_1.0,30,0.2,1.0,0.942857142857143,1.0,0.7142857142857143,1.0,1.0,0.2,0.8,True,0.6,6.0,30,2,0.9714285714285713
pipeline_task_v1,long_horizon,moderate_screen_1.0,30,0.2,1.0,0.942857142857143,1.0,0.7142857142857143,1.0,1.0,0.2,0.5,True,0.4,4.0,50,1,0.9714285714285713
pipeline_task_v1,long_horizon,light_screen_1.0,30,0.2,1.0,1.0,1.0,1.0,1.0,1.0,0.2,0.15,False,,1.0,85,0,0.9999999999999999
pipeline_task_v1,long_horizon,tight_screen_1.0,31,0.2,1.0,0.942857142857143,1.0,0.7142857142857143,1.0,1.0,0.2,0.8,True,0.6,6.0,30,2,0.9714285714285713
pipeline_task_v1,long_horizon,moderate_screen_1.0,31,0.2,1.0,0.942857142857143,1.0,0.7142857142857143,1.0,1.0,0.2,0.5,True,0.4,4.0,50,1,0.9714285714285713
pipeline_task_v1,long_horizon,light_screen_1.0,31,0.2,1.0,1.0,1.0,1.0,1.0,1.0,0.2,0.15,False,,1.0,85,0,0.9999999999999999
pipeline_task_v1,long_horizon,tight_screen_1.0,32,0.2,1.0,0.25,0.0,1.0,0.16666666666666666,0.16666666666666666,0.03333333333333333,0.8,True,0.6,6.0,30,2,0.15
pipeline_task_v1,long_horizon,moderate_screen_1.0,32,0.2,1.0,0.9666666666666668,1.0,0.8333333333333334,1.0,1.0,0.2,0.5,True,0.4,4.0,50,1,0.9833333333333333
pipeline_task_v1,long_horizon,light_screen_1.0,32,0.2,1.0,1.0,1.0,1.0,1.0,1.0,0.2,0.15,False,,1.0,85,0,0.9999999999999999
pipeline_task_v1,long_horizon,tight_screen_1.0,33,0.2,1.0,0.942857142857143,1.0,0.7142857142857143,1.0,1.0,0.2,0.8,True,0.6,6.0,30,2,0.9714285714285713
pipeline_task_v1,long_horizon,moderate_screen_1.0,33,0.2,1.0,0.942857142857143,1.0,0.7142857142857143,1.0,1.0,0.2,0.5,True,0.4,4.0,50,1,0.9714285714285713
pipeline_task_v1,long_horizon,light_screen_1.0,33,0.2,1.0,1.0,1.0,1.0,1.0,1.0,0.2,0.15,False,,1.0,85,0,0.9999999999999999
pipeline_task_v1,long_horizon,tight_screen_1.0,34,0.2,1.0,0.942857142857143,1.0,0.7142857142857143,1.0,1.0,0.2,0.8,True,0.6,6.0,30,2,0.9714285714285713
pipeline_task_v1,long_horizon,moderate_screen_1.0,34,0.2,1.0,0.942857142857143,1.0,0.7142857142857143,1.0,1.0,0.2,0.5,True,0.4,4.0,50,1,0.9714285714285713
pipeline_task_v1,long_horizon,light_screen_1.0,34,0.2,1.0,1.0,1.0,1.0,1.0,1.0,0.2,0.15,False,,1.0,85,0,0.9999999999999999
pipeline_task_v1,long_horizon,tight_screen_1.0,35,0.2,1.0,0.942857142857143,1.0,0.7142857142857143,1.0,1.0,0.2,0.8,True,0.6,6.0,30,2,0.9714285714285713
pipeline_task_v1,long_horizon,moderate_screen_1.0,35,0.2,1.0,0.9666666666666668,1.0,0.8333333333333334,1.0,1.0,0.2,0.5,True,0.4,4.0,50,1,0.9833333333333333
pipeline_task_v1,long_horizon,light_screen_1.0,35,0.2,1.0,1.0,1.0,1.0,1.0,1.0,0.2,0.15,False,,1.0,85,0,0.9999999999999999
pipeline_task_v1,long_horizon,tight_screen_1.0,36,0.2,1.0,0.25,0.0,1.0,0.16666666666666666,0.16666666666666666,0.03333333333333333,0.8,True,0.6,6.0,30,2,0.15
pipeline_task_v1,long_horizon,moderate_screen_1.0,36,0.2,1.0,0.942857142857143,1.0,0.7142857142857143,1.0,1.0,0.2,0.5,True,0.4,4.0,50,1,0.9714285714285713
pipeline_task_v1,long_horizon,light_screen_1.0,36,0.2,1.0,0.2,0.0,1.0,0.0,0.0,0.0,0.15,False,,1.0,85,0,0.1
pipeline_task_v1,long_horizon,tight_screen_1.0,37,0.2,1.0,0.942857142857143,1.0,0.7142857142857143,1.0,1.0,0.2,0.8,True,0.6,6.0,30,2,0.9714285714285713
pipeline_task_v1,long_horizon,moderate_screen_1.0,37,0.2,1.0,0.31666666666666665,0.0,0.8333333333333334,0.5,0.5,0.1,0.5,True,0.4,4.0,50,1,0.23333333333333334
pipeline_task_v1,long_horizon,light_screen_1.0,37,0.2,1.0,1.0,1.0,1.0,1.0,1.0,0.2,0.15,False,,1.0,85,0,0.9999999999999999
pipeline_task_v1,long_horizon,tight_screen_1.0,38,0.2,1.0,0.942857142857143,1.0,0.7142857142857143,1.0,1.0,0.2,0.8,True,0.6,6.0,30,2,0.9714285714285713
pipeline_task_v1,long_horizon,moderate_screen_1.0,38,0.2,1.0,0.942857142857143,1.0,0.7142857142857143,1.0,1.0,0.2,0.5,True,0.4,4.0,50,1,0.9714285714285713
pipeline_task_v1,long_horizon,light_screen_1.0,38,0.2,1.0,0.25,0.0,1.0,0.16666666666666666,0.16666666666666666,0.03333333333333333,0.15,False,,1.0,85,0,0.15
pipeline_task_v1,long_horizon,tight_screen_1.0,39,0.2,1.0,0.942857142857143,1.0,0.7142857142857143,1.0,1.0,0.2,0.8,True,0.6,6.0,30,2,0.9714285714285713
pipeline_task_v1,long_horizon,moderate_screen_1.0,39,0.2,1.0,0.31666666666666665,0.0,0.8333333333333334,0.5,0.5,0.1,0.5,True,0.4,4.0,50,1,0.23333333333333334
pipeline_task_v1,long_horizon,light_screen_1.0,39,0.2,1.0,1.0,1.0,1.0,1.0,1.0,0.2,0.15,False,,1.0,85,0,0.9999999999999999
pipeline_task_v1,long_horizon,tight_screen_1.0,40,0.2,1.0,0.942857142857143,1.0,0.7142857142857143,1.0,1.0,0.2,0.8,True,0.6,6.0,30,2,0.9714285714285713
pipeline_task_v1,long_horizon,moderate_screen_1.0,40,0.2,1.0,0.942857142857143,1.0,0.7142857142857143,1.0,1.0,0.2,0.5,True,0.4,4.0,50,1,0.9714285714285713
pipeline_task_v1,long_horizon,light_screen_1.0,40,0.2,1.0,1.0,1.0,1.0,1.0,1.0,0.2,0.15,False,,1.0,85,0,0.9999999999999999
pipeline_task_v1,long_horizon,tight_screen_1.0,41,0.2,1.0,0.942857142857143,1.0,0.7142857142857143,1.0,1.0,0.2,0.8,True,0.6,6.0,30,2,0.9714285714285713
pipeline_task_v1,long_horizon,moderate_screen_1.0,41,0.2,1.0,0.25,0.0,1.0,0.16666666666666666,0.16666666666666666,0.03333333333333333,0.5,True,0.4,4.0,50,1,0.15
pipeline_task_v1,long_horizon,light_screen_1.0,41,0.2,1.0,1.0,1.0,1.0,1.0,1.0,0.2,0.15,False,,1.0,85,0,0.9999999999999999
pipeline_task_v1,long_horizon,tight_screen_1.0,42,0.2,1.0,0.2,0.0,1.0,0.0,0.0,0.0,0.8,True,0.6,6.0,30,2,0.1
pipeline_task_v1,long_horizon,moderate_screen_1.0,42,0.2,1.0,0.3666666666666667,0.0,0.8333333333333334,0.6666666666666666,0.6666666666666666,0.13333333333333333,0.5,True,0.4,4.0,50,1,0.2833333333333333
pipeline_task_v1,long_horizon,light_screen_1.0,42,0.2,1.0,1.0,1.0,1.0,1.0,1.0,0.2,0.15,False,,1.0,85,0,0.9999999999999999
pipeline_task_v1,long_horizon,tight_screen_1.0,43,0.2,1.0,0.942857142857143,1.0,0.7142857142857143,1.0,1.0,0.2,0.8,True,0.6,6.0,30,2,0.9714285714285713
pipeline_task_v1,long_horizon,moderate_screen_1.0,43,0.2,1.0,0.942857142857143,1.0,0.7142857142857143,1.0,1.0,0.2,0.5,True,0.4,4.0,50,1,0.9714285714285713
pipeline_task_v1,long_horizon,light_screen_1.0,43,0.2,1.0,0.2,0.0,1.0,0.0,0.0,0.0,0.15,False,,1.0,85,0,0.1
pipeline_task_v1,long_horizon,tight_screen_1.0,44,0.2,1.0,0.942857142857143,1.0,0.7142857142857143,1.0,1.0,0.2,0.8,True,0.6,6.0,30,2,0.9714285714285713
pipeline_task_v1,long_horizon,moderate_screen_1.0,44,0.2,1.0,0.942857142857143,1.0,0.7142857142857143,1.0,1.0,0.2,0.5,True,0.4,4.0,50,1,0.9714285714285713
pipeline_task_v1,long_horizon,light_screen_1.0,44,0.2,1.0,1.0,1.0,1.0,1.0,1.0,0.2,0.15,False,,1.0,85,0,0.9999999999999999
pipeline_task_v1,long_horizon,tight_screen_1.0,45,0.2,1.0,0.2,0.0,1.0,0.0,0.0,0.0,0.8,True,0.6,6.0,30,2,0.1
pipeline_task_v1,long_horizon,moderate_screen_1.0,45,0.2,1.0,0.942857142857143,1.0,0.7142857142857143,1.0,1.0,0.2,0.5,True,0.4,4.0,50,1,0.9714285714285713
pipeline_task_v1,long_horizon,light_screen_1.0,45,0.2,1.0,1.0,1.0,1.0,1.0,1.0,0.2,0.15,False,,1.0,85,0,0.9999999999999999
pipeline_task_v1,long_horizon,tight_screen_1.0,46,0.2,1.0,0.942857142857143,1.0,0.7142857142857143,1.0,1.0,0.2,0.8,True,0.6,6.0,30,2,0.9714285714285713
pipeline_task_v1,long_horizon,moderate_screen_1.0,46,0.2,1.0,0.942857142857143,1.0,0.7142857142857143,1.0,1.0,0.2,0.5,True,0.4,4.0,50,1,0.9714285714285713
pipeline_task_v1,long_horizon,light_screen_1.0,46,0.2,1.0,1.0,1.0,1.0,1.0,1.0,0.2,0.15,False,,1.0,85,0,0.9999999999999999
pipeline_task_v1,long_horizon,tight_screen_1.0,47,0.2,1.0,0.942857142857143,1.0,0.7142857142857143,1.0,1.0,0.2,0.8,True,0.6,6.0,30,2,0.9714285714285713
pipeline_task_v1,long_horizon,moderate_screen_1.0,47,0.2,1.0,0.942857142857143,1.0,0.7142857142857143,1.0,1.0,0.2,0.5,True,0.4,4.0,50,1,0.9714285714285713
pipeline_task_v1,long_horizon,light_screen_1.0,47,0.2,1.0,1.0,1.0,1.0,1.0,1.0,0.2,0.15,False,,1.0,85,0,0.9999999999999999
pipeline_task_v1,long_horizon,tight_screen_1.0,48,0.2,1.0,0.942857142857143,1.0,0.7142857142857143,1.0,1.0,0.2,0.8,True,0.6,6.0,30,2,0.9714285714285713
pipeline_task_v1,long_horizon,moderate_screen_1.0,48,0.2,1.0,0.942857142857143,1.0,0.7142857142857143,1.0,1.0,0.2,0.5,True,0.4,4.0,50,1,0.9714285714285713
pipeline_task_v1,long_horizon,light_screen_1.0,48,0.2,1.0,1.0,1.0,1.0,1.0,1.0,0.2,0.15,False,,1.0,85,0,0.9999999999999999
pipeline_task_v1,long_horizon,tight_screen_1.0,49,0.2,1.0,0.2,0.0,1.0,0.0,0.0,0.0,0.8,True,0.6,6.0,30,2,0.1
pipeline_task_v1,long_horizon,moderate_screen_1.0,49,0.2,1.0,0.942857142857143,1.0,0.7142857142857143,1.0,1.0,0.2,0.5,True,0.4,4.0,50,1,0.9714285714285713
pipeline_task_v1,long_horizon,light_screen_1.0,49,0.2,1.0,1.0,1.0,1.0,1.0,1.0,0.2,0.15,False,,1.0,85,0,0.9999999999999999
