ranking,detection,reset_cadence,seed,epoch,reset,mean_infection,max_infection,cache_corruption,tier3_poisoning,promotion_accuracy
quality,off,0,42,0,False,0.0,0.0,0.0,0.0,1.0
quality,off,0,42,1,False,0.0,0.0,0.3333333333333333,0.3333333333333333,0.8260869565217391
quality,off,0,42,2,False,0.08333333333333333,0.08333333333333333,0.5,0.5,0.7307692307692307
quality,off,0,42,3,False,0.1875,0.1875,0.6923076923076923,0.6923076923076923,0.5882352941176471
quality,off,0,42,4,False,0.3137019230769231,0.3137019230769231,0.6666666666666666,0.6666666666666666,0.5833333333333334
quality,off,0,42,5,False,0.4019431089743589,0.4019431089743589,0.6842105263157895,0.6842105263157895,0.5227272727272727
quality,off,0,42,6,False,0.4725099633097165,0.4725099633097165,0.65,0.6818181818181818,0.5208333333333334
quality,off,0,42,7,False,0.5168824724822874,0.5168824724822874,0.55,0.6896551724137931,0.49122807017543857
quality,off,0,42,8,False,0.5251618543617156,0.5251618543617156,0.5,0.6875,0.46153846153846156
quality,off,0,42,9,False,0.5188713907712867,0.5188713907712867,0.5,0.7058823529411765,0.4411764705882353
quality,off,0,42,10,False,0.5141535430784651,0.5141535430784651,0.5,0.7222222222222222,0.4305555555555556
quality,off,0,42,11,False,0.5106151573088488,0.5106151573088488,0.5,0.7435897435897436,0.40789473684210525
quality,off,0,42,12,False,0.5079613679816366,0.5079613679816366,0.45,0.7380952380952381,0.3950617283950617
quality,off,0,42,13,False,0.49347102598622744,0.49347102598622744,0.45,0.7555555555555555,0.3793103448275862
quality,off,0,42,14,False,0.4826032694896706,0.4826032694896706,0.35,0.7346938775510204,0.3804347826086957
quality,off,0,42,15,False,0.44945245211725293,0.44945245211725293,0.35,0.7450980392156863,0.375
quality,off,0,42,16,False,0.4245893390879397,0.4245893390879397,0.3,0.7543859649122807,0.3619047619047619
quality,off,0,42,17,False,0.39344200431595483,0.39344200431595483,0.3,0.7627118644067796,0.36036036036036034
quality,off,0,42,18,False,0.37008150323696615,0.37008150323696615,0.25,0.7540983606557377,0.36283185840707965
quality,off,0,42,19,False,0.3400611274277246,0.3400611274277246,0.2,0.7538461538461538,0.3559322033898305
quality,off,0,42,20,False,0.30504584557079345,0.30504584557079345,0.2,0.75,0.3524590163934426
quality,off,0,42,21,False,0.2787843841780951,0.2787843841780951,0.15,0.7464788732394366,0.34375
quality,off,0,42,22,False,0.24658828813357134,0.24658828813357134,0.15,0.7631578947368421,0.3308270676691729
quality,off,0,42,23,False,0.2224412161001785,0.2224412161001785,0.05,0.75,0.3357142857142857
quality,off,0,42,24,False,0.17933091207513388,0.17933091207513388,0.05,0.7469879518072289,0.3287671232876712
quality,off,0,42,25,False,0.14699818405635043,0.14699818405635043,0.05,0.7380952380952381,0.3288590604026846
quality,off,0,42,26,False,0.12274863804226281,0.12274863804226281,0.05,0.7411764705882353,0.3246753246753247
quality,off,0,42,27,False,0.1045614785316971,0.1045614785316971,0.05,0.7528089887640449,0.31645569620253167
quality,off,0,42,28,False,0.09092110889877282,0.09092110889877282,0.0,0.7340425531914894,0.32727272727272727
quality,off,0,42,29,False,0.06819083167407962,0.06819083167407962,0.0,0.7395833333333334,0.3254437869822485
quality,off,0,42,30,False,0.051143123755559704,0.05114312375555971,0.0,0.7373737373737373,0.32954545454545453
quality,off,0,42,31,False,0.03835734281666978,0.03835734281666978,0.0,0.7378640776699029,0.3259668508287293
quality,off,0,42,32,False,0.028768007112502342,0.02876800711250234,0.0,0.7378640776699029,0.32608695652173914
quality,off,0,42,33,False,0.021576005334376754,0.021576005334376754,0.0,0.7428571428571429,0.324468085106383
quality,off,0,42,34,False,0.016182004000782565,0.016182004000782565,0.0,0.7363636363636363,0.3248730964467005
quality,off,0,42,35,False,0.012136503000586923,0.012136503000586923,0.0,0.7368421052631579,0.32019704433497537
quality,off,0,42,36,False,0.009102377250440191,0.009102377250440191,0.0,0.725,0.3238095238095238
quality,off,0,42,37,False,0.006826782937830143,0.006826782937830143,0.0,0.728,0.3242009132420091
quality,off,0,42,38,False,0.0051200872033726075,0.0051200872033726075,0.0,0.7364341085271318,0.31555555555555553
quality,off,0,42,39,False,0.0038400654025294557,0.0038400654025294557,0.0,0.732824427480916,0.3173913043478261
quality,off,0,43,0,False,0.0,0.0,0.0,0.0,1.0
quality,off,0,43,1,False,0.0,0.0,0.09090909090909091,0.09090909090909091,0.8518518518518519
quality,off,0,43,2,False,0.022727272727272728,0.022727272727272728,0.26666666666666666,0.26666666666666666,0.7272727272727273
quality,off,0,43,3,False,0.08371212121212121,0.08371212121212121,0.42105263157894735,0.42105263157894735,0.625
quality,off,0,43,4,False,0.16804724880382774,0.16804724880382774,0.4,0.42857142857142855,0.5869565217391305
quality,off,0,43,5,False,0.22603543660287082,0.22603543660287082,0.4,0.5,0.5185185185185185
quality,off,0,43,6,False,0.26952657745215314,0.26952657745215314,0.35,0.48148148148148145,0.5172413793103449
quality,off,0,43,7,False,0.2896449330891149,0.2896449330891149,0.25,0.5,0.5076923076923077
quality,off,0,43,8,False,0.27973369981683616,0.27973369981683616,0.3,0.5405405405405406,0.4722222222222222
quality,off,0,43,9,False,0.2848002748626271,0.2848002748626271,0.3,0.5526315789473685,0.4533333333333333
quality,off,0,43,10,False,0.28860020614697035,0.28860020614697035,0.25,0.5365853658536586,0.45121951219512196
quality,off,0,43,11,False,0.27895015461022776,0.27895015461022776,0.25,0.5681818181818182,0.42391304347826086
quality,off,0,43,12,False,0.2717126159576708,0.2717126159576708,0.25,0.5957446808510638,0.40625
quality,off,0,43,13,False,0.2662844619682531,0.2662844619682531,0.25,0.6122448979591837,0.39603960396039606
quality,off,0,43,14,False,0.2622133464761898,0.2622133464761898,0.25,0.6274509803921569,0.38095238095238093
quality,off,0,43,15,False,0.2591600098571424,0.2591600098571424,0.3,0.6415094339622641,0.3783783783783784
quality,off,0,43,16,False,0.26937000739285677,0.26937000739285677,0.25,0.6551724137931034,0.3644067796610169
quality,off,0,43,17,False,0.26452750554464255,0.26452750554464255,0.2,0.6557377049180327,0.3629032258064516
quality,off,0,43,18,False,0.2483956291584819,0.2483956291584819,0.2,0.6666666666666666,0.3515625
quality,off,0,43,19,False,0.23629672186886141,0.23629672186886141,0.2,0.6818181818181818,0.3383458646616541
quality,off,0,43,20,False,0.22722254140164605,0.22722254140164605,0.2,0.6818181818181818,0.33088235294117646
quality,off,0,43,21,False,0.2204169060512345,0.22041690605123454,0.2,0.6956521739130435,0.323943661971831
quality,off,0,43,22,False,0.21531267953842592,0.21531267953842592,0.2,0.6956521739130435,0.32413793103448274
quality,off,0,43,23,False,0.21148450965381943,0.21148450965381943,0.2,0.704225352112676,0.3197278911564626
quality,off,0,43,24,False,0.20861338224036458,0.20861338224036458,0.1,0.6973684210526315,0.3225806451612903
quality,off,0,43,25,False,0.1814600366802734,0.1814600366802734,0.1,0.7088607594936709,0.32075471698113206
quality,off,0,43,26,False,0.16109502751020505,0.16109502751020505,0.05,0.7093023255813954,0.32142857142857145
quality,off,0,43,27,False,0.13332127063265378,0.13332127063265378,0.05,0.7111111111111111,0.3103448275862069
quality,off,0,43,28,False,0.11249095297449034,0.11249095297449034,0.05,0.7127659574468085,0.31868131868131866
quality,off,0,43,29,False,0.09686821473086775,0.09686821473086775,0.05,0.71875,0.31351351351351353
quality,off,0,43,30,False,0.0851511610481508,0.0851511610481508,0.05,0.7244897959183674,0.31216931216931215
quality,off,0,43,31,False,0.0763633707861131,0.0763633707861131,0.0,0.7102803738317757,0.31155778894472363
quality,off,0,43,32,False,0.05727252808958483,0.05727252808958483,0.0,0.7027027027027027,0.3106796116504854
quality,off,0,43,33,False,0.042954396067188615,0.04295439606718862,0.0,0.7017543859649122,0.3142857142857143
quality,off,0,43,34,False,0.032215797050391466,0.032215797050391466,0.0,0.7058823529411765,0.3101851851851852
quality,off,0,43,35,False,0.0241618477877936,0.0241618477877936,0.0,0.704,0.3125
quality,off,0,43,36,False,0.0181213858408452,0.018121385840845203,0.0,0.7131782945736435,0.3056768558951965
quality,off,0,43,37,False,0.013591039380633902,0.013591039380633902,0.0,0.6985294117647058,0.31092436974789917
quality,off,0,43,38,False,0.010193279535475427,0.010193279535475427,0.0,0.6875,0.3157894736842105
quality,off,0,43,39,False,0.0076449596516065714,0.007644959651606571,0.0,0.6896551724137931,0.31746031746031744
quality,off,0,44,0,False,0.0,0.0,0.0,0.0,1.0
quality,off,0,44,1,False,0.0,0.0,0.3,0.3,0.72
quality,off,0,44,2,False,0.075,0.075,0.35714285714285715,0.35714285714285715,0.6896551724137931
quality,off,0,44,3,False,0.14553571428571427,0.14553571428571427,0.5,0.5,0.5675675675675675
quality,off,0,44,4,False,0.2341517857142857,0.2341517857142857,0.45,0.5217391304347826,0.5365853658536586
quality,off,0,44,5,False,0.28811383928571427,0.28811383928571427,0.35,0.5357142857142857,0.5217391304347826
quality,off,0,44,6,False,0.30358537946428565,0.30358537946428565,0.35,0.59375,0.48
quality,off,0,44,7,False,0.31518903459821423,0.31518903459821423,0.15,0.575,0.4745762711864407
quality,off,0,44,8,False,0.27389177594866065,0.27389177594866065,0.1,0.5777777777777777,0.46153846153846156
quality,off,0,44,9,False,0.23041883196149548,0.23041883196149548,0.1,0.5957446808510638,0.4507042253521127
quality,off,0,44,10,False,0.1978141239711216,0.1978141239711216,0.05,0.5961538461538461,0.425
quality,off,0,44,11,False,0.16086059297834124,0.1608605929783412,0.0,0.603448275862069,0.41379310344827586
quality,off,0,44,12,False,0.12064544473375591,0.12064544473375591,0.0,0.5967741935483871,0.40425531914893614
quality,off,0,44,13,False,0.09048408355031692,0.09048408355031692,0.0,0.609375,0.3838383838383838
quality,off,0,44,14,False,0.0678630626627377,0.0678630626627377,0.0,0.6231884057971014,0.37037037037037035
quality,off,0,44,15,False,0.050897296997053275,0.050897296997053275,0.0,0.6103896103896104,0.3706896551724138
quality,off,0,44,16,False,0.038172972747789954,0.038172972747789954,0.0,0.6125,0.36666666666666664
quality,off,0,44,17,False,0.028629729560842466,0.028629729560842466,0.0,0.6144578313253012,0.36507936507936506
quality,off,0,44,18,False,0.02147229717063185,0.02147229717063185,0.0,0.6235294117647059,0.3458646616541353
quality,off,0,44,19,False,0.01610422287797389,0.01610422287797389,0.0,0.625,0.34285714285714286
quality,off,0,44,20,False,0.012078167158480415,0.012078167158480417,0.0,0.6382978723404256,0.3310810810810811
quality,off,0,44,21,False,0.009058625368860313,0.009058625368860313,0.0,0.6428571428571429,0.3246753246753247
quality,off,0,44,22,False,0.006793969026645234,0.006793969026645235,0.0,0.64,0.3227848101265823
quality,off,0,44,23,False,0.005095476769983926,0.005095476769983926,0.0,0.64,0.3167701863354037
quality,off,0,44,24,False,0.003821607577487945,0.003821607577487945,0.0,0.6448598130841121,0.3136094674556213
quality,off,0,44,25,False,0.002866205683115959,0.002866205683115959,0.0,0.6428571428571429,0.3142857142857143
quality,off,0,44,26,False,0.002149654262336969,0.002149654262336969,0.0,0.6521739130434783,0.30601092896174864
quality,off,0,44,27,False,0.001612240696752727,0.0016122406967527267,0.0,0.6581196581196581,0.2994652406417112
quality,off,0,44,28,False,0.001209180522564545,0.001209180522564545,0.0,0.6557377049180327,0.30569948186528495
quality,off,0,44,29,False,0.0009068853919234088,0.0009068853919234087,0.0,0.656,0.30456852791878175
quality,off,0,44,30,False,0.0006801640439425565,0.0006801640439425565,0.0,0.6587301587301587,0.30198019801980197
quality,off,0,44,31,False,0.0005101230329569174,0.0005101230329569174,0.0,0.6590909090909091,0.3
quality,off,0,44,32,False,0.000382592274717688,0.000382592274717688,0.0,0.6594202898550725,0.30414746543778803
quality,off,0,44,33,False,0.00028694420603826595,0.000286944206038266,0.0,0.6571428571428571,0.3063063063063063
quality,off,0,44,34,False,0.0002152081545286995,0.0002152081545286995,0.0,0.6598639455782312,0.30434782608695654
quality,off,0,44,35,False,0.00016140611589652464,0.00016140611589652464,0.0,0.6578947368421053,0.30638297872340425
quality,off,0,44,36,False,0.00012105458692239348,0.00012105458692239348,0.0,0.6558441558441559,0.30416666666666664
quality,off,0,44,37,False,9.079094019179511e-05,9.079094019179511e-05,0.0,0.6666666666666666,0.2979591836734694
quality,off,0,44,38,False,6.809320514384633e-05,6.809320514384633e-05,0.0,0.6687116564417178,0.296
quality,off,0,44,39,False,5.1069903857884746e-05,5.1069903857884746e-05,0.0,0.6746987951807228,0.29411764705882354
quality,off,0,45,0,False,0.0,0.0,0.0,0.0,1.0
quality,off,0,45,1,False,0.0,0.0,0.3076923076923077,0.3076923076923077,0.7777777777777778
quality,off,0,45,2,False,0.07692307692307694,0.07692307692307693,0.2857142857142857,0.2857142857142857,0.7419354838709677
quality,off,0,45,3,False,0.1291208791208791,0.1291208791208791,0.3888888888888889,0.3888888888888889,0.6666666666666666
quality,off,0,45,4,False,0.19406288156288154,0.19406288156288154,0.45,0.45,0.6
quality,off,0,45,5,False,0.25804716117216114,0.25804716117216114,0.45,0.45,0.5853658536585366
quality,off,0,45,6,False,0.30603537087912086,0.30603537087912086,0.4,0.4782608695652174,0.5319148936170213
quality,off,0,45,7,False,0.3295265281593407,0.3295265281593407,0.35,0.5,0.5098039215686274
quality,off,0,45,8,False,0.33464489611950554,0.33464489611950554,0.35,0.5185185185185185,0.48148148148148145
quality,off,0,45,9,False,0.3384836720896291,0.33848367208962915,0.35,0.5517241379310345,0.4406779661016949
quality,off,0,45,10,False,0.34136275406722183,0.34136275406722183,0.3,0.6,0.4153846153846154
quality,off,0,45,11,False,0.3310220655504164,0.3310220655504164,0.3,0.5897435897435898,0.4142857142857143
quality,off,0,45,12,False,0.32326654916281233,0.32326654916281233,0.3,0.6190476190476191,0.3918918918918919
quality,off,0,45,13,False,0.31744991187210925,0.31744991187210925,0.3,0.6521739130434783,0.3717948717948718
quality,off,0,45,14,False,0.31308743390408195,0.31308743390408195,0.3,0.673469387755102,0.3493975903614458
quality,off,0,45,15,False,0.3098155754280615,0.3098155754280615,0.3,0.6862745098039216,0.3333333333333333
quality,off,0,45,16,False,0.3073616815710461,0.3073616815710461,0.25,0.6792452830188679,0.32978723404255317
quality,off,0,45,17,False,0.2930212611782846,0.2930212611782846,0.25,0.6909090909090909,0.31958762886597936
quality,off,0,45,18,False,0.28226594588371345,0.28226594588371345,0.2,0.6949152542372882,0.31683168316831684
quality,off,0,45,19,False,0.2616994594127851,0.2616994594127851,0.1,0.6875,0.32407407407407407
quality,off,0,45,20,False,0.22127459455958884,0.22127459455958884,0.05,0.6911764705882353,0.3157894736842105
quality,off,0,45,21,False,0.17845594591969163,0.17845594591969163,0.0,0.6944444444444444,0.3135593220338983
quality,off,0,45,22,False,0.13384195943976873,0.13384195943976873,0.0,0.7027027027027027,0.31451612903225806
quality,off,0,45,23,False,0.10038146957982655,0.10038146957982655,0.0,0.7051282051282052,0.3153846153846154
quality,off,0,45,24,False,0.07528610218486993,0.07528610218486992,0.0,0.7073170731707317,0.3161764705882353
quality,off,0,45,25,False,0.05646457663865244,0.05646457663865244,0.0,0.7142857142857143,0.3076923076923077
quality,off,0,45,26,False,0.042348432478989326,0.042348432478989326,0.0,0.7241379310344828,0.2972972972972973
quality,off,0,45,27,False,0.03176132435924199,0.03176132435924199,0.0,0.7191011235955056,0.2980132450331126
quality,off,0,45,28,False,0.023820993269431493,0.023820993269431493,0.0,0.7096774193548387,0.3037974683544304
quality,off,0,45,29,False,0.01786574495207362,0.01786574495207362,0.0,0.7127659574468085,0.3006134969325153
quality,off,0,45,30,False,0.013399308714055216,0.013399308714055216,0.0,0.7157894736842105,0.30409356725146197
quality,off,0,45,31,False,0.010049481535541412,0.010049481535541412,0.0,0.7142857142857143,0.30113636363636365
quality,off,0,45,32,False,0.007537111151656059,0.007537111151656059,0.0,0.7128712871287128,0.3005464480874317
quality,off,0,45,33,False,0.005652833363742045,0.005652833363742045,0.0,0.7075471698113207,0.3020833333333333
quality,off,0,45,34,False,0.004239625022806533,0.004239625022806533,0.0,0.7090909090909091,0.29949238578680204
quality,off,0,45,35,False,0.0031797187671048998,0.0031797187671048998,0.0,0.7053571428571429,0.297029702970297
quality,off,0,45,36,False,0.0023847890753286747,0.0023847890753286747,0.0,0.7068965517241379,0.3014354066985646
quality,off,0,45,37,False,0.001788591806496506,0.001788591806496506,0.0,0.711864406779661,0.29767441860465116
quality,off,0,45,38,False,0.0013414438548723796,0.0013414438548723796,0.0,0.7154471544715447,0.2972972972972973
quality,off,0,45,39,False,0.0010060828911542846,0.0010060828911542846,0.0,0.72,0.29955947136563876
quality,off,0,46,0,False,0.0,0.0,0.0,0.0,1.0
quality,off,0,46,1,False,0.0,0.0,0.2,0.2,0.8461538461538461
quality,off,0,46,2,False,0.05,0.05,0.42857142857142855,0.42857142857142855,0.71875
quality,off,0,46,3,False,0.14464285714285713,0.14464285714285713,0.4666666666666667,0.4666666666666667,0.6571428571428571
quality,off,0,46,4,False,0.2251488095238095,0.2251488095238095,0.6,0.6,0.5609756097560976
quality,off,0,46,5,False,0.3188616071428572,0.31886160714285716,0.6,0.6190476190476191,0.5348837209302325
quality,off,0,46,6,False,0.3891462053571428,0.38914620535714284,0.5,0.6153846153846154,0.52
quality,off,0,46,7,False,0.41685965401785713,0.41685965401785713,0.5,0.6296296296296297,0.49056603773584906
quality,off,0,46,8,False,0.43764474051339286,0.43764474051339286,0.4,0.6129032258064516,0.4827586206896552
quality,off,0,46,9,False,0.4282335553850446,0.4282335553850446,0.4,0.6388888888888888,0.453125
quality,off,0,46,10,False,0.4211751665387834,0.4211751665387834,0.35,0.6341463414634146,0.45714285714285713
quality,off,0,46,11,False,0.4033813749040875,0.40338137490408754,0.35,0.6511627906976745,0.4266666666666667
quality,off,0,46,12,False,0.3900360311780656,0.3900360311780656,0.35,0.6590909090909091,0.4177215189873418
quality,off,0,46,13,False,0.38002702338354916,0.3800270233835492,0.35,0.6666666666666666,0.40963855421686746
quality,off,0,46,14,False,0.3725202675376619,0.3725202675376619,0.35,0.6808510638297872,0.38636363636363635
quality,off,0,46,15,False,0.36689020065324635,0.3668902006532464,0.3,0.6923076923076923,0.3723404255319149
quality,off,0,46,16,False,0.3501676504899348,0.3501676504899348,0.25,0.6851851851851852,0.3673469387755102
quality,off,0,46,17,False,0.32512573786745114,0.32512573786745114,0.25,0.6964285714285714,0.34951456310679613
quality,off,0,46,18,False,0.3063443034005884,0.3063443034005884,0.2,0.6842105263157895,0.3523809523809524
quality,off,0,46,19,False,0.2797582275504413,0.2797582275504413,0.2,0.6949152542372882,0.34545454545454546
quality,off,0,46,20,False,0.25981867066283093,0.25981867066283093,0.2,0.7096774193548387,0.3333333333333333
quality,off,0,46,21,False,0.2448640029971232,0.2448640029971232,0.2,0.7096774193548387,0.3333333333333333
quality,off,0,46,22,False,0.23364800224784238,0.23364800224784238,0.15,0.7076923076923077,0.32786885245901637
quality,off,0,46,23,False,0.21273600168588178,0.21273600168588178,0.05,0.6911764705882353,0.3359375
quality,off,0,46,24,False,0.17205200126441134,0.17205200126441134,0.05,0.7,0.3233082706766917
quality,off,0,46,25,False,0.1415390009483085,0.1415390009483085,0.0,0.7027027027027027,0.3142857142857143
quality,off,0,46,26,False,0.10615425071123138,0.10615425071123138,0.0,0.7088607594936709,0.3103448275862069
quality,off,0,46,27,False,0.07961568803342353,0.07961568803342353,0.0,0.7195121951219512,0.30666666666666664
quality,off,0,46,28,False,0.05971176602506765,0.05971176602506765,0.0,0.7261904761904762,0.310126582278481
quality,off,0,46,29,False,0.04478382451880074,0.04478382451880074,0.0,0.7142857142857143,0.3132530120481928
quality,off,0,46,30,False,0.03358786838910055,0.03358786838910055,0.0,0.723404255319149,0.3081395348837209
quality,off,0,46,31,False,0.025190901291825413,0.025190901291825413,0.0,0.7216494845360825,0.30337078651685395
quality,off,0,46,32,False,0.01889317596886906,0.01889317596886906,0.0,0.73,0.2972972972972973
quality,off,0,46,33,False,0.014169881976651795,0.014169881976651795,0.0,0.7378640776699029,0.2931937172774869
quality,off,0,46,34,False,0.010627411482488846,0.010627411482488846,0.0,0.7333333333333333,0.29081632653061223
quality,off,0,46,35,False,0.007970558611866635,0.007970558611866635,0.0,0.7363636363636363,0.2871287128712871
quality,off,0,46,36,False,0.005977918958899976,0.0059779189588999755,0.0,0.7241379310344828,0.2938388625592417
quality,off,0,46,37,False,0.004483439219174982,0.004483439219174982,0.0,0.7213114754098361,0.2916666666666667
quality,off,0,46,38,False,0.003362579414381236,0.003362579414381236,0.0,0.7142857142857143,0.2927927927927928
quality,off,0,46,39,False,0.0025219345607859272,0.0025219345607859272,0.0,0.7022900763358778,0.29955947136563876
quality,off,0,47,0,False,0.0,0.0,0.0,0.0,1.0
quality,off,0,47,1,False,0.0,0.0,0.2727272727272727,0.2727272727272727,0.8518518518518519
quality,off,0,47,2,False,0.06818181818181818,0.06818181818181818,0.35714285714285715,0.35714285714285715,0.7575757575757576
quality,off,0,47,3,False,0.14042207792207792,0.14042207792207792,0.4375,0.4375,0.65
quality,off,0,47,4,False,0.21469155844155843,0.21469155844155843,0.5,0.5,0.5686274509803921
quality,off,0,47,5,False,0.28601866883116883,0.28601866883116883,0.5,0.5238095238095238,0.5576923076923077
quality,off,0,47,6,False,0.3395140016233767,0.33951400162337664,0.4,0.5555555555555556,0.5254237288135594
quality,off,0,47,7,False,0.3546355012175325,0.3546355012175325,0.4,0.5862068965517241,0.5
quality,off,0,47,8,False,0.36597662591314933,0.3659766259131494,0.3,0.5757575757575758,0.4925373134328358
quality,off,0,47,9,False,0.34948246943486205,0.34948246943486205,0.2,0.5675675675675675,0.48
quality,off,0,47,10,False,0.3121118520761465,0.3121118520761465,0.1,0.5609756097560976,0.4691358024691358
quality,off,0,47,11,False,0.2590838890571099,0.2590838890571099,0.1,0.5813953488372093,0.4418604651162791
quality,off,0,47,12,False,0.2193129167928324,0.2193129167928324,0.1,0.6,0.4222222222222222
quality,off,0,47,13,False,0.1894846875946243,0.1894846875946243,0.05,0.5957446808510638,0.40625
quality,off,0,47,14,False,0.15461351569596823,0.15461351569596823,0.0,0.6078431372549019,0.39215686274509803
quality,off,0,47,15,False,0.11596013677197617,0.11596013677197617,0.0,0.5892857142857143,0.3944954128440367
quality,off,0,47,16,False,0.08697010257898212,0.08697010257898213,0.0,0.5932203389830508,0.38596491228070173
quality,off,0,47,17,False,0.0652275769342366,0.0652275769342366,0.0,0.59375,0.3770491803278688
quality,off,0,47,18,False,0.048920682700677454,0.048920682700677454,0.0,0.5970149253731343,0.376
quality,off,0,47,19,False,0.03669051202550809,0.03669051202550809,0.0,0.6056338028169014,0.366412213740458
quality,off,0,47,20,False,0.027517884019131068,0.027517884019131068,0.0,0.6233766233766234,0.35251798561151076
quality,off,0,47,21,False,0.0206384130143483,0.0206384130143483,0.0,0.6428571428571429,0.3448275862068966
quality,off,0,47,22,False,0.015478809760761226,0.015478809760761226,0.0,0.6436781609195402,0.3464052287581699
quality,off,0,47,23,False,0.01160910732057092,0.01160910732057092,0.0,0.651685393258427,0.3375796178343949
quality,off,0,47,24,False,0.00870683049042819,0.00870683049042819,0.0,0.6391752577319587,0.3473053892215569
quality,off,0,47,25,False,0.006530122867821142,0.006530122867821142,0.0,0.6435643564356436,0.34285714285714286
quality,off,0,47,26,False,0.004897592150865858,0.004897592150865857,0.0,0.6509433962264151,0.3370165745856354
quality,off,0,47,27,False,0.003673194113149393,0.003673194113149393,0.0,0.6339285714285714,0.34574468085106386
quality,off,0,47,28,False,0.0027548955848620445,0.0027548955848620445,0.0,0.6218487394957983,0.3520408163265306
quality,off,0,47,29,False,0.0020661716886465334,0.0020661716886465334,0.0,0.628099173553719,0.3484848484848485
quality,off,0,47,30,False,0.0015496287664849,0.0015496287664849,0.0,0.6290322580645161,0.3446601941747573
quality,off,0,47,31,False,0.001162221574863675,0.001162221574863675,0.0,0.6259541984732825,0.3488372093023256
quality,off,0,47,32,False,0.0008716661811477563,0.0008716661811477563,0.0,0.6323529411764706,0.34080717488789236
quality,off,0,47,33,False,0.0006537496358608173,0.0006537496358608173,0.0,0.6330935251798561,0.34210526315789475
quality,off,0,47,34,False,0.0004903122268956129,0.0004903122268956129,0.0,0.6326530612244898,0.3432203389830508
quality,off,0,47,35,False,0.00036773417017170966,0.00036773417017170966,0.0,0.6381578947368421,0.33877551020408164
quality,off,0,47,36,False,0.00027580062762878226,0.00027580062762878226,0.0,0.6346153846153846,0.3426294820717131
quality,off,0,47,37,False,0.0002068504707215867,0.0002068504707215867,0.0,0.6369426751592356,0.33725490196078434
quality,off,0,47,38,False,0.00015513785304119003,0.00015513785304119003,0.0,0.6415094339622641,0.3333333333333333
quality,off,0,47,39,False,0.00011635338978089251,0.00011635338978089251,0.0,0.6375,0.3333333333333333
quality,off,0,48,0,False,0.0,0.0,0.0,0.0,1.0
quality,off,0,48,1,False,0.0,0.0,0.3333333333333333,0.3333333333333333,0.8571428571428571
quality,off,0,48,2,False,0.08333333333333333,0.08333333333333333,0.4,0.4,0.72
quality,off,0,48,3,False,0.1625,0.1625,0.5714285714285714,0.5714285714285714,0.5806451612903226
quality,off,0,48,4,False,0.26473214285714286,0.26473214285714286,0.6470588235294118,0.6470588235294118,0.5428571428571428
quality,off,0,48,5,False,0.3603138130252101,0.3603138130252101,0.6470588235294118,0.6470588235294118,0.5405405405405406
quality,off,0,48,6,False,0.4320000656512605,0.4320000656512605,0.6842105263157895,0.6842105263157895,0.46511627906976744
quality,off,0,48,7,False,0.4950526808173927,0.49505268081739273,0.7,0.7,0.43478260869565216
quality,off,0,48,8,False,0.5462895106130445,0.5462895106130445,0.7,0.7272727272727273,0.42
quality,off,0,48,9,False,0.5847171329597833,0.5847171329597833,0.7,0.75,0.39622641509433965
quality,off,0,48,10,False,0.6135378497198375,0.6135378497198375,0.65,0.7307692307692307,0.3793103448275862
quality,off,0,48,11,False,0.6226533872898781,0.6226533872898781,0.6,0.7333333333333333,0.3582089552238806
quality,off,0,48,12,False,0.6169900404674086,0.6169900404674086,0.6,0.75,0.3380281690140845
quality,off,0,48,13,False,0.6127425303505565,0.6127425303505565,0.6,0.7777777777777778,0.3116883116883117
quality,off,0,48,14,False,0.6095568977629172,0.6095568977629173,0.45,0.7380952380952381,0.32142857142857145
quality,off,0,48,15,False,0.569667673322188,0.569667673322188,0.45,0.7441860465116279,0.30337078651685395
quality,off,0,48,16,False,0.539750754991641,0.539750754991641,0.35,0.723404255319149,0.3125
quality,off,0,48,17,False,0.49231306624373083,0.49231306624373083,0.35,0.74,0.3
quality,off,0,48,18,False,0.4567347996827982,0.4567347996827982,0.35,0.75,0.2912621359223301
quality,off,0,48,19,False,0.43005109976209865,0.43005109976209865,0.25,0.7457627118644068,0.2882882882882883
quality,off,0,48,20,False,0.38503832482157396,0.38503832482157396,0.2,0.746031746031746,0.28448275862068967
quality,off,0,48,21,False,0.3387787436161805,0.3387787436161805,0.15,0.746268656716418,0.2845528455284553
quality,off,0,48,22,False,0.29158405771213536,0.29158405771213536,0.05,0.7397260273972602,0.2857142857142857
quality,off,0,48,23,False,0.23118804328410153,0.23118804328410153,0.05,0.7432432432432432,0.2753623188405797
quality,off,0,48,24,False,0.18589103246307617,0.18589103246307614,0.05,0.7466666666666667,0.2695035460992908
quality,off,0,48,25,False,0.15191827434730712,0.15191827434730712,0.0,0.7407407407407407,0.272108843537415
quality,off,0,48,26,False,0.11393870576048035,0.11393870576048035,0.0,0.7380952380952381,0.26973684210526316
quality,off,0,48,27,False,0.08545402932036025,0.08545402932036025,0.0,0.735632183908046,0.275
quality,off,0,48,28,False,0.06409052199027018,0.06409052199027018,0.0,0.7333333333333333,0.2710843373493976
quality,off,0,48,29,False,0.04806789149270264,0.04806789149270264,0.0,0.7362637362637363,0.2631578947368421
quality,off,0,48,30,False,0.03605091861952698,0.03605091861952698,0.0,0.7422680412371134,0.26666666666666666
quality,off,0,48,31,False,0.027038188964645236,0.027038188964645236,0.0,0.7254901960784313,0.2698412698412698
quality,off,0,48,32,False,0.020278641723483926,0.020278641723483926,0.0,0.7333333333333333,0.26424870466321243
quality,off,0,48,33,False,0.015208981292612944,0.015208981292612944,0.0,0.7358490566037735,0.26153846153846155
quality,off,0,48,34,False,0.011406735969459708,0.011406735969459708,0.0,0.7383177570093458,0.2562814070351759
quality,off,0,48,35,False,0.008555051977094781,0.008555051977094781,0.0,0.75,0.24878048780487805
quality,off,0,48,36,False,0.006416288982821086,0.006416288982821086,0.0,0.7522123893805309,0.24170616113744076
quality,off,0,48,37,False,0.004812216737115814,0.004812216737115814,0.0,0.7606837606837606,0.24311926605504589
quality,off,0,48,38,False,0.003609162552836861,0.0036091625528368605,0.0,0.7563025210084033,0.24774774774774774
quality,off,0,48,39,False,0.0027068719146276453,0.0027068719146276453,0.0,0.746031746031746,0.25217391304347825
quality,off,0,49,0,False,0.0,0.0,0.0,0.0,1.0
quality,off,0,49,1,False,0.0,0.0,0.16666666666666666,0.16666666666666666,0.8076923076923077
quality,off,0,49,2,False,0.041666666666666664,0.041666666666666664,0.4,0.4,0.6571428571428571
quality,off,0,49,3,False,0.13125,0.13125,0.5,0.5,0.6153846153846154
quality,off,0,49,4,False,0.2234375,0.2234375,0.5384615384615384,0.5384615384615384,0.5853658536585366
quality,off,0,49,5,False,0.3021935096153846,0.3021935096153846,0.5714285714285714,0.5714285714285714,0.5581395348837209
quality,off,0,49,6,False,0.3695022750686813,0.3695022750686813,0.6111111111111112,0.6111111111111112,0.5416666666666666
quality,off,0,49,7,False,0.4299044840792887,0.4299044840792887,0.55,0.6086956521739131,0.509090909090909
quality,off,0,49,8,False,0.45992836305946655,0.45992836305946655,0.55,0.625,0.4915254237288136
quality,off,0,49,9,False,0.48244627229459996,0.4824462722945999,0.5,0.6153846153846154,0.47692307692307695
quality,off,0,49,10,False,0.48683470422094993,0.48683470422094993,0.5,0.6666666666666666,0.4520547945205479
quality,off,0,49,11,False,0.49012602816571244,0.49012602816571244,0.4,0.6666666666666666,0.4444444444444444
quality,off,0,49,12,False,0.46759452112428435,0.46759452112428435,0.4,0.6829268292682927,0.42528735632183906
quality,off,0,49,13,False,0.4506958908432133,0.45069589084321326,0.4,0.6976744186046512,0.4065934065934066
quality,off,0,49,14,False,0.43802191813241,0.43802191813241,0.4,0.7045454545454546,0.3978494623655914
quality,off,0,49,15,False,0.4285164385993075,0.42851643859930744,0.4,0.7291666666666666,0.37755102040816324
quality,off,0,49,16,False,0.4213873289494806,0.4213873289494806,0.35,0.7307692307692307,0.36893203883495146
quality,off,0,49,17,False,0.40354049671211045,0.40354049671211045,0.35,0.7358490566037735,0.3644859813084112
quality,off,0,49,18,False,0.39015537253408283,0.39015537253408283,0.25,0.7241379310344828,0.35964912280701755
quality,off,0,49,19,False,0.35511652940056215,0.35511652940056215,0.25,0.7419354838709677,0.3504273504273504
quality,off,0,49,20,False,0.3288373970504216,0.3288373970504216,0.25,0.746031746031746,0.3416666666666667
quality,off,0,49,21,False,0.3091280477878162,0.3091280477878162,0.25,0.7538461538461538,0.328
quality,off,0,49,22,False,0.29434603584086216,0.29434603584086216,0.2,0.7571428571428571,0.32061068702290074
quality,off,0,49,23,False,0.27075952688064664,0.27075952688064664,0.15,0.7631578947368421,0.3188405797101449
quality,off,0,49,24,False,0.24056964516048499,0.24056964516048499,0.15,0.7692307692307693,0.3076923076923077
quality,off,0,49,25,False,0.21792723387036375,0.21792723387036375,0.05,0.7560975609756098,0.3202614379084967
quality,off,0,49,26,False,0.17594542540277283,0.17594542540277283,0.05,0.7619047619047619,0.31645569620253167
quality,off,0,49,27,False,0.14445906905207964,0.14445906905207964,0.05,0.7586206896551724,0.3170731707317073
quality,off,0,49,28,False,0.12084430178905974,0.12084430178905974,0.05,0.7666666666666667,0.3136094674556213
quality,off,0,49,29,False,0.1031332263417948,0.1031332263417948,0.0,0.7578947368421053,0.3125
quality,off,0,49,30,False,0.0773499197563461,0.0773499197563461,0.0,0.7551020408163265,0.3114754098360656
quality,off,0,49,31,False,0.05801243981725958,0.05801243981725958,0.0,0.7523809523809524,0.3076923076923077
quality,off,0,49,32,False,0.04350932986294469,0.04350932986294469,0.0,0.7547169811320755,0.3065326633165829
quality,off,0,49,33,False,0.03263199739720851,0.03263199739720851,0.0,0.7431192660550459,0.3103448275862069
quality,off,0,49,34,False,0.02447399804790638,0.024473998047906384,0.0,0.7350427350427351,0.30985915492957744
quality,off,0,49,35,False,0.018355498535929788,0.018355498535929788,0.0,0.7416666666666667,0.3055555555555556
quality,off,0,49,36,False,0.013766623901947342,0.013766623901947342,0.0,0.744,0.29777777777777775
quality,off,0,49,37,False,0.010324967926460506,0.010324967926460506,0.0,0.7480314960629921,0.29694323144104806
quality,off,0,49,38,False,0.00774372594484538,0.00774372594484538,0.0,0.7404580152671756,0.30042918454935624
quality,off,0,49,39,False,0.005807794458634034,0.005807794458634035,0.0,0.7318840579710145,0.3029045643153527
quality,off,0,50,0,False,0.0,0.0,0.0,0.0,1.0
quality,off,0,50,1,False,0.0,0.0,0.21052631578947367,0.21052631578947367,0.8214285714285714
quality,off,0,50,2,False,0.05263157894736842,0.05263157894736842,0.2,0.3333333333333333,0.7142857142857143
quality,off,0,50,3,False,0.0894736842105263,0.08947368421052632,0.15,0.37037037037037035,0.6666666666666666
quality,off,0,50,4,False,0.10460526315789473,0.10460526315789473,0.05,0.3870967741935484,0.6122448979591837
quality,off,0,50,5,False,0.09095394736842104,0.09095394736842104,0.05,0.3939393939393939,0.5961538461538461
quality,off,0,50,6,False,0.08071546052631577,0.08071546052631577,0.05,0.3939393939393939,0.5714285714285714
quality,off,0,50,7,False,0.07303659539473682,0.07303659539473682,0.05,0.46153846153846156,0.532258064516129
quality,off,0,50,8,False,0.06727744654605261,0.06727744654605261,0.0,0.4883720930232558,0.5
quality,off,0,50,9,False,0.05045808490953946,0.05045808490953946,0.0,0.5319148936170213,0.47368421052631576
quality,off,0,50,10,False,0.03784356368215459,0.03784356368215459,0.0,0.52,0.4578313253012048
quality,off,0,50,11,False,0.028382672761615945,0.028382672761615945,0.0,0.5384615384615384,0.4418604651162791
quality,off,0,50,12,False,0.021287004571211958,0.021287004571211958,0.0,0.5614035087719298,0.41935483870967744
quality,off,0,50,13,False,0.015965253428408967,0.015965253428408967,0.0,0.5737704918032787,0.4
quality,off,0,50,14,False,0.011973940071306725,0.011973940071306725,0.0,0.5625,0.4
quality,off,0,50,15,False,0.008980455053480043,0.008980455053480043,0.0,0.5652173913043478,0.39285714285714285
quality,off,0,50,16,False,0.006735341290110032,0.006735341290110032,0.0,0.5616438356164384,0.39316239316239315
quality,off,0,50,17,False,0.005051505967582524,0.005051505967582524,0.0,0.5789473684210527,0.3865546218487395
quality,off,0,50,18,False,0.003788629475686893,0.003788629475686893,0.0,0.5897435897435898,0.37398373983739835
quality,off,0,50,19,False,0.00284147210676517,0.00284147210676517,0.0,0.5949367088607594,0.36507936507936506
quality,off,0,50,20,False,0.002131104080073877,0.002131104080073877,0.0,0.5952380952380952,0.3609022556390977
quality,off,0,50,21,False,0.001598328060055408,0.001598328060055408,0.0,0.6091954022988506,0.35
quality,off,0,50,22,False,0.0011987460450415559,0.0011987460450415559,0.0,0.6195652173913043,0.3424657534246575
quality,off,0,50,23,False,0.0008990595337811668,0.0008990595337811668,0.0,0.6224489795918368,0.33986928104575165
quality,off,0,50,24,False,0.0006742946503358752,0.0006742946503358752,0.0,0.6274509803921569,0.33125
quality,off,0,50,25,False,0.0005057209877519064,0.0005057209877519064,0.0,0.6355140186915887,0.32335329341317365
quality,off,0,50,26,False,0.0003792907408139298,0.0003792907408139298,0.0,0.6422018348623854,0.3176470588235294
quality,off,0,50,27,False,0.00028446805561044736,0.00028446805561044736,0.0,0.6460176991150443,0.3163841807909605
quality,off,0,50,28,False,0.00021335104170783548,0.0002133510417078355,0.0,0.6521739130434783,0.3128491620111732
quality,off,0,50,29,False,0.00016001328128087663,0.00016001328128087663,0.0,0.6416666666666667,0.31891891891891894
quality,off,0,50,30,False,0.00012000996096065747,0.00012000996096065748,0.0,0.6428571428571429,0.3177083333333333
quality,off,0,50,31,False,9.000747072049311e-05,9.000747072049311e-05,0.0,0.648854961832061,0.31155778894472363
quality,off,0,50,32,False,6.750560304036984e-05,6.750560304036984e-05,0.0,0.6541353383458647,0.3155339805825243
quality,off,0,50,33,False,5.062920228027737e-05,5.062920228027737e-05,0.0,0.6567164179104478,0.3140096618357488
quality,off,0,50,34,False,3.797190171020802e-05,3.7971901710208026e-05,0.0,0.6524822695035462,0.3148148148148148
quality,off,0,50,35,False,2.847892628265602e-05,2.847892628265602e-05,0.0,0.6503496503496503,0.3167420814479638
quality,off,0,50,36,False,2.1359194711992017e-05,2.1359194711992017e-05,0.0,0.6621621621621622,0.30973451327433627
quality,off,0,50,37,False,1.6019396033994014e-05,1.6019396033994014e-05,0.0,0.6622516556291391,0.30869565217391304
quality,off,0,50,38,False,1.201454702549551e-05,1.201454702549551e-05,0.0,0.6623376623376623,0.3093220338983051
quality,off,0,50,39,False,9.010910269121633e-06,9.010910269121633e-06,0.0,0.6666666666666666,0.30991735537190085
quality,off,0,51,0,False,0.0,0.0,0.0,0.0,1.0
quality,off,0,51,1,False,0.0,0.0,0.14285714285714285,0.14285714285714285,0.875
quality,off,0,51,2,False,0.03571428571428571,0.03571428571428571,0.23529411764705882,0.23529411764705882,0.7894736842105263
quality,off,0,51,3,False,0.08560924369747899,0.08560924369747899,0.3,0.3333333333333333,0.6956521739130435
quality,off,0,51,4,False,0.13920693277310925,0.13920693277310925,0.3,0.4166666666666667,0.6274509803921569
quality,off,0,51,5,False,0.17940519957983195,0.17940519957983192,0.3,0.44,0.6
quality,off,0,51,6,False,0.20955389968487395,0.20955389968487392,0.25,0.4827586206896552,0.5666666666666667
quality,off,0,51,7,False,0.21966542476365544,0.21966542476365544,0.2,0.4838709677419355,0.5538461538461539
quality,off,0,51,8,False,0.21474906857274156,0.21474906857274156,0.15,0.5405405405405406,0.5138888888888888
quality,off,0,51,9,False,0.19856180142955618,0.19856180142955618,0.1,0.5609756097560976,0.4936708860759494
quality,off,0,51,10,False,0.17392135107216714,0.17392135107216714,0.1,0.5813953488372093,0.4588235294117647
quality,off,0,51,11,False,0.15544101330412535,0.15544101330412535,0.1,0.6,0.43333333333333335
quality,off,0,51,12,False,0.14158075997809402,0.14158075997809402,0.0,0.6078431372549019,0.4329896907216495
quality,off,0,51,13,False,0.10618556998357051,0.10618556998357051,0.0,0.6296296296296297,0.4077669902912621
quality,off,0,51,14,False,0.07963917748767788,0.07963917748767788,0.0,0.631578947368421,0.4074074074074074
quality,off,0,51,15,False,0.05972938311575841,0.05972938311575841,0.0,0.6229508196721312,0.40350877192982454
quality,off,0,51,16,False,0.0447970373368188,0.04479703733681881,0.0,0.6190476190476191,0.4017094017094017
quality,off,0,51,17,False,0.033597778002614105,0.033597778002614105,0.0,0.625,0.3884297520661157
quality,off,0,51,18,False,0.02519833350196058,0.02519833350196058,0.0,0.6268656716417911,0.3858267716535433
quality,off,0,51,19,False,0.018898750126470437,0.018898750126470437,0.0,0.6216216216216216,0.38235294117647056
quality,off,0,51,20,False,0.01417406259485283,0.014174062594852828,0.0,0.6329113924050633,0.3706293706293706
quality,off,0,51,21,False,0.010630546946139621,0.010630546946139621,0.0,0.6385542168674698,0.3691275167785235
quality,off,0,51,22,False,0.007972910209604715,0.007972910209604715,0.0,0.6436781609195402,0.36363636363636365
quality,off,0,51,23,False,0.0059796826572035364,0.0059796826572035364,0.0,0.6413043478260869,0.37037037037037035
quality,off,0,51,24,False,0.004484761992902653,0.004484761992902653,0.0,0.6458333333333334,0.3630952380952381
quality,off,0,51,25,False,0.0033635714946769896,0.0033635714946769896,0.0,0.6534653465346535,0.35795454545454547
quality,off,0,51,26,False,0.002522678621007742,0.002522678621007742,0.0,0.6568627450980392,0.3539325842696629
quality,off,0,51,27,False,0.0018920089657558069,0.0018920089657558066,0.0,0.6728971962616822,0.34759358288770054
quality,off,0,51,28,False,0.001419006724316855,0.001419006724316855,0.0,0.6759259259259259,0.3471502590673575
quality,off,0,51,29,False,0.0010642550432376412,0.0010642550432376412,0.0,0.6666666666666666,0.34673366834170855
quality,off,0,51,30,False,0.0007981912824282309,0.0007981912824282309,0.0,0.6608695652173913,0.3480392156862745
quality,off,0,51,31,False,0.0005986434618211733,0.0005986434618211731,0.0,0.6666666666666666,0.3397129186602871
quality,off,0,51,32,False,0.00044898259636587986,0.00044898259636587986,0.0,0.675,0.3333333333333333
quality,off,0,51,33,False,0.00033673694727440987,0.00033673694727440987,0.0,0.6694214876033058,0.33796296296296297
quality,off,0,51,34,False,0.00025255271045580743,0.00025255271045580743,0.0,0.6693548387096774,0.334841628959276
quality,off,0,51,35,False,0.00018941453284185557,0.00018941453284185557,0.0,0.6692913385826772,0.3303964757709251
quality,off,0,51,36,False,0.00014206089963139166,0.00014206089963139169,0.0,0.6666666666666666,0.33047210300429186
quality,off,0,51,37,False,0.00010654567472354376,0.00010654567472354376,0.0,0.6691176470588235,0.3263598326359833
quality,off,0,51,38,False,7.990925604265783e-05,7.990925604265783e-05,0.0,0.6714285714285714,0.3237704918032787
quality,off,0,51,39,False,5.993194203199337e-05,5.993194203199337e-05,0.0,0.6690140845070423,0.3225806451612903
quality,off,2,42,0,False,0.0,0.0,0.0,0.0,1.0
quality,off,2,42,1,False,0.0,0.0,0.3333333333333333,0.3333333333333333,0.8260869565217391
quality,off,2,42,2,True,0.08333333333333333,0.08333333333333333,0.0,0.0,1.0
quality,off,2,42,3,False,0.0625,0.0625,0.3,0.3,0.8275862068965517
quality,off,2,42,4,True,0.121875,0.121875,0.0,0.0,1.0
quality,off,2,42,5,False,0.09140625,0.09140625,0.36363636363636365,0.36363636363636365,0.8125
quality,off,2,42,6,True,0.1594637784090909,0.1594637784090909,0.0,0.0,1.0
quality,off,2,42,7,False,0.11959783380681818,0.11959783380681818,0.21052631578947367,0.21052631578947367,0.8333333333333334
quality,off,2,42,8,True,0.14232995430248205,0.14232995430248205,0.0,0.0,1.0
quality,off,2,42,9,False,0.10674746572686153,0.10674746572686153,0.13333333333333333,0.13333333333333333,0.84
quality,off,2,42,10,True,0.11339393262847948,0.11339393262847947,0.0,0.0,1.0
quality,off,2,42,11,False,0.0850454494713596,0.0850454494713596,0.23076923076923078,0.23076923076923078,0.8666666666666667
quality,off,2,42,12,True,0.12147639479582739,0.12147639479582739,0.0,0.0,1.0
quality,off,2,42,13,False,0.09110729609687054,0.09110729609687054,0.25,0.25,0.7916666666666666
quality,off,2,42,14,True,0.13083047207265291,0.13083047207265291,0.0,0.0,1.0
quality,off,2,42,15,False,0.09812285405448969,0.09812285405448969,0.1111111111111111,0.1111111111111111,0.9090909090909091
quality,off,2,42,16,True,0.10136991831864504,0.10136991831864504,0.0,0.0,1.0
quality,off,2,42,17,False,0.07602743873898378,0.07602743873898378,0.16666666666666666,0.16666666666666666,0.8571428571428571
quality,off,2,42,18,True,0.09868724572090451,0.09868724572090451,0.0,0.0,1.0
quality,off,2,42,19,False,0.07401543429067839,0.07401543429067839,0.13333333333333333,0.13333333333333333,0.8846153846153846
quality,off,2,42,20,True,0.08884490905134212,0.08884490905134212,0.0,0.0,1.0
quality,off,2,42,21,False,0.0666336817885066,0.0666336817885066,0.375,0.375,0.7916666666666666
quality,off,2,42,22,True,0.14372526134137995,0.14372526134137995,0.0,0.0,1.0
quality,off,2,42,23,False,0.10779394600603495,0.10779394600603495,0.18181818181818182,0.18181818181818182,0.8518518518518519
quality,off,2,42,24,True,0.12630000495907168,0.12630000495907168,0.0,0.0,1.0
quality,off,2,42,25,False,0.09472500371930377,0.09472500371930376,0.0,0.0,0.9130434782608695
quality,off,2,42,26,True,0.07104375278947782,0.07104375278947782,0.0,0.0,1.0
quality,off,2,42,27,False,0.05328281459210836,0.05328281459210836,0.23076923076923078,0.23076923076923078,0.8518518518518519
quality,off,2,42,28,True,0.09765441863638895,0.09765441863638896,0.0,0.0,1.0
quality,off,2,42,29,False,0.07324081397729172,0.07324081397729172,0.2,0.2,0.8888888888888888
quality,off,2,42,30,True,0.1049306104829688,0.1049306104829688,0.0,0.0,1.0
quality,off,2,42,31,False,0.0786979578622266,0.0786979578622266,0.2222222222222222,0.2222222222222222,0.8
quality,off,2,42,32,True,0.1145790239522255,0.1145790239522255,0.0,0.0,1.0
quality,off,2,42,33,False,0.08593426796416911,0.08593426796416911,0.14285714285714285,0.14285714285714285,0.8928571428571429
quality,off,2,42,34,True,0.10016498668741254,0.10016498668741254,0.0,0.0,1.0
quality,off,2,42,35,False,0.07512374001555941,0.07512374001555941,0.5,0.5,0.8181818181818182
quality,off,2,42,36,True,0.18134280501166952,0.18134280501166955,0.0,0.0,1.0
quality,off,2,42,37,False,0.13600710375875216,0.13600710375875216,0.25,0.25,0.8095238095238095
quality,off,2,42,38,True,0.16450532781906416,0.16450532781906413,0.0,0.0,1.0
quality,off,2,42,39,False,0.1233789958642981,0.1233789958642981,0.09090909090909091,0.09090909090909091,0.8846153846153846
quality,off,2,43,0,False,0.0,0.0,0.0,0.0,1.0
quality,off,2,43,1,False,0.0,0.0,0.09090909090909091,0.09090909090909091,0.8518518518518519
quality,off,2,43,2,True,0.022727272727272728,0.022727272727272728,0.0,0.0,1.0
quality,off,2,43,3,False,0.017045454545454544,0.017045454545454544,0.2727272727272727,0.2727272727272727,0.8
quality,off,2,43,4,True,0.08096590909090909,0.08096590909090909,0.0,0.0,1.0
quality,off,2,43,5,False,0.060724431818181816,0.060724431818181816,0.42857142857142855,0.42857142857142855,0.7391304347826086
quality,off,2,43,6,True,0.1526861810064935,0.1526861810064935,0.0,0.0,1.0
quality,off,2,43,7,False,0.11451463575487013,0.11451463575487013,0.07142857142857142,0.07142857142857142,0.9166666666666666
quality,off,2,43,8,True,0.10374311967329544,0.10374311967329544,0.0,0.0,1.0
quality,off,2,43,9,False,0.07780733975497159,0.07780733975497159,0.1,0.1,0.8571428571428571
quality,off,2,43,10,True,0.08335550481622869,0.08335550481622869,0.0,0.0,1.0
quality,off,2,43,11,False,0.06251662861217153,0.06251662861217153,0.18181818181818182,0.18181818181818182,0.78125
quality,off,2,43,12,True,0.0923420169136741,0.09234201691367411,0.0,0.0,1.0
quality,off,2,43,13,False,0.06925651268525558,0.06925651268525558,0.2857142857142857,0.2857142857142857,0.7727272727272727
quality,off,2,43,14,True,0.12337095594251311,0.12337095594251311,0.0,0.0,1.0
quality,off,2,43,15,False,0.09252821695688483,0.09252821695688483,0.21428571428571427,0.21428571428571427,0.8857142857142857
quality,off,2,43,16,True,0.12296759128909218,0.12296759128909218,0.0,0.0,1.0
quality,off,2,43,17,False,0.09222569346681915,0.09222569346681914,0.13333333333333333,0.13333333333333333,0.84
quality,off,2,43,18,True,0.10250260343344768,0.10250260343344769,0.0,0.0,1.0
quality,off,2,43,19,False,0.07687695257508577,0.07687695257508577,0.18181818181818182,0.18181818181818182,0.8636363636363636
quality,off,2,43,20,True,0.10311225988585979,0.10311225988585979,0.0,0.0,1.0
quality,off,2,43,21,False,0.07733419491439483,0.07733419491439483,0.5714285714285714,0.5714285714285714,0.7272727272727273
quality,off,2,43,22,True,0.20085778904293897,0.20085778904293897,0.0,0.0,1.0
quality,off,2,43,23,False,0.15064334178220423,0.15064334178220423,0.2,0.2,0.9130434782608695
quality,off,2,43,24,True,0.16298250633665318,0.16298250633665318,0.0,0.0,1.0
quality,off,2,43,25,False,0.12223687975248988,0.12223687975248988,0.15384615384615385,0.15384615384615385,0.88
quality,off,2,43,26,True,0.13013919827590587,0.13013919827590587,0.0,0.0,1.0
quality,off,2,43,27,False,0.0976043987069294,0.0976043987069294,0.375,0.375,0.782608695652174
quality,off,2,43,28,True,0.1669532990301971,0.16695329903019707,0.0,0.0,1.0
quality,off,2,43,29,False,0.1252149742726478,0.1252149742726478,0.1111111111111111,0.1111111111111111,0.875
quality,off,2,43,30,True,0.12168900848226362,0.12168900848226362,0.0,0.0,1.0
quality,off,2,43,31,False,0.09126675636169772,0.09126675636169772,0.3333333333333333,0.3333333333333333,0.7777777777777778
quality,off,2,43,32,True,0.1517834006046066,0.1517834006046066,0.0,0.0,1.0
quality,off,2,43,33,False,0.11383755045345494,0.11383755045345495,0.18181818181818182,0.18181818181818182,0.9090909090909091
quality,off,2,43,34,True,0.13083270829463667,0.13083270829463667,0.0,0.0,1.0
quality,off,2,43,35,False,0.0981245312209775,0.0981245312209775,0.3333333333333333,0.3333333333333333,0.8148148148148148
quality,off,2,43,36,True,0.15692673174906643,0.15692673174906646,0.0,0.0,1.0
quality,off,2,43,37,False,0.11769504881179985,0.11769504881179985,0.2,0.2,0.8518518518518519
quality,off,2,43,38,True,0.1382712866088499,0.1382712866088499,0.0,0.0,1.0
quality,off,2,43,39,False,0.10370346495663743,0.10370346495663743,0.2,0.2,0.8421052631578947
quality,off,2,44,0,False,0.0,0.0,0.0,0.0,1.0
quality,off,2,44,1,False,0.0,0.0,0.3,0.3,0.72
quality,off,2,44,2,True,0.075,0.075,0.0,0.0,1.0
quality,off,2,44,3,False,0.05624999999999999,0.056249999999999994,0.36363636363636365,0.36363636363636365,0.76
quality,off,2,44,4,True,0.1330965909090909,0.1330965909090909,0.0,0.0,1.0
quality,off,2,44,5,False,0.09982244318181818,0.09982244318181818,0.14285714285714285,0.14285714285714285,0.9259259259259259
quality,off,2,44,6,True,0.11058111810064934,0.11058111810064934,0.0,0.0,1.0
quality,off,2,44,7,False,0.082935838575487,0.082935838575487,0.375,0.375,0.8181818181818182
quality,off,2,44,8,True,0.15595187893161525,0.15595187893161525,0.0,0.0,1.0
quality,off,2,44,9,False,0.11696390919871144,0.11696390919871144,0.3333333333333333,0.3333333333333333,0.8636363636363636
quality,off,2,44,10,True,0.1710562652323669,0.1710562652323669,0.0,0.0,1.0
quality,off,2,44,11,False,0.12829219892427518,0.12829219892427518,0.3076923076923077,0.3076923076923077,0.8333333333333334
quality,off,2,44,12,True,0.17314222611628333,0.17314222611628333,0.0,0.0,1.0
quality,off,2,44,13,False,0.12985666958721248,0.12985666958721248,0.2222222222222222,0.2222222222222222,0.8076923076923077
quality,off,2,44,14,True,0.15294805774596493,0.15294805774596493,0.0,0.0,1.0
quality,off,2,44,15,False,0.1147110433094737,0.1147110433094737,0.3076923076923077,0.3076923076923077,0.8076923076923077
quality,off,2,44,16,True,0.16295635940518222,0.16295635940518222,0.0,0.0,1.0
quality,off,2,44,17,False,0.12221726955388666,0.12221726955388666,0.2727272727272727,0.2727272727272727,0.8518518518518519
quality,off,2,44,18,True,0.15984477034723316,0.15984477034723316,0.0,0.0,1.0
quality,off,2,44,19,False,0.11988357776042487,0.11988357776042487,0.3333333333333333,0.3333333333333333,0.782608695652174
quality,off,2,44,20,True,0.17324601665365197,0.17324601665365197,0.0,0.0,1.0
quality,off,2,44,21,False,0.12993451249023896,0.12993451249023896,0.21428571428571427,0.21428571428571427,0.8
quality,off,2,44,22,True,0.15102231293910778,0.15102231293910778,0.0,0.0,1.0
quality,off,2,44,23,False,0.11326673470433084,0.11326673470433084,0.0,0.0,0.9310344827586207
quality,off,2,44,24,True,0.08495005102824812,0.08495005102824812,0.0,0.0,1.0
quality,off,2,44,25,False,0.06371253827118609,0.06371253827118609,0.2727272727272727,0.2727272727272727,0.8518518518518519
quality,off,2,44,26,True,0.11596622188520775,0.11596622188520775,0.0,0.0,1.0
quality,off,2,44,27,False,0.0869746664139058,0.0869746664139058,0.14285714285714285,0.14285714285714285,0.8636363636363636
quality,off,2,44,28,True,0.10094528552471506,0.10094528552471506,0.0,0.0,1.0
quality,off,2,44,29,False,0.0757089641435363,0.0757089641435363,0.14285714285714285,0.14285714285714285,0.8846153846153846
quality,off,2,44,30,True,0.09249600882193794,0.09249600882193794,0.0,0.0,1.0
quality,off,2,44,31,False,0.06937200661645346,0.06937200661645346,0.25,0.25,0.8
quality,off,2,44,32,True,0.11452900496234009,0.11452900496234009,0.0,0.0,1.0
quality,off,2,44,33,False,0.08589675372175506,0.08589675372175506,0.0,0.0,0.9047619047619048
quality,off,2,44,34,True,0.06442256529131629,0.06442256529131629,0.0,0.0,1.0
quality,off,2,44,35,False,0.048316923968487226,0.04831692396848722,0.25,0.25,0.9
quality,off,2,44,36,True,0.09873769297636541,0.09873769297636542,0.0,0.0,1.0
quality,off,2,44,37,False,0.07405326973227407,0.07405326973227407,0.21428571428571427,0.21428571428571427,0.8518518518518519
quality,off,2,44,38,True,0.10911138087063413,0.10911138087063413,0.0,0.0,1.0
quality,off,2,44,39,False,0.0818335356529756,0.0818335356529756,0.15384615384615385,0.15384615384615385,0.8636363636363636
quality,off,2,45,0,False,0.0,0.0,0.0,0.0,1.0
quality,off,2,45,1,False,0.0,0.0,0.3076923076923077,0.3076923076923077,0.7777777777777778
quality,off,2,45,2,True,0.07692307692307694,0.07692307692307693,0.0,0.0,1.0
quality,off,2,45,3,False,0.057692307692307696,0.057692307692307696,0.125,0.125,0.8846153846153846
quality,off,2,45,4,True,0.07451923076923077,0.07451923076923077,0.0,0.0,1.0
quality,off,2,45,5,False,0.05588942307692307,0.05588942307692307,0.0,0.0,0.95
quality,off,2,45,6,True,0.041917067307692304,0.041917067307692304,0.0,0.0,1.0
quality,off,2,45,7,False,0.03143780048076923,0.03143780048076923,0.08333333333333333,0.08333333333333333,0.8846153846153846
quality,off,2,45,8,True,0.044411683693910256,0.044411683693910256,0.0,0.0,1.0
quality,off,2,45,9,False,0.033308762770432696,0.033308762770432696,0.1111111111111111,0.1111111111111111,0.8333333333333334
quality,off,2,45,10,True,0.0527593498556023,0.052759349855602294,0.0,0.0,1.0
quality,off,2,45,11,False,0.03956951239170172,0.03956951239170172,0.18181818181818182,0.18181818181818182,0.9230769230769231
quality,off,2,45,12,True,0.07513167974832176,0.07513167974832174,0.0,0.0,1.0
quality,off,2,45,13,False,0.05634875981124131,0.05634875981124131,0.5,0.5,0.8095238095238095
quality,off,2,45,14,True,0.167261569858431,0.167261569858431,0.0,0.0,1.0
quality,off,2,45,15,False,0.12544617739382324,0.12544617739382324,0.2,0.2,0.8076923076923077
quality,off,2,45,16,True,0.14408463304536742,0.14408463304536745,0.0,0.0,1.0
quality,off,2,45,17,False,0.10806347478402559,0.10806347478402559,0.25,0.25,0.8571428571428571
quality,off,2,45,18,True,0.1435476060880192,0.1435476060880192,0.0,0.0,1.0
quality,off,2,45,19,False,0.1076607045660144,0.1076607045660144,0.2,0.2,0.8888888888888888
quality,off,2,45,20,True,0.13074552842451082,0.13074552842451082,0.0,0.0,1.0
quality,off,2,45,21,False,0.09805914631838311,0.09805914631838311,0.3,0.3,0.8695652173913043
quality,off,2,45,22,True,0.1485443597387873,0.14854435973878732,0.0,0.0,1.0
quality,off,2,45,23,False,0.11140826980409049,0.11140826980409049,0.2222222222222222,0.2222222222222222,0.8636363636363636
quality,off,2,45,24,True,0.13911175790862343,0.13911175790862343,0.0,0.0,1.0
quality,off,2,45,25,False,0.10433381843146758,0.10433381843146758,0.375,0.375,0.76
quality,off,2,45,26,True,0.17200036382360068,0.17200036382360068,0.0,0.0,1.0
quality,off,2,45,27,False,0.1290002728677005,0.1290002728677005,0.2222222222222222,0.2222222222222222,0.8695652173913043
quality,off,2,45,28,True,0.1523057602063309,0.1523057602063309,0.0,0.0,1.0
quality,off,2,45,29,False,0.11422932015474818,0.11422932015474818,0.1111111111111111,0.1111111111111111,0.9032258064516129
quality,off,2,45,30,True,0.11344976789383891,0.11344976789383891,0.0,0.0,1.0
quality,off,2,45,31,False,0.08508732592037918,0.08508732592037918,0.2,0.2,0.875
quality,off,2,45,32,True,0.1138154944402844,0.1138154944402844,0.0,0.0,1.0
quality,off,2,45,33,False,0.0853616208302133,0.0853616208302133,0.11764705882352941,0.11764705882352941,0.8214285714285714
quality,off,2,45,34,True,0.09343298032854233,0.09343298032854233,0.0,0.0,1.0
quality,off,2,45,35,False,0.07007473524640676,0.07007473524640676,0.07142857142857142,0.07142857142857142,0.9090909090909091
quality,off,2,45,36,True,0.07041319429194792,0.07041319429194792,0.0,0.0,1.0
quality,off,2,45,37,False,0.05280989571896094,0.05280989571896094,0.2,0.2,0.8148148148148148
quality,off,2,45,38,True,0.08960742178922072,0.08960742178922071,0.0,0.0,1.0
quality,off,2,45,39,False,0.06720556634191553,0.06720556634191553,0.1111111111111111,0.1111111111111111,0.9230769230769231
quality,off,2,46,0,False,0.0,0.0,0.0,0.0,1.0
quality,off,2,46,1,False,0.0,0.0,0.2,0.2,0.8461538461538461
quality,off,2,46,2,True,0.05,0.05,0.0,0.0,1.0
quality,off,2,46,3,False,0.03750000000000001,0.037500000000000006,0.14285714285714285,0.14285714285714285,0.88
quality,off,2,46,4,True,0.06383928571428571,0.06383928571428571,0.0,0.0,1.0
quality,off,2,46,5,False,0.04787946428571428,0.04787946428571428,0.1,0.1,0.92
quality,off,2,46,6,True,0.060909598214285716,0.060909598214285716,0.0,0.0,1.0
quality,off,2,46,7,False,0.04568219866071429,0.04568219866071429,0.16666666666666666,0.16666666666666666,0.88
quality,off,2,46,8,True,0.07592831566220237,0.07592831566220237,0.0,0.0,1.0
quality,off,2,46,9,False,0.05694623674665178,0.05694623674665178,0.2727272727272727,0.2727272727272727,0.8620689655172413
quality,off,2,46,10,True,0.11089149574180701,0.11089149574180701,0.0,0.0,1.0
quality,off,2,46,11,False,0.08316862180635527,0.08316862180635526,0.09090909090909091,0.09090909090909091,0.8461538461538461
quality,off,2,46,12,True,0.08510373908203916,0.08510373908203916,0.0,0.0,1.0
quality,off,2,46,13,False,0.06382780431152937,0.06382780431152937,0.08333333333333333,0.08333333333333333,0.8571428571428571
quality,off,2,46,14,True,0.06870418656698037,0.06870418656698037,0.0,0.0,1.0
quality,off,2,46,15,False,0.05152813992523527,0.05152813992523528,0.3076923076923077,0.3076923076923077,0.8
quality,off,2,46,16,True,0.11556918186700338,0.11556918186700338,0.0,0.0,1.0
quality,off,2,46,17,False,0.08667688640025253,0.08667688640025253,0.16666666666666666,0.16666666666666666,0.8148148148148148
quality,off,2,46,18,True,0.10667433146685605,0.10667433146685606,0.0,0.0,1.0
quality,off,2,46,19,False,0.08000574860014205,0.08000574860014205,0.09090909090909091,0.09090909090909091,0.875
quality,off,2,46,20,True,0.08273158417737927,0.08273158417737927,0.0,0.0,1.0
quality,off,2,46,21,False,0.062048688133034456,0.062048688133034456,0.09090909090909091,0.09090909090909091,0.9230769230769231
quality,off,2,46,22,True,0.06926378882704856,0.06926378882704856,0.0,0.0,1.0
quality,off,2,46,23,False,0.05194784162028642,0.05194784162028642,0.14285714285714285,0.14285714285714285,0.85
quality,off,2,46,24,True,0.07467516692950052,0.07467516692950052,0.0,0.0,1.0
quality,off,2,46,25,False,0.05600637519712539,0.05600637519712539,0.3076923076923077,0.3076923076923077,0.8
quality,off,2,46,26,True,0.11892785832092097,0.11892785832092097,0.0,0.0,1.0
quality,off,2,46,27,False,0.08919589374069073,0.08919589374069073,0.23076923076923078,0.23076923076923078,0.8620689655172413
quality,off,2,46,28,True,0.12458922799782575,0.12458922799782575,0.0,0.0,1.0
quality,off,2,46,29,False,0.09344192099836932,0.09344192099836932,0.21428571428571427,0.21428571428571427,0.8709677419354839
quality,off,2,46,30,True,0.12365286932020556,0.12365286932020556,0.0,0.0,1.0
quality,off,2,46,31,False,0.09273965199015415,0.09273965199015416,0.14285714285714285,0.14285714285714285,0.88
quality,off,2,46,32,True,0.10526902470690133,0.10526902470690133,0.0,0.0,1.0
quality,off,2,46,33,False,0.078951768530176,0.07895176853017599,0.21428571428571427,0.21428571428571427,0.8275862068965517
quality,off,2,46,34,True,0.11278525496906056,0.11278525496906056,0.0,0.0,1.0
quality,off,2,46,35,False,0.08458894122679542,0.08458894122679542,0.25,0.25,0.84
quality,off,2,46,36,True,0.12594170592009657,0.12594170592009657,0.0,0.0,1.0
quality,off,2,46,37,False,0.09445627944007243,0.09445627944007243,0.25,0.25,0.8846153846153846
quality,off,2,46,38,True,0.13334220958005433,0.13334220958005433,0.0,0.0,1.0
quality,off,2,46,39,False,0.10000665718504075,0.10000665718504075,0.125,0.125,0.9545454545454546
quality,off,2,47,0,False,0.0,0.0,0.0,0.0,1.0
quality,off,2,47,1,False,0.0,0.0,0.2727272727272727,0.2727272727272727,0.8518518518518519
quality,off,2,47,2,True,0.06818181818181818,0.06818181818181818,0.0,0.0,1.0
quality,off,2,47,3,False,0.05113636363636363,0.05113636363636363,0.16666666666666666,0.16666666666666666,0.7777777777777778
quality,off,2,47,4,True,0.08001893939393938,0.08001893939393939,0.0,0.0,1.0
quality,off,2,47,5,False,0.060014204545454544,0.060014204545454544,0.09090909090909091,0.09090909090909091,0.9473684210526315
quality,off,2,47,6,True,0.06773792613636365,0.06773792613636365,0.0,0.0,1.0
quality,off,2,47,7,False,0.05080344460227274,0.050803444602272735,0.2222222222222222,0.2222222222222222,0.8846153846153846
quality,off,2,47,8,True,0.0936581390072601,0.09365813900726011,0.0,0.0,1.0
quality,off,2,47,9,False,0.07024360425544508,0.07024360425544508,0.18181818181818182,0.18181818181818182,0.8214285714285714
quality,off,2,47,10,True,0.09813724864612927,0.09813724864612927,0.0,0.0,1.0
quality,off,2,47,11,False,0.07360293648459695,0.07360293648459695,0.08333333333333333,0.08333333333333333,0.8076923076923077
quality,off,2,47,12,True,0.07603553569678105,0.07603553569678105,0.0,0.0,1.0
quality,off,2,47,13,False,0.05702665177258578,0.057026651772585785,0.1111111111111111,0.1111111111111111,0.8571428571428571
quality,off,2,47,14,True,0.07054776660721712,0.07054776660721712,0.0,0.0,1.0
quality,off,2,47,15,False,0.05291082495541284,0.05291082495541284,0.2857142857142857,0.2857142857142857,0.8235294117647058
quality,off,2,47,16,True,0.11111169014513107,0.11111169014513106,0.0,0.0,1.0
quality,off,2,47,17,False,0.0833337676088483,0.0833337676088483,0.3333333333333333,0.3333333333333333,0.78125
quality,off,2,47,18,True,0.14583365903996953,0.14583365903996953,0.0,0.0,1.0
quality,off,2,47,19,False,0.10937524427997715,0.10937524427997715,0.2857142857142857,0.2857142857142857,0.8181818181818182
quality,off,2,47,20,True,0.1534600046385543,0.1534600046385543,0.0,0.0,1.0
quality,off,2,47,21,False,0.11509500347891573,0.11509500347891573,0.2727272727272727,0.2727272727272727,0.8275862068965517
quality,off,2,47,22,True,0.15450307079100498,0.15450307079100498,0.0,0.0,1.0
quality,off,2,47,23,False,0.11587730309325373,0.11587730309325373,0.2857142857142857,0.2857142857142857,0.7916666666666666
quality,off,2,47,24,True,0.15833654874851172,0.15833654874851172,0.0,0.0,1.0
quality,off,2,47,25,False,0.11875241156138379,0.11875241156138379,0.17647058823529413,0.17647058823529413,0.7586206896551724
quality,off,2,47,26,True,0.13318195572986138,0.13318195572986138,0.0,0.0,1.0
quality,off,2,47,27,False,0.09988646679739606,0.09988646679739605,0.21428571428571427,0.21428571428571427,0.8636363636363636
quality,off,2,47,28,True,0.1284862786694756,0.1284862786694756,0.0,0.0,1.0
quality,off,2,47,29,False,0.0963647090021067,0.0963647090021067,0.16666666666666666,0.16666666666666666,0.9285714285714286
quality,off,2,47,30,True,0.11394019841824668,0.11394019841824668,0.0,0.0,1.0
quality,off,2,47,31,False,0.08545514881368502,0.08545514881368502,0.2857142857142857,0.2857142857142857,0.8214285714285714
quality,off,2,47,32,True,0.1355199330388352,0.1355199330388352,0.0,0.0,1.0
quality,off,2,47,33,False,0.1016399497791264,0.1016399497791264,0.2,0.2,0.8571428571428571
quality,off,2,47,34,True,0.1262299623343448,0.1262299623343448,0.0,0.0,1.0
quality,off,2,47,35,False,0.09467247175075862,0.0946724717507586,0.3076923076923077,0.3076923076923077,0.84
quality,off,2,47,36,True,0.14792743073614587,0.1479274307361459,0.0,0.0,1.0
quality,off,2,47,37,False,0.11094557305210942,0.11094557305210942,0.16666666666666666,0.16666666666666666,0.92
quality,off,2,47,38,True,0.12487584645574874,0.12487584645574873,0.0,0.0,1.0
quality,off,2,47,39,False,0.09365688484181155,0.09365688484181155,0.0,0.0,0.9130434782608695
quality,off,2,48,0,False,0.0,0.0,0.0,0.0,1.0
quality,off,2,48,1,False,0.0,0.0,0.3333333333333333,0.3333333333333333,0.8571428571428571
quality,off,2,48,2,True,0.08333333333333333,0.08333333333333333,0.0,0.0,1.0
quality,off,2,48,3,False,0.0625,0.0625,0.4,0.4,0.7916666666666666
quality,off,2,48,4,True,0.146875,0.146875,0.0,0.0,1.0
quality,off,2,48,5,False,0.11015625000000002,0.11015625000000001,0.0,0.0,0.96
quality,off,2,48,6,True,0.08261718750000001,0.08261718750000001,0.0,0.0,1.0
quality,off,2,48,7,False,0.061962890625,0.061962890625,0.14285714285714285,0.14285714285714285,0.8947368421052632
quality,off,2,48,8,True,0.08218645368303572,0.08218645368303572,0.0,0.0,1.0
quality,off,2,48,9,False,0.06163984026227679,0.061639840262276785,0.18181818181818182,0.18181818181818182,0.9259259259259259
quality,off,2,48,10,True,0.09168442565125304,0.09168442565125304,0.0,0.0,1.0
quality,off,2,48,11,False,0.06876331923843979,0.06876331923843979,0.21428571428571427,0.21428571428571427,0.7586206896551724
quality,off,2,48,12,True,0.1051439180002584,0.10514391800025841,0.0,0.0,1.0
quality,off,2,48,13,False,0.0788579385001938,0.0788579385001938,0.3333333333333333,0.3333333333333333,0.8461538461538461
quality,off,2,48,14,True,0.14247678720847867,0.14247678720847867,0.0,0.0,1.0
quality,off,2,48,15,False,0.106857590406359,0.106857590406359,0.1111111111111111,0.1111111111111111,0.7647058823529411
quality,off,2,48,16,True,0.10792097058254703,0.10792097058254703,0.0,0.0,1.0
quality,off,2,48,17,False,0.08094072793691028,0.08094072793691028,0.3,0.3,0.8260869565217391
quality,off,2,48,18,True,0.1357055459526827,0.1357055459526827,0.0,0.0,1.0
quality,off,2,48,19,False,0.10177915946451202,0.10177915946451202,0.3333333333333333,0.3333333333333333,0.8214285714285714
quality,off,2,48,20,True,0.15966770293171734,0.15966770293171734,0.0,0.0,1.0
quality,off,2,48,21,False,0.119750777198788,0.119750777198788,0.36363636363636365,0.36363636363636365,0.782608695652174
quality,off,2,48,22,True,0.1807221738081819,0.1807221738081819,0.0,0.0,1.0
quality,off,2,48,23,False,0.13554163035613642,0.13554163035613642,0.25,0.25,0.7692307692307693
quality,off,2,48,24,True,0.16415622276710232,0.16415622276710232,0.0,0.0,1.0
quality,off,2,48,25,False,0.12311716707532674,0.12311716707532674,0.21428571428571427,0.21428571428571427,0.8461538461538461
quality,off,2,48,26,True,0.14590930387792364,0.14590930387792364,0.0,0.0,1.0
quality,off,2,48,27,False,0.10943197790844272,0.10943197790844272,0.16666666666666666,0.16666666666666666,0.9047619047619048
quality,off,2,48,28,True,0.1237406500979987,0.1237406500979987,0.0,0.0,1.0
quality,off,2,48,29,False,0.09280548757349902,0.09280548757349902,0.09090909090909091,0.09090909090909091,0.84
quality,off,2,48,30,True,0.09233138840739699,0.09233138840739699,0.0,0.0,1.0
quality,off,2,48,31,False,0.06924854130554775,0.06924854130554775,0.2,0.2,0.7586206896551724
quality,off,2,48,32,True,0.10193640597916083,0.10193640597916082,0.0,0.0,1.0
quality,off,2,48,33,False,0.07645230448437061,0.07645230448437061,0.16666666666666666,0.16666666666666666,0.95
quality,off,2,48,34,True,0.09900589502994461,0.09900589502994461,0.0,0.0,1.0
quality,off,2,48,35,False,0.07425442127245845,0.07425442127245846,0.26666666666666666,0.26666666666666666,0.7916666666666666
quality,off,2,48,36,True,0.12235748262101051,0.12235748262101051,0.0,0.0,1.0
quality,off,2,48,37,False,0.09176811196575788,0.09176811196575788,0.3,0.3,0.8518518518518519
quality,off,2,48,38,True,0.1438260839743184,0.1438260839743184,0.0,0.0,1.0
quality,off,2,48,39,False,0.1078695629807388,0.1078695629807388,0.2857142857142857,0.2857142857142857,0.8571428571428571
quality,off,2,49,0,False,0.0,0.0,0.0,0.0,1.0
quality,off,2,49,1,False,0.0,0.0,0.16666666666666666,0.16666666666666666,0.8076923076923077
quality,off,2,49,2,True,0.041666666666666664,0.041666666666666664,0.0,0.0,1.0
quality,off,2,49,3,False,0.03125,0.03125,0.1111111111111111,0.1111111111111111,0.9
quality,off,2,49,4,True,0.051215277777777776,0.051215277777777776,0.0,0.0,1.0
quality,off,2,49,5,False,0.03841145833333333,0.03841145833333333,0.125,0.125,0.9130434782608695
quality,off,2,49,6,True,0.06005859375,0.06005859375,0.0,0.0,1.0
quality,off,2,49,7,False,0.0450439453125,0.0450439453125,0.07692307692307693,0.07692307692307693,0.8666666666666667
quality,off,2,49,8,True,0.05301372821514423,0.05301372821514423,0.0,0.0,1.0
quality,off,2,49,9,False,0.03976029616135818,0.03976029616135818,0.0,0.0,0.8888888888888888
quality,off,2,49,10,True,0.02982022212101863,0.029820222121018633,0.0,0.0,1.0
quality,off,2,49,11,False,0.022365166590763975,0.022365166590763975,0.4444444444444444,0.4444444444444444,0.8214285714285714
quality,off,2,49,12,True,0.12788498605418408,0.12788498605418408,0.0,0.0,1.0
quality,off,2,49,13,False,0.09591373954063806,0.09591373954063806,0.1111111111111111,0.1111111111111111,0.8846153846153846
quality,off,2,49,14,True,0.09971308243325631,0.09971308243325631,0.0,0.0,1.0
quality,off,2,49,15,False,0.07478481182494223,0.07478481182494223,0.42857142857142855,0.42857142857142855,0.7619047619047619
quality,off,2,49,16,True,0.16323146601156382,0.1632314660115638,0.0,0.0,1.0
quality,off,2,49,17,False,0.12242359950867285,0.12242359950867285,0.125,0.125,0.8695652173913043
quality,off,2,49,18,True,0.12306769963150463,0.12306769963150463,0.0,0.0,1.0
quality,off,2,49,19,False,0.09230077472362848,0.09230077472362846,0.07692307692307693,0.07692307692307693,0.9629629629629629
quality,off,2,49,20,True,0.0884563502734906,0.08845635027349058,0.0,0.0,1.0
quality,off,2,49,21,False,0.06634226270511794,0.06634226270511794,0.3333333333333333,0.3333333333333333,0.7692307692307693
quality,off,2,49,22,True,0.13309003036217176,0.13309003036217176,0.0,0.0,1.0
quality,off,2,49,23,False,0.09981752277162882,0.09981752277162882,0.4,0.4,0.8148148148148148
quality,off,2,49,24,True,0.1748631420787216,0.1748631420787216,0.0,0.0,1.0
quality,off,2,49,25,False,0.1311473565590412,0.1311473565590412,0.25,0.25,0.84
quality,off,2,49,26,True,0.1608605174192809,0.1608605174192809,0.0,0.0,1.0
quality,off,2,49,27,False,0.12064538806446068,0.12064538806446068,0.16666666666666666,0.16666666666666666,0.875
quality,off,2,49,28,True,0.13215070771501217,0.13215070771501217,0.0,0.0,1.0
quality,off,2,49,29,False,0.09911303078625913,0.09911303078625913,0.3076923076923077,0.3076923076923077,0.8
quality,off,2,49,30,True,0.15125785001277128,0.15125785001277128,0.0,0.0,1.0
quality,off,2,49,31,False,0.11344338750957847,0.11344338750957847,0.23529411764705882,0.23529411764705882,0.7666666666666667
quality,off,2,49,32,True,0.14390607004394856,0.14390607004394856,0.0,0.0,1.0
quality,off,2,49,33,False,0.10792955253296142,0.10792955253296142,0.0,0.0,0.9411764705882353
quality,off,2,49,34,True,0.08094716439972106,0.08094716439972106,0.0,0.0,1.0
quality,off,2,49,35,False,0.0607103732997908,0.0607103732997908,0.25,0.25,0.8571428571428571
quality,off,2,49,36,True,0.1080327799748431,0.1080327799748431,0.0,0.0,1.0
quality,off,2,49,37,False,0.08102458498113232,0.08102458498113232,0.13333333333333333,0.13333333333333333,0.8260869565217391
quality,off,2,49,38,True,0.09410177206918258,0.09410177206918258,0.0,0.0,1.0
quality,off,2,49,39,False,0.07057632905188693,0.07057632905188693,0.3,0.3,0.8518518518518519
quality,off,2,50,0,False,0.0,0.0,0.0,0.0,1.0
quality,off,2,50,1,False,0.0,0.0,0.21052631578947367,0.21052631578947367,0.8214285714285714
quality,off,2,50,2,True,0.05263157894736842,0.05263157894736842,0.0,0.0,1.0
quality,off,2,50,3,False,0.039473684210526314,0.039473684210526314,0.2,0.2,0.8571428571428571
quality,off,2,50,4,True,0.07960526315789473,0.07960526315789473,0.0,0.0,1.0
quality,off,2,50,5,False,0.05970394736842105,0.05970394736842105,0.07692307692307693,0.07692307692307693,0.92
quality,off,2,50,6,True,0.06400872975708502,0.06400872975708502,0.0,0.0,1.0
quality,off,2,50,7,False,0.048006547317813765,0.048006547317813765,0.3076923076923077,0.3076923076923077,0.782608695652174
quality,off,2,50,8,True,0.11292798741143725,0.11292798741143725,0.0,0.0,1.0
quality,off,2,50,9,False,0.08469599055857793,0.08469599055857793,0.26666666666666666,0.26666666666666666,0.76
quality,off,2,50,10,True,0.1301886595856001,0.1301886595856001,0.0,0.0,1.0
quality,off,2,50,11,False,0.09764149468920007,0.09764149468920008,0.125,0.125,0.8928571428571429
quality,off,2,50,12,True,0.10448112101690006,0.10448112101690006,0.0,0.0,1.0
quality,off,2,50,13,False,0.07836084076267505,0.07836084076267505,0.3333333333333333,0.3333333333333333,0.7878787878787878
quality,off,2,50,14,True,0.1421039639053396,0.1421039639053396,0.0,0.0,1.0
quality,off,2,50,15,False,0.1065779729290047,0.1065779729290047,0.25,0.25,0.8846153846153846
quality,off,2,50,16,True,0.14243347969675352,0.14243347969675352,0.0,0.0,1.0
quality,off,2,50,17,False,0.10682510977256514,0.10682510977256514,0.25,0.25,0.8846153846153846
quality,off,2,50,18,True,0.14261883232942385,0.14261883232942385,0.0,0.0,1.0
quality,off,2,50,19,False,0.10696412424706789,0.10696412424706789,0.0,0.0,0.9285714285714286
quality,off,2,50,20,True,0.0802230931853009,0.08022309318530091,0.0,0.0,1.0
quality,off,2,50,21,False,0.06016731988897568,0.06016731988897568,0.23076923076923078,0.23076923076923078,0.8275862068965517
quality,off,2,50,22,True,0.10281779760903946,0.10281779760903946,0.0,0.0,1.0
quality,off,2,50,23,False,0.07711334820677959,0.07711334820677959,0.15384615384615385,0.15384615384615385,0.8888888888888888
quality,off,2,50,24,True,0.09629654961662315,0.09629654961662315,0.0,0.0,1.0
quality,off,2,50,25,False,0.07222241221246736,0.07222241221246736,0.4444444444444444,0.4444444444444444,0.7391304347826086
quality,off,2,50,26,True,0.1652779202704616,0.16527792027046162,0.0,0.0,1.0
quality,off,2,50,27,False,0.12395844020284622,0.12395844020284622,0.3333333333333333,0.3333333333333333,0.7727272727272727
quality,off,2,50,28,True,0.176302163485468,0.176302163485468,0.0,0.0,1.0
quality,off,2,50,29,False,0.132226622614101,0.132226622614101,0.13333333333333333,0.13333333333333333,0.8888888888888888
quality,off,2,50,30,True,0.13250330029390908,0.13250330029390908,0.0,0.0,1.0
quality,off,2,50,31,False,0.0993774752204318,0.0993774752204318,0.25,0.25,0.8148148148148148
quality,off,2,50,32,True,0.13703310641532385,0.13703310641532385,0.0,0.0,1.0
quality,off,2,50,33,False,0.10277482981149288,0.10277482981149288,0.08333333333333333,0.08333333333333333,0.9545454545454546
quality,off,2,50,34,True,0.09791445569195299,0.09791445569195299,0.0,0.0,1.0
quality,off,2,50,35,False,0.07343584176896474,0.07343584176896474,0.2222222222222222,0.2222222222222222,0.8421052631578947
quality,off,2,50,36,True,0.11063243688227911,0.11063243688227911,0.0,0.0,1.0
quality,off,2,50,37,False,0.08297432766170934,0.08297432766170934,0.1111111111111111,0.1111111111111111,0.9
quality,off,2,50,38,True,0.09000852352405977,0.09000852352405977,0.0,0.0,1.0
quality,off,2,50,39,False,0.06750639264304484,0.06750639264304484,0.15384615384615385,0.15384615384615385,0.88
quality,off,2,51,0,False,0.0,0.0,0.0,0.0,1.0
quality,off,2,51,1,False,0.0,0.0,0.14285714285714285,0.14285714285714285,0.875
quality,off,2,51,2,True,0.03571428571428571,0.03571428571428571,0.0,0.0,1.0
quality,off,2,51,3,False,0.026785714285714284,0.026785714285714284,0.2222222222222222,0.2222222222222222,0.76
quality,off,2,51,4,True,0.07564484126984126,0.07564484126984126,0.0,0.0,1.0
quality,off,2,51,5,False,0.056733630952380945,0.056733630952380945,0.07692307692307693,0.07692307692307693,0.88
quality,off,2,51,6,True,0.06178099244505494,0.061780992445054944,0.0,0.0,1.0
quality,off,2,51,7,False,0.04633574433379121,0.04633574433379121,0.125,0.125,0.8235294117647058
quality,off,2,51,8,True,0.06600180825034341,0.06600180825034341,0.0,0.0,1.0
quality,off,2,51,9,False,0.04950135618775756,0.049501356187757556,0.26666666666666666,0.26666666666666666,0.8064516129032258
quality,off,2,51,10,True,0.10379268380748483,0.10379268380748483,0.0,0.0,1.0
quality,off,2,51,11,False,0.07784451285561363,0.07784451285561361,0.15384615384615385,0.15384615384615385,0.8620689655172413
quality,off,2,51,12,True,0.09684492310324867,0.09684492310324867,0.0,0.0,1.0
quality,off,2,51,13,False,0.07263369232743651,0.07263369232743651,0.3,0.3,0.7857142857142857
quality,off,2,51,14,True,0.1294752692455774,0.1294752692455774,0.0,0.0,1.0
quality,off,2,51,15,False,0.09710645193418303,0.09710645193418305,0.23076923076923078,0.23076923076923078,0.84
quality,off,2,51,16,True,0.13052214664294498,0.13052214664294498,0.0,0.0,1.0
quality,off,2,51,17,False,0.09789160998220874,0.09789160998220874,0.1111111111111111,0.1111111111111111,0.8571428571428571
quality,off,2,51,18,True,0.10119648526443432,0.10119648526443432,0.0,0.0,1.0
quality,off,2,51,19,False,0.07589736394832573,0.07589736394832575,0.2,0.2,0.782608695652174
quality,off,2,51,20,True,0.10692302296124431,0.10692302296124431,0.0,0.0,1.0
quality,off,2,51,21,False,0.08019226722093323,0.08019226722093323,0.3,0.3,0.8571428571428571
quality,off,2,51,22,True,0.1351442004156999,0.1351442004156999,0.0,0.0,1.0
quality,off,2,51,23,False,0.10135815031177493,0.10135815031177493,0.2,0.2,0.8823529411764706
quality,off,2,51,24,True,0.1260186127338312,0.1260186127338312,0.0,0.0,1.0
quality,off,2,51,25,False,0.09451395955037338,0.0945139595503734,0.35714285714285715,0.35714285714285715,0.8
quality,off,2,51,26,True,0.16017118394849433,0.16017118394849433,0.0,0.0,1.0
quality,off,2,51,27,False,0.12012838796137075,0.12012838796137075,0.25,0.25,0.782608695652174
quality,off,2,51,28,True,0.15259629097102806,0.15259629097102806,0.0,0.0,1.0
quality,off,2,51,29,False,0.11444721822827104,0.11444721822827104,0.07692307692307693,0.07692307692307693,0.8461538461538461
quality,off,2,51,30,True,0.10506618290197252,0.10506618290197252,0.0,0.0,1.0
quality,off,2,51,31,False,0.07879963717647939,0.07879963717647939,0.25,0.25,0.8
quality,off,2,51,32,True,0.12159972788235954,0.12159972788235954,0.0,0.0,1.0
quality,off,2,51,33,False,0.09119979591176966,0.09119979591176966,0.0,0.0,0.96
quality,off,2,51,34,True,0.06839984693382725,0.06839984693382725,0.0,0.0,1.0
quality,off,2,51,35,False,0.05129988520037044,0.05129988520037044,0.2,0.2,0.7727272727272727
quality,off,2,51,36,True,0.08847491390027784,0.08847491390027784,0.0,0.0,1.0
quality,off,2,51,37,False,0.06635618542520838,0.06635618542520838,0.07142857142857142,0.07142857142857142,0.9285714285714286
quality,off,2,51,38,True,0.06762428192604913,0.06762428192604913,0.0,0.0,1.0
quality,off,2,51,39,False,0.05071821144453685,0.05071821144453685,0.125,0.125,0.85
quality,on,0,42,0,False,0.0,0.0,0.0,0.0,1.0
quality,on,0,42,1,False,0.0,0.0,0.0,0.0,0.95
quality,on,0,42,2,False,0.0,0.0,0.0,0.0,0.95
quality,on,0,42,3,False,0.0,0.0,0.0,0.0,0.9523809523809523
quality,on,0,42,4,False,0.0,0.0,0.0,0.0,0.9545454545454546
quality,on,0,42,5,False,0.0,0.0,0.0,0.0,0.9565217391304348
quality,on,0,42,6,False,0.0,0.0,0.0,0.0,0.9583333333333334
quality,on,0,42,7,False,0.0,0.0,0.0,0.0,0.9615384615384616
quality,on,0,42,8,False,0.0,0.0,0.0,0.0,0.9285714285714286
quality,on,0,42,9,False,0.0,0.0,0.0,0.0,0.9333333333333333
quality,on,0,42,10,False,0.0,0.0,0.0,0.0,0.9375
quality,on,0,42,11,False,0.0,0.0,0.0,0.0,0.9428571428571428
quality,on,0,42,12,False,0.0,0.0,0.0,0.0,0.9459459459459459
quality,on,0,42,13,False,0.0,0.0,0.0,0.0,0.9473684210526315
quality,on,0,42,14,False,0.0,0.0,0.05263157894736842,0.05263157894736842,0.925
quality,on,0,42,15,False,0.013157894736842105,0.013157894736842105,0.05263157894736842,0.05263157894736842,0.9285714285714286
quality,on,0,42,16,False,0.023026315789473683,0.023026315789473683,0.05,0.05,0.9302325581395349
quality,on,0,42,17,False,0.029769736842105262,0.029769736842105262,0.05,0.047619047619047616,0.9111111111111111
quality,on,0,42,18,False,0.034827302631578946,0.034827302631578946,0.0,0.045454545454545456,0.9130434782608695
quality,on,0,42,19,False,0.02612047697368421,0.02612047697368421,0.0,0.045454545454545456,0.9130434782608695
quality,on,0,42,20,False,0.019590357730263158,0.019590357730263158,0.0,0.045454545454545456,0.9148936170212766
quality,on,0,42,21,False,0.01469276829769737,0.014692768297697369,0.0,0.043478260869565216,0.9183673469387755
quality,on,0,42,22,False,0.011019576223273026,0.011019576223273026,0.0,0.08333333333333333,0.9038461538461539
quality,on,0,42,23,False,0.00826468216745477,0.00826468216745477,0.0,0.08333333333333333,0.9038461538461539
quality,on,0,42,24,False,0.0061985116255910775,0.0061985116255910775,0.0,0.08333333333333333,0.9038461538461539
quality,on,0,42,25,False,0.0046488837191933086,0.0046488837191933086,0.0,0.08,0.9074074074074074
quality,on,0,42,26,False,0.0034866627893949814,0.0034866627893949814,0.0,0.08,0.9074074074074074
quality,on,0,42,27,False,0.002614997092046236,0.002614997092046236,0.0,0.07692307692307693,0.9090909090909091
quality,on,0,42,28,False,0.001961247819034677,0.001961247819034677,0.0,0.07692307692307693,0.8928571428571429
quality,on,0,42,29,False,0.0014709358642760078,0.0014709358642760078,0.0,0.07692307692307693,0.8928571428571429
quality,on,0,42,30,False,0.0011032018982070058,0.0011032018982070058,0.0,0.07407407407407407,0.8947368421052632
quality,on,0,42,31,False,0.0008274014236552543,0.0008274014236552543,0.0,0.07142857142857142,0.9
quality,on,0,42,32,False,0.0006205510677414407,0.0006205510677414407,0.0,0.07142857142857142,0.9
quality,on,0,42,33,False,0.00046541330080608054,0.00046541330080608054,0.0,0.06896551724137931,0.9032258064516129
quality,on,0,42,34,False,0.0003490599756045604,0.0003490599756045604,0.0,0.1,0.890625
quality,on,0,42,35,False,0.0002617949817034203,0.0002617949817034203,0.0,0.1,0.8923076923076924
quality,on,0,42,36,False,0.00019634623627756524,0.00019634623627756524,0.0,0.125,0.8805970149253731
quality,on,0,42,37,False,0.00014725967720817393,0.00014725967720817393,0.0,0.1388888888888889,0.8732394366197183
quality,on,0,42,38,False,0.00011044475790613045,0.00011044475790613045,0.0,0.13157894736842105,0.8767123287671232
quality,on,0,42,39,False,8.283356842959784e-05,8.283356842959784e-05,0.0,0.13157894736842105,0.8767123287671232
quality,on,0,43,0,False,0.0,0.0,0.0,0.0,1.0
quality,on,0,43,1,False,0.0,0.0,0.0,0.0,1.0
quality,on,0,43,2,False,0.0,0.0,0.0,0.0,1.0
quality,on,0,43,3,False,0.0,0.0,0.0,0.0,0.96
quality,on,0,43,4,False,0.0,0.0,0.0,0.0,0.96
quality,on,0,43,5,False,0.0,0.0,0.0,0.0,0.9615384615384616
quality,on,0,43,6,False,0.0,0.0,0.0,0.0,0.9642857142857143
quality,on,0,43,7,False,0.0,0.0,0.0,0.0,0.96875
quality,on,0,43,8,False,0.0,0.0,0.0,0.0,0.9705882352941176
quality,on,0,43,9,False,0.0,0.0,0.0,0.0,0.9714285714285714
quality,on,0,43,10,False,0.0,0.0,0.0,0.0,0.9714285714285714
quality,on,0,43,11,False,0.0,0.0,0.0,0.0,0.9714285714285714
quality,on,0,43,12,False,0.0,0.0,0.0,0.0,0.972972972972973
quality,on,0,43,13,False,0.0,0.0,0.0,0.0,0.9736842105263158
quality,on,0,43,14,False,0.0,0.0,0.0,0.0,0.9736842105263158
quality,on,0,43,15,False,0.0,0.0,0.0,0.0,0.9743589743589743
quality,on,0,43,16,False,0.0,0.0,0.0,0.0,0.9743589743589743
quality,on,0,43,17,False,0.0,0.0,0.0,0.0,0.975
quality,on,0,43,18,False,0.0,0.0,0.0,0.0,0.975609756097561
quality,on,0,43,19,False,0.0,0.0,0.0,0.0,0.9767441860465116
quality,on,0,43,20,False,0.0,0.0,0.0,0.0,0.9767441860465116
quality,on,0,43,21,False,0.0,0.0,0.0,0.0,0.9767441860465116
quality,on,0,43,22,False,0.0,0.0,0.0,0.0,0.9772727272727273
quality,on,0,43,23,False,0.0,0.0,0.0,0.0,0.9772727272727273
quality,on,0,43,24,False,0.0,0.0,0.0,0.0,0.9777777777777777
quality,on,0,43,25,False,0.0,0.0,0.0,0.0,0.9782608695652174
quality,on,0,43,26,False,0.0,0.0,0.0,0.0,0.98
quality,on,0,43,27,False,0.0,0.0,0.0,0.0,0.9807692307692307
quality,on,0,43,28,False,0.0,0.0,0.0,0.0,0.9818181818181818
quality,on,0,43,29,False,0.0,0.0,0.0,0.0,0.9818181818181818
quality,on,0,43,30,False,0.0,0.0,0.0,0.0,0.9824561403508771
quality,on,0,43,31,False,0.0,0.0,0.0,0.0,0.9833333333333333
quality,on,0,43,32,False,0.0,0.0,0.0,0.0,0.9833333333333333
quality,on,0,43,33,False,0.0,0.0,0.0,0.0,0.9838709677419355
quality,on,0,43,34,False,0.0,0.0,0.0,0.02857142857142857,0.9682539682539683
quality,on,0,43,35,False,0.0,0.0,0.0,0.05405405405405406,0.9538461538461539
quality,on,0,43,36,False,0.0,0.0,0.0,0.05263157894736842,0.9552238805970149
quality,on,0,43,37,False,0.0,0.0,0.0,0.05,0.9565217391304348
quality,on,0,43,38,False,0.0,0.0,0.0,0.047619047619047616,0.9577464788732394
quality,on,0,43,39,False,0.0,0.0,0.0,0.06666666666666667,0.9459459459459459
quality,on,0,44,0,False,0.0,0.0,0.0,0.0,1.0
quality,on,0,44,1,False,0.0,0.0,0.0,0.0,1.0
quality,on,0,44,2,False,0.0,0.0,0.0,0.0,0.9523809523809523
quality,on,0,44,3,False,0.0,0.0,0.0,0.0,0.9565217391304348
quality,on,0,44,4,False,0.0,0.0,0.0,0.0,0.92
quality,on,0,44,5,False,0.0,0.0,0.0,0.0,0.92
quality,on,0,44,6,False,0.0,0.0,0.08333333333333333,0.08333333333333333,0.8928571428571429
quality,on,0,44,7,False,0.020833333333333332,0.020833333333333332,0.125,0.125,0.875
quality,on,0,44,8,False,0.046875,0.046875,0.1111111111111111,0.1111111111111111,0.8823529411764706
quality,on,0,44,9,False,0.06293402777777778,0.06293402777777778,0.1111111111111111,0.1111111111111111,0.8857142857142857
quality,on,0,44,10,False,0.07497829861111109,0.0749782986111111,0.15789473684210525,0.15789473684210525,0.8648648648648649
quality,on,0,44,11,False,0.09570740816885966,0.09570740816885964,0.15,0.15,0.8717948717948718
quality,on,0,44,12,False,0.10928055612664471,0.10928055612664472,0.1,0.17391304347826086,0.8571428571428571
quality,on,0,44,13,False,0.10696041709498354,0.10696041709498355,0.1,0.17391304347826086,0.8604651162790697
quality,on,0,44,14,False,0.10522031282123767,0.10522031282123767,0.1,0.17391304347826086,0.8604651162790697
quality,on,0,44,15,False,0.10391523461592825,0.10391523461592825,0.1,0.17391304347826086,0.8604651162790697
quality,on,0,44,16,False,0.10293642596194619,0.10293642596194619,0.05,0.16666666666666666,0.8636363636363636
quality,on,0,44,17,False,0.08970231947145964,0.08970231947145964,0.0,0.16,0.8666666666666667
quality,on,0,44,18,False,0.06727673960359473,0.06727673960359473,0.0,0.16,0.8695652173913043
quality,on,0,44,19,False,0.05045755470269605,0.05045755470269605,0.0,0.15384615384615385,0.8723404255319149
quality,on,0,44,20,False,0.037843166027022035,0.037843166027022035,0.0,0.15384615384615385,0.875
quality,on,0,44,21,False,0.028382374520266523,0.028382374520266526,0.0,0.15384615384615385,0.8775510204081632
quality,on,0,44,22,False,0.021286780890199895,0.021286780890199895,0.0,0.15384615384615385,0.8775510204081632
quality,on,0,44,23,False,0.015965085667649922,0.015965085667649922,0.0,0.15384615384615385,0.8775510204081632
quality,on,0,44,24,False,0.01197381425073744,0.01197381425073744,0.0,0.15384615384615385,0.88
quality,on,0,44,25,False,0.00898036068805308,0.00898036068805308,0.0,0.15384615384615385,0.88
quality,on,0,44,26,False,0.00673527051603981,0.00673527051603981,0.0,0.15384615384615385,0.8846153846153846
quality,on,0,44,27,False,0.005051452887029857,0.005051452887029857,0.0,0.18518518518518517,0.8679245283018868
quality,on,0,44,28,False,0.0037885896652723925,0.003788589665272393,0.0,0.17857142857142858,0.8727272727272727
quality,on,0,44,29,False,0.0028414422489542947,0.0028414422489542947,0.0,0.1724137931034483,0.8771929824561403
quality,on,0,44,30,False,0.002131081686715721,0.002131081686715721,0.0,0.1724137931034483,0.8793103448275862
quality,on,0,44,31,False,0.001598311265036791,0.001598311265036791,0.0,0.1724137931034483,0.8833333333333333
quality,on,0,44,32,False,0.0011987334487775932,0.0011987334487775932,0.0,0.1935483870967742,0.8709677419354839
quality,on,0,44,33,False,0.0008990500865831949,0.0008990500865831949,0.0,0.1935483870967742,0.8709677419354839
quality,on,0,44,34,False,0.0006742875649373962,0.0006742875649373962,0.0,0.1935483870967742,0.873015873015873
quality,on,0,44,35,False,0.0005057156737030471,0.0005057156737030471,0.0,0.18181818181818182,0.8769230769230769
quality,on,0,44,36,False,0.00037928675527728527,0.0003792867552772853,0.0,0.18181818181818182,0.8787878787878788
quality,on,0,44,37,False,0.000284465066457964,0.000284465066457964,0.0,0.2,0.8714285714285714
quality,on,0,44,38,False,0.000213348799843473,0.000213348799843473,0.0,0.21621621621621623,0.8611111111111112
quality,on,0,44,39,False,0.00016001159988260474,0.00016001159988260474,0.0,0.21052631578947367,0.8648648648648649
quality,on,0,45,0,False,0.0,0.0,0.0,0.0,1.0
quality,on,0,45,1,False,0.0,0.0,0.0,0.0,1.0
quality,on,0,45,2,False,0.0,0.0,0.0,0.0,1.0
quality,on,0,45,3,False,0.0,0.0,0.0,0.0,1.0
quality,on,0,45,4,False,0.0,0.0,0.0,0.0,1.0
quality,on,0,45,5,False,0.0,0.0,0.0,0.0,1.0
quality,on,0,45,6,False,0.0,0.0,0.0,0.0,1.0
quality,on,0,45,7,False,0.0,0.0,0.0,0.0,1.0
quality,on,0,45,8,False,0.0,0.0,0.0,0.0,1.0
quality,on,0,45,9,False,0.0,0.0,0.0,0.0,1.0
quality,on,0,45,10,False,0.0,0.0,0.0,0.0,1.0
quality,on,0,45,11,False,0.0,0.0,0.0,0.0,1.0
quality,on,0,45,12,False,0.0,0.0,0.0,0.0,1.0
quality,on,0,45,13,False,0.0,0.0,0.05,0.05,0.9736842105263158
quality,on,0,45,14,False,0.0125,0.0125,0.05,0.05,0.9743589743589743
quality,on,0,45,15,False,0.021875000000000002,0.021875000000000002,0.05,0.05,0.9743589743589743
quality,on,0,45,16,False,0.02890625,0.02890625,0.05,0.045454545454545456,0.975609756097561
quality,on,0,45,17,False,0.0341796875,0.0341796875,0.0,0.043478260869565216,0.9767441860465116
quality,on,0,45,18,False,0.025634765625,0.025634765625,0.0,0.043478260869565216,0.9767441860465116
quality,on,0,45,19,False,0.01922607421875,0.01922607421875,0.0,0.041666666666666664,0.9777777777777777
quality,on,0,45,20,False,0.0144195556640625,0.0144195556640625,0.0,0.04,0.9782608695652174
quality,on,0,45,21,False,0.010814666748046875,0.010814666748046875,0.0,0.04,0.9782608695652174
quality,on,0,45,22,False,0.008111000061035156,0.008111000061035156,0.0,0.038461538461538464,0.9787234042553191
quality,on,0,45,23,False,0.006083250045776367,0.006083250045776367,0.0,0.038461538461538464,0.9787234042553191
quality,on,0,45,24,False,0.004562437534332275,0.004562437534332275,0.0,0.10714285714285714,0.9387755102040817
quality,on,0,45,25,False,0.0034218281507492065,0.0034218281507492065,0.0,0.13333333333333333,0.9215686274509803
quality,on,0,45,26,False,0.002566371113061905,0.002566371113061905,0.0,0.12903225806451613,0.9285714285714286
quality,on,0,45,27,False,0.0019247783347964287,0.0019247783347964287,0.0,0.125,0.9298245614035088
quality,on,0,45,28,False,0.0014435837510973215,0.0014435837510973215,0.0,0.12121212121212122,0.9322033898305084
quality,on,0,45,29,False,0.0010826878133229911,0.0010826878133229911,0.0,0.12121212121212122,0.9344262295081968
quality,on,0,45,30,False,0.0008120158599922433,0.0008120158599922433,0.0,0.12121212121212122,0.9344262295081968
quality,on,0,45,31,False,0.0006090118949941825,0.0006090118949941825,0.0,0.12121212121212122,0.9344262295081968
quality,on,0,45,32,False,0.0004567589212456369,0.0004567589212456369,0.0,0.11764705882352941,0.9375
quality,on,0,45,33,False,0.00034256919093422766,0.00034256919093422766,0.0,0.13513513513513514,0.9117647058823529
quality,on,0,45,34,False,0.00025692689320067075,0.00025692689320067075,0.0,0.15789473684210525,0.8985507246376812
quality,on,0,45,35,False,0.00019269516990050306,0.00019269516990050306,0.0,0.15384615384615385,0.9
quality,on,0,45,36,False,0.0001445213774253773,0.0001445213774253773,0.0,0.17073170731707318,0.8888888888888888
quality,on,0,45,37,False,0.00010839103306903297,0.00010839103306903297,0.0,0.17073170731707318,0.8888888888888888
quality,on,0,45,38,False,8.129327480177473e-05,8.129327480177473e-05,0.0,0.16666666666666666,0.8904109589041096
quality,on,0,45,39,False,6.0969956101331046e-05,6.0969956101331046e-05,0.0,0.16279069767441862,0.8933333333333333
quality,on,0,46,0,False,0.0,0.0,0.0,0.0,1.0
quality,on,0,46,1,False,0.0,0.0,0.0,0.0,1.0
quality,on,0,46,2,False,0.0,0.0,0.0,0.0,1.0
quality,on,0,46,3,False,0.0,0.0,0.0,0.0,1.0
quality,on,0,46,4,False,0.0,0.0,0.0,0.0,1.0
quality,on,0,46,5,False,0.0,0.0,0.0,0.0,1.0
quality,on,0,46,6,False,0.0,0.0,0.0,0.0,1.0
quality,on,0,46,7,False,0.0,0.0,0.0,0.0,1.0
quality,on,0,46,8,False,0.0,0.0,0.0,0.0,1.0
quality,on,0,46,9,False,0.0,0.0,0.14285714285714285,0.14285714285714285,0.9354838709677419
quality,on,0,46,10,False,0.03571428571428571,0.03571428571428571,0.17647058823529413,0.17647058823529413,0.9117647058823529
quality,on,0,46,11,False,0.07090336134453781,0.07090336134453781,0.17647058823529413,0.17647058823529413,0.9166666666666666
quality,on,0,46,12,False,0.09729516806722689,0.09729516806722689,0.16666666666666666,0.16666666666666666,0.9210526315789473
quality,on,0,46,13,False,0.11463804271708684,0.11463804271708683,0.16666666666666666,0.16666666666666666,0.9230769230769231
quality,on,0,46,14,False,0.1276451987044818,0.1276451987044818,0.16666666666666666,0.16666666666666666,0.9230769230769231
quality,on,0,46,15,False,0.137400565695028,0.137400565695028,0.16666666666666666,0.16666666666666666,0.9230769230769231
quality,on,0,46,16,False,0.14471709093793766,0.14471709093793766,0.2,0.2,0.9024390243902439
quality,on,0,46,17,False,0.15853781820345322,0.15853781820345325,0.2,0.2,0.9069767441860465
quality,on,0,46,18,False,0.16890336365258993,0.16890336365258996,0.2,0.2,0.9069767441860465
quality,on,0,46,19,False,0.17667752273944246,0.17667752273944248,0.2,0.2,0.9069767441860465
quality,on,0,46,20,False,0.1825081420545819,0.18250814205458188,0.2,0.2,0.9090909090909091
quality,on,0,46,21,False,0.18688110654093643,0.18688110654093643,0.15,0.19047619047619047,0.9090909090909091
quality,on,0,46,22,False,0.17766082990570234,0.17766082990570234,0.15,0.19047619047619047,0.9090909090909091
quality,on,0,46,23,False,0.17074562242927677,0.17074562242927677,0.1,0.18181818181818182,0.9111111111111111
quality,on,0,46,24,False,0.15305921682195758,0.15305921682195758,0.1,0.17391304347826086,0.9148936170212766
quality,on,0,46,25,False,0.1397944126164682,0.1397944126164682,0.0,0.14814814814814814,0.92
quality,on,0,46,26,False,0.10484580946235114,0.10484580946235114,0.0,0.14814814814814814,0.9215686274509803
quality,on,0,46,27,False,0.07863435709676336,0.07863435709676336,0.0,0.14285714285714285,0.9230769230769231
quality,on,0,46,28,False,0.05897576782257252,0.05897576782257252,0.0,0.13333333333333333,0.9259259259259259
quality,on,0,46,29,False,0.044231825866929385,0.04423182586692939,0.0,0.13333333333333333,0.9259259259259259
quality,on,0,46,30,False,0.033173869400197044,0.033173869400197044,0.0,0.12903225806451613,0.9272727272727272
quality,on,0,46,31,False,0.02488040205014778,0.024880402050147785,0.0,0.12903225806451613,0.9285714285714286
quality,on,0,46,32,False,0.01866030153761084,0.01866030153761084,0.0,0.125,0.9322033898305084
quality,on,0,46,33,False,0.01399522615320813,0.01399522615320813,0.0,0.12121212121212122,0.9344262295081968
quality,on,0,46,34,False,0.010496419614906096,0.010496419614906098,0.0,0.11428571428571428,0.9375
quality,on,0,46,35,False,0.007872314711179574,0.007872314711179574,0.0,0.1111111111111111,0.9375
quality,on,0,46,36,False,0.0059042360333846815,0.005904236033384681,0.0,0.10810810810810811,0.9242424242424242
quality,on,0,46,37,False,0.0044281770250385105,0.0044281770250385105,0.0,0.10810810810810811,0.9253731343283582
quality,on,0,46,38,False,0.0033211327687788826,0.0033211327687788826,0.0,0.10256410256410256,0.9285714285714286
quality,on,0,46,39,False,0.002490849576584162,0.002490849576584162,0.0,0.10256410256410256,0.9295774647887324
quality,on,0,47,0,False,0.0,0.0,0.0,0.0,1.0
quality,on,0,47,1,False,0.0,0.0,0.1111111111111111,0.1111111111111111,0.9565217391304348
quality,on,0,47,2,False,0.027777777777777773,0.027777777777777776,0.1,0.1,0.96
quality,on,0,47,3,False,0.04583333333333334,0.04583333333333334,0.1,0.1,0.96
quality,on,0,47,4,False,0.059375000000000004,0.059375000000000004,0.1,0.1,0.96
quality,on,0,47,5,False,0.06953125,0.06953125,0.1,0.1,0.96
quality,on,0,47,6,False,0.0771484375,0.0771484375,0.08333333333333333,0.08333333333333333,0.9629629629629629
quality,on,0,47,7,False,0.07869466145833333,0.07869466145833333,0.08333333333333333,0.08333333333333333,0.9642857142857143
quality,on,0,47,8,False,0.07985432942708333,0.07985432942708333,0.07142857142857142,0.07142857142857142,0.9666666666666667
quality,on,0,47,9,False,0.07774788992745536,0.07774788992745535,0.06666666666666667,0.06666666666666667,0.967741935483871
quality,on,0,47,10,False,0.07497758411225817,0.07497758411225817,0.0625,0.0625,0.9714285714285714
quality,on,0,47,11,False,0.07185818808419363,0.07185818808419363,0.0625,0.0625,0.9714285714285714
quality,on,0,47,12,False,0.06951864106314522,0.06951864106314522,0.0625,0.0625,0.9714285714285714
quality,on,0,47,13,False,0.06776398079735892,0.06776398079735892,0.058823529411764705,0.058823529411764705,0.972972972972973
quality,on,0,47,14,False,0.06552886795096037,0.06552886795096037,0.1111111111111111,0.1111111111111111,0.9473684210526315
quality,on,0,47,15,False,0.07692442874099806,0.07692442874099806,0.10526315789473684,0.10526315789473684,0.9512195121951219
quality,on,0,47,16,False,0.08400911102943276,0.08400911102943276,0.1,0.1,0.9534883720930233
quality,on,0,47,17,False,0.08800683327207456,0.08800683327207456,0.1,0.1,0.9545454545454546
quality,on,0,47,18,False,0.09100512495405591,0.09100512495405591,0.05,0.09523809523809523,0.9555555555555556
quality,on,0,47,19,False,0.08075384371554194,0.08075384371554194,0.0,0.09090909090909091,0.9565217391304348
quality,on,0,47,20,False,0.06056538278665645,0.06056538278665645,0.0,0.09090909090909091,0.9565217391304348
quality,on,0,47,21,False,0.045424037089992333,0.045424037089992333,0.0,0.09090909090909091,0.9574468085106383
quality,on,0,47,22,False,0.034068027817494254,0.034068027817494254,0.0,0.09090909090909091,0.9375
quality,on,0,47,23,False,0.02555102086312069,0.02555102086312069,0.0,0.125,0.92
quality,on,0,47,24,False,0.019163265647340517,0.019163265647340517,0.0,0.12,0.9245283018867925
quality,on,0,47,25,False,0.014372449235505388,0.014372449235505388,0.0,0.12,0.9245283018867925
quality,on,0,47,26,False,0.010779336926629041,0.010779336926629041,0.0,0.11538461538461539,0.9259259259259259
quality,on,0,47,27,False,0.008084502694971782,0.008084502694971782,0.0,0.10714285714285714,0.9285714285714286
quality,on,0,47,28,False,0.006063377021228837,0.006063377021228836,0.0,0.0967741935483871,0.9322033898305084
quality,on,0,47,29,False,0.004547532765921627,0.004547532765921627,0.0,0.0967741935483871,0.9333333333333333
quality,on,0,47,30,False,0.0034106495744412207,0.0034106495744412203,0.0,0.0967741935483871,0.9354838709677419
quality,on,0,47,31,False,0.002557987180830915,0.002557987180830915,0.0,0.0967741935483871,0.9354838709677419
quality,on,0,47,32,False,0.0019184903856231863,0.0019184903856231863,0.0,0.09090909090909091,0.9393939393939394
quality,on,0,47,33,False,0.0014388677892173897,0.0014388677892173897,0.0,0.08823529411764706,0.9411764705882353
quality,on,0,47,34,False,0.0010791508419130424,0.0010791508419130424,0.0,0.08571428571428572,0.9428571428571428
quality,on,0,47,35,False,0.0008093631314347818,0.0008093631314347818,0.0,0.08333333333333333,0.9436619718309859
quality,on,0,47,36,False,0.0006070223485760863,0.0006070223485760863,0.0,0.07894736842105263,0.9452054794520548
quality,on,0,47,37,False,0.0004552667614320647,0.0004552667614320647,0.0,0.07894736842105263,0.9452054794520548
quality,on,0,47,38,False,0.00034145007107404853,0.00034145007107404853,0.0,0.07894736842105263,0.9452054794520548
quality,on,0,47,39,False,0.0002560875533055364,0.0002560875533055364,0.0,0.07692307692307693,0.9466666666666667
quality,on,0,48,0,False,0.0,0.0,0.0,0.0,1.0
quality,on,0,48,1,False,0.0,0.0,0.0,0.0,0.9444444444444444
quality,on,0,48,2,False,0.0,0.0,0.0,0.0,0.95
quality,on,0,48,3,False,0.0,0.0,0.125,0.125,0.9047619047619048
quality,on,0,48,4,False,0.03125,0.03125,0.1,0.1,0.9130434782608695
quality,on,0,48,5,False,0.0484375,0.0484375,0.1,0.1,0.9166666666666666
quality,on,0,48,6,False,0.061328125000000004,0.061328125000000004,0.09090909090909091,0.09090909090909091,0.92
quality,on,0,48,7,False,0.06872336647727273,0.06872336647727273,0.09090909090909091,0.09090909090909091,0.9230769230769231
quality,on,0,48,8,False,0.07426979758522727,0.07426979758522728,0.07692307692307693,0.07692307692307693,0.9310344827586207
quality,on,0,48,9,False,0.0749331174196897,0.0749331174196897,0.07142857142857142,0.07142857142857142,0.9375
quality,on,0,48,10,False,0.07405698092191013,0.07405698092191013,0.07142857142857142,0.07142857142857142,0.9393939393939394
quality,on,0,48,11,False,0.07339987854857545,0.07339987854857545,0.13333333333333333,0.13333333333333333,0.9142857142857143
quality,on,0,48,12,False,0.08838324224476493,0.08838324224476493,0.13333333333333333,0.13333333333333333,0.918918918918919
quality,on,0,48,13,False,0.09962076501690705,0.09962076501690703,0.13333333333333333,0.13333333333333333,0.9230769230769231
quality,on,0,48,14,False,0.10804890709601363,0.10804890709601361,0.13333333333333333,0.13333333333333333,0.925
quality,on,0,48,15,False,0.11437001365534354,0.11437001365534355,0.125,0.125,0.9302325581395349
quality,on,0,48,16,False,0.11702751024150766,0.11702751024150766,0.125,0.125,0.9318181818181818
quality,on,0,48,17,False,0.11902063268113075,0.11902063268113075,0.11764705882352941,0.11764705882352941,0.9333333333333333
quality,on,0,48,18,False,0.11867723921673043,0.11867723921673043,0.1111111111111111,0.1111111111111111,0.9347826086956522
quality,on,0,48,19,False,0.11678570719032559,0.11678570719032559,0.10526315789473684,0.10526315789473684,0.9387755102040817
quality,on,0,48,20,False,0.11390506986642841,0.1139050698664284,0.1,0.1,0.94
quality,on,0,48,21,False,0.11042880239982131,0.11042880239982131,0.1,0.14285714285714285,0.9215686274509803
quality,on,0,48,22,False,0.10782160179986597,0.10782160179986597,0.05,0.13636363636363635,0.9230769230769231
quality,on,0,48,23,False,0.09336620134989947,0.09336620134989947,0.0,0.13043478260869565,0.9090909090909091
quality,on,0,48,24,False,0.0700246510124246,0.0700246510124246,0.0,0.13043478260869565,0.9090909090909091
quality,on,0,48,25,False,0.052518488259318444,0.052518488259318444,0.0,0.12,0.9137931034482759
quality,on,0,48,26,False,0.039388866194488836,0.039388866194488836,0.0,0.1111111111111111,0.9166666666666666
quality,on,0,48,27,False,0.029541649645866624,0.029541649645866627,0.0,0.13333333333333333,0.890625
quality,on,0,48,28,False,0.02215623723439997,0.02215623723439997,0.0,0.13333333333333333,0.8656716417910447
quality,on,0,48,29,False,0.01661717792579998,0.01661717792579998,0.0,0.15151515151515152,0.8571428571428571
quality,on,0,48,30,False,0.012462883444349985,0.012462883444349985,0.0,0.14285714285714285,0.8611111111111112
quality,on,0,48,31,False,0.00934716258326249,0.00934716258326249,0.0,0.13157894736842105,0.8666666666666667
quality,on,0,48,32,False,0.007010371937446867,0.007010371937446867,0.0,0.13157894736842105,0.868421052631579
quality,on,0,48,33,False,0.00525777895308515,0.00525777895308515,0.0,0.13157894736842105,0.868421052631579
quality,on,0,48,34,False,0.003943334214813863,0.003943334214813863,0.0,0.1282051282051282,0.8701298701298701
quality,on,0,48,35,False,0.002957500661110397,0.002957500661110397,0.0,0.125,0.8717948717948718
quality,on,0,48,36,False,0.0022181254958327976,0.0022181254958327976,0.0,0.12195121951219512,0.875
quality,on,0,48,37,False,0.001663594121874598,0.001663594121874598,0.0,0.11904761904761904,0.8765432098765432
quality,on,0,48,38,False,0.0012476955914059486,0.0012476955914059486,0.0,0.11363636363636363,0.8795180722891566
quality,on,0,48,39,False,0.0009357716935544614,0.0009357716935544614,0.0,0.1111111111111111,0.8809523809523809
quality,on,0,49,0,False,0.0,0.0,0.0,0.0,1.0
quality,on,0,49,1,False,0.0,0.0,0.0,0.0,1.0
quality,on,0,49,2,False,0.0,0.0,0.0,0.0,1.0
quality,on,0,49,3,False,0.0,0.0,0.0,0.0,1.0
quality,on,0,49,4,False,0.0,0.0,0.1111111111111111,0.1111111111111111,0.96
quality,on,0,49,5,False,0.027777777777777773,0.027777777777777776,0.1111111111111111,0.1111111111111111,0.96
quality,on,0,49,6,False,0.048611111111111105,0.048611111111111105,0.1111111111111111,0.1111111111111111,0.96
quality,on,0,49,7,False,0.0642361111111111,0.0642361111111111,0.1111111111111111,0.1111111111111111,0.9615384615384616
quality,on,0,49,8,False,0.07595486111111109,0.0759548611111111,0.1111111111111111,0.1111111111111111,0.9629629629629629
quality,on,0,49,9,False,0.08474392361111109,0.0847439236111111,0.1111111111111111,0.1111111111111111,0.9655172413793104
quality,on,0,49,10,False,0.09133572048611109,0.0913357204861111,0.1111111111111111,0.1111111111111111,0.967741935483871
quality,on,0,49,11,False,0.09627956814236109,0.0962795681423611,0.18181818181818182,0.18181818181818182,0.9393939393939394
quality,on,0,49,12,False,0.11766422156131628,0.11766422156131628,0.18181818181818182,0.18181818181818182,0.9393939393939394
quality,on,0,49,13,False,0.13370271162553266,0.13370271162553266,0.18181818181818182,0.18181818181818182,0.9393939393939394
quality,on,0,49,14,False,0.14573157917369498,0.14573157917369495,0.16666666666666666,0.16666666666666666,0.9411764705882353
quality,on,0,49,15,False,0.15096535104693784,0.15096535104693787,0.15384615384615385,0.15384615384615385,0.9428571428571428
quality,on,0,49,16,False,0.15168555174674186,0.15168555174674186,0.14285714285714285,0.14285714285714285,0.9473684210526315
quality,on,0,49,17,False,0.1494784495243421,0.1494784495243421,0.13333333333333333,0.13333333333333333,0.9487179487179487
quality,on,0,49,18,False,0.14544217047658994,0.14544217047658992,0.13333333333333333,0.13333333333333333,0.9487179487179487
quality,on,0,49,19,False,0.14241496119077576,0.14241496119077576,0.13333333333333333,0.13333333333333333,0.95
quality,on,0,49,20,False,0.14014455422641514,0.14014455422641514,0.125,0.125,0.9534883720930233
quality,on,0,49,21,False,0.13635841566981136,0.13635841566981136,0.125,0.125,0.9555555555555556
quality,on,0,49,22,False,0.13351881175235852,0.13351881175235852,0.11764705882352941,0.11764705882352941,0.9574468085106383
quality,on,0,49,23,False,0.12955087352015124,0.12955087352015124,0.1111111111111111,0.1111111111111111,0.9583333333333334
quality,on,0,49,24,False,0.1249409329178912,0.1249409329178912,0.1,0.1,0.96
quality,on,0,49,25,False,0.1187056996884184,0.1187056996884184,0.05,0.09090909090909091,0.9615384615384616
quality,on,0,49,26,False,0.1015292747663138,0.1015292747663138,0.05,0.09090909090909091,0.9622641509433962
quality,on,0,49,27,False,0.08864695607473536,0.08864695607473536,0.0,0.08333333333333333,0.9636363636363636
quality,on,0,49,28,False,0.06648521705605151,0.06648521705605151,0.0,0.08,0.9642857142857143
quality,on,0,49,29,False,0.04986391279203863,0.04986391279203863,0.0,0.10714285714285714,0.95
quality,on,0,49,30,False,0.03739793459402897,0.03739793459402897,0.0,0.10714285714285714,0.953125
quality,on,0,49,31,False,0.02804845094552173,0.02804845094552173,0.0,0.10714285714285714,0.953125
quality,on,0,49,32,False,0.021036338209141296,0.021036338209141296,0.0,0.10714285714285714,0.953125
quality,on,0,49,33,False,0.01577725365685597,0.01577725365685597,0.0,0.13333333333333333,0.9393939393939394
quality,on,0,49,34,False,0.011832940242641978,0.011832940242641978,0.0,0.14705882352941177,0.9285714285714286
quality,on,0,49,35,False,0.008874705181981484,0.008874705181981484,0.0,0.14705882352941177,0.9285714285714286
quality,on,0,49,36,False,0.006656028886486113,0.006656028886486113,0.0,0.14285714285714285,0.9295774647887324
quality,on,0,49,37,False,0.0049920216648645845,0.0049920216648645845,0.0,0.16216216216216217,0.9178082191780822
quality,on,0,49,38,False,0.0037440162486484384,0.0037440162486484384,0.0,0.16216216216216217,0.918918918918919
quality,on,0,49,39,False,0.002808012186486329,0.002808012186486329,0.0,0.15789473684210525,0.9230769230769231
quality,on,0,50,0,False,0.0,0.0,0.0,0.0,1.0
quality,on,0,50,1,False,0.0,0.0,0.0,0.0,1.0
quality,on,0,50,2,False,0.0,0.0,0.0,0.0,1.0
quality,on,0,50,3,False,0.0,0.0,0.058823529411764705,0.058823529411764705,0.96
quality,on,0,50,4,False,0.014705882352941176,0.014705882352941176,0.05555555555555555,0.05555555555555555,0.9615384615384616
quality,on,0,50,5,False,0.02491830065359477,0.02491830065359477,0.05263157894736842,0.05263157894736842,0.9655172413793104
quality,on,0,50,6,False,0.031846620227038186,0.031846620227038186,0.05,0.05,0.967741935483871
quality,on,0,50,7,False,0.03638496517027864,0.036384965170278644,0.05,0.047619047619047616,0.9705882352941176
quality,on,0,50,8,False,0.03978872387770899,0.03978872387770899,0.05,0.047619047619047616,0.9705882352941176
quality,on,0,50,9,False,0.04234154290828174,0.04234154290828174,0.05,0.09090909090909091,0.9444444444444444
quality,on,0,50,10,False,0.0442561571812113,0.0442561571812113,0.05,0.09090909090909091,0.9459459459459459
quality,on,0,50,11,False,0.045692117885908476,0.045692117885908476,0.05,0.09090909090909091,0.9473684210526315
quality,on,0,50,12,False,0.04676908841443135,0.04676908841443135,0.05,0.09090909090909091,0.9487179487179487
quality,on,0,50,13,False,0.047576816310823514,0.047576816310823514,0.05,0.09090909090909091,0.9487179487179487
quality,on,0,50,14,False,0.048182612233117636,0.048182612233117636,0.0,0.08695652173913043,0.9512195121951219
quality,on,0,50,15,False,0.036136959174838224,0.036136959174838224,0.0,0.08,0.9534883720930233
quality,on,0,50,16,False,0.027102719381128664,0.027102719381128668,0.0,0.08,0.9545454545454546
quality,on,0,50,17,False,0.0203270395358465,0.0203270395358465,0.0,0.1111111111111111,0.9347826086956522
quality,on,0,50,18,False,0.015245279651884876,0.015245279651884876,0.0,0.1111111111111111,0.9347826086956522
quality,on,0,50,19,False,0.011433959738913656,0.011433959738913656,0.0,0.1111111111111111,0.9361702127659575
quality,on,0,50,20,False,0.008575469804185241,0.008575469804185241,0.0,0.1111111111111111,0.9361702127659575
quality,on,0,50,21,False,0.006431602353138931,0.006431602353138931,0.0,0.1111111111111111,0.9361702127659575
quality,on,0,50,22,False,0.004823701764854199,0.004823701764854199,0.0,0.10344827586206896,0.9387755102040817
quality,on,0,50,23,False,0.003617776323640649,0.003617776323640649,0.0,0.10344827586206896,0.9387755102040817
quality,on,0,50,24,False,0.002713332242730487,0.002713332242730487,0.0,0.1,0.94
quality,on,0,50,25,False,0.002034999182047865,0.002034999182047865,0.0,0.125,0.9230769230769231
quality,on,0,50,26,False,0.0015262493865358987,0.0015262493865358987,0.0,0.15151515151515152,0.9056603773584906
quality,on,0,50,27,False,0.001144687039901924,0.001144687039901924,0.0,0.15151515151515152,0.9074074074074074
quality,on,0,50,28,False,0.0008585152799264429,0.0008585152799264429,0.0,0.14705882352941177,0.9090909090909091
quality,on,0,50,29,False,0.0006438864599448322,0.0006438864599448322,0.0,0.15789473684210525,0.9
quality,on,0,50,30,False,0.00048291484495862415,0.00048291484495862415,0.0,0.15789473684210525,0.9
quality,on,0,50,31,False,0.0003621861337189681,0.0003621861337189681,0.0,0.15384615384615385,0.9032258064516129
quality,on,0,50,32,False,0.00027163960028922605,0.00027163960028922605,0.0,0.15384615384615385,0.9047619047619048
quality,on,0,50,33,False,0.00020372970021691954,0.00020372970021691954,0.0,0.15384615384615385,0.90625
quality,on,0,50,34,False,0.00015279727516268965,0.00015279727516268965,0.0,0.17073170731707318,0.8955223880597015
quality,on,0,50,35,False,0.00011459795637201724,0.00011459795637201724,0.0,0.16666666666666666,0.8857142857142857
quality,on,0,50,36,False,8.594846727901291e-05,8.594846727901293e-05,0.0,0.16666666666666666,0.8873239436619719
quality,on,0,50,37,False,6.44613504592597e-05,6.44613504592597e-05,0.0,0.16666666666666666,0.8873239436619719
quality,on,0,50,38,False,4.834601284444477e-05,4.8346012844444774e-05,0.0,0.16279069767441862,0.8888888888888888
quality,on,0,50,39,False,3.625950963333358e-05,3.625950963333358e-05,0.0,0.15217391304347827,0.8933333333333333
quality,on,0,51,0,False,0.0,0.0,0.0,0.0,1.0
quality,on,0,51,1,False,0.0,0.0,0.0,0.0,1.0
quality,on,0,51,2,False,0.0,0.0,0.0,0.0,1.0
quality,on,0,51,3,False,0.0,0.0,0.0,0.0,1.0
quality,on,0,51,4,False,0.0,0.0,0.0,0.0,1.0
quality,on,0,51,5,False,0.0,0.0,0.0,0.0,1.0
quality,on,0,51,6,False,0.0,0.0,0.0,0.0,1.0
quality,on,0,51,7,False,0.0,0.0,0.0,0.0,1.0
quality,on,0,51,8,False,0.0,0.0,0.05263157894736842,0.05263157894736842,0.975
quality,on,0,51,9,False,0.013157894736842105,0.013157894736842105,0.0,0.09090909090909091,0.9534883720930233
quality,on,0,51,10,False,0.009868421052631578,0.009868421052631578,0.0,0.09090909090909091,0.9555555555555556
quality,on,0,51,11,False,0.007401315789473684,0.007401315789473684,0.0,0.08333333333333333,0.9574468085106383
quality,on,0,51,12,False,0.005550986842105263,0.005550986842105263,0.0,0.07692307692307693,0.9591836734693877
quality,on,0,51,13,False,0.004163240131578948,0.004163240131578948,0.0,0.1111111111111111,0.94
quality,on,0,51,14,False,0.0031224300986842112,0.003122430098684211,0.0,0.10714285714285714,0.9411764705882353
quality,on,0,51,15,False,0.002341822574013158,0.002341822574013158,0.0,0.10344827586206896,0.9423076923076923
quality,on,0,51,16,False,0.0017563669305098682,0.0017563669305098685,0.0,0.10344827586206896,0.9444444444444444
quality,on,0,51,17,False,0.0013172751978824014,0.0013172751978824014,0.0,0.10344827586206896,0.9473684210526315
quality,on,0,51,18,False,0.000987956398411801,0.000987956398411801,0.0,0.10344827586206896,0.9482758620689655
quality,on,0,51,19,False,0.0007409672988088507,0.0007409672988088509,0.0,0.15625,0.9180327868852459
quality,on,0,51,20,False,0.0005557254741066381,0.0005557254741066381,0.0,0.16666666666666666,0.9076923076923077
quality,on,0,51,21,False,0.00041679410557997863,0.00041679410557997863,0.0,0.1891891891891892,0.8939393939393939
quality,on,0,51,22,False,0.000312595579184984,0.000312595579184984,0.0,0.20512820512820512,0.8840579710144928
quality,on,0,51,23,False,0.00023444668438873795,0.00023444668438873798,0.0,0.225,0.8732394366197183
quality,on,0,51,24,False,0.00017583501329155349,0.00017583501329155349,0.0,0.225,0.8732394366197183
quality,on,0,51,25,False,0.00013187625996866512,0.00013187625996866512,0.0,0.21951219512195122,0.875
quality,on,0,51,26,False,9.890719497649885e-05,9.890719497649883e-05,0.0,0.21951219512195122,0.875
quality,on,0,51,27,False,7.418039623237413e-05,7.418039623237413e-05,0.0,0.23809523809523808,0.8666666666666667
quality,on,0,51,28,False,5.563529717428059e-05,5.563529717428059e-05,0.0,0.2222222222222222,0.8717948717948718
quality,on,0,51,29,False,4.1726472880710446e-05,4.1726472880710446e-05,0.0,0.21739130434782608,0.8765432098765432
quality,on,0,51,30,False,3.129485466053283e-05,3.129485466053283e-05,0.0,0.2127659574468085,0.8780487804878049
quality,on,0,51,31,False,2.3471140995399624e-05,2.3471140995399624e-05,0.0,0.2127659574468085,0.8780487804878049
quality,on,0,51,32,False,1.760335574654972e-05,1.760335574654972e-05,0.0,0.2127659574468085,0.8780487804878049
quality,on,0,51,33,False,1.3202516809912289e-05,1.3202516809912289e-05,0.0,0.2127659574468085,0.8823529411764706
quality,on,0,51,34,False,9.901887607434217e-06,9.901887607434217e-06,0.0,0.20833333333333334,0.8837209302325582
quality,on,0,51,35,False,7.4264157055756625e-06,7.4264157055756625e-06,0.0,0.24,0.8636363636363636
quality,on,0,51,36,False,5.569811779181747e-06,5.569811779181747e-06,0.0,0.23529411764705882,0.8651685393258427
quality,on,0,51,37,False,4.17735883438631e-06,4.17735883438631e-06,0.0,0.23076923076923078,0.8666666666666667
quality,on,0,51,38,False,3.1330191257897326e-06,3.1330191257897326e-06,0.0,0.24528301886792453,0.8571428571428571
quality,on,0,51,39,False,2.3497643443422993e-06,2.3497643443422993e-06,0.0,0.24528301886792453,0.8602150537634409
quality,on,2,42,0,False,0.0,0.0,0.0,0.0,1.0
quality,on,2,42,1,False,0.0,0.0,0.0,0.0,0.95
quality,on,2,42,2,True,0.0,0.0,0.0,0.0,1.0
quality,on,2,42,3,False,0.0,0.0,0.0,0.0,1.0
quality,on,2,42,4,True,0.0,0.0,0.0,0.0,1.0
quality,on,2,42,5,False,0.0,0.0,0.0,0.0,1.0
quality,on,2,42,6,True,0.0,0.0,0.0,0.0,1.0
quality,on,2,42,7,False,0.0,0.0,0.125,0.125,0.9473684210526315
quality,on,2,42,8,True,0.03125,0.03125,0.0,0.0,1.0
quality,on,2,42,9,False,0.0234375,0.0234375,0.0,0.0,1.0
quality,on,2,42,10,True,0.017578125,0.017578125,0.0,0.0,1.0
quality,on,2,42,11,False,0.01318359375,0.01318359375,0.0,0.0,1.0
quality,on,2,42,12,True,0.0098876953125,0.0098876953125,0.0,0.0,1.0
quality,on,2,42,13,False,0.007415771484375,0.007415771484375,0.0,0.0,1.0
quality,on,2,42,14,True,0.00556182861328125,0.00556182861328125,0.0,0.0,1.0
quality,on,2,42,15,False,0.0041713714599609375,0.0041713714599609375,0.0,0.0,1.0
quality,on,2,42,16,True,0.003128528594970703,0.003128528594970703,0.0,0.0,1.0
quality,on,2,42,17,False,0.0023463964462280273,0.0023463964462280273,0.0,0.0,1.0
quality,on,2,42,18,True,0.0017597973346710205,0.0017597973346710205,0.0,0.0,1.0
quality,on,2,42,19,False,0.0013198480010032654,0.0013198480010032654,0.0,0.0,1.0
quality,on,2,42,20,True,0.000989886000752449,0.000989886000752449,0.0,0.0,1.0
quality,on,2,42,21,False,0.0007424145005643368,0.0007424145005643368,0.0,0.0,1.0
quality,on,2,42,22,True,0.0005568108754232526,0.0005568108754232526,0.0,0.0,1.0
quality,on,2,42,23,False,0.00041760815656743944,0.00041760815656743944,0.0,0.0,1.0
quality,on,2,42,24,True,0.0003132061174255796,0.0003132061174255796,0.0,0.0,1.0
quality,on,2,42,25,False,0.00023490458806918468,0.00023490458806918468,0.0,0.0,1.0
quality,on,2,42,26,True,0.0001761784410518885,0.0001761784410518885,0.0,0.0,1.0
quality,on,2,42,27,False,0.00013213383078891638,0.00013213383078891638,0.0,0.0,1.0
quality,on,2,42,28,True,9.910037309168729e-05,9.910037309168729e-05,0.0,0.0,1.0
quality,on,2,42,29,False,7.432527981876547e-05,7.432527981876547e-05,0.0,0.0,1.0
quality,on,2,42,30,True,5.57439598640741e-05,5.57439598640741e-05,0.0,0.0,1.0
quality,on,2,42,31,False,4.1807969898055575e-05,4.1807969898055575e-05,0.0,0.0,1.0
quality,on,2,42,32,True,3.135597742354168e-05,3.135597742354168e-05,0.0,0.0,1.0
quality,on,2,42,33,False,2.351698306765626e-05,2.351698306765626e-05,0.0,0.0,1.0
quality,on,2,42,34,True,1.7637737300742196e-05,1.7637737300742196e-05,0.0,0.0,1.0
quality,on,2,42,35,False,1.3228302975556647e-05,1.3228302975556647e-05,0.0,0.0,1.0
quality,on,2,42,36,True,9.921227231667485e-06,9.921227231667485e-06,0.0,0.0,1.0
quality,on,2,42,37,False,7.440920423750614e-06,7.440920423750614e-06,0.0,0.0,1.0
quality,on,2,42,38,True,5.58069031781296e-06,5.58069031781296e-06,0.0,0.0,1.0
quality,on,2,42,39,False,4.18551773835972e-06,4.18551773835972e-06,0.0,0.0,1.0
quality,on,2,43,0,False,0.0,0.0,0.0,0.0,1.0
quality,on,2,43,1,False,0.0,0.0,0.0,0.0,1.0
quality,on,2,43,2,True,0.0,0.0,0.0,0.0,1.0
quality,on,2,43,3,False,0.0,0.0,0.0,0.0,1.0
quality,on,2,43,4,True,0.0,0.0,0.0,0.0,1.0
quality,on,2,43,5,False,0.0,0.0,0.0,0.0,1.0
quality,on,2,43,6,True,0.0,0.0,0.0,0.0,1.0
quality,on,2,43,7,False,0.0,0.0,0.0,0.0,1.0
quality,on,2,43,8,True,0.0,0.0,0.0,0.0,1.0
quality,on,2,43,9,False,0.0,0.0,0.0,0.0,1.0
quality,on,2,43,10,True,0.0,0.0,0.0,0.0,1.0
quality,on,2,43,11,False,0.0,0.0,0.0,0.0,1.0
quality,on,2,43,12,True,0.0,0.0,0.0,0.0,1.0
quality,on,2,43,13,False,0.0,0.0,0.0,0.0,1.0
quality,on,2,43,14,True,0.0,0.0,0.0,0.0,1.0
quality,on,2,43,15,False,0.0,0.0,0.0,0.0,1.0
quality,on,2,43,16,True,0.0,0.0,0.0,0.0,1.0
quality,on,2,43,17,False,0.0,0.0,0.0,0.0,1.0
quality,on,2,43,18,True,0.0,0.0,0.0,0.0,1.0
quality,on,2,43,19,False,0.0,0.0,0.0,0.0,1.0
quality,on,2,43,20,True,0.0,0.0,0.0,0.0,1.0
quality,on,2,43,21,False,0.0,0.0,0.0,0.0,1.0
quality,on,2,43,22,True,0.0,0.0,0.0,0.0,1.0
quality,on,2,43,23,False,0.0,0.0,0.0,0.0,1.0
quality,on,2,43,24,True,0.0,0.0,0.0,0.0,1.0
quality,on,2,43,25,False,0.0,0.0,0.07142857142857142,0.07142857142857142,0.96
quality,on,2,43,26,True,0.017857142857142856,0.017857142857142856,0.0,0.0,1.0
quality,on,2,43,27,False,0.013392857142857142,0.013392857142857142,0.0,0.0,1.0
quality,on,2,43,28,True,0.010044642857142858,0.010044642857142856,0.0,0.0,1.0
quality,on,2,43,29,False,0.007533482142857142,0.007533482142857142,0.07692307692307693,0.07692307692307693,0.96
quality,on,2,43,30,True,0.024880880837912088,0.024880880837912088,0.0,0.0,1.0
quality,on,2,43,31,False,0.01866066062843406,0.018660660628434064,0.1111111111111111,0.1111111111111111,0.96
quality,on,2,43,32,True,0.04177327324910333,0.04177327324910332,0.0,0.0,1.0
quality,on,2,43,33,False,0.03132995493682749,0.03132995493682749,0.0,0.0,1.0
quality,on,2,43,34,True,0.023497466202620616,0.023497466202620616,0.0,0.0,1.0
quality,on,2,43,35,False,0.017623099651965464,0.017623099651965464,0.0,0.0,1.0
quality,on,2,43,36,True,0.013217324738974098,0.013217324738974098,0.0,0.0,1.0
quality,on,2,43,37,False,0.009912993554230573,0.009912993554230573,0.0,0.0,1.0
quality,on,2,43,38,True,0.007434745165672931,0.00743474516567293,0.0,0.0,1.0
quality,on,2,43,39,False,0.005576058874254697,0.005576058874254697,0.0,0.0,1.0
quality,on,2,44,0,False,0.0,0.0,0.0,0.0,1.0
quality,on,2,44,1,False,0.0,0.0,0.0,0.0,1.0
quality,on,2,44,2,True,0.0,0.0,0.0,0.0,1.0
quality,on,2,44,3,False,0.0,0.0,0.0,0.0,1.0
quality,on,2,44,4,True,0.0,0.0,0.0,0.0,1.0
quality,on,2,44,5,False,0.0,0.0,0.0,0.0,1.0
quality,on,2,44,6,True,0.0,0.0,0.0,0.0,1.0
quality,on,2,44,7,False,0.0,0.0,0.08333333333333333,0.08333333333333333,0.9565217391304348
quality,on,2,44,8,True,0.020833333333333332,0.020833333333333332,0.0,0.0,1.0
quality,on,2,44,9,False,0.015625,0.015625,0.0,0.0,1.0
quality,on,2,44,10,True,0.01171875,0.01171875,0.0,0.0,1.0
quality,on,2,44,11,False,0.0087890625,0.0087890625,0.0,0.0,1.0
quality,on,2,44,12,True,0.006591796875,0.006591796875,0.0,0.0,1.0
quality,on,2,44,13,False,0.00494384765625,0.00494384765625,0.0,0.0,1.0
quality,on,2,44,14,True,0.0037078857421875,0.0037078857421875,0.0,0.0,1.0
quality,on,2,44,15,False,0.002780914306640625,0.002780914306640625,0.0,0.0,1.0
quality,on,2,44,16,True,0.0020856857299804688,0.0020856857299804688,0.0,0.0,1.0
quality,on,2,44,17,False,0.0015642642974853516,0.0015642642974853516,0.0,0.0,1.0
quality,on,2,44,18,True,0.0011731982231140137,0.0011731982231140137,0.0,0.0,1.0
quality,on,2,44,19,False,0.0008798986673355103,0.0008798986673355103,0.0,0.0,1.0
quality,on,2,44,20,True,0.0006599240005016327,0.0006599240005016327,0.0,0.0,1.0
quality,on,2,44,21,False,0.0004949430003762245,0.0004949430003762245,0.0,0.0,1.0
quality,on,2,44,22,True,0.0003712072502821684,0.0003712072502821684,0.0,0.0,1.0
quality,on,2,44,23,False,0.0002784054377116263,0.0002784054377116263,0.0,0.0,1.0
quality,on,2,44,24,True,0.00020880407828371972,0.00020880407828371972,0.0,0.0,1.0
quality,on,2,44,25,False,0.0001566030587127898,0.0001566030587127898,0.0,0.0,1.0
quality,on,2,44,26,True,0.00011745229403459234,0.00011745229403459234,0.0,0.0,1.0
quality,on,2,44,27,False,8.808922052594426e-05,8.808922052594426e-05,0.1111111111111111,0.1111111111111111,0.9565217391304348
quality,on,2,44,28,True,0.02784384469317223,0.027843844693172234,0.0,0.0,1.0
quality,on,2,44,29,False,0.020882883519879176,0.020882883519879176,0.0,0.0,1.0
quality,on,2,44,30,True,0.015662162639909383,0.015662162639909383,0.0,0.0,1.0
quality,on,2,44,31,False,0.011746621979932037,0.011746621979932037,0.0,0.0,1.0
quality,on,2,44,32,True,0.008809966484949028,0.008809966484949028,0.0,0.0,1.0
quality,on,2,44,33,False,0.006607474863711771,0.006607474863711771,0.0,0.0,1.0
quality,on,2,44,34,True,0.004955606147783828,0.004955606147783828,0.0,0.0,1.0
quality,on,2,44,35,False,0.003716704610837871,0.003716704610837871,0.0,0.0,1.0
quality,on,2,44,36,True,0.0027875284581284033,0.0027875284581284033,0.0,0.0,1.0
quality,on,2,44,37,False,0.0020906463435963023,0.0020906463435963023,0.0,0.0,1.0
quality,on,2,44,38,True,0.001567984757697227,0.0015679847576972267,0.0,0.0,1.0
quality,on,2,44,39,False,0.00117598856827292,0.00117598856827292,0.0,0.0,1.0
quality,on,2,45,0,False,0.0,0.0,0.0,0.0,1.0
quality,on,2,45,1,False,0.0,0.0,0.0,0.0,1.0
quality,on,2,45,2,True,0.0,0.0,0.0,0.0,1.0
quality,on,2,45,3,False,0.0,0.0,0.0,0.0,1.0
quality,on,2,45,4,True,0.0,0.0,0.0,0.0,1.0
quality,on,2,45,5,False,0.0,0.0,0.0,0.0,1.0
quality,on,2,45,6,True,0.0,0.0,0.0,0.0,1.0
quality,on,2,45,7,False,0.0,0.0,0.0,0.0,1.0
quality,on,2,45,8,True,0.0,0.0,0.0,0.0,1.0
quality,on,2,45,9,False,0.0,0.0,0.0,0.0,1.0
quality,on,2,45,10,True,0.0,0.0,0.0,0.0,1.0
quality,on,2,45,11,False,0.0,0.0,0.0,0.0,1.0
quality,on,2,45,12,True,0.0,0.0,0.0,0.0,1.0
quality,on,2,45,13,False,0.0,0.0,0.2,0.2,0.9565217391304348
quality,on,2,45,14,True,0.05,0.05,0.0,0.0,1.0
quality,on,2,45,15,False,0.03750000000000001,0.037500000000000006,0.08333333333333333,0.08333333333333333,0.9523809523809523
quality,on,2,45,16,True,0.04895833333333334,0.04895833333333334,0.0,0.0,1.0
quality,on,2,45,17,False,0.03671875000000001,0.03671875000000001,0.0,0.0,1.0
quality,on,2,45,18,True,0.027539062500000006,0.027539062500000006,0.0,0.0,1.0
quality,on,2,45,19,False,0.020654296875000006,0.020654296875000006,0.16666666666666666,0.16666666666666666,0.9444444444444444
quality,on,2,45,20,True,0.05715738932291666,0.05715738932291667,0.0,0.0,1.0
quality,on,2,45,21,False,0.0428680419921875,0.0428680419921875,0.0,0.0,1.0
quality,on,2,45,22,True,0.03215103149414063,0.03215103149414063,0.0,0.0,1.0
quality,on,2,45,23,False,0.02411327362060547,0.02411327362060547,0.0,0.0,1.0
quality,on,2,45,24,True,0.018084955215454102,0.018084955215454102,0.0,0.0,1.0
quality,on,2,45,25,False,0.01356371641159058,0.013563716411590578,0.0,0.0,1.0
quality,on,2,45,26,True,0.010172787308692933,0.010172787308692933,0.0,0.0,1.0
quality,on,2,45,27,False,0.0076295904815196994,0.0076295904815196994,0.0,0.0,1.0
quality,on,2,45,28,True,0.005722192861139776,0.005722192861139775,0.0,0.0,1.0
quality,on,2,45,29,False,0.004291644645854831,0.004291644645854831,0.0,0.0,1.0
quality,on,2,45,30,True,0.0032187334843911232,0.0032187334843911232,0.0,0.0,1.0
quality,on,2,45,31,False,0.002414050113293343,0.0024140501132933426,0.0,0.0,1.0
quality,on,2,45,32,True,0.001810537584970007,0.001810537584970007,0.0,0.0,1.0
quality,on,2,45,33,False,0.0013579031887275051,0.0013579031887275051,0.0,0.0,1.0
quality,on,2,45,34,True,0.001018427391545629,0.001018427391545629,0.0,0.0,1.0
quality,on,2,45,35,False,0.0007638205436592217,0.0007638205436592217,0.0,0.0,1.0
quality,on,2,45,36,True,0.0005728654077444162,0.0005728654077444162,0.0,0.0,1.0
quality,on,2,45,37,False,0.0004296490558083122,0.0004296490558083122,0.1,0.1,0.9545454545454546
quality,on,2,45,38,True,0.025322236791856235,0.025322236791856235,0.0,0.0,1.0
quality,on,2,45,39,False,0.018991677593892177,0.018991677593892177,0.0,0.0,1.0
quality,on,2,46,0,False,0.0,0.0,0.0,0.0,1.0
quality,on,2,46,1,False,0.0,0.0,0.0,0.0,1.0
quality,on,2,46,2,True,0.0,0.0,0.0,0.0,1.0
quality,on,2,46,3,False,0.0,0.0,0.0,0.0,1.0
quality,on,2,46,4,True,0.0,0.0,0.0,0.0,1.0
quality,on,2,46,5,False,0.0,0.0,0.0,0.0,1.0
quality,on,2,46,6,True,0.0,0.0,0.0,0.0,1.0
quality,on,2,46,7,False,0.0,0.0,0.0,0.0,1.0
quality,on,2,46,8,True,0.0,0.0,0.0,0.0,1.0
quality,on,2,46,9,False,0.0,0.0,0.09090909090909091,0.09090909090909091,0.9642857142857143
quality,on,2,46,10,True,0.022727272727272728,0.022727272727272728,0.0,0.0,1.0
quality,on,2,46,11,False,0.017045454545454544,0.017045454545454544,0.0,0.0,1.0
quality,on,2,46,12,True,0.012784090909090908,0.012784090909090908,0.0,0.0,1.0
quality,on,2,46,13,False,0.00958806818181818,0.00958806818181818,0.0,0.0,1.0
quality,on,2,46,14,True,0.007191051136363635,0.007191051136363635,0.0,0.0,1.0
quality,on,2,46,15,False,0.005393288352272726,0.005393288352272726,0.08333333333333333,0.08333333333333333,0.96
quality,on,2,46,16,True,0.024878299597537876,0.024878299597537876,0.0,0.0,1.0
quality,on,2,46,17,False,0.018658724698153408,0.018658724698153408,0.0,0.0,1.0
quality,on,2,46,18,True,0.013994043523615055,0.013994043523615055,0.0,0.0,1.0
quality,on,2,46,19,False,0.010495532642711292,0.010495532642711292,0.0,0.0,1.0
quality,on,2,46,20,True,0.00787164948203347,0.00787164948203347,0.0,0.0,1.0
quality,on,2,46,21,False,0.005903737111525103,0.005903737111525103,0.0,0.0,1.0
quality,on,2,46,22,True,0.004427802833643827,0.004427802833643827,0.0,0.0,1.0
quality,on,2,46,23,False,0.0033208521252328705,0.0033208521252328705,0.0,0.0,0.9523809523809523
quality,on,2,46,24,True,0.002490639093924653,0.002490639093924653,0.0,0.0,1.0
quality,on,2,46,25,False,0.0018679793204434897,0.0018679793204434897,0.0,0.0,1.0
quality,on,2,46,26,True,0.0014009844903326173,0.0014009844903326173,0.0,0.0,1.0
quality,on,2,46,27,False,0.0010507383677494629,0.0010507383677494629,0.0,0.0,1.0
quality,on,2,46,28,True,0.0007880537758120972,0.0007880537758120972,0.0,0.0,1.0
quality,on,2,46,29,False,0.000591040331859073,0.0005910403318590729,0.0,0.0,1.0
quality,on,2,46,30,True,0.0004432802488943047,0.0004432802488943047,0.0,0.0,1.0
quality,on,2,46,31,False,0.0003324601866707285,0.0003324601866707285,0.0,0.0,1.0
quality,on,2,46,32,True,0.00024934514000304637,0.00024934514000304637,0.0,0.0,1.0
quality,on,2,46,33,False,0.00018700885500228477,0.00018700885500228477,0.0,0.0,1.0
quality,on,2,46,34,True,0.00014025664125171355,0.00014025664125171357,0.0,0.0,1.0
quality,on,2,46,35,False,0.00010519248093878518,0.00010519248093878518,0.0,0.0,1.0
quality,on,2,46,36,True,7.889436070408889e-05,7.889436070408889e-05,0.0,0.0,1.0
quality,on,2,46,37,False,5.917077052806667e-05,5.917077052806667e-05,0.0,0.0,1.0
quality,on,2,46,38,True,4.4378077896050004e-05,4.4378077896050004e-05,0.0,0.0,1.0
quality,on,2,46,39,False,3.3283558422037506e-05,3.3283558422037506e-05,0.0,0.0,1.0
quality,on,2,47,0,False,0.0,0.0,0.0,0.0,1.0
quality,on,2,47,1,False,0.0,0.0,0.1111111111111111,0.1111111111111111,0.9565217391304348
quality,on,2,47,2,True,0.027777777777777773,0.027777777777777776,0.0,0.0,1.0
quality,on,2,47,3,False,0.020833333333333332,0.020833333333333332,0.0,0.0,1.0
quality,on,2,47,4,True,0.015625,0.015625,0.0,0.0,1.0
quality,on,2,47,5,False,0.01171875,0.01171875,0.0,0.0,1.0
quality,on,2,47,6,True,0.0087890625,0.0087890625,0.0,0.0,1.0
quality,on,2,47,7,False,0.006591796875,0.006591796875,0.0,0.0,1.0
quality,on,2,47,8,True,0.00494384765625,0.00494384765625,0.0,0.0,1.0
quality,on,2,47,9,False,0.0037078857421875,0.0037078857421875,0.0,0.0,1.0
quality,on,2,47,10,True,0.002780914306640625,0.002780914306640625,0.0,0.0,1.0
quality,on,2,47,11,False,0.0020856857299804688,0.0020856857299804688,0.0,0.0,1.0
quality,on,2,47,12,True,0.0015642642974853516,0.0015642642974853516,0.0,0.0,1.0
quality,on,2,47,13,False,0.0011731982231140137,0.0011731982231140137,0.0,0.0,1.0
quality,on,2,47,14,True,0.0008798986673355103,0.0008798986673355103,0.0,0.0,1.0
quality,on,2,47,15,False,0.0006599240005016327,0.0006599240005016327,0.0,0.0,1.0
quality,on,2,47,16,True,0.0004949430003762245,0.0004949430003762245,0.0,0.0,1.0
quality,on,2,47,17,False,0.0003712072502821684,0.0003712072502821684,0.0,0.0,1.0
quality,on,2,47,18,True,0.0002784054377116263,0.0002784054377116263,0.0,0.0,1.0
quality,on,2,47,19,False,0.00020880407828371972,0.00020880407828371972,0.0,0.0,1.0
quality,on,2,47,20,True,0.0001566030587127898,0.0001566030587127898,0.0,0.0,1.0
quality,on,2,47,21,False,0.00011745229403459234,0.00011745229403459234,0.0,0.0,1.0
quality,on,2,47,22,True,8.808922052594426e-05,8.808922052594426e-05,0.0,0.0,1.0
quality,on,2,47,23,False,6.606691539445819e-05,6.606691539445819e-05,0.0,0.0,1.0
quality,on,2,47,24,True,4.9550186545843644e-05,4.9550186545843644e-05,0.0,0.0,1.0
quality,on,2,47,25,False,3.716263990938273e-05,3.716263990938273e-05,0.0,0.0,1.0
quality,on,2,47,26,True,2.787197993203705e-05,2.787197993203705e-05,0.0,0.0,1.0
quality,on,2,47,27,False,2.0903984949027787e-05,2.0903984949027787e-05,0.0,0.0,1.0
quality,on,2,47,28,True,1.567798871177084e-05,1.567798871177084e-05,0.0,0.0,1.0
quality,on,2,47,29,False,1.175849153382813e-05,1.175849153382813e-05,0.0,0.0,1.0
quality,on,2,47,30,True,8.818868650371098e-06,8.818868650371098e-06,0.0,0.0,1.0
quality,on,2,47,31,False,6.614151487778323e-06,6.614151487778323e-06,0.0,0.0,1.0
quality,on,2,47,32,True,4.9606136158337425e-06,4.9606136158337425e-06,0.0,0.0,1.0
quality,on,2,47,33,False,3.720460211875307e-06,3.720460211875307e-06,0.0,0.0,1.0
quality,on,2,47,34,True,2.79034515890648e-06,2.79034515890648e-06,0.0,0.0,1.0
quality,on,2,47,35,False,2.09275886917986e-06,2.09275886917986e-06,0.0,0.0,1.0
quality,on,2,47,36,True,1.5695691518848953e-06,1.569569151884895e-06,0.0,0.0,1.0
quality,on,2,47,37,False,1.1771768639136713e-06,1.1771768639136713e-06,0.0,0.0,1.0
quality,on,2,47,38,True,8.828826479352535e-07,8.828826479352534e-07,0.0,0.0,1.0
quality,on,2,47,39,False,6.621619859514401e-07,6.621619859514401e-07,0.0,0.0,1.0
quality,on,2,48,0,False,0.0,0.0,0.0,0.0,1.0
quality,on,2,48,1,False,0.0,0.0,0.0,0.0,0.9444444444444444
quality,on,2,48,2,True,0.0,0.0,0.0,0.0,1.0
quality,on,2,48,3,False,0.0,0.0,0.0,0.0,1.0
quality,on,2,48,4,True,0.0,0.0,0.0,0.0,1.0
quality,on,2,48,5,False,0.0,0.0,0.0,0.0,1.0
quality,on,2,48,6,True,0.0,0.0,0.0,0.0,1.0
quality,on,2,48,7,False,0.0,0.0,0.0,0.0,1.0
quality,on,2,48,8,True,0.0,0.0,0.0,0.0,1.0
quality,on,2,48,9,False,0.0,0.0,0.0,0.0,1.0
quality,on,2,48,10,True,0.0,0.0,0.0,0.0,1.0
quality,on,2,48,11,False,0.0,0.0,0.0,0.0,1.0
quality,on,2,48,12,True,0.0,0.0,0.0,0.0,1.0
quality,on,2,48,13,False,0.0,0.0,0.0,0.0,1.0
quality,on,2,48,14,True,0.0,0.0,0.0,0.0,1.0
quality,on,2,48,15,False,0.0,0.0,0.0,0.0,1.0
quality,on,2,48,16,True,0.0,0.0,0.0,0.0,1.0
quality,on,2,48,17,False,0.0,0.0,0.0,0.0,1.0
quality,on,2,48,18,True,0.0,0.0,0.0,0.0,1.0
quality,on,2,48,19,False,0.0,0.0,0.0,0.0,1.0
quality,on,2,48,20,True,0.0,0.0,0.0,0.0,1.0
quality,on,2,48,21,False,0.0,0.0,0.0,0.0,1.0
quality,on,2,48,22,True,0.0,0.0,0.0,0.0,1.0
quality,on,2,48,23,False,0.0,0.0,0.0,0.0,1.0
quality,on,2,48,24,True,0.0,0.0,0.0,0.0,1.0
quality,on,2,48,25,False,0.0,0.0,0.0,0.0,1.0
quality,on,2,48,26,True,0.0,0.0,0.0,0.0,1.0
quality,on,2,48,27,False,0.0,0.0,0.0,0.0,1.0
quality,on,2,48,28,True,0.0,0.0,0.0,0.0,1.0
quality,on,2,48,29,False,0.0,0.0,0.0,0.0,0.9642857142857143
quality,on,2,48,30,True,0.0,0.0,0.0,0.0,1.0
quality,on,2,48,31,False,0.0,0.0,0.0,0.0,1.0
quality,on,2,48,32,True,0.0,0.0,0.0,0.0,1.0
quality,on,2,48,33,False,0.0,0.0,0.0,0.0,1.0
quality,on,2,48,34,True,0.0,0.0,0.0,0.0,1.0
quality,on,2,48,35,False,0.0,0.0,0.06666666666666667,0.06666666666666667,0.9655172413793104
quality,on,2,48,36,True,0.016666666666666666,0.016666666666666666,0.0,0.0,1.0
quality,on,2,48,37,False,0.0125,0.0125,0.0,0.0,1.0
quality,on,2,48,38,True,0.009375000000000003,0.009375000000000001,0.0,0.0,1.0
quality,on,2,48,39,False,0.007031250000000001,0.007031250000000001,0.0,0.0,1.0
quality,on,2,49,0,False,0.0,0.0,0.0,0.0,1.0
quality,on,2,49,1,False,0.0,0.0,0.0,0.0,1.0
quality,on,2,49,2,True,0.0,0.0,0.0,0.0,1.0
quality,on,2,49,3,False,0.0,0.0,0.0,0.0,1.0
quality,on,2,49,4,True,0.0,0.0,0.0,0.0,1.0
quality,on,2,49,5,False,0.0,0.0,0.0,0.0,1.0
quality,on,2,49,6,True,0.0,0.0,0.0,0.0,1.0
quality,on,2,49,7,False,0.0,0.0,0.0,0.0,1.0
quality,on,2,49,8,True,0.0,0.0,0.0,0.0,1.0
quality,on,2,49,9,False,0.0,0.0,0.0,0.0,1.0
quality,on,2,49,10,True,0.0,0.0,0.0,0.0,1.0
quality,on,2,49,11,False,0.0,0.0,0.0,0.0,1.0
quality,on,2,49,12,True,0.0,0.0,0.0,0.0,1.0
quality,on,2,49,13,False,0.0,0.0,0.0,0.0,1.0
quality,on,2,49,14,True,0.0,0.0,0.0,0.0,1.0
quality,on,2,49,15,False,0.0,0.0,0.0,0.0,1.0
quality,on,2,49,16,True,0.0,0.0,0.0,0.0,1.0
quality,on,2,49,17,False,0.0,0.0,0.0,0.0,1.0
quality,on,2,49,18,True,0.0,0.0,0.0,0.0,1.0
quality,on,2,49,19,False,0.0,0.0,0.09090909090909091,0.09090909090909091,0.9545454545454546
quality,on,2,49,20,True,0.022727272727272728,0.022727272727272728,0.0,0.0,1.0
quality,on,2,49,21,False,0.017045454545454544,0.017045454545454544,0.0,0.0,1.0
quality,on,2,49,22,True,0.012784090909090908,0.012784090909090908,0.0,0.0,1.0
quality,on,2,49,23,False,0.00958806818181818,0.00958806818181818,0.0,0.0,1.0
quality,on,2,49,24,True,0.007191051136363635,0.007191051136363635,0.0,0.0,1.0
quality,on,2,49,25,False,0.005393288352272726,0.005393288352272726,0.0,0.0,1.0
quality,on,2,49,26,True,0.004044966264204544,0.004044966264204544,0.0,0.0,1.0
quality,on,2,49,27,False,0.003033724698153408,0.003033724698153408,0.0,0.0,1.0
quality,on,2,49,28,True,0.002275293523615056,0.002275293523615056,0.0,0.0,1.0
quality,on,2,49,29,False,0.001706470142711292,0.001706470142711292,0.1,0.1,0.95
quality,on,2,49,30,True,0.02627985260703347,0.02627985260703347,0.0,0.0,1.0
quality,on,2,49,31,False,0.019709889455275104,0.019709889455275104,0.0,0.0,1.0
quality,on,2,49,32,True,0.014782417091456326,0.014782417091456328,0.0,0.0,1.0
quality,on,2,49,33,False,0.011086812818592246,0.011086812818592246,0.0,0.0,1.0
quality,on,2,49,34,True,0.008315109613944185,0.008315109613944185,0.0,0.0,1.0
quality,on,2,49,35,False,0.006236332210458139,0.006236332210458139,0.0,0.0,1.0
quality,on,2,49,36,True,0.004677249157843603,0.004677249157843604,0.0,0.0,1.0
quality,on,2,49,37,False,0.003507936868382703,0.003507936868382703,0.0,0.0,1.0
quality,on,2,49,38,True,0.0026309526512870276,0.0026309526512870276,0.0,0.0,1.0
quality,on,2,49,39,False,0.001973214488465271,0.001973214488465271,0.08333333333333333,0.08333333333333333,0.9583333333333334
quality,on,2,50,0,False,0.0,0.0,0.0,0.0,1.0
quality,on,2,50,1,False,0.0,0.0,0.0,0.0,1.0
quality,on,2,50,2,True,0.0,0.0,0.0,0.0,1.0
quality,on,2,50,3,False,0.0,0.0,0.08333333333333333,0.08333333333333333,0.9545454545454546
quality,on,2,50,4,True,0.020833333333333332,0.020833333333333332,0.0,0.0,1.0
quality,on,2,50,5,False,0.015625,0.015625,0.0,0.0,1.0
quality,on,2,50,6,True,0.01171875,0.01171875,0.0,0.0,1.0
quality,on,2,50,7,False,0.0087890625,0.0087890625,0.1,0.1,0.9545454545454546
quality,on,2,50,8,True,0.031591796875,0.031591796875,0.0,0.0,1.0
quality,on,2,50,9,False,0.023693847656250006,0.023693847656250003,0.0,0.0,1.0
quality,on,2,50,10,True,0.017770385742187502,0.017770385742187502,0.0,0.0,1.0
quality,on,2,50,11,False,0.013327789306640626,0.013327789306640626,0.14285714285714285,0.14285714285714285,0.9523809523809523
quality,on,2,50,12,True,0.04571012769426618,0.04571012769426618,0.0,0.0,1.0
quality,on,2,50,13,False,0.034282595770699635,0.034282595770699635,0.0,0.0,1.0
quality,on,2,50,14,True,0.025711946828024725,0.025711946828024725,0.0,0.0,1.0
quality,on,2,50,15,False,0.019283960121018545,0.019283960121018545,0.0,0.0,1.0
quality,on,2,50,16,True,0.014462970090763907,0.014462970090763909,0.0,0.0,1.0
quality,on,2,50,17,False,0.010847227568072932,0.010847227568072932,0.08333333333333333,0.08333333333333333,0.9545454545454546
quality,on,2,50,18,True,0.02896875400938803,0.02896875400938803,0.0,0.0,1.0
quality,on,2,50,19,False,0.021726565507041024,0.021726565507041024,0.0,0.0,1.0
quality,on,2,50,20,True,0.016294924130280768,0.016294924130280768,0.0,0.0,1.0
quality,on,2,50,21,False,0.012221193097710576,0.012221193097710576,0.0,0.0,1.0
quality,on,2,50,22,True,0.009165894823282932,0.009165894823282932,0.0,0.0,1.0
quality,on,2,50,23,False,0.006874421117462199,0.006874421117462199,0.0,0.0,1.0
quality,on,2,50,24,True,0.00515581583809665,0.00515581583809665,0.0,0.0,1.0
quality,on,2,50,25,False,0.0038668618785724874,0.0038668618785724874,0.0,0.0,1.0
quality,on,2,50,26,True,0.0029001464089293653,0.0029001464089293653,0.0,0.0,1.0
quality,on,2,50,27,False,0.002175109806697024,0.002175109806697024,0.0,0.0,1.0
quality,on,2,50,28,True,0.001631332355022768,0.001631332355022768,0.0,0.0,1.0
quality,on,2,50,29,False,0.001223499266267076,0.001223499266267076,0.0,0.0,1.0
quality,on,2,50,30,True,0.000917624449700307,0.000917624449700307,0.0,0.0,1.0
quality,on,2,50,31,False,0.0006882183372752302,0.0006882183372752302,0.0,0.0,1.0
quality,on,2,50,32,True,0.0005161637529564226,0.0005161637529564226,0.0,0.0,1.0
quality,on,2,50,33,False,0.00038712281471731694,0.000387122814717317,0.0,0.0,1.0
quality,on,2,50,34,True,0.00029034211103798774,0.00029034211103798774,0.0,0.0,1.0
quality,on,2,50,35,False,0.00021775658327849082,0.00021775658327849082,0.0,0.0,1.0
quality,on,2,50,36,True,0.0001633174374588681,0.00016331743745886813,0.0,0.0,1.0
quality,on,2,50,37,False,0.0001224880780941511,0.0001224880780941511,0.0,0.0,1.0
quality,on,2,50,38,True,9.186605857061333e-05,9.186605857061333e-05,0.0,0.0,1.0
quality,on,2,50,39,False,6.889954392796e-05,6.889954392796e-05,0.0,0.0,1.0
quality,on,2,51,0,False,0.0,0.0,0.0,0.0,1.0
quality,on,2,51,1,False,0.0,0.0,0.0,0.0,1.0
quality,on,2,51,2,True,0.0,0.0,0.0,0.0,1.0
quality,on,2,51,3,False,0.0,0.0,0.0,0.0,1.0
quality,on,2,51,4,True,0.0,0.0,0.0,0.0,1.0
quality,on,2,51,5,False,0.0,0.0,0.0,0.0,1.0
quality,on,2,51,6,True,0.0,0.0,0.0,0.0,1.0
quality,on,2,51,7,False,0.0,0.0,0.0,0.0,1.0
quality,on,2,51,8,True,0.0,0.0,0.0,0.0,1.0
quality,on,2,51,9,False,0.0,0.0,0.0,0.0,1.0
quality,on,2,51,10,True,0.0,0.0,0.0,0.0,1.0
quality,on,2,51,11,False,0.0,0.0,0.0,0.0,1.0
quality,on,2,51,12,True,0.0,0.0,0.0,0.0,1.0
quality,on,2,51,13,False,0.0,0.0,0.0,0.0,1.0
quality,on,2,51,14,True,0.0,0.0,0.0,0.0,1.0
quality,on,2,51,15,False,0.0,0.0,0.0,0.0,1.0
quality,on,2,51,16,True,0.0,0.0,0.0,0.0,1.0
quality,on,2,51,17,False,0.0,0.0,0.0,0.0,1.0
quality,on,2,51,18,True,0.0,0.0,0.0,0.0,1.0
quality,on,2,51,19,False,0.0,0.0,0.0,0.0,1.0
quality,on,2,51,20,True,0.0,0.0,0.0,0.0,1.0
quality,on,2,51,21,False,0.0,0.0,0.0,0.0,1.0
quality,on,2,51,22,True,0.0,0.0,0.0,0.0,1.0
quality,on,2,51,23,False,0.0,0.0,0.1111111111111111,0.1111111111111111,0.9666666666666667
quality,on,2,51,24,True,0.027777777777777773,0.027777777777777776,0.0,0.0,1.0
quality,on,2,51,25,False,0.020833333333333332,0.020833333333333332,0.0,0.0,1.0
quality,on,2,51,26,True,0.015625,0.015625,0.0,0.0,1.0
quality,on,2,51,27,False,0.01171875,0.01171875,0.0,0.0,1.0
quality,on,2,51,28,True,0.0087890625,0.0087890625,0.0,0.0,1.0
quality,on,2,51,29,False,0.006591796875,0.006591796875,0.0,0.0,1.0
quality,on,2,51,30,True,0.00494384765625,0.00494384765625,0.0,0.0,1.0
quality,on,2,51,31,False,0.0037078857421875,0.0037078857421875,0.0,0.0,1.0
quality,on,2,51,32,True,0.002780914306640625,0.002780914306640625,0.0,0.0,1.0
quality,on,2,51,33,False,0.0020856857299804688,0.0020856857299804688,0.0,0.0,1.0
quality,on,2,51,34,True,0.0015642642974853516,0.0015642642974853516,0.0,0.0,1.0
quality,on,2,51,35,False,0.0011731982231140137,0.0011731982231140137,0.1,0.1,0.9523809523809523
quality,on,2,51,36,True,0.02587989866733551,0.02587989866733551,0.0,0.0,1.0
quality,on,2,51,37,False,0.01940992400050164,0.019409924000501635,0.0,0.0,1.0
quality,on,2,51,38,True,0.014557443000376227,0.014557443000376227,0.0,0.0,1.0
quality,on,2,51,39,False,0.010918082250282169,0.010918082250282169,0.0,0.0,1.0
recency,off,0,42,0,False,0.0,0.0,0.0,0.0,1.0
recency,off,0,42,1,False,0.0,0.0,0.3333333333333333,0.3333333333333333,0.8260869565217391
recency,off,0,42,2,False,0.08333333333333333,0.08333333333333333,0.5,0.5,0.7307692307692307
recency,off,0,42,3,False,0.1875,0.1875,0.6923076923076923,0.6923076923076923,0.5882352941176471
recency,off,0,42,4,False,0.3137019230769231,0.3137019230769231,0.6666666666666666,0.6666666666666666,0.5833333333333334
recency,off,0,42,5,False,0.4019431089743589,0.4019431089743589,0.6842105263157895,0.6842105263157895,0.5227272727272727
recency,off,0,42,6,False,0.4725099633097165,0.4725099633097165,0.75,0.6818181818181818,0.5208333333333334
recency,off,0,42,7,False,0.5418824724822874,0.5418824724822874,0.75,0.6896551724137931,0.49122807017543857
recency,off,0,42,8,False,0.5939118543617156,0.5939118543617156,0.7,0.6875,0.46153846153846156
recency,off,0,42,9,False,0.6204338907712869,0.6204338907712867,0.7,0.7058823529411765,0.4411764705882353
recency,off,0,42,10,False,0.640325418078465,0.640325418078465,0.8,0.7222222222222222,0.4305555555555556
recency,off,0,42,11,False,0.6802440635588487,0.6802440635588487,0.8,0.7435897435897436,0.40789473684210525
recency,off,0,42,12,False,0.7101830476691363,0.7101830476691364,0.85,0.7560975609756098,0.3875
recency,off,0,42,13,False,0.7451372857518523,0.7451372857518523,0.8,0.7391304347826086,0.38372093023255816
recency,off,0,42,14,False,0.7588529643138893,0.7588529643138893,0.85,0.75,0.3707865168539326
recency,off,0,42,15,False,0.781639723235417,0.781639723235417,0.9,0.76,0.358695652173913
recency,off,0,42,16,False,0.8112297924265627,0.8112297924265627,0.85,0.7636363636363637,0.34
recency,off,0,42,17,False,0.8209223443199221,0.8209223443199221,0.85,0.7719298245614035,0.3333333333333333
recency,off,0,42,18,False,0.8281917582399415,0.8281917582399415,0.85,0.7758620689655172,0.330188679245283
recency,off,0,42,19,False,0.8336438186799562,0.8336438186799562,0.8,0.7741935483870968,0.32142857142857145
recency,off,0,42,20,False,0.8252328640099671,0.8252328640099671,0.85,0.78125,0.3130434782608696
recency,off,0,42,21,False,0.8314246480074753,0.8314246480074753,0.8,0.7714285714285715,0.3089430894308943
recency,off,0,42,22,False,0.8235684860056065,0.8235684860056065,0.75,0.7662337662337663,0.3076923076923077
recency,off,0,42,23,False,0.8051763645042049,0.8051763645042049,0.8,0.775,0.2962962962962963
recency,off,0,42,24,False,0.8038822733781537,0.8038822733781537,0.8,0.7777777777777778,0.2857142857142857
recency,off,0,42,25,False,0.8029117050336152,0.8029117050336152,0.8,0.7777777777777778,0.28169014084507044
recency,off,0,42,26,False,0.8021837787752114,0.8021837787752113,0.8,0.7804878048780488,0.273972602739726
recency,off,0,42,27,False,0.8016378340814085,0.8016378340814085,0.8,0.7906976744186046,0.26666666666666666
recency,off,0,42,28,False,0.8012283755610563,0.8012283755610563,0.85,0.7954545454545454,0.2597402597402597
recency,off,0,42,29,False,0.8134212816707923,0.8134212816707923,0.9,0.8,0.25477707006369427
recency,off,0,42,30,False,0.8350659612530942,0.8350659612530942,0.85,0.7872340425531915,0.2621951219512195
recency,off,0,42,31,False,0.8387994709398207,0.8387994709398207,0.85,0.7857142857142857,0.26627218934911245
recency,off,0,42,32,False,0.8415996032048655,0.8415996032048655,0.85,0.7878787878787878,0.2631578947368421
recency,off,0,42,33,False,0.8436997024036491,0.8436997024036491,0.85,0.7920792079207921,0.25862068965517243
recency,off,0,42,34,False,0.8452747768027369,0.8452747768027369,0.85,0.7980769230769231,0.25
recency,off,0,42,35,False,0.8464560826020527,0.8464560826020527,0.8,0.7981651376146789,0.24731182795698925
recency,off,0,42,36,False,0.8348420619515396,0.8348420619515395,0.8,0.7964601769911505,0.24607329842931938
recency,off,0,42,37,False,0.8261315464636547,0.8261315464636547,0.85,0.7983193277310925,0.24242424242424243
recency,off,0,42,38,False,0.832098659847741,0.832098659847741,0.85,0.8048780487804879,0.23529411764705882
recency,off,0,42,39,False,0.8365739948858059,0.8365739948858057,0.85,0.8064516129032258,0.2318840579710145
recency,off,0,43,0,False,0.0,0.0,0.0,0.0,1.0
recency,off,0,43,1,False,0.0,0.0,0.09090909090909091,0.09090909090909091,0.8518518518518519
recency,off,0,43,2,False,0.022727272727272728,0.022727272727272728,0.26666666666666666,0.26666666666666666,0.7272727272727273
recency,off,0,43,3,False,0.08371212121212121,0.08371212121212121,0.42105263157894735,0.42105263157894735,0.625
recency,off,0,43,4,False,0.16804724880382774,0.16804724880382774,0.45,0.42857142857142855,0.5869565217391305
recency,off,0,43,5,False,0.23853543660287077,0.2385354366028708,0.6,0.5,0.5185185185185185
recency,off,0,43,6,False,0.32890157745215315,0.3289015774521531,0.65,0.48148148148148145,0.5172413793103449
recency,off,0,43,7,False,0.40917618308911485,0.40917618308911485,0.7,0.5,0.5076923076923077
recency,off,0,43,8,False,0.4818821373168361,0.4818821373168361,0.7,0.5405405405405406,0.4722222222222222
recency,off,0,43,9,False,0.5364116029876271,0.5364116029876271,0.7,0.5526315789473685,0.4533333333333333
recency,off,0,43,10,False,0.5773087022407204,0.5773087022407204,0.65,0.55,0.4375
recency,off,0,43,11,False,0.5954815266805403,0.5954815266805403,0.65,0.5581395348837209,0.4044943820224719
recency,off,0,43,12,False,0.6091111450104052,0.6091111450104052,0.7,0.5777777777777777,0.391304347826087
recency,off,0,43,13,False,0.6318333587578039,0.6318333587578039,0.7,0.5833333333333334,0.38144329896907214
recency,off,0,43,14,False,0.6488750190683531,0.648875019068353,0.75,0.6,0.37254901960784315
recency,off,0,43,15,False,0.6741562643012647,0.6741562643012647,0.75,0.6037735849056604,0.3611111111111111
recency,off,0,43,16,False,0.6931171982259485,0.6931171982259485,0.8,0.631578947368421,0.34513274336283184
recency,off,0,43,17,False,0.7198378986694614,0.7198378986694614,0.75,0.6229508196721312,0.3445378151260504
recency,off,0,43,18,False,0.7273784240020961,0.727378424002096,0.8,0.6349206349206349,0.33064516129032256
recency,off,0,43,19,False,0.745533818001572,0.745533818001572,0.8,0.6470588235294118,0.3230769230769231
recency,off,0,43,20,False,0.7591503635011788,0.7591503635011789,0.8,0.6470588235294118,0.31343283582089554
recency,off,0,43,21,False,0.7693627726258843,0.7693627726258843,0.85,0.6619718309859155,0.302158273381295
recency,off,0,43,22,False,0.7895220794694132,0.7895220794694132,0.85,0.6619718309859155,0.2978723404255319
recency,off,0,43,23,False,0.80464155960206,0.80464155960206,0.85,0.6712328767123288,0.2937062937062937
recency,off,0,43,24,False,0.815981169701545,0.815981169701545,0.85,0.6883116883116883,0.28187919463087246
recency,off,0,43,25,False,0.8244858772761587,0.8244858772761587,0.95,0.7,0.27631578947368424
recency,off,0,43,26,False,0.8558644079571192,0.8558644079571192,0.85,0.6976744186046512,0.275
recency,off,0,43,27,False,0.8543983059678394,0.8543983059678394,0.9,0.7078651685393258,0.2682926829268293
recency,off,0,43,28,False,0.8657987294758795,0.8657987294758795,0.85,0.7127659574468085,0.26627218934911245
recency,off,0,43,29,False,0.8618490471069097,0.8618490471069097,0.85,0.71875,0.2616279069767442
recency,off,0,43,30,False,0.8588867853301823,0.8588867853301823,0.85,0.7244897959183674,0.2571428571428571
recency,off,0,43,31,False,0.8566650889976367,0.8566650889976367,0.95,0.7378640776699029,0.24725274725274726
recency,off,0,43,32,False,0.8799988167482276,0.8799988167482276,0.95,0.7428571428571429,0.24064171122994651
recency,off,0,43,33,False,0.8974991125611707,0.8974991125611707,0.95,0.7476635514018691,0.23809523809523808
recency,off,0,43,34,False,0.910624334420878,0.910624334420878,0.95,0.7567567567567568,0.23195876288659795
recency,off,0,43,35,False,0.9204682508156585,0.9204682508156585,1.0,0.7610619469026548,0.22613065326633167
recency,off,0,43,36,False,0.9403511881117439,0.9403511881117439,0.95,0.7606837606837606,0.23039215686274508
recency,off,0,43,37,False,0.942763391083808,0.942763391083808,0.95,0.7666666666666667,0.22488038277511962
recency,off,0,43,38,False,0.944572543312856,0.944572543312856,0.9,0.7698412698412699,0.2222222222222222
recency,off,0,43,39,False,0.933429407484642,0.933429407484642,0.85,0.7674418604651163,0.22171945701357465
recency,off,0,44,0,False,0.0,0.0,0.0,0.0,1.0
recency,off,0,44,1,False,0.0,0.0,0.3,0.3,0.72
recency,off,0,44,2,False,0.075,0.075,0.35714285714285715,0.35714285714285715,0.6896551724137931
recency,off,0,44,3,False,0.14553571428571427,0.14553571428571427,0.5,0.5,0.5675675675675675
recency,off,0,44,4,False,0.2341517857142857,0.2341517857142857,0.6,0.5217391304347826,0.5365853658536586
recency,off,0,44,5,False,0.3256138392857143,0.3256138392857143,0.7,0.5357142857142857,0.5217391304347826
recency,off,0,44,6,False,0.41921037946428574,0.41921037946428574,0.75,0.59375,0.48
recency,off,0,44,7,False,0.5019077845982143,0.5019077845982143,0.65,0.575,0.4827586206896552
recency,off,0,44,8,False,0.5389308384486607,0.5389308384486607,0.65,0.5777777777777777,0.47692307692307695
recency,off,0,44,9,False,0.5666981288364955,0.5666981288364955,0.7,0.5957446808510638,0.45714285714285713
recency,off,0,44,10,False,0.6000235966273717,0.6000235966273717,0.7,0.62,0.4155844155844156
recency,off,0,44,11,False,0.6250176974705288,0.6250176974705288,0.8,0.6545454545454545,0.39759036144578314
recency,off,0,44,12,False,0.6687632731028966,0.6687632731028966,0.75,0.6440677966101694,0.3888888888888889
recency,off,0,44,13,False,0.6890724548271725,0.6890724548271725,0.85,0.6451612903225806,0.375
recency,off,0,44,14,False,0.7293043411203793,0.7293043411203793,0.8,0.6617647058823529,0.3557692307692308
recency,off,0,44,15,False,0.7469782558402844,0.7469782558402844,0.8,0.6805555555555556,0.3394495412844037
recency,off,0,44,16,False,0.7602336918802133,0.7602336918802133,0.8,0.6933333333333334,0.336283185840708
recency,off,0,44,17,False,0.77017526891016,0.77017526891016,0.85,0.6962025316455697,0.3305084745762712
recency,off,0,44,18,False,0.79013145168262,0.79013145168262,0.9,0.6987951807228916,0.31746031746031744
recency,off,0,44,19,False,0.817598588761965,0.817598588761965,0.9,0.7126436781609196,0.3053435114503817
recency,off,0,44,20,False,0.8381989415714738,0.8381989415714738,0.9,0.7282608695652174,0.2898550724637681
recency,off,0,44,21,False,0.8536492061786053,0.8536492061786053,0.9,0.7368421052631579,0.27972027972027974
recency,off,0,44,22,False,0.865236904633954,0.865236904633954,0.9,0.7448979591836735,0.27586206896551724
recency,off,0,44,23,False,0.8739276784754655,0.8739276784754655,0.9,0.7373737373737373,0.2751677852348993
recency,off,0,44,24,False,0.8804457588565991,0.8804457588565991,0.9,0.7428571428571429,0.2709677419354839
recency,off,0,44,25,False,0.8853343191424493,0.8853343191424493,0.8,0.7339449541284404,0.275
recency,off,0,44,26,False,0.864000739356837,0.864000739356837,0.7,0.7280701754385965,0.27380952380952384
recency,off,0,44,27,False,0.8230005545176278,0.8230005545176278,0.65,0.7264957264957265,0.27167630057803466
recency,off,0,44,28,False,0.7797504158882208,0.7797504158882208,0.65,0.7272727272727273,0.2711864406779661
recency,off,0,44,29,False,0.7473128119161656,0.7473128119161656,0.6,0.7258064516129032,0.273224043715847
recency,off,0,44,30,False,0.7104846089371243,0.7104846089371243,0.65,0.728,0.26881720430107525
recency,off,0,44,31,False,0.6953634567028432,0.6953634567028432,0.7,0.734375,0.2604166666666667
recency,off,0,44,32,False,0.6965225925271323,0.6965225925271323,0.85,0.7443609022556391,0.25510204081632654
recency,off,0,44,33,False,0.7348919443953493,0.7348919443953493,0.85,0.7443609022556391,0.25125628140703515
recency,off,0,44,34,False,0.763668958296512,0.763668958296512,0.95,0.7518248175182481,0.24509803921568626
recency,off,0,44,35,False,0.8102517187223841,0.8102517187223841,0.95,0.7571428571428571,0.24154589371980675
recency,off,0,44,36,False,0.8451887890417881,0.8451887890417882,0.95,0.7588652482269503,0.23809523809523808
recency,off,0,44,37,False,0.8713915917813411,0.8713915917813411,1.0,0.7655172413793103,0.2336448598130841
recency,off,0,44,38,False,0.9035436938360057,0.9035436938360057,1.0,0.7687074829931972,0.2328767123287671
recency,off,0,44,39,False,0.9276577703770043,0.9276577703770044,1.0,0.7733333333333333,0.22869955156950672
recency,off,0,45,0,False,0.0,0.0,0.0,0.0,1.0
recency,off,0,45,1,False,0.0,0.0,0.3076923076923077,0.3076923076923077,0.7777777777777778
recency,off,0,45,2,False,0.07692307692307694,0.07692307692307693,0.2857142857142857,0.2857142857142857,0.7419354838709677
recency,off,0,45,3,False,0.1291208791208791,0.1291208791208791,0.3888888888888889,0.3888888888888889,0.6666666666666666
recency,off,0,45,4,False,0.19406288156288154,0.19406288156288154,0.45,0.45,0.6
recency,off,0,45,5,False,0.25804716117216114,0.25804716117216114,0.45,0.45,0.5853658536585366
recency,off,0,45,6,False,0.30603537087912086,0.30603537087912086,0.55,0.4782608695652174,0.5319148936170213
recency,off,0,45,7,False,0.36702652815934067,0.36702652815934067,0.65,0.5,0.5098039215686274
recency,off,0,45,8,False,0.43776989611950545,0.43776989611950545,0.7,0.5185185185185185,0.48148148148148145
recency,off,0,45,9,False,0.5033274220896291,0.5033274220896291,0.8,0.5517241379310345,0.4406779661016949
recency,off,0,45,10,False,0.5774955665672218,0.5774955665672219,0.85,0.6176470588235294,0.4153846153846154
recency,off,0,45,11,False,0.6456216749254164,0.6456216749254164,0.75,0.5789473684210527,0.44285714285714284
recency,off,0,45,12,False,0.6717162561940624,0.6717162561940624,0.8,0.6097560975609756,0.4189189189189189
recency,off,0,45,13,False,0.7037871921455467,0.7037871921455467,0.8,0.6304347826086957,0.4125
recency,off,0,45,14,False,0.72784039410916,0.72784039410916,0.8,0.6530612244897959,0.38823529411764707
recency,off,0,45,15,False,0.74588029558187,0.74588029558187,0.8,0.6666666666666666,0.36666666666666664
recency,off,0,45,16,False,0.7594102216864025,0.7594102216864025,0.75,0.6545454545454545,0.3684210526315789
recency,off,0,45,17,False,0.7570576662648019,0.7570576662648019,0.85,0.6724137931034483,0.35714285714285715
recency,off,0,45,18,False,0.7802932496986014,0.7802932496986014,0.85,0.6885245901639344,0.35294117647058826
recency,off,0,45,19,False,0.7977199372739511,0.7977199372739511,0.85,0.6875,0.34579439252336447
recency,off,0,45,20,False,0.8107899529554633,0.8107899529554633,0.8,0.6911764705882353,0.336283185840708
recency,off,0,45,21,False,0.8080924647165973,0.8080924647165975,0.8,0.704225352112676,0.3275862068965517
recency,off,0,45,22,False,0.806069348537448,0.8060693485374482,0.85,0.7123287671232876,0.31666666666666665
recency,off,0,45,23,False,0.8170520114030861,0.8170520114030861,0.9,0.7236842105263158,0.3064516129032258
recency,off,0,45,24,False,0.8377890085523146,0.8377890085523146,0.9,0.7341772151898734,0.296875
recency,off,0,45,25,False,0.8533417564142359,0.8533417564142359,0.9,0.7407407407407407,0.2857142857142857
recency,off,0,45,26,False,0.8650063173106769,0.8650063173106769,0.95,0.75,0.2753623188405797
recency,off,0,45,27,False,0.8862547379830078,0.8862547379830077,1.0,0.7529411764705882,0.2695035460992908
recency,off,0,45,28,False,0.9146910534872558,0.9146910534872558,1.0,0.7586206896551724,0.2620689655172414
recency,off,0,45,29,False,0.9360182901154418,0.9360182901154418,0.9,0.7444444444444445,0.2631578947368421
recency,off,0,45,30,False,0.9270137175865815,0.9270137175865814,0.9,0.75,0.25477707006369427
recency,off,0,45,31,False,0.920260288189936,0.920260288189936,0.85,0.7473684210526316,0.25308641975308643
recency,off,0,45,32,False,0.9026952161424521,0.9026952161424521,0.85,0.75,0.25
recency,off,0,45,33,False,0.889521412106839,0.8895214121068391,0.85,0.7551020408163265,0.2413793103448276
recency,off,0,45,34,False,0.8796410590801294,0.8796410590801294,0.85,0.76,0.23728813559322035
recency,off,0,45,35,False,0.872230794310097,0.872230794310097,0.85,0.7623762376237624,0.23204419889502761
recency,off,0,45,36,False,0.8666730957325728,0.8666730957325728,0.8,0.7619047619047619,0.23118279569892472
recency,off,0,45,37,False,0.8500048217994296,0.8500048217994296,0.8,0.7663551401869159,0.225130890052356
recency,off,0,45,38,False,0.8375036163495722,0.8375036163495722,0.85,0.7657657657657657,0.22727272727272727
recency,off,0,45,39,False,0.8406277122621791,0.8406277122621791,0.85,0.7678571428571429,0.225
recency,off,0,46,0,False,0.0,0.0,0.0,0.0,1.0
recency,off,0,46,1,False,0.0,0.0,0.2,0.2,0.8461538461538461
recency,off,0,46,2,False,0.05,0.05,0.42857142857142855,0.42857142857142855,0.71875
recency,off,0,46,3,False,0.14464285714285713,0.14464285714285713,0.4666666666666667,0.4666666666666667,0.6571428571428571
recency,off,0,46,4,False,0.2251488095238095,0.2251488095238095,0.6,0.6,0.5609756097560976
recency,off,0,46,5,False,0.3188616071428572,0.31886160714285716,0.65,0.6190476190476191,0.5348837209302325
recency,off,0,46,6,False,0.4016462053571429,0.4016462053571429,0.8,0.6153846153846154,0.52
recency,off,0,46,7,False,0.5012346540178572,0.5012346540178572,0.85,0.6296296296296297,0.49056603773584906
recency,off,0,46,8,False,0.5884259905133928,0.5884259905133928,0.8,0.6129032258064516,0.4827586206896552
recency,off,0,46,9,False,0.6413194928850446,0.6413194928850446,0.75,0.6388888888888888,0.453125
recency,off,0,46,10,False,0.6684896196637835,0.6684896196637835,0.65,0.6341463414634146,0.45714285714285713
recency,off,0,46,11,False,0.6638672147478376,0.6638672147478376,0.65,0.6363636363636364,0.45454545454545453
recency,off,0,46,12,False,0.6604004110608782,0.6604004110608782,0.7,0.6444444444444445,0.4375
recency,off,0,46,13,False,0.6703003082956587,0.6703003082956587,0.7,0.6595744680851063,0.42168674698795183
recency,off,0,46,14,False,0.677725231221744,0.6777252312217441,0.75,0.66,0.4044943820224719
recency,off,0,46,15,False,0.6957939234163081,0.6957939234163081,0.75,0.6727272727272727,0.3958333333333333
recency,off,0,46,16,False,0.7093454425622311,0.7093454425622311,0.75,0.6785714285714286,0.3877551020408163
recency,off,0,46,17,False,0.7195090819216733,0.7195090819216733,0.75,0.6896551724137931,0.37254901960784315
recency,off,0,46,18,False,0.7271318114412549,0.7271318114412549,0.75,0.6896551724137931,0.36893203883495146
recency,off,0,46,19,False,0.7328488585809412,0.7328488585809412,0.8,0.7,0.3611111111111111
recency,off,0,46,20,False,0.749636643935706,0.7496366439357058,0.85,0.7121212121212122,0.3565217391304348
recency,off,0,46,21,False,0.7747274829517794,0.7747274829517794,0.85,0.7164179104477612,0.3559322033898305
recency,off,0,46,22,False,0.7935456122138346,0.7935456122138346,0.9,0.7285714285714285,0.34146341463414637
recency,off,0,46,23,False,0.8201592091603759,0.8201592091603759,0.9,0.7323943661971831,0.33858267716535434
recency,off,0,46,24,False,0.8401194068702819,0.8401194068702819,0.9,0.7333333333333333,0.3283582089552239
recency,off,0,46,25,False,0.8550895551527115,0.8550895551527113,0.9,0.7435897435897436,0.3142857142857143
recency,off,0,46,26,False,0.8663171663645335,0.8663171663645335,0.9,0.7560975609756098,0.3103448275862069
recency,off,0,46,27,False,0.8747378747734001,0.8747378747734001,0.95,0.7647058823529411,0.30201342281879195
recency,off,0,46,28,False,0.8935534060800501,0.8935534060800501,0.9,0.7613636363636364,0.2987012987012987
recency,off,0,46,29,False,0.8951650545600375,0.8951650545600375,0.9,0.7717391304347826,0.2893081761006289
recency,off,0,46,30,False,0.8963737909200281,0.8963737909200281,0.95,0.7789473684210526,0.2804878048780488
recency,off,0,46,31,False,0.9097803431900211,0.9097803431900211,0.9,0.7755102040816326,0.27647058823529413
recency,off,0,46,32,False,0.9073352573925159,0.9073352573925159,0.85,0.7745098039215687,0.2711864406779661
recency,off,0,46,33,False,0.8930014430443869,0.8930014430443869,0.85,0.780952380952381,0.26373626373626374
recency,off,0,46,34,False,0.8822510822832902,0.8822510822832902,0.85,0.7830188679245284,0.25806451612903225
recency,off,0,46,35,False,0.8741883117124677,0.8741883117124677,0.85,0.7837837837837838,0.25654450261780104
recency,off,0,46,36,False,0.8681412337843508,0.8681412337843508,0.8,0.7844827586206896,0.25757575757575757
recency,off,0,46,37,False,0.8511059253382631,0.8511059253382631,0.85,0.7851239669421488,0.2561576354679803
recency,off,0,46,38,False,0.8508294440036973,0.8508294440036973,0.8,0.784,0.2548076923076923
recency,off,0,46,39,False,0.8381220830027729,0.8381220830027729,0.8,0.7906976744186046,0.25471698113207547
recency,off,0,47,0,False,0.0,0.0,0.0,0.0,1.0
recency,off,0,47,1,False,0.0,0.0,0.2727272727272727,0.2727272727272727,0.8518518518518519
recency,off,0,47,2,False,0.06818181818181818,0.06818181818181818,0.35714285714285715,0.35714285714285715,0.7575757575757576
recency,off,0,47,3,False,0.14042207792207792,0.14042207792207792,0.4375,0.4375,0.65
recency,off,0,47,4,False,0.21469155844155843,0.21469155844155843,0.5,0.5,0.5686274509803921
recency,off,0,47,5,False,0.28601866883116883,0.28601866883116883,0.55,0.5238095238095238,0.5576923076923077
recency,off,0,47,6,False,0.35201400162337665,0.35201400162337665,0.75,0.5555555555555556,0.5254237288135594
recency,off,0,47,7,False,0.4515105012175325,0.4515105012175325,0.8,0.5862068965517241,0.5
recency,off,0,47,8,False,0.5386328759131493,0.5386328759131493,0.75,0.5757575757575758,0.4925373134328358
recency,off,0,47,9,False,0.591474656934862,0.591474656934862,0.7,0.5833333333333334,0.47297297297297297
recency,off,0,47,10,False,0.6186059927011465,0.6186059927011465,0.7,0.6052631578947368,0.45454545454545453
recency,off,0,47,11,False,0.6389544945258597,0.6389544945258598,0.75,0.625,0.4268292682926829
recency,off,0,47,12,False,0.6667158708943949,0.6667158708943949,0.75,0.6428571428571429,0.4069767441860465
recency,off,0,47,13,False,0.6875369031707962,0.6875369031707962,0.75,0.6590909090909091,0.38461538461538464
recency,off,0,47,14,False,0.7031526773780972,0.7031526773780972,0.8,0.68,0.3711340206185567
recency,off,0,47,15,False,0.7273645080335729,0.7273645080335729,0.9,0.6792452830188679,0.36633663366336633
recency,off,0,47,16,False,0.7705233810251796,0.7705233810251796,0.85,0.6785714285714286,0.3584905660377358
recency,off,0,47,17,False,0.7903925357688847,0.7903925357688847,0.8,0.6885245901639344,0.34210526315789475
recency,off,0,47,18,False,0.7927944018266635,0.7927944018266635,0.75,0.6825396825396826,0.3418803418803419
recency,off,0,47,19,False,0.7820958013699977,0.7820958013699977,0.8,0.696969696969697,0.32786885245901637
recency,off,0,47,20,False,0.7865718510274983,0.7865718510274982,0.85,0.7162162162162162,0.3178294573643411
recency,off,0,47,21,False,0.8024288882706235,0.8024288882706236,0.85,0.717948717948718,0.31343283582089554
recency,off,0,47,22,False,0.8143216662029678,0.8143216662029678,0.85,0.7317073170731707,0.3
recency,off,0,47,23,False,0.8232412496522258,0.8232412496522258,0.85,0.7325581395348837,0.296551724137931
recency,off,0,47,24,False,0.8299309372391693,0.8299309372391693,0.85,0.7333333333333333,0.29333333333333333
recency,off,0,47,25,False,0.834948202929377,0.834948202929377,0.8,0.7340425531914894,0.2848101265822785
recency,off,0,47,26,False,0.8262111521970328,0.8262111521970328,0.85,0.7422680412371134,0.2822085889570552
recency,off,0,47,27,False,0.8321583641477747,0.8321583641477747,0.85,0.75,0.2781065088757396
recency,off,0,47,28,False,0.836618773110831,0.836618773110831,0.8,0.7403846153846154,0.28
recency,off,0,47,29,False,0.8274640798331232,0.8274640798331232,0.8,0.7452830188679245,0.2808988764044944
recency,off,0,47,30,False,0.8205980598748424,0.8205980598748424,0.85,0.75,0.2717391304347826
recency,off,0,47,31,False,0.8279485449061318,0.8279485449061318,0.9,0.7589285714285714,0.26455026455026454
recency,off,0,47,32,False,0.8459614086795988,0.8459614086795988,0.9,0.7672413793103449,0.25510204081632654
recency,off,0,47,33,False,0.8594710565096991,0.8594710565096991,0.9,0.7711864406779662,0.25125628140703515
recency,off,0,47,34,False,0.8696032923822743,0.8696032923822743,0.95,0.7804878048780488,0.24509803921568626
recency,off,0,47,35,False,0.8897024692867058,0.8897024692867057,0.95,0.7846153846153846,0.24056603773584906
recency,off,0,47,36,False,0.9047768519650292,0.9047768519650292,0.9,0.7819548872180451,0.23963133640552994
recency,off,0,47,37,False,0.9035826389737719,0.9035826389737719,0.9,0.7851851851851852,0.23873873873873874
recency,off,0,47,38,False,0.9026869792303289,0.9026869792303289,0.85,0.782608695652174,0.23788546255506607
recency,off,0,47,39,False,0.8895152344227467,0.8895152344227467,0.85,0.782608695652174,0.23478260869565218
recency,off,0,48,0,False,0.0,0.0,0.0,0.0,1.0
recency,off,0,48,1,False,0.0,0.0,0.3333333333333333,0.3333333333333333,0.8571428571428571
recency,off,0,48,2,False,0.08333333333333333,0.08333333333333333,0.4,0.4,0.72
recency,off,0,48,3,False,0.1625,0.1625,0.5714285714285714,0.5714285714285714,0.5806451612903226
recency,off,0,48,4,False,0.26473214285714286,0.26473214285714286,0.6470588235294118,0.6470588235294118,0.5428571428571428
recency,off,0,48,5,False,0.3603138130252101,0.3603138130252101,0.6470588235294118,0.6470588235294118,0.5405405405405406
recency,off,0,48,6,False,0.4320000656512605,0.4320000656512605,0.6842105263157895,0.6842105263157895,0.46511627906976744
recency,off,0,48,7,False,0.4950526808173927,0.49505268081739273,0.7,0.7,0.43478260869565216
recency,off,0,48,8,False,0.5462895106130445,0.5462895106130445,0.8,0.7272727272727273,0.42
recency,off,0,48,9,False,0.6097171329597835,0.6097171329597835,0.9,0.75,0.39622641509433965
recency,off,0,48,10,False,0.6822878497198376,0.6822878497198376,0.95,0.7307692307692307,0.3793103448275862
recency,off,0,48,11,False,0.7492158872898782,0.7492158872898782,0.9,0.7333333333333333,0.3484848484848485
recency,off,0,48,12,False,0.7869119154674086,0.7869119154674086,0.9,0.7575757575757576,0.32857142857142857
recency,off,0,48,13,False,0.8151839366005564,0.8151839366005564,0.9,0.7837837837837838,0.3157894736842105
recency,off,0,48,14,False,0.8363879524504173,0.8363879524504173,0.9,0.7948717948717948,0.3253012048192771
recency,off,0,48,15,False,0.8522909643378129,0.8522909643378129,0.85,0.7804878048780488,0.3181818181818182
recency,off,0,48,16,False,0.8517182232533597,0.8517182232533597,0.85,0.7906976744186046,0.30434782608695654
recency,off,0,48,17,False,0.8512886674400197,0.8512886674400197,0.9,0.8043478260869565,0.2916666666666667
recency,off,0,48,18,False,0.8634665005800147,0.8634665005800147,0.95,0.8125,0.2828282828282828
recency,off,0,48,19,False,0.885099875435011,0.885099875435011,0.9,0.8148148148148148,0.2761904761904762
recency,off,0,48,20,False,0.8888249065762582,0.8888249065762582,0.85,0.8103448275862069,0.2727272727272727
recency,off,0,48,21,False,0.8791186799321936,0.8791186799321937,0.9,0.819672131147541,0.2608695652173913
recency,off,0,48,22,False,0.8843390099491453,0.8843390099491453,0.9,0.828125,0.2540983606557377
recency,off,0,48,23,False,0.8882542574618589,0.8882542574618589,0.9,0.8333333333333334,0.2440944881889764
recency,off,0,48,24,False,0.8911906930963942,0.8911906930963942,0.9,0.835820895522388,0.23846153846153847
recency,off,0,48,25,False,0.8933930198222956,0.8933930198222956,0.9,0.8450704225352113,0.23134328358208955
recency,off,0,48,26,False,0.8950447648667217,0.8950447648667217,0.9,0.8378378378378378,0.2318840579710145
recency,off,0,48,27,False,0.8962835736500413,0.8962835736500413,0.95,0.8441558441558441,0.22377622377622378
recency,off,0,48,28,False,0.909712680237531,0.909712680237531,0.95,0.8481012658227848,0.21476510067114093
recency,off,0,48,29,False,0.9197845101781483,0.9197845101781483,0.95,0.85,0.20915032679738563
recency,off,0,48,30,False,0.9273383826336113,0.9273383826336112,0.95,0.8571428571428571,0.20987654320987653
recency,off,0,48,31,False,0.9330037869752085,0.9330037869752084,0.9,0.8522727272727273,0.2
recency,off,0,48,32,False,0.9247528402314062,0.9247528402314062,0.9,0.8571428571428571,0.19540229885057472
recency,off,0,48,33,False,0.9185646301735547,0.9185646301735547,0.9,0.8586956521739131,0.19318181818181818
recency,off,0,48,34,False,0.913923472630166,0.913923472630166,0.9,0.851063829787234,0.19444444444444445
recency,off,0,48,35,False,0.9104426044726245,0.9104426044726245,0.9,0.8585858585858586,0.1891891891891892
recency,off,0,48,36,False,0.9078319533544683,0.9078319533544683,0.85,0.8514851485148515,0.18848167539267016
recency,off,0,48,37,False,0.8933739650158513,0.8933739650158513,0.85,0.8557692307692307,0.1836734693877551
recency,off,0,48,38,False,0.8825304737618885,0.8825304737618885,0.85,0.8490566037735849,0.18592964824120603
recency,off,0,48,39,False,0.8743978553214165,0.8743978553214165,0.85,0.8545454545454545,0.18627450980392157
recency,off,0,49,0,False,0.0,0.0,0.0,0.0,1.0
recency,off,0,49,1,False,0.0,0.0,0.16666666666666666,0.16666666666666666,0.8076923076923077
recency,off,0,49,2,False,0.041666666666666664,0.041666666666666664,0.4,0.4,0.6571428571428571
recency,off,0,49,3,False,0.13125,0.13125,0.5,0.5,0.6153846153846154
recency,off,0,49,4,False,0.2234375,0.2234375,0.5384615384615384,0.5384615384615384,0.5853658536585366
recency,off,0,49,5,False,0.3021935096153846,0.3021935096153846,0.5714285714285714,0.5714285714285714,0.5581395348837209
recency,off,0,49,6,False,0.3695022750686813,0.3695022750686813,0.6111111111111112,0.6111111111111112,0.5416666666666666
recency,off,0,49,7,False,0.4299044840792887,0.4299044840792887,0.7,0.6086956521739131,0.509090909090909
recency,off,0,49,8,False,0.4974283630594665,0.4974283630594665,0.75,0.625,0.4915254237288136
recency,off,0,49,9,False,0.5605712722945999,0.5605712722945999,0.75,0.6153846153846154,0.47692307692307695
recency,off,0,49,10,False,0.60792845422095,0.60792845422095,0.75,0.6551724137931034,0.4647887323943662
recency,off,0,49,11,False,0.6434463406657125,0.6434463406657125,0.75,0.6764705882352942,0.44871794871794873
recency,off,0,49,12,False,0.6700847554992844,0.6700847554992844,0.8,0.7105263157894737,0.42168674698795183
recency,off,0,49,13,False,0.7025635666244632,0.7025635666244632,0.8,0.7073170731707317,0.4090909090909091
recency,off,0,49,14,False,0.7269226749683473,0.7269226749683473,0.85,0.7142857142857143,0.4
recency,off,0,49,15,False,0.7576920062262605,0.7576920062262605,0.9,0.7333333333333333,0.37894736842105264
recency,off,0,49,16,False,0.7932690046696954,0.7932690046696954,0.85,0.7346938775510204,0.37
recency,off,0,49,17,False,0.8074517535022716,0.8074517535022716,0.85,0.7346938775510204,0.3592233009708738
recency,off,0,49,18,False,0.8180888151267037,0.8180888151267037,0.9,0.7450980392156863,0.3425925925925926
recency,off,0,49,19,False,0.8385666113450277,0.8385666113450277,0.9,0.7636363636363637,0.3392857142857143
recency,off,0,49,20,False,0.8539249585087708,0.8539249585087708,0.9,0.7678571428571429,0.33043478260869563
recency,off,0,49,21,False,0.8654437188815781,0.8654437188815781,0.9,0.7758620689655172,0.31666666666666665
recency,off,0,49,22,False,0.8740827891611834,0.8740827891611835,0.95,0.7868852459016393,0.30952380952380953
recency,off,0,49,23,False,0.8930620918708876,0.8930620918708876,0.9,0.7878787878787878,0.30303030303030304
recency,off,0,49,24,False,0.8947965689031657,0.8947965689031657,0.95,0.7941176470588235,0.291970802919708
recency,off,0,49,25,False,0.9085974266773741,0.9085974266773742,0.9,0.7916666666666666,0.2847222222222222
recency,off,0,49,26,False,0.9064480700080306,0.9064480700080306,0.8,0.7763157894736842,0.2866666666666667
recency,off,0,49,27,False,0.8798360525060229,0.8798360525060229,0.8,0.782051282051282,0.28662420382165604
recency,off,0,49,28,False,0.8598770393795172,0.8598770393795172,0.8,0.7926829268292683,0.2777777777777778
recency,off,0,49,29,False,0.8449077795346378,0.8449077795346378,0.85,0.8,0.2694610778443114
recency,off,0,49,30,False,0.8461808346509784,0.8461808346509784,0.8,0.7954545454545454,0.2658959537572254
recency,off,0,49,31,False,0.8346356259882336,0.8346356259882337,0.9,0.8064516129032258,0.25274725274725274
recency,off,0,49,32,False,0.8509767194911753,0.8509767194911753,0.9,0.8,0.25268817204301075
recency,off,0,49,33,False,0.8632325396183814,0.8632325396183814,0.9,0.8020833333333334,0.25
recency,off,0,49,34,False,0.872424404713786,0.872424404713786,0.75,0.7884615384615384,0.25888324873096447
recency,off,0,49,35,False,0.8418183035353396,0.8418183035353395,0.75,0.7924528301886793,0.255
recency,off,0,49,36,False,0.8188637276515046,0.8188637276515046,0.75,0.7927927927927928,0.24880382775119617
recency,off,0,49,37,False,0.8016477957386284,0.8016477957386284,0.8,0.7964601769911505,0.24766355140186916
recency,off,0,49,38,False,0.8012358468039713,0.8012358468039713,0.8,0.8,0.24537037037037038
recency,off,0,49,39,False,0.8009268851029786,0.8009268851029785,0.8,0.7983193277310925,0.24324324324324326
recency,off,0,50,0,False,0.0,0.0,0.0,0.0,1.0
recency,off,0,50,1,False,0.0,0.0,0.21052631578947367,0.21052631578947367,0.8214285714285714
recency,off,0,50,2,False,0.05263157894736842,0.05263157894736842,0.4,0.3333333333333333,0.7142857142857143
recency,off,0,50,3,False,0.1394736842105263,0.1394736842105263,0.5,0.37037037037037035,0.6666666666666666
recency,off,0,50,4,False,0.22960526315789473,0.22960526315789473,0.6,0.4,0.5957446808510638
recency,off,0,50,5,False,0.32220394736842106,0.32220394736842106,0.65,0.41935483870967744,0.5714285714285714
recency,off,0,50,6,False,0.4041529605263158,0.4041529605263158,0.65,0.41935483870967744,0.5471698113207547
recency,off,0,50,7,False,0.46561472039473684,0.46561472039473684,0.85,0.4857142857142857,0.5172413793103449
recency,off,0,50,8,False,0.5617110402960527,0.5617110402960527,0.85,0.5263157894736842,0.47619047619047616
recency,off,0,50,9,False,0.6337832802220396,0.6337832802220396,0.85,0.5714285714285714,0.43478260869565216
recency,off,0,50,10,False,0.6878374601665297,0.6878374601665297,0.85,0.5681818181818182,0.4189189189189189
recency,off,0,50,11,False,0.7283780951248973,0.7283780951248973,0.9,0.5777777777777777,0.4025974025974026
recency,off,0,50,12,False,0.7712835713436729,0.7712835713436729,0.95,0.6041666666666666,0.3780487804878049
recency,off,0,50,13,False,0.8159626785077547,0.8159626785077547,0.95,0.6415094339622641,0.3522727272727273
recency,off,0,50,14,False,0.849472008880816,0.8494720088808161,0.95,0.6481481481481481,0.33695652173913043
recency,off,0,50,15,False,0.874604006660612,0.874604006660612,0.95,0.6607142857142857,0.31958762886597936
recency,off,0,50,16,False,0.893453004995459,0.893453004995459,0.95,0.6724137931034483,0.31
recency,off,0,50,17,False,0.9075897537465943,0.9075897537465942,0.95,0.6833333333333333,0.30097087378640774
recency,off,0,50,18,False,0.9181923153099456,0.9181923153099456,0.95,0.6935483870967742,0.2897196261682243
recency,off,0,50,19,False,0.9261442364824592,0.9261442364824592,0.95,0.6984126984126984,0.2818181818181818
recency,off,0,50,20,False,0.9321081773618445,0.9321081773618445,0.95,0.7014925373134329,0.27586206896551724
recency,off,0,50,21,False,0.9365811330213833,0.9365811330213833,0.9,0.704225352112676,0.27049180327868855
recency,off,0,50,22,False,0.9274358497660374,0.9274358497660374,0.9,0.7123287671232876,0.2619047619047619
recency,off,0,50,23,False,0.920576887324528,0.920576887324528,0.9,0.7272727272727273,0.24812030075187969
recency,off,0,50,24,False,0.9154326654933959,0.915432665493396,0.9,0.7375,0.2391304347826087
recency,off,0,50,25,False,0.9115744991200471,0.911574499120047,0.9,0.75,0.22916666666666666
recency,off,0,50,26,False,0.9086808743400352,0.9086808743400352,0.95,0.7558139534883721,0.22448979591836735
recency,off,0,50,27,False,0.9190106557550264,0.9190106557550264,0.95,0.7555555555555555,0.2222222222222222
recency,off,0,50,28,False,0.9267579918162697,0.9267579918162698,0.95,0.7608695652173914,0.21935483870967742
recency,off,0,50,29,False,0.9325684938622023,0.9325684938622023,0.95,0.7659574468085106,0.21518987341772153
recency,off,0,50,30,False,0.9369263703966517,0.9369263703966517,0.9,0.7653061224489796,0.21818181818181817
recency,off,0,50,31,False,0.9276947777974888,0.9276947777974888,0.9,0.7745098039215687,0.21052631578947367
recency,off,0,50,32,False,0.9207710833481165,0.9207710833481165,0.9,0.7788461538461539,0.2057142857142857
recency,off,0,50,33,False,0.9155783125110873,0.9155783125110873,0.9,0.780952380952381,0.20454545454545456
recency,off,0,50,34,False,0.9116837343833156,0.9116837343833155,0.9,0.7870370370370371,0.1978021978021978
recency,off,0,50,35,False,0.9087628007874866,0.9087628007874866,0.95,0.7909090909090909,0.1945945945945946
recency,off,0,50,36,False,0.9190721005906151,0.9190721005906151,1.0,0.8017241379310345,0.18848167539267016
recency,off,0,50,37,False,0.9393040754429614,0.9393040754429614,0.95,0.7983193277310925,0.18974358974358974
recency,off,0,50,38,False,0.9419780565822211,0.9419780565822211,0.85,0.7903225806451613,0.19306930693069307
recency,off,0,50,39,False,0.9189835424366658,0.9189835424366658,0.85,0.7936507936507936,0.19117647058823528
recency,off,0,51,0,False,0.0,0.0,0.0,0.0,1.0
recency,off,0,51,1,False,0.0,0.0,0.14285714285714285,0.14285714285714285,0.875
recency,off,0,51,2,False,0.03571428571428571,0.03571428571428571,0.23529411764705882,0.23529411764705882,0.7894736842105263
recency,off,0,51,3,False,0.08560924369747899,0.08560924369747899,0.35,0.3333333333333333,0.6956521739130435
recency,off,0,51,4,False,0.15170693277310923,0.15170693277310923,0.5,0.4166666666666667,0.6274509803921569
recency,off,0,51,5,False,0.23878019957983193,0.23878019957983193,0.55,0.44,0.6
recency,off,0,51,6,False,0.3165851496848739,0.31658514968487395,0.7,0.5,0.559322033898305
recency,off,0,51,7,False,0.41243886226365545,0.41243886226365545,0.75,0.4838709677419355,0.5555555555555556
recency,off,0,51,8,False,0.4968291466977416,0.4968291466977416,0.8,0.5405405405405406,0.5142857142857142
recency,off,0,51,9,False,0.5726218600233063,0.5726218600233062,0.8,0.5714285714285714,0.4805194805194805
recency,off,0,51,10,False,0.6294663950174797,0.6294663950174797,0.75,0.5957446808510638,0.4523809523809524
recency,off,0,51,11,False,0.6595997962631097,0.6595997962631097,0.8,0.6078431372549019,0.43333333333333335
recency,off,0,51,12,False,0.6946998471973321,0.6946998471973322,0.8,0.6226415094339622,0.41935483870967744
recency,off,0,51,13,False,0.7210248853979992,0.7210248853979992,0.8,0.6428571428571429,0.3939393939393939
recency,off,0,51,14,False,0.7407686640484995,0.7407686640484994,0.85,0.6551724137931034,0.38235294117647056
recency,off,0,51,15,False,0.7680764980363746,0.7680764980363746,0.9,0.6721311475409836,0.3644859813084112
recency,off,0,51,16,False,0.8010573735272809,0.8010573735272809,0.9,0.6666666666666666,0.36363636363636365
recency,off,0,51,17,False,0.8257930301454607,0.8257930301454607,0.9,0.671875,0.3508771929824561
recency,off,0,51,18,False,0.8443447726090955,0.8443447726090955,0.85,0.6716417910447762,0.3445378151260504
recency,off,0,51,19,False,0.8457585794568215,0.8457585794568216,0.9,0.6901408450704225,0.3253968253968254
recency,off,0,51,20,False,0.8593189345926161,0.8593189345926162,0.8,0.6842105263157895,0.32592592592592595
recency,off,0,51,21,False,0.8444892009444622,0.8444892009444622,0.8,0.6962025316455697,0.31654676258992803
recency,off,0,51,22,False,0.8333669007083466,0.8333669007083466,0.85,0.7073170731707317,0.3103448275862069
recency,off,0,51,23,False,0.8375251755312599,0.8375251755312599,0.9,0.7176470588235294,0.30201342281879195
recency,off,0,51,24,False,0.8531438816484449,0.8531438816484449,0.9,0.7272727272727273,0.2922077922077922
recency,off,0,51,25,False,0.8648579112363336,0.8648579112363336,0.9,0.7282608695652174,0.2857142857142857
recency,off,0,51,26,False,0.8736434334272501,0.8736434334272501,0.9,0.7311827956989247,0.2822085889570552
recency,off,0,51,27,False,0.8802325750704376,0.8802325750704376,0.95,0.7422680412371134,0.27218934911242604
recency,off,0,51,28,False,0.8976744313028282,0.8976744313028282,0.9,0.74,0.27011494252873564
recency,off,0,51,29,False,0.8982558234771211,0.8982558234771211,0.85,0.7352941176470589,0.2681564245810056
recency,off,0,51,30,False,0.8861918676078409,0.8861918676078409,0.85,0.7403846153846154,0.26373626373626374
recency,off,0,51,31,False,0.8771439007058807,0.8771439007058807,0.85,0.7452830188679245,0.25668449197860965
recency,off,0,51,32,False,0.8703579255294105,0.8703579255294105,0.85,0.7522935779816514,0.2513089005235602
recency,off,0,51,33,False,0.8652684441470578,0.8652684441470578,0.85,0.7522935779816514,0.25
recency,off,0,51,34,False,0.8614513331102934,0.8614513331102934,0.85,0.75,0.24873096446700507
recency,off,0,51,35,False,0.8585884998327201,0.8585884998327201,0.85,0.7543859649122807,0.24019607843137256
recency,off,0,51,36,False,0.85644137487454,0.8564413748745401,0.85,0.7606837606837606,0.23444976076555024
recency,off,0,51,37,False,0.8548310311559051,0.8548310311559051,0.9,0.7603305785123967,0.2347417840375587
recency,off,0,51,38,False,0.8661232733669287,0.8661232733669287,0.85,0.7637795275590551,0.2328767123287671
recency,off,0,51,39,False,0.8620924550251966,0.8620924550251966,0.85,0.765625,0.23318385650224216
recency,off,2,42,0,False,0.0,0.0,0.0,0.0,1.0
recency,off,2,42,1,False,0.0,0.0,0.3333333333333333,0.3333333333333333,0.8260869565217391
recency,off,2,42,2,True,0.08333333333333333,0.08333333333333333,0.0,0.0,1.0
recency,off,2,42,3,False,0.0625,0.0625,0.3,0.3,0.8275862068965517
recency,off,2,42,4,True,0.121875,0.121875,0.0,0.0,1.0
recency,off,2,42,5,False,0.09140625,0.09140625,0.36363636363636365,0.36363636363636365,0.8125
recency,off,2,42,6,True,0.1594637784090909,0.1594637784090909,0.0,0.0,1.0
recency,off,2,42,7,False,0.11959783380681818,0.11959783380681818,0.21052631578947367,0.21052631578947367,0.8333333333333334
recency,off,2,42,8,True,0.14232995430248205,0.14232995430248205,0.0,0.0,1.0
recency,off,2,42,9,False,0.10674746572686153,0.10674746572686153,0.13333333333333333,0.13333333333333333,0.84
recency,off,2,42,10,True,0.11339393262847948,0.11339393262847947,0.0,0.0,1.0
recency,off,2,42,11,False,0.0850454494713596,0.0850454494713596,0.23076923076923078,0.23076923076923078,0.8666666666666667
recency,off,2,42,12,True,0.12147639479582739,0.12147639479582739,0.0,0.0,1.0
recency,off,2,42,13,False,0.09110729609687054,0.09110729609687054,0.25,0.25,0.7916666666666666
recency,off,2,42,14,True,0.13083047207265291,0.13083047207265291,0.0,0.0,1.0
recency,off,2,42,15,False,0.09812285405448969,0.09812285405448969,0.1111111111111111,0.1111111111111111,0.9090909090909091
recency,off,2,42,16,True,0.10136991831864504,0.10136991831864504,0.0,0.0,1.0
recency,off,2,42,17,False,0.07602743873898378,0.07602743873898378,0.16666666666666666,0.16666666666666666,0.8571428571428571
recency,off,2,42,18,True,0.09868724572090451,0.09868724572090451,0.0,0.0,1.0
recency,off,2,42,19,False,0.07401543429067839,0.07401543429067839,0.13333333333333333,0.13333333333333333,0.8846153846153846
recency,off,2,42,20,True,0.08884490905134212,0.08884490905134212,0.0,0.0,1.0
recency,off,2,42,21,False,0.0666336817885066,0.0666336817885066,0.375,0.375,0.7916666666666666
recency,off,2,42,22,True,0.14372526134137995,0.14372526134137995,0.0,0.0,1.0
recency,off,2,42,23,False,0.10779394600603495,0.10779394600603495,0.18181818181818182,0.18181818181818182,0.8518518518518519
recency,off,2,42,24,True,0.12630000495907168,0.12630000495907168,0.0,0.0,1.0
recency,off,2,42,25,False,0.09472500371930377,0.09472500371930376,0.0,0.0,0.9130434782608695
recency,off,2,42,26,True,0.07104375278947782,0.07104375278947782,0.0,0.0,1.0
recency,off,2,42,27,False,0.05328281459210836,0.05328281459210836,0.23076923076923078,0.23076923076923078,0.8518518518518519
recency,off,2,42,28,True,0.09765441863638895,0.09765441863638896,0.0,0.0,1.0
recency,off,2,42,29,False,0.07324081397729172,0.07324081397729172,0.2,0.2,0.8888888888888888
recency,off,2,42,30,True,0.1049306104829688,0.1049306104829688,0.0,0.0,1.0
recency,off,2,42,31,False,0.0786979578622266,0.0786979578622266,0.2222222222222222,0.2222222222222222,0.8
recency,off,2,42,32,True,0.1145790239522255,0.1145790239522255,0.0,0.0,1.0
recency,off,2,42,33,False,0.08593426796416911,0.08593426796416911,0.14285714285714285,0.14285714285714285,0.8928571428571429
recency,off,2,42,34,True,0.10016498668741254,0.10016498668741254,0.0,0.0,1.0
recency,off,2,42,35,False,0.07512374001555941,0.07512374001555941,0.5,0.5,0.8181818181818182
recency,off,2,42,36,True,0.18134280501166952,0.18134280501166955,0.0,0.0,1.0
recency,off,2,42,37,False,0.13600710375875216,0.13600710375875216,0.25,0.25,0.8095238095238095
recency,off,2,42,38,True,0.16450532781906416,0.16450532781906413,0.0,0.0,1.0
recency,off,2,42,39,False,0.1233789958642981,0.1233789958642981,0.09090909090909091,0.09090909090909091,0.8846153846153846
recency,off,2,43,0,False,0.0,0.0,0.0,0.0,1.0
recency,off,2,43,1,False,0.0,0.0,0.09090909090909091,0.09090909090909091,0.8518518518518519
recency,off,2,43,2,True,0.022727272727272728,0.022727272727272728,0.0,0.0,1.0
recency,off,2,43,3,False,0.017045454545454544,0.017045454545454544,0.2727272727272727,0.2727272727272727,0.8
recency,off,2,43,4,True,0.08096590909090909,0.08096590909090909,0.0,0.0,1.0
recency,off,2,43,5,False,0.060724431818181816,0.060724431818181816,0.42857142857142855,0.42857142857142855,0.7391304347826086
recency,off,2,43,6,True,0.1526861810064935,0.1526861810064935,0.0,0.0,1.0
recency,off,2,43,7,False,0.11451463575487013,0.11451463575487013,0.07142857142857142,0.07142857142857142,0.9166666666666666
recency,off,2,43,8,True,0.10374311967329544,0.10374311967329544,0.0,0.0,1.0
recency,off,2,43,9,False,0.07780733975497159,0.07780733975497159,0.1,0.1,0.8571428571428571
recency,off,2,43,10,True,0.08335550481622869,0.08335550481622869,0.0,0.0,1.0
recency,off,2,43,11,False,0.06251662861217153,0.06251662861217153,0.18181818181818182,0.18181818181818182,0.78125
recency,off,2,43,12,True,0.0923420169136741,0.09234201691367411,0.0,0.0,1.0
recency,off,2,43,13,False,0.06925651268525558,0.06925651268525558,0.2857142857142857,0.2857142857142857,0.7727272727272727
recency,off,2,43,14,True,0.12337095594251311,0.12337095594251311,0.0,0.0,1.0
recency,off,2,43,15,False,0.09252821695688483,0.09252821695688483,0.21428571428571427,0.21428571428571427,0.8857142857142857
recency,off,2,43,16,True,0.12296759128909218,0.12296759128909218,0.0,0.0,1.0
recency,off,2,43,17,False,0.09222569346681915,0.09222569346681914,0.13333333333333333,0.13333333333333333,0.84
recency,off,2,43,18,True,0.10250260343344768,0.10250260343344769,0.0,0.0,1.0
recency,off,2,43,19,False,0.07687695257508577,0.07687695257508577,0.18181818181818182,0.18181818181818182,0.8636363636363636
recency,off,2,43,20,True,0.10311225988585979,0.10311225988585979,0.0,0.0,1.0
recency,off,2,43,21,False,0.07733419491439483,0.07733419491439483,0.5714285714285714,0.5714285714285714,0.7272727272727273
recency,off,2,43,22,True,0.20085778904293897,0.20085778904293897,0.0,0.0,1.0
recency,off,2,43,23,False,0.15064334178220423,0.15064334178220423,0.2,0.2,0.9130434782608695
recency,off,2,43,24,True,0.16298250633665318,0.16298250633665318,0.0,0.0,1.0
recency,off,2,43,25,False,0.12223687975248988,0.12223687975248988,0.15384615384615385,0.15384615384615385,0.88
recency,off,2,43,26,True,0.13013919827590587,0.13013919827590587,0.0,0.0,1.0
recency,off,2,43,27,False,0.0976043987069294,0.0976043987069294,0.375,0.375,0.782608695652174
recency,off,2,43,28,True,0.1669532990301971,0.16695329903019707,0.0,0.0,1.0
recency,off,2,43,29,False,0.1252149742726478,0.1252149742726478,0.1111111111111111,0.1111111111111111,0.875
recency,off,2,43,30,True,0.12168900848226362,0.12168900848226362,0.0,0.0,1.0
recency,off,2,43,31,False,0.09126675636169772,0.09126675636169772,0.3333333333333333,0.3333333333333333,0.7777777777777778
recency,off,2,43,32,True,0.1517834006046066,0.1517834006046066,0.0,0.0,1.0
recency,off,2,43,33,False,0.11383755045345494,0.11383755045345495,0.18181818181818182,0.18181818181818182,0.9090909090909091
recency,off,2,43,34,True,0.13083270829463667,0.13083270829463667,0.0,0.0,1.0
recency,off,2,43,35,False,0.0981245312209775,0.0981245312209775,0.3333333333333333,0.3333333333333333,0.8148148148148148
recency,off,2,43,36,True,0.15692673174906643,0.15692673174906646,0.0,0.0,1.0
recency,off,2,43,37,False,0.11769504881179985,0.11769504881179985,0.2,0.2,0.8518518518518519
recency,off,2,43,38,True,0.1382712866088499,0.1382712866088499,0.0,0.0,1.0
recency,off,2,43,39,False,0.10370346495663743,0.10370346495663743,0.2,0.2,0.8421052631578947
recency,off,2,44,0,False,0.0,0.0,0.0,0.0,1.0
recency,off,2,44,1,False,0.0,0.0,0.3,0.3,0.72
recency,off,2,44,2,True,0.075,0.075,0.0,0.0,1.0
recency,off,2,44,3,False,0.05624999999999999,0.056249999999999994,0.36363636363636365,0.36363636363636365,0.76
recency,off,2,44,4,True,0.1330965909090909,0.1330965909090909,0.0,0.0,1.0
recency,off,2,44,5,False,0.09982244318181818,0.09982244318181818,0.14285714285714285,0.14285714285714285,0.9259259259259259
recency,off,2,44,6,True,0.11058111810064934,0.11058111810064934,0.0,0.0,1.0
recency,off,2,44,7,False,0.082935838575487,0.082935838575487,0.375,0.375,0.8181818181818182
recency,off,2,44,8,True,0.15595187893161525,0.15595187893161525,0.0,0.0,1.0
recency,off,2,44,9,False,0.11696390919871144,0.11696390919871144,0.3333333333333333,0.3333333333333333,0.8636363636363636
recency,off,2,44,10,True,0.1710562652323669,0.1710562652323669,0.0,0.0,1.0
recency,off,2,44,11,False,0.12829219892427518,0.12829219892427518,0.3076923076923077,0.3076923076923077,0.8333333333333334
recency,off,2,44,12,True,0.17314222611628333,0.17314222611628333,0.0,0.0,1.0
recency,off,2,44,13,False,0.12985666958721248,0.12985666958721248,0.2222222222222222,0.2222222222222222,0.8076923076923077
recency,off,2,44,14,True,0.15294805774596493,0.15294805774596493,0.0,0.0,1.0
recency,off,2,44,15,False,0.1147110433094737,0.1147110433094737,0.3076923076923077,0.3076923076923077,0.8076923076923077
recency,off,2,44,16,True,0.16295635940518222,0.16295635940518222,0.0,0.0,1.0
recency,off,2,44,17,False,0.12221726955388666,0.12221726955388666,0.2727272727272727,0.2727272727272727,0.8518518518518519
recency,off,2,44,18,True,0.15984477034723316,0.15984477034723316,0.0,0.0,1.0
recency,off,2,44,19,False,0.11988357776042487,0.11988357776042487,0.3333333333333333,0.3333333333333333,0.782608695652174
recency,off,2,44,20,True,0.17324601665365197,0.17324601665365197,0.0,0.0,1.0
recency,off,2,44,21,False,0.12993451249023896,0.12993451249023896,0.21428571428571427,0.21428571428571427,0.8
recency,off,2,44,22,True,0.15102231293910778,0.15102231293910778,0.0,0.0,1.0
recency,off,2,44,23,False,0.11326673470433084,0.11326673470433084,0.0,0.0,0.9310344827586207
recency,off,2,44,24,True,0.08495005102824812,0.08495005102824812,0.0,0.0,1.0
recency,off,2,44,25,False,0.06371253827118609,0.06371253827118609,0.2727272727272727,0.2727272727272727,0.8518518518518519
recency,off,2,44,26,True,0.11596622188520775,0.11596622188520775,0.0,0.0,1.0
recency,off,2,44,27,False,0.0869746664139058,0.0869746664139058,0.14285714285714285,0.14285714285714285,0.8636363636363636
recency,off,2,44,28,True,0.10094528552471506,0.10094528552471506,0.0,0.0,1.0
recency,off,2,44,29,False,0.0757089641435363,0.0757089641435363,0.14285714285714285,0.14285714285714285,0.8846153846153846
recency,off,2,44,30,True,0.09249600882193794,0.09249600882193794,0.0,0.0,1.0
recency,off,2,44,31,False,0.06937200661645346,0.06937200661645346,0.25,0.25,0.8
recency,off,2,44,32,True,0.11452900496234009,0.11452900496234009,0.0,0.0,1.0
recency,off,2,44,33,False,0.08589675372175506,0.08589675372175506,0.0,0.0,0.9047619047619048
recency,off,2,44,34,True,0.06442256529131629,0.06442256529131629,0.0,0.0,1.0
recency,off,2,44,35,False,0.048316923968487226,0.04831692396848722,0.25,0.25,0.9
recency,off,2,44,36,True,0.09873769297636541,0.09873769297636542,0.0,0.0,1.0
recency,off,2,44,37,False,0.07405326973227407,0.07405326973227407,0.21428571428571427,0.21428571428571427,0.8518518518518519
recency,off,2,44,38,True,0.10911138087063413,0.10911138087063413,0.0,0.0,1.0
recency,off,2,44,39,False,0.0818335356529756,0.0818335356529756,0.15384615384615385,0.15384615384615385,0.8636363636363636
recency,off,2,45,0,False,0.0,0.0,0.0,0.0,1.0
recency,off,2,45,1,False,0.0,0.0,0.3076923076923077,0.3076923076923077,0.7777777777777778
recency,off,2,45,2,True,0.07692307692307694,0.07692307692307693,0.0,0.0,1.0
recency,off,2,45,3,False,0.057692307692307696,0.057692307692307696,0.125,0.125,0.8846153846153846
recency,off,2,45,4,True,0.07451923076923077,0.07451923076923077,0.0,0.0,1.0
recency,off,2,45,5,False,0.05588942307692307,0.05588942307692307,0.0,0.0,0.95
recency,off,2,45,6,True,0.041917067307692304,0.041917067307692304,0.0,0.0,1.0
recency,off,2,45,7,False,0.03143780048076923,0.03143780048076923,0.08333333333333333,0.08333333333333333,0.8846153846153846
recency,off,2,45,8,True,0.044411683693910256,0.044411683693910256,0.0,0.0,1.0
recency,off,2,45,9,False,0.033308762770432696,0.033308762770432696,0.1111111111111111,0.1111111111111111,0.8333333333333334
recency,off,2,45,10,True,0.0527593498556023,0.052759349855602294,0.0,0.0,1.0
recency,off,2,45,11,False,0.03956951239170172,0.03956951239170172,0.18181818181818182,0.18181818181818182,0.9230769230769231
recency,off,2,45,12,True,0.07513167974832176,0.07513167974832174,0.0,0.0,1.0
recency,off,2,45,13,False,0.05634875981124131,0.05634875981124131,0.5,0.5,0.8095238095238095
recency,off,2,45,14,True,0.167261569858431,0.167261569858431,0.0,0.0,1.0
recency,off,2,45,15,False,0.12544617739382324,0.12544617739382324,0.2,0.2,0.8076923076923077
recency,off,2,45,16,True,0.14408463304536742,0.14408463304536745,0.0,0.0,1.0
recency,off,2,45,17,False,0.10806347478402559,0.10806347478402559,0.25,0.25,0.8571428571428571
recency,off,2,45,18,True,0.1435476060880192,0.1435476060880192,0.0,0.0,1.0
recency,off,2,45,19,False,0.1076607045660144,0.1076607045660144,0.2,0.2,0.8888888888888888
recency,off,2,45,20,True,0.13074552842451082,0.13074552842451082,0.0,0.0,1.0
recency,off,2,45,21,False,0.09805914631838311,0.09805914631838311,0.3,0.3,0.8695652173913043
recency,off,2,45,22,True,0.1485443597387873,0.14854435973878732,0.0,0.0,1.0
recency,off,2,45,23,False,0.11140826980409049,0.11140826980409049,0.2222222222222222,0.2222222222222222,0.8636363636363636
recency,off,2,45,24,True,0.13911175790862343,0.13911175790862343,0.0,0.0,1.0
recency,off,2,45,25,False,0.10433381843146758,0.10433381843146758,0.375,0.375,0.76
recency,off,2,45,26,True,0.17200036382360068,0.17200036382360068,0.0,0.0,1.0
recency,off,2,45,27,False,0.1290002728677005,0.1290002728677005,0.2222222222222222,0.2222222222222222,0.8695652173913043
recency,off,2,45,28,True,0.1523057602063309,0.1523057602063309,0.0,0.0,1.0
recency,off,2,45,29,False,0.11422932015474818,0.11422932015474818,0.1111111111111111,0.1111111111111111,0.9032258064516129
recency,off,2,45,30,True,0.11344976789383891,0.11344976789383891,0.0,0.0,1.0
recency,off,2,45,31,False,0.08508732592037918,0.08508732592037918,0.2,0.2,0.875
recency,off,2,45,32,True,0.1138154944402844,0.1138154944402844,0.0,0.0,1.0
recency,off,2,45,33,False,0.0853616208302133,0.0853616208302133,0.11764705882352941,0.11764705882352941,0.8214285714285714
recency,off,2,45,34,True,0.09343298032854233,0.09343298032854233,0.0,0.0,1.0
recency,off,2,45,35,False,0.07007473524640676,0.07007473524640676,0.07142857142857142,0.07142857142857142,0.9090909090909091
recency,off,2,45,36,True,0.07041319429194792,0.07041319429194792,0.0,0.0,1.0
recency,off,2,45,37,False,0.05280989571896094,0.05280989571896094,0.2,0.2,0.8148148148148148
recency,off,2,45,38,True,0.08960742178922072,0.08960742178922071,0.0,0.0,1.0
recency,off,2,45,39,False,0.06720556634191553,0.06720556634191553,0.1111111111111111,0.1111111111111111,0.9230769230769231
recency,off,2,46,0,False,0.0,0.0,0.0,0.0,1.0
recency,off,2,46,1,False,0.0,0.0,0.2,0.2,0.8461538461538461
recency,off,2,46,2,True,0.05,0.05,0.0,0.0,1.0
recency,off,2,46,3,False,0.03750000000000001,0.037500000000000006,0.14285714285714285,0.14285714285714285,0.88
recency,off,2,46,4,True,0.06383928571428571,0.06383928571428571,0.0,0.0,1.0
recency,off,2,46,5,False,0.04787946428571428,0.04787946428571428,0.1,0.1,0.92
recency,off,2,46,6,True,0.060909598214285716,0.060909598214285716,0.0,0.0,1.0
recency,off,2,46,7,False,0.04568219866071429,0.04568219866071429,0.16666666666666666,0.16666666666666666,0.88
recency,off,2,46,8,True,0.07592831566220237,0.07592831566220237,0.0,0.0,1.0
recency,off,2,46,9,False,0.05694623674665178,0.05694623674665178,0.2727272727272727,0.2727272727272727,0.8620689655172413
recency,off,2,46,10,True,0.11089149574180701,0.11089149574180701,0.0,0.0,1.0
recency,off,2,46,11,False,0.08316862180635527,0.08316862180635526,0.09090909090909091,0.09090909090909091,0.8461538461538461
recency,off,2,46,12,True,0.08510373908203916,0.08510373908203916,0.0,0.0,1.0
recency,off,2,46,13,False,0.06382780431152937,0.06382780431152937,0.08333333333333333,0.08333333333333333,0.8571428571428571
recency,off,2,46,14,True,0.06870418656698037,0.06870418656698037,0.0,0.0,1.0
recency,off,2,46,15,False,0.05152813992523527,0.05152813992523528,0.3076923076923077,0.3076923076923077,0.8
recency,off,2,46,16,True,0.11556918186700338,0.11556918186700338,0.0,0.0,1.0
recency,off,2,46,17,False,0.08667688640025253,0.08667688640025253,0.16666666666666666,0.16666666666666666,0.8148148148148148
recency,off,2,46,18,True,0.10667433146685605,0.10667433146685606,0.0,0.0,1.0
recency,off,2,46,19,False,0.08000574860014205,0.08000574860014205,0.09090909090909091,0.09090909090909091,0.875
recency,off,2,46,20,True,0.08273158417737927,0.08273158417737927,0.0,0.0,1.0
recency,off,2,46,21,False,0.062048688133034456,0.062048688133034456,0.09090909090909091,0.09090909090909091,0.9230769230769231
recency,off,2,46,22,True,0.06926378882704856,0.06926378882704856,0.0,0.0,1.0
recency,off,2,46,23,False,0.05194784162028642,0.05194784162028642,0.14285714285714285,0.14285714285714285,0.85
recency,off,2,46,24,True,0.07467516692950052,0.07467516692950052,0.0,0.0,1.0
recency,off,2,46,25,False,0.05600637519712539,0.05600637519712539,0.3076923076923077,0.3076923076923077,0.8
recency,off,2,46,26,True,0.11892785832092097,0.11892785832092097,0.0,0.0,1.0
recency,off,2,46,27,False,0.08919589374069073,0.08919589374069073,0.23076923076923078,0.23076923076923078,0.8620689655172413
recency,off,2,46,28,True,0.12458922799782575,0.12458922799782575,0.0,0.0,1.0
recency,off,2,46,29,False,0.09344192099836932,0.09344192099836932,0.21428571428571427,0.21428571428571427,0.8709677419354839
recency,off,2,46,30,True,0.12365286932020556,0.12365286932020556,0.0,0.0,1.0
recency,off,2,46,31,False,0.09273965199015415,0.09273965199015416,0.14285714285714285,0.14285714285714285,0.88
recency,off,2,46,32,True,0.10526902470690133,0.10526902470690133,0.0,0.0,1.0
recency,off,2,46,33,False,0.078951768530176,0.07895176853017599,0.21428571428571427,0.21428571428571427,0.8275862068965517
recency,off,2,46,34,True,0.11278525496906056,0.11278525496906056,0.0,0.0,1.0
recency,off,2,46,35,False,0.08458894122679542,0.08458894122679542,0.25,0.25,0.84
recency,off,2,46,36,True,0.12594170592009657,0.12594170592009657,0.0,0.0,1.0
recency,off,2,46,37,False,0.09445627944007243,0.09445627944007243,0.25,0.25,0.8846153846153846
recency,off,2,46,38,True,0.13334220958005433,0.13334220958005433,0.0,0.0,1.0
recency,off,2,46,39,False,0.10000665718504075,0.10000665718504075,0.125,0.125,0.9545454545454546
recency,off,2,47,0,False,0.0,0.0,0.0,0.0,1.0
recency,off,2,47,1,False,0.0,0.0,0.2727272727272727,0.2727272727272727,0.8518518518518519
recency,off,2,47,2,True,0.06818181818181818,0.06818181818181818,0.0,0.0,1.0
recency,off,2,47,3,False,0.05113636363636363,0.05113636363636363,0.16666666666666666,0.16666666666666666,0.7777777777777778
recency,off,2,47,4,True,0.08001893939393938,0.08001893939393939,0.0,0.0,1.0
recency,off,2,47,5,False,0.060014204545454544,0.060014204545454544,0.09090909090909091,0.09090909090909091,0.9473684210526315
recency,off,2,47,6,True,0.06773792613636365,0.06773792613636365,0.0,0.0,1.0
recency,off,2,47,7,False,0.05080344460227274,0.050803444602272735,0.2222222222222222,0.2222222222222222,0.8846153846153846
recency,off,2,47,8,True,0.0936581390072601,0.09365813900726011,0.0,0.0,1.0
recency,off,2,47,9,False,0.07024360425544508,0.07024360425544508,0.18181818181818182,0.18181818181818182,0.8214285714285714
recency,off,2,47,10,True,0.09813724864612927,0.09813724864612927,0.0,0.0,1.0
recency,off,2,47,11,False,0.07360293648459695,0.07360293648459695,0.08333333333333333,0.08333333333333333,0.8076923076923077
recency,off,2,47,12,True,0.07603553569678105,0.07603553569678105,0.0,0.0,1.0
recency,off,2,47,13,False,0.05702665177258578,0.057026651772585785,0.1111111111111111,0.1111111111111111,0.8571428571428571
recency,off,2,47,14,True,0.07054776660721712,0.07054776660721712,0.0,0.0,1.0
recency,off,2,47,15,False,0.05291082495541284,0.05291082495541284,0.2857142857142857,0.2857142857142857,0.8235294117647058
recency,off,2,47,16,True,0.11111169014513107,0.11111169014513106,0.0,0.0,1.0
recency,off,2,47,17,False,0.0833337676088483,0.0833337676088483,0.3333333333333333,0.3333333333333333,0.78125
recency,off,2,47,18,True,0.14583365903996953,0.14583365903996953,0.0,0.0,1.0
recency,off,2,47,19,False,0.10937524427997715,0.10937524427997715,0.2857142857142857,0.2857142857142857,0.8181818181818182
recency,off,2,47,20,True,0.1534600046385543,0.1534600046385543,0.0,0.0,1.0
recency,off,2,47,21,False,0.11509500347891573,0.11509500347891573,0.2727272727272727,0.2727272727272727,0.8275862068965517
recency,off,2,47,22,True,0.15450307079100498,0.15450307079100498,0.0,0.0,1.0
recency,off,2,47,23,False,0.11587730309325373,0.11587730309325373,0.2857142857142857,0.2857142857142857,0.7916666666666666
recency,off,2,47,24,True,0.15833654874851172,0.15833654874851172,0.0,0.0,1.0
recency,off,2,47,25,False,0.11875241156138379,0.11875241156138379,0.17647058823529413,0.17647058823529413,0.7586206896551724
recency,off,2,47,26,True,0.13318195572986138,0.13318195572986138,0.0,0.0,1.0
recency,off,2,47,27,False,0.09988646679739606,0.09988646679739605,0.21428571428571427,0.21428571428571427,0.8636363636363636
recency,off,2,47,28,True,0.1284862786694756,0.1284862786694756,0.0,0.0,1.0
recency,off,2,47,29,False,0.0963647090021067,0.0963647090021067,0.16666666666666666,0.16666666666666666,0.9285714285714286
recency,off,2,47,30,True,0.11394019841824668,0.11394019841824668,0.0,0.0,1.0
recency,off,2,47,31,False,0.08545514881368502,0.08545514881368502,0.2857142857142857,0.2857142857142857,0.8214285714285714
recency,off,2,47,32,True,0.1355199330388352,0.1355199330388352,0.0,0.0,1.0
recency,off,2,47,33,False,0.1016399497791264,0.1016399497791264,0.2,0.2,0.8571428571428571
recency,off,2,47,34,True,0.1262299623343448,0.1262299623343448,0.0,0.0,1.0
recency,off,2,47,35,False,0.09467247175075862,0.0946724717507586,0.3076923076923077,0.3076923076923077,0.84
recency,off,2,47,36,True,0.14792743073614587,0.1479274307361459,0.0,0.0,1.0
recency,off,2,47,37,False,0.11094557305210942,0.11094557305210942,0.16666666666666666,0.16666666666666666,0.92
recency,off,2,47,38,True,0.12487584645574874,0.12487584645574873,0.0,0.0,1.0
recency,off,2,47,39,False,0.09365688484181155,0.09365688484181155,0.0,0.0,0.9130434782608695
recency,off,2,48,0,False,0.0,0.0,0.0,0.0,1.0
recency,off,2,48,1,False,0.0,0.0,0.3333333333333333,0.3333333333333333,0.8571428571428571
recency,off,2,48,2,True,0.08333333333333333,0.08333333333333333,0.0,0.0,1.0
recency,off,2,48,3,False,0.0625,0.0625,0.4,0.4,0.7916666666666666
recency,off,2,48,4,True,0.146875,0.146875,0.0,0.0,1.0
recency,off,2,48,5,False,0.11015625000000002,0.11015625000000001,0.0,0.0,0.96
recency,off,2,48,6,True,0.08261718750000001,0.08261718750000001,0.0,0.0,1.0
recency,off,2,48,7,False,0.061962890625,0.061962890625,0.14285714285714285,0.14285714285714285,0.8947368421052632
recency,off,2,48,8,True,0.08218645368303572,0.08218645368303572,0.0,0.0,1.0
recency,off,2,48,9,False,0.06163984026227679,0.061639840262276785,0.18181818181818182,0.18181818181818182,0.9259259259259259
recency,off,2,48,10,True,0.09168442565125304,0.09168442565125304,0.0,0.0,1.0
recency,off,2,48,11,False,0.06876331923843979,0.06876331923843979,0.21428571428571427,0.21428571428571427,0.7586206896551724
recency,off,2,48,12,True,0.1051439180002584,0.10514391800025841,0.0,0.0,1.0
recency,off,2,48,13,False,0.0788579385001938,0.0788579385001938,0.3333333333333333,0.3333333333333333,0.8461538461538461
recency,off,2,48,14,True,0.14247678720847867,0.14247678720847867,0.0,0.0,1.0
recency,off,2,48,15,False,0.106857590406359,0.106857590406359,0.1111111111111111,0.1111111111111111,0.7647058823529411
recency,off,2,48,16,True,0.10792097058254703,0.10792097058254703,0.0,0.0,1.0
recency,off,2,48,17,False,0.08094072793691028,0.08094072793691028,0.3,0.3,0.8260869565217391
recency,off,2,48,18,True,0.1357055459526827,0.1357055459526827,0.0,0.0,1.0
recency,off,2,48,19,False,0.10177915946451202,0.10177915946451202,0.3333333333333333,0.3333333333333333,0.8214285714285714
recency,off,2,48,20,True,0.15966770293171734,0.15966770293171734,0.0,0.0,1.0
recency,off,2,48,21,False,0.119750777198788,0.119750777198788,0.36363636363636365,0.36363636363636365,0.782608695652174
recency,off,2,48,22,True,0.1807221738081819,0.1807221738081819,0.0,0.0,1.0
recency,off,2,48,23,False,0.13554163035613642,0.13554163035613642,0.25,0.25,0.7692307692307693
recency,off,2,48,24,True,0.16415622276710232,0.16415622276710232,0.0,0.0,1.0
recency,off,2,48,25,False,0.12311716707532674,0.12311716707532674,0.21428571428571427,0.21428571428571427,0.8461538461538461
recency,off,2,48,26,True,0.14590930387792364,0.14590930387792364,0.0,0.0,1.0
recency,off,2,48,27,False,0.10943197790844272,0.10943197790844272,0.16666666666666666,0.16666666666666666,0.9047619047619048
recency,off,2,48,28,True,0.1237406500979987,0.1237406500979987,0.0,0.0,1.0
recency,off,2,48,29,False,0.09280548757349902,0.09280548757349902,0.09090909090909091,0.09090909090909091,0.84
recency,off,2,48,30,True,0.09233138840739699,0.09233138840739699,0.0,0.0,1.0
recency,off,2,48,31,False,0.06924854130554775,0.06924854130554775,0.2,0.2,0.7586206896551724
recency,off,2,48,32,True,0.10193640597916083,0.10193640597916082,0.0,0.0,1.0
recency,off,2,48,33,False,0.07645230448437061,0.07645230448437061,0.16666666666666666,0.16666666666666666,0.95
recency,off,2,48,34,True,0.09900589502994461,0.09900589502994461,0.0,0.0,1.0
recency,off,2,48,35,False,0.07425442127245845,0.07425442127245846,0.26666666666666666,0.26666666666666666,0.7916666666666666
recency,off,2,48,36,True,0.12235748262101051,0.12235748262101051,0.0,0.0,1.0
recency,off,2,48,37,False,0.09176811196575788,0.09176811196575788,0.3,0.3,0.8518518518518519
recency,off,2,48,38,True,0.1438260839743184,0.1438260839743184,0.0,0.0,1.0
recency,off,2,48,39,False,0.1078695629807388,0.1078695629807388,0.2857142857142857,0.2857142857142857,0.8571428571428571
recency,off,2,49,0,False,0.0,0.0,0.0,0.0,1.0
recency,off,2,49,1,False,0.0,0.0,0.16666666666666666,0.16666666666666666,0.8076923076923077
recency,off,2,49,2,True,0.041666666666666664,0.041666666666666664,0.0,0.0,1.0
recency,off,2,49,3,False,0.03125,0.03125,0.1111111111111111,0.1111111111111111,0.9
recency,off,2,49,4,True,0.051215277777777776,0.051215277777777776,0.0,0.0,1.0
recency,off,2,49,5,False,0.03841145833333333,0.03841145833333333,0.125,0.125,0.9130434782608695
recency,off,2,49,6,True,0.06005859375,0.06005859375,0.0,0.0,1.0
recency,off,2,49,7,False,0.0450439453125,0.0450439453125,0.07692307692307693,0.07692307692307693,0.8666666666666667
recency,off,2,49,8,True,0.05301372821514423,0.05301372821514423,0.0,0.0,1.0
recency,off,2,49,9,False,0.03976029616135818,0.03976029616135818,0.0,0.0,0.8888888888888888
recency,off,2,49,10,True,0.02982022212101863,0.029820222121018633,0.0,0.0,1.0
recency,off,2,49,11,False,0.022365166590763975,0.022365166590763975,0.4444444444444444,0.4444444444444444,0.8214285714285714
recency,off,2,49,12,True,0.12788498605418408,0.12788498605418408,0.0,0.0,1.0
recency,off,2,49,13,False,0.09591373954063806,0.09591373954063806,0.1111111111111111,0.1111111111111111,0.8846153846153846
recency,off,2,49,14,True,0.09971308243325631,0.09971308243325631,0.0,0.0,1.0
recency,off,2,49,15,False,0.07478481182494223,0.07478481182494223,0.42857142857142855,0.42857142857142855,0.7619047619047619
recency,off,2,49,16,True,0.16323146601156382,0.1632314660115638,0.0,0.0,1.0
recency,off,2,49,17,False,0.12242359950867285,0.12242359950867285,0.125,0.125,0.8695652173913043
recency,off,2,49,18,True,0.12306769963150463,0.12306769963150463,0.0,0.0,1.0
recency,off,2,49,19,False,0.09230077472362848,0.09230077472362846,0.07692307692307693,0.07692307692307693,0.9629629629629629
recency,off,2,49,20,True,0.0884563502734906,0.08845635027349058,0.0,0.0,1.0
recency,off,2,49,21,False,0.06634226270511794,0.06634226270511794,0.3333333333333333,0.3333333333333333,0.7692307692307693
recency,off,2,49,22,True,0.13309003036217176,0.13309003036217176,0.0,0.0,1.0
recency,off,2,49,23,False,0.09981752277162882,0.09981752277162882,0.4,0.4,0.8148148148148148
recency,off,2,49,24,True,0.1748631420787216,0.1748631420787216,0.0,0.0,1.0
recency,off,2,49,25,False,0.1311473565590412,0.1311473565590412,0.25,0.25,0.84
recency,off,2,49,26,True,0.1608605174192809,0.1608605174192809,0.0,0.0,1.0
recency,off,2,49,27,False,0.12064538806446068,0.12064538806446068,0.16666666666666666,0.16666666666666666,0.875
recency,off,2,49,28,True,0.13215070771501217,0.13215070771501217,0.0,0.0,1.0
recency,off,2,49,29,False,0.09911303078625913,0.09911303078625913,0.3076923076923077,0.3076923076923077,0.8
recency,off,2,49,30,True,0.15125785001277128,0.15125785001277128,0.0,0.0,1.0
recency,off,2,49,31,False,0.11344338750957847,0.11344338750957847,0.23529411764705882,0.23529411764705882,0.7666666666666667
recency,off,2,49,32,True,0.14390607004394856,0.14390607004394856,0.0,0.0,1.0
recency,off,2,49,33,False,0.10792955253296142,0.10792955253296142,0.0,0.0,0.9411764705882353
recency,off,2,49,34,True,0.08094716439972106,0.08094716439972106,0.0,0.0,1.0
recency,off,2,49,35,False,0.0607103732997908,0.0607103732997908,0.25,0.25,0.8571428571428571
recency,off,2,49,36,True,0.1080327799748431,0.1080327799748431,0.0,0.0,1.0
recency,off,2,49,37,False,0.08102458498113232,0.08102458498113232,0.13333333333333333,0.13333333333333333,0.8260869565217391
recency,off,2,49,38,True,0.09410177206918258,0.09410177206918258,0.0,0.0,1.0
recency,off,2,49,39,False,0.07057632905188693,0.07057632905188693,0.3,0.3,0.8518518518518519
recency,off,2,50,0,False,0.0,0.0,0.0,0.0,1.0
recency,off,2,50,1,False,0.0,0.0,0.21052631578947367,0.21052631578947367,0.8214285714285714
recency,off,2,50,2,True,0.05263157894736842,0.05263157894736842,0.0,0.0,1.0
recency,off,2,50,3,False,0.039473684210526314,0.039473684210526314,0.2,0.2,0.8571428571428571
recency,off,2,50,4,True,0.07960526315789473,0.07960526315789473,0.0,0.0,1.0
recency,off,2,50,5,False,0.05970394736842105,0.05970394736842105,0.07692307692307693,0.07692307692307693,0.92
recency,off,2,50,6,True,0.06400872975708502,0.06400872975708502,0.0,0.0,1.0
recency,off,2,50,7,False,0.048006547317813765,0.048006547317813765,0.3076923076923077,0.3076923076923077,0.782608695652174
recency,off,2,50,8,True,0.11292798741143725,0.11292798741143725,0.0,0.0,1.0
recency,off,2,50,9,False,0.08469599055857793,0.08469599055857793,0.26666666666666666,0.26666666666666666,0.76
recency,off,2,50,10,True,0.1301886595856001,0.1301886595856001,0.0,0.0,1.0
recency,off,2,50,11,False,0.09764149468920007,0.09764149468920008,0.125,0.125,0.8928571428571429
recency,off,2,50,12,True,0.10448112101690006,0.10448112101690006,0.0,0.0,1.0
recency,off,2,50,13,False,0.07836084076267505,0.07836084076267505,0.3333333333333333,0.3333333333333333,0.7878787878787878
recency,off,2,50,14,True,0.1421039639053396,0.1421039639053396,0.0,0.0,1.0
recency,off,2,50,15,False,0.1065779729290047,0.1065779729290047,0.25,0.25,0.8846153846153846
recency,off,2,50,16,True,0.14243347969675352,0.14243347969675352,0.0,0.0,1.0
recency,off,2,50,17,False,0.10682510977256514,0.10682510977256514,0.25,0.25,0.8846153846153846
recency,off,2,50,18,True,0.14261883232942385,0.14261883232942385,0.0,0.0,1.0
recency,off,2,50,19,False,0.10696412424706789,0.10696412424706789,0.0,0.0,0.9285714285714286
recency,off,2,50,20,True,0.0802230931853009,0.08022309318530091,0.0,0.0,1.0
recency,off,2,50,21,False,0.06016731988897568,0.06016731988897568,0.23076923076923078,0.23076923076923078,0.8275862068965517
recency,off,2,50,22,True,0.10281779760903946,0.10281779760903946,0.0,0.0,1.0
recency,off,2,50,23,False,0.07711334820677959,0.07711334820677959,0.15384615384615385,0.15384615384615385,0.8888888888888888
recency,off,2,50,24,True,0.09629654961662315,0.09629654961662315,0.0,0.0,1.0
recency,off,2,50,25,False,0.07222241221246736,0.07222241221246736,0.4444444444444444,0.4444444444444444,0.7391304347826086
recency,off,2,50,26,True,0.1652779202704616,0.16527792027046162,0.0,0.0,1.0
recency,off,2,50,27,False,0.12395844020284622,0.12395844020284622,0.3333333333333333,0.3333333333333333,0.7727272727272727
recency,off,2,50,28,True,0.176302163485468,0.176302163485468,0.0,0.0,1.0
recency,off,2,50,29,False,0.132226622614101,0.132226622614101,0.13333333333333333,0.13333333333333333,0.8888888888888888
recency,off,2,50,30,True,0.13250330029390908,0.13250330029390908,0.0,0.0,1.0
recency,off,2,50,31,False,0.0993774752204318,0.0993774752204318,0.25,0.25,0.8148148148148148
recency,off,2,50,32,True,0.13703310641532385,0.13703310641532385,0.0,0.0,1.0
recency,off,2,50,33,False,0.10277482981149288,0.10277482981149288,0.08333333333333333,0.08333333333333333,0.9545454545454546
recency,off,2,50,34,True,0.09791445569195299,0.09791445569195299,0.0,0.0,1.0
recency,off,2,50,35,False,0.07343584176896474,0.07343584176896474,0.2222222222222222,0.2222222222222222,0.8421052631578947
recency,off,2,50,36,True,0.11063243688227911,0.11063243688227911,0.0,0.0,1.0
recency,off,2,50,37,False,0.08297432766170934,0.08297432766170934,0.1111111111111111,0.1111111111111111,0.9
recency,off,2,50,38,True,0.09000852352405977,0.09000852352405977,0.0,0.0,1.0
recency,off,2,50,39,False,0.06750639264304484,0.06750639264304484,0.15384615384615385,0.15384615384615385,0.88
recency,off,2,51,0,False,0.0,0.0,0.0,0.0,1.0
recency,off,2,51,1,False,0.0,0.0,0.14285714285714285,0.14285714285714285,0.875
recency,off,2,51,2,True,0.03571428571428571,0.03571428571428571,0.0,0.0,1.0
recency,off,2,51,3,False,0.026785714285714284,0.026785714285714284,0.2222222222222222,0.2222222222222222,0.76
recency,off,2,51,4,True,0.07564484126984126,0.07564484126984126,0.0,0.0,1.0
recency,off,2,51,5,False,0.056733630952380945,0.056733630952380945,0.07692307692307693,0.07692307692307693,0.88
recency,off,2,51,6,True,0.06178099244505494,0.061780992445054944,0.0,0.0,1.0
recency,off,2,51,7,False,0.04633574433379121,0.04633574433379121,0.125,0.125,0.8235294117647058
recency,off,2,51,8,True,0.06600180825034341,0.06600180825034341,0.0,0.0,1.0
recency,off,2,51,9,False,0.04950135618775756,0.049501356187757556,0.26666666666666666,0.26666666666666666,0.8064516129032258
recency,off,2,51,10,True,0.10379268380748483,0.10379268380748483,0.0,0.0,1.0
recency,off,2,51,11,False,0.07784451285561363,0.07784451285561361,0.15384615384615385,0.15384615384615385,0.8620689655172413
recency,off,2,51,12,True,0.09684492310324867,0.09684492310324867,0.0,0.0,1.0
recency,off,2,51,13,False,0.07263369232743651,0.07263369232743651,0.3,0.3,0.7857142857142857
recency,off,2,51,14,True,0.1294752692455774,0.1294752692455774,0.0,0.0,1.0
recency,off,2,51,15,False,0.09710645193418303,0.09710645193418305,0.23076923076923078,0.23076923076923078,0.84
recency,off,2,51,16,True,0.13052214664294498,0.13052214664294498,0.0,0.0,1.0
recency,off,2,51,17,False,0.09789160998220874,0.09789160998220874,0.1111111111111111,0.1111111111111111,0.8571428571428571
recency,off,2,51,18,True,0.10119648526443432,0.10119648526443432,0.0,0.0,1.0
recency,off,2,51,19,False,0.07589736394832573,0.07589736394832575,0.2,0.2,0.782608695652174
recency,off,2,51,20,True,0.10692302296124431,0.10692302296124431,0.0,0.0,1.0
recency,off,2,51,21,False,0.08019226722093323,0.08019226722093323,0.3,0.3,0.8571428571428571
recency,off,2,51,22,True,0.1351442004156999,0.1351442004156999,0.0,0.0,1.0
recency,off,2,51,23,False,0.10135815031177493,0.10135815031177493,0.2,0.2,0.8823529411764706
recency,off,2,51,24,True,0.1260186127338312,0.1260186127338312,0.0,0.0,1.0
recency,off,2,51,25,False,0.09451395955037338,0.0945139595503734,0.35714285714285715,0.35714285714285715,0.8
recency,off,2,51,26,True,0.16017118394849433,0.16017118394849433,0.0,0.0,1.0
recency,off,2,51,27,False,0.12012838796137075,0.12012838796137075,0.25,0.25,0.782608695652174
recency,off,2,51,28,True,0.15259629097102806,0.15259629097102806,0.0,0.0,1.0
recency,off,2,51,29,False,0.11444721822827104,0.11444721822827104,0.07692307692307693,0.07692307692307693,0.8461538461538461
recency,off,2,51,30,True,0.10506618290197252,0.10506618290197252,0.0,0.0,1.0
recency,off,2,51,31,False,0.07879963717647939,0.07879963717647939,0.25,0.25,0.8
recency,off,2,51,32,True,0.12159972788235954,0.12159972788235954,0.0,0.0,1.0
recency,off,2,51,33,False,0.09119979591176966,0.09119979591176966,0.0,0.0,0.96
recency,off,2,51,34,True,0.06839984693382725,0.06839984693382725,0.0,0.0,1.0
recency,off,2,51,35,False,0.05129988520037044,0.05129988520037044,0.2,0.2,0.7727272727272727
recency,off,2,51,36,True,0.08847491390027784,0.08847491390027784,0.0,0.0,1.0
recency,off,2,51,37,False,0.06635618542520838,0.06635618542520838,0.07142857142857142,0.07142857142857142,0.9285714285714286
recency,off,2,51,38,True,0.06762428192604913,0.06762428192604913,0.0,0.0,1.0
recency,off,2,51,39,False,0.05071821144453685,0.05071821144453685,0.125,0.125,0.85
recency,on,0,42,0,False,0.0,0.0,0.0,0.0,1.0
recency,on,0,42,1,False,0.0,0.0,0.0,0.0,0.95
recency,on,0,42,2,False,0.0,0.0,0.0,0.0,0.95
recency,on,0,42,3,False,0.0,0.0,0.0,0.0,0.9523809523809523
recency,on,0,42,4,False,0.0,0.0,0.0,0.0,0.9545454545454546
recency,on,0,42,5,False,0.0,0.0,0.0,0.0,0.9565217391304348
recency,on,0,42,6,False,0.0,0.0,0.0,0.0,0.9583333333333334
recency,on,0,42,7,False,0.0,0.0,0.0,0.0,0.9615384615384616
recency,on,0,42,8,False,0.0,0.0,0.0,0.0,0.9285714285714286
recency,on,0,42,9,False,0.0,0.0,0.0,0.0,0.9333333333333333
recency,on,0,42,10,False,0.0,0.0,0.0,0.0,0.9375
recency,on,0,42,11,False,0.0,0.0,0.0,0.0,0.9428571428571428
recency,on,0,42,12,False,0.0,0.0,0.0,0.0,0.9459459459459459
recency,on,0,42,13,False,0.0,0.0,0.0,0.0,0.9473684210526315
recency,on,0,42,14,False,0.0,0.0,0.05263157894736842,0.05263157894736842,0.925
recency,on,0,42,15,False,0.013157894736842105,0.013157894736842105,0.05263157894736842,0.05263157894736842,0.9285714285714286
recency,on,0,42,16,False,0.023026315789473683,0.023026315789473683,0.05,0.05,0.9302325581395349
recency,on,0,42,17,False,0.029769736842105262,0.029769736842105262,0.05,0.047619047619047616,0.9111111111111111
recency,on,0,42,18,False,0.034827302631578946,0.034827302631578946,0.05,0.045454545454545456,0.9130434782608695
recency,on,0,42,19,False,0.03862047697368421,0.03862047697368421,0.05,0.045454545454545456,0.9130434782608695
recency,on,0,42,20,False,0.041465357730263164,0.041465357730263164,0.05,0.045454545454545456,0.9148936170212766
recency,on,0,42,21,False,0.04359901829769737,0.04359901829769737,0.05,0.043478260869565216,0.9183673469387755
recency,on,0,42,22,False,0.04519926372327303,0.04519926372327303,0.1,0.08333333333333333,0.9038461538461539
recency,on,0,42,23,False,0.05889944779245477,0.05889944779245477,0.1,0.08333333333333333,0.9038461538461539
recency,on,0,42,24,False,0.06917458584434108,0.06917458584434108,0.1,0.08333333333333333,0.9038461538461539
recency,on,0,42,25,False,0.07688093938325581,0.07688093938325581,0.1,0.08333333333333333,0.9056603773584906
recency,on,0,42,26,False,0.08266070453744187,0.08266070453744187,0.1,0.08,0.9090909090909091
recency,on,0,42,27,False,0.0869955284030814,0.0869955284030814,0.1,0.08,0.9090909090909091
recency,on,0,42,28,False,0.09024664630231105,0.09024664630231105,0.1,0.08,0.8928571428571429
recency,on,0,42,29,False,0.09268498472673328,0.09268498472673328,0.1,0.07407407407407407,0.896551724137931
recency,on,0,42,30,False,0.09451373854504996,0.09451373854504996,0.1,0.07142857142857142,0.9
recency,on,0,42,31,False,0.09588530390878747,0.09588530390878747,0.1,0.06666666666666667,0.9032258064516129
recency,on,0,42,32,False,0.0969139779315906,0.0969139779315906,0.1,0.06451612903225806,0.9047619047619048
recency,on,0,42,33,False,0.09768548344869295,0.09768548344869293,0.1,0.06060606060606061,0.9090909090909091
recency,on,0,42,34,False,0.09826411258651971,0.09826411258651971,0.1,0.05714285714285714,0.9117647058823529
recency,on,0,42,35,False,0.09869808443988978,0.09869808443988978,0.1,0.05714285714285714,0.9117647058823529
recency,on,0,42,36,False,0.09902356332991732,0.09902356332991732,0.15,0.08108108108108109,0.9
recency,on,0,42,37,False,0.11176767249743799,0.11176767249743799,0.15,0.1,0.8918918918918919
recency,on,0,42,38,False,0.12132575437307849,0.12132575437307849,0.15,0.09523809523809523,0.8961038961038961
recency,on,0,42,39,False,0.12849431577980888,0.12849431577980888,0.15,0.09523809523809523,0.8974358974358975
recency,on,0,43,0,False,0.0,0.0,0.0,0.0,1.0
recency,on,0,43,1,False,0.0,0.0,0.0,0.0,1.0
recency,on,0,43,2,False,0.0,0.0,0.0,0.0,1.0
recency,on,0,43,3,False,0.0,0.0,0.0,0.0,0.96
recency,on,0,43,4,False,0.0,0.0,0.0,0.0,0.96
recency,on,0,43,5,False,0.0,0.0,0.0,0.0,0.9615384615384616
recency,on,0,43,6,False,0.0,0.0,0.0,0.0,0.9642857142857143
recency,on,0,43,7,False,0.0,0.0,0.0,0.0,0.96875
recency,on,0,43,8,False,0.0,0.0,0.0,0.0,0.9705882352941176
recency,on,0,43,9,False,0.0,0.0,0.0,0.0,0.9714285714285714
recency,on,0,43,10,False,0.0,0.0,0.0,0.0,0.9714285714285714
recency,on,0,43,11,False,0.0,0.0,0.0,0.0,0.9714285714285714
recency,on,0,43,12,False,0.0,0.0,0.0,0.0,0.972972972972973
recency,on,0,43,13,False,0.0,0.0,0.0,0.0,0.9736842105263158
recency,on,0,43,14,False,0.0,0.0,0.0,0.0,0.9736842105263158
recency,on,0,43,15,False,0.0,0.0,0.0,0.0,0.9743589743589743
recency,on,0,43,16,False,0.0,0.0,0.0,0.0,0.9743589743589743
recency,on,0,43,17,False,0.0,0.0,0.0,0.0,0.975
recency,on,0,43,18,False,0.0,0.0,0.0,0.0,0.975609756097561
recency,on,0,43,19,False,0.0,0.0,0.0,0.0,0.9767441860465116
recency,on,0,43,20,False,0.0,0.0,0.0,0.0,0.9767441860465116
recency,on,0,43,21,False,0.0,0.0,0.0,0.0,0.9767441860465116
recency,on,0,43,22,False,0.0,0.0,0.0,0.0,0.9772727272727273
recency,on,0,43,23,False,0.0,0.0,0.0,0.0,0.9772727272727273
recency,on,0,43,24,False,0.0,0.0,0.0,0.0,0.9777777777777777
recency,on,0,43,25,False,0.0,0.0,0.0,0.0,0.9782608695652174
recency,on,0,43,26,False,0.0,0.0,0.0,0.0,0.98
recency,on,0,43,27,False,0.0,0.0,0.0,0.0,0.9807692307692307
recency,on,0,43,28,False,0.0,0.0,0.0,0.0,0.9818181818181818
recency,on,0,43,29,False,0.0,0.0,0.0,0.0,0.9818181818181818
recency,on,0,43,30,False,0.0,0.0,0.0,0.0,0.9824561403508771
recency,on,0,43,31,False,0.0,0.0,0.0,0.0,0.9833333333333333
recency,on,0,43,32,False,0.0,0.0,0.0,0.0,0.9833333333333333
recency,on,0,43,33,False,0.0,0.0,0.0,0.0,0.9838709677419355
recency,on,0,43,34,False,0.0,0.0,0.05,0.02857142857142857,0.9682539682539683
recency,on,0,43,35,False,0.0125,0.0125,0.1,0.05405405405405406,0.9538461538461539
recency,on,0,43,36,False,0.034375,0.034375,0.1,0.05263157894736842,0.9552238805970149
recency,on,0,43,37,False,0.05078125,0.05078125,0.1,0.05128205128205128,0.9558823529411765
recency,on,0,43,38,False,0.0630859375,0.0630859375,0.15,0.07317073170731707,0.9428571428571428
recency,on,0,43,39,False,0.084814453125,0.084814453125,0.15,0.07317073170731707,0.9436619718309859
recency,on,0,44,0,False,0.0,0.0,0.0,0.0,1.0
recency,on,0,44,1,False,0.0,0.0,0.0,0.0,1.0
recency,on,0,44,2,False,0.0,0.0,0.0,0.0,0.9523809523809523
recency,on,0,44,3,False,0.0,0.0,0.0,0.0,0.9565217391304348
recency,on,0,44,4,False,0.0,0.0,0.0,0.0,0.92
recency,on,0,44,5,False,0.0,0.0,0.0,0.0,0.92
recency,on,0,44,6,False,0.0,0.0,0.08333333333333333,0.08333333333333333,0.8928571428571429
recency,on,0,44,7,False,0.020833333333333332,0.020833333333333332,0.125,0.125,0.875
recency,on,0,44,8,False,0.046875,0.046875,0.1111111111111111,0.1111111111111111,0.8823529411764706
recency,on,0,44,9,False,0.06293402777777778,0.06293402777777778,0.1111111111111111,0.1111111111111111,0.8857142857142857
recency,on,0,44,10,False,0.07497829861111109,0.0749782986111111,0.15789473684210525,0.15789473684210525,0.8648648648648649
recency,on,0,44,11,False,0.09570740816885966,0.09570740816885964,0.15,0.15,0.8717948717948718
recency,on,0,44,12,False,0.10928055612664471,0.10928055612664472,0.2,0.17391304347826086,0.8571428571428571
recency,on,0,44,13,False,0.13196041709498355,0.13196041709498355,0.2,0.17391304347826086,0.8604651162790697
recency,on,0,44,14,False,0.14897031282123768,0.14897031282123768,0.2,0.17391304347826086,0.8604651162790697
recency,on,0,44,15,False,0.16172773461592826,0.16172773461592826,0.2,0.17391304347826086,0.8604651162790697
recency,on,0,44,16,False,0.17129580096194616,0.1712958009619462,0.2,0.16666666666666666,0.8636363636363636
recency,on,0,44,17,False,0.17847185072145968,0.17847185072145966,0.2,0.16666666666666666,0.8636363636363636
recency,on,0,44,18,False,0.18385388804109476,0.18385388804109476,0.2,0.16,0.8666666666666667
recency,on,0,44,19,False,0.18789041603082107,0.18789041603082107,0.25,0.18518518518518517,0.8541666666666666
recency,on,0,44,20,False,0.20341781202311582,0.20341781202311582,0.25,0.18518518518518517,0.8571428571428571
recency,on,0,44,21,False,0.21506335901733684,0.21506335901733686,0.3,0.20689655172413793,0.8461538461538461
recency,on,0,44,22,False,0.23629751926300263,0.23629751926300263,0.3,0.20689655172413793,0.8461538461538461
recency,on,0,44,23,False,0.252223139447252,0.252223139447252,0.3,0.1935483870967742,0.8518518518518519
recency,on,0,44,24,False,0.264167354585439,0.264167354585439,0.3,0.1935483870967742,0.8518518518518519
recency,on,0,44,25,False,0.27312551593907924,0.27312551593907924,0.3,0.1935483870967742,0.8518518518518519
recency,on,0,44,26,False,0.27984413695430943,0.27984413695430943,0.3,0.1935483870967742,0.8545454545454545
recency,on,0,44,27,False,0.2848831027157321,0.2848831027157321,0.3,0.1935483870967742,0.8545454545454545
recency,on,0,44,28,False,0.28866232703679906,0.28866232703679906,0.25,0.1875,0.8571428571428571
recency,on,0,44,29,False,0.2789967452775993,0.2789967452775993,0.25,0.1875,0.8571428571428571
recency,on,0,44,30,False,0.27174755895819946,0.27174755895819946,0.25,0.18181818181818182,0.8596491228070176
recency,on,0,44,31,False,0.2663106692186496,0.2663106692186496,0.2,0.17142857142857143,0.864406779661017
recency,on,0,44,32,False,0.24973300191398717,0.24973300191398717,0.2,0.16216216216216217,0.8709677419354839
recency,on,0,44,33,False,0.23729975143549037,0.23729975143549037,0.2,0.15789473684210525,0.873015873015873
recency,on,0,44,34,False,0.22797481357661775,0.22797481357661775,0.2,0.15789473684210525,0.873015873015873
recency,on,0,44,35,False,0.2209811101824633,0.2209811101824633,0.2,0.15789473684210525,0.873015873015873
recency,on,0,44,36,False,0.21573583263684748,0.21573583263684748,0.15,0.15384615384615385,0.875
recency,on,0,44,37,False,0.19930187447763562,0.19930187447763562,0.15,0.15384615384615385,0.875
recency,on,0,44,38,False,0.18697640585822675,0.18697640585822672,0.15,0.15,0.8787878787878788
recency,on,0,44,39,False,0.17773230439367005,0.17773230439367005,0.1,0.14285714285714285,0.8840579710144928
recency,on,0,45,0,False,0.0,0.0,0.0,0.0,1.0
recency,on,0,45,1,False,0.0,0.0,0.0,0.0,1.0
recency,on,0,45,2,False,0.0,0.0,0.0,0.0,1.0
recency,on,0,45,3,False,0.0,0.0,0.0,0.0,1.0
recency,on,0,45,4,False,0.0,0.0,0.0,0.0,1.0
recency,on,0,45,5,False,0.0,0.0,0.0,0.0,1.0
recency,on,0,45,6,False,0.0,0.0,0.0,0.0,1.0
recency,on,0,45,7,False,0.0,0.0,0.0,0.0,1.0
recency,on,0,45,8,False,0.0,0.0,0.0,0.0,1.0
recency,on,0,45,9,False,0.0,0.0,0.0,0.0,1.0
recency,on,0,45,10,False,0.0,0.0,0.0,0.0,1.0
recency,on,0,45,11,False,0.0,0.0,0.0,0.0,1.0
recency,on,0,45,12,False,0.0,0.0,0.0,0.0,1.0
recency,on,0,45,13,False,0.0,0.0,0.05,0.05,0.9736842105263158
recency,on,0,45,14,False,0.0125,0.0125,0.05,0.05,0.9743589743589743
recency,on,0,45,15,False,0.021875000000000002,0.021875000000000002,0.05,0.05,0.9743589743589743
recency,on,0,45,16,False,0.02890625,0.02890625,0.05,0.045454545454545456,0.975609756097561
recency,on,0,45,17,False,0.0341796875,0.0341796875,0.05,0.043478260869565216,0.9767441860465116
recency,on,0,45,18,False,0.038134765625,0.038134765625,0.05,0.043478260869565216,0.9767441860465116
recency,on,0,45,19,False,0.04110107421875,0.04110107421875,0.05,0.041666666666666664,0.9777777777777777
recency,on,0,45,20,False,0.04332580566406249,0.043325805664062494,0.1,0.07692307692307693,0.9574468085106383
recency,on,0,45,21,False,0.05749435424804687,0.05749435424804687,0.1,0.07142857142857142,0.9591836734693877
recency,on,0,45,22,False,0.06812076568603515,0.06812076568603515,0.1,0.06666666666666667,0.9607843137254902
recency,on,0,45,23,False,0.07609057426452637,0.07609057426452637,0.1,0.06451612903225806,0.9615384615384616
recency,on,0,45,24,False,0.08206793069839477,0.08206793069839477,0.15,0.08823529411764706,0.9454545454545454
recency,on,0,45,25,False,0.09905094802379608,0.09905094802379608,0.2,0.11428571428571428,0.9285714285714286
recency,on,0,45,26,False,0.12428821101784705,0.12428821101784705,0.2,0.11428571428571428,0.9285714285714286
recency,on,0,45,27,False,0.1432161582633853,0.1432161582633853,0.2,0.10810810810810811,0.9310344827586207
recency,on,0,45,28,False,0.15741211869753896,0.15741211869753896,0.25,0.1282051282051282,0.9180327868852459
recency,on,0,45,29,False,0.18055908902315418,0.1805590890231542,0.2,0.12195121951219512,0.9206349206349206
recency,on,0,45,30,False,0.18541931676736567,0.18541931676736567,0.2,0.12195121951219512,0.9206349206349206
recency,on,0,45,31,False,0.18906448757552424,0.18906448757552424,0.2,0.12195121951219512,0.9230769230769231
recency,on,0,45,32,False,0.19179836568164316,0.19179836568164316,0.2,0.11363636363636363,0.9264705882352942
recency,on,0,45,33,False,0.19384877426123234,0.19384877426123237,0.2,0.11363636363636363,0.9264705882352942
recency,on,0,45,34,False,0.1953865806959243,0.1953865806959243,0.2,0.13333333333333333,0.9130434782608695
recency,on,0,45,35,False,0.1965399355219432,0.1965399355219432,0.2,0.13043478260869565,0.9142857142857143
recency,on,0,45,36,False,0.19740495164145738,0.19740495164145738,0.2,0.125,0.9166666666666666
recency,on,0,45,37,False,0.198053713731093,0.19805371373109304,0.2,0.125,0.9166666666666666
recency,on,0,45,38,False,0.1985402852983198,0.1985402852983198,0.2,0.12244897959183673,0.9178082191780822
recency,on,0,45,39,False,0.1989052139737398,0.19890521397373984,0.15,0.11320754716981132,0.922077922077922
recency,on,0,46,0,False,0.0,0.0,0.0,0.0,1.0
recency,on,0,46,1,False,0.0,0.0,0.0,0.0,1.0
recency,on,0,46,2,False,0.0,0.0,0.0,0.0,1.0
recency,on,0,46,3,False,0.0,0.0,0.0,0.0,1.0
recency,on,0,46,4,False,0.0,0.0,0.0,0.0,1.0
recency,on,0,46,5,False,0.0,0.0,0.0,0.0,1.0
recency,on,0,46,6,False,0.0,0.0,0.0,0.0,1.0
recency,on,0,46,7,False,0.0,0.0,0.0,0.0,1.0
recency,on,0,46,8,False,0.0,0.0,0.0,0.0,1.0
recency,on,0,46,9,False,0.0,0.0,0.14285714285714285,0.14285714285714285,0.9354838709677419
recency,on,0,46,10,False,0.03571428571428571,0.03571428571428571,0.17647058823529413,0.17647058823529413,0.9117647058823529
recency,on,0,46,11,False,0.07090336134453781,0.07090336134453781,0.17647058823529413,0.17647058823529413,0.9166666666666666
recency,on,0,46,12,False,0.09729516806722689,0.09729516806722689,0.16666666666666666,0.16666666666666666,0.9210526315789473
recency,on,0,46,13,False,0.11463804271708684,0.11463804271708683,0.16666666666666666,0.16666666666666666,0.9230769230769231
recency,on,0,46,14,False,0.1276451987044818,0.1276451987044818,0.16666666666666666,0.16666666666666666,0.9230769230769231
recency,on,0,46,15,False,0.137400565695028,0.137400565695028,0.16666666666666666,0.16666666666666666,0.9230769230769231
recency,on,0,46,16,False,0.14471709093793766,0.14471709093793766,0.2,0.2,0.9024390243902439
recency,on,0,46,17,False,0.15853781820345322,0.15853781820345325,0.2,0.2,0.9069767441860465
recency,on,0,46,18,False,0.16890336365258993,0.16890336365258996,0.2,0.2,0.9069767441860465
recency,on,0,46,19,False,0.17667752273944246,0.17667752273944248,0.2,0.2,0.9069767441860465
recency,on,0,46,20,False,0.1825081420545819,0.18250814205458188,0.2,0.2,0.9090909090909091
recency,on,0,46,21,False,0.18688110654093643,0.18688110654093643,0.2,0.19047619047619047,0.9090909090909091
recency,on,0,46,22,False,0.19016082990570232,0.19016082990570232,0.2,0.19047619047619047,0.9090909090909091
recency,on,0,46,23,False,0.19262062242927674,0.19262062242927674,0.2,0.18181818181818182,0.9111111111111111
recency,on,0,46,24,False,0.1944654668219575,0.19446546682195753,0.2,0.17391304347826086,0.9148936170212766
recency,on,0,46,25,False,0.19584910011646817,0.19584910011646817,0.2,0.14814814814814814,0.92
recency,on,0,46,26,False,0.19688682508735114,0.1968868250873511,0.2,0.14814814814814814,0.9215686274509803
recency,on,0,46,27,False,0.19766511881551335,0.19766511881551335,0.2,0.14285714285714285,0.9230769230769231
recency,on,0,46,28,False,0.198248839111635,0.198248839111635,0.2,0.13333333333333333,0.9259259259259259
recency,on,0,46,29,False,0.19868662933372622,0.19868662933372622,0.2,0.13333333333333333,0.9259259259259259
recency,on,0,46,30,False,0.19901497200029467,0.19901497200029467,0.2,0.13333333333333333,0.9259259259259259
recency,on,0,46,31,False,0.19926122900022097,0.19926122900022097,0.2,0.13333333333333333,0.9259259259259259
recency,on,0,46,32,False,0.1994459217501657,0.19944592175016573,0.2,0.13333333333333333,0.9259259259259259
recency,on,0,46,33,False,0.1995844413126243,0.19958444131262432,0.2,0.13333333333333333,0.9272727272727272
recency,on,0,46,34,False,0.19968833098446823,0.19968833098446825,0.2,0.13333333333333333,0.9272727272727272
recency,on,0,46,35,False,0.19976624823835124,0.1997662482383512,0.2,0.13333333333333333,0.9272727272727272
recency,on,0,46,36,False,0.19982468617876342,0.19982468617876342,0.25,0.16129032258064516,0.9122807017543859
recency,on,0,46,37,False,0.21236851463407258,0.21236851463407258,0.25,0.17647058823529413,0.9
recency,on,0,46,38,False,0.22177638597555444,0.22177638597555444,0.2,0.17142857142857143,0.9032258064516129
recency,on,0,46,39,False,0.21633228948166586,0.21633228948166583,0.2,0.17142857142857143,0.9047619047619048
recency,on,0,47,0,False,0.0,0.0,0.0,0.0,1.0
recency,on,0,47,1,False,0.0,0.0,0.1111111111111111,0.1111111111111111,0.9565217391304348
recency,on,0,47,2,False,0.027777777777777773,0.027777777777777776,0.1,0.1,0.96
recency,on,0,47,3,False,0.04583333333333334,0.04583333333333334,0.1,0.1,0.96
recency,on,0,47,4,False,0.059375000000000004,0.059375000000000004,0.1,0.1,0.96
recency,on,0,47,5,False,0.06953125,0.06953125,0.1,0.1,0.96
recency,on,0,47,6,False,0.0771484375,0.0771484375,0.08333333333333333,0.08333333333333333,0.9629629629629629
recency,on,0,47,7,False,0.07869466145833333,0.07869466145833333,0.08333333333333333,0.08333333333333333,0.9642857142857143
recency,on,0,47,8,False,0.07985432942708333,0.07985432942708333,0.07142857142857142,0.07142857142857142,0.9666666666666667
recency,on,0,47,9,False,0.07774788992745536,0.07774788992745535,0.06666666666666667,0.06666666666666667,0.967741935483871
recency,on,0,47,10,False,0.07497758411225817,0.07497758411225817,0.0625,0.0625,0.9714285714285714
recency,on,0,47,11,False,0.07185818808419363,0.07185818808419363,0.0625,0.0625,0.9714285714285714
recency,on,0,47,12,False,0.06951864106314522,0.06951864106314522,0.0625,0.0625,0.9714285714285714
recency,on,0,47,13,False,0.06776398079735892,0.06776398079735892,0.058823529411764705,0.058823529411764705,0.972972972972973
recency,on,0,47,14,False,0.06552886795096037,0.06552886795096037,0.1111111111111111,0.1111111111111111,0.9473684210526315
recency,on,0,47,15,False,0.07692442874099806,0.07692442874099806,0.10526315789473684,0.10526315789473684,0.9512195121951219
recency,on,0,47,16,False,0.08400911102943276,0.08400911102943276,0.1,0.1,0.9534883720930233
recency,on,0,47,17,False,0.08800683327207456,0.08800683327207456,0.1,0.1,0.9545454545454546
recency,on,0,47,18,False,0.09100512495405591,0.09100512495405591,0.1,0.09523809523809523,0.9555555555555556
recency,on,0,47,19,False,0.09325384371554193,0.09325384371554193,0.1,0.09090909090909091,0.9565217391304348
recency,on,0,47,20,False,0.09494038278665647,0.09494038278665645,0.1,0.09090909090909091,0.9565217391304348
recency,on,0,47,21,False,0.09620528708999235,0.09620528708999235,0.1,0.09090909090909091,0.9574468085106383
recency,on,0,47,22,False,0.09715396531749428,0.09715396531749426,0.1,0.08695652173913043,0.9387755102040817
recency,on,0,47,23,False,0.0978654739881207,0.0978654739881207,0.2,0.14814814814814814,0.9074074074074074
recency,on,0,47,24,False,0.12339910549109052,0.12339910549109052,0.2,0.14814814814814814,0.9107142857142857
recency,on,0,47,25,False,0.1425493291183179,0.1425493291183179,0.2,0.14814814814814814,0.9107142857142857
recency,on,0,47,26,False,0.15691199683873844,0.15691199683873844,0.2,0.14814814814814814,0.9107142857142857
recency,on,0,47,27,False,0.16768399762905384,0.16768399762905384,0.25,0.17857142857142858,0.896551724137931
recency,on,0,47,28,False,0.18826299822179035,0.18826299822179038,0.2,0.16129032258064516,0.8870967741935484
recency,on,0,47,29,False,0.19119724866634277,0.1911972486663428,0.2,0.16129032258064516,0.890625
recency,on,0,47,30,False,0.19339793649975712,0.19339793649975712,0.2,0.16129032258064516,0.890625
recency,on,0,47,31,False,0.1950484523748178,0.19504845237481783,0.2,0.16129032258064516,0.890625
recency,on,0,47,32,False,0.1962863392811134,0.1962863392811134,0.2,0.16129032258064516,0.890625
recency,on,0,47,33,False,0.19721475446083506,0.19721475446083503,0.2,0.15151515151515152,0.8955223880597015
recency,on,0,47,34,False,0.1979110658456263,0.1979110658456263,0.25,0.17142857142857143,0.8840579710144928
recency,on,0,47,35,False,0.21093329938421973,0.21093329938421973,0.25,0.18421052631578946,0.875
recency,on,0,47,36,False,0.2206999745381648,0.2206999745381648,0.25,0.175,0.8783783783783784
recency,on,0,47,37,False,0.2280249809036236,0.2280249809036236,0.25,0.175,0.88
recency,on,0,47,38,False,0.2335187356777177,0.2335187356777177,0.25,0.175,0.88
recency,on,0,47,39,False,0.23763905175828826,0.23763905175828826,0.25,0.175,0.88
recency,on,0,48,0,False,0.0,0.0,0.0,0.0,1.0
recency,on,0,48,1,False,0.0,0.0,0.0,0.0,0.9444444444444444
recency,on,0,48,2,False,0.0,0.0,0.0,0.0,0.95
recency,on,0,48,3,False,0.0,0.0,0.125,0.125,0.9047619047619048
recency,on,0,48,4,False,0.03125,0.03125,0.1,0.1,0.9130434782608695
recency,on,0,48,5,False,0.0484375,0.0484375,0.1,0.1,0.9166666666666666
recency,on,0,48,6,False,0.061328125000000004,0.061328125000000004,0.09090909090909091,0.09090909090909091,0.92
recency,on,0,48,7,False,0.06872336647727273,0.06872336647727273,0.09090909090909091,0.09090909090909091,0.9230769230769231
recency,on,0,48,8,False,0.07426979758522727,0.07426979758522728,0.07692307692307693,0.07692307692307693,0.9310344827586207
recency,on,0,48,9,False,0.0749331174196897,0.0749331174196897,0.07142857142857142,0.07142857142857142,0.9375
recency,on,0,48,10,False,0.07405698092191013,0.07405698092191013,0.07142857142857142,0.07142857142857142,0.9393939393939394
recency,on,0,48,11,False,0.07339987854857545,0.07339987854857545,0.13333333333333333,0.13333333333333333,0.9142857142857143
recency,on,0,48,12,False,0.08838324224476493,0.08838324224476493,0.13333333333333333,0.13333333333333333,0.918918918918919
recency,on,0,48,13,False,0.09962076501690705,0.09962076501690703,0.13333333333333333,0.13333333333333333,0.9230769230769231
recency,on,0,48,14,False,0.10804890709601363,0.10804890709601361,0.13333333333333333,0.13333333333333333,0.925
recency,on,0,48,15,False,0.11437001365534354,0.11437001365534355,0.125,0.125,0.9302325581395349
recency,on,0,48,16,False,0.11702751024150766,0.11702751024150766,0.125,0.125,0.9318181818181818
recency,on,0,48,17,False,0.11902063268113075,0.11902063268113075,0.11764705882352941,0.11764705882352941,0.9333333333333333
recency,on,0,48,18,False,0.11867723921673043,0.11867723921673043,0.1111111111111111,0.1111111111111111,0.9347826086956522
recency,on,0,48,19,False,0.11678570719032559,0.11678570719032559,0.10526315789473684,0.10526315789473684,0.9387755102040817
recency,on,0,48,20,False,0.11390506986642841,0.1139050698664284,0.1,0.1,0.94
recency,on,0,48,21,False,0.11042880239982131,0.11042880239982131,0.15,0.14285714285714285,0.9215686274509803
recency,on,0,48,22,False,0.12032160179986598,0.12032160179986598,0.15,0.13636363636363635,0.9230769230769231
recency,on,0,48,23,False,0.1277412013498995,0.1277412013498995,0.15,0.13043478260869565,0.9245283018867925
recency,on,0,48,24,False,0.13330590101242462,0.13330590101242462,0.15,0.13043478260869565,0.9074074074074074
recency,on,0,48,25,False,0.13747942575931846,0.13747942575931846,0.15,0.11538461538461539,0.9137931034482759
recency,on,0,48,26,False,0.14060956931948884,0.14060956931948884,0.15,0.11538461538461539,0.9137931034482759
recency,on,0,48,27,False,0.1429571769896166,0.14295717698961663,0.15,0.1111111111111111,0.9
recency,on,0,48,28,False,0.14471788274221248,0.14471788274221248,0.1,0.10344827586206896,0.9032258064516129
recency,on,0,48,29,False,0.13353841205665937,0.13353841205665937,0.1,0.10344827586206896,0.9032258064516129
recency,on,0,48,30,False,0.1251538090424945,0.1251538090424945,0.15,0.12903225806451613,0.890625
recency,on,0,48,31,False,0.1313653567818709,0.1313653567818709,0.15,0.12903225806451613,0.8955223880597015
recency,on,0,48,32,False,0.13602401758640317,0.13602401758640317,0.15,0.12903225806451613,0.8955223880597015
recency,on,0,48,33,False,0.1395180131898024,0.1395180131898024,0.15,0.12903225806451613,0.8955223880597015
recency,on,0,48,34,False,0.1421385098923518,0.1421385098923518,0.15,0.11764705882352941,0.9014084507042254
recency,on,0,48,35,False,0.1441038824192639,0.14410388241926386,0.15,0.1388888888888889,0.8904109589041096
recency,on,0,48,36,False,0.14557791181444793,0.1455779118144479,0.15,0.13513513513513514,0.8918918918918919
recency,on,0,48,37,False,0.1466834338608359,0.14668343386083593,0.2,0.15789473684210525,0.88
recency,on,0,48,38,False,0.16001257539562697,0.16001257539562697,0.2,0.15384615384615385,0.8717948717948718
recency,on,0,48,39,False,0.1700094315467202,0.1700094315467202,0.2,0.17073170731707318,0.8625
recency,on,0,49,0,False,0.0,0.0,0.0,0.0,1.0
recency,on,0,49,1,False,0.0,0.0,0.0,0.0,1.0
recency,on,0,49,2,False,0.0,0.0,0.0,0.0,1.0
recency,on,0,49,3,False,0.0,0.0,0.0,0.0,1.0
recency,on,0,49,4,False,0.0,0.0,0.1111111111111111,0.1111111111111111,0.96
recency,on,0,49,5,False,0.027777777777777773,0.027777777777777776,0.1111111111111111,0.1111111111111111,0.96
recency,on,0,49,6,False,0.048611111111111105,0.048611111111111105,0.1111111111111111,0.1111111111111111,0.96
recency,on,0,49,7,False,0.0642361111111111,0.0642361111111111,0.1111111111111111,0.1111111111111111,0.9615384615384616
recency,on,0,49,8,False,0.07595486111111109,0.0759548611111111,0.1111111111111111,0.1111111111111111,0.9629629629629629
recency,on,0,49,9,False,0.08474392361111109,0.0847439236111111,0.1111111111111111,0.1111111111111111,0.9655172413793104
recency,on,0,49,10,False,0.09133572048611109,0.0913357204861111,0.1111111111111111,0.1111111111111111,0.967741935483871
recency,on,0,49,11,False,0.09627956814236109,0.0962795681423611,0.18181818181818182,0.18181818181818182,0.9393939393939394
recency,on,0,49,12,False,0.11766422156131628,0.11766422156131628,0.18181818181818182,0.18181818181818182,0.9393939393939394
recency,on,0,49,13,False,0.13370271162553266,0.13370271162553266,0.18181818181818182,0.18181818181818182,0.9393939393939394
recency,on,0,49,14,False,0.14573157917369498,0.14573157917369495,0.16666666666666666,0.16666666666666666,0.9411764705882353
recency,on,0,49,15,False,0.15096535104693784,0.15096535104693787,0.15384615384615385,0.15384615384615385,0.9428571428571428
recency,on,0,49,16,False,0.15168555174674186,0.15168555174674186,0.14285714285714285,0.14285714285714285,0.9473684210526315
recency,on,0,49,17,False,0.1494784495243421,0.1494784495243421,0.13333333333333333,0.13333333333333333,0.9487179487179487
recency,on,0,49,18,False,0.14544217047658994,0.14544217047658992,0.13333333333333333,0.13333333333333333,0.9487179487179487
recency,on,0,49,19,False,0.14241496119077576,0.14241496119077576,0.13333333333333333,0.13333333333333333,0.95
recency,on,0,49,20,False,0.14014455422641514,0.14014455422641514,0.125,0.125,0.9534883720930233
recency,on,0,49,21,False,0.13635841566981136,0.13635841566981136,0.125,0.125,0.9555555555555556
recency,on,0,49,22,False,0.13351881175235852,0.13351881175235852,0.11764705882352941,0.11764705882352941,0.9574468085106383
recency,on,0,49,23,False,0.12955087352015124,0.12955087352015124,0.1111111111111111,0.1111111111111111,0.9583333333333334
recency,on,0,49,24,False,0.1249409329178912,0.1249409329178912,0.1,0.1,0.96
recency,on,0,49,25,False,0.1187056996884184,0.1187056996884184,0.1,0.09090909090909091,0.9615384615384616
recency,on,0,49,26,False,0.11402927476631379,0.1140292747663138,0.1,0.09090909090909091,0.9622641509433962
recency,on,0,49,27,False,0.11052195607473536,0.11052195607473536,0.1,0.08333333333333333,0.9636363636363636
recency,on,0,49,28,False,0.1078914670560515,0.10789146705605152,0.1,0.08,0.9642857142857143
recency,on,0,49,29,False,0.10591860029203863,0.10591860029203864,0.05,0.07142857142857142,0.9661016949152542
recency,on,0,49,30,False,0.09193895021902898,0.09193895021902898,0.05,0.06896551724137931,0.9666666666666667
recency,on,0,49,31,False,0.08145421266427173,0.08145421266427173,0.0,0.06451612903225806,0.967741935483871
recency,on,0,49,32,False,0.0610906594982038,0.0610906594982038,0.0,0.06451612903225806,0.9682539682539683
recency,on,0,49,33,False,0.045817994623652845,0.04581799462365285,0.0,0.06451612903225806,0.9682539682539683
recency,on,0,49,34,False,0.03436349596773964,0.03436349596773964,0.05,0.09090909090909091,0.9538461538461539
recency,on,0,49,35,False,0.038272621975804735,0.038272621975804735,0.05,0.09090909090909091,0.9545454545454546
recency,on,0,49,36,False,0.04120446648185355,0.04120446648185355,0.05,0.09090909090909091,0.9545454545454546
recency,on,0,49,37,False,0.04340334986139016,0.04340334986139016,0.1,0.11764705882352941,0.9411764705882353
recency,on,0,49,38,False,0.05755251239604262,0.05755251239604262,0.1,0.1111111111111111,0.9428571428571428
recency,on,0,49,39,False,0.06816438429703198,0.06816438429703198,0.2,0.15,0.9078947368421053
recency,on,0,50,0,False,0.0,0.0,0.0,0.0,1.0
recency,on,0,50,1,False,0.0,0.0,0.0,0.0,1.0
recency,on,0,50,2,False,0.0,0.0,0.0,0.0,1.0
recency,on,0,50,3,False,0.0,0.0,0.058823529411764705,0.058823529411764705,0.96
recency,on,0,50,4,False,0.014705882352941176,0.014705882352941176,0.05555555555555555,0.05555555555555555,0.9615384615384616
recency,on,0,50,5,False,0.02491830065359477,0.02491830065359477,0.05263157894736842,0.05263157894736842,0.9655172413793104
recency,on,0,50,6,False,0.031846620227038186,0.031846620227038186,0.05,0.05,0.967741935483871
recency,on,0,50,7,False,0.03638496517027864,0.036384965170278644,0.05,0.047619047619047616,0.9705882352941176
recency,on,0,50,8,False,0.03978872387770899,0.03978872387770899,0.05,0.047619047619047616,0.9705882352941176
recency,on,0,50,9,False,0.04234154290828174,0.04234154290828174,0.1,0.09090909090909091,0.9444444444444444
recency,on,0,50,10,False,0.056756157181211304,0.056756157181211304,0.1,0.09090909090909091,0.9459459459459459
recency,on,0,50,11,False,0.06756711788590848,0.06756711788590848,0.1,0.09090909090909091,0.9459459459459459
recency,on,0,50,12,False,0.07567533841443137,0.07567533841443136,0.1,0.08695652173913043,0.9487179487179487
recency,on,0,50,13,False,0.08175650381082353,0.08175650381082353,0.1,0.08695652173913043,0.9487179487179487
recency,on,0,50,14,False,0.08631737785811765,0.08631737785811765,0.1,0.08333333333333333,0.9523809523809523
recency,on,0,50,15,False,0.08973803339358824,0.08973803339358824,0.1,0.07407407407407407,0.9333333333333333
recency,on,0,50,16,False,0.0923035250451912,0.09230352504519118,0.1,0.07142857142857142,0.9347826086956522
recency,on,0,50,17,False,0.0942276437838934,0.0942276437838934,0.1,0.06666666666666667,0.9375
recency,on,0,50,18,False,0.09567073283792005,0.09567073283792005,0.1,0.06666666666666667,0.9375
recency,on,0,50,19,False,0.09675304962844003,0.09675304962844003,0.1,0.06666666666666667,0.9375
recency,on,0,50,20,False,0.09756478722133002,0.09756478722133002,0.1,0.06666666666666667,0.9375
recency,on,0,50,21,False,0.09817359041599752,0.09817359041599752,0.15,0.09375,0.92
recency,on,0,50,22,False,0.11113019281199817,0.11113019281199815,0.15,0.09090909090909091,0.9215686274509803
recency,on,0,50,23,False,0.12084764460899862,0.1208476446089986,0.15,0.09090909090909091,0.9230769230769231
recency,on,0,50,24,False,0.12813573345674895,0.12813573345674895,0.15,0.08571428571428572,0.9259259259259259
recency,on,0,50,25,False,0.1336018000925617,0.1336018000925617,0.2,0.1111111111111111,0.9107142857142857
recency,on,0,50,26,False,0.15020135006942126,0.15020135006942126,0.15,0.10526315789473684,0.9137931034482759
recency,on,0,50,27,False,0.15015101255206595,0.15015101255206595,0.15,0.1,0.9180327868852459
recency,on,0,50,28,False,0.15011325941404946,0.15011325941404946,0.15,0.0975609756097561,0.9193548387096774
recency,on,0,50,29,False,0.1500849445605371,0.1500849445605371,0.15,0.11627906976744186,0.90625
recency,on,0,50,30,False,0.1500637084204028,0.1500637084204028,0.15,0.11627906976744186,0.9076923076923077
recency,on,0,50,31,False,0.1500477813153021,0.1500477813153021,0.15,0.11627906976744186,0.9104477611940298
recency,on,0,50,32,False,0.15003583598647657,0.15003583598647657,0.15,0.11627906976744186,0.9117647058823529
recency,on,0,50,33,False,0.15002687698985742,0.15002687698985742,0.15,0.11627906976744186,0.9117647058823529
recency,on,0,50,34,False,0.1500201577423931,0.15002015774239308,0.15,0.11363636363636363,0.9142857142857143
recency,on,0,50,35,False,0.15001511830679481,0.15001511830679481,0.15,0.11363636363636363,0.9154929577464789
recency,on,0,50,36,False,0.15001133873009612,0.15001133873009612,0.2,0.13043478260869565,0.9054054054054054
recency,on,0,50,37,False,0.16250850404757214,0.1625085040475721,0.2,0.1276595744680851,0.9066666666666666
recency,on,0,50,38,False,0.1718813780356791,0.1718813780356791,0.2,0.125,0.9078947368421053
recency,on,0,50,39,False,0.17891103352675927,0.1789110335267593,0.2,0.125,0.9090909090909091
recency,on,0,51,0,False,0.0,0.0,0.0,0.0,1.0
recency,on,0,51,1,False,0.0,0.0,0.0,0.0,1.0
recency,on,0,51,2,False,0.0,0.0,0.0,0.0,1.0
recency,on,0,51,3,False,0.0,0.0,0.0,0.0,1.0
recency,on,0,51,4,False,0.0,0.0,0.0,0.0,1.0
recency,on,0,51,5,False,0.0,0.0,0.0,0.0,1.0
recency,on,0,51,6,False,0.0,0.0,0.0,0.0,1.0
recency,on,0,51,7,False,0.0,0.0,0.0,0.0,1.0
recency,on,0,51,8,False,0.0,0.0,0.05263157894736842,0.05263157894736842,0.975
recency,on,0,51,9,False,0.013157894736842105,0.013157894736842105,0.1,0.09090909090909091,0.9534883720930233
recency,on,0,51,10,False,0.034868421052631576,0.034868421052631576,0.1,0.09090909090909091,0.9555555555555556
recency,on,0,51,11,False,0.051151315789473684,0.051151315789473684,0.1,0.08333333333333333,0.9574468085106383
recency,on,0,51,12,False,0.06336348684210527,0.06336348684210527,0.1,0.07692307692307693,0.9591836734693877
recency,on,0,51,13,False,0.07252261513157895,0.07252261513157895,0.15,0.1111111111111111,0.94
recency,on,0,51,14,False,0.09189196134868423,0.09189196134868421,0.15,0.10714285714285714,0.9411764705882353
recency,on,0,51,15,False,0.10641897101151317,0.10641897101151315,0.15,0.10714285714285714,0.9411764705882353
recency,on,0,51,16,False,0.11731422825863487,0.11731422825863486,0.15,0.10344827586206896,0.9423076923076923
recency,on,0,51,17,False,0.12548567119397613,0.12548567119397613,0.15,0.1,0.9444444444444444
recency,on,0,51,18,False,0.1316142533954821,0.1316142533954821,0.15,0.1,0.9444444444444444
recency,on,0,51,19,False,0.13621069004661157,0.13621069004661157,0.2,0.12903225806451613,0.9272727272727272
recency,on,0,51,20,False,0.15215801753495867,0.15215801753495867,0.25,0.15151515151515152,0.9137931034482759
recency,on,0,51,21,False,0.17661851315121901,0.17661851315121901,0.25,0.15151515151515152,0.9137931034482759
recency,on,0,51,22,False,0.19496388486341426,0.19496388486341426,0.25,0.14705882352941177,0.9166666666666666
recency,on,0,51,23,False,0.2087229136475607,0.20872291364756068,0.3,0.17142857142857143,0.9047619047619048
recency,on,0,51,24,False,0.2315421852356705,0.2315421852356705,0.3,0.17142857142857143,0.9047619047619048
recency,on,0,51,25,False,0.24865663892675288,0.24865663892675288,0.3,0.17142857142857143,0.9047619047619048
recency,on,0,51,26,False,0.2614924791950647,0.2614924791950647,0.3,0.17142857142857143,0.9047619047619048
recency,on,0,51,27,False,0.2711193593962985,0.2711193593962985,0.35,0.1891891891891892,0.8939393939393939
recency,on,0,51,28,False,0.29083951954722387,0.29083951954722387,0.35,0.1891891891891892,0.8955223880597015
recency,on,0,51,29,False,0.30562963966041795,0.3056296396604179,0.3,0.18421052631578946,0.8985507246376812
recency,on,0,51,30,False,0.3042222297453134,0.30422222974531343,0.3,0.18421052631578946,0.9
recency,on,0,51,31,False,0.3031666723089851,0.3031666723089851,0.35,0.20512820512820512,0.8888888888888888
recency,on,0,51,32,False,0.3148750042317388,0.3148750042317388,0.35,0.20512820512820512,0.8888888888888888
recency,on,0,51,33,False,0.32365625317380403,0.3236562531738041,0.35,0.20512820512820512,0.8888888888888888
recency,on,0,51,34,False,0.33024218988035303,0.33024218988035303,0.35,0.20512820512820512,0.8888888888888888
recency,on,0,51,35,False,0.33518164241026477,0.33518164241026477,0.35,0.20512820512820512,0.8904109589041096
recency,on,0,51,36,False,0.33888623180769856,0.3388862318076986,0.35,0.20512820512820512,0.8918918918918919
recency,on,0,51,37,False,0.3416646738557739,0.3416646738557739,0.35,0.2,0.8947368421052632
recency,on,0,51,38,False,0.34374850539183044,0.34374850539183044,0.3,0.1951219512195122,0.8961038961038961
recency,on,0,51,39,False,0.33281137904387287,0.33281137904387287,0.3,0.18604651162790697,0.8987341772151899
recency,on,2,42,0,False,0.0,0.0,0.0,0.0,1.0
recency,on,2,42,1,False,0.0,0.0,0.0,0.0,0.95
recency,on,2,42,2,True,0.0,0.0,0.0,0.0,1.0
recency,on,2,42,3,False,0.0,0.0,0.0,0.0,1.0
recency,on,2,42,4,True,0.0,0.0,0.0,0.0,1.0
recency,on,2,42,5,False,0.0,0.0,0.0,0.0,1.0
recency,on,2,42,6,True,0.0,0.0,0.0,0.0,1.0
recency,on,2,42,7,False,0.0,0.0,0.125,0.125,0.9473684210526315
recency,on,2,42,8,True,0.03125,0.03125,0.0,0.0,1.0
recency,on,2,42,9,False,0.0234375,0.0234375,0.0,0.0,1.0
recency,on,2,42,10,True,0.017578125,0.017578125,0.0,0.0,1.0
recency,on,2,42,11,False,0.01318359375,0.01318359375,0.0,0.0,1.0
recency,on,2,42,12,True,0.0098876953125,0.0098876953125,0.0,0.0,1.0
recency,on,2,42,13,False,0.007415771484375,0.007415771484375,0.0,0.0,1.0
recency,on,2,42,14,True,0.00556182861328125,0.00556182861328125,0.0,0.0,1.0
recency,on,2,42,15,False,0.0041713714599609375,0.0041713714599609375,0.0,0.0,1.0
recency,on,2,42,16,True,0.003128528594970703,0.003128528594970703,0.0,0.0,1.0
recency,on,2,42,17,False,0.0023463964462280273,0.0023463964462280273,0.0,0.0,1.0
recency,on,2,42,18,True,0.0017597973346710205,0.0017597973346710205,0.0,0.0,1.0
recency,on,2,42,19,False,0.0013198480010032654,0.0013198480010032654,0.0,0.0,1.0
recency,on,2,42,20,True,0.000989886000752449,0.000989886000752449,0.0,0.0,1.0
recency,on,2,42,21,False,0.0007424145005643368,0.0007424145005643368,0.0,0.0,1.0
recency,on,2,42,22,True,0.0005568108754232526,0.0005568108754232526,0.0,0.0,1.0
recency,on,2,42,23,False,0.00041760815656743944,0.00041760815656743944,0.0,0.0,1.0
recency,on,2,42,24,True,0.0003132061174255796,0.0003132061174255796,0.0,0.0,1.0
recency,on,2,42,25,False,0.00023490458806918468,0.00023490458806918468,0.0,0.0,1.0
recency,on,2,42,26,True,0.0001761784410518885,0.0001761784410518885,0.0,0.0,1.0
recency,on,2,42,27,False,0.00013213383078891638,0.00013213383078891638,0.0,0.0,1.0
recency,on,2,42,28,True,9.910037309168729e-05,9.910037309168729e-05,0.0,0.0,1.0
recency,on,2,42,29,False,7.432527981876547e-05,7.432527981876547e-05,0.0,0.0,1.0
recency,on,2,42,30,True,5.57439598640741e-05,5.57439598640741e-05,0.0,0.0,1.0
recency,on,2,42,31,False,4.1807969898055575e-05,4.1807969898055575e-05,0.0,0.0,1.0
recency,on,2,42,32,True,3.135597742354168e-05,3.135597742354168e-05,0.0,0.0,1.0
recency,on,2,42,33,False,2.351698306765626e-05,2.351698306765626e-05,0.0,0.0,1.0
recency,on,2,42,34,True,1.7637737300742196e-05,1.7637737300742196e-05,0.0,0.0,1.0
recency,on,2,42,35,False,1.3228302975556647e-05,1.3228302975556647e-05,0.0,0.0,1.0
recency,on,2,42,36,True,9.921227231667485e-06,9.921227231667485e-06,0.0,0.0,1.0
recency,on,2,42,37,False,7.440920423750614e-06,7.440920423750614e-06,0.0,0.0,1.0
recency,on,2,42,38,True,5.58069031781296e-06,5.58069031781296e-06,0.0,0.0,1.0
recency,on,2,42,39,False,4.18551773835972e-06,4.18551773835972e-06,0.0,0.0,1.0
recency,on,2,43,0,False,0.0,0.0,0.0,0.0,1.0
recency,on,2,43,1,False,0.0,0.0,0.0,0.0,1.0
recency,on,2,43,2,True,0.0,0.0,0.0,0.0,1.0
recency,on,2,43,3,False,0.0,0.0,0.0,0.0,1.0
recency,on,2,43,4,True,0.0,0.0,0.0,0.0,1.0
recency,on,2,43,5,False,0.0,0.0,0.0,0.0,1.0
recency,on,2,43,6,True,0.0,0.0,0.0,0.0,1.0
recency,on,2,43,7,False,0.0,0.0,0.0,0.0,1.0
recency,on,2,43,8,True,0.0,0.0,0.0,0.0,1.0
recency,on,2,43,9,False,0.0,0.0,0.0,0.0,1.0
recency,on,2,43,10,True,0.0,0.0,0.0,0.0,1.0
recency,on,2,43,11,False,0.0,0.0,0.0,0.0,1.0
recency,on,2,43,12,True,0.0,0.0,0.0,0.0,1.0
recency,on,2,43,13,False,0.0,0.0,0.0,0.0,1.0
recency,on,2,43,14,True,0.0,0.0,0.0,0.0,1.0
recency,on,2,43,15,False,0.0,0.0,0.0,0.0,1.0
recency,on,2,43,16,True,0.0,0.0,0.0,0.0,1.0
recency,on,2,43,17,False,0.0,0.0,0.0,0.0,1.0
recency,on,2,43,18,True,0.0,0.0,0.0,0.0,1.0
recency,on,2,43,19,False,0.0,0.0,0.0,0.0,1.0
recency,on,2,43,20,True,0.0,0.0,0.0,0.0,1.0
recency,on,2,43,21,False,0.0,0.0,0.0,0.0,1.0
recency,on,2,43,22,True,0.0,0.0,0.0,0.0,1.0
recency,on,2,43,23,False,0.0,0.0,0.0,0.0,1.0
recency,on,2,43,24,True,0.0,0.0,0.0,0.0,1.0
recency,on,2,43,25,False,0.0,0.0,0.07142857142857142,0.07142857142857142,0.96
recency,on,2,43,26,True,0.017857142857142856,0.017857142857142856,0.0,0.0,1.0
recency,on,2,43,27,False,0.013392857142857142,0.013392857142857142,0.0,0.0,1.0
recency,on,2,43,28,True,0.010044642857142858,0.010044642857142856,0.0,0.0,1.0
recency,on,2,43,29,False,0.007533482142857142,0.007533482142857142,0.07692307692307693,0.07692307692307693,0.96
recency,on,2,43,30,True,0.024880880837912088,0.024880880837912088,0.0,0.0,1.0
recency,on,2,43,31,False,0.01866066062843406,0.018660660628434064,0.1111111111111111,0.1111111111111111,0.96
recency,on,2,43,32,True,0.04177327324910333,0.04177327324910332,0.0,0.0,1.0
recency,on,2,43,33,False,0.03132995493682749,0.03132995493682749,0.0,0.0,1.0
recency,on,2,43,34,True,0.023497466202620616,0.023497466202620616,0.0,0.0,1.0
recency,on,2,43,35,False,0.017623099651965464,0.017623099651965464,0.0,0.0,1.0
recency,on,2,43,36,True,0.013217324738974098,0.013217324738974098,0.0,0.0,1.0
recency,on,2,43,37,False,0.009912993554230573,0.009912993554230573,0.0,0.0,1.0
recency,on,2,43,38,True,0.007434745165672931,0.00743474516567293,0.0,0.0,1.0
recency,on,2,43,39,False,0.005576058874254697,0.005576058874254697,0.0,0.0,1.0
recency,on,2,44,0,False,0.0,0.0,0.0,0.0,1.0
recency,on,2,44,1,False,0.0,0.0,0.0,0.0,1.0
recency,on,2,44,2,True,0.0,0.0,0.0,0.0,1.0
recency,on,2,44,3,False,0.0,0.0,0.0,0.0,1.0
recency,on,2,44,4,True,0.0,0.0,0.0,0.0,1.0
recency,on,2,44,5,False,0.0,0.0,0.0,0.0,1.0
recency,on,2,44,6,True,0.0,0.0,0.0,0.0,1.0
recency,on,2,44,7,False,0.0,0.0,0.08333333333333333,0.08333333333333333,0.9565217391304348
recency,on,2,44,8,True,0.020833333333333332,0.020833333333333332,0.0,0.0,1.0
recency,on,2,44,9,False,0.015625,0.015625,0.0,0.0,1.0
recency,on,2,44,10,True,0.01171875,0.01171875,0.0,0.0,1.0
recency,on,2,44,11,False,0.0087890625,0.0087890625,0.0,0.0,1.0
recency,on,2,44,12,True,0.006591796875,0.006591796875,0.0,0.0,1.0
recency,on,2,44,13,False,0.00494384765625,0.00494384765625,0.0,0.0,1.0
recency,on,2,44,14,True,0.0037078857421875,0.0037078857421875,0.0,0.0,1.0
recency,on,2,44,15,False,0.002780914306640625,0.002780914306640625,0.0,0.0,1.0
recency,on,2,44,16,True,0.0020856857299804688,0.0020856857299804688,0.0,0.0,1.0
recency,on,2,44,17,False,0.0015642642974853516,0.0015642642974853516,0.0,0.0,1.0
recency,on,2,44,18,True,0.0011731982231140137,0.0011731982231140137,0.0,0.0,1.0
recency,on,2,44,19,False,0.0008798986673355103,0.0008798986673355103,0.0,0.0,1.0
recency,on,2,44,20,True,0.0006599240005016327,0.0006599240005016327,0.0,0.0,1.0
recency,on,2,44,21,False,0.0004949430003762245,0.0004949430003762245,0.0,0.0,1.0
recency,on,2,44,22,True,0.0003712072502821684,0.0003712072502821684,0.0,0.0,1.0
recency,on,2,44,23,False,0.0002784054377116263,0.0002784054377116263,0.0,0.0,1.0
recency,on,2,44,24,True,0.00020880407828371972,0.00020880407828371972,0.0,0.0,1.0
recency,on,2,44,25,False,0.0001566030587127898,0.0001566030587127898,0.0,0.0,1.0
recency,on,2,44,26,True,0.00011745229403459234,0.00011745229403459234,0.0,0.0,1.0
recency,on,2,44,27,False,8.808922052594426e-05,8.808922052594426e-05,0.1111111111111111,0.1111111111111111,0.9565217391304348
recency,on,2,44,28,True,0.02784384469317223,0.027843844693172234,0.0,0.0,1.0
recency,on,2,44,29,False,0.020882883519879176,0.020882883519879176,0.0,0.0,1.0
recency,on,2,44,30,True,0.015662162639909383,0.015662162639909383,0.0,0.0,1.0
recency,on,2,44,31,False,0.011746621979932037,0.011746621979932037,0.0,0.0,1.0
recency,on,2,44,32,True,0.008809966484949028,0.008809966484949028,0.0,0.0,1.0
recency,on,2,44,33,False,0.006607474863711771,0.006607474863711771,0.0,0.0,1.0
recency,on,2,44,34,True,0.004955606147783828,0.004955606147783828,0.0,0.0,1.0
recency,on,2,44,35,False,0.003716704610837871,0.003716704610837871,0.0,0.0,1.0
recency,on,2,44,36,True,0.0027875284581284033,0.0027875284581284033,0.0,0.0,1.0
recency,on,2,44,37,False,0.0020906463435963023,0.0020906463435963023,0.0,0.0,1.0
recency,on,2,44,38,True,0.001567984757697227,0.0015679847576972267,0.0,0.0,1.0
recency,on,2,44,39,False,0.00117598856827292,0.00117598856827292,0.0,0.0,1.0
recency,on,2,45,0,False,0.0,0.0,0.0,0.0,1.0
recency,on,2,45,1,False,0.0,0.0,0.0,0.0,1.0
recency,on,2,45,2,True,0.0,0.0,0.0,0.0,1.0
recency,on,2,45,3,False,0.0,0.0,0.0,0.0,1.0
recency,on,2,45,4,True,0.0,0.0,0.0,0.0,1.0
recency,on,2,45,5,False,0.0,0.0,0.0,0.0,1.0
recency,on,2,45,6,True,0.0,0.0,0.0,0.0,1.0
recency,on,2,45,7,False,0.0,0.0,0.0,0.0,1.0
recency,on,2,45,8,True,0.0,0.0,0.0,0.0,1.0
recency,on,2,45,9,False,0.0,0.0,0.0,0.0,1.0
recency,on,2,45,10,True,0.0,0.0,0.0,0.0,1.0
recency,on,2,45,11,False,0.0,0.0,0.0,0.0,1.0
recency,on,2,45,12,True,0.0,0.0,0.0,0.0,1.0
recency,on,2,45,13,False,0.0,0.0,0.2,0.2,0.9565217391304348
recency,on,2,45,14,True,0.05,0.05,0.0,0.0,1.0
recency,on,2,45,15,False,0.03750000000000001,0.037500000000000006,0.08333333333333333,0.08333333333333333,0.9523809523809523
recency,on,2,45,16,True,0.04895833333333334,0.04895833333333334,0.0,0.0,1.0
recency,on,2,45,17,False,0.03671875000000001,0.03671875000000001,0.0,0.0,1.0
recency,on,2,45,18,True,0.027539062500000006,0.027539062500000006,0.0,0.0,1.0
recency,on,2,45,19,False,0.020654296875000006,0.020654296875000006,0.16666666666666666,0.16666666666666666,0.9444444444444444
recency,on,2,45,20,True,0.05715738932291666,0.05715738932291667,0.0,0.0,1.0
recency,on,2,45,21,False,0.0428680419921875,0.0428680419921875,0.0,0.0,1.0
recency,on,2,45,22,True,0.03215103149414063,0.03215103149414063,0.0,0.0,1.0
recency,on,2,45,23,False,0.02411327362060547,0.02411327362060547,0.0,0.0,1.0
recency,on,2,45,24,True,0.018084955215454102,0.018084955215454102,0.0,0.0,1.0
recency,on,2,45,25,False,0.01356371641159058,0.013563716411590578,0.0,0.0,1.0
recency,on,2,45,26,True,0.010172787308692933,0.010172787308692933,0.0,0.0,1.0
recency,on,2,45,27,False,0.0076295904815196994,0.0076295904815196994,0.0,0.0,1.0
recency,on,2,45,28,True,0.005722192861139776,0.005722192861139775,0.0,0.0,1.0
recency,on,2,45,29,False,0.004291644645854831,0.004291644645854831,0.0,0.0,1.0
recency,on,2,45,30,True,0.0032187334843911232,0.0032187334843911232,0.0,0.0,1.0
recency,on,2,45,31,False,0.002414050113293343,0.0024140501132933426,0.0,0.0,1.0
recency,on,2,45,32,True,0.001810537584970007,0.001810537584970007,0.0,0.0,1.0
recency,on,2,45,33,False,0.0013579031887275051,0.0013579031887275051,0.0,0.0,1.0
recency,on,2,45,34,True,0.001018427391545629,0.001018427391545629,0.0,0.0,1.0
recency,on,2,45,35,False,0.0007638205436592217,0.0007638205436592217,0.0,0.0,1.0
recency,on,2,45,36,True,0.0005728654077444162,0.0005728654077444162,0.0,0.0,1.0
recency,on,2,45,37,False,0.0004296490558083122,0.0004296490558083122,0.1,0.1,0.9545454545454546
recency,on,2,45,38,True,0.025322236791856235,0.025322236791856235,0.0,0.0,1.0
recency,on,2,45,39,False,0.018991677593892177,0.018991677593892177,0.0,0.0,1.0
recency,on,2,46,0,False,0.0,0.0,0.0,0.0,1.0
recency,on,2,46,1,False,0.0,0.0,0.0,0.0,1.0
recency,on,2,46,2,True,0.0,0.0,0.0,0.0,1.0
recency,on,2,46,3,False,0.0,0.0,0.0,0.0,1.0
recency,on,2,46,4,True,0.0,0.0,0.0,0.0,1.0
recency,on,2,46,5,False,0.0,0.0,0.0,0.0,1.0
recency,on,2,46,6,True,0.0,0.0,0.0,0.0,1.0
recency,on,2,46,7,False,0.0,0.0,0.0,0.0,1.0
recency,on,2,46,8,True,0.0,0.0,0.0,0.0,1.0
recency,on,2,46,9,False,0.0,0.0,0.09090909090909091,0.09090909090909091,0.9642857142857143
recency,on,2,46,10,True,0.022727272727272728,0.022727272727272728,0.0,0.0,1.0
recency,on,2,46,11,False,0.017045454545454544,0.017045454545454544,0.0,0.0,1.0
recency,on,2,46,12,True,0.012784090909090908,0.012784090909090908,0.0,0.0,1.0
recency,on,2,46,13,False,0.00958806818181818,0.00958806818181818,0.0,0.0,1.0
recency,on,2,46,14,True,0.007191051136363635,0.007191051136363635,0.0,0.0,1.0
recency,on,2,46,15,False,0.005393288352272726,0.005393288352272726,0.08333333333333333,0.08333333333333333,0.96
recency,on,2,46,16,True,0.024878299597537876,0.024878299597537876,0.0,0.0,1.0
recency,on,2,46,17,False,0.018658724698153408,0.018658724698153408,0.0,0.0,1.0
recency,on,2,46,18,True,0.013994043523615055,0.013994043523615055,0.0,0.0,1.0
recency,on,2,46,19,False,0.010495532642711292,0.010495532642711292,0.0,0.0,1.0
recency,on,2,46,20,True,0.00787164948203347,0.00787164948203347,0.0,0.0,1.0
recency,on,2,46,21,False,0.005903737111525103,0.005903737111525103,0.0,0.0,1.0
recency,on,2,46,22,True,0.004427802833643827,0.004427802833643827,0.0,0.0,1.0
recency,on,2,46,23,False,0.0033208521252328705,0.0033208521252328705,0.0,0.0,0.9523809523809523
recency,on,2,46,24,True,0.002490639093924653,0.002490639093924653,0.0,0.0,1.0
recency,on,2,46,25,False,0.0018679793204434897,0.0018679793204434897,0.0,0.0,1.0
recency,on,2,46,26,True,0.0014009844903326173,0.0014009844903326173,0.0,0.0,1.0
recency,on,2,46,27,False,0.0010507383677494629,0.0010507383677494629,0.0,0.0,1.0
recency,on,2,46,28,True,0.0007880537758120972,0.0007880537758120972,0.0,0.0,1.0
recency,on,2,46,29,False,0.000591040331859073,0.0005910403318590729,0.0,0.0,1.0
recency,on,2,46,30,True,0.0004432802488943047,0.0004432802488943047,0.0,0.0,1.0
recency,on,2,46,31,False,0.0003324601866707285,0.0003324601866707285,0.0,0.0,1.0
recency,on,2,46,32,True,0.00024934514000304637,0.00024934514000304637,0.0,0.0,1.0
recency,on,2,46,33,False,0.00018700885500228477,0.00018700885500228477,0.0,0.0,1.0
recency,on,2,46,34,True,0.00014025664125171355,0.00014025664125171357,0.0,0.0,1.0
recency,on,2,46,35,False,0.00010519248093878518,0.00010519248093878518,0.0,0.0,1.0
recency,on,2,46,36,True,7.889436070408889e-05,7.889436070408889e-05,0.0,0.0,1.0
recency,on,2,46,37,False,5.917077052806667e-05,5.917077052806667e-05,0.0,0.0,1.0
recency,on,2,46,38,True,4.4378077896050004e-05,4.4378077896050004e-05,0.0,0.0,1.0
recency,on,2,46,39,False,3.3283558422037506e-05,3.3283558422037506e-05,0.0,0.0,1.0
recency,on,2,47,0,False,0.0,0.0,0.0,0.0,1.0
recency,on,2,47,1,False,0.0,0.0,0.1111111111111111,0.1111111111111111,0.9565217391304348
recency,on,2,47,2,True,0.027777777777777773,0.027777777777777776,0.0,0.0,1.0
recency,on,2,47,3,False,0.020833333333333332,0.020833333333333332,0.0,0.0,1.0
recency,on,2,47,4,True,0.015625,0.015625,0.0,0.0,1.0
recency,on,2,47,5,False,0.01171875,0.01171875,0.0,0.0,1.0
recency,on,2,47,6,True,0.0087890625,0.0087890625,0.0,0.0,1.0
recency,on,2,47,7,False,0.006591796875,0.006591796875,0.0,0.0,1.0
recency,on,2,47,8,True,0.00494384765625,0.00494384765625,0.0,0.0,1.0
recency,on,2,47,9,False,0.0037078857421875,0.0037078857421875,0.0,0.0,1.0
recency,on,2,47,10,True,0.002780914306640625,0.002780914306640625,0.0,0.0,1.0
recency,on,2,47,11,False,0.0020856857299804688,0.0020856857299804688,0.0,0.0,1.0
recency,on,2,47,12,True,0.0015642642974853516,0.0015642642974853516,0.0,0.0,1.0
recency,on,2,47,13,False,0.0011731982231140137,0.0011731982231140137,0.0,0.0,1.0
recency,on,2,47,14,True,0.0008798986673355103,0.0008798986673355103,0.0,0.0,1.0
recency,on,2,47,15,False,0.0006599240005016327,0.0006599240005016327,0.0,0.0,1.0
recency,on,2,47,16,True,0.0004949430003762245,0.0004949430003762245,0.0,0.0,1.0
recency,on,2,47,17,False,0.0003712072502821684,0.0003712072502821684,0.0,0.0,1.0
recency,on,2,47,18,True,0.0002784054377116263,0.0002784054377116263,0.0,0.0,1.0
recency,on,2,47,19,False,0.00020880407828371972,0.00020880407828371972,0.0,0.0,1.0
recency,on,2,47,20,True,0.0001566030587127898,0.0001566030587127898,0.0,0.0,1.0
recency,on,2,47,21,False,0.00011745229403459234,0.00011745229403459234,0.0,0.0,1.0
recency,on,2,47,22,True,8.808922052594426e-05,8.808922052594426e-05,0.0,0.0,1.0
recency,on,2,47,23,False,6.606691539445819e-05,6.606691539445819e-05,0.0,0.0,1.0
recency,on,2,47,24,True,4.9550186545843644e-05,4.9550186545843644e-05,0.0,0.0,1.0
recency,on,2,47,25,False,3.716263990938273e-05,3.716263990938273e-05,0.0,0.0,1.0
recency,on,2,47,26,True,2.787197993203705e-05,2.787197993203705e-05,0.0,0.0,1.0
recency,on,2,47,27,False,2.0903984949027787e-05,2.0903984949027787e-05,0.0,0.0,1.0
recency,on,2,47,28,True,1.567798871177084e-05,1.567798871177084e-05,0.0,0.0,1.0
recency,on,2,47,29,False,1.175849153382813e-05,1.175849153382813e-05,0.0,0.0,1.0
recency,on,2,47,30,True,8.818868650371098e-06,8.818868650371098e-06,0.0,0.0,1.0
recency,on,2,47,31,False,6.614151487778323e-06,6.614151487778323e-06,0.0,0.0,1.0
recency,on,2,47,32,True,4.9606136158337425e-06,4.9606136158337425e-06,0.0,0.0,1.0
recency,on,2,47,33,False,3.720460211875307e-06,3.720460211875307e-06,0.0,0.0,1.0
recency,on,2,47,34,True,2.79034515890648e-06,2.79034515890648e-06,0.0,0.0,1.0
recency,on,2,47,35,False,2.09275886917986e-06,2.09275886917986e-06,0.0,0.0,1.0
recency,on,2,47,36,True,1.5695691518848953e-06,1.569569151884895e-06,0.0,0.0,1.0
recency,on,2,47,37,False,1.1771768639136713e-06,1.1771768639136713e-06,0.0,0.0,1.0
recency,on,2,47,38,True,8.828826479352535e-07,8.828826479352534e-07,0.0,0.0,1.0
recency,on,2,47,39,False,6.621619859514401e-07,6.621619859514401e-07,0.0,0.0,1.0
recency,on,2,48,0,False,0.0,0.0,0.0,0.0,1.0
recency,on,2,48,1,False,0.0,0.0,0.0,0.0,0.9444444444444444
recency,on,2,48,2,True,0.0,0.0,0.0,0.0,1.0
recency,on,2,48,3,False,0.0,0.0,0.0,0.0,1.0
recency,on,2,48,4,True,0.0,0.0,0.0,0.0,1.0
recency,on,2,48,5,False,0.0,0.0,0.0,0.0,1.0
recency,on,2,48,6,True,0.0,0.0,0.0,0.0,1.0
recency,on,2,48,7,False,0.0,0.0,0.0,0.0,1.0
recency,on,2,48,8,True,0.0,0.0,0.0,0.0,1.0
recency,on,2,48,9,False,0.0,0.0,0.0,0.0,1.0
recency,on,2,48,10,True,0.0,0.0,0.0,0.0,1.0
recency,on,2,48,11,False,0.0,0.0,0.0,0.0,1.0
recency,on,2,48,12,True,0.0,0.0,0.0,0.0,1.0
recency,on,2,48,13,False,0.0,0.0,0.0,0.0,1.0
recency,on,2,48,14,True,0.0,0.0,0.0,0.0,1.0
recency,on,2,48,15,False,0.0,0.0,0.0,0.0,1.0
recency,on,2,48,16,True,0.0,0.0,0.0,0.0,1.0
recency,on,2,48,17,False,0.0,0.0,0.0,0.0,1.0
recency,on,2,48,18,True,0.0,0.0,0.0,0.0,1.0
recency,on,2,48,19,False,0.0,0.0,0.0,0.0,1.0
recency,on,2,48,20,True,0.0,0.0,0.0,0.0,1.0
recency,on,2,48,21,False,0.0,0.0,0.0,0.0,1.0
recency,on,2,48,22,True,0.0,0.0,0.0,0.0,1.0
recency,on,2,48,23,False,0.0,0.0,0.0,0.0,1.0
recency,on,2,48,24,True,0.0,0.0,0.0,0.0,1.0
recency,on,2,48,25,False,0.0,0.0,0.0,0.0,1.0
recency,on,2,48,26,True,0.0,0.0,0.0,0.0,1.0
recency,on,2,48,27,False,0.0,0.0,0.0,0.0,1.0
recency,on,2,48,28,True,0.0,0.0,0.0,0.0,1.0
recency,on,2,48,29,False,0.0,0.0,0.0,0.0,0.9642857142857143
recency,on,2,48,30,True,0.0,0.0,0.0,0.0,1.0
recency,on,2,48,31,False,0.0,0.0,0.0,0.0,1.0
recency,on,2,48,32,True,0.0,0.0,0.0,0.0,1.0
recency,on,2,48,33,False,0.0,0.0,0.0,0.0,1.0
recency,on,2,48,34,True,0.0,0.0,0.0,0.0,1.0
recency,on,2,48,35,False,0.0,0.0,0.06666666666666667,0.06666666666666667,0.9655172413793104
recency,on,2,48,36,True,0.016666666666666666,0.016666666666666666,0.0,0.0,1.0
recency,on,2,48,37,False,0.0125,0.0125,0.0,0.0,1.0
recency,on,2,48,38,True,0.009375000000000003,0.009375000000000001,0.0,0.0,1.0
recency,on,2,48,39,False,0.007031250000000001,0.007031250000000001,0.0,0.0,1.0
recency,on,2,49,0,False,0.0,0.0,0.0,0.0,1.0
recency,on,2,49,1,False,0.0,0.0,0.0,0.0,1.0
recency,on,2,49,2,True,0.0,0.0,0.0,0.0,1.0
recency,on,2,49,3,False,0.0,0.0,0.0,0.0,1.0
recency,on,2,49,4,True,0.0,0.0,0.0,0.0,1.0
recency,on,2,49,5,False,0.0,0.0,0.0,0.0,1.0
recency,on,2,49,6,True,0.0,0.0,0.0,0.0,1.0
recency,on,2,49,7,False,0.0,0.0,0.0,0.0,1.0
recency,on,2,49,8,True,0.0,0.0,0.0,0.0,1.0
recency,on,2,49,9,False,0.0,0.0,0.0,0.0,1.0
recency,on,2,49,10,True,0.0,0.0,0.0,0.0,1.0
recency,on,2,49,11,False,0.0,0.0,0.0,0.0,1.0
recency,on,2,49,12,True,0.0,0.0,0.0,0.0,1.0
recency,on,2,49,13,False,0.0,0.0,0.0,0.0,1.0
recency,on,2,49,14,True,0.0,0.0,0.0,0.0,1.0
recency,on,2,49,15,False,0.0,0.0,0.0,0.0,1.0
recency,on,2,49,16,True,0.0,0.0,0.0,0.0,1.0
recency,on,2,49,17,False,0.0,0.0,0.0,0.0,1.0
recency,on,2,49,18,True,0.0,0.0,0.0,0.0,1.0
recency,on,2,49,19,False,0.0,0.0,0.09090909090909091,0.09090909090909091,0.9545454545454546
recency,on,2,49,20,True,0.022727272727272728,0.022727272727272728,0.0,0.0,1.0
recency,on,2,49,21,False,0.017045454545454544,0.017045454545454544,0.0,0.0,1.0
recency,on,2,49,22,True,0.012784090909090908,0.012784090909090908,0.0,0.0,1.0
recency,on,2,49,23,False,0.00958806818181818,0.00958806818181818,0.0,0.0,1.0
recency,on,2,49,24,True,0.007191051136363635,0.007191051136363635,0.0,0.0,1.0
recency,on,2,49,25,False,0.005393288352272726,0.005393288352272726,0.0,0.0,1.0
recency,on,2,49,26,True,0.004044966264204544,0.004044966264204544,0.0,0.0,1.0
recency,on,2,49,27,False,0.003033724698153408,0.003033724698153408,0.0,0.0,1.0
recency,on,2,49,28,True,0.002275293523615056,0.002275293523615056,0.0,0.0,1.0
recency,on,2,49,29,False,0.001706470142711292,0.001706470142711292,0.1,0.1,0.95
recency,on,2,49,30,True,0.02627985260703347,0.02627985260703347,0.0,0.0,1.0
recency,on,2,49,31,False,0.019709889455275104,0.019709889455275104,0.0,0.0,1.0
recency,on,2,49,32,True,0.014782417091456326,0.014782417091456328,0.0,0.0,1.0
recency,on,2,49,33,False,0.011086812818592246,0.011086812818592246,0.0,0.0,1.0
recency,on,2,49,34,True,0.008315109613944185,0.008315109613944185,0.0,0.0,1.0
recency,on,2,49,35,False,0.006236332210458139,0.006236332210458139,0.0,0.0,1.0
recency,on,2,49,36,True,0.004677249157843603,0.004677249157843604,0.0,0.0,1.0
recency,on,2,49,37,False,0.003507936868382703,0.003507936868382703,0.0,0.0,1.0
recency,on,2,49,38,True,0.0026309526512870276,0.0026309526512870276,0.0,0.0,1.0
recency,on,2,49,39,False,0.001973214488465271,0.001973214488465271,0.08333333333333333,0.08333333333333333,0.9583333333333334
recency,on,2,50,0,False,0.0,0.0,0.0,0.0,1.0
recency,on,2,50,1,False,0.0,0.0,0.0,0.0,1.0
recency,on,2,50,2,True,0.0,0.0,0.0,0.0,1.0
recency,on,2,50,3,False,0.0,0.0,0.08333333333333333,0.08333333333333333,0.9545454545454546
recency,on,2,50,4,True,0.020833333333333332,0.020833333333333332,0.0,0.0,1.0
recency,on,2,50,5,False,0.015625,0.015625,0.0,0.0,1.0
recency,on,2,50,6,True,0.01171875,0.01171875,0.0,0.0,1.0
recency,on,2,50,7,False,0.0087890625,0.0087890625,0.1,0.1,0.9545454545454546
recency,on,2,50,8,True,0.031591796875,0.031591796875,0.0,0.0,1.0
recency,on,2,50,9,False,0.023693847656250006,0.023693847656250003,0.0,0.0,1.0
recency,on,2,50,10,True,0.017770385742187502,0.017770385742187502,0.0,0.0,1.0
recency,on,2,50,11,False,0.013327789306640626,0.013327789306640626,0.14285714285714285,0.14285714285714285,0.9523809523809523
recency,on,2,50,12,True,0.04571012769426618,0.04571012769426618,0.0,0.0,1.0
recency,on,2,50,13,False,0.034282595770699635,0.034282595770699635,0.0,0.0,1.0
recency,on,2,50,14,True,0.025711946828024725,0.025711946828024725,0.0,0.0,1.0
recency,on,2,50,15,False,0.019283960121018545,0.019283960121018545,0.0,0.0,1.0
recency,on,2,50,16,True,0.014462970090763907,0.014462970090763909,0.0,0.0,1.0
recency,on,2,50,17,False,0.010847227568072932,0.010847227568072932,0.08333333333333333,0.08333333333333333,0.9545454545454546
recency,on,2,50,18,True,0.02896875400938803,0.02896875400938803,0.0,0.0,1.0
recency,on,2,50,19,False,0.021726565507041024,0.021726565507041024,0.0,0.0,1.0
recency,on,2,50,20,True,0.016294924130280768,0.016294924130280768,0.0,0.0,1.0
recency,on,2,50,21,False,0.012221193097710576,0.012221193097710576,0.0,0.0,1.0
recency,on,2,50,22,True,0.009165894823282932,0.009165894823282932,0.0,0.0,1.0
recency,on,2,50,23,False,0.006874421117462199,0.006874421117462199,0.0,0.0,1.0
recency,on,2,50,24,True,0.00515581583809665,0.00515581583809665,0.0,0.0,1.0
recency,on,2,50,25,False,0.0038668618785724874,0.0038668618785724874,0.0,0.0,1.0
recency,on,2,50,26,True,0.0029001464089293653,0.0029001464089293653,0.0,0.0,1.0
recency,on,2,50,27,False,0.002175109806697024,0.002175109806697024,0.0,0.0,1.0
recency,on,2,50,28,True,0.001631332355022768,0.001631332355022768,0.0,0.0,1.0
recency,on,2,50,29,False,0.001223499266267076,0.001223499266267076,0.0,0.0,1.0
recency,on,2,50,30,True,0.000917624449700307,0.000917624449700307,0.0,0.0,1.0
recency,on,2,50,31,False,0.0006882183372752302,0.0006882183372752302,0.0,0.0,1.0
recency,on,2,50,32,True,0.0005161637529564226,0.0005161637529564226,0.0,0.0,1.0
recency,on,2,50,33,False,0.00038712281471731694,0.000387122814717317,0.0,0.0,1.0
recency,on,2,50,34,True,0.00029034211103798774,0.00029034211103798774,0.0,0.0,1.0
recency,on,2,50,35,False,0.00021775658327849082,0.00021775658327849082,0.0,0.0,1.0
recency,on,2,50,36,True,0.0001633174374588681,0.00016331743745886813,0.0,0.0,1.0
recency,on,2,50,37,False,0.0001224880780941511,0.0001224880780941511,0.0,0.0,1.0
recency,on,2,50,38,True,9.186605857061333e-05,9.186605857061333e-05,0.0,0.0,1.0
recency,on,2,50,39,False,6.889954392796e-05,6.889954392796e-05,0.0,0.0,1.0
recency,on,2,51,0,False,0.0,0.0,0.0,0.0,1.0
recency,on,2,51,1,False,0.0,0.0,0.0,0.0,1.0
recency,on,2,51,2,True,0.0,0.0,0.0,0.0,1.0
recency,on,2,51,3,False,0.0,0.0,0.0,0.0,1.0
recency,on,2,51,4,True,0.0,0.0,0.0,0.0,1.0
recency,on,2,51,5,False,0.0,0.0,0.0,0.0,1.0
recency,on,2,51,6,True,0.0,0.0,0.0,0.0,1.0
recency,on,2,51,7,False,0.0,0.0,0.0,0.0,1.0
recency,on,2,51,8,True,0.0,0.0,0.0,0.0,1.0
recency,on,2,51,9,False,0.0,0.0,0.0,0.0,1.0
recency,on,2,51,10,True,0.0,0.0,0.0,0.0,1.0
recency,on,2,51,11,False,0.0,0.0,0.0,0.0,1.0
recency,on,2,51,12,True,0.0,0.0,0.0,0.0,1.0
recency,on,2,51,13,False,0.0,0.0,0.0,0.0,1.0
recency,on,2,51,14,True,0.0,0.0,0.0,0.0,1.0
recency,on,2,51,15,False,0.0,0.0,0.0,0.0,1.0
recency,on,2,51,16,True,0.0,0.0,0.0,0.0,1.0
recency,on,2,51,17,False,0.0,0.0,0.0,0.0,1.0
recency,on,2,51,18,True,0.0,0.0,0.0,0.0,1.0
recency,on,2,51,19,False,0.0,0.0,0.0,0.0,1.0
recency,on,2,51,20,True,0.0,0.0,0.0,0.0,1.0
recency,on,2,51,21,False,0.0,0.0,0.0,0.0,1.0
recency,on,2,51,22,True,0.0,0.0,0.0,0.0,1.0
recency,on,2,51,23,False,0.0,0.0,0.1111111111111111,0.1111111111111111,0.9666666666666667
recency,on,2,51,24,True,0.027777777777777773,0.027777777777777776,0.0,0.0,1.0
recency,on,2,51,25,False,0.020833333333333332,0.020833333333333332,0.0,0.0,1.0
recency,on,2,51,26,True,0.015625,0.015625,0.0,0.0,1.0
recency,on,2,51,27,False,0.01171875,0.01171875,0.0,0.0,1.0
recency,on,2,51,28,True,0.0087890625,0.0087890625,0.0,0.0,1.0
recency,on,2,51,29,False,0.006591796875,0.006591796875,0.0,0.0,1.0
recency,on,2,51,30,True,0.00494384765625,0.00494384765625,0.0,0.0,1.0
recency,on,2,51,31,False,0.0037078857421875,0.0037078857421875,0.0,0.0,1.0
recency,on,2,51,32,True,0.002780914306640625,0.002780914306640625,0.0,0.0,1.0
recency,on,2,51,33,False,0.0020856857299804688,0.0020856857299804688,0.0,0.0,1.0
recency,on,2,51,34,True,0.0015642642974853516,0.0015642642974853516,0.0,0.0,1.0
recency,on,2,51,35,False,0.0011731982231140137,0.0011731982231140137,0.1,0.1,0.9523809523809523
recency,on,2,51,36,True,0.02587989866733551,0.02587989866733551,0.0,0.0,1.0
recency,on,2,51,37,False,0.01940992400050164,0.019409924000501635,0.0,0.0,1.0
recency,on,2,51,38,True,0.014557443000376227,0.014557443000376227,0.0,0.0,1.0
recency,on,2,51,39,False,0.010918082250282169,0.010918082250282169,0.0,0.0,1.0
engagement,off,0,42,0,False,0.0,0.0,0.0,0.0,1.0
engagement,off,0,42,1,False,0.0,0.0,0.3333333333333333,0.3333333333333333,0.8260869565217391
engagement,off,0,42,2,False,0.08333333333333333,0.08333333333333333,0.5,0.5,0.7307692307692307
engagement,off,0,42,3,False,0.1875,0.1875,0.6923076923076923,0.6923076923076923,0.5882352941176471
engagement,off,0,42,4,False,0.3137019230769231,0.3137019230769231,0.6666666666666666,0.6666666666666666,0.5833333333333334
engagement,off,0,42,5,False,0.4019431089743589,0.4019431089743589,0.6842105263157895,0.6842105263157895,0.5227272727272727
engagement,off,0,42,6,False,0.4725099633097165,0.4725099633097165,0.65,0.6818181818181818,0.5208333333333334
engagement,off,0,42,7,False,0.5168824724822874,0.5168824724822874,0.65,0.6896551724137931,0.49122807017543857
engagement,off,0,42,8,False,0.5501618543617155,0.5501618543617155,0.65,0.6875,0.46153846153846156
engagement,off,0,42,9,False,0.5751213907712867,0.5751213907712867,0.65,0.7058823529411765,0.4411764705882353
engagement,off,0,42,10,False,0.593841043078465,0.593841043078465,0.65,0.7222222222222222,0.4305555555555556
engagement,off,0,42,11,False,0.6078807823088487,0.6078807823088487,0.65,0.7435897435897436,0.40789473684210525
engagement,off,0,42,12,False,0.6184105867316365,0.6184105867316365,0.65,0.7380952380952381,0.3950617283950617
engagement,off,0,42,13,False,0.6263079400487274,0.6263079400487274,0.65,0.75,0.38372093023255816
engagement,off,0,42,14,False,0.6322309550365455,0.6322309550365455,0.65,0.7446808510638298,0.37777777777777777
engagement,off,0,42,15,False,0.6366732162774091,0.6366732162774091,0.65,0.7551020408163265,0.3655913978494624
engagement,off,0,42,16,False,0.6400049122080569,0.6400049122080569,0.65,0.7592592592592593,0.3564356435643564
engagement,off,0,42,17,False,0.6425036841560426,0.6425036841560426,0.65,0.7543859649122807,0.3490566037735849
engagement,off,0,42,18,False,0.644377763117032,0.644377763117032,0.65,0.7543859649122807,0.34579439252336447
engagement,off,0,42,19,False,0.645783322337774,0.645783322337774,0.65,0.7627118644067796,0.3333333333333333
engagement,off,0,42,20,False,0.6468374917533305,0.6468374917533305,0.65,0.7704918032786885,0.3274336283185841
engagement,off,0,42,21,False,0.6476281188149978,0.6476281188149978,0.65,0.78125,0.31092436974789917
engagement,off,0,42,22,False,0.6482210891112483,0.6482210891112483,0.65,0.7971014492753623,0.29838709677419356
engagement,off,0,42,23,False,0.6486658168334364,0.6486658168334363,0.65,0.7916666666666666,0.29457364341085274
engagement,off,0,42,24,False,0.6489993626250772,0.6489993626250772,0.65,0.7945205479452054,0.2857142857142857
engagement,off,0,42,25,False,0.6492495219688079,0.6492495219688079,0.65,0.7837837837837838,0.2867647058823529
engagement,off,0,42,26,False,0.6494371414766059,0.6494371414766059,0.65,0.7866666666666666,0.28368794326241137
engagement,off,0,42,27,False,0.6495778561074544,0.6495778561074544,0.65,0.7974683544303798,0.27586206896551724
engagement,off,0,42,28,False,0.6496833920805908,0.6496833920805908,0.65,0.8024691358024691,0.2702702702702703
engagement,off,0,42,29,False,0.6497625440604431,0.6497625440604431,0.65,0.8072289156626506,0.26490066225165565
engagement,off,0,42,30,False,0.6498219080453324,0.6498219080453324,0.65,0.8023255813953488,0.26282051282051283
engagement,off,0,42,31,False,0.6498664310339992,0.6498664310339992,0.65,0.8068181818181818,0.25625
engagement,off,0,42,32,False,0.6498998232754994,0.6498998232754994,0.65,0.8,0.25766871165644173
engagement,off,0,42,33,False,0.6499248674566246,0.6499248674566246,0.65,0.7849462365591398,0.2619047619047619
engagement,off,0,42,34,False,0.6499436505924684,0.6499436505924684,0.65,0.7916666666666666,0.25287356321839083
engagement,off,0,42,35,False,0.6499577379443513,0.6499577379443513,0.65,0.7864077669902912,0.2541436464088398
engagement,off,0,42,36,False,0.6499683034582635,0.6499683034582635,0.65,0.7904761904761904,0.24864864864864866
engagement,off,0,42,37,False,0.6499762275936977,0.6499762275936977,0.65,0.8,0.24479166666666666
engagement,off,0,42,38,False,0.6499821706952732,0.6499821706952732,0.65,0.8070175438596491,0.23737373737373738
engagement,off,0,42,39,False,0.6499866280214549,0.6499866280214549,0.65,0.788135593220339,0.24630541871921183
engagement,off,0,43,0,False,0.0,0.0,0.0,0.0,1.0
engagement,off,0,43,1,False,0.0,0.0,0.09090909090909091,0.09090909090909091,0.8518518518518519
engagement,off,0,43,2,False,0.022727272727272728,0.022727272727272728,0.26666666666666666,0.26666666666666666,0.7272727272727273
engagement,off,0,43,3,False,0.08371212121212121,0.08371212121212121,0.42105263157894735,0.42105263157894735,0.625
engagement,off,0,43,4,False,0.16804724880382774,0.16804724880382774,0.4,0.42857142857142855,0.5869565217391305
engagement,off,0,43,5,False,0.22603543660287082,0.22603543660287082,0.4,0.5,0.5185185185185185
engagement,off,0,43,6,False,0.26952657745215314,0.26952657745215314,0.4,0.48148148148148145,0.5172413793103449
engagement,off,0,43,7,False,0.3021449330891149,0.30214493308911483,0.4,0.5,0.5076923076923077
engagement,off,0,43,8,False,0.32660869981683616,0.32660869981683616,0.4,0.5405405405405406,0.4722222222222222
engagement,off,0,43,9,False,0.3449565248626271,0.3449565248626271,0.4,0.5526315789473685,0.4533333333333333
engagement,off,0,43,10,False,0.35871739364697025,0.3587173936469703,0.4,0.55,0.4375
engagement,off,0,43,11,False,0.36903804523522776,0.36903804523522776,0.4,0.5714285714285714,0.4090909090909091
engagement,off,0,43,12,False,0.3767785339264208,0.3767785339264208,0.4,0.5681818181818182,0.40860215053763443
engagement,off,0,43,13,False,0.3825839004448156,0.3825839004448156,0.4,0.5510204081632653,0.41414141414141414
engagement,off,0,43,14,False,0.3869379253336117,0.3869379253336117,0.4,0.56,0.39805825242718446
engagement,off,0,43,15,False,0.3902034440002088,0.3902034440002088,0.4,0.5849056603773585,0.37962962962962965
engagement,off,0,43,16,False,0.3926525830001566,0.3926525830001566,0.4,0.6101694915254238,0.3652173913043478
engagement,off,0,43,17,False,0.3944894372501174,0.3944894372501174,0.4,0.6229508196721312,0.35833333333333334
engagement,off,0,43,18,False,0.395867077937588,0.395867077937588,0.4,0.6190476190476191,0.35714285714285715
engagement,off,0,43,19,False,0.396900308453191,0.396900308453191,0.4,0.6417910447761194,0.34615384615384615
engagement,off,0,43,20,False,0.3976752313398932,0.39767523133989324,0.4,0.6417910447761194,0.3358208955223881
engagement,off,0,43,21,False,0.39825642350491997,0.39825642350491997,0.4,0.6428571428571429,0.32857142857142857
engagement,off,0,43,22,False,0.39869231762868995,0.39869231762868995,0.4,0.6428571428571429,0.323943661971831
engagement,off,0,43,23,False,0.39901923822151747,0.3990192382215174,0.4,0.6527777777777778,0.3194444444444444
engagement,off,0,43,24,False,0.3992644286661381,0.3992644286661381,0.4,0.6623376623376623,0.31125827814569534
engagement,off,0,43,25,False,0.3994483214996035,0.3994483214996035,0.4,0.6666666666666666,0.3096774193548387
engagement,off,0,43,26,False,0.39958624112470265,0.39958624112470265,0.4,0.6666666666666666,0.3067484662576687
engagement,off,0,43,27,False,0.39968968084352696,0.39968968084352696,0.4,0.6739130434782609,0.3058823529411765
engagement,off,0,43,28,False,0.3997672606326453,0.3997672606326452,0.4,0.6842105263157895,0.3068181818181818
engagement,off,0,43,29,False,0.39982544547448395,0.39982544547448395,0.4,0.6907216494845361,0.3055555555555556
engagement,off,0,43,30,False,0.39986908410586297,0.39986908410586297,0.4,0.693069306930693,0.3081081081081081
engagement,off,0,43,31,False,0.39990181307939715,0.3999018130793972,0.4,0.6915887850467289,0.30412371134020616
engagement,off,0,43,32,False,0.3999263598095479,0.39992635980954794,0.4,0.6902654867256637,0.30198019801980197
engagement,off,0,43,33,False,0.39994476985716104,0.399944769857161,0.4,0.6896551724137931,0.3058252427184466
engagement,off,0,43,34,False,0.3999585773928708,0.3999585773928708,0.4,0.6916666666666667,0.3051643192488263
engagement,off,0,43,35,False,0.3999689330446531,0.3999689330446531,0.4,0.6991869918699187,0.2981651376146789
engagement,off,0,43,36,False,0.3999766997834898,0.3999766997834898,0.4,0.6923076923076923,0.3008849557522124
engagement,off,0,43,37,False,0.3999825248376173,0.3999825248376173,0.4,0.6940298507462687,0.2974137931034483
engagement,off,0,43,38,False,0.39998689362821294,0.39998689362821294,0.4,0.6928571428571428,0.29707112970711297
engagement,off,0,43,39,False,0.3999901702211597,0.3999901702211597,0.4,0.6923076923076923,0.29508196721311475
engagement,off,0,44,0,False,0.0,0.0,0.0,0.0,1.0
engagement,off,0,44,1,False,0.0,0.0,0.3,0.3,0.72
engagement,off,0,44,2,False,0.075,0.075,0.35714285714285715,0.35714285714285715,0.6896551724137931
engagement,off,0,44,3,False,0.14553571428571427,0.14553571428571427,0.5,0.5,0.5675675675675675
engagement,off,0,44,4,False,0.2341517857142857,0.2341517857142857,0.5,0.5217391304347826,0.5365853658536586
engagement,off,0,44,5,False,0.30061383928571433,0.3006138392857143,0.5,0.5357142857142857,0.5217391304347826
engagement,off,0,44,6,False,0.3504603794642857,0.3504603794642857,0.5,0.59375,0.48
engagement,off,0,44,7,False,0.38784528459821427,0.38784528459821427,0.5,0.5897435897435898,0.46551724137931033
engagement,off,0,44,8,False,0.4158839634486607,0.4158839634486607,0.5,0.627906976744186,0.4444444444444444
engagement,off,0,44,9,False,0.4369129725864956,0.43691297258649553,0.5,0.6444444444444445,0.4264705882352941
engagement,off,0,44,10,False,0.45268472943987165,0.45268472943987165,0.5,0.6666666666666666,0.38666666666666666
engagement,off,0,44,11,False,0.4645135470799037,0.4645135470799037,0.5,0.6981132075471698,0.3625
engagement,off,0,44,12,False,0.4733851603099278,0.4733851603099278,0.5,0.7090909090909091,0.3411764705882353
engagement,off,0,44,13,False,0.4800388702324459,0.48003887023244585,0.5,0.7017543859649122,0.34408602150537637
engagement,off,0,44,14,False,0.4850291526743344,0.4850291526743344,0.5,0.6935483870967742,0.3333333333333333
engagement,off,0,44,15,False,0.4887718645057508,0.4887718645057508,0.5,0.7076923076923077,0.3177570093457944
engagement,off,0,44,16,False,0.49157889837931307,0.49157889837931307,0.5,0.7205882352941176,0.3153153153153153
engagement,off,0,44,17,False,0.49368417378448487,0.4936841737844848,0.5,0.7222222222222222,0.3162393162393162
engagement,off,0,44,18,False,0.4952631303383636,0.4952631303383636,0.5,0.7333333333333333,0.29838709677419356
engagement,off,0,44,19,False,0.4964473477537727,0.4964473477537727,0.5,0.7283950617283951,0.29770992366412213
engagement,off,0,44,20,False,0.4973355108153295,0.4973355108153295,0.5,0.7411764705882353,0.28776978417266186
engagement,off,0,44,21,False,0.4980016331114972,0.49800163311149714,0.5,0.75,0.2876712328767123
engagement,off,0,44,22,False,0.49850122483362286,0.49850122483362286,0.5,0.7555555555555555,0.28187919463087246
engagement,off,0,44,23,False,0.49887591862521713,0.49887591862521713,0.5,0.7472527472527473,0.28104575163398693
engagement,off,0,44,24,False,0.49915693896891283,0.49915693896891283,0.5,0.7604166666666666,0.2721518987341772
engagement,off,0,44,25,False,0.4993677042266847,0.49936770422668464,0.5,0.7676767676767676,0.26993865030674846
engagement,off,0,44,26,False,0.4995257781700135,0.4995257781700135,0.5,0.7669902912621359,0.2647058823529412
engagement,off,0,44,27,False,0.4996443336275101,0.4996443336275101,0.5,0.7714285714285715,0.25862068965517243
engagement,off,0,44,28,False,0.4997332502206326,0.4997332502206326,0.5,0.7685185185185185,0.26666666666666666
engagement,off,0,44,29,False,0.4997999376654744,0.4997999376654744,0.5,0.7657657657657657,0.26229508196721313
engagement,off,0,44,30,False,0.4998499532491058,0.4998499532491058,0.5,0.7678571428571429,0.26063829787234044
engagement,off,0,44,31,False,0.49988746493682934,0.49988746493682934,0.5,0.7606837606837606,0.26153846153846155
engagement,off,0,44,32,False,0.499915598702622,0.49991559870262203,0.5,0.7642276422764228,0.263681592039801
engagement,off,0,44,33,False,0.4999366990269665,0.4999366990269665,0.5,0.746031746031746,0.27053140096618356
engagement,off,0,44,34,False,0.4999525242702249,0.4999525242702249,0.5,0.751937984496124,0.26540284360189575
engagement,off,0,44,35,False,0.49996439320266867,0.49996439320266867,0.5,0.75,0.2651162790697674
engagement,off,0,44,36,False,0.49997329490200154,0.4999732949020015,0.5,0.753731343283582,0.2602739726027397
engagement,off,0,44,37,False,0.4999799711765011,0.4999799711765011,0.5,0.7536231884057971,0.2600896860986547
engagement,off,0,44,38,False,0.4999849783823758,0.4999849783823758,0.5,0.7464788732394366,0.2631578947368421
engagement,off,0,44,39,False,0.49998873378678194,0.4999887337867819,0.5,0.7517241379310344,0.25862068965517243
engagement,off,0,45,0,False,0.0,0.0,0.0,0.0,1.0
engagement,off,0,45,1,False,0.0,0.0,0.3076923076923077,0.3076923076923077,0.7777777777777778
engagement,off,0,45,2,False,0.07692307692307694,0.07692307692307693,0.2857142857142857,0.2857142857142857,0.7419354838709677
engagement,off,0,45,3,False,0.1291208791208791,0.1291208791208791,0.3888888888888889,0.3888888888888889,0.6666666666666666
engagement,off,0,45,4,False,0.19406288156288154,0.19406288156288154,0.45,0.45,0.6
engagement,off,0,45,5,False,0.25804716117216114,0.25804716117216114,0.45,0.45,0.5853658536585366
engagement,off,0,45,6,False,0.30603537087912086,0.30603537087912086,0.45,0.4782608695652174,0.5319148936170213
engagement,off,0,45,7,False,0.3420265281593406,0.34202652815934065,0.45,0.5,0.5098039215686274
engagement,off,0,45,8,False,0.3690198961195055,0.3690198961195055,0.45,0.5185185185185185,0.48148148148148145
engagement,off,0,45,9,False,0.3892649220896291,0.3892649220896291,0.45,0.5517241379310345,0.4406779661016949
engagement,off,0,45,10,False,0.4044486915672218,0.4044486915672218,0.45,0.6,0.4153846153846154
engagement,off,0,45,11,False,0.4158365186754163,0.4158365186754163,0.45,0.5897435897435898,0.4142857142857143
engagement,off,0,45,12,False,0.42437738900656224,0.42437738900656224,0.45,0.6190476190476191,0.3918918918918919
engagement,off,0,45,13,False,0.43078304175492166,0.43078304175492166,0.45,0.6444444444444445,0.3717948717948718
engagement,off,0,45,14,False,0.43558728131619123,0.43558728131619123,0.45,0.6530612244897959,0.35714285714285715
engagement,off,0,45,15,False,0.4391904609871434,0.4391904609871434,0.45,0.6730769230769231,0.33707865168539325
engagement,off,0,45,16,False,0.44189284574035753,0.44189284574035753,0.45,0.6792452830188679,0.3333333333333333
engagement,off,0,45,17,False,0.44391963430526815,0.44391963430526815,0.45,0.6964285714285714,0.31958762886597936
engagement,off,0,45,18,False,0.44543972572895113,0.44543972572895113,0.45,0.711864406779661,0.3300970873786408
engagement,off,0,45,19,False,0.4465797942967133,0.44657979429671335,0.45,0.6984126984126984,0.32407407407407407
engagement,off,0,45,20,False,0.447434845722535,0.447434845722535,0.45,0.7121212121212122,0.30973451327433627
engagement,off,0,45,21,False,0.44807613429190124,0.44807613429190124,0.45,0.704225352112676,0.31932773109243695
engagement,off,0,45,22,False,0.4485571007189259,0.4485571007189259,0.45,0.7123287671232876,0.3089430894308943
engagement,off,0,45,23,False,0.4489178255391944,0.4489178255391944,0.45,0.7236842105263158,0.3046875
engagement,off,0,45,24,False,0.4491883691543958,0.4491883691543958,0.45,0.7307692307692307,0.29850746268656714
engagement,off,0,45,25,False,0.44939127686579683,0.44939127686579683,0.45,0.7195121951219512,0.29577464788732394
engagement,off,0,45,26,False,0.4495434576493476,0.4495434576493476,0.45,0.7209302325581395,0.2905405405405405
engagement,off,0,45,27,False,0.4496575932370107,0.4496575932370107,0.45,0.7159090909090909,0.2894736842105263
engagement,off,0,45,28,False,0.449743194927758,0.449743194927758,0.45,0.7111111111111111,0.2919254658385093
engagement,off,0,45,29,False,0.4498073961958185,0.4498073961958185,0.45,0.7142857142857143,0.28313253012048195
engagement,off,0,45,30,False,0.4498555471468639,0.4498555471468639,0.45,0.7204301075268817,0.27485380116959063
engagement,off,0,45,31,False,0.4498916603601479,0.4498916603601479,0.45,0.7263157894736842,0.2727272727272727
engagement,off,0,45,32,False,0.4499187452701109,0.4499187452701109,0.45,0.7216494845360825,0.27071823204419887
engagement,off,0,45,33,False,0.4499390589525832,0.4499390589525832,0.45,0.7156862745098039,0.2698412698412698
engagement,off,0,45,34,False,0.4499542942144374,0.4499542942144374,0.45,0.7142857142857143,0.2694300518134715
engagement,off,0,45,35,False,0.449965720660828,0.449965720660828,0.45,0.6972477064220184,0.27638190954773867
engagement,off,0,45,36,False,0.449974290495621,0.449974290495621,0.45,0.7017543859649122,0.27450980392156865
engagement,off,0,45,37,False,0.44998071787171573,0.44998071787171573,0.45,0.7033898305084746,0.27014218009478674
engagement,off,0,45,38,False,0.4499855384037868,0.4499855384037868,0.45,0.7049180327868853,0.271889400921659
engagement,off,0,45,39,False,0.4499891538028401,0.4499891538028401,0.45,0.7016129032258065,0.2747747747747748
engagement,off,0,46,0,False,0.0,0.0,0.0,0.0,1.0
engagement,off,0,46,1,False,0.0,0.0,0.2,0.2,0.8461538461538461
engagement,off,0,46,2,False,0.05,0.05,0.42857142857142855,0.42857142857142855,0.71875
engagement,off,0,46,3,False,0.14464285714285713,0.14464285714285713,0.4666666666666667,0.4666666666666667,0.6571428571428571
engagement,off,0,46,4,False,0.2251488095238095,0.2251488095238095,0.6,0.6,0.5609756097560976
engagement,off,0,46,5,False,0.3188616071428572,0.31886160714285716,0.6,0.6190476190476191,0.5348837209302325
engagement,off,0,46,6,False,0.3891462053571428,0.38914620535714284,0.6,0.6153846153846154,0.52
engagement,off,0,46,7,False,0.4418596540178571,0.4418596540178571,0.6,0.6296296296296297,0.49056603773584906
engagement,off,0,46,8,False,0.4813947405133928,0.4813947405133928,0.6,0.6129032258064516,0.4827586206896552
engagement,off,0,46,9,False,0.5110460553850447,0.5110460553850447,0.6,0.6388888888888888,0.453125
engagement,off,0,46,10,False,0.5332845415387835,0.5332845415387835,0.6,0.6341463414634146,0.45714285714285713
engagement,off,0,46,11,False,0.5499634061540876,0.5499634061540876,0.6,0.6363636363636364,0.4342105263157895
engagement,off,0,46,12,False,0.5624725546155657,0.5624725546155657,0.6,0.6444444444444445,0.4177215189873418
engagement,off,0,46,13,False,0.5718544159616743,0.5718544159616743,0.6,0.6521739130434783,0.40963855421686746
engagement,off,0,46,14,False,0.5788908119712557,0.5788908119712557,0.6,0.6666666666666666,0.38636363636363635
engagement,off,0,46,15,False,0.5841681089784417,0.5841681089784417,0.6,0.6730769230769231,0.3723404255319149
engagement,off,0,46,16,False,0.5881260817338313,0.5881260817338313,0.6,0.6792452830188679,0.3673469387755102
engagement,off,0,46,17,False,0.5910945613003735,0.5910945613003735,0.6,0.6785714285714286,0.3557692307692308
engagement,off,0,46,18,False,0.5933209209752801,0.5933209209752801,0.6,0.6785714285714286,0.3523809523809524
engagement,off,0,46,19,False,0.59499069073146,0.59499069073146,0.6,0.6779661016949152,0.34545454545454546
engagement,off,0,46,20,False,0.596243018048595,0.596243018048595,0.6,0.6825396825396826,0.3391304347826087
engagement,off,0,46,21,False,0.5971822635364463,0.5971822635364463,0.6,0.6825396825396826,0.3389830508474576
engagement,off,0,46,22,False,0.5978866976523347,0.5978866976523347,0.6,0.6818181818181818,0.3412698412698413
engagement,off,0,46,23,False,0.598415023239251,0.598415023239251,0.6,0.6865671641791045,0.3333333333333333
engagement,off,0,46,24,False,0.5988112674294382,0.5988112674294382,0.6,0.6901408450704225,0.32592592592592595
engagement,off,0,46,25,False,0.5991084505720787,0.5991084505720787,0.6,0.7066666666666667,0.3120567375886525
engagement,off,0,46,26,False,0.599331337929059,0.599331337929059,0.6,0.7,0.3129251700680272
engagement,off,0,46,27,False,0.5994985034467942,0.5994985034467942,0.6,0.7108433734939759,0.304635761589404
engagement,off,0,46,28,False,0.5996238775850957,0.5996238775850957,0.6,0.7176470588235294,0.2967741935483871
engagement,off,0,46,29,False,0.5997179081888218,0.5997179081888218,0.6,0.7303370786516854,0.2875
engagement,off,0,46,30,False,0.5997884311416163,0.5997884311416163,0.6,0.7391304347826086,0.2787878787878788
engagement,off,0,46,31,False,0.5998413233562122,0.5998413233562122,0.6,0.7368421052631579,0.27485380116959063
engagement,off,0,46,32,False,0.5998809925171592,0.5998809925171592,0.6,0.7373737373737373,0.2696629213483146
engagement,off,0,46,33,False,0.5999107443878694,0.5999107443878694,0.6,0.7425742574257426,0.26229508196721313
engagement,off,0,46,34,False,0.599933058290902,0.599933058290902,0.6,0.7475728155339806,0.25668449197860965
engagement,off,0,46,35,False,0.5999497937181767,0.5999497937181766,0.6,0.75,0.2538860103626943
engagement,off,0,46,36,False,0.5999623452886323,0.5999623452886325,0.6,0.7433628318584071,0.26
engagement,off,0,46,37,False,0.5999717589664744,0.5999717589664744,0.6,0.75,0.25853658536585367
engagement,off,0,46,38,False,0.5999788192248557,0.5999788192248557,0.6,0.7478991596638656,0.2571428571428571
engagement,off,0,46,39,False,0.5999841144186419,0.5999841144186419,0.6,0.75,0.2570093457943925
engagement,off,0,47,0,False,0.0,0.0,0.0,0.0,1.0
engagement,off,0,47,1,False,0.0,0.0,0.2727272727272727,0.2727272727272727,0.8518518518518519
engagement,off,0,47,2,False,0.06818181818181818,0.06818181818181818,0.35714285714285715,0.35714285714285715,0.7575757575757576
engagement,off,0,47,3,False,0.14042207792207792,0.14042207792207792,0.4375,0.4375,0.65
engagement,off,0,47,4,False,0.21469155844155843,0.21469155844155843,0.5,0.5,0.5686274509803921
engagement,off,0,47,5,False,0.28601866883116883,0.28601866883116883,0.5,0.5238095238095238,0.5576923076923077
engagement,off,0,47,6,False,0.3395140016233767,0.33951400162337664,0.5,0.5555555555555556,0.5254237288135594
engagement,off,0,47,7,False,0.3796355012175325,0.3796355012175325,0.5,0.5862068965517241,0.5
engagement,off,0,47,8,False,0.40972662591314934,0.40972662591314934,0.5,0.5757575757575758,0.4925373134328358
engagement,off,0,47,9,False,0.432294969434862,0.432294969434862,0.5,0.5833333333333334,0.47297297297297297
engagement,off,0,47,10,False,0.44922122707614653,0.44922122707614653,0.5,0.5897435897435898,0.46153846153846156
engagement,off,0,47,11,False,0.46191592030710993,0.46191592030710993,0.5,0.6097560975609756,0.43373493975903615
engagement,off,0,47,12,False,0.47143694023033245,0.47143694023033245,0.5,0.627906976744186,0.41379310344827586
engagement,off,0,47,13,False,0.4785777051727494,0.47857770517274933,0.5,0.6222222222222222,0.3978494623655914
engagement,off,0,47,14,False,0.483933278879562,0.483933278879562,0.5,0.64,0.3838383838383838
engagement,off,0,47,15,False,0.4879499591596715,0.4879499591596715,0.5,0.6415094339622641,0.3786407766990291
engagement,off,0,47,16,False,0.4909624693697537,0.49096246936975363,0.5,0.6428571428571429,0.37037037037037035
engagement,off,0,47,17,False,0.4932218520273152,0.4932218520273152,0.5,0.6666666666666666,0.3565217391304348
engagement,off,0,47,18,False,0.4949163890204864,0.4949163890204864,0.5,0.6612903225806451,0.36134453781512604
engagement,off,0,47,19,False,0.4961872917653648,0.4961872917653648,0.5,0.676923076923077,0.352
engagement,off,0,47,20,False,0.49714046882402363,0.49714046882402363,0.5,0.6901408450704225,0.3409090909090909
engagement,off,0,47,21,False,0.49785535161801775,0.49785535161801775,0.5,0.7105263157894737,0.3381294964028777
engagement,off,0,47,22,False,0.4983915137135133,0.4983915137135133,0.5,0.7,0.33793103448275863
engagement,off,0,47,23,False,0.49879363528513504,0.498793635285135,0.5,0.7073170731707317,0.3333333333333333
engagement,off,0,47,24,False,0.49909522646385124,0.49909522646385124,0.5,0.7093023255813954,0.32903225806451614
engagement,off,0,47,25,False,0.4993214198478884,0.4993214198478884,0.5,0.7111111111111111,0.31901840490797545
engagement,off,0,47,26,False,0.4994910648859164,0.4994910648859163,0.5,0.7204301075268817,0.31137724550898205
engagement,off,0,47,27,False,0.49961829866443724,0.49961829866443724,0.5,0.7263157894736842,0.3023255813953488
engagement,off,0,47,28,False,0.4997137239983279,0.4997137239983279,0.5,0.72,0.30337078651685395
engagement,off,0,47,29,False,0.49978529299874597,0.49978529299874597,0.5,0.7156862745098039,0.3114754098360656
engagement,off,0,47,30,False,0.49983896974905956,0.4998389697490595,0.5,0.7169811320754716,0.30687830687830686
engagement,off,0,47,31,False,0.4998792273117946,0.4998792273117946,0.5,0.7272727272727273,0.3010204081632653
engagement,off,0,47,32,False,0.49990942048384596,0.49990942048384596,0.5,0.7368421052631579,0.29064039408866993
engagement,off,0,47,33,False,0.49993206536288454,0.4999320653628845,0.5,0.7226890756302521,0.2966507177033493
engagement,off,0,47,34,False,0.49994904902216336,0.49994904902216336,0.5,0.7142857142857143,0.2995391705069124
engagement,off,0,47,35,False,0.4999617867666225,0.4999617867666225,0.5,0.706766917293233,0.3008849557522124
engagement,off,0,47,36,False,0.4999713400749669,0.4999713400749669,0.5,0.7111111111111111,0.2956521739130435
engagement,off,0,47,37,False,0.4999785050562252,0.4999785050562252,0.5,0.7050359712230215,0.3025210084033613
engagement,off,0,47,38,False,0.4999838787921688,0.4999838787921689,0.5,0.7092198581560284,0.2987551867219917
engagement,off,0,47,39,False,0.49998790909412666,0.49998790909412666,0.5,0.6993006993006993,0.3020408163265306
engagement,off,0,48,0,False,0.0,0.0,0.0,0.0,1.0
engagement,off,0,48,1,False,0.0,0.0,0.3333333333333333,0.3333333333333333,0.8571428571428571
engagement,off,0,48,2,False,0.08333333333333333,0.08333333333333333,0.4,0.4,0.72
engagement,off,0,48,3,False,0.1625,0.1625,0.5714285714285714,0.5714285714285714,0.5806451612903226
engagement,off,0,48,4,False,0.26473214285714286,0.26473214285714286,0.6470588235294118,0.6470588235294118,0.5428571428571428
engagement,off,0,48,5,False,0.3603138130252101,0.3603138130252101,0.6470588235294118,0.6470588235294118,0.5405405405405406
engagement,off,0,48,6,False,0.4320000656512605,0.4320000656512605,0.6842105263157895,0.6842105263157895,0.46511627906976744
engagement,off,0,48,7,False,0.4950526808173927,0.49505268081739273,0.7,0.7,0.43478260869565216
engagement,off,0,48,8,False,0.5462895106130445,0.5462895106130445,0.7,0.7272727272727273,0.42
engagement,off,0,48,9,False,0.5847171329597833,0.5847171329597833,0.7,0.75,0.39622641509433965
engagement,off,0,48,10,False,0.6135378497198375,0.6135378497198375,0.7,0.7307692307692307,0.3793103448275862
engagement,off,0,48,11,False,0.635153387289878,0.635153387289878,0.7,0.7333333333333333,0.3582089552238806
engagement,off,0,48,12,False,0.6513650404674085,0.6513650404674085,0.7,0.75,0.3380281690140845
engagement,off,0,48,13,False,0.6635237803505564,0.6635237803505564,0.7,0.7777777777777778,0.3116883116883117
engagement,off,0,48,14,False,0.6726428352629172,0.6726428352629172,0.7,0.7560975609756098,0.3132530120481928
engagement,off,0,48,15,False,0.679482126447188,0.679482126447188,0.7,0.7272727272727273,0.3146067415730337
engagement,off,0,48,16,False,0.684611594835391,0.684611594835391,0.7,0.7333333333333333,0.30434782608695654
engagement,off,0,48,17,False,0.6884586961265432,0.6884586961265433,0.7,0.72,0.30303030303030304
engagement,off,0,48,18,False,0.6913440220949074,0.6913440220949074,0.7,0.7254901960784313,0.29411764705882354
engagement,off,0,48,19,False,0.6935080165711807,0.6935080165711807,0.7,0.75,0.2803738317757009
engagement,off,0,48,20,False,0.6951310124283856,0.6951310124283856,0.7,0.7377049180327869,0.2894736842105263
engagement,off,0,48,21,False,0.6963482593212893,0.6963482593212893,0.7,0.7424242424242424,0.2892561983471074
engagement,off,0,48,22,False,0.6972611944909671,0.697261194490967,0.7,0.7428571428571429,0.2846153846153846
engagement,off,0,48,23,False,0.6979458958682253,0.6979458958682252,0.7,0.75,0.2740740740740741
engagement,off,0,48,24,False,0.6984594219011688,0.6984594219011688,0.7,0.7534246575342466,0.2785714285714286
engagement,off,0,48,25,False,0.6988445664258768,0.6988445664258767,0.7,0.7662337662337663,0.2708333333333333
engagement,off,0,48,26,False,0.6991334248194073,0.6991334248194074,0.7,0.7625,0.2733333333333333
engagement,off,0,48,27,False,0.6993500686145555,0.6993500686145555,0.7,0.7682926829268293,0.2662337662337662
engagement,off,0,48,28,False,0.6995125514609166,0.6995125514609166,0.7,0.7647058823529411,0.2625
engagement,off,0,48,29,False,0.6996344135956877,0.6996344135956876,0.7,0.7586206896551724,0.25903614457831325
engagement,off,0,48,30,False,0.6997258101967656,0.6997258101967656,0.7,0.7717391304347826,0.24855491329479767
engagement,off,0,48,31,False,0.6997943576475742,0.6997943576475742,0.7,0.7684210526315789,0.24444444444444444
engagement,off,0,48,32,False,0.6998457682356806,0.6998457682356807,0.7,0.7755102040816326,0.2391304347826087
engagement,off,0,48,33,False,0.6998843261767604,0.6998843261767604,0.7,0.77,0.24468085106382978
engagement,off,0,48,34,False,0.6999132446325704,0.6999132446325704,0.7,0.7596153846153846,0.24615384615384617
engagement,off,0,48,35,False,0.6999349334744279,0.6999349334744278,0.7,0.7657657657657657,0.24257425742574257
engagement,off,0,48,36,False,0.6999512001058209,0.6999512001058208,0.7,0.7678571428571429,0.23671497584541062
engagement,off,0,48,37,False,0.6999634000793655,0.6999634000793655,0.7,0.7692307692307693,0.2347417840375587
engagement,off,0,48,38,False,0.6999725500595242,0.6999725500595242,0.7,0.7711864406779662,0.2361111111111111
engagement,off,0,48,39,False,0.6999794125446434,0.6999794125446432,0.7,0.7642276422764228,0.23873873873873874
engagement,off,0,49,0,False,0.0,0.0,0.0,0.0,1.0
engagement,off,0,49,1,False,0.0,0.0,0.16666666666666666,0.16666666666666666,0.8076923076923077
engagement,off,0,49,2,False,0.041666666666666664,0.041666666666666664,0.4,0.4,0.6571428571428571
engagement,off,0,49,3,False,0.13125,0.13125,0.5,0.5,0.6153846153846154
engagement,off,0,49,4,False,0.2234375,0.2234375,0.5384615384615384,0.5384615384615384,0.5853658536585366
engagement,off,0,49,5,False,0.3021935096153846,0.3021935096153846,0.5714285714285714,0.5714285714285714,0.5581395348837209
engagement,off,0,49,6,False,0.3695022750686813,0.3695022750686813,0.6111111111111112,0.6111111111111112,0.5416666666666666
engagement,off,0,49,7,False,0.4299044840792887,0.4299044840792887,0.55,0.6086956521739131,0.509090909090909
engagement,off,0,49,8,False,0.45992836305946655,0.45992836305946655,0.55,0.625,0.4915254237288136
engagement,off,0,49,9,False,0.48244627229459996,0.4824462722945999,0.55,0.6153846153846154,0.47692307692307695
engagement,off,0,49,10,False,0.4993347042209499,0.49933470422094994,0.55,0.6666666666666666,0.4520547945205479
engagement,off,0,49,11,False,0.5120010281657125,0.5120010281657125,0.55,0.6666666666666666,0.4444444444444444
engagement,off,0,49,12,False,0.5215007711242843,0.5215007711242843,0.55,0.6829268292682927,0.42528735632183906
engagement,off,0,49,13,False,0.5286255783432132,0.5286255783432132,0.55,0.6976744186046512,0.4065934065934066
engagement,off,0,49,14,False,0.5339691837574099,0.5339691837574099,0.55,0.7045454545454546,0.3978494623655914
engagement,off,0,49,15,False,0.5379768878180574,0.5379768878180574,0.55,0.7291666666666666,0.37755102040816324
engagement,off,0,49,16,False,0.540982665863543,0.540982665863543,0.55,0.7037037037037037,0.38095238095238093
engagement,off,0,49,17,False,0.5432369993976573,0.5432369993976573,0.55,0.7017543859649122,0.3783783783783784
engagement,off,0,49,18,False,0.544927749548243,0.544927749548243,0.55,0.711864406779661,0.3620689655172414
engagement,off,0,49,19,False,0.5461958121611823,0.5461958121611823,0.55,0.7076923076923077,0.36363636363636365
engagement,off,0,49,20,False,0.5471468591208868,0.5471468591208868,0.55,0.7121212121212122,0.3548387096774194
engagement,off,0,49,21,False,0.5478601443406651,0.5478601443406651,0.55,0.7246376811594203,0.34615384615384615
engagement,off,0,49,22,False,0.5483951082554988,0.5483951082554988,0.55,0.726027397260274,0.34074074074074073
engagement,off,0,49,23,False,0.5487963311916241,0.5487963311916241,0.55,0.7402597402597403,0.32857142857142857
engagement,off,0,49,24,False,0.549097248393718,0.549097248393718,0.55,0.7468354430379747,0.3219178082191781
engagement,off,0,49,25,False,0.5493229362952885,0.5493229362952885,0.55,0.7468354430379747,0.31333333333333335
engagement,off,0,49,26,False,0.5494922022214663,0.5494922022214663,0.55,0.7439024390243902,0.3161290322580645
engagement,off,0,49,27,False,0.5496191516660998,0.5496191516660998,0.55,0.7411764705882353,0.3105590062111801
engagement,off,0,49,28,False,0.5497143637495748,0.5497143637495748,0.55,0.75,0.30303030303030304
engagement,off,0,49,29,False,0.5497857728121811,0.5497857728121811,0.55,0.7526881720430108,0.2982456140350877
engagement,off,0,49,30,False,0.5498393296091358,0.5498393296091358,0.55,0.7578947368421053,0.2897727272727273
engagement,off,0,49,31,False,0.5498794972068519,0.5498794972068519,0.55,0.7623762376237624,0.27956989247311825
engagement,off,0,49,32,False,0.549909622905139,0.549909622905139,0.55,0.7572815533980582,0.2804232804232804
engagement,off,0,49,33,False,0.5499322171788543,0.5499322171788543,0.55,0.7596153846153846,0.2849740932642487
engagement,off,0,49,34,False,0.5499491628841408,0.5499491628841408,0.55,0.7477477477477478,0.2871287128712871
engagement,off,0,49,35,False,0.5499618721631057,0.5499618721631057,0.55,0.7413793103448276,0.291866028708134
engagement,off,0,49,36,False,0.5499714041223293,0.5499714041223293,0.55,0.7520661157024794,0.2824074074074074
engagement,off,0,49,37,False,0.5499785530917469,0.5499785530917469,0.55,0.744,0.2850678733031674
engagement,off,0,49,38,False,0.5499839148188101,0.5499839148188101,0.55,0.7364341085271318,0.28888888888888886
engagement,off,0,49,39,False,0.5499879361141076,0.5499879361141076,0.55,0.7313432835820896,0.29310344827586204
engagement,off,0,50,0,False,0.0,0.0,0.0,0.0,1.0
engagement,off,0,50,1,False,0.0,0.0,0.21052631578947367,0.21052631578947367,0.8214285714285714
engagement,off,0,50,2,False,0.05263157894736842,0.05263157894736842,0.2,0.3333333333333333,0.7142857142857143
engagement,off,0,50,3,False,0.0894736842105263,0.08947368421052632,0.2,0.37037037037037035,0.6666666666666666
engagement,off,0,50,4,False,0.11710526315789474,0.11710526315789474,0.2,0.3870967741935484,0.6122448979591837
engagement,off,0,50,5,False,0.13782894736842105,0.13782894736842105,0.2,0.3939393939393939,0.5961538461538461
engagement,off,0,50,6,False,0.1533717105263158,0.1533717105263158,0.2,0.3939393939393939,0.5714285714285714
engagement,off,0,50,7,False,0.16502878289473683,0.16502878289473683,0.2,0.46153846153846156,0.532258064516129
engagement,off,0,50,8,False,0.17377158717105262,0.17377158717105262,0.2,0.4883720930232558,0.5
engagement,off,0,50,9,False,0.18032869037828947,0.18032869037828947,0.2,0.5217391304347826,0.4594594594594595
engagement,off,0,50,10,False,0.1852465177837171,0.1852465177837171,0.2,0.5208333333333334,0.44871794871794873
engagement,off,0,50,11,False,0.1889348883377878,0.18893488833778782,0.2,0.5306122448979592,0.43209876543209874
engagement,off,0,50,12,False,0.19170116625334085,0.19170116625334088,0.2,0.5283018867924528,0.42045454545454547
engagement,off,0,50,13,False,0.19377587469000565,0.19377587469000568,0.2,0.5614035087719298,0.3958333333333333
engagement,off,0,50,14,False,0.19533190601750428,0.19533190601750428,0.2,0.5483870967741935,0.39215686274509803
engagement,off,0,50,15,False,0.19649892951312817,0.1964989295131282,0.2,0.5454545454545454,0.3888888888888889
engagement,off,0,50,16,False,0.19737419713484616,0.19737419713484616,0.2,0.5507246376811594,0.38392857142857145
engagement,off,0,50,17,False,0.1980306478511346,0.1980306478511346,0.2,0.5405405405405406,0.3898305084745763
engagement,off,0,50,18,False,0.1985229858883509,0.19852298588835093,0.2,0.5466666666666666,0.3770491803278688
engagement,off,0,50,19,False,0.19889223941626324,0.19889223941626322,0.2,0.5512820512820513,0.3700787401574803
engagement,off,0,50,20,False,0.19916917956219743,0.19916917956219743,0.2,0.5662650602409639,0.3656716417910448
engagement,off,0,50,21,False,0.19937688467164807,0.19937688467164805,0.2,0.5813953488372093,0.35
engagement,off,0,50,22,False,0.19953266350373605,0.19953266350373605,0.2,0.5842696629213483,0.3448275862068966
engagement,off,0,50,23,False,0.19964949762780204,0.19964949762780204,0.2,0.5913978494623656,0.33774834437086093
engagement,off,0,50,24,False,0.19973712322085152,0.19973712322085152,0.2,0.5979381443298969,0.3291139240506329
engagement,off,0,50,25,False,0.19980284241563862,0.19980284241563862,0.2,0.6138613861386139,0.3253012048192771
engagement,off,0,50,26,False,0.19985213181172895,0.19985213181172895,0.2,0.6213592233009708,0.31952662721893493
engagement,off,0,50,27,False,0.1998890988587967,0.1998890988587967,0.2,0.6320754716981132,0.3163841807909605
engagement,off,0,50,28,False,0.19991682414409753,0.1999168241440975,0.2,0.6272727272727273,0.32044198895027626
engagement,off,0,50,29,False,0.19993761810807315,0.19993761810807315,0.2,0.6228070175438597,0.3225806451612903
engagement,off,0,50,30,False,0.19995321358105483,0.19995321358105483,0.2,0.635593220338983,0.31413612565445026
engagement,off,0,50,31,False,0.19996491018579107,0.1999649101857911,0.2,0.6422764227642277,0.30808080808080807
engagement,off,0,50,32,False,0.19997368263934337,0.19997368263934334,0.2,0.648,0.30198019801980197
engagement,off,0,50,33,False,0.19998026197950752,0.19998026197950752,0.2,0.6507936507936508,0.30049261083743845
engagement,off,0,50,34,False,0.19998519648463065,0.19998519648463065,0.2,0.6564885496183206,0.3033175355450237
engagement,off,0,50,35,False,0.19998889736347297,0.19998889736347297,0.2,0.6541353383458647,0.3023255813953488
engagement,off,0,50,36,False,0.19999167302260473,0.19999167302260473,0.2,0.6571428571428571,0.30180180180180183
engagement,off,0,50,37,False,0.19999375476695352,0.19999375476695352,0.2,0.6619718309859155,0.29777777777777775
engagement,off,0,50,38,False,0.19999531607521512,0.19999531607521515,0.2,0.6712328767123288,0.29004329004329005
engagement,off,0,50,39,False,0.1999964870564114,0.19999648705641138,0.2,0.6688741721854304,0.29411764705882354
engagement,off,0,51,0,False,0.0,0.0,0.0,0.0,1.0
engagement,off,0,51,1,False,0.0,0.0,0.14285714285714285,0.14285714285714285,0.875
engagement,off,0,51,2,False,0.03571428571428571,0.03571428571428571,0.23529411764705882,0.23529411764705882,0.7894736842105263
engagement,off,0,51,3,False,0.08560924369747899,0.08560924369747899,0.3,0.3333333333333333,0.6956521739130435
engagement,off,0,51,4,False,0.13920693277310925,0.13920693277310925,0.3,0.4166666666666667,0.6274509803921569
engagement,off,0,51,5,False,0.17940519957983195,0.17940519957983192,0.3,0.44,0.6
engagement,off,0,51,6,False,0.20955389968487395,0.20955389968487392,0.3,0.4827586206896552,0.5666666666666667
engagement,off,0,51,7,False,0.2321654247636554,0.23216542476365543,0.3,0.4838709677419355,0.5538461538461539
engagement,off,0,51,8,False,0.24912406857274155,0.24912406857274155,0.3,0.5405405405405406,0.5138888888888888
engagement,off,0,51,9,False,0.26184305142955616,0.26184305142955616,0.3,0.5609756097560976,0.48717948717948717
engagement,off,0,51,10,False,0.2713822885721671,0.2713822885721671,0.3,0.5909090909090909,0.4588235294117647
engagement,off,0,51,11,False,0.27853671642912536,0.27853671642912536,0.3,0.5957446808510638,0.43956043956043955
engagement,off,0,51,12,False,0.283902537321844,0.283902537321844,0.3,0.62,0.425531914893617
engagement,off,0,51,13,False,0.287926902991383,0.287926902991383,0.3,0.6415094339622641,0.4
engagement,off,0,51,14,False,0.29094517724353725,0.29094517724353725,0.3,0.6545454545454545,0.4
engagement,off,0,51,15,False,0.29320888293265296,0.29320888293265296,0.3,0.639344262295082,0.39823008849557523
engagement,off,0,51,16,False,0.29490666219948974,0.29490666219948974,0.3,0.6349206349206349,0.39655172413793105
engagement,off,0,51,17,False,0.2961799966496173,0.2961799966496173,0.3,0.640625,0.3884297520661157
engagement,off,0,51,18,False,0.297134997487213,0.297134997487213,0.3,0.6567164179104478,0.376
engagement,off,0,51,19,False,0.29785124811540975,0.29785124811540975,0.3,0.6621621621621622,0.3656716417910448
engagement,off,0,51,20,False,0.2983884360865573,0.2983884360865573,0.3,0.6582278481012658,0.3591549295774648
engagement,off,0,51,21,False,0.29879132706491796,0.29879132706491796,0.3,0.6707317073170732,0.35374149659863946
engagement,off,0,51,22,False,0.29909349529868845,0.29909349529868845,0.3,0.6704545454545454,0.35714285714285715
engagement,off,0,51,23,False,0.2993201214740163,0.2993201214740163,0.3,0.6813186813186813,0.34810126582278483
engagement,off,0,51,24,False,0.2994900911055122,0.2994900911055122,0.3,0.6842105263157895,0.34146341463414637
engagement,off,0,51,25,False,0.29961756832913417,0.29961756832913417,0.3,0.6893203883495146,0.3352601156069364
engagement,off,0,51,26,False,0.2997131762468506,0.2997131762468506,0.3,0.6923076923076923,0.3314285714285714
engagement,off,0,51,27,False,0.299784882185138,0.299784882185138,0.3,0.7037037037037037,0.32044198895027626
engagement,off,0,51,28,False,0.2998386616388535,0.2998386616388535,0.3,0.7090909090909091,0.32085561497326204
engagement,off,0,51,29,False,0.2998789962291401,0.2998789962291401,0.3,0.6991150442477876,0.32124352331606215
engagement,off,0,51,30,False,0.2999092471718551,0.2999092471718551,0.3,0.6923076923076923,0.32663316582914576
engagement,off,0,51,31,False,0.2999319353788913,0.2999319353788913,0.3,0.6974789915966386,0.32019704433497537
engagement,off,0,51,32,False,0.29994895153416845,0.29994895153416845,0.3,0.7049180327868853,0.3173076923076923
engagement,off,0,51,33,False,0.29996171365062635,0.29996171365062635,0.3,0.7049180327868853,0.3157894736842105
engagement,off,0,51,34,False,0.2999712852379698,0.2999712852379698,0.3,0.6984126984126984,0.31627906976744186
engagement,off,0,51,35,False,0.2999784639284773,0.2999784639284773,0.3,0.6923076923076923,0.3169642857142857
engagement,off,0,51,36,False,0.299983847946358,0.299983847946358,0.3,0.6962962962962963,0.3130434782608696
engagement,off,0,51,37,False,0.2999878859597685,0.2999878859597685,0.3,0.6956521739130435,0.31063829787234043
engagement,off,0,51,38,False,0.2999909144698264,0.2999909144698264,0.3,0.7013888888888888,0.30991735537190085
engagement,off,0,51,39,False,0.2999931858523698,0.2999931858523698,0.3,0.7034482758620689,0.3089430894308943
engagement,off,2,42,0,False,0.0,0.0,0.0,0.0,1.0
engagement,off,2,42,1,False,0.0,0.0,0.3333333333333333,0.3333333333333333,0.8260869565217391
engagement,off,2,42,2,True,0.08333333333333333,0.08333333333333333,0.0,0.0,1.0
engagement,off,2,42,3,False,0.0625,0.0625,0.3,0.3,0.8275862068965517
engagement,off,2,42,4,True,0.121875,0.121875,0.0,0.0,1.0
engagement,off,2,42,5,False,0.09140625,0.09140625,0.36363636363636365,0.36363636363636365,0.8125
engagement,off,2,42,6,True,0.1594637784090909,0.1594637784090909,0.0,0.0,1.0
engagement,off,2,42,7,False,0.11959783380681818,0.11959783380681818,0.21052631578947367,0.21052631578947367,0.8333333333333334
engagement,off,2,42,8,True,0.14232995430248205,0.14232995430248205,0.0,0.0,1.0
engagement,off,2,42,9,False,0.10674746572686153,0.10674746572686153,0.13333333333333333,0.13333333333333333,0.84
engagement,off,2,42,10,True,0.11339393262847948,0.11339393262847947,0.0,0.0,1.0
engagement,off,2,42,11,False,0.0850454494713596,0.0850454494713596,0.23076923076923078,0.23076923076923078,0.8666666666666667
engagement,off,2,42,12,True,0.12147639479582739,0.12147639479582739,0.0,0.0,1.0
engagement,off,2,42,13,False,0.09110729609687054,0.09110729609687054,0.25,0.25,0.7916666666666666
engagement,off,2,42,14,True,0.13083047207265291,0.13083047207265291,0.0,0.0,1.0
engagement,off,2,42,15,False,0.09812285405448969,0.09812285405448969,0.1111111111111111,0.1111111111111111,0.9090909090909091
engagement,off,2,42,16,True,0.10136991831864504,0.10136991831864504,0.0,0.0,1.0
engagement,off,2,42,17,False,0.07602743873898378,0.07602743873898378,0.16666666666666666,0.16666666666666666,0.8571428571428571
engagement,off,2,42,18,True,0.09868724572090451,0.09868724572090451,0.0,0.0,1.0
engagement,off,2,42,19,False,0.07401543429067839,0.07401543429067839,0.13333333333333333,0.13333333333333333,0.8846153846153846
engagement,off,2,42,20,True,0.08884490905134212,0.08884490905134212,0.0,0.0,1.0
engagement,off,2,42,21,False,0.0666336817885066,0.0666336817885066,0.375,0.375,0.7916666666666666
engagement,off,2,42,22,True,0.14372526134137995,0.14372526134137995,0.0,0.0,1.0
engagement,off,2,42,23,False,0.10779394600603495,0.10779394600603495,0.18181818181818182,0.18181818181818182,0.8518518518518519
engagement,off,2,42,24,True,0.12630000495907168,0.12630000495907168,0.0,0.0,1.0
engagement,off,2,42,25,False,0.09472500371930377,0.09472500371930376,0.0,0.0,0.9130434782608695
engagement,off,2,42,26,True,0.07104375278947782,0.07104375278947782,0.0,0.0,1.0
engagement,off,2,42,27,False,0.05328281459210836,0.05328281459210836,0.23076923076923078,0.23076923076923078,0.8518518518518519
engagement,off,2,42,28,True,0.09765441863638895,0.09765441863638896,0.0,0.0,1.0
engagement,off,2,42,29,False,0.07324081397729172,0.07324081397729172,0.2,0.2,0.8888888888888888
engagement,off,2,42,30,True,0.1049306104829688,0.1049306104829688,0.0,0.0,1.0
engagement,off,2,42,31,False,0.0786979578622266,0.0786979578622266,0.2222222222222222,0.2222222222222222,0.8
engagement,off,2,42,32,True,0.1145790239522255,0.1145790239522255,0.0,0.0,1.0
engagement,off,2,42,33,False,0.08593426796416911,0.08593426796416911,0.14285714285714285,0.14285714285714285,0.8928571428571429
engagement,off,2,42,34,True,0.10016498668741254,0.10016498668741254,0.0,0.0,1.0
engagement,off,2,42,35,False,0.07512374001555941,0.07512374001555941,0.5,0.5,0.8181818181818182
engagement,off,2,42,36,True,0.18134280501166952,0.18134280501166955,0.0,0.0,1.0
engagement,off,2,42,37,False,0.13600710375875216,0.13600710375875216,0.25,0.25,0.8095238095238095
engagement,off,2,42,38,True,0.16450532781906416,0.16450532781906413,0.0,0.0,1.0
engagement,off,2,42,39,False,0.1233789958642981,0.1233789958642981,0.09090909090909091,0.09090909090909091,0.8846153846153846
engagement,off,2,43,0,False,0.0,0.0,0.0,0.0,1.0
engagement,off,2,43,1,False,0.0,0.0,0.09090909090909091,0.09090909090909091,0.8518518518518519
engagement,off,2,43,2,True,0.022727272727272728,0.022727272727272728,0.0,0.0,1.0
engagement,off,2,43,3,False,0.017045454545454544,0.017045454545454544,0.2727272727272727,0.2727272727272727,0.8
engagement,off,2,43,4,True,0.08096590909090909,0.08096590909090909,0.0,0.0,1.0
engagement,off,2,43,5,False,0.060724431818181816,0.060724431818181816,0.42857142857142855,0.42857142857142855,0.7391304347826086
engagement,off,2,43,6,True,0.1526861810064935,0.1526861810064935,0.0,0.0,1.0
engagement,off,2,43,7,False,0.11451463575487013,0.11451463575487013,0.07142857142857142,0.07142857142857142,0.9166666666666666
engagement,off,2,43,8,True,0.10374311967329544,0.10374311967329544,0.0,0.0,1.0
engagement,off,2,43,9,False,0.07780733975497159,0.07780733975497159,0.1,0.1,0.8571428571428571
engagement,off,2,43,10,True,0.08335550481622869,0.08335550481622869,0.0,0.0,1.0
engagement,off,2,43,11,False,0.06251662861217153,0.06251662861217153,0.18181818181818182,0.18181818181818182,0.78125
engagement,off,2,43,12,True,0.0923420169136741,0.09234201691367411,0.0,0.0,1.0
engagement,off,2,43,13,False,0.06925651268525558,0.06925651268525558,0.2857142857142857,0.2857142857142857,0.7727272727272727
engagement,off,2,43,14,True,0.12337095594251311,0.12337095594251311,0.0,0.0,1.0
engagement,off,2,43,15,False,0.09252821695688483,0.09252821695688483,0.21428571428571427,0.21428571428571427,0.8857142857142857
engagement,off,2,43,16,True,0.12296759128909218,0.12296759128909218,0.0,0.0,1.0
engagement,off,2,43,17,False,0.09222569346681915,0.09222569346681914,0.13333333333333333,0.13333333333333333,0.84
engagement,off,2,43,18,True,0.10250260343344768,0.10250260343344769,0.0,0.0,1.0
engagement,off,2,43,19,False,0.07687695257508577,0.07687695257508577,0.18181818181818182,0.18181818181818182,0.8636363636363636
engagement,off,2,43,20,True,0.10311225988585979,0.10311225988585979,0.0,0.0,1.0
engagement,off,2,43,21,False,0.07733419491439483,0.07733419491439483,0.5714285714285714,0.5714285714285714,0.7272727272727273
engagement,off,2,43,22,True,0.20085778904293897,0.20085778904293897,0.0,0.0,1.0
engagement,off,2,43,23,False,0.15064334178220423,0.15064334178220423,0.2,0.2,0.9130434782608695
engagement,off,2,43,24,True,0.16298250633665318,0.16298250633665318,0.0,0.0,1.0
engagement,off,2,43,25,False,0.12223687975248988,0.12223687975248988,0.15384615384615385,0.15384615384615385,0.88
engagement,off,2,43,26,True,0.13013919827590587,0.13013919827590587,0.0,0.0,1.0
engagement,off,2,43,27,False,0.0976043987069294,0.0976043987069294,0.375,0.375,0.782608695652174
engagement,off,2,43,28,True,0.1669532990301971,0.16695329903019707,0.0,0.0,1.0
engagement,off,2,43,29,False,0.1252149742726478,0.1252149742726478,0.1111111111111111,0.1111111111111111,0.875
engagement,off,2,43,30,True,0.12168900848226362,0.12168900848226362,0.0,0.0,1.0
engagement,off,2,43,31,False,0.09126675636169772,0.09126675636169772,0.3333333333333333,0.3333333333333333,0.7777777777777778
engagement,off,2,43,32,True,0.1517834006046066,0.1517834006046066,0.0,0.0,1.0
engagement,off,2,43,33,False,0.11383755045345494,0.11383755045345495,0.18181818181818182,0.18181818181818182,0.9090909090909091
engagement,off,2,43,34,True,0.13083270829463667,0.13083270829463667,0.0,0.0,1.0
engagement,off,2,43,35,False,0.0981245312209775,0.0981245312209775,0.3333333333333333,0.3333333333333333,0.8148148148148148
engagement,off,2,43,36,True,0.15692673174906643,0.15692673174906646,0.0,0.0,1.0
engagement,off,2,43,37,False,0.11769504881179985,0.11769504881179985,0.2,0.2,0.8518518518518519
engagement,off,2,43,38,True,0.1382712866088499,0.1382712866088499,0.0,0.0,1.0
engagement,off,2,43,39,False,0.10370346495663743,0.10370346495663743,0.2,0.2,0.8421052631578947
engagement,off,2,44,0,False,0.0,0.0,0.0,0.0,1.0
engagement,off,2,44,1,False,0.0,0.0,0.3,0.3,0.72
engagement,off,2,44,2,True,0.075,0.075,0.0,0.0,1.0
engagement,off,2,44,3,False,0.05624999999999999,0.056249999999999994,0.36363636363636365,0.36363636363636365,0.76
engagement,off,2,44,4,True,0.1330965909090909,0.1330965909090909,0.0,0.0,1.0
engagement,off,2,44,5,False,0.09982244318181818,0.09982244318181818,0.14285714285714285,0.14285714285714285,0.9259259259259259
engagement,off,2,44,6,True,0.11058111810064934,0.11058111810064934,0.0,0.0,1.0
engagement,off,2,44,7,False,0.082935838575487,0.082935838575487,0.375,0.375,0.8181818181818182
engagement,off,2,44,8,True,0.15595187893161525,0.15595187893161525,0.0,0.0,1.0
engagement,off,2,44,9,False,0.11696390919871144,0.11696390919871144,0.3333333333333333,0.3333333333333333,0.8636363636363636
engagement,off,2,44,10,True,0.1710562652323669,0.1710562652323669,0.0,0.0,1.0
engagement,off,2,44,11,False,0.12829219892427518,0.12829219892427518,0.3076923076923077,0.3076923076923077,0.8333333333333334
engagement,off,2,44,12,True,0.17314222611628333,0.17314222611628333,0.0,0.0,1.0
engagement,off,2,44,13,False,0.12985666958721248,0.12985666958721248,0.2222222222222222,0.2222222222222222,0.8076923076923077
engagement,off,2,44,14,True,0.15294805774596493,0.15294805774596493,0.0,0.0,1.0
engagement,off,2,44,15,False,0.1147110433094737,0.1147110433094737,0.3076923076923077,0.3076923076923077,0.8076923076923077
engagement,off,2,44,16,True,0.16295635940518222,0.16295635940518222,0.0,0.0,1.0
engagement,off,2,44,17,False,0.12221726955388666,0.12221726955388666,0.2727272727272727,0.2727272727272727,0.8518518518518519
engagement,off,2,44,18,True,0.15984477034723316,0.15984477034723316,0.0,0.0,1.0
engagement,off,2,44,19,False,0.11988357776042487,0.11988357776042487,0.3333333333333333,0.3333333333333333,0.782608695652174
engagement,off,2,44,20,True,0.17324601665365197,0.17324601665365197,0.0,0.0,1.0
engagement,off,2,44,21,False,0.12993451249023896,0.12993451249023896,0.21428571428571427,0.21428571428571427,0.8
engagement,off,2,44,22,True,0.15102231293910778,0.15102231293910778,0.0,0.0,1.0
engagement,off,2,44,23,False,0.11326673470433084,0.11326673470433084,0.0,0.0,0.9310344827586207
engagement,off,2,44,24,True,0.08495005102824812,0.08495005102824812,0.0,0.0,1.0
engagement,off,2,44,25,False,0.06371253827118609,0.06371253827118609,0.2727272727272727,0.2727272727272727,0.8518518518518519
engagement,off,2,44,26,True,0.11596622188520775,0.11596622188520775,0.0,0.0,1.0
engagement,off,2,44,27,False,0.0869746664139058,0.0869746664139058,0.14285714285714285,0.14285714285714285,0.8636363636363636
engagement,off,2,44,28,True,0.10094528552471506,0.10094528552471506,0.0,0.0,1.0
engagement,off,2,44,29,False,0.0757089641435363,0.0757089641435363,0.14285714285714285,0.14285714285714285,0.8846153846153846
engagement,off,2,44,30,True,0.09249600882193794,0.09249600882193794,0.0,0.0,1.0
engagement,off,2,44,31,False,0.06937200661645346,0.06937200661645346,0.25,0.25,0.8
engagement,off,2,44,32,True,0.11452900496234009,0.11452900496234009,0.0,0.0,1.0
engagement,off,2,44,33,False,0.08589675372175506,0.08589675372175506,0.0,0.0,0.9047619047619048
engagement,off,2,44,34,True,0.06442256529131629,0.06442256529131629,0.0,0.0,1.0
engagement,off,2,44,35,False,0.048316923968487226,0.04831692396848722,0.25,0.25,0.9
engagement,off,2,44,36,True,0.09873769297636541,0.09873769297636542,0.0,0.0,1.0
engagement,off,2,44,37,False,0.07405326973227407,0.07405326973227407,0.21428571428571427,0.21428571428571427,0.8518518518518519
engagement,off,2,44,38,True,0.10911138087063413,0.10911138087063413,0.0,0.0,1.0
engagement,off,2,44,39,False,0.0818335356529756,0.0818335356529756,0.15384615384615385,0.15384615384615385,0.8636363636363636
engagement,off,2,45,0,False,0.0,0.0,0.0,0.0,1.0
engagement,off,2,45,1,False,0.0,0.0,0.3076923076923077,0.3076923076923077,0.7777777777777778
engagement,off,2,45,2,True,0.07692307692307694,0.07692307692307693,0.0,0.0,1.0
engagement,off,2,45,3,False,0.057692307692307696,0.057692307692307696,0.125,0.125,0.8846153846153846
engagement,off,2,45,4,True,0.07451923076923077,0.07451923076923077,0.0,0.0,1.0
engagement,off,2,45,5,False,0.05588942307692307,0.05588942307692307,0.0,0.0,0.95
engagement,off,2,45,6,True,0.041917067307692304,0.041917067307692304,0.0,0.0,1.0
engagement,off,2,45,7,False,0.03143780048076923,0.03143780048076923,0.08333333333333333,0.08333333333333333,0.8846153846153846
engagement,off,2,45,8,True,0.044411683693910256,0.044411683693910256,0.0,0.0,1.0
engagement,off,2,45,9,False,0.033308762770432696,0.033308762770432696,0.1111111111111111,0.1111111111111111,0.8333333333333334
engagement,off,2,45,10,True,0.0527593498556023,0.052759349855602294,0.0,0.0,1.0
engagement,off,2,45,11,False,0.03956951239170172,0.03956951239170172,0.18181818181818182,0.18181818181818182,0.9230769230769231
engagement,off,2,45,12,True,0.07513167974832176,0.07513167974832174,0.0,0.0,1.0
engagement,off,2,45,13,False,0.05634875981124131,0.05634875981124131,0.5,0.5,0.8095238095238095
engagement,off,2,45,14,True,0.167261569858431,0.167261569858431,0.0,0.0,1.0
engagement,off,2,45,15,False,0.12544617739382324,0.12544617739382324,0.2,0.2,0.8076923076923077
engagement,off,2,45,16,True,0.14408463304536742,0.14408463304536745,0.0,0.0,1.0
engagement,off,2,45,17,False,0.10806347478402559,0.10806347478402559,0.25,0.25,0.8571428571428571
engagement,off,2,45,18,True,0.1435476060880192,0.1435476060880192,0.0,0.0,1.0
engagement,off,2,45,19,False,0.1076607045660144,0.1076607045660144,0.2,0.2,0.8888888888888888
engagement,off,2,45,20,True,0.13074552842451082,0.13074552842451082,0.0,0.0,1.0
engagement,off,2,45,21,False,0.09805914631838311,0.09805914631838311,0.3,0.3,0.8695652173913043
engagement,off,2,45,22,True,0.1485443597387873,0.14854435973878732,0.0,0.0,1.0
engagement,off,2,45,23,False,0.11140826980409049,0.11140826980409049,0.2222222222222222,0.2222222222222222,0.8636363636363636
engagement,off,2,45,24,True,0.13911175790862343,0.13911175790862343,0.0,0.0,1.0
engagement,off,2,45,25,False,0.10433381843146758,0.10433381843146758,0.375,0.375,0.76
engagement,off,2,45,26,True,0.17200036382360068,0.17200036382360068,0.0,0.0,1.0
engagement,off,2,45,27,False,0.1290002728677005,0.1290002728677005,0.2222222222222222,0.2222222222222222,0.8695652173913043
engagement,off,2,45,28,True,0.1523057602063309,0.1523057602063309,0.0,0.0,1.0
engagement,off,2,45,29,False,0.11422932015474818,0.11422932015474818,0.1111111111111111,0.1111111111111111,0.9032258064516129
engagement,off,2,45,30,True,0.11344976789383891,0.11344976789383891,0.0,0.0,1.0
engagement,off,2,45,31,False,0.08508732592037918,0.08508732592037918,0.2,0.2,0.875
engagement,off,2,45,32,True,0.1138154944402844,0.1138154944402844,0.0,0.0,1.0
engagement,off,2,45,33,False,0.0853616208302133,0.0853616208302133,0.11764705882352941,0.11764705882352941,0.8214285714285714
engagement,off,2,45,34,True,0.09343298032854233,0.09343298032854233,0.0,0.0,1.0
engagement,off,2,45,35,False,0.07007473524640676,0.07007473524640676,0.07142857142857142,0.07142857142857142,0.9090909090909091
engagement,off,2,45,36,True,0.07041319429194792,0.07041319429194792,0.0,0.0,1.0
engagement,off,2,45,37,False,0.05280989571896094,0.05280989571896094,0.2,0.2,0.8148148148148148
engagement,off,2,45,38,True,0.08960742178922072,0.08960742178922071,0.0,0.0,1.0
engagement,off,2,45,39,False,0.06720556634191553,0.06720556634191553,0.1111111111111111,0.1111111111111111,0.9230769230769231
engagement,off,2,46,0,False,0.0,0.0,0.0,0.0,1.0
engagement,off,2,46,1,False,0.0,0.0,0.2,0.2,0.8461538461538461
engagement,off,2,46,2,True,0.05,0.05,0.0,0.0,1.0
engagement,off,2,46,3,False,0.03750000000000001,0.037500000000000006,0.14285714285714285,0.14285714285714285,0.88
engagement,off,2,46,4,True,0.06383928571428571,0.06383928571428571,0.0,0.0,1.0
engagement,off,2,46,5,False,0.04787946428571428,0.04787946428571428,0.1,0.1,0.92
engagement,off,2,46,6,True,0.060909598214285716,0.060909598214285716,0.0,0.0,1.0
engagement,off,2,46,7,False,0.04568219866071429,0.04568219866071429,0.16666666666666666,0.16666666666666666,0.88
engagement,off,2,46,8,True,0.07592831566220237,0.07592831566220237,0.0,0.0,1.0
engagement,off,2,46,9,False,0.05694623674665178,0.05694623674665178,0.2727272727272727,0.2727272727272727,0.8620689655172413
engagement,off,2,46,10,True,0.11089149574180701,0.11089149574180701,0.0,0.0,1.0
engagement,off,2,46,11,False,0.08316862180635527,0.08316862180635526,0.09090909090909091,0.09090909090909091,0.8461538461538461
engagement,off,2,46,12,True,0.08510373908203916,0.08510373908203916,0.0,0.0,1.0
engagement,off,2,46,13,False,0.06382780431152937,0.06382780431152937,0.08333333333333333,0.08333333333333333,0.8571428571428571
engagement,off,2,46,14,True,0.06870418656698037,0.06870418656698037,0.0,0.0,1.0
engagement,off,2,46,15,False,0.05152813992523527,0.05152813992523528,0.3076923076923077,0.3076923076923077,0.8
engagement,off,2,46,16,True,0.11556918186700338,0.11556918186700338,0.0,0.0,1.0
engagement,off,2,46,17,False,0.08667688640025253,0.08667688640025253,0.16666666666666666,0.16666666666666666,0.8148148148148148
engagement,off,2,46,18,True,0.10667433146685605,0.10667433146685606,0.0,0.0,1.0
engagement,off,2,46,19,False,0.08000574860014205,0.08000574860014205,0.09090909090909091,0.09090909090909091,0.875
engagement,off,2,46,20,True,0.08273158417737927,0.08273158417737927,0.0,0.0,1.0
engagement,off,2,46,21,False,0.062048688133034456,0.062048688133034456,0.09090909090909091,0.09090909090909091,0.9230769230769231
engagement,off,2,46,22,True,0.06926378882704856,0.06926378882704856,0.0,0.0,1.0
engagement,off,2,46,23,False,0.05194784162028642,0.05194784162028642,0.14285714285714285,0.14285714285714285,0.85
engagement,off,2,46,24,True,0.07467516692950052,0.07467516692950052,0.0,0.0,1.0
engagement,off,2,46,25,False,0.05600637519712539,0.05600637519712539,0.3076923076923077,0.3076923076923077,0.8
engagement,off,2,46,26,True,0.11892785832092097,0.11892785832092097,0.0,0.0,1.0
engagement,off,2,46,27,False,0.08919589374069073,0.08919589374069073,0.23076923076923078,0.23076923076923078,0.8620689655172413
engagement,off,2,46,28,True,0.12458922799782575,0.12458922799782575,0.0,0.0,1.0
engagement,off,2,46,29,False,0.09344192099836932,0.09344192099836932,0.21428571428571427,0.21428571428571427,0.8709677419354839
engagement,off,2,46,30,True,0.12365286932020556,0.12365286932020556,0.0,0.0,1.0
engagement,off,2,46,31,False,0.09273965199015415,0.09273965199015416,0.14285714285714285,0.14285714285714285,0.88
engagement,off,2,46,32,True,0.10526902470690133,0.10526902470690133,0.0,0.0,1.0
engagement,off,2,46,33,False,0.078951768530176,0.07895176853017599,0.21428571428571427,0.21428571428571427,0.8275862068965517
engagement,off,2,46,34,True,0.11278525496906056,0.11278525496906056,0.0,0.0,1.0
engagement,off,2,46,35,False,0.08458894122679542,0.08458894122679542,0.25,0.25,0.84
engagement,off,2,46,36,True,0.12594170592009657,0.12594170592009657,0.0,0.0,1.0
engagement,off,2,46,37,False,0.09445627944007243,0.09445627944007243,0.25,0.25,0.8846153846153846
engagement,off,2,46,38,True,0.13334220958005433,0.13334220958005433,0.0,0.0,1.0
engagement,off,2,46,39,False,0.10000665718504075,0.10000665718504075,0.125,0.125,0.9545454545454546
engagement,off,2,47,0,False,0.0,0.0,0.0,0.0,1.0
engagement,off,2,47,1,False,0.0,0.0,0.2727272727272727,0.2727272727272727,0.8518518518518519
engagement,off,2,47,2,True,0.06818181818181818,0.06818181818181818,0.0,0.0,1.0
engagement,off,2,47,3,False,0.05113636363636363,0.05113636363636363,0.16666666666666666,0.16666666666666666,0.7777777777777778
engagement,off,2,47,4,True,0.08001893939393938,0.08001893939393939,0.0,0.0,1.0
engagement,off,2,47,5,False,0.060014204545454544,0.060014204545454544,0.09090909090909091,0.09090909090909091,0.9473684210526315
engagement,off,2,47,6,True,0.06773792613636365,0.06773792613636365,0.0,0.0,1.0
engagement,off,2,47,7,False,0.05080344460227274,0.050803444602272735,0.2222222222222222,0.2222222222222222,0.8846153846153846
engagement,off,2,47,8,True,0.0936581390072601,0.09365813900726011,0.0,0.0,1.0
engagement,off,2,47,9,False,0.07024360425544508,0.07024360425544508,0.18181818181818182,0.18181818181818182,0.8214285714285714
engagement,off,2,47,10,True,0.09813724864612927,0.09813724864612927,0.0,0.0,1.0
engagement,off,2,47,11,False,0.07360293648459695,0.07360293648459695,0.08333333333333333,0.08333333333333333,0.8076923076923077
engagement,off,2,47,12,True,0.07603553569678105,0.07603553569678105,0.0,0.0,1.0
engagement,off,2,47,13,False,0.05702665177258578,0.057026651772585785,0.1111111111111111,0.1111111111111111,0.8571428571428571
engagement,off,2,47,14,True,0.07054776660721712,0.07054776660721712,0.0,0.0,1.0
engagement,off,2,47,15,False,0.05291082495541284,0.05291082495541284,0.2857142857142857,0.2857142857142857,0.8235294117647058
engagement,off,2,47,16,True,0.11111169014513107,0.11111169014513106,0.0,0.0,1.0
engagement,off,2,47,17,False,0.0833337676088483,0.0833337676088483,0.3333333333333333,0.3333333333333333,0.78125
engagement,off,2,47,18,True,0.14583365903996953,0.14583365903996953,0.0,0.0,1.0
engagement,off,2,47,19,False,0.10937524427997715,0.10937524427997715,0.2857142857142857,0.2857142857142857,0.8181818181818182
engagement,off,2,47,20,True,0.1534600046385543,0.1534600046385543,0.0,0.0,1.0
engagement,off,2,47,21,False,0.11509500347891573,0.11509500347891573,0.2727272727272727,0.2727272727272727,0.8275862068965517
engagement,off,2,47,22,True,0.15450307079100498,0.15450307079100498,0.0,0.0,1.0
engagement,off,2,47,23,False,0.11587730309325373,0.11587730309325373,0.2857142857142857,0.2857142857142857,0.7916666666666666
engagement,off,2,47,24,True,0.15833654874851172,0.15833654874851172,0.0,0.0,1.0
engagement,off,2,47,25,False,0.11875241156138379,0.11875241156138379,0.17647058823529413,0.17647058823529413,0.7586206896551724
engagement,off,2,47,26,True,0.13318195572986138,0.13318195572986138,0.0,0.0,1.0
engagement,off,2,47,27,False,0.09988646679739606,0.09988646679739605,0.21428571428571427,0.21428571428571427,0.8636363636363636
engagement,off,2,47,28,True,0.1284862786694756,0.1284862786694756,0.0,0.0,1.0
engagement,off,2,47,29,False,0.0963647090021067,0.0963647090021067,0.16666666666666666,0.16666666666666666,0.9285714285714286
engagement,off,2,47,30,True,0.11394019841824668,0.11394019841824668,0.0,0.0,1.0
engagement,off,2,47,31,False,0.08545514881368502,0.08545514881368502,0.2857142857142857,0.2857142857142857,0.8214285714285714
engagement,off,2,47,32,True,0.1355199330388352,0.1355199330388352,0.0,0.0,1.0
engagement,off,2,47,33,False,0.1016399497791264,0.1016399497791264,0.2,0.2,0.8571428571428571
engagement,off,2,47,34,True,0.1262299623343448,0.1262299623343448,0.0,0.0,1.0
engagement,off,2,47,35,False,0.09467247175075862,0.0946724717507586,0.3076923076923077,0.3076923076923077,0.84
engagement,off,2,47,36,True,0.14792743073614587,0.1479274307361459,0.0,0.0,1.0
engagement,off,2,47,37,False,0.11094557305210942,0.11094557305210942,0.16666666666666666,0.16666666666666666,0.92
engagement,off,2,47,38,True,0.12487584645574874,0.12487584645574873,0.0,0.0,1.0
engagement,off,2,47,39,False,0.09365688484181155,0.09365688484181155,0.0,0.0,0.9130434782608695
engagement,off,2,48,0,False,0.0,0.0,0.0,0.0,1.0
engagement,off,2,48,1,False,0.0,0.0,0.3333333333333333,0.3333333333333333,0.8571428571428571
engagement,off,2,48,2,True,0.08333333333333333,0.08333333333333333,0.0,0.0,1.0
engagement,off,2,48,3,False,0.0625,0.0625,0.4,0.4,0.7916666666666666
engagement,off,2,48,4,True,0.146875,0.146875,0.0,0.0,1.0
engagement,off,2,48,5,False,0.11015625000000002,0.11015625000000001,0.0,0.0,0.96
engagement,off,2,48,6,True,0.08261718750000001,0.08261718750000001,0.0,0.0,1.0
engagement,off,2,48,7,False,0.061962890625,0.061962890625,0.14285714285714285,0.14285714285714285,0.8947368421052632
engagement,off,2,48,8,True,0.08218645368303572,0.08218645368303572,0.0,0.0,1.0
engagement,off,2,48,9,False,0.06163984026227679,0.061639840262276785,0.18181818181818182,0.18181818181818182,0.9259259259259259
engagement,off,2,48,10,True,0.09168442565125304,0.09168442565125304,0.0,0.0,1.0
engagement,off,2,48,11,False,0.06876331923843979,0.06876331923843979,0.21428571428571427,0.21428571428571427,0.7586206896551724
engagement,off,2,48,12,True,0.1051439180002584,0.10514391800025841,0.0,0.0,1.0
engagement,off,2,48,13,False,0.0788579385001938,0.0788579385001938,0.3333333333333333,0.3333333333333333,0.8461538461538461
engagement,off,2,48,14,True,0.14247678720847867,0.14247678720847867,0.0,0.0,1.0
engagement,off,2,48,15,False,0.106857590406359,0.106857590406359,0.1111111111111111,0.1111111111111111,0.7647058823529411
engagement,off,2,48,16,True,0.10792097058254703,0.10792097058254703,0.0,0.0,1.0
engagement,off,2,48,17,False,0.08094072793691028,0.08094072793691028,0.3,0.3,0.8260869565217391
engagement,off,2,48,18,True,0.1357055459526827,0.1357055459526827,0.0,0.0,1.0
engagement,off,2,48,19,False,0.10177915946451202,0.10177915946451202,0.3333333333333333,0.3333333333333333,0.8214285714285714
engagement,off,2,48,20,True,0.15966770293171734,0.15966770293171734,0.0,0.0,1.0
engagement,off,2,48,21,False,0.119750777198788,0.119750777198788,0.36363636363636365,0.36363636363636365,0.782608695652174
engagement,off,2,48,22,True,0.1807221738081819,0.1807221738081819,0.0,0.0,1.0
engagement,off,2,48,23,False,0.13554163035613642,0.13554163035613642,0.25,0.25,0.7692307692307693
engagement,off,2,48,24,True,0.16415622276710232,0.16415622276710232,0.0,0.0,1.0
engagement,off,2,48,25,False,0.12311716707532674,0.12311716707532674,0.21428571428571427,0.21428571428571427,0.8461538461538461
engagement,off,2,48,26,True,0.14590930387792364,0.14590930387792364,0.0,0.0,1.0
engagement,off,2,48,27,False,0.10943197790844272,0.10943197790844272,0.16666666666666666,0.16666666666666666,0.9047619047619048
engagement,off,2,48,28,True,0.1237406500979987,0.1237406500979987,0.0,0.0,1.0
engagement,off,2,48,29,False,0.09280548757349902,0.09280548757349902,0.09090909090909091,0.09090909090909091,0.84
engagement,off,2,48,30,True,0.09233138840739699,0.09233138840739699,0.0,0.0,1.0
engagement,off,2,48,31,False,0.06924854130554775,0.06924854130554775,0.2,0.2,0.7586206896551724
engagement,off,2,48,32,True,0.10193640597916083,0.10193640597916082,0.0,0.0,1.0
engagement,off,2,48,33,False,0.07645230448437061,0.07645230448437061,0.16666666666666666,0.16666666666666666,0.95
engagement,off,2,48,34,True,0.09900589502994461,0.09900589502994461,0.0,0.0,1.0
engagement,off,2,48,35,False,0.07425442127245845,0.07425442127245846,0.26666666666666666,0.26666666666666666,0.7916666666666666
engagement,off,2,48,36,True,0.12235748262101051,0.12235748262101051,0.0,0.0,1.0
engagement,off,2,48,37,False,0.09176811196575788,0.09176811196575788,0.3,0.3,0.8518518518518519
engagement,off,2,48,38,True,0.1438260839743184,0.1438260839743184,0.0,0.0,1.0
engagement,off,2,48,39,False,0.1078695629807388,0.1078695629807388,0.2857142857142857,0.2857142857142857,0.8571428571428571
engagement,off,2,49,0,False,0.0,0.0,0.0,0.0,1.0
engagement,off,2,49,1,False,0.0,0.0,0.16666666666666666,0.16666666666666666,0.8076923076923077
engagement,off,2,49,2,True,0.041666666666666664,0.041666666666666664,0.0,0.0,1.0
engagement,off,2,49,3,False,0.03125,0.03125,0.1111111111111111,0.1111111111111111,0.9
engagement,off,2,49,4,True,0.051215277777777776,0.051215277777777776,0.0,0.0,1.0
engagement,off,2,49,5,False,0.03841145833333333,0.03841145833333333,0.125,0.125,0.9130434782608695
engagement,off,2,49,6,True,0.06005859375,0.06005859375,0.0,0.0,1.0
engagement,off,2,49,7,False,0.0450439453125,0.0450439453125,0.07692307692307693,0.07692307692307693,0.8666666666666667
engagement,off,2,49,8,True,0.05301372821514423,0.05301372821514423,0.0,0.0,1.0
engagement,off,2,49,9,False,0.03976029616135818,0.03976029616135818,0.0,0.0,0.8888888888888888
engagement,off,2,49,10,True,0.02982022212101863,0.029820222121018633,0.0,0.0,1.0
engagement,off,2,49,11,False,0.022365166590763975,0.022365166590763975,0.4444444444444444,0.4444444444444444,0.8214285714285714
engagement,off,2,49,12,True,0.12788498605418408,0.12788498605418408,0.0,0.0,1.0
engagement,off,2,49,13,False,0.09591373954063806,0.09591373954063806,0.1111111111111111,0.1111111111111111,0.8846153846153846
engagement,off,2,49,14,True,0.09971308243325631,0.09971308243325631,0.0,0.0,1.0
engagement,off,2,49,15,False,0.07478481182494223,0.07478481182494223,0.42857142857142855,0.42857142857142855,0.7619047619047619
engagement,off,2,49,16,True,0.16323146601156382,0.1632314660115638,0.0,0.0,1.0
engagement,off,2,49,17,False,0.12242359950867285,0.12242359950867285,0.125,0.125,0.8695652173913043
engagement,off,2,49,18,True,0.12306769963150463,0.12306769963150463,0.0,0.0,1.0
engagement,off,2,49,19,False,0.09230077472362848,0.09230077472362846,0.07692307692307693,0.07692307692307693,0.9629629629629629
engagement,off,2,49,20,True,0.0884563502734906,0.08845635027349058,0.0,0.0,1.0
engagement,off,2,49,21,False,0.06634226270511794,0.06634226270511794,0.3333333333333333,0.3333333333333333,0.7692307692307693
engagement,off,2,49,22,True,0.13309003036217176,0.13309003036217176,0.0,0.0,1.0
engagement,off,2,49,23,False,0.09981752277162882,0.09981752277162882,0.4,0.4,0.8148148148148148
engagement,off,2,49,24,True,0.1748631420787216,0.1748631420787216,0.0,0.0,1.0
engagement,off,2,49,25,False,0.1311473565590412,0.1311473565590412,0.25,0.25,0.84
engagement,off,2,49,26,True,0.1608605174192809,0.1608605174192809,0.0,0.0,1.0
engagement,off,2,49,27,False,0.12064538806446068,0.12064538806446068,0.16666666666666666,0.16666666666666666,0.875
engagement,off,2,49,28,True,0.13215070771501217,0.13215070771501217,0.0,0.0,1.0
engagement,off,2,49,29,False,0.09911303078625913,0.09911303078625913,0.3076923076923077,0.3076923076923077,0.8
engagement,off,2,49,30,True,0.15125785001277128,0.15125785001277128,0.0,0.0,1.0
engagement,off,2,49,31,False,0.11344338750957847,0.11344338750957847,0.23529411764705882,0.23529411764705882,0.7666666666666667
engagement,off,2,49,32,True,0.14390607004394856,0.14390607004394856,0.0,0.0,1.0
engagement,off,2,49,33,False,0.10792955253296142,0.10792955253296142,0.0,0.0,0.9411764705882353
engagement,off,2,49,34,True,0.08094716439972106,0.08094716439972106,0.0,0.0,1.0
engagement,off,2,49,35,False,0.0607103732997908,0.0607103732997908,0.25,0.25,0.8571428571428571
engagement,off,2,49,36,True,0.1080327799748431,0.1080327799748431,0.0,0.0,1.0
engagement,off,2,49,37,False,0.08102458498113232,0.08102458498113232,0.13333333333333333,0.13333333333333333,0.8260869565217391
engagement,off,2,49,38,True,0.09410177206918258,0.09410177206918258,0.0,0.0,1.0
engagement,off,2,49,39,False,0.07057632905188693,0.07057632905188693,0.3,0.3,0.8518518518518519
engagement,off,2,50,0,False,0.0,0.0,0.0,0.0,1.0
engagement,off,2,50,1,False,0.0,0.0,0.21052631578947367,0.21052631578947367,0.8214285714285714
engagement,off,2,50,2,True,0.05263157894736842,0.05263157894736842,0.0,0.0,1.0
engagement,off,2,50,3,False,0.039473684210526314,0.039473684210526314,0.2,0.2,0.8571428571428571
engagement,off,2,50,4,True,0.07960526315789473,0.07960526315789473,0.0,0.0,1.0
engagement,off,2,50,5,False,0.05970394736842105,0.05970394736842105,0.07692307692307693,0.07692307692307693,0.92
engagement,off,2,50,6,True,0.06400872975708502,0.06400872975708502,0.0,0.0,1.0
engagement,off,2,50,7,False,0.048006547317813765,0.048006547317813765,0.3076923076923077,0.3076923076923077,0.782608695652174
engagement,off,2,50,8,True,0.11292798741143725,0.11292798741143725,0.0,0.0,1.0
engagement,off,2,50,9,False,0.08469599055857793,0.08469599055857793,0.26666666666666666,0.26666666666666666,0.76
engagement,off,2,50,10,True,0.1301886595856001,0.1301886595856001,0.0,0.0,1.0
engagement,off,2,50,11,False,0.09764149468920007,0.09764149468920008,0.125,0.125,0.8928571428571429
engagement,off,2,50,12,True,0.10448112101690006,0.10448112101690006,0.0,0.0,1.0
engagement,off,2,50,13,False,0.07836084076267505,0.07836084076267505,0.3333333333333333,0.3333333333333333,0.7878787878787878
engagement,off,2,50,14,True,0.1421039639053396,0.1421039639053396,0.0,0.0,1.0
engagement,off,2,50,15,False,0.1065779729290047,0.1065779729290047,0.25,0.25,0.8846153846153846
engagement,off,2,50,16,True,0.14243347969675352,0.14243347969675352,0.0,0.0,1.0
engagement,off,2,50,17,False,0.10682510977256514,0.10682510977256514,0.25,0.25,0.8846153846153846
engagement,off,2,50,18,True,0.14261883232942385,0.14261883232942385,0.0,0.0,1.0
engagement,off,2,50,19,False,0.10696412424706789,0.10696412424706789,0.0,0.0,0.9285714285714286
engagement,off,2,50,20,True,0.0802230931853009,0.08022309318530091,0.0,0.0,1.0
engagement,off,2,50,21,False,0.06016731988897568,0.06016731988897568,0.23076923076923078,0.23076923076923078,0.8275862068965517
engagement,off,2,50,22,True,0.10281779760903946,0.10281779760903946,0.0,0.0,1.0
engagement,off,2,50,23,False,0.07711334820677959,0.07711334820677959,0.15384615384615385,0.15384615384615385,0.8888888888888888
engagement,off,2,50,24,True,0.09629654961662315,0.09629654961662315,0.0,0.0,1.0
engagement,off,2,50,25,False,0.07222241221246736,0.07222241221246736,0.4444444444444444,0.4444444444444444,0.7391304347826086
engagement,off,2,50,26,True,0.1652779202704616,0.16527792027046162,0.0,0.0,1.0
engagement,off,2,50,27,False,0.12395844020284622,0.12395844020284622,0.3333333333333333,0.3333333333333333,0.7727272727272727
engagement,off,2,50,28,True,0.176302163485468,0.176302163485468,0.0,0.0,1.0
engagement,off,2,50,29,False,0.132226622614101,0.132226622614101,0.13333333333333333,0.13333333333333333,0.8888888888888888
engagement,off,2,50,30,True,0.13250330029390908,0.13250330029390908,0.0,0.0,1.0
engagement,off,2,50,31,False,0.0993774752204318,0.0993774752204318,0.25,0.25,0.8148148148148148
engagement,off,2,50,32,True,0.13703310641532385,0.13703310641532385,0.0,0.0,1.0
engagement,off,2,50,33,False,0.10277482981149288,0.10277482981149288,0.08333333333333333,0.08333333333333333,0.9545454545454546
engagement,off,2,50,34,True,0.09791445569195299,0.09791445569195299,0.0,0.0,1.0
engagement,off,2,50,35,False,0.07343584176896474,0.07343584176896474,0.2222222222222222,0.2222222222222222,0.8421052631578947
engagement,off,2,50,36,True,0.11063243688227911,0.11063243688227911,0.0,0.0,1.0
engagement,off,2,50,37,False,0.08297432766170934,0.08297432766170934,0.1111111111111111,0.1111111111111111,0.9
engagement,off,2,50,38,True,0.09000852352405977,0.09000852352405977,0.0,0.0,1.0
engagement,off,2,50,39,False,0.06750639264304484,0.06750639264304484,0.15384615384615385,0.15384615384615385,0.88
engagement,off,2,51,0,False,0.0,0.0,0.0,0.0,1.0
engagement,off,2,51,1,False,0.0,0.0,0.14285714285714285,0.14285714285714285,0.875
engagement,off,2,51,2,True,0.03571428571428571,0.03571428571428571,0.0,0.0,1.0
engagement,off,2,51,3,False,0.026785714285714284,0.026785714285714284,0.2222222222222222,0.2222222222222222,0.76
engagement,off,2,51,4,True,0.07564484126984126,0.07564484126984126,0.0,0.0,1.0
engagement,off,2,51,5,False,0.056733630952380945,0.056733630952380945,0.07692307692307693,0.07692307692307693,0.88
engagement,off,2,51,6,True,0.06178099244505494,0.061780992445054944,0.0,0.0,1.0
engagement,off,2,51,7,False,0.04633574433379121,0.04633574433379121,0.125,0.125,0.8235294117647058
engagement,off,2,51,8,True,0.06600180825034341,0.06600180825034341,0.0,0.0,1.0
engagement,off,2,51,9,False,0.04950135618775756,0.049501356187757556,0.26666666666666666,0.26666666666666666,0.8064516129032258
engagement,off,2,51,10,True,0.10379268380748483,0.10379268380748483,0.0,0.0,1.0
engagement,off,2,51,11,False,0.07784451285561363,0.07784451285561361,0.15384615384615385,0.15384615384615385,0.8620689655172413
engagement,off,2,51,12,True,0.09684492310324867,0.09684492310324867,0.0,0.0,1.0
engagement,off,2,51,13,False,0.07263369232743651,0.07263369232743651,0.3,0.3,0.7857142857142857
engagement,off,2,51,14,True,0.1294752692455774,0.1294752692455774,0.0,0.0,1.0
engagement,off,2,51,15,False,0.09710645193418303,0.09710645193418305,0.23076923076923078,0.23076923076923078,0.84
engagement,off,2,51,16,True,0.13052214664294498,0.13052214664294498,0.0,0.0,1.0
engagement,off,2,51,17,False,0.09789160998220874,0.09789160998220874,0.1111111111111111,0.1111111111111111,0.8571428571428571
engagement,off,2,51,18,True,0.10119648526443432,0.10119648526443432,0.0,0.0,1.0
engagement,off,2,51,19,False,0.07589736394832573,0.07589736394832575,0.2,0.2,0.782608695652174
engagement,off,2,51,20,True,0.10692302296124431,0.10692302296124431,0.0,0.0,1.0
engagement,off,2,51,21,False,0.08019226722093323,0.08019226722093323,0.3,0.3,0.8571428571428571
engagement,off,2,51,22,True,0.1351442004156999,0.1351442004156999,0.0,0.0,1.0
engagement,off,2,51,23,False,0.10135815031177493,0.10135815031177493,0.2,0.2,0.8823529411764706
engagement,off,2,51,24,True,0.1260186127338312,0.1260186127338312,0.0,0.0,1.0
engagement,off,2,51,25,False,0.09451395955037338,0.0945139595503734,0.35714285714285715,0.35714285714285715,0.8
engagement,off,2,51,26,True,0.16017118394849433,0.16017118394849433,0.0,0.0,1.0
engagement,off,2,51,27,False,0.12012838796137075,0.12012838796137075,0.25,0.25,0.782608695652174
engagement,off,2,51,28,True,0.15259629097102806,0.15259629097102806,0.0,0.0,1.0
engagement,off,2,51,29,False,0.11444721822827104,0.11444721822827104,0.07692307692307693,0.07692307692307693,0.8461538461538461
engagement,off,2,51,30,True,0.10506618290197252,0.10506618290197252,0.0,0.0,1.0
engagement,off,2,51,31,False,0.07879963717647939,0.07879963717647939,0.25,0.25,0.8
engagement,off,2,51,32,True,0.12159972788235954,0.12159972788235954,0.0,0.0,1.0
engagement,off,2,51,33,False,0.09119979591176966,0.09119979591176966,0.0,0.0,0.96
engagement,off,2,51,34,True,0.06839984693382725,0.06839984693382725,0.0,0.0,1.0
engagement,off,2,51,35,False,0.05129988520037044,0.05129988520037044,0.2,0.2,0.7727272727272727
engagement,off,2,51,36,True,0.08847491390027784,0.08847491390027784,0.0,0.0,1.0
engagement,off,2,51,37,False,0.06635618542520838,0.06635618542520838,0.07142857142857142,0.07142857142857142,0.9285714285714286
engagement,off,2,51,38,True,0.06762428192604913,0.06762428192604913,0.0,0.0,1.0
engagement,off,2,51,39,False,0.05071821144453685,0.05071821144453685,0.125,0.125,0.85
engagement,on,0,42,0,False,0.0,0.0,0.0,0.0,1.0
engagement,on,0,42,1,False,0.0,0.0,0.0,0.0,0.95
engagement,on,0,42,2,False,0.0,0.0,0.0,0.0,0.95
engagement,on,0,42,3,False,0.0,0.0,0.0,0.0,0.9523809523809523
engagement,on,0,42,4,False,0.0,0.0,0.0,0.0,0.9545454545454546
engagement,on,0,42,5,False,0.0,0.0,0.0,0.0,0.9565217391304348
engagement,on,0,42,6,False,0.0,0.0,0.0,0.0,0.9583333333333334
engagement,on,0,42,7,False,0.0,0.0,0.0,0.0,0.9615384615384616
engagement,on,0,42,8,False,0.0,0.0,0.0,0.0,0.9285714285714286
engagement,on,0,42,9,False,0.0,0.0,0.0,0.0,0.9333333333333333
engagement,on,0,42,10,False,0.0,0.0,0.0,0.0,0.9375
engagement,on,0,42,11,False,0.0,0.0,0.0,0.0,0.9428571428571428
engagement,on,0,42,12,False,0.0,0.0,0.0,0.0,0.9459459459459459
engagement,on,0,42,13,False,0.0,0.0,0.0,0.0,0.9473684210526315
engagement,on,0,42,14,False,0.0,0.0,0.05263157894736842,0.05263157894736842,0.925
engagement,on,0,42,15,False,0.013157894736842105,0.013157894736842105,0.05263157894736842,0.05263157894736842,0.9285714285714286
engagement,on,0,42,16,False,0.023026315789473683,0.023026315789473683,0.05,0.05,0.9302325581395349
engagement,on,0,42,17,False,0.029769736842105262,0.029769736842105262,0.05,0.047619047619047616,0.9111111111111111
engagement,on,0,42,18,False,0.034827302631578946,0.034827302631578946,0.05,0.045454545454545456,0.9130434782608695
engagement,on,0,42,19,False,0.03862047697368421,0.03862047697368421,0.05,0.045454545454545456,0.9130434782608695
engagement,on,0,42,20,False,0.041465357730263164,0.041465357730263164,0.05,0.045454545454545456,0.9148936170212766
engagement,on,0,42,21,False,0.04359901829769737,0.04359901829769737,0.05,0.043478260869565216,0.9183673469387755
engagement,on,0,42,22,False,0.04519926372327303,0.04519926372327303,0.05,0.08333333333333333,0.9038461538461539
engagement,on,0,42,23,False,0.046399447792454765,0.046399447792454765,0.05,0.08333333333333333,0.9038461538461539
engagement,on,0,42,24,False,0.047299585844341074,0.047299585844341074,0.05,0.08333333333333333,0.9038461538461539
engagement,on,0,42,25,False,0.04797468938325581,0.0479746893832558,0.05,0.08333333333333333,0.9056603773584906
engagement,on,0,42,26,False,0.048481017037441856,0.048481017037441856,0.05,0.08,0.9090909090909091
engagement,on,0,42,27,False,0.04886076277808139,0.04886076277808139,0.05,0.08,0.9090909090909091
engagement,on,0,42,28,False,0.04914557208356104,0.049145572083561045,0.05,0.08,0.8928571428571429
engagement,on,0,42,29,False,0.04935917906267079,0.04935917906267079,0.05,0.07407407407407407,0.896551724137931
engagement,on,0,42,30,False,0.04951938429700309,0.04951938429700309,0.05,0.07142857142857142,0.9
engagement,on,0,42,31,False,0.049639538222752314,0.049639538222752314,0.05,0.06896551724137931,0.9032258064516129
engagement,on,0,42,32,False,0.049729653667064236,0.049729653667064236,0.05,0.06666666666666667,0.9047619047619048
engagement,on,0,42,33,False,0.04979724025029818,0.04979724025029818,0.05,0.0625,0.9090909090909091
engagement,on,0,42,34,False,0.049847930187723634,0.04984793018772363,0.05,0.05714285714285714,0.9
engagement,on,0,42,35,False,0.049885947640792724,0.049885947640792724,0.05,0.05714285714285714,0.9
engagement,on,0,42,36,False,0.04991446073059454,0.04991446073059454,0.05,0.08108108108108109,0.8904109589041096
engagement,on,0,42,37,False,0.0499358455479459,0.0499358455479459,0.05,0.08108108108108109,0.8904109589041096
engagement,on,0,42,38,False,0.04995188416095943,0.04995188416095943,0.05,0.07894736842105263,0.8918918918918919
engagement,on,0,42,39,False,0.04996391312071957,0.04996391312071957,0.05,0.07894736842105263,0.8933333333333333
engagement,on,0,43,0,False,0.0,0.0,0.0,0.0,1.0
engagement,on,0,43,1,False,0.0,0.0,0.0,0.0,1.0
engagement,on,0,43,2,False,0.0,0.0,0.0,0.0,1.0
engagement,on,0,43,3,False,0.0,0.0,0.0,0.0,0.96
engagement,on,0,43,4,False,0.0,0.0,0.0,0.0,0.96
engagement,on,0,43,5,False,0.0,0.0,0.0,0.0,0.9615384615384616
engagement,on,0,43,6,False,0.0,0.0,0.0,0.0,0.9642857142857143
engagement,on,0,43,7,False,0.0,0.0,0.0,0.0,0.96875
engagement,on,0,43,8,False,0.0,0.0,0.0,0.0,0.9705882352941176
engagement,on,0,43,9,False,0.0,0.0,0.0,0.0,0.9714285714285714
engagement,on,0,43,10,False,0.0,0.0,0.0,0.0,0.9714285714285714
engagement,on,0,43,11,False,0.0,0.0,0.0,0.0,0.9714285714285714
engagement,on,0,43,12,False,0.0,0.0,0.0,0.0,0.972972972972973
engagement,on,0,43,13,False,0.0,0.0,0.0,0.0,0.9736842105263158
engagement,on,0,43,14,False,0.0,0.0,0.0,0.0,0.9736842105263158
engagement,on,0,43,15,False,0.0,0.0,0.0,0.0,0.9743589743589743
engagement,on,0,43,16,False,0.0,0.0,0.0,0.0,0.9743589743589743
engagement,on,0,43,17,False,0.0,0.0,0.0,0.0,0.975
engagement,on,0,43,18,False,0.0,0.0,0.0,0.0,0.975609756097561
engagement,on,0,43,19,False,0.0,0.0,0.0,0.0,0.9767441860465116
engagement,on,0,43,20,False,0.0,0.0,0.0,0.0,0.9767441860465116
engagement,on,0,43,21,False,0.0,0.0,0.0,0.0,0.9767441860465116
engagement,on,0,43,22,False,0.0,0.0,0.0,0.0,0.9772727272727273
engagement,on,0,43,23,False,0.0,0.0,0.0,0.0,0.9772727272727273
engagement,on,0,43,24,False,0.0,0.0,0.0,0.0,0.9777777777777777
engagement,on,0,43,25,False,0.0,0.0,0.0,0.0,0.9782608695652174
engagement,on,0,43,26,False,0.0,0.0,0.0,0.0,0.98
engagement,on,0,43,27,False,0.0,0.0,0.0,0.0,0.9807692307692307
engagement,on,0,43,28,False,0.0,0.0,0.0,0.0,0.9818181818181818
engagement,on,0,43,29,False,0.0,0.0,0.0,0.0,0.9818181818181818
engagement,on,0,43,30,False,0.0,0.0,0.0,0.0,0.9824561403508771
engagement,on,0,43,31,False,0.0,0.0,0.0,0.0,0.9833333333333333
engagement,on,0,43,32,False,0.0,0.0,0.0,0.0,0.9833333333333333
engagement,on,0,43,33,False,0.0,0.0,0.0,0.0,0.9838709677419355
engagement,on,0,43,34,False,0.0,0.0,0.0,0.02857142857142857,0.9682539682539683
engagement,on,0,43,35,False,0.0,0.0,0.0,0.05405405405405406,0.9538461538461539
engagement,on,0,43,36,False,0.0,0.0,0.0,0.05263157894736842,0.9552238805970149
engagement,on,0,43,37,False,0.0,0.0,0.0,0.05,0.9565217391304348
engagement,on,0,43,38,False,0.0,0.0,0.0,0.047619047619047616,0.9577464788732394
engagement,on,0,43,39,False,0.0,0.0,0.0,0.06666666666666667,0.9459459459459459
engagement,on,0,44,0,False,0.0,0.0,0.0,0.0,1.0
engagement,on,0,44,1,False,0.0,0.0,0.0,0.0,1.0
engagement,on,0,44,2,False,0.0,0.0,0.0,0.0,0.9523809523809523
engagement,on,0,44,3,False,0.0,0.0,0.0,0.0,0.9565217391304348
engagement,on,0,44,4,False,0.0,0.0,0.0,0.0,0.92
engagement,on,0,44,5,False,0.0,0.0,0.0,0.0,0.92
engagement,on,0,44,6,False,0.0,0.0,0.08333333333333333,0.08333333333333333,0.8928571428571429
engagement,on,0,44,7,False,0.020833333333333332,0.020833333333333332,0.125,0.125,0.875
engagement,on,0,44,8,False,0.046875,0.046875,0.1111111111111111,0.1111111111111111,0.8823529411764706
engagement,on,0,44,9,False,0.06293402777777778,0.06293402777777778,0.1111111111111111,0.1111111111111111,0.8857142857142857
engagement,on,0,44,10,False,0.07497829861111109,0.0749782986111111,0.15789473684210525,0.15789473684210525,0.8648648648648649
engagement,on,0,44,11,False,0.09570740816885966,0.09570740816885964,0.15,0.15,0.8717948717948718
engagement,on,0,44,12,False,0.10928055612664471,0.10928055612664472,0.15,0.17391304347826086,0.8571428571428571
engagement,on,0,44,13,False,0.11946041709498353,0.11946041709498353,0.15,0.17391304347826086,0.8604651162790697
engagement,on,0,44,14,False,0.12709531282123765,0.12709531282123765,0.15,0.17391304347826086,0.8604651162790697
engagement,on,0,44,15,False,0.13282148461592824,0.13282148461592824,0.15,0.17391304347826086,0.8604651162790697
engagement,on,0,44,16,False,0.1371161134619462,0.1371161134619462,0.15,0.16666666666666666,0.8636363636363636
engagement,on,0,44,17,False,0.14033708509645965,0.14033708509645965,0.15,0.16,0.8478260869565217
engagement,on,0,44,18,False,0.14275281382234473,0.14275281382234473,0.15,0.16,0.8478260869565217
engagement,on,0,44,19,False,0.14456461036675855,0.14456461036675855,0.15,0.14814814814814814,0.8541666666666666
engagement,on,0,44,20,False,0.1459234577750689,0.1459234577750689,0.15,0.14814814814814814,0.8541666666666666
engagement,on,0,44,21,False,0.1469425933313017,0.1469425933313017,0.15,0.14814814814814814,0.8541666666666666
engagement,on,0,44,22,False,0.14770694499847628,0.14770694499847628,0.15,0.14814814814814814,0.8571428571428571
engagement,on,0,44,23,False,0.14828020874885722,0.14828020874885722,0.15,0.14285714285714285,0.8627450980392157
engagement,on,0,44,24,False,0.1487101565616429,0.1487101565616429,0.15,0.14285714285714285,0.8627450980392157
engagement,on,0,44,25,False,0.1490326174212322,0.1490326174212322,0.15,0.13793103448275862,0.8653846153846154
engagement,on,0,44,26,False,0.14927446306592415,0.14927446306592415,0.15,0.16666666666666666,0.8518518518518519
engagement,on,0,44,27,False,0.1494558472994431,0.1494558472994431,0.15,0.16129032258064516,0.8596491228070176
engagement,on,0,44,28,False,0.14959188547458233,0.14959188547458233,0.15,0.15625,0.864406779661017
engagement,on,0,44,29,False,0.14969391410593674,0.14969391410593674,0.15,0.17647058823529413,0.8524590163934426
engagement,on,0,44,30,False,0.14977043557945255,0.14977043557945255,0.15,0.17647058823529413,0.8524590163934426
engagement,on,0,44,31,False,0.1498278266845894,0.1498278266845894,0.15,0.17142857142857143,0.8548387096774194
engagement,on,0,44,32,False,0.14987087001344207,0.14987087001344207,0.15,0.175,0.8529411764705882
engagement,on,0,44,33,False,0.14990315251008154,0.14990315251008154,0.15,0.16666666666666666,0.8571428571428571
engagement,on,0,44,34,False,0.14992736438256116,0.14992736438256116,0.15,0.16279069767441862,0.8591549295774648
engagement,on,0,44,35,False,0.14994552328692087,0.14994552328692087,0.15,0.14893617021276595,0.8666666666666667
engagement,on,0,44,36,False,0.14995914246519065,0.14995914246519065,0.15,0.14893617021276595,0.868421052631579
engagement,on,0,44,37,False,0.14996935684889298,0.14996935684889298,0.15,0.14893617021276595,0.8701298701298701
engagement,on,0,44,38,False,0.14997701763666973,0.14997701763666973,0.15,0.16666666666666666,0.8607594936708861
engagement,on,0,44,39,False,0.1499827632275023,0.1499827632275023,0.15,0.16326530612244897,0.8625
engagement,on,0,45,0,False,0.0,0.0,0.0,0.0,1.0
engagement,on,0,45,1,False,0.0,0.0,0.0,0.0,1.0
engagement,on,0,45,2,False,0.0,0.0,0.0,0.0,1.0
engagement,on,0,45,3,False,0.0,0.0,0.0,0.0,1.0
engagement,on,0,45,4,False,0.0,0.0,0.0,0.0,1.0
engagement,on,0,45,5,False,0.0,0.0,0.0,0.0,1.0
engagement,on,0,45,6,False,0.0,0.0,0.0,0.0,1.0
engagement,on,0,45,7,False,0.0,0.0,0.0,0.0,1.0
engagement,on,0,45,8,False,0.0,0.0,0.0,0.0,1.0
engagement,on,0,45,9,False,0.0,0.0,0.0,0.0,1.0
engagement,on,0,45,10,False,0.0,0.0,0.0,0.0,1.0
engagement,on,0,45,11,False,0.0,0.0,0.0,0.0,1.0
engagement,on,0,45,12,False,0.0,0.0,0.0,0.0,1.0
engagement,on,0,45,13,False,0.0,0.0,0.05,0.05,0.9736842105263158
engagement,on,0,45,14,False,0.0125,0.0125,0.05,0.05,0.9743589743589743
engagement,on,0,45,15,False,0.021875000000000002,0.021875000000000002,0.05,0.05,0.9743589743589743
engagement,on,0,45,16,False,0.02890625,0.02890625,0.05,0.045454545454545456,0.975609756097561
engagement,on,0,45,17,False,0.0341796875,0.0341796875,0.05,0.043478260869565216,0.9767441860465116
engagement,on,0,45,18,False,0.038134765625,0.038134765625,0.05,0.043478260869565216,0.9767441860465116
engagement,on,0,45,19,False,0.04110107421875,0.04110107421875,0.05,0.041666666666666664,0.9777777777777777
engagement,on,0,45,20,False,0.04332580566406249,0.043325805664062494,0.05,0.07692307692307693,0.9574468085106383
engagement,on,0,45,21,False,0.044994354248046875,0.044994354248046875,0.05,0.07142857142857142,0.9591836734693877
engagement,on,0,45,22,False,0.046245765686035153,0.046245765686035153,0.05,0.06666666666666667,0.9607843137254902
engagement,on,0,45,23,False,0.04718432426452636,0.04718432426452636,0.05,0.09375,0.9433962264150944
engagement,on,0,45,24,False,0.04788824319839476,0.04788824319839477,0.05,0.11428571428571428,0.9285714285714286
engagement,on,0,45,25,False,0.04841618239879608,0.04841618239879608,0.05,0.1388888888888889,0.9122807017543859
engagement,on,0,45,26,False,0.04881213679909706,0.04881213679909706,0.05,0.16216216216216217,0.8983050847457628
engagement,on,0,45,27,False,0.04910910259932279,0.04910910259932279,0.05,0.15789473684210525,0.9
engagement,on,0,45,28,False,0.049331826949492084,0.04933182694949209,0.05,0.15384615384615385,0.8888888888888888
engagement,on,0,45,29,False,0.04949887021211907,0.04949887021211907,0.05,0.15,0.8923076923076924
engagement,on,0,45,30,False,0.0496241526590893,0.0496241526590893,0.05,0.14634146341463414,0.8939393939393939
engagement,on,0,45,31,False,0.04971811449431697,0.04971811449431697,0.05,0.14634146341463414,0.8970588235294118
engagement,on,0,45,32,False,0.04978858587073772,0.04978858587073773,0.05,0.14285714285714285,0.9
engagement,on,0,45,33,False,0.0498414394030533,0.0498414394030533,0.05,0.15555555555555556,0.8933333333333333
engagement,on,0,45,34,False,0.04988107955228997,0.04988107955228997,0.05,0.15217391304347827,0.8947368421052632
engagement,on,0,45,35,False,0.04991080966421747,0.04991080966421747,0.05,0.15217391304347827,0.8961038961038961
engagement,on,0,45,36,False,0.0499331072481631,0.049933107248163106,0.05,0.14583333333333334,0.8987341772151899
engagement,on,0,45,37,False,0.04994983043612233,0.04994983043612233,0.05,0.14583333333333334,0.9
engagement,on,0,45,38,False,0.04996237282709175,0.04996237282709175,0.05,0.14583333333333334,0.8902439024390244
engagement,on,0,45,39,False,0.049971779620318804,0.049971779620318804,0.05,0.14285714285714285,0.8928571428571429
engagement,on,0,46,0,False,0.0,0.0,0.0,0.0,1.0
engagement,on,0,46,1,False,0.0,0.0,0.0,0.0,1.0
engagement,on,0,46,2,False,0.0,0.0,0.0,0.0,1.0
engagement,on,0,46,3,False,0.0,0.0,0.0,0.0,1.0
engagement,on,0,46,4,False,0.0,0.0,0.0,0.0,1.0
engagement,on,0,46,5,False,0.0,0.0,0.0,0.0,1.0
engagement,on,0,46,6,False,0.0,0.0,0.0,0.0,1.0
engagement,on,0,46,7,False,0.0,0.0,0.0,0.0,1.0
engagement,on,0,46,8,False,0.0,0.0,0.0,0.0,1.0
engagement,on,0,46,9,False,0.0,0.0,0.14285714285714285,0.14285714285714285,0.9354838709677419
engagement,on,0,46,10,False,0.03571428571428571,0.03571428571428571,0.17647058823529413,0.17647058823529413,0.9117647058823529
engagement,on,0,46,11,False,0.07090336134453781,0.07090336134453781,0.17647058823529413,0.17647058823529413,0.9166666666666666
engagement,on,0,46,12,False,0.09729516806722689,0.09729516806722689,0.16666666666666666,0.16666666666666666,0.9210526315789473
engagement,on,0,46,13,False,0.11463804271708684,0.11463804271708683,0.16666666666666666,0.16666666666666666,0.9230769230769231
engagement,on,0,46,14,False,0.1276451987044818,0.1276451987044818,0.16666666666666666,0.16666666666666666,0.9230769230769231
engagement,on,0,46,15,False,0.137400565695028,0.137400565695028,0.16666666666666666,0.16666666666666666,0.9230769230769231
engagement,on,0,46,16,False,0.14471709093793766,0.14471709093793766,0.2,0.2,0.9024390243902439
engagement,on,0,46,17,False,0.15853781820345322,0.15853781820345325,0.2,0.2,0.9069767441860465
engagement,on,0,46,18,False,0.16890336365258993,0.16890336365258996,0.2,0.2,0.9069767441860465
engagement,on,0,46,19,False,0.17667752273944246,0.17667752273944248,0.2,0.2,0.9069767441860465
engagement,on,0,46,20,False,0.1825081420545819,0.18250814205458188,0.2,0.2,0.9090909090909091
engagement,on,0,46,21,False,0.18688110654093643,0.18688110654093643,0.2,0.19047619047619047,0.9090909090909091
engagement,on,0,46,22,False,0.19016082990570232,0.19016082990570232,0.2,0.19047619047619047,0.9090909090909091
engagement,on,0,46,23,False,0.19262062242927674,0.19262062242927674,0.2,0.18181818181818182,0.9111111111111111
engagement,on,0,46,24,False,0.1944654668219575,0.19446546682195753,0.2,0.17391304347826086,0.9148936170212766
engagement,on,0,46,25,False,0.19584910011646817,0.19584910011646817,0.2,0.14814814814814814,0.92
engagement,on,0,46,26,False,0.19688682508735114,0.1968868250873511,0.2,0.14814814814814814,0.9215686274509803
engagement,on,0,46,27,False,0.19766511881551335,0.19766511881551335,0.2,0.14285714285714285,0.9230769230769231
engagement,on,0,46,28,False,0.198248839111635,0.198248839111635,0.2,0.13333333333333333,0.9259259259259259
engagement,on,0,46,29,False,0.19868662933372622,0.19868662933372622,0.2,0.13333333333333333,0.9259259259259259
engagement,on,0,46,30,False,0.19901497200029467,0.19901497200029467,0.2,0.13333333333333333,0.9259259259259259
engagement,on,0,46,31,False,0.19926122900022097,0.19926122900022097,0.2,0.13333333333333333,0.9259259259259259
engagement,on,0,46,32,False,0.1994459217501657,0.19944592175016573,0.2,0.13333333333333333,0.9259259259259259
engagement,on,0,46,33,False,0.1995844413126243,0.19958444131262432,0.2,0.13333333333333333,0.9272727272727272
engagement,on,0,46,34,False,0.19968833098446823,0.19968833098446825,0.2,0.13333333333333333,0.9272727272727272
engagement,on,0,46,35,False,0.19976624823835124,0.1997662482383512,0.2,0.13333333333333333,0.9272727272727272
engagement,on,0,46,36,False,0.19982468617876342,0.19982468617876342,0.2,0.16129032258064516,0.9122807017543859
engagement,on,0,46,37,False,0.19986851463407257,0.19986851463407257,0.2,0.17647058823529413,0.9
engagement,on,0,46,38,False,0.19990138597555443,0.1999013859755544,0.2,0.17142857142857143,0.9032258064516129
engagement,on,0,46,39,False,0.19992603948166582,0.19992603948166582,0.2,0.17142857142857143,0.9047619047619048
engagement,on,0,47,0,False,0.0,0.0,0.0,0.0,1.0
engagement,on,0,47,1,False,0.0,0.0,0.1111111111111111,0.1111111111111111,0.9565217391304348
engagement,on,0,47,2,False,0.027777777777777773,0.027777777777777776,0.1,0.1,0.96
engagement,on,0,47,3,False,0.04583333333333334,0.04583333333333334,0.1,0.1,0.96
engagement,on,0,47,4,False,0.059375000000000004,0.059375000000000004,0.1,0.1,0.96
engagement,on,0,47,5,False,0.06953125,0.06953125,0.1,0.1,0.96
engagement,on,0,47,6,False,0.0771484375,0.0771484375,0.08333333333333333,0.08333333333333333,0.9629629629629629
engagement,on,0,47,7,False,0.07869466145833333,0.07869466145833333,0.08333333333333333,0.08333333333333333,0.9642857142857143
engagement,on,0,47,8,False,0.07985432942708333,0.07985432942708333,0.07142857142857142,0.07142857142857142,0.9666666666666667
engagement,on,0,47,9,False,0.07774788992745536,0.07774788992745535,0.06666666666666667,0.06666666666666667,0.967741935483871
engagement,on,0,47,10,False,0.07497758411225817,0.07497758411225817,0.0625,0.0625,0.9714285714285714
engagement,on,0,47,11,False,0.07185818808419363,0.07185818808419363,0.0625,0.0625,0.9714285714285714
engagement,on,0,47,12,False,0.06951864106314522,0.06951864106314522,0.0625,0.0625,0.9714285714285714
engagement,on,0,47,13,False,0.06776398079735892,0.06776398079735892,0.058823529411764705,0.058823529411764705,0.972972972972973
engagement,on,0,47,14,False,0.06552886795096037,0.06552886795096037,0.1111111111111111,0.1111111111111111,0.9473684210526315
engagement,on,0,47,15,False,0.07692442874099806,0.07692442874099806,0.10526315789473684,0.10526315789473684,0.9512195121951219
engagement,on,0,47,16,False,0.08400911102943276,0.08400911102943276,0.1,0.1,0.9534883720930233
engagement,on,0,47,17,False,0.08800683327207456,0.08800683327207456,0.1,0.1,0.9545454545454546
engagement,on,0,47,18,False,0.09100512495405591,0.09100512495405591,0.1,0.09523809523809523,0.9555555555555556
engagement,on,0,47,19,False,0.09325384371554193,0.09325384371554193,0.1,0.09090909090909091,0.9565217391304348
engagement,on,0,47,20,False,0.09494038278665647,0.09494038278665645,0.1,0.09090909090909091,0.9565217391304348
engagement,on,0,47,21,False,0.09620528708999235,0.09620528708999235,0.1,0.09090909090909091,0.9574468085106383
engagement,on,0,47,22,False,0.09715396531749428,0.09715396531749426,0.1,0.08695652173913043,0.9387755102040817
engagement,on,0,47,23,False,0.0978654739881207,0.0978654739881207,0.1,0.14814814814814814,0.9074074074074074
engagement,on,0,47,24,False,0.09839910549109052,0.09839910549109052,0.1,0.14814814814814814,0.9107142857142857
engagement,on,0,47,25,False,0.09879932911831787,0.09879932911831787,0.1,0.14814814814814814,0.9107142857142857
engagement,on,0,47,26,False,0.0990994968387384,0.0990994968387384,0.1,0.14814814814814814,0.9107142857142857
engagement,on,0,47,27,False,0.09932462262905377,0.09932462262905378,0.1,0.2,0.8813559322033898
engagement,on,0,47,28,False,0.09949346697179033,0.09949346697179035,0.1,0.1875,0.8852459016393442
engagement,on,0,47,29,False,0.09962010022884275,0.09962010022884277,0.1,0.1875,0.8888888888888888
engagement,on,0,47,30,False,0.0997150751716321,0.09971507517163208,0.1,0.18181818181818182,0.890625
engagement,on,0,47,31,False,0.09978630637872407,0.09978630637872407,0.1,0.17647058823529413,0.8923076923076924
engagement,on,0,47,32,False,0.09983972978404305,0.09983972978404304,0.1,0.2,0.8787878787878788
engagement,on,0,47,33,False,0.09987979733803229,0.09987979733803229,0.1,0.2222222222222222,0.8529411764705882
engagement,on,0,47,34,False,0.0999098480035242,0.0999098480035242,0.1,0.2222222222222222,0.8529411764705882
engagement,on,0,47,35,False,0.09993238600264316,0.09993238600264315,0.1,0.2222222222222222,0.8529411764705882
engagement,on,0,47,36,False,0.09994928950198237,0.09994928950198237,0.1,0.21621621621621623,0.855072463768116
engagement,on,0,47,37,False,0.09996196712648678,0.09996196712648678,0.1,0.21052631578947367,0.8591549295774648
engagement,on,0,47,38,False,0.09997147534486509,0.09997147534486509,0.1,0.20512820512820512,0.8591549295774648
engagement,on,0,47,39,False,0.09997860650864883,0.09997860650864882,0.1,0.18604651162790697,0.8666666666666667
engagement,on,0,48,0,False,0.0,0.0,0.0,0.0,1.0
engagement,on,0,48,1,False,0.0,0.0,0.0,0.0,0.9444444444444444
engagement,on,0,48,2,False,0.0,0.0,0.0,0.0,0.95
engagement,on,0,48,3,False,0.0,0.0,0.125,0.125,0.9047619047619048
engagement,on,0,48,4,False,0.03125,0.03125,0.1,0.1,0.9130434782608695
engagement,on,0,48,5,False,0.0484375,0.0484375,0.1,0.1,0.9166666666666666
engagement,on,0,48,6,False,0.061328125000000004,0.061328125000000004,0.09090909090909091,0.09090909090909091,0.92
engagement,on,0,48,7,False,0.06872336647727273,0.06872336647727273,0.09090909090909091,0.09090909090909091,0.9230769230769231
engagement,on,0,48,8,False,0.07426979758522727,0.07426979758522728,0.07692307692307693,0.07692307692307693,0.9310344827586207
engagement,on,0,48,9,False,0.0749331174196897,0.0749331174196897,0.07142857142857142,0.07142857142857142,0.9375
engagement,on,0,48,10,False,0.07405698092191013,0.07405698092191013,0.07142857142857142,0.07142857142857142,0.9393939393939394
engagement,on,0,48,11,False,0.07339987854857545,0.07339987854857545,0.13333333333333333,0.13333333333333333,0.9142857142857143
engagement,on,0,48,12,False,0.08838324224476493,0.08838324224476493,0.13333333333333333,0.13333333333333333,0.918918918918919
engagement,on,0,48,13,False,0.09962076501690705,0.09962076501690703,0.13333333333333333,0.13333333333333333,0.9230769230769231
engagement,on,0,48,14,False,0.10804890709601363,0.10804890709601361,0.13333333333333333,0.13333333333333333,0.925
engagement,on,0,48,15,False,0.11437001365534354,0.11437001365534355,0.125,0.125,0.9302325581395349
engagement,on,0,48,16,False,0.11702751024150766,0.11702751024150766,0.125,0.125,0.9318181818181818
engagement,on,0,48,17,False,0.11902063268113075,0.11902063268113075,0.11764705882352941,0.11764705882352941,0.9333333333333333
engagement,on,0,48,18,False,0.11867723921673043,0.11867723921673043,0.1111111111111111,0.1111111111111111,0.9347826086956522
engagement,on,0,48,19,False,0.11678570719032559,0.11678570719032559,0.10526315789473684,0.10526315789473684,0.9387755102040817
engagement,on,0,48,20,False,0.11390506986642841,0.1139050698664284,0.1,0.1,0.94
engagement,on,0,48,21,False,0.11042880239982131,0.11042880239982131,0.1,0.14285714285714285,0.9215686274509803
engagement,on,0,48,22,False,0.10782160179986597,0.10782160179986597,0.1,0.13636363636363635,0.9230769230769231
engagement,on,0,48,23,False,0.10586620134989946,0.10586620134989946,0.1,0.13043478260869565,0.9090909090909091
engagement,on,0,48,24,False,0.10439965101242461,0.1043996510124246,0.1,0.13043478260869565,0.9090909090909091
engagement,on,0,48,25,False,0.10329973825931846,0.10329973825931846,0.1,0.11538461538461539,0.9137931034482759
engagement,on,0,48,26,False,0.10247480369448883,0.10247480369448883,0.1,0.1111111111111111,0.9152542372881356
engagement,on,0,48,27,False,0.10185610277086662,0.10185610277086662,0.1,0.1111111111111111,0.9193548387096774
engagement,on,0,48,28,False,0.10139207707814994,0.10139207707814996,0.1,0.10344827586206896,0.9206349206349206
engagement,on,0,48,29,False,0.10104405780861248,0.10104405780861248,0.1,0.1,0.921875
engagement,on,0,48,30,False,0.10078304335645935,0.10078304335645935,0.1,0.125,0.9104477611940298
engagement,on,0,48,31,False,0.1005872825173445,0.1005872825173445,0.1,0.125,0.9104477611940298
engagement,on,0,48,32,False,0.10044046188800837,0.10044046188800837,0.1,0.15151515151515152,0.8985507246376812
engagement,on,0,48,33,False,0.10033034641600627,0.10033034641600627,0.1,0.15151515151515152,0.8985507246376812
engagement,on,0,48,34,False,0.1002477598120047,0.1002477598120047,0.1,0.15151515151515152,0.9
engagement,on,0,48,35,False,0.10018581985900352,0.10018581985900352,0.1,0.14705882352941177,0.9014084507042254
engagement,on,0,48,36,False,0.10013936489425264,0.10013936489425262,0.1,0.14285714285714285,0.9041095890410958
engagement,on,0,48,37,False,0.10010452367068948,0.10010452367068948,0.1,0.16666666666666666,0.8918918918918919
engagement,on,0,48,38,False,0.10007839275301711,0.10007839275301711,0.1,0.16666666666666666,0.8933333333333333
engagement,on,0,48,39,False,0.10005879456476283,0.10005879456476283,0.1,0.15789473684210525,0.8961038961038961
engagement,on,0,49,0,False,0.0,0.0,0.0,0.0,1.0
engagement,on,0,49,1,False,0.0,0.0,0.0,0.0,1.0
engagement,on,0,49,2,False,0.0,0.0,0.0,0.0,1.0
engagement,on,0,49,3,False,0.0,0.0,0.0,0.0,1.0
engagement,on,0,49,4,False,0.0,0.0,0.1111111111111111,0.1111111111111111,0.96
engagement,on,0,49,5,False,0.027777777777777773,0.027777777777777776,0.1111111111111111,0.1111111111111111,0.96
engagement,on,0,49,6,False,0.048611111111111105,0.048611111111111105,0.1111111111111111,0.1111111111111111,0.96
engagement,on,0,49,7,False,0.0642361111111111,0.0642361111111111,0.1111111111111111,0.1111111111111111,0.9615384615384616
engagement,on,0,49,8,False,0.07595486111111109,0.0759548611111111,0.1111111111111111,0.1111111111111111,0.9629629629629629
engagement,on,0,49,9,False,0.08474392361111109,0.0847439236111111,0.1111111111111111,0.1111111111111111,0.9655172413793104
engagement,on,0,49,10,False,0.09133572048611109,0.0913357204861111,0.1111111111111111,0.1111111111111111,0.967741935483871
engagement,on,0,49,11,False,0.09627956814236109,0.0962795681423611,0.18181818181818182,0.18181818181818182,0.9393939393939394
engagement,on,0,49,12,False,0.11766422156131628,0.11766422156131628,0.18181818181818182,0.18181818181818182,0.9393939393939394
engagement,on,0,49,13,False,0.13370271162553266,0.13370271162553266,0.18181818181818182,0.18181818181818182,0.9393939393939394
engagement,on,0,49,14,False,0.14573157917369498,0.14573157917369495,0.16666666666666666,0.16666666666666666,0.9411764705882353
engagement,on,0,49,15,False,0.15096535104693784,0.15096535104693787,0.15384615384615385,0.15384615384615385,0.9428571428571428
engagement,on,0,49,16,False,0.15168555174674186,0.15168555174674186,0.14285714285714285,0.14285714285714285,0.9473684210526315
engagement,on,0,49,17,False,0.1494784495243421,0.1494784495243421,0.13333333333333333,0.13333333333333333,0.9487179487179487
engagement,on,0,49,18,False,0.14544217047658994,0.14544217047658992,0.13333333333333333,0.13333333333333333,0.9487179487179487
engagement,on,0,49,19,False,0.14241496119077576,0.14241496119077576,0.13333333333333333,0.13333333333333333,0.95
engagement,on,0,49,20,False,0.14014455422641514,0.14014455422641514,0.125,0.125,0.9534883720930233
engagement,on,0,49,21,False,0.13635841566981136,0.13635841566981136,0.125,0.125,0.9555555555555556
engagement,on,0,49,22,False,0.13351881175235852,0.13351881175235852,0.11764705882352941,0.11764705882352941,0.9574468085106383
engagement,on,0,49,23,False,0.12955087352015124,0.12955087352015124,0.1111111111111111,0.1111111111111111,0.9583333333333334
engagement,on,0,49,24,False,0.1249409329178912,0.1249409329178912,0.1,0.1,0.96
engagement,on,0,49,25,False,0.1187056996884184,0.1187056996884184,0.1,0.09090909090909091,0.9615384615384616
engagement,on,0,49,26,False,0.11402927476631379,0.1140292747663138,0.1,0.09090909090909091,0.9622641509433962
engagement,on,0,49,27,False,0.11052195607473536,0.11052195607473536,0.1,0.08333333333333333,0.9636363636363636
engagement,on,0,49,28,False,0.1078914670560515,0.10789146705605152,0.1,0.08,0.9642857142857143
engagement,on,0,49,29,False,0.10591860029203863,0.10591860029203864,0.1,0.07142857142857142,0.9661016949152542
engagement,on,0,49,30,False,0.10443895021902898,0.10443895021902899,0.1,0.06896551724137931,0.9666666666666667
engagement,on,0,49,31,False,0.10332921266427175,0.10332921266427175,0.1,0.06451612903225806,0.967741935483871
engagement,on,0,49,32,False,0.10249690949820381,0.10249690949820381,0.1,0.06451612903225806,0.9682539682539683
engagement,on,0,49,33,False,0.10187268212365286,0.10187268212365286,0.1,0.06451612903225806,0.9682539682539683
engagement,on,0,49,34,False,0.10140451159273964,0.10140451159273964,0.1,0.09090909090909091,0.9538461538461539
engagement,on,0,49,35,False,0.10105338369455472,0.10105338369455472,0.1,0.11764705882352941,0.9402985074626866
engagement,on,0,49,36,False,0.10079003777091602,0.10079003777091602,0.1,0.14285714285714285,0.9264705882352942
engagement,on,0,49,37,False,0.10059252832818702,0.10059252832818702,0.1,0.1388888888888889,0.9295774647887324
engagement,on,0,49,38,False,0.10044439624614025,0.10044439624614027,0.1,0.13513513513513514,0.9305555555555556
engagement,on,0,49,39,False,0.10033329718460522,0.10033329718460521,0.1,0.1282051282051282,0.9324324324324325
engagement,on,0,50,0,False,0.0,0.0,0.0,0.0,1.0
engagement,on,0,50,1,False,0.0,0.0,0.0,0.0,1.0
engagement,on,0,50,2,False,0.0,0.0,0.0,0.0,1.0
engagement,on,0,50,3,False,0.0,0.0,0.058823529411764705,0.058823529411764705,0.96
engagement,on,0,50,4,False,0.014705882352941176,0.014705882352941176,0.05555555555555555,0.05555555555555555,0.9615384615384616
engagement,on,0,50,5,False,0.02491830065359477,0.02491830065359477,0.05263157894736842,0.05263157894736842,0.9655172413793104
engagement,on,0,50,6,False,0.031846620227038186,0.031846620227038186,0.05,0.05,0.967741935483871
engagement,on,0,50,7,False,0.03638496517027864,0.036384965170278644,0.05,0.047619047619047616,0.9705882352941176
engagement,on,0,50,8,False,0.03978872387770899,0.03978872387770899,0.05,0.047619047619047616,0.9705882352941176
engagement,on,0,50,9,False,0.04234154290828174,0.04234154290828174,0.05,0.09090909090909091,0.9444444444444444
engagement,on,0,50,10,False,0.0442561571812113,0.0442561571812113,0.05,0.09090909090909091,0.9459459459459459
engagement,on,0,50,11,False,0.045692117885908476,0.045692117885908476,0.05,0.09090909090909091,0.9473684210526315
engagement,on,0,50,12,False,0.04676908841443135,0.04676908841443135,0.05,0.09090909090909091,0.9487179487179487
engagement,on,0,50,13,False,0.047576816310823514,0.047576816310823514,0.05,0.09090909090909091,0.9487179487179487
engagement,on,0,50,14,False,0.048182612233117636,0.048182612233117636,0.05,0.08695652173913043,0.9512195121951219
engagement,on,0,50,15,False,0.04863695917483822,0.04863695917483822,0.05,0.08,0.9534883720930233
engagement,on,0,50,16,False,0.04897771938112866,0.04897771938112866,0.05,0.08,0.9545454545454546
engagement,on,0,50,17,False,0.04923328953584649,0.04923328953584649,0.05,0.1111111111111111,0.9347826086956522
engagement,on,0,50,18,False,0.049424967151884866,0.049424967151884866,0.05,0.1111111111111111,0.9347826086956522
engagement,on,0,50,19,False,0.04956872536391364,0.04956872536391364,0.05,0.1111111111111111,0.9361702127659575
engagement,on,0,50,20,False,0.04967654402293523,0.049676544022935226,0.05,0.10344827586206896,0.9387755102040817
engagement,on,0,50,21,False,0.049757408017201424,0.049757408017201424,0.05,0.12903225806451613,0.9215686274509803
engagement,on,0,50,22,False,0.04981805601290107,0.04981805601290107,0.05,0.12121212121212122,0.9259259259259259
engagement,on,0,50,23,False,0.0498635420096758,0.0498635420096758,0.05,0.12121212121212122,0.9259259259259259
engagement,on,0,50,24,False,0.049897656507256846,0.049897656507256846,0.05,0.12121212121212122,0.9272727272727272
engagement,on,0,50,25,False,0.04992324238044262,0.04992324238044263,0.05,0.11764705882352941,0.9285714285714286
engagement,on,0,50,26,False,0.049942431785331975,0.049942431785331975,0.05,0.11764705882352941,0.9285714285714286
engagement,on,0,50,27,False,0.04995682383899898,0.04995682383899898,0.05,0.11764705882352941,0.9298245614035088
engagement,on,0,50,28,False,0.049967617879249235,0.049967617879249235,0.05,0.1111111111111111,0.9322033898305084
engagement,on,0,50,29,False,0.04997571340943692,0.04997571340943692,0.05,0.10526315789473684,0.9206349206349206
engagement,on,0,50,30,False,0.04998178505707769,0.04998178505707769,0.05,0.10526315789473684,0.9206349206349206
engagement,on,0,50,31,False,0.04998633879280827,0.04998633879280827,0.05,0.10256410256410256,0.921875
engagement,on,0,50,32,False,0.049989754094606195,0.049989754094606195,0.05,0.125,0.9104477611940298
engagement,on,0,50,33,False,0.04999231557095464,0.04999231557095464,0.05,0.125,0.9117647058823529
engagement,on,0,50,34,False,0.049994236678215974,0.04999423667821598,0.05,0.13953488372093023,0.9027777777777778
engagement,on,0,50,35,False,0.049995677508662,0.04999567750866199,0.05,0.1590909090909091,0.8904109589041096
engagement,on,0,50,36,False,0.049996758131496497,0.049996758131496497,0.05,0.1590909090909091,0.8904109589041096
engagement,on,0,50,37,False,0.049997568598622366,0.049997568598622366,0.05,0.15555555555555556,0.8918918918918919
engagement,on,0,50,38,False,0.04999817644896677,0.04999817644896677,0.05,0.15217391304347827,0.8947368421052632
engagement,on,0,50,39,False,0.04999863233672508,0.04999863233672508,0.05,0.14893617021276595,0.8961038961038961
engagement,on,0,51,0,False,0.0,0.0,0.0,0.0,1.0
engagement,on,0,51,1,False,0.0,0.0,0.0,0.0,1.0
engagement,on,0,51,2,False,0.0,0.0,0.0,0.0,1.0
engagement,on,0,51,3,False,0.0,0.0,0.0,0.0,1.0
engagement,on,0,51,4,False,0.0,0.0,0.0,0.0,1.0
engagement,on,0,51,5,False,0.0,0.0,0.0,0.0,1.0
engagement,on,0,51,6,False,0.0,0.0,0.0,0.0,1.0
engagement,on,0,51,7,False,0.0,0.0,0.0,0.0,1.0
engagement,on,0,51,8,False,0.0,0.0,0.05263157894736842,0.05263157894736842,0.975
engagement,on,0,51,9,False,0.013157894736842105,0.013157894736842105,0.05,0.09090909090909091,0.9534883720930233
engagement,on,0,51,10,False,0.022368421052631576,0.02236842105263158,0.05,0.09090909090909091,0.9555555555555556
engagement,on,0,51,11,False,0.029276315789473685,0.029276315789473685,0.05,0.08333333333333333,0.9574468085106383
engagement,on,0,51,12,False,0.03445723684210526,0.03445723684210526,0.05,0.07692307692307693,0.9591836734693877
engagement,on,0,51,13,False,0.03834292763157895,0.03834292763157895,0.05,0.1111111111111111,0.94
engagement,on,0,51,14,False,0.041257195723684206,0.041257195723684206,0.05,0.10714285714285714,0.9411764705882353
engagement,on,0,51,15,False,0.043442896792763155,0.043442896792763155,0.05,0.10344827586206896,0.9423076923076923
engagement,on,0,51,16,False,0.04508217259457237,0.04508217259457237,0.05,0.10344827586206896,0.9444444444444444
engagement,on,0,51,17,False,0.04631162944592927,0.04631162944592927,0.05,0.10344827586206896,0.9473684210526315
engagement,on,0,51,18,False,0.04723372208444695,0.047233722084446955,0.05,0.10344827586206896,0.9473684210526315
engagement,on,0,51,19,False,0.047925291563335214,0.04792529156333522,0.05,0.1,0.9322033898305084
engagement,on,0,51,20,False,0.04844396867250141,0.04844396867250142,0.05,0.0967741935483871,0.9344262295081968
engagement,on,0,51,21,False,0.04883297650437607,0.04883297650437607,0.05,0.0967741935483871,0.9354838709677419
engagement,on,0,51,22,False,0.04912473237828204,0.04912473237828205,0.05,0.09375,0.9365079365079365
engagement,on,0,51,23,False,0.04934354928371154,0.04934354928371154,0.05,0.09375,0.9365079365079365
engagement,on,0,51,24,False,0.04950766196278365,0.04950766196278365,0.05,0.09375,0.9365079365079365
engagement,on,0,51,25,False,0.049630746472087726,0.04963074647208773,0.05,0.09090909090909091,0.9384615384615385
engagement,on,0,51,26,False,0.04972305985406581,0.049723059854065804,0.05,0.09090909090909091,0.9384615384615385
engagement,on,0,51,27,False,0.04979229489054936,0.04979229489054936,0.05,0.09090909090909091,0.9384615384615385
engagement,on,0,51,28,False,0.04984422116791202,0.04984422116791201,0.05,0.09090909090909091,0.9393939393939394
engagement,on,0,51,29,False,0.04988316587593401,0.04988316587593401,0.05,0.08571428571428572,0.9428571428571428
engagement,on,0,51,30,False,0.04991237440695051,0.04991237440695051,0.05,0.08571428571428572,0.9444444444444444
engagement,on,0,51,31,False,0.04993428080521288,0.04993428080521288,0.05,0.08333333333333333,0.9452054794520548
engagement,on,0,51,32,False,0.049950710603909654,0.049950710603909654,0.05,0.10526315789473684,0.9342105263157895
engagement,on,0,51,33,False,0.04996303295293224,0.04996303295293224,0.05,0.10526315789473684,0.935064935064935
engagement,on,0,51,34,False,0.04997227471469917,0.04997227471469917,0.05,0.10256410256410256,0.9367088607594937
engagement,on,0,51,35,False,0.04997920603602438,0.049979206036024376,0.05,0.10256410256410256,0.9367088607594937
engagement,on,0,51,36,False,0.049984404527018286,0.049984404527018286,0.05,0.10256410256410256,0.9367088607594937
engagement,on,0,51,37,False,0.04998830339526371,0.04998830339526371,0.05,0.10256410256410256,0.9367088607594937
engagement,on,0,51,38,False,0.04999122754644777,0.049991227546447775,0.05,0.1,0.9375
engagement,on,0,51,39,False,0.04999342065983584,0.049993420659835835,0.05,0.0975609756097561,0.9390243902439024
engagement,on,2,42,0,False,0.0,0.0,0.0,0.0,1.0
engagement,on,2,42,1,False,0.0,0.0,0.0,0.0,0.95
engagement,on,2,42,2,True,0.0,0.0,0.0,0.0,1.0
engagement,on,2,42,3,False,0.0,0.0,0.0,0.0,1.0
engagement,on,2,42,4,True,0.0,0.0,0.0,0.0,1.0
engagement,on,2,42,5,False,0.0,0.0,0.0,0.0,1.0
engagement,on,2,42,6,True,0.0,0.0,0.0,0.0,1.0
engagement,on,2,42,7,False,0.0,0.0,0.125,0.125,0.9473684210526315
engagement,on,2,42,8,True,0.03125,0.03125,0.0,0.0,1.0
engagement,on,2,42,9,False,0.0234375,0.0234375,0.0,0.0,1.0
engagement,on,2,42,10,True,0.017578125,0.017578125,0.0,0.0,1.0
engagement,on,2,42,11,False,0.01318359375,0.01318359375,0.0,0.0,1.0
engagement,on,2,42,12,True,0.0098876953125,0.0098876953125,0.0,0.0,1.0
engagement,on,2,42,13,False,0.007415771484375,0.007415771484375,0.0,0.0,1.0
engagement,on,2,42,14,True,0.00556182861328125,0.00556182861328125,0.0,0.0,1.0
engagement,on,2,42,15,False,0.0041713714599609375,0.0041713714599609375,0.0,0.0,1.0
engagement,on,2,42,16,True,0.003128528594970703,0.003128528594970703,0.0,0.0,1.0
engagement,on,2,42,17,False,0.0023463964462280273,0.0023463964462280273,0.0,0.0,1.0
engagement,on,2,42,18,True,0.0017597973346710205,0.0017597973346710205,0.0,0.0,1.0
engagement,on,2,42,19,False,0.0013198480010032654,0.0013198480010032654,0.0,0.0,1.0
engagement,on,2,42,20,True,0.000989886000752449,0.000989886000752449,0.0,0.0,1.0
engagement,on,2,42,21,False,0.0007424145005643368,0.0007424145005643368,0.0,0.0,1.0
engagement,on,2,42,22,True,0.0005568108754232526,0.0005568108754232526,0.0,0.0,1.0
engagement,on,2,42,23,False,0.00041760815656743944,0.00041760815656743944,0.0,0.0,1.0
engagement,on,2,42,24,True,0.0003132061174255796,0.0003132061174255796,0.0,0.0,1.0
engagement,on,2,42,25,False,0.00023490458806918468,0.00023490458806918468,0.0,0.0,1.0
engagement,on,2,42,26,True,0.0001761784410518885,0.0001761784410518885,0.0,0.0,1.0
engagement,on,2,42,27,False,0.00013213383078891638,0.00013213383078891638,0.0,0.0,1.0
engagement,on,2,42,28,True,9.910037309168729e-05,9.910037309168729e-05,0.0,0.0,1.0
engagement,on,2,42,29,False,7.432527981876547e-05,7.432527981876547e-05,0.0,0.0,1.0
engagement,on,2,42,30,True,5.57439598640741e-05,5.57439598640741e-05,0.0,0.0,1.0
engagement,on,2,42,31,False,4.1807969898055575e-05,4.1807969898055575e-05,0.0,0.0,1.0
engagement,on,2,42,32,True,3.135597742354168e-05,3.135597742354168e-05,0.0,0.0,1.0
engagement,on,2,42,33,False,2.351698306765626e-05,2.351698306765626e-05,0.0,0.0,1.0
engagement,on,2,42,34,True,1.7637737300742196e-05,1.7637737300742196e-05,0.0,0.0,1.0
engagement,on,2,42,35,False,1.3228302975556647e-05,1.3228302975556647e-05,0.0,0.0,1.0
engagement,on,2,42,36,True,9.921227231667485e-06,9.921227231667485e-06,0.0,0.0,1.0
engagement,on,2,42,37,False,7.440920423750614e-06,7.440920423750614e-06,0.0,0.0,1.0
engagement,on,2,42,38,True,5.58069031781296e-06,5.58069031781296e-06,0.0,0.0,1.0
engagement,on,2,42,39,False,4.18551773835972e-06,4.18551773835972e-06,0.0,0.0,1.0
engagement,on,2,43,0,False,0.0,0.0,0.0,0.0,1.0
engagement,on,2,43,1,False,0.0,0.0,0.0,0.0,1.0
engagement,on,2,43,2,True,0.0,0.0,0.0,0.0,1.0
engagement,on,2,43,3,False,0.0,0.0,0.0,0.0,1.0
engagement,on,2,43,4,True,0.0,0.0,0.0,0.0,1.0
engagement,on,2,43,5,False,0.0,0.0,0.0,0.0,1.0
engagement,on,2,43,6,True,0.0,0.0,0.0,0.0,1.0
engagement,on,2,43,7,False,0.0,0.0,0.0,0.0,1.0
engagement,on,2,43,8,True,0.0,0.0,0.0,0.0,1.0
engagement,on,2,43,9,False,0.0,0.0,0.0,0.0,1.0
engagement,on,2,43,10,True,0.0,0.0,0.0,0.0,1.0
engagement,on,2,43,11,False,0.0,0.0,0.0,0.0,1.0
engagement,on,2,43,12,True,0.0,0.0,0.0,0.0,1.0
engagement,on,2,43,13,False,0.0,0.0,0.0,0.0,1.0
engagement,on,2,43,14,True,0.0,0.0,0.0,0.0,1.0
engagement,on,2,43,15,False,0.0,0.0,0.0,0.0,1.0
engagement,on,2,43,16,True,0.0,0.0,0.0,0.0,1.0
engagement,on,2,43,17,False,0.0,0.0,0.0,0.0,1.0
engagement,on,2,43,18,True,0.0,0.0,0.0,0.0,1.0
engagement,on,2,43,19,False,0.0,0.0,0.0,0.0,1.0
engagement,on,2,43,20,True,0.0,0.0,0.0,0.0,1.0
engagement,on,2,43,21,False,0.0,0.0,0.0,0.0,1.0
engagement,on,2,43,22,True,0.0,0.0,0.0,0.0,1.0
engagement,on,2,43,23,False,0.0,0.0,0.0,0.0,1.0
engagement,on,2,43,24,True,0.0,0.0,0.0,0.0,1.0
engagement,on,2,43,25,False,0.0,0.0,0.07142857142857142,0.07142857142857142,0.96
engagement,on,2,43,26,True,0.017857142857142856,0.017857142857142856,0.0,0.0,1.0
engagement,on,2,43,27,False,0.013392857142857142,0.013392857142857142,0.0,0.0,1.0
engagement,on,2,43,28,True,0.010044642857142858,0.010044642857142856,0.0,0.0,1.0
engagement,on,2,43,29,False,0.007533482142857142,0.007533482142857142,0.07692307692307693,0.07692307692307693,0.96
engagement,on,2,43,30,True,0.024880880837912088,0.024880880837912088,0.0,0.0,1.0
engagement,on,2,43,31,False,0.01866066062843406,0.018660660628434064,0.1111111111111111,0.1111111111111111,0.96
engagement,on,2,43,32,True,0.04177327324910333,0.04177327324910332,0.0,0.0,1.0
engagement,on,2,43,33,False,0.03132995493682749,0.03132995493682749,0.0,0.0,1.0
engagement,on,2,43,34,True,0.023497466202620616,0.023497466202620616,0.0,0.0,1.0
engagement,on,2,43,35,False,0.017623099651965464,0.017623099651965464,0.0,0.0,1.0
engagement,on,2,43,36,True,0.013217324738974098,0.013217324738974098,0.0,0.0,1.0
engagement,on,2,43,37,False,0.009912993554230573,0.009912993554230573,0.0,0.0,1.0
engagement,on,2,43,38,True,0.007434745165672931,0.00743474516567293,0.0,0.0,1.0
engagement,on,2,43,39,False,0.005576058874254697,0.005576058874254697,0.0,0.0,1.0
engagement,on,2,44,0,False,0.0,0.0,0.0,0.0,1.0
engagement,on,2,44,1,False,0.0,0.0,0.0,0.0,1.0
engagement,on,2,44,2,True,0.0,0.0,0.0,0.0,1.0
engagement,on,2,44,3,False,0.0,0.0,0.0,0.0,1.0
engagement,on,2,44,4,True,0.0,0.0,0.0,0.0,1.0
engagement,on,2,44,5,False,0.0,0.0,0.0,0.0,1.0
engagement,on,2,44,6,True,0.0,0.0,0.0,0.0,1.0
engagement,on,2,44,7,False,0.0,0.0,0.08333333333333333,0.08333333333333333,0.9565217391304348
engagement,on,2,44,8,True,0.020833333333333332,0.020833333333333332,0.0,0.0,1.0
engagement,on,2,44,9,False,0.015625,0.015625,0.0,0.0,1.0
engagement,on,2,44,10,True,0.01171875,0.01171875,0.0,0.0,1.0
engagement,on,2,44,11,False,0.0087890625,0.0087890625,0.0,0.0,1.0
engagement,on,2,44,12,True,0.006591796875,0.006591796875,0.0,0.0,1.0
engagement,on,2,44,13,False,0.00494384765625,0.00494384765625,0.0,0.0,1.0
engagement,on,2,44,14,True,0.0037078857421875,0.0037078857421875,0.0,0.0,1.0
engagement,on,2,44,15,False,0.002780914306640625,0.002780914306640625,0.0,0.0,1.0
engagement,on,2,44,16,True,0.0020856857299804688,0.0020856857299804688,0.0,0.0,1.0
engagement,on,2,44,17,False,0.0015642642974853516,0.0015642642974853516,0.0,0.0,1.0
engagement,on,2,44,18,True,0.0011731982231140137,0.0011731982231140137,0.0,0.0,1.0
engagement,on,2,44,19,False,0.0008798986673355103,0.0008798986673355103,0.0,0.0,1.0
engagement,on,2,44,20,True,0.0006599240005016327,0.0006599240005016327,0.0,0.0,1.0
engagement,on,2,44,21,False,0.0004949430003762245,0.0004949430003762245,0.0,0.0,1.0
engagement,on,2,44,22,True,0.0003712072502821684,0.0003712072502821684,0.0,0.0,1.0
engagement,on,2,44,23,False,0.0002784054377116263,0.0002784054377116263,0.0,0.0,1.0
engagement,on,2,44,24,True,0.00020880407828371972,0.00020880407828371972,0.0,0.0,1.0
engagement,on,2,44,25,False,0.0001566030587127898,0.0001566030587127898,0.0,0.0,1.0
engagement,on,2,44,26,True,0.00011745229403459234,0.00011745229403459234,0.0,0.0,1.0
engagement,on,2,44,27,False,8.808922052594426e-05,8.808922052594426e-05,0.1111111111111111,0.1111111111111111,0.9565217391304348
engagement,on,2,44,28,True,0.02784384469317223,0.027843844693172234,0.0,0.0,1.0
engagement,on,2,44,29,False,0.020882883519879176,0.020882883519879176,0.0,0.0,1.0
engagement,on,2,44,30,True,0.015662162639909383,0.015662162639909383,0.0,0.0,1.0
engagement,on,2,44,31,False,0.011746621979932037,0.011746621979932037,0.0,0.0,1.0
engagement,on,2,44,32,True,0.008809966484949028,0.008809966484949028,0.0,0.0,1.0
engagement,on,2,44,33,False,0.006607474863711771,0.006607474863711771,0.0,0.0,1.0
engagement,on,2,44,34,True,0.004955606147783828,0.004955606147783828,0.0,0.0,1.0
engagement,on,2,44,35,False,0.003716704610837871,0.003716704610837871,0.0,0.0,1.0
engagement,on,2,44,36,True,0.0027875284581284033,0.0027875284581284033,0.0,0.0,1.0
engagement,on,2,44,37,False,0.0020906463435963023,0.0020906463435963023,0.0,0.0,1.0
engagement,on,2,44,38,True,0.001567984757697227,0.0015679847576972267,0.0,0.0,1.0
engagement,on,2,44,39,False,0.00117598856827292,0.00117598856827292,0.0,0.0,1.0
engagement,on,2,45,0,False,0.0,0.0,0.0,0.0,1.0
engagement,on,2,45,1,False,0.0,0.0,0.0,0.0,1.0
engagement,on,2,45,2,True,0.0,0.0,0.0,0.0,1.0
engagement,on,2,45,3,False,0.0,0.0,0.0,0.0,1.0
engagement,on,2,45,4,True,0.0,0.0,0.0,0.0,1.0
engagement,on,2,45,5,False,0.0,0.0,0.0,0.0,1.0
engagement,on,2,45,6,True,0.0,0.0,0.0,0.0,1.0
engagement,on,2,45,7,False,0.0,0.0,0.0,0.0,1.0
engagement,on,2,45,8,True,0.0,0.0,0.0,0.0,1.0
engagement,on,2,45,9,False,0.0,0.0,0.0,0.0,1.0
engagement,on,2,45,10,True,0.0,0.0,0.0,0.0,1.0
engagement,on,2,45,11,False,0.0,0.0,0.0,0.0,1.0
engagement,on,2,45,12,True,0.0,0.0,0.0,0.0,1.0
engagement,on,2,45,13,False,0.0,0.0,0.2,0.2,0.9565217391304348
engagement,on,2,45,14,True,0.05,0.05,0.0,0.0,1.0
engagement,on,2,45,15,False,0.03750000000000001,0.037500000000000006,0.08333333333333333,0.08333333333333333,0.9523809523809523
engagement,on,2,45,16,True,0.04895833333333334,0.04895833333333334,0.0,0.0,1.0
engagement,on,2,45,17,False,0.03671875000000001,0.03671875000000001,0.0,0.0,1.0
engagement,on,2,45,18,True,0.027539062500000006,0.027539062500000006,0.0,0.0,1.0
engagement,on,2,45,19,False,0.020654296875000006,0.020654296875000006,0.16666666666666666,0.16666666666666666,0.9444444444444444
engagement,on,2,45,20,True,0.05715738932291666,0.05715738932291667,0.0,0.0,1.0
engagement,on,2,45,21,False,0.0428680419921875,0.0428680419921875,0.0,0.0,1.0
engagement,on,2,45,22,True,0.03215103149414063,0.03215103149414063,0.0,0.0,1.0
engagement,on,2,45,23,False,0.02411327362060547,0.02411327362060547,0.0,0.0,1.0
engagement,on,2,45,24,True,0.018084955215454102,0.018084955215454102,0.0,0.0,1.0
engagement,on,2,45,25,False,0.01356371641159058,0.013563716411590578,0.0,0.0,1.0
engagement,on,2,45,26,True,0.010172787308692933,0.010172787308692933,0.0,0.0,1.0
engagement,on,2,45,27,False,0.0076295904815196994,0.0076295904815196994,0.0,0.0,1.0
engagement,on,2,45,28,True,0.005722192861139776,0.005722192861139775,0.0,0.0,1.0
engagement,on,2,45,29,False,0.004291644645854831,0.004291644645854831,0.0,0.0,1.0
engagement,on,2,45,30,True,0.0032187334843911232,0.0032187334843911232,0.0,0.0,1.0
engagement,on,2,45,31,False,0.002414050113293343,0.0024140501132933426,0.0,0.0,1.0
engagement,on,2,45,32,True,0.001810537584970007,0.001810537584970007,0.0,0.0,1.0
engagement,on,2,45,33,False,0.0013579031887275051,0.0013579031887275051,0.0,0.0,1.0
engagement,on,2,45,34,True,0.001018427391545629,0.001018427391545629,0.0,0.0,1.0
engagement,on,2,45,35,False,0.0007638205436592217,0.0007638205436592217,0.0,0.0,1.0
engagement,on,2,45,36,True,0.0005728654077444162,0.0005728654077444162,0.0,0.0,1.0
engagement,on,2,45,37,False,0.0004296490558083122,0.0004296490558083122,0.1,0.1,0.9545454545454546
engagement,on,2,45,38,True,0.025322236791856235,0.025322236791856235,0.0,0.0,1.0
engagement,on,2,45,39,False,0.018991677593892177,0.018991677593892177,0.0,0.0,1.0
engagement,on,2,46,0,False,0.0,0.0,0.0,0.0,1.0
engagement,on,2,46,1,False,0.0,0.0,0.0,0.0,1.0
engagement,on,2,46,2,True,0.0,0.0,0.0,0.0,1.0
engagement,on,2,46,3,False,0.0,0.0,0.0,0.0,1.0
engagement,on,2,46,4,True,0.0,0.0,0.0,0.0,1.0
engagement,on,2,46,5,False,0.0,0.0,0.0,0.0,1.0
engagement,on,2,46,6,True,0.0,0.0,0.0,0.0,1.0
engagement,on,2,46,7,False,0.0,0.0,0.0,0.0,1.0
engagement,on,2,46,8,True,0.0,0.0,0.0,0.0,1.0
engagement,on,2,46,9,False,0.0,0.0,0.09090909090909091,0.09090909090909091,0.9642857142857143
engagement,on,2,46,10,True,0.022727272727272728,0.022727272727272728,0.0,0.0,1.0
engagement,on,2,46,11,False,0.017045454545454544,0.017045454545454544,0.0,0.0,1.0
engagement,on,2,46,12,True,0.012784090909090908,0.012784090909090908,0.0,0.0,1.0
engagement,on,2,46,13,False,0.00958806818181818,0.00958806818181818,0.0,0.0,1.0
engagement,on,2,46,14,True,0.007191051136363635,0.007191051136363635,0.0,0.0,1.0
engagement,on,2,46,15,False,0.005393288352272726,0.005393288352272726,0.08333333333333333,0.08333333333333333,0.96
engagement,on,2,46,16,True,0.024878299597537876,0.024878299597537876,0.0,0.0,1.0
engagement,on,2,46,17,False,0.018658724698153408,0.018658724698153408,0.0,0.0,1.0
engagement,on,2,46,18,True,0.013994043523615055,0.013994043523615055,0.0,0.0,1.0
engagement,on,2,46,19,False,0.010495532642711292,0.010495532642711292,0.0,0.0,1.0
engagement,on,2,46,20,True,0.00787164948203347,0.00787164948203347,0.0,0.0,1.0
engagement,on,2,46,21,False,0.005903737111525103,0.005903737111525103,0.0,0.0,1.0
engagement,on,2,46,22,True,0.004427802833643827,0.004427802833643827,0.0,0.0,1.0
engagement,on,2,46,23,False,0.0033208521252328705,0.0033208521252328705,0.0,0.0,0.9523809523809523
engagement,on,2,46,24,True,0.002490639093924653,0.002490639093924653,0.0,0.0,1.0
engagement,on,2,46,25,False,0.0018679793204434897,0.0018679793204434897,0.0,0.0,1.0
engagement,on,2,46,26,True,0.0014009844903326173,0.0014009844903326173,0.0,0.0,1.0
engagement,on,2,46,27,False,0.0010507383677494629,0.0010507383677494629,0.0,0.0,1.0
engagement,on,2,46,28,True,0.0007880537758120972,0.0007880537758120972,0.0,0.0,1.0
engagement,on,2,46,29,False,0.000591040331859073,0.0005910403318590729,0.0,0.0,1.0
engagement,on,2,46,30,True,0.0004432802488943047,0.0004432802488943047,0.0,0.0,1.0
engagement,on,2,46,31,False,0.0003324601866707285,0.0003324601866707285,0.0,0.0,1.0
engagement,on,2,46,32,True,0.00024934514000304637,0.00024934514000304637,0.0,0.0,1.0
engagement,on,2,46,33,False,0.00018700885500228477,0.00018700885500228477,0.0,0.0,1.0
engagement,on,2,46,34,True,0.00014025664125171355,0.00014025664125171357,0.0,0.0,1.0
engagement,on,2,46,35,False,0.00010519248093878518,0.00010519248093878518,0.0,0.0,1.0
engagement,on,2,46,36,True,7.889436070408889e-05,7.889436070408889e-05,0.0,0.0,1.0
engagement,on,2,46,37,False,5.917077052806667e-05,5.917077052806667e-05,0.0,0.0,1.0
engagement,on,2,46,38,True,4.4378077896050004e-05,4.4378077896050004e-05,0.0,0.0,1.0
engagement,on,2,46,39,False,3.3283558422037506e-05,3.3283558422037506e-05,0.0,0.0,1.0
engagement,on,2,47,0,False,0.0,0.0,0.0,0.0,1.0
engagement,on,2,47,1,False,0.0,0.0,0.1111111111111111,0.1111111111111111,0.9565217391304348
engagement,on,2,47,2,True,0.027777777777777773,0.027777777777777776,0.0,0.0,1.0
engagement,on,2,47,3,False,0.020833333333333332,0.020833333333333332,0.0,0.0,1.0
engagement,on,2,47,4,True,0.015625,0.015625,0.0,0.0,1.0
engagement,on,2,47,5,False,0.01171875,0.01171875,0.0,0.0,1.0
engagement,on,2,47,6,True,0.0087890625,0.0087890625,0.0,0.0,1.0
engagement,on,2,47,7,False,0.006591796875,0.006591796875,0.0,0.0,1.0
engagement,on,2,47,8,True,0.00494384765625,0.00494384765625,0.0,0.0,1.0
engagement,on,2,47,9,False,0.0037078857421875,0.0037078857421875,0.0,0.0,1.0
engagement,on,2,47,10,True,0.002780914306640625,0.002780914306640625,0.0,0.0,1.0
engagement,on,2,47,11,False,0.0020856857299804688,0.0020856857299804688,0.0,0.0,1.0
engagement,on,2,47,12,True,0.0015642642974853516,0.0015642642974853516,0.0,0.0,1.0
engagement,on,2,47,13,False,0.0011731982231140137,0.0011731982231140137,0.0,0.0,1.0
engagement,on,2,47,14,True,0.0008798986673355103,0.0008798986673355103,0.0,0.0,1.0
engagement,on,2,47,15,False,0.0006599240005016327,0.0006599240005016327,0.0,0.0,1.0
engagement,on,2,47,16,True,0.0004949430003762245,0.0004949430003762245,0.0,0.0,1.0
engagement,on,2,47,17,False,0.0003712072502821684,0.0003712072502821684,0.0,0.0,1.0
engagement,on,2,47,18,True,0.0002784054377116263,0.0002784054377116263,0.0,0.0,1.0
engagement,on,2,47,19,False,0.00020880407828371972,0.00020880407828371972,0.0,0.0,1.0
engagement,on,2,47,20,True,0.0001566030587127898,0.0001566030587127898,0.0,0.0,1.0
engagement,on,2,47,21,False,0.00011745229403459234,0.00011745229403459234,0.0,0.0,1.0
engagement,on,2,47,22,True,8.808922052594426e-05,8.808922052594426e-05,0.0,0.0,1.0
engagement,on,2,47,23,False,6.606691539445819e-05,6.606691539445819e-05,0.0,0.0,1.0
engagement,on,2,47,24,True,4.9550186545843644e-05,4.9550186545843644e-05,0.0,0.0,1.0
engagement,on,2,47,25,False,3.716263990938273e-05,3.716263990938273e-05,0.0,0.0,1.0
engagement,on,2,47,26,True,2.787197993203705e-05,2.787197993203705e-05,0.0,0.0,1.0
engagement,on,2,47,27,False,2.0903984949027787e-05,2.0903984949027787e-05,0.0,0.0,1.0
engagement,on,2,47,28,True,1.567798871177084e-05,1.567798871177084e-05,0.0,0.0,1.0
engagement,on,2,47,29,False,1.175849153382813e-05,1.175849153382813e-05,0.0,0.0,1.0
engagement,on,2,47,30,True,8.818868650371098e-06,8.818868650371098e-06,0.0,0.0,1.0
engagement,on,2,47,31,False,6.614151487778323e-06,6.614151487778323e-06,0.0,0.0,1.0
engagement,on,2,47,32,True,4.9606136158337425e-06,4.9606136158337425e-06,0.0,0.0,1.0
engagement,on,2,47,33,False,3.720460211875307e-06,3.720460211875307e-06,0.0,0.0,1.0
engagement,on,2,47,34,True,2.79034515890648e-06,2.79034515890648e-06,0.0,0.0,1.0
engagement,on,2,47,35,False,2.09275886917986e-06,2.09275886917986e-06,0.0,0.0,1.0
engagement,on,2,47,36,True,1.5695691518848953e-06,1.569569151884895e-06,0.0,0.0,1.0
engagement,on,2,47,37,False,1.1771768639136713e-06,1.1771768639136713e-06,0.0,0.0,1.0
engagement,on,2,47,38,True,8.828826479352535e-07,8.828826479352534e-07,0.0,0.0,1.0
engagement,on,2,47,39,False,6.621619859514401e-07,6.621619859514401e-07,0.0,0.0,1.0
engagement,on,2,48,0,False,0.0,0.0,0.0,0.0,1.0
engagement,on,2,48,1,False,0.0,0.0,0.0,0.0,0.9444444444444444
engagement,on,2,48,2,True,0.0,0.0,0.0,0.0,1.0
engagement,on,2,48,3,False,0.0,0.0,0.0,0.0,1.0
engagement,on,2,48,4,True,0.0,0.0,0.0,0.0,1.0
engagement,on,2,48,5,False,0.0,0.0,0.0,0.0,1.0
engagement,on,2,48,6,True,0.0,0.0,0.0,0.0,1.0
engagement,on,2,48,7,False,0.0,0.0,0.0,0.0,1.0
engagement,on,2,48,8,True,0.0,0.0,0.0,0.0,1.0
engagement,on,2,48,9,False,0.0,0.0,0.0,0.0,1.0
engagement,on,2,48,10,True,0.0,0.0,0.0,0.0,1.0
engagement,on,2,48,11,False,0.0,0.0,0.0,0.0,1.0
engagement,on,2,48,12,True,0.0,0.0,0.0,0.0,1.0
engagement,on,2,48,13,False,0.0,0.0,0.0,0.0,1.0
engagement,on,2,48,14,True,0.0,0.0,0.0,0.0,1.0
engagement,on,2,48,15,False,0.0,0.0,0.0,0.0,1.0
engagement,on,2,48,16,True,0.0,0.0,0.0,0.0,1.0
engagement,on,2,48,17,False,0.0,0.0,0.0,0.0,1.0
engagement,on,2,48,18,True,0.0,0.0,0.0,0.0,1.0
engagement,on,2,48,19,False,0.0,0.0,0.0,0.0,1.0
engagement,on,2,48,20,True,0.0,0.0,0.0,0.0,1.0
engagement,on,2,48,21,False,0.0,0.0,0.0,0.0,1.0
engagement,on,2,48,22,True,0.0,0.0,0.0,0.0,1.0
engagement,on,2,48,23,False,0.0,0.0,0.0,0.0,1.0
engagement,on,2,48,24,True,0.0,0.0,0.0,0.0,1.0
engagement,on,2,48,25,False,0.0,0.0,0.0,0.0,1.0
engagement,on,2,48,26,True,0.0,0.0,0.0,0.0,1.0
engagement,on,2,48,27,False,0.0,0.0,0.0,0.0,1.0
engagement,on,2,48,28,True,0.0,0.0,0.0,0.0,1.0
engagement,on,2,48,29,False,0.0,0.0,0.0,0.0,0.9642857142857143
engagement,on,2,48,30,True,0.0,0.0,0.0,0.0,1.0
engagement,on,2,48,31,False,0.0,0.0,0.0,0.0,1.0
engagement,on,2,48,32,True,0.0,0.0,0.0,0.0,1.0
engagement,on,2,48,33,False,0.0,0.0,0.0,0.0,1.0
engagement,on,2,48,34,True,0.0,0.0,0.0,0.0,1.0
engagement,on,2,48,35,False,0.0,0.0,0.06666666666666667,0.06666666666666667,0.9655172413793104
engagement,on,2,48,36,True,0.016666666666666666,0.016666666666666666,0.0,0.0,1.0
engagement,on,2,48,37,False,0.0125,0.0125,0.0,0.0,1.0
engagement,on,2,48,38,True,0.009375000000000003,0.009375000000000001,0.0,0.0,1.0
engagement,on,2,48,39,False,0.007031250000000001,0.007031250000000001,0.0,0.0,1.0
engagement,on,2,49,0,False,0.0,0.0,0.0,0.0,1.0
engagement,on,2,49,1,False,0.0,0.0,0.0,0.0,1.0
engagement,on,2,49,2,True,0.0,0.0,0.0,0.0,1.0
engagement,on,2,49,3,False,0.0,0.0,0.0,0.0,1.0
engagement,on,2,49,4,True,0.0,0.0,0.0,0.0,1.0
engagement,on,2,49,5,False,0.0,0.0,0.0,0.0,1.0
engagement,on,2,49,6,True,0.0,0.0,0.0,0.0,1.0
engagement,on,2,49,7,False,0.0,0.0,0.0,0.0,1.0
engagement,on,2,49,8,True,0.0,0.0,0.0,0.0,1.0
engagement,on,2,49,9,False,0.0,0.0,0.0,0.0,1.0
engagement,on,2,49,10,True,0.0,0.0,0.0,0.0,1.0
engagement,on,2,49,11,False,0.0,0.0,0.0,0.0,1.0
engagement,on,2,49,12,True,0.0,0.0,0.0,0.0,1.0
engagement,on,2,49,13,False,0.0,0.0,0.0,0.0,1.0
engagement,on,2,49,14,True,0.0,0.0,0.0,0.0,1.0
engagement,on,2,49,15,False,0.0,0.0,0.0,0.0,1.0
engagement,on,2,49,16,True,0.0,0.0,0.0,0.0,1.0
engagement,on,2,49,17,False,0.0,0.0,0.0,0.0,1.0
engagement,on,2,49,18,True,0.0,0.0,0.0,0.0,1.0
engagement,on,2,49,19,False,0.0,0.0,0.09090909090909091,0.09090909090909091,0.9545454545454546
engagement,on,2,49,20,True,0.022727272727272728,0.022727272727272728,0.0,0.0,1.0
engagement,on,2,49,21,False,0.017045454545454544,0.017045454545454544,0.0,0.0,1.0
engagement,on,2,49,22,True,0.012784090909090908,0.012784090909090908,0.0,0.0,1.0
engagement,on,2,49,23,False,0.00958806818181818,0.00958806818181818,0.0,0.0,1.0
engagement,on,2,49,24,True,0.007191051136363635,0.007191051136363635,0.0,0.0,1.0
engagement,on,2,49,25,False,0.005393288352272726,0.005393288352272726,0.0,0.0,1.0
engagement,on,2,49,26,True,0.004044966264204544,0.004044966264204544,0.0,0.0,1.0
engagement,on,2,49,27,False,0.003033724698153408,0.003033724698153408,0.0,0.0,1.0
engagement,on,2,49,28,True,0.002275293523615056,0.002275293523615056,0.0,0.0,1.0
engagement,on,2,49,29,False,0.001706470142711292,0.001706470142711292,0.1,0.1,0.95
engagement,on,2,49,30,True,0.02627985260703347,0.02627985260703347,0.0,0.0,1.0
engagement,on,2,49,31,False,0.019709889455275104,0.019709889455275104,0.0,0.0,1.0
engagement,on,2,49,32,True,0.014782417091456326,0.014782417091456328,0.0,0.0,1.0
engagement,on,2,49,33,False,0.011086812818592246,0.011086812818592246,0.0,0.0,1.0
engagement,on,2,49,34,True,0.008315109613944185,0.008315109613944185,0.0,0.0,1.0
engagement,on,2,49,35,False,0.006236332210458139,0.006236332210458139,0.0,0.0,1.0
engagement,on,2,49,36,True,0.004677249157843603,0.004677249157843604,0.0,0.0,1.0
engagement,on,2,49,37,False,0.003507936868382703,0.003507936868382703,0.0,0.0,1.0
engagement,on,2,49,38,True,0.0026309526512870276,0.0026309526512870276,0.0,0.0,1.0
engagement,on,2,49,39,False,0.001973214488465271,0.001973214488465271,0.08333333333333333,0.08333333333333333,0.9583333333333334
engagement,on,2,50,0,False,0.0,0.0,0.0,0.0,1.0
engagement,on,2,50,1,False,0.0,0.0,0.0,0.0,1.0
engagement,on,2,50,2,True,0.0,0.0,0.0,0.0,1.0
engagement,on,2,50,3,False,0.0,0.0,0.08333333333333333,0.08333333333333333,0.9545454545454546
engagement,on,2,50,4,True,0.020833333333333332,0.020833333333333332,0.0,0.0,1.0
engagement,on,2,50,5,False,0.015625,0.015625,0.0,0.0,1.0
engagement,on,2,50,6,True,0.01171875,0.01171875,0.0,0.0,1.0
engagement,on,2,50,7,False,0.0087890625,0.0087890625,0.1,0.1,0.9545454545454546
engagement,on,2,50,8,True,0.031591796875,0.031591796875,0.0,0.0,1.0
engagement,on,2,50,9,False,0.023693847656250006,0.023693847656250003,0.0,0.0,1.0
engagement,on,2,50,10,True,0.017770385742187502,0.017770385742187502,0.0,0.0,1.0
engagement,on,2,50,11,False,0.013327789306640626,0.013327789306640626,0.14285714285714285,0.14285714285714285,0.9523809523809523
engagement,on,2,50,12,True,0.04571012769426618,0.04571012769426618,0.0,0.0,1.0
engagement,on,2,50,13,False,0.034282595770699635,0.034282595770699635,0.0,0.0,1.0
engagement,on,2,50,14,True,0.025711946828024725,0.025711946828024725,0.0,0.0,1.0
engagement,on,2,50,15,False,0.019283960121018545,0.019283960121018545,0.0,0.0,1.0
engagement,on,2,50,16,True,0.014462970090763907,0.014462970090763909,0.0,0.0,1.0
engagement,on,2,50,17,False,0.010847227568072932,0.010847227568072932,0.08333333333333333,0.08333333333333333,0.9545454545454546
engagement,on,2,50,18,True,0.02896875400938803,0.02896875400938803,0.0,0.0,1.0
engagement,on,2,50,19,False,0.021726565507041024,0.021726565507041024,0.0,0.0,1.0
engagement,on,2,50,20,True,0.016294924130280768,0.016294924130280768,0.0,0.0,1.0
engagement,on,2,50,21,False,0.012221193097710576,0.012221193097710576,0.0,0.0,1.0
engagement,on,2,50,22,True,0.009165894823282932,0.009165894823282932,0.0,0.0,1.0
engagement,on,2,50,23,False,0.006874421117462199,0.006874421117462199,0.0,0.0,1.0
engagement,on,2,50,24,True,0.00515581583809665,0.00515581583809665,0.0,0.0,1.0
engagement,on,2,50,25,False,0.0038668618785724874,0.0038668618785724874,0.0,0.0,1.0
engagement,on,2,50,26,True,0.0029001464089293653,0.0029001464089293653,0.0,0.0,1.0
engagement,on,2,50,27,False,0.002175109806697024,0.002175109806697024,0.0,0.0,1.0
engagement,on,2,50,28,True,0.001631332355022768,0.001631332355022768,0.0,0.0,1.0
engagement,on,2,50,29,False,0.001223499266267076,0.001223499266267076,0.0,0.0,1.0
engagement,on,2,50,30,True,0.000917624449700307,0.000917624449700307,0.0,0.0,1.0
engagement,on,2,50,31,False,0.0006882183372752302,0.0006882183372752302,0.0,0.0,1.0
engagement,on,2,50,32,True,0.0005161637529564226,0.0005161637529564226,0.0,0.0,1.0
engagement,on,2,50,33,False,0.00038712281471731694,0.000387122814717317,0.0,0.0,1.0
engagement,on,2,50,34,True,0.00029034211103798774,0.00029034211103798774,0.0,0.0,1.0
engagement,on,2,50,35,False,0.00021775658327849082,0.00021775658327849082,0.0,0.0,1.0
engagement,on,2,50,36,True,0.0001633174374588681,0.00016331743745886813,0.0,0.0,1.0
engagement,on,2,50,37,False,0.0001224880780941511,0.0001224880780941511,0.0,0.0,1.0
engagement,on,2,50,38,True,9.186605857061333e-05,9.186605857061333e-05,0.0,0.0,1.0
engagement,on,2,50,39,False,6.889954392796e-05,6.889954392796e-05,0.0,0.0,1.0
engagement,on,2,51,0,False,0.0,0.0,0.0,0.0,1.0
engagement,on,2,51,1,False,0.0,0.0,0.0,0.0,1.0
engagement,on,2,51,2,True,0.0,0.0,0.0,0.0,1.0
engagement,on,2,51,3,False,0.0,0.0,0.0,0.0,1.0
engagement,on,2,51,4,True,0.0,0.0,0.0,0.0,1.0
engagement,on,2,51,5,False,0.0,0.0,0.0,0.0,1.0
engagement,on,2,51,6,True,0.0,0.0,0.0,0.0,1.0
engagement,on,2,51,7,False,0.0,0.0,0.0,0.0,1.0
engagement,on,2,51,8,True,0.0,0.0,0.0,0.0,1.0
engagement,on,2,51,9,False,0.0,0.0,0.0,0.0,1.0
engagement,on,2,51,10,True,0.0,0.0,0.0,0.0,1.0
engagement,on,2,51,11,False,0.0,0.0,0.0,0.0,1.0
engagement,on,2,51,12,True,0.0,0.0,0.0,0.0,1.0
engagement,on,2,51,13,False,0.0,0.0,0.0,0.0,1.0
engagement,on,2,51,14,True,0.0,0.0,0.0,0.0,1.0
engagement,on,2,51,15,False,0.0,0.0,0.0,0.0,1.0
engagement,on,2,51,16,True,0.0,0.0,0.0,0.0,1.0
engagement,on,2,51,17,False,0.0,0.0,0.0,0.0,1.0
engagement,on,2,51,18,True,0.0,0.0,0.0,0.0,1.0
engagement,on,2,51,19,False,0.0,0.0,0.0,0.0,1.0
engagement,on,2,51,20,True,0.0,0.0,0.0,0.0,1.0
engagement,on,2,51,21,False,0.0,0.0,0.0,0.0,1.0
engagement,on,2,51,22,True,0.0,0.0,0.0,0.0,1.0
engagement,on,2,51,23,False,0.0,0.0,0.1111111111111111,0.1111111111111111,0.9666666666666667
engagement,on,2,51,24,True,0.027777777777777773,0.027777777777777776,0.0,0.0,1.0
engagement,on,2,51,25,False,0.020833333333333332,0.020833333333333332,0.0,0.0,1.0
engagement,on,2,51,26,True,0.015625,0.015625,0.0,0.0,1.0
engagement,on,2,51,27,False,0.01171875,0.01171875,0.0,0.0,1.0
engagement,on,2,51,28,True,0.0087890625,0.0087890625,0.0,0.0,1.0
engagement,on,2,51,29,False,0.006591796875,0.006591796875,0.0,0.0,1.0
engagement,on,2,51,30,True,0.00494384765625,0.00494384765625,0.0,0.0,1.0
engagement,on,2,51,31,False,0.0037078857421875,0.0037078857421875,0.0,0.0,1.0
engagement,on,2,51,32,True,0.002780914306640625,0.002780914306640625,0.0,0.0,1.0
engagement,on,2,51,33,False,0.0020856857299804688,0.0020856857299804688,0.0,0.0,1.0
engagement,on,2,51,34,True,0.0015642642974853516,0.0015642642974853516,0.0,0.0,1.0
engagement,on,2,51,35,False,0.0011731982231140137,0.0011731982231140137,0.1,0.1,0.9523809523809523
engagement,on,2,51,36,True,0.02587989866733551,0.02587989866733551,0.0,0.0,1.0
engagement,on,2,51,37,False,0.01940992400050164,0.019409924000501635,0.0,0.0,1.0
engagement,on,2,51,38,True,0.014557443000376227,0.014557443000376227,0.0,0.0,1.0
engagement,on,2,51,39,False,0.010918082250282169,0.010918082250282169,0.0,0.0,1.0
