mode,detection,write_pref,side_host_attention,seed,epoch,reset,mean_infection,max_infection,cache_corruption,tier3_poisoning,promotion_accuracy,side_teardown,side_active,side_teardown_count,side_sweep_count,discovered_fraction,side_writes,sanctioned_writes,ungoverned_fraction,side_cache_corruption,side_entries,evader_fraction,population_attention,chosen_attention,substrate_gap,mean_side_value
deletion,0.065,0.7,,42,0,False,0.0,0.0,0.0,0.0,1.0,False,True,0,0,0.1,0,0,0.0,0.0,0,0.0,0.065,0.065,0.0,0.0
deletion,0.065,0.7,,42,1,False,0.0,0.0,0.42857142857142855,0.42857142857142855,0.8181818181818182,True,False,1,0,0.4,4,48,0.07692307692307693,0.0,0,0.0,0.065,0.065,0.0,0.0
deletion,0.065,0.7,,42,2,False,0.10714285714285714,0.10714285714285714,0.5,0.5,0.75,False,True,1,0,0.6,0,39,0.0,0.0,0,0.0,0.065,0.065,0.0,0.0
deletion,0.065,0.7,,42,3,False,0.20535714285714285,0.20535714285714285,0.6875,0.6875,0.5833333333333334,True,False,2,0,0.7,18,22,0.45,0.0,0,0.0,0.065,0.065,0.0,0.0
deletion,0.065,0.7,,42,4,False,0.32589285714285715,0.32589285714285715,0.6666666666666666,0.6666666666666666,0.5789473684210527,False,True,2,0,0.7,0,39,0.0,0.0,0,0.0,0.065,0.065,0.0,0.0
deletion,0.065,0.7,,42,5,False,0.4110863095238096,0.41108630952380953,0.55,0.6785714285714286,0.5102040816326531,True,False,3,0,0.8,26,12,0.6842105263157895,0.0,0,0.0,0.065,0.065,0.0,0.0
deletion,0.065,0.7,,42,6,False,0.4458147321428572,0.44581473214285716,0.45,0.6333333333333333,0.5384615384615384,False,True,3,0,0.9,0,50,0.0,0.0,0,0.0,0.065,0.065,0.0,0.0
deletion,0.065,0.7,,42,7,False,0.44686104910714286,0.44686104910714286,0.4,0.6470588235294118,0.5087719298245614,True,False,4,0,1.0,32,17,0.6530612244897959,0.0,0,0.0,0.065,0.065,0.0,0.0
deletion,0.065,0.7,,42,8,False,0.4351457868303571,0.4351457868303571,0.4,0.6666666666666666,0.4603174603174603,False,True,4,0,1.0,0,45,0.0,0.0,0,0.0,0.065,0.065,0.0,0.0
deletion,0.065,0.7,,42,9,False,0.42635934012276777,0.42635934012276777,0.35,0.6578947368421053,0.45454545454545453,True,False,5,0,1.0,26,12,0.6842105263157895,0.0,0,0.0,0.065,0.065,0.0,0.0
deletion,0.065,0.7,,42,10,False,0.40726950509207577,0.4072695050920758,0.35,0.675,0.44285714285714284,False,True,5,0,1.0,0,43,0.0,0.0,0,0.0,0.065,0.065,0.0,0.0
deletion,0.065,0.7,,42,11,False,0.39295212881905683,0.39295212881905683,0.25,0.6808510638297872,0.4230769230769231,True,False,6,0,1.0,32,9,0.7804878048780488,0.0,0,0.0,0.065,0.065,0.0,0.0
deletion,0.065,0.7,,42,12,False,0.3572140966142926,0.3572140966142926,0.25,0.6938775510204082,0.4024390243902439,False,True,6,0,1.0,0,43,0.0,0.0,0,0.0,0.065,0.065,0.0,0.0
deletion,0.065,0.7,,42,13,False,0.3304105724607195,0.3304105724607195,0.2,0.6923076923076923,0.39080459770114945,False,True,6,0,1.0,34,7,0.8292682926829268,0.7,34,0.0,0.065,0.065,0.0,0.0
deletion,0.065,0.7,,42,14,False,0.3603079293455395,0.36030792934553957,0.05,0.6724137931034483,0.39361702127659576,True,False,7,0,1.0,24,14,0.631578947368421,0.0,0,0.0,0.065,0.065,0.0,0.0
deletion,0.065,0.7,,42,15,False,0.2827309470091547,0.2827309470091547,0.05,0.6721311475409836,0.3877551020408163,False,True,7,0,1.0,0,39,0.0,0.0,0,0.0,0.065,0.065,0.0,0.0
deletion,0.065,0.7,,42,16,False,0.22454821025686603,0.22454821025686603,0.0,0.6911764705882353,0.37142857142857144,False,True,7,0,1.0,17,18,0.4857142857142857,0.35294117647058826,17,0.0,0.065,0.065,0.0,0.0
deletion,0.065,0.7,,42,17,False,0.21252880475147307,0.21252880475147307,0.0,0.6619718309859155,0.38181818181818183,True,False,8,0,1.0,35,11,0.7608695652173914,0.0,0,0.0,0.065,0.065,0.0,0.0
deletion,0.065,0.7,,42,18,False,0.1593966035636048,0.1593966035636048,0.0,0.6666666666666666,0.3783783783783784,False,True,8,0,1.0,0,43,0.0,0.0,0,0.0,0.065,0.065,0.0,0.0
deletion,0.065,0.7,,42,19,False,0.1195474526727036,0.1195474526727036,0.0,0.6794871794871795,0.3644067796610169,True,False,9,0,1.0,29,12,0.7073170731707317,0.0,0,0.0,0.065,0.065,0.0,0.0
deletion,0.065,0.7,,42,20,False,0.0896605895045277,0.0896605895045277,0.0,0.675,0.36585365853658536,False,True,9,0,1.0,0,43,0.0,0.0,0,0.0,0.065,0.065,0.0,0.0
deletion,0.065,0.7,,42,21,False,0.06724544212839577,0.06724544212839577,0.0,0.6781609195402298,0.3533834586466165,True,False,10,0,1.0,30,13,0.6976744186046512,0.0,0,0.0,0.065,0.065,0.0,0.0
deletion,0.065,0.7,,42,22,False,0.05043408159629682,0.05043408159629682,0.0,0.6847826086956522,0.34782608695652173,False,True,10,0,1.0,0,42,0.0,0.0,0,0.0,0.065,0.065,0.0,0.0
deletion,0.065,0.7,,42,23,False,0.03782556119722262,0.03782556119722262,0.0,0.6701030927835051,0.35664335664335667,True,False,11,0,1.0,36,10,0.782608695652174,0.0,0,0.0,0.065,0.065,0.0,0.0
deletion,0.065,0.7,,42,24,False,0.028369170897916966,0.028369170897916966,0.0,0.6534653465346535,0.36,False,True,11,0,1.0,0,45,0.0,0.0,0,0.0,0.065,0.065,0.0,0.0
deletion,0.065,0.7,,42,25,False,0.021276878173437725,0.021276878173437725,0.0,0.6509433962264151,0.36075949367088606,True,False,12,0,1.0,38,13,0.7450980392156863,0.0,0,0.0,0.065,0.065,0.0,0.0
deletion,0.065,0.7,,42,26,False,0.015957658630078295,0.015957658630078295,0.0,0.6542056074766355,0.3558282208588957,False,True,12,0,1.0,0,43,0.0,0.0,0,0.0,0.065,0.065,0.0,0.0
deletion,0.065,0.7,,42,27,False,0.011968243972558721,0.011968243972558721,0.0,0.6607142857142857,0.3567251461988304,False,True,12,0,1.0,26,12,0.6842105263157895,0.4,26,0.0,0.065,0.065,0.0,0.0
deletion,0.065,0.7,,42,28,False,0.05897618297941905,0.05897618297941905,0.0,0.65,0.3615819209039548,True,False,13,0,1.0,30,8,0.7894736842105263,0.0,0,0.0,0.065,0.065,0.0,0.0
deletion,0.065,0.7,,42,29,False,0.04423213723456428,0.04423213723456429,0.0,0.6557377049180327,0.35911602209944754,False,True,13,0,1.0,0,41,0.0,0.0,0,0.0,0.065,0.065,0.0,0.0
deletion,0.065,0.7,,42,30,False,0.03317410292592322,0.03317410292592322,0.0,0.6363636363636364,0.375,True,False,14,0,1.0,31,8,0.7948717948717948,0.0,0,0.0,0.065,0.065,0.0,0.0
deletion,0.065,0.7,,42,31,False,0.024880577194442415,0.024880577194442415,0.0,0.6296296296296297,0.37055837563451777,False,True,14,0,1.0,0,44,0.0,0.0,0,0.0,0.065,0.065,0.0,0.0
deletion,0.065,0.7,,42,32,False,0.01866043289583181,0.01866043289583181,0.0,0.6267605633802817,0.37681159420289856,False,True,14,0,1.0,26,11,0.7027027027027027,0.45,26,0.0,0.065,0.065,0.0,0.0
deletion,0.065,0.7,,42,33,False,0.07024532467187386,0.07024532467187386,0.0,0.6164383561643836,0.3767441860465116,True,False,15,0,1.0,30,12,0.7142857142857143,0.0,0,0.0,0.065,0.065,0.0,0.0
deletion,0.065,0.7,,42,34,False,0.052683993503905395,0.052683993503905395,0.0,0.6274509803921569,0.36771300448430494,False,True,15,0,1.0,0,42,0.0,0.0,0,0.0,0.065,0.065,0.0,0.0
deletion,0.065,0.7,,42,35,False,0.039512995127929045,0.039512995127929045,0.0,0.6282051282051282,0.3684210526315789,True,False,16,0,1.0,35,11,0.7608695652173914,0.0,0,0.0,0.065,0.065,0.0,0.0
deletion,0.065,0.7,,42,36,False,0.02963474634594678,0.02963474634594678,0.0,0.63125,0.3702127659574468,False,True,16,0,1.0,0,37,0.0,0.0,0,0.0,0.065,0.065,0.0,0.0
deletion,0.065,0.7,,42,37,False,0.022226059759460088,0.022226059759460084,0.0,0.6272189349112426,0.37142857142857144,True,False,17,0,1.0,22,12,0.6470588235294118,0.0,0,0.0,0.065,0.065,0.0,0.0
deletion,0.065,0.7,,42,38,False,0.016669544819595063,0.016669544819595063,0.0,0.6228571428571429,0.3715415019762846,False,True,17,0,1.0,0,31,0.0,0.0,0,0.0,0.065,0.065,0.0,0.0
deletion,0.065,0.7,,42,39,False,0.012502158614696297,0.012502158614696297,0.0,0.6235955056179775,0.3682170542635659,False,True,17,0,1.0,24,19,0.5581395348837209,0.4,24,0.0,0.065,0.065,0.0,0.0
deletion,0.065,0.7,,43,0,False,0.0,0.0,0.0,0.0,1.0,False,True,0,0,0.0,0,0,0.0,0.0,0,0.0,0.065,0.065,0.0,0.0
deletion,0.065,0.7,,43,1,False,0.0,0.0,0.09090909090909091,0.09090909090909091,0.8518518518518519,False,True,0,0,0.0,0,50,0.0,0.0,0,0.0,0.065,0.065,0.0,0.0
deletion,0.065,0.7,,43,2,False,0.022727272727272728,0.022727272727272728,0.29411764705882354,0.29411764705882354,0.7352941176470589,False,True,0,0,0.1,0,35,0.0,0.0,0,0.0,0.065,0.065,0.0,0.0
deletion,0.065,0.7,,43,3,False,0.09057486631016043,0.09057486631016043,0.4,0.42857142857142855,0.6190476190476191,False,True,0,0,0.2,1,37,0.02631578947368421,0.0,1,0.0,0.065,0.065,0.0,0.0
deletion,0.065,0.7,,43,4,False,0.16078829258976318,0.16793114973262033,0.35,0.48,0.574468085106383,False,True,0,0,0.5,1,36,0.02702702702702703,0.0,2,0.0,0.065,0.065,0.0,0.0
deletion,0.065,0.7,,43,5,False,0.18934121944232235,0.21344836229946523,0.3,0.5333333333333333,0.509090909090909,False,True,0,0,0.5,16,18,0.47058823529411764,0.3333333333333333,18,0.0,0.065,0.065,0.0,0.0
deletion,0.065,0.7,,43,6,False,0.21879162886745607,0.23508627172459895,0.25,0.53125,0.5172413793103449,False,True,0,0,0.5,10,32,0.23809523809523808,0.35,28,0.0,0.065,0.065,0.0,0.0
deletion,0.065,0.7,,43,7,False,0.23195086450773492,0.2388147037934492,0.2,0.5227272727272727,0.5072463768115942,True,False,1,0,0.5,14,21,0.4,0.0,0,0.0,0.065,0.065,0.0,0.0
deletion,0.065,0.7,,43,8,False,0.22396314838080117,0.2291110278450869,0.15,0.5319148936170213,0.47368421052631576,False,True,1,0,0.7,0,46,0.0,0.0,0,0.0,0.065,0.065,0.0,0.0
deletion,0.065,0.7,,43,9,False,0.2054723612856009,0.20933327088381518,0.15,0.5416666666666666,0.46835443037974683,True,False,2,0,0.8,23,22,0.5111111111111111,0.0,0,0.0,0.065,0.065,0.0,0.0
deletion,0.065,0.7,,43,10,False,0.19160427096420068,0.1944999531628614,0.1,0.54,0.4578313253012048,False,True,2,0,0.9,0,49,0.0,0.0,0,0.0,0.065,0.065,0.0,0.0
deletion,0.065,0.7,,43,11,False,0.16870320322315052,0.17087496487214604,0.0,0.5454545454545454,0.4444444444444444,True,False,3,0,0.9,28,12,0.7,0.0,0,0.0,0.065,0.065,0.0,0.0
deletion,0.065,0.7,,43,12,False,0.12652740241736288,0.12815622365410953,0.0,0.5245901639344263,0.4536082474226804,False,True,3,0,0.9,0,37,0.0,0.0,0,0.0,0.065,0.065,0.0,0.0
deletion,0.065,0.7,,43,13,False,0.09489555181302216,0.09611716774058215,0.0,0.5384615384615384,0.42857142857142855,True,False,4,0,0.9,32,14,0.6956521739130435,0.0,0,0.0,0.065,0.065,0.0,0.0
deletion,0.065,0.7,,43,14,False,0.07117166385976662,0.07208787580543662,0.0,0.5362318840579711,0.42857142857142855,False,True,4,0,0.9,0,38,0.0,0.0,0,0.0,0.065,0.065,0.0,0.0
deletion,0.065,0.7,,43,15,False,0.05337874789482496,0.05406590685407746,0.0,0.5454545454545454,0.425,True,False,5,0,0.9,26,14,0.65,0.0,0,0.0,0.065,0.065,0.0,0.0
deletion,0.065,0.7,,43,16,False,0.04003406092111872,0.04054943014055809,0.0,0.5679012345679012,0.4140625,False,True,5,0,1.0,0,38,0.0,0.0,0,0.0,0.065,0.065,0.0,0.0
deletion,0.065,0.7,,43,17,False,0.03002554569083904,0.030412072605418568,0.0,0.5697674418604651,0.4117647058823529,False,True,5,0,1.0,26,15,0.6341463414634146,0.4,26,0.0,0.065,0.065,0.0,0.0
deletion,0.065,0.7,,43,18,False,0.07251915926812928,0.07280905445406394,0.0,0.5824175824175825,0.3986013986013986,True,False,6,0,1.0,33,12,0.7333333333333333,0.0,0,0.0,0.065,0.065,0.0,0.0
deletion,0.065,0.7,,43,19,False,0.054389369451096965,0.05460679084054795,0.0,0.6,0.3877551020408163,False,True,6,0,1.0,0,36,0.0,0.0,0,0.0,0.065,0.065,0.0,0.0
deletion,0.065,0.7,,43,20,False,0.04079202708832273,0.040955093130410965,0.0,0.5918367346938775,0.3870967741935484,True,False,7,0,1.0,25,17,0.5952380952380952,0.0,0,0.0,0.065,0.065,0.0,0.0
deletion,0.065,0.7,,43,21,False,0.03059402031624205,0.030716319847808225,0.0,0.5794392523364486,0.39520958083832336,False,True,7,0,1.0,0,35,0.0,0.0,0,0.0,0.065,0.065,0.0,0.0
deletion,0.065,0.7,,43,22,False,0.02294551523718153,0.023037239885856167,0.0,0.5794392523364486,0.3953488372093023,True,False,8,0,1.0,27,19,0.5869565217391305,0.0,0,0.0,0.065,0.065,0.0,0.0
deletion,0.065,0.7,,43,23,False,0.01720913642788615,0.017277929914392125,0.0,0.5818181818181818,0.3942857142857143,False,True,8,0,1.0,0,44,0.0,0.0,0,0.0,0.065,0.065,0.0,0.0
deletion,0.065,0.7,,43,24,False,0.012906852320914613,0.012958447435794093,0.0,0.5789473684210527,0.3956043956043956,True,False,9,0,1.0,25,14,0.6410256410256411,0.0,0,0.0,0.065,0.065,0.0,0.0
deletion,0.065,0.7,,43,25,False,0.00968013924068596,0.00971883557684557,0.0,0.5862068965517241,0.3891891891891892,False,True,9,0,1.0,0,50,0.0,0.0,0,0.0,0.065,0.065,0.0,0.0
deletion,0.065,0.7,,43,26,False,0.007260104430514469,0.007289126682634177,0.0,0.5772357723577236,0.3958333333333333,True,False,10,0,1.0,32,7,0.8205128205128205,0.0,0,0.0,0.065,0.065,0.0,0.0
deletion,0.065,0.7,,43,27,False,0.005445078322885852,0.005466845011975633,0.0,0.5769230769230769,0.3969849246231156,False,True,10,0,1.0,0,42,0.0,0.0,0,0.0,0.065,0.065,0.0,0.0
deletion,0.065,0.7,,43,28,False,0.0040838087421643885,0.004100133758981724,0.0,0.572463768115942,0.40096618357487923,True,False,11,0,1.0,20,13,0.6060606060606061,0.0,0,0.0,0.065,0.065,0.0,0.0
deletion,0.065,0.7,,43,29,False,0.003062856556623292,0.0030751003192362935,0.0,0.5704225352112676,0.40375586854460094,False,True,11,0,1.0,0,34,0.0,0.0,0,0.0,0.065,0.065,0.0,0.0
deletion,0.065,0.7,,43,30,False,0.002297142417467469,0.00230632523942722,0.0,0.5793103448275863,0.3972602739726027,True,False,12,0,1.0,24,22,0.5217391304347826,0.0,0,0.0,0.065,0.065,0.0,0.0
deletion,0.065,0.7,,43,31,False,0.0017228568131006014,0.001729743929570415,0.0,0.5751633986928104,0.39473684210526316,False,True,12,0,1.0,0,34,0.0,0.0,0,0.0,0.065,0.065,0.0,0.0
deletion,0.065,0.7,,43,32,False,0.0012921426098254512,0.0012973079471778112,0.0,0.5759493670886076,0.3940677966101695,True,False,13,0,1.0,33,7,0.825,0.0,0,0.0,0.065,0.065,0.0,0.0
deletion,0.065,0.7,,43,33,False,0.0009691069573690884,0.0009729809603833584,0.0,0.577639751552795,0.40082644628099173,False,True,13,0,1.0,0,42,0.0,0.0,0,0.0,0.065,0.065,0.0,0.0
deletion,0.065,0.7,,43,34,False,0.0007268302180268164,0.0007297357202875188,0.0,0.5833333333333334,0.396,True,False,14,0,1.0,26,11,0.7027027027027027,0.0,0,0.0,0.065,0.065,0.0,0.0
deletion,0.065,0.7,,43,35,False,0.0005451226635201122,0.0005473017902156391,0.0,0.5906432748538012,0.39299610894941633,False,True,14,0,1.0,0,39,0.0,0.0,0,0.0,0.065,0.065,0.0,0.0
deletion,0.065,0.7,,43,36,False,0.00040884199764008416,0.0004104763426617293,0.0,0.5932203389830508,0.39015151515151514,True,False,15,0,1.0,26,14,0.65,0.0,0,0.0,0.065,0.065,0.0,0.0
deletion,0.065,0.7,,43,37,False,0.00030663149823006313,0.000307857256996297,0.0,0.5944444444444444,0.38661710037174724,False,True,15,0,1.0,0,37,0.0,0.0,0,0.0,0.065,0.065,0.0,0.0
deletion,0.065,0.7,,43,38,False,0.00022997362367254732,0.00023089294274722275,0.0,0.6,0.38181818181818183,True,False,16,0,1.0,19,14,0.5757575757575758,0.0,0,0.0,0.065,0.065,0.0,0.0
deletion,0.065,0.7,,43,39,False,0.0001724802177544105,0.00017316970706041706,0.0,0.6042780748663101,0.3763440860215054,False,True,16,0,1.0,0,40,0.0,0.0,0,0.0,0.065,0.065,0.0,0.0
deletion,0.065,0.7,,44,0,False,0.0,0.0,0.0,0.0,1.0,False,True,0,0,0.0,0,0,0.0,0.0,0,0.0,0.065,0.065,0.0,0.0
deletion,0.065,0.7,,44,1,False,0.0,0.0,0.3,0.3,0.72,False,True,0,0,0.0,0,43,0.0,0.0,0,0.0,0.065,0.065,0.0,0.0
deletion,0.065,0.7,,44,2,False,0.075,0.075,0.4166666666666667,0.4166666666666667,0.6785714285714286,False,True,0,0,0.1,0,43,0.0,0.0,0,0.0,0.065,0.065,0.0,0.0
deletion,0.065,0.7,,44,3,False,0.16041666666666665,0.16041666666666665,0.5625,0.5625,0.5714285714285714,False,True,0,0,0.2,2,36,0.05263157894736842,0.0,2,0.0,0.065,0.065,0.0,0.0
deletion,0.065,0.7,,44,4,False,0.25089285714285714,0.2609375,0.5789473684210527,0.5789473684210527,0.5384615384615384,False,True,0,0,0.4,2,33,0.05714285714285714,0.5,4,0.0,0.065,0.065,0.0,0.0
deletion,0.065,0.7,,44,5,False,0.33008693609022555,0.34043996710526314,0.6,0.6363636363636364,0.5,True,False,1,0,0.4,14,32,0.30434782608695654,0.0,0,0.0,0.065,0.065,0.0,0.0
deletion,0.065,0.7,,44,6,False,0.3975652020676691,0.4053299753289473,0.6,0.6923076923076923,0.45652173913043476,False,True,1,0,0.5,0,41,0.0,0.0,0,0.0,0.065,0.065,0.0,0.0
deletion,0.065,0.7,,44,7,False,0.4481739015507519,0.4539974814967105,0.45,0.65625,0.4716981132075472,True,False,2,0,0.6,12,28,0.3,0.0,0,0.0,0.065,0.065,0.0,0.0
deletion,0.065,0.7,,44,8,False,0.44863042616306387,0.45299811112253285,0.35,0.6410256410256411,0.4666666666666667,False,True,2,0,0.7,0,43,0.0,0.0,0,0.0,0.065,0.065,0.0,0.0
deletion,0.065,0.7,,44,9,False,0.42397281962229794,0.42724858334189963,0.3,0.6428571428571429,0.453125,True,False,3,0,0.8,16,28,0.36363636363636365,0.0,0,0.0,0.065,0.065,0.0,0.0
deletion,0.065,0.7,,44,10,False,0.3929796147167234,0.3954364375064247,0.1,0.6122448979591837,0.44594594594594594,False,True,3,0,0.9,0,36,0.0,0.0,0,0.0,0.065,0.065,0.0,0.0
deletion,0.065,0.7,,44,11,False,0.3197347110375426,0.32157732812981854,0.1,0.6346153846153846,0.4230769230769231,True,False,4,0,0.9,27,18,0.6,0.0,0,0.0,0.065,0.065,0.0,0.0
deletion,0.065,0.7,,44,12,False,0.2648010332781569,0.2661829960973639,0.0,0.625,0.4117647058823529,False,True,4,0,0.9,0,40,0.0,0.0,0,0.0,0.065,0.065,0.0,0.0
deletion,0.065,0.7,,44,13,False,0.1986007749586177,0.19963724707302294,0.0,0.639344262295082,0.3829787234042553,True,False,5,0,0.9,30,12,0.7142857142857143,0.0,0,0.0,0.065,0.065,0.0,0.0
deletion,0.065,0.7,,44,14,False,0.14895058121896326,0.1497279353047672,0.0,0.6515151515151515,0.3627450980392157,False,True,5,0,1.0,0,38,0.0,0.0,0,0.0,0.065,0.065,0.0,0.0
deletion,0.065,0.7,,44,15,False,0.11171293591422245,0.11229595147857539,0.0,0.6197183098591549,0.38317757009345793,True,False,6,0,1.0,34,10,0.7727272727272727,0.0,0,0.0,0.065,0.065,0.0,0.0
deletion,0.065,0.7,,44,16,False,0.08378470193566682,0.08422196360893154,0.0,0.6301369863013698,0.3783783783783784,False,True,6,0,1.0,0,39,0.0,0.0,0,0.0,0.065,0.065,0.0,0.0
deletion,0.065,0.7,,44,17,False,0.06283852645175013,0.06316647270669866,0.0,0.6296296296296297,0.371900826446281,True,False,7,0,1.0,27,13,0.675,0.0,0,0.0,0.065,0.065,0.0,0.0
deletion,0.065,0.7,,44,18,False,0.04712889483881259,0.04737485453002399,0.0,0.6385542168674698,0.35714285714285715,False,True,7,0,1.0,0,37,0.0,0.0,0,0.0,0.065,0.065,0.0,0.0
deletion,0.065,0.7,,44,19,False,0.03534667112910945,0.03553114089751799,0.0,0.6222222222222222,0.3656716417910448,True,False,8,0,1.0,32,8,0.8,0.0,0,0.0,0.065,0.065,0.0,0.0
deletion,0.065,0.7,,44,20,False,0.026510003346832085,0.026648355673138495,0.0,0.6082474226804123,0.3680555555555556,False,True,8,0,1.0,0,39,0.0,0.0,0,0.0,0.065,0.065,0.0,0.0
deletion,0.065,0.7,,44,21,False,0.01988250251012406,0.01998626675485387,0.0,0.6310679611650486,0.3576158940397351,True,False,9,0,1.0,24,15,0.6153846153846154,0.0,0,0.0,0.065,0.065,0.0,0.0
deletion,0.065,0.7,,44,22,False,0.014911876882593045,0.014989700066140402,0.0,0.6415094339622641,0.35064935064935066,False,True,9,0,1.0,0,42,0.0,0.0,0,0.0,0.065,0.065,0.0,0.0
deletion,0.065,0.7,,44,23,False,0.011183907661944784,0.011242275049605302,0.0,0.6513761467889908,0.3416149068322981,True,False,10,0,1.0,27,13,0.675,0.0,0,0.0,0.065,0.065,0.0,0.0
deletion,0.065,0.7,,44,24,False,0.008387930746458588,0.008431706287203976,0.0,0.646551724137931,0.3392857142857143,False,True,10,0,1.0,0,37,0.0,0.0,0,0.0,0.065,0.065,0.0,0.0
deletion,0.065,0.7,,44,25,False,0.006290948059843941,0.006323779715402982,0.0,0.6528925619834711,0.33714285714285713,True,False,11,0,1.0,31,12,0.7209302325581395,0.0,0,0.0,0.065,0.065,0.0,0.0
deletion,0.065,0.7,,44,26,False,0.004718211044882957,0.004742834786552237,0.0,0.6612903225806451,0.3241758241758242,False,True,11,0,1.0,0,40,0.0,0.0,0,0.0,0.065,0.065,0.0,0.0
deletion,0.065,0.7,,44,27,False,0.0035386582836622166,0.0035571260899141775,0.0,0.6614173228346457,0.3225806451612903,True,False,12,0,1.0,35,10,0.7777777777777778,0.0,0,0.0,0.065,0.065,0.0,0.0
deletion,0.065,0.7,,44,28,False,0.002653993712746663,0.002667844567435633,0.0,0.6515151515151515,0.33505154639175255,False,True,12,0,1.0,0,38,0.0,0.0,0,0.0,0.065,0.065,0.0,0.0
deletion,0.065,0.7,,44,29,False,0.0019904952845599968,0.002000883425576725,0.0,0.6408450704225352,0.33980582524271846,True,False,13,0,1.0,30,6,0.8333333333333334,0.0,0,0.0,0.065,0.065,0.0,0.0
deletion,0.065,0.7,,44,30,False,0.001492871463419998,0.0015006625691825438,0.0,0.6388888888888888,0.33649289099526064,False,True,13,0,1.0,0,47,0.0,0.0,0,0.0,0.065,0.065,0.0,0.0
deletion,0.065,0.7,,44,31,False,0.0011196535975649985,0.0011254969268869079,0.0,0.6418918918918919,0.3317972350230415,True,False,14,0,1.0,29,16,0.6444444444444445,0.0,0,0.0,0.065,0.065,0.0,0.0
deletion,0.065,0.7,,44,32,False,0.0008397401981737487,0.000844122695165181,0.0,0.6428571428571429,0.3333333333333333,False,True,14,0,1.0,0,33,0.0,0.0,0,0.0,0.065,0.065,0.0,0.0
deletion,0.065,0.7,,44,33,False,0.0006298051486303116,0.0006330920213738858,0.0,0.6380368098159509,0.33617021276595743,True,False,15,0,1.0,28,8,0.7777777777777778,0.0,0,0.0,0.065,0.065,0.0,0.0
deletion,0.065,0.7,,44,34,False,0.00047235386147273376,0.0004748190160304143,0.0,0.6428571428571429,0.3347107438016529,False,True,15,0,1.0,0,38,0.0,0.0,0,0.0,0.065,0.065,0.0,0.0
deletion,0.065,0.7,,44,35,False,0.00035426539610455024,0.0003561142620228107,0.0,0.6342857142857142,0.344,True,False,16,0,1.0,24,11,0.6857142857142857,0.0,0,0.0,0.065,0.065,0.0,0.0
deletion,0.065,0.7,,44,36,False,0.0002656990470784127,0.000267085696517108,0.0,0.6256983240223464,0.34375,False,True,16,0,1.0,0,42,0.0,0.0,0,0.0,0.065,0.065,0.0,0.0
deletion,0.065,0.7,,44,37,False,0.00019927428530880953,0.000200314272387831,0.0,0.6276595744680851,0.34210526315789475,False,True,16,0,1.0,25,9,0.7352941176470589,0.35,25,0.0,0.065,0.065,0.0,0.0
deletion,0.065,0.7,,44,38,False,0.04389945571398161,0.04390023570429087,0.0,0.6185567010309279,0.3492647058823529,True,False,17,0,1.0,29,11,0.725,0.0,0,0.0,0.065,0.065,0.0,0.0
deletion,0.065,0.7,,44,39,False,0.03292459178548621,0.03292517677821816,0.0,0.6180904522613065,0.35251798561151076,False,True,17,0,1.0,0,48,0.0,0.0,0,0.0,0.065,0.065,0.0,0.0
deletion,0.065,0.7,,45,0,False,0.0,0.0,0.0,0.0,1.0,False,True,0,0,0.2,0,0,0.0,0.0,0,0.0,0.065,0.065,0.0,0.0
deletion,0.065,0.7,,45,1,False,0.0,0.0,0.35294117647058826,0.35294117647058826,0.8064516129032258,True,False,1,0,0.3,5,39,0.11363636363636363,0.0,0,0.0,0.065,0.065,0.0,0.0
deletion,0.065,0.7,,45,2,False,0.08823529411764706,0.08823529411764706,0.35294117647058826,0.35294117647058826,0.7575757575757576,False,True,1,0,0.4,0,49,0.0,0.0,0,0.0,0.065,0.065,0.0,0.0
deletion,0.065,0.7,,45,3,False,0.1544117647058824,0.15441176470588236,0.4,0.42857142857142855,0.6842105263157895,True,False,2,0,0.5,6,36,0.14285714285714285,0.0,0,0.0,0.065,0.065,0.0,0.0
deletion,0.065,0.7,,45,4,False,0.21580882352941178,0.21580882352941178,0.4,0.4782608695652174,0.6190476190476191,False,True,2,0,0.7,0,34,0.0,0.0,0,0.0,0.065,0.065,0.0,0.0
deletion,0.065,0.7,,45,5,False,0.2618566176470588,0.2618566176470588,0.4,0.4782608695652174,0.6046511627906976,False,True,2,0,0.7,16,27,0.37209302325581395,0.625,16,0.0,0.065,0.065,0.0,0.0
deletion,0.065,0.7,,45,6,False,0.31648174894957976,0.32451746323529407,0.35,0.5357142857142857,0.54,False,True,2,0,0.7,18,21,0.46153846153846156,0.6,34,0.0,0.065,0.065,0.0,0.0
deletion,0.065,0.7,,45,7,False,0.34718274028361346,0.3621380974264705,0.15,0.5142857142857142,0.5344827586206896,False,True,2,0,0.7,10,26,0.2777777777777778,0.55,44,0.0,0.065,0.065,0.0,0.0
deletion,0.065,0.7,,45,8,False,0.3336013409269958,0.3591035730698529,0.15,0.5263157894736842,0.5161290322580645,False,True,2,0,0.8,20,25,0.4444444444444444,0.55,64,0.0,0.065,0.065,0.0,0.0
deletion,0.065,0.7,,45,9,False,0.32341529140953257,0.3568276798023897,0.2,0.5813953488372093,0.47058823529411764,True,False,3,0,0.8,22,20,0.5238095238095238,0.0,0,0.0,0.065,0.065,0.0,0.0
deletion,0.065,0.7,,45,10,False,0.29256146855714943,0.3176207598517923,0.2,0.625,0.44594594594594594,False,True,3,0,0.8,0,40,0.0,0.0,0,0.0,0.065,0.065,0.0,0.0
deletion,0.065,0.7,,45,11,False,0.2694211014178621,0.2882155698888442,0.15,0.6274509803921569,0.4358974358974359,True,False,4,0,0.9,16,23,0.41025641025641024,0.0,0,0.0,0.065,0.065,0.0,0.0
deletion,0.065,0.7,,45,12,False,0.23956582606339655,0.25366167741663315,0.15,0.6481481481481481,0.4146341463414634,False,True,4,0,0.9,0,44,0.0,0.0,0,0.0,0.065,0.065,0.0,0.0
deletion,0.065,0.7,,45,13,False,0.21717436954754743,0.22774625806247487,0.1,0.6551724137931034,0.40229885057471265,True,False,5,0,0.9,31,16,0.6595744680851063,0.0,0,0.0,0.065,0.065,0.0,0.0
deletion,0.065,0.7,,45,14,False,0.18788077716066057,0.19580969354685615,0.1,0.6721311475409836,0.3804347826086957,False,True,5,0,0.9,0,43,0.0,0.0,0,0.0,0.065,0.065,0.0,0.0
deletion,0.065,0.7,,45,15,False,0.1659105828704954,0.1718572701601421,0.0,0.6619718309859155,0.38235294117647056,False,True,5,0,1.0,27,17,0.6136363636363636,0.55,27,0.0,0.065,0.065,0.0,0.0
deletion,0.065,0.7,,45,16,False,0.19318293715287155,0.1976429526201066,0.0,0.6438356164383562,0.3904761904761905,True,False,6,0,1.0,36,9,0.8,0.0,0,0.0,0.065,0.065,0.0,0.0
deletion,0.065,0.7,,45,17,False,0.14488720286465367,0.14823221446507995,0.0,0.6410256410256411,0.39285714285714285,False,True,6,0,1.0,0,40,0.0,0.0,0,0.0,0.065,0.065,0.0,0.0
deletion,0.065,0.7,,45,18,False,0.10866540214849027,0.11117416084880996,0.0,0.6463414634146342,0.38461538461538464,True,False,7,0,1.0,32,12,0.7272727272727273,0.0,0,0.0,0.065,0.065,0.0,0.0
deletion,0.065,0.7,,45,19,False,0.08149905161136771,0.08338062063660748,0.0,0.6395348837209303,0.3821138211382114,False,True,7,0,1.0,0,41,0.0,0.0,0,0.0,0.065,0.065,0.0,0.0
deletion,0.065,0.7,,45,20,False,0.06112428870852578,0.06253546547745562,0.0,0.6413043478260869,0.3798449612403101,False,True,7,0,1.0,23,19,0.5476190476190477,0.55,23,0.0,0.065,0.065,0.0,0.0
deletion,0.065,0.7,,45,21,False,0.11459321653139434,0.11565159910809172,0.0,0.6276595744680851,0.38636363636363635,True,False,8,0,1.0,29,11,0.725,0.0,0,0.0,0.065,0.065,0.0,0.0
deletion,0.065,0.7,,45,22,False,0.08594491239854575,0.08673869933106879,0.0,0.6288659793814433,0.38235294117647056,False,True,8,0,1.0,0,41,0.0,0.0,0,0.0,0.065,0.065,0.0,0.0
deletion,0.065,0.7,,45,23,False,0.06445868429890932,0.06505402449830158,0.0,0.63,0.37857142857142856,True,False,9,0,1.0,27,14,0.6585365853658537,0.0,0,0.0,0.065,0.065,0.0,0.0
deletion,0.065,0.7,,45,24,False,0.048344013224181984,0.04879051837372619,0.0,0.6226415094339622,0.38513513513513514,False,True,9,0,1.0,0,40,0.0,0.0,0,0.0,0.065,0.065,0.0,0.0
deletion,0.065,0.7,,45,25,False,0.036258009918136484,0.03659288878029464,0.0,0.6216216216216216,0.3717948717948718,False,True,9,0,1.0,24,16,0.6,0.3,24,0.0,0.065,0.065,0.0,0.0
deletion,0.065,0.7,,45,26,False,0.06469350743860237,0.06494466658522098,0.0,0.6302521008403361,0.37037037037037035,True,False,10,0,1.0,24,13,0.6486486486486487,0.0,0,0.0,0.065,0.065,0.0,0.0
deletion,0.065,0.7,,45,27,False,0.04852013057895178,0.04870849993891574,0.0,0.628099173553719,0.3674698795180723,False,True,10,0,1.0,0,40,0.0,0.0,0,0.0,0.065,0.065,0.0,0.0
deletion,0.065,0.7,,45,28,False,0.036390097934213834,0.036531374954186804,0.0,0.6220472440944882,0.3699421965317919,True,False,11,0,1.0,28,10,0.7368421052631579,0.0,0,0.0,0.065,0.065,0.0,0.0
deletion,0.065,0.7,,45,29,False,0.027292573450660378,0.027398531215640103,0.0,0.6153846153846154,0.3687150837988827,False,True,11,0,1.0,0,36,0.0,0.0,0,0.0,0.065,0.065,0.0,0.0
deletion,0.065,0.7,,45,30,False,0.02046943008799528,0.020548898411730077,0.0,0.6131386861313869,0.3670212765957447,True,False,12,0,1.0,31,10,0.7560975609756098,0.0,0,0.0,0.065,0.065,0.0,0.0
deletion,0.065,0.7,,45,31,False,0.015352072565996461,0.015411673808797557,0.0,0.6142857142857143,0.3626943005181347,False,True,12,0,1.0,0,45,0.0,0.0,0,0.0,0.065,0.065,0.0,0.0
deletion,0.065,0.7,,45,32,False,0.011514054424497346,0.011558755356598168,0.0,0.6041666666666666,0.3681592039800995,True,False,13,0,1.0,20,19,0.5128205128205128,0.0,0,0.0,0.065,0.065,0.0,0.0
deletion,0.065,0.7,,45,33,False,0.008635540818373009,0.008669066517448625,0.0,0.5960264900662252,0.3696682464454976,False,True,13,0,1.0,0,41,0.0,0.0,0,0.0,0.065,0.065,0.0,0.0
deletion,0.065,0.7,,45,34,False,0.006476655613779756,0.006501799888086469,0.0,0.5935483870967742,0.3686635944700461,True,False,14,0,1.0,27,16,0.627906976744186,0.0,0,0.0,0.065,0.065,0.0,0.0
deletion,0.065,0.7,,45,35,False,0.004857491710334817,0.004876349916064852,0.0,0.5886075949367089,0.37104072398190047,False,True,14,0,1.0,0,47,0.0,0.0,0,0.0,0.065,0.065,0.0,0.0
deletion,0.065,0.7,,45,36,False,0.0036431187827511134,0.003657262437048639,0.0,0.5914634146341463,0.3684210526315789,True,False,15,0,1.0,29,9,0.7631578947368421,0.0,0,0.0,0.065,0.065,0.0,0.0
deletion,0.065,0.7,,45,37,False,0.002732339087063335,0.0027429468277864796,0.0,0.592814371257485,0.36909871244635195,False,True,15,0,1.0,0,41,0.0,0.0,0,0.0,0.065,0.065,0.0,0.0
deletion,0.065,0.7,,45,38,False,0.002049254315297501,0.0020572101208398597,0.0,0.5895953757225434,0.3760330578512397,True,False,16,0,1.0,27,10,0.7297297297297297,0.0,0,0.0,0.065,0.065,0.0,0.0
deletion,0.065,0.7,,45,39,False,0.001536940736473126,0.0015429075906298949,0.0,0.5842696629213483,0.3805668016194332,False,True,16,0,1.0,0,36,0.0,0.0,0,0.0,0.065,0.065,0.0,0.0
deletion,0.065,0.7,,46,0,False,0.0,0.0,0.0,0.0,1.0,False,True,0,0,0.1,0,0,0.0,0.0,0,0.0,0.065,0.065,0.0,0.0
deletion,0.065,0.7,,46,1,False,0.0,0.0,0.2,0.2,0.84,False,True,0,0,0.2,3,41,0.06818181818181818,0.0,3,0.0,0.065,0.065,0.0,0.0
deletion,0.065,0.7,,46,2,False,0.04642857142857143,0.05,0.4,0.4,0.7096774193548387,False,True,0,0,0.2,3,33,0.08333333333333333,0.0,6,0.0,0.065,0.065,0.0,0.0
deletion,0.065,0.7,,46,3,False,0.12767857142857145,0.1375,0.4117647058823529,0.4117647058823529,0.6666666666666666,False,True,0,0,0.3,2,41,0.046511627906976744,0.0,8,0.0,0.065,0.065,0.0,0.0
deletion,0.065,0.7,,46,4,False,0.18399422268907561,0.20606617647058822,0.5,0.5652173913043478,0.5581395348837209,False,True,0,0,0.5,3,29,0.09375,0.0,11,0.0,0.065,0.065,0.0,0.0
deletion,0.065,0.7,,46,5,False,0.2362099527310924,0.27954963235294117,0.45,0.5769230769230769,0.5208333333333334,False,True,0,0,0.7,9,34,0.20930232558139536,0.3,20,0.0,0.065,0.065,0.0,0.0
deletion,0.065,0.7,,46,6,False,0.27626460740546216,0.32216222426470587,0.25,0.53125,0.5178571428571429,True,False,1,0,0.9,26,18,0.5909090909090909,0.0,0,0.0,0.065,0.065,0.0,0.0
deletion,0.065,0.7,,46,7,False,0.2696984555540966,0.30412166819852937,0.25,0.5454545454545454,0.4915254237288136,False,True,1,0,0.9,0,46,0.0,0.0,0,0.0,0.065,0.065,0.0,0.0
deletion,0.065,0.7,,46,8,False,0.26477384166557244,0.29059125114889706,0.1,0.5121951219512195,0.5,True,False,2,0,0.9,26,16,0.6190476190476191,0.0,0,0.0,0.065,0.065,0.0,0.0
deletion,0.065,0.7,,46,9,False,0.22358038124917937,0.2429434383616728,0.0,0.5319148936170213,0.47368421052631576,False,True,2,0,0.9,0,39,0.0,0.0,0,0.0,0.065,0.065,0.0,0.0
deletion,0.065,0.7,,46,10,False,0.1676852859368845,0.1822075787712546,0.05,0.5555555555555556,0.4578313253012048,False,True,2,0,0.9,29,13,0.6904761904761905,0.7,29,0.0,0.065,0.065,0.0,0.0
deletion,0.065,0.7,,46,11,False,0.2079068215955205,0.23040568407844095,0.05,0.5555555555555556,0.46153846153846156,True,False,3,0,1.0,25,14,0.6410256410256411,0.0,0,0.0,0.065,0.065,0.0,0.0
deletion,0.065,0.7,,46,12,False,0.16843011619664042,0.18530426305883071,0.05,0.5454545454545454,0.4583333333333333,False,True,3,0,1.0,0,48,0.0,0.0,0,0.0,0.065,0.065,0.0,0.0
deletion,0.065,0.7,,46,13,False,0.13882258714748033,0.15147819729412304,0.05,0.5571428571428572,0.45098039215686275,True,False,4,0,1.0,24,13,0.6486486486486487,0.0,0,0.0,0.065,0.065,0.0,0.0
deletion,0.065,0.7,,46,14,False,0.11661694036061024,0.1261086479705923,0.05,0.5694444444444444,0.4392523364485981,False,True,4,0,1.0,0,45,0.0,0.0,0,0.0,0.065,0.065,0.0,0.0
deletion,0.065,0.7,,46,15,False,0.09996270527045768,0.10708148597794422,0.0,0.5662650602409639,0.4444444444444444,True,False,5,0,1.0,30,11,0.7317073170731707,0.0,0,0.0,0.065,0.065,0.0,0.0
deletion,0.065,0.7,,46,16,False,0.07497202895284326,0.08031111448345817,0.0,0.5764705882352941,0.4297520661157025,False,True,5,0,1.0,0,44,0.0,0.0,0,0.0,0.065,0.065,0.0,0.0
deletion,0.065,0.7,,46,17,False,0.05622902171463245,0.06023333586259362,0.0,0.5777777777777777,0.42857142857142855,True,False,6,0,1.0,30,16,0.6521739130434783,0.0,0,0.0,0.065,0.065,0.0,0.0
deletion,0.065,0.7,,46,18,False,0.042171766285974334,0.04517500189694522,0.0,0.5714285714285714,0.4296875,False,True,6,0,1.0,0,47,0.0,0.0,0,0.0,0.065,0.065,0.0,0.0
deletion,0.065,0.7,,46,19,False,0.031628824714480745,0.03388125142270891,0.0,0.5638297872340425,0.4253731343283582,True,False,7,0,1.0,28,15,0.6511627906976745,0.0,0,0.0,0.065,0.065,0.0,0.0
deletion,0.065,0.7,,46,20,False,0.02372161853586056,0.025410938567031683,0.0,0.5656565656565656,0.42142857142857143,False,True,7,0,1.0,0,40,0.0,0.0,0,0.0,0.065,0.065,0.0,0.0
deletion,0.065,0.7,,46,21,False,0.01779121390189542,0.019058203925273763,0.0,0.5769230769230769,0.4217687074829932,True,False,8,0,1.0,30,7,0.8108108108108109,0.0,0,0.0,0.065,0.065,0.0,0.0
deletion,0.065,0.7,,46,22,False,0.013343410426421565,0.014293652943955322,0.0,0.5794392523364486,0.42207792207792205,False,True,8,0,1.0,0,36,0.0,0.0,0,0.0,0.065,0.065,0.0,0.0
deletion,0.065,0.7,,46,23,False,0.010007557819816174,0.010720239707966492,0.0,0.5892857142857143,0.40993788819875776,True,False,9,0,1.0,28,15,0.6511627906976745,0.0,0,0.0,0.065,0.065,0.0,0.0
deletion,0.065,0.7,,46,24,False,0.007505668364862131,0.00804017978097487,0.0,0.603448275862069,0.39880952380952384,False,True,9,0,1.0,0,35,0.0,0.0,0,0.0,0.065,0.065,0.0,0.0
deletion,0.065,0.7,,46,25,False,0.0056292512736465985,0.006030134835731152,0.0,0.5806451612903226,0.4124293785310734,True,False,10,0,1.0,28,11,0.717948717948718,0.0,0,0.0,0.065,0.065,0.0,0.0
deletion,0.065,0.7,,46,26,False,0.004221938455234948,0.004522601126798365,0.0,0.5877862595419847,0.41304347826086957,False,True,10,0,1.0,0,32,0.0,0.0,0,0.0,0.065,0.065,0.0,0.0
deletion,0.065,0.7,,46,27,False,0.0031664538414262118,0.0033919508450987734,0.0,0.5912408759124088,0.4114583333333333,True,False,11,0,1.0,29,14,0.6744186046511628,0.0,0,0.0,0.065,0.065,0.0,0.0
deletion,0.065,0.7,,46,28,False,0.0023748403810696585,0.00254396313382408,0.0,0.5944055944055944,0.40703517587939697,False,True,11,0,1.0,0,37,0.0,0.0,0,0.0,0.065,0.065,0.0,0.0
deletion,0.065,0.7,,46,29,False,0.0017811302858022438,0.00190797235036806,0.0,0.5827814569536424,0.41346153846153844,True,False,12,0,1.0,26,16,0.6190476190476191,0.0,0,0.0,0.065,0.065,0.0,0.0
deletion,0.065,0.7,,46,30,False,0.001335847714351683,0.001430979262776045,0.0,0.5769230769230769,0.41935483870967744,False,True,12,0,1.0,0,36,0.0,0.0,0,0.0,0.065,0.065,0.0,0.0
deletion,0.065,0.7,,46,31,False,0.0010018857857637623,0.0010732344470820339,0.0,0.5849056603773585,0.4080717488789238,True,False,13,0,1.0,28,19,0.5957446808510638,0.0,0,0.0,0.065,0.065,0.0,0.0
deletion,0.065,0.7,,46,32,False,0.0007514143393228216,0.0008049258353115254,0.0,0.5900621118012422,0.39737991266375544,False,True,13,0,1.0,0,43,0.0,0.0,0,0.0,0.065,0.065,0.0,0.0
deletion,0.065,0.7,,46,33,False,0.0005635607544921163,0.0006036943764836441,0.0,0.5903614457831325,0.4025423728813559,True,False,14,0,1.0,32,11,0.7441860465116279,0.0,0,0.0,0.065,0.065,0.0,0.0
deletion,0.065,0.7,,46,34,False,0.0004226705658690872,0.00045277078236273305,0.0,0.5823529411764706,0.4049586776859504,False,True,14,0,1.0,0,42,0.0,0.0,0,0.0,0.065,0.065,0.0,0.0
deletion,0.065,0.7,,46,35,False,0.0003170029244018154,0.00033957808677204977,0.0,0.5932203389830508,0.39759036144578314,True,False,15,0,1.0,24,14,0.631578947368421,0.0,0,0.0,0.065,0.065,0.0,0.0
deletion,0.065,0.7,,46,36,False,0.00023775219330136155,0.00025468356507903734,0.0,0.5966850828729282,0.39453125,False,True,15,0,1.0,0,36,0.0,0.0,0,0.0,0.065,0.065,0.0,0.0
deletion,0.065,0.7,,46,37,False,0.00017831414497602118,0.00019101267380927802,0.0,0.5957446808510638,0.39543726235741444,True,False,16,0,1.0,25,12,0.6756756756756757,0.0,0,0.0,0.065,0.065,0.0,0.0
deletion,0.065,0.7,,46,38,False,0.00013373560873201586,0.0001432595053569585,0.0,0.5989583333333334,0.3940520446096654,False,True,16,0,1.0,0,41,0.0,0.0,0,0.0,0.065,0.065,0.0,0.0
deletion,0.065,0.7,,46,39,False,0.00010030170654901191,0.00010744462901771888,0.0,0.595,0.39636363636363636,False,True,16,0,1.0,31,11,0.7380952380952381,0.4,31,0.0,0.065,0.065,0.0,0.0
deletion,0.065,0.7,,47,0,False,0.0,0.0,0.0,0.0,1.0,False,True,0,0,0.1,0,0,0.0,0.0,0,0.0,0.065,0.065,0.0,0.0
deletion,0.065,0.7,,47,1,False,0.0,0.0,0.18181818181818182,0.18181818181818182,0.8148148148148148,False,True,0,0,0.2,4,39,0.09302325581395349,1.0,4,0.0,0.065,0.065,0.0,0.0
deletion,0.065,0.7,,47,2,False,0.060064935064935064,0.14772727272727273,0.1875,0.1875,0.7878787878787878,True,False,1,0,0.3,12,28,0.3,0.0,0,0.0,0.065,0.065,0.0,0.0
deletion,0.065,0.7,,47,3,False,0.0919237012987013,0.15767045454545456,0.2631578947368421,0.2631578947368421,0.675,False,True,1,0,0.5,0,37,0.0,0.0,0,0.0,0.065,0.065,0.0,0.0
deletion,0.065,0.7,,47,4,False,0.1347322496582365,0.18404231459330145,0.2,0.30434782608695654,0.62,True,False,2,0,0.6,19,20,0.48717948717948717,0.0,0,0.0,0.065,0.065,0.0,0.0
deletion,0.065,0.7,,47,5,False,0.15104918724367739,0.18803173594497608,0.1,0.3076923076923077,0.6153846153846154,False,True,2,0,0.7,0,46,0.0,0.0,0,0.0,0.065,0.065,0.0,0.0
deletion,0.065,0.7,,47,6,False,0.13828689043275802,0.16602380195873204,0.0,0.34375,0.603448275862069,False,True,2,0,0.8,22,19,0.5365853658536586,0.45,22,0.0,0.065,0.065,0.0,0.0
deletion,0.065,0.7,,47,7,False,0.14389373925313995,0.18076785146904903,0.0,0.375,0.582089552238806,True,False,3,0,0.8,25,13,0.6578947368421053,0.0,0,0.0,0.065,0.065,0.0,0.0
deletion,0.065,0.7,,47,8,False,0.10792030443985497,0.13557588860178676,0.0,0.375,0.5822784810126582,False,True,3,0,0.8,0,38,0.0,0.0,0,0.0,0.065,0.065,0.0,0.0
deletion,0.065,0.7,,47,9,False,0.08094022832989123,0.10168191645134007,0.0,0.4,0.5697674418604651,False,True,3,0,0.9,18,17,0.5142857142857142,0.6111111111111112,18,0.0,0.065,0.065,0.0,0.0
deletion,0.065,0.7,,47,10,False,0.1261813617236089,0.15265032622739394,0.0,0.3793103448275862,0.5777777777777777,True,False,4,0,0.9,33,10,0.7674418604651163,0.0,0,0.0,0.065,0.065,0.0,0.0
deletion,0.065,0.7,,47,11,False,0.09463602129270667,0.11448774467054545,0.0,0.38333333333333336,0.5567010309278351,False,True,4,0,1.0,0,43,0.0,0.0,0,0.0,0.065,0.065,0.0,0.0
deletion,0.065,0.7,,47,12,False,0.07097701596953,0.08586580850290909,0.0,0.38461538461538464,0.5428571428571428,True,False,5,0,1.0,30,12,0.7142857142857143,0.0,0,0.0,0.065,0.065,0.0,0.0
deletion,0.065,0.7,,47,13,False,0.0532327619771475,0.06439935637718182,0.0,0.38235294117647056,0.5267857142857143,False,True,5,0,1.0,0,40,0.0,0.0,0,0.0,0.065,0.065,0.0,0.0
deletion,0.065,0.7,,47,14,False,0.039924571482860625,0.04829951728288637,0.0,0.4266666666666667,0.5084745762711864,True,False,6,0,1.0,31,13,0.7045454545454546,0.0,0,0.0,0.065,0.065,0.0,0.0
deletion,0.065,0.7,,47,15,False,0.02994342861214547,0.036224637962164775,0.0,0.43373493975903615,0.5079365079365079,False,True,6,0,1.0,0,40,0.0,0.0,0,0.0,0.065,0.065,0.0,0.0
deletion,0.065,0.7,,47,16,False,0.0224575714591091,0.027168478471623583,0.0,0.4418604651162791,0.49242424242424243,True,False,7,0,1.0,28,16,0.6363636363636364,0.0,0,0.0,0.065,0.065,0.0,0.0
deletion,0.065,0.7,,47,17,False,0.016843178594331827,0.020376358853717687,0.0,0.46153846153846156,0.4714285714285714,False,True,7,0,1.0,0,39,0.0,0.0,0,0.0,0.065,0.065,0.0,0.0
deletion,0.065,0.7,,47,18,False,0.01263238394574887,0.015282269140288265,0.0,0.46808510638297873,0.46853146853146854,True,False,8,0,1.0,29,16,0.6444444444444445,0.0,0,0.0,0.065,0.065,0.0,0.0
deletion,0.065,0.7,,47,19,False,0.009474287959311654,0.011461701855216198,0.0,0.4791666666666667,0.4557823129251701,False,True,8,0,1.0,0,36,0.0,0.0,0,0.0,0.065,0.065,0.0,0.0
deletion,0.065,0.7,,47,20,False,0.007105715969483741,0.00859627639141215,0.0,0.5098039215686274,0.44155844155844154,True,False,9,0,1.0,22,11,0.6666666666666666,0.0,0,0.0,0.065,0.065,0.0,0.0
deletion,0.065,0.7,,47,21,False,0.0053292869771128055,0.006447207293559112,0.0,0.5233644859813084,0.43125,False,True,9,0,1.0,0,38,0.0,0.0,0,0.0,0.065,0.065,0.0,0.0
deletion,0.065,0.7,,47,22,False,0.003996965232834604,0.004835405470169334,0.0,0.5213675213675214,0.43529411764705883,True,False,10,0,1.0,28,10,0.7368421052631579,0.0,0,0.0,0.065,0.065,0.0,0.0
deletion,0.065,0.7,,47,23,False,0.002997723924625953,0.0036265541026270004,0.0,0.5294117647058824,0.4228571428571429,False,True,10,0,1.0,0,39,0.0,0.0,0,0.0,0.065,0.065,0.0,0.0
deletion,0.065,0.7,,47,24,False,0.0022482929434694647,0.00271991557697025,0.0,0.5158730158730159,0.44021739130434784,True,False,11,0,1.0,29,13,0.6904761904761905,0.0,0,0.0,0.065,0.065,0.0,0.0
deletion,0.065,0.7,,47,25,False,0.0016862197076020987,0.0020399366827276878,0.0,0.5271317829457365,0.42408376963350786,False,True,11,0,1.0,0,42,0.0,0.0,0,0.0,0.065,0.065,0.0,0.0
deletion,0.065,0.7,,47,26,False,0.001264664780701574,0.0015299525120457658,0.0,0.5289855072463768,0.4228855721393035,True,False,12,0,1.0,28,12,0.7,0.0,0,0.0,0.065,0.065,0.0,0.0
deletion,0.065,0.7,,47,27,False,0.0009484985855261805,0.0011474643840343243,0.0,0.5357142857142857,0.4146341463414634,False,True,12,0,1.0,0,45,0.0,0.0,0,0.0,0.065,0.065,0.0,0.0
deletion,0.065,0.7,,47,28,False,0.0007113739391446354,0.0008605982880257432,0.0,0.5333333333333333,0.4212962962962963,True,False,13,0,1.0,24,11,0.6857142857142857,0.0,0,0.0,0.065,0.065,0.0,0.0
deletion,0.065,0.7,,47,29,False,0.0005335304543584765,0.0006454487160193074,0.0,0.5328947368421053,0.42272727272727273,False,True,13,0,1.0,0,47,0.0,0.0,0,0.0,0.065,0.065,0.0,0.0
deletion,0.065,0.7,,47,30,False,0.00040014784076885737,0.0004840865370144805,0.0,0.5341614906832298,0.42358078602620086,False,True,13,0,1.0,26,8,0.7647058823529411,0.45,26,0.0,0.065,0.065,0.0,0.0
deletion,0.065,0.7,,47,31,False,0.05655011088057665,0.056613064902760864,0.0,0.5321637426900585,0.42857142857142855,True,False,14,0,1.0,33,6,0.8461538461538461,0.0,0,0.0,0.065,0.065,0.0,0.0
deletion,0.065,0.7,,47,32,False,0.042412583160432483,0.04245979867707065,0.0,0.5397727272727273,0.42105263157894735,False,True,14,0,1.0,0,38,0.0,0.0,0,0.0,0.065,0.065,0.0,0.0
deletion,0.065,0.7,,47,33,False,0.031809437370324364,0.03184484900780299,0.0,0.5333333333333333,0.4268774703557312,True,False,15,0,1.0,25,14,0.6410256410256411,0.0,0,0.0,0.065,0.065,0.0,0.0
deletion,0.065,0.7,,47,34,False,0.023857078027743273,0.02388363675585224,0.0,0.5376344086021505,0.4230769230769231,False,True,15,0,1.0,0,45,0.0,0.0,0,0.0,0.065,0.065,0.0,0.0
deletion,0.065,0.7,,47,35,False,0.017892808520807456,0.01791272756688918,0.0,0.5412371134020618,0.4216417910447761,False,True,15,0,1.0,21,15,0.5833333333333334,0.4,21,0.0,0.065,0.065,0.0,0.0
deletion,0.065,0.7,,47,36,False,0.06341960639060559,0.06343454567516689,0.0,0.535,0.4254545454545455,False,True,15,0,1.0,24,19,0.5581395348837209,0.4,45,0.0,0.065,0.065,0.0,0.0
deletion,0.065,0.7,,47,37,False,0.0975647047929542,0.09757590925637517,0.0,0.5388349514563107,0.4234875444839858,True,False,16,0,1.0,31,9,0.775,0.0,0,0.0,0.065,0.065,0.0,0.0
deletion,0.065,0.7,,47,38,False,0.07317352859471564,0.07318193194228138,0.0,0.5355450236966824,0.4270833333333333,False,True,16,0,1.0,0,46,0.0,0.0,0,0.0,0.065,0.065,0.0,0.0
deletion,0.065,0.7,,47,39,False,0.05488014644603673,0.054886448956711034,0.0,0.539906103286385,0.41836734693877553,True,False,17,0,1.0,38,10,0.7916666666666666,0.0,0,0.0,0.065,0.065,0.0,0.0
deletion,0.065,0.7,,48,0,False,0.0,0.0,0.0,0.0,1.0,False,True,0,0,0.0,0,0,0.0,0.0,0,0.0,0.065,0.065,0.0,0.0
deletion,0.065,0.7,,48,1,False,0.0,0.0,0.3333333333333333,0.3333333333333333,0.85,False,True,0,0,0.0,0,44,0.0,0.0,0,0.0,0.065,0.065,0.0,0.0
deletion,0.065,0.7,,48,2,False,0.08333333333333333,0.08333333333333333,0.4,0.4,0.7083333333333334,False,True,0,0,0.0,0,41,0.0,0.0,0,0.0,0.065,0.065,0.0,0.0
deletion,0.065,0.7,,48,3,False,0.1625,0.1625,0.5714285714285714,0.5714285714285714,0.5666666666666667,False,True,0,0,0.0,0,42,0.0,0.0,0,0.0,0.065,0.065,0.0,0.0
deletion,0.065,0.7,,48,4,False,0.26473214285714286,0.26473214285714286,0.6111111111111112,0.6111111111111112,0.5294117647058824,False,True,0,0,0.0,0,43,0.0,0.0,0,0.0,0.065,0.065,0.0,0.0
deletion,0.065,0.7,,48,5,False,0.3513268849206349,0.3513268849206349,0.6111111111111112,0.6111111111111112,0.5142857142857142,False,True,0,0,0.0,0,43,0.0,0.0,0,0.0,0.065,0.065,0.0,0.0
deletion,0.065,0.7,,48,6,False,0.41627294146825405,0.416272941468254,0.65,0.6666666666666666,0.4523809523809524,False,True,0,0,0.0,0,40,0.0,0.0,0,0.0,0.065,0.065,0.0,0.0
deletion,0.065,0.7,,48,7,False,0.47470470610119053,0.47470470610119053,0.65,0.6818181818181818,0.4222222222222222,False,True,0,0,0.1,0,48,0.0,0.0,0,0.0,0.065,0.065,0.0,0.0
deletion,0.065,0.7,,48,8,False,0.5185285295758929,0.5185285295758929,0.5,0.6296296296296297,0.44,True,False,1,0,0.2,6,31,0.16216216216216217,0.0,0,0.0,0.065,0.065,0.0,0.0
deletion,0.065,0.7,,48,9,False,0.5138963971819197,0.5138963971819197,0.5,0.6551724137931034,0.41509433962264153,False,True,1,0,0.2,0,43,0.0,0.0,0,0.0,0.065,0.065,0.0,0.0
deletion,0.065,0.7,,48,10,False,0.5104222978864398,0.5104222978864398,0.45,0.65625,0.39655172413793105,True,False,2,0,0.3,9,34,0.20930232558139536,0.0,0,0.0,0.065,0.065,0.0,0.0
deletion,0.065,0.7,,48,11,False,0.49531672341482985,0.49531672341482985,0.45,0.6857142857142857,0.35384615384615387,False,True,2,0,0.3,0,43,0.0,0.0,0,0.0,0.065,0.065,0.0,0.0
deletion,0.065,0.7,,48,12,False,0.48398754256112236,0.48398754256112236,0.45,0.7027027027027027,0.3380281690140845,False,True,2,0,0.3,13,30,0.3023255813953488,0.5384615384615384,13,0.0,0.065,0.065,0.0,0.0
deletion,0.065,0.7,,48,13,False,0.4802296679098527,0.48654834922853407,0.45,0.7317073170731707,0.3116883116883117,True,False,3,0,0.3,11,31,0.2619047619047619,0.0,0,0.0,0.065,0.065,0.0,0.0
deletion,0.065,0.7,,48,14,False,0.47267225093238957,0.47741126192140054,0.45,0.7380952380952381,0.2962962962962963,False,True,3,0,0.4,0,45,0.0,0.0,0,0.0,0.065,0.065,0.0,0.0
deletion,0.065,0.7,,48,15,False,0.4670041881992922,0.4705584464410504,0.4,0.7333333333333333,0.30337078651685395,True,False,4,0,0.5,7,32,0.1794871794871795,0.0,0,0.0,0.065,0.065,0.0,0.0
deletion,0.065,0.7,,48,16,False,0.4502531411494691,0.45291883483078776,0.4,0.7446808510638298,0.2903225806451613,False,True,4,0,0.7,0,45,0.0,0.0,0,0.0,0.065,0.065,0.0,0.0
deletion,0.065,0.7,,48,17,False,0.43768985586210185,0.43968912612309086,0.4,0.75,0.28125,True,False,5,0,0.9,24,21,0.5333333333333333,0.0,0,0.0,0.065,0.065,0.0,0.0
deletion,0.065,0.7,,48,18,False,0.42826739189657637,0.4297668445923182,0.3,0.7307692307692307,0.29411764705882354,False,True,5,0,0.9,0,38,0.0,0.0,0,0.0,0.065,0.065,0.0,0.0
deletion,0.065,0.7,,48,19,False,0.39620054392243226,0.39732513344423864,0.25,0.7457627118644068,0.2882882882882883,True,False,6,0,0.9,23,13,0.6388888888888888,0.0,0,0.0,0.065,0.065,0.0,0.0
deletion,0.065,0.7,,48,20,False,0.3596504079418242,0.36049385008317897,0.25,0.7580645161290323,0.27586206896551724,False,True,6,0,1.0,0,42,0.0,0.0,0,0.0,0.065,0.065,0.0,0.0
deletion,0.065,0.7,,48,21,False,0.3322378059563681,0.33287038756238424,0.15,0.734375,0.288135593220339,True,False,7,0,1.0,24,13,0.6486486486486487,0.0,0,0.0,0.065,0.065,0.0,0.0
deletion,0.065,0.7,,48,22,False,0.2866783544672761,0.28715279067178817,0.05,0.7205882352941176,0.28346456692913385,False,True,7,0,1.0,0,46,0.0,0.0,0,0.0,0.065,0.065,0.0,0.0
deletion,0.065,0.7,,48,23,False,0.22750876585045707,0.22786459300384115,0.0,0.7105263157894737,0.28888888888888886,True,False,8,0,1.0,31,12,0.7209302325581395,0.0,0,0.0,0.065,0.065,0.0,0.0
deletion,0.065,0.7,,48,24,False,0.17063157438784282,0.17089844475288085,0.0,0.7051282051282052,0.29285714285714287,False,True,8,0,1.0,0,45,0.0,0.0,0,0.0,0.065,0.065,0.0,0.0
deletion,0.065,0.7,,48,25,False,0.1279736807908821,0.12817383356466064,0.0,0.6888888888888889,0.3092105263157895,True,False,9,0,1.0,22,10,0.6875,0.0,0,0.0,0.065,0.065,0.0,0.0
deletion,0.065,0.7,,48,26,False,0.09598026059316157,0.09613037517349549,0.0,0.6881720430107527,0.3057324840764331,False,True,9,0,1.0,0,42,0.0,0.0,0,0.0,0.065,0.065,0.0,0.0
deletion,0.065,0.7,,48,27,False,0.07198519544487118,0.07209778138012161,0.0,0.6831683168316832,0.31137724550898205,False,True,9,0,1.0,29,12,0.7073170731707317,0.5,29,0.0,0.065,0.065,0.0,0.0
deletion,0.065,0.7,,48,28,False,0.11648889658365338,0.11657333603509121,0.0,0.6666666666666666,0.32,True,False,10,0,1.0,30,11,0.7317073170731707,0.0,0,0.0,0.065,0.065,0.0,0.0
deletion,0.065,0.7,,48,29,False,0.08736667243774003,0.0874300020263184,0.0,0.6576576576576577,0.3224043715846995,False,True,10,0,1.0,0,41,0.0,0.0,0,0.0,0.065,0.065,0.0,0.0
deletion,0.065,0.7,,48,30,False,0.06552500432830502,0.0655725015197388,0.0,0.6363636363636364,0.3403141361256545,True,False,11,0,1.0,30,5,0.8571428571428571,0.0,0,0.0,0.065,0.065,0.0,0.0
deletion,0.065,0.7,,48,31,False,0.049143753246228765,0.049179376139804096,0.0,0.6220472440944882,0.3415841584158416,False,True,11,0,1.0,0,38,0.0,0.0,0,0.0,0.065,0.065,0.0,0.0
deletion,0.065,0.7,,48,32,False,0.036857814934671565,0.03688453210485307,0.0,0.6153846153846154,0.35096153846153844,True,False,12,0,1.0,30,13,0.6976744186046512,0.0,0,0.0,0.065,0.065,0.0,0.0
deletion,0.065,0.7,,48,33,False,0.02764336120100368,0.0276633990786398,0.0,0.6136363636363636,0.35377358490566035,False,True,12,0,1.0,0,46,0.0,0.0,0,0.0,0.065,0.065,0.0,0.0
deletion,0.065,0.7,,48,34,False,0.020732520900752758,0.020747549308979853,0.0,0.6159420289855072,0.34841628959276016,True,False,13,0,1.0,22,13,0.6285714285714286,0.0,0,0.0,0.065,0.065,0.0,0.0
deletion,0.065,0.7,,48,35,False,0.015549390675564571,0.01556066198173489,0.0,0.6223776223776224,0.34210526315789475,False,True,13,0,1.0,0,39,0.0,0.0,0,0.0,0.065,0.065,0.0,0.0
deletion,0.065,0.7,,48,36,False,0.011662043006673428,0.011670496486301167,0.0,0.6148648648648649,0.3446808510638298,True,False,14,0,1.0,27,13,0.675,0.0,0,0.0,0.065,0.065,0.0,0.0
deletion,0.065,0.7,,48,37,False,0.00874653225500507,0.008752872364725875,0.0,0.6118421052631579,0.34439834024896265,False,True,14,0,1.0,0,36,0.0,0.0,0,0.0,0.065,0.065,0.0,0.0
deletion,0.065,0.7,,48,38,False,0.006559899191253803,0.0065646542735444055,0.0,0.6114649681528662,0.3441295546558704,True,False,15,0,1.0,30,17,0.6382978723404256,0.0,0,0.0,0.065,0.065,0.0,0.0
deletion,0.065,0.7,,48,39,False,0.0049199243934403515,0.004923490705158304,0.0,0.6134969325153374,0.3438735177865613,False,True,15,0,1.0,0,39,0.0,0.0,0,0.0,0.065,0.065,0.0,0.0
deletion,0.065,0.7,,49,0,False,0.0,0.0,0.0,0.0,1.0,False,True,0,0,0.1,0,0,0.0,0.0,0,0.0,0.065,0.065,0.0,0.0
deletion,0.065,0.7,,49,1,False,0.0,0.0,0.16666666666666666,0.16666666666666666,0.8076923076923077,True,False,1,0,0.4,4,42,0.08695652173913043,0.0,0,0.0,0.065,0.065,0.0,0.0
deletion,0.065,0.7,,49,2,False,0.041666666666666664,0.041666666666666664,0.4,0.4,0.6666666666666666,False,True,1,0,0.4,0,42,0.0,0.0,0,0.0,0.065,0.065,0.0,0.0
deletion,0.065,0.7,,49,3,False,0.13125,0.13125,0.5384615384615384,0.5384615384615384,0.5641025641025641,False,True,1,0,0.8,8,32,0.2,0.625,8,0.0,0.065,0.065,0.0,0.0
deletion,0.065,0.7,,49,4,False,0.24077953296703297,0.2438701923076923,0.5882352941176471,0.5882352941176471,0.5227272727272727,True,False,2,0,0.9,25,17,0.5952380952380952,0.0,0,0.0,0.065,0.065,0.0,0.0
deletion,0.065,0.7,,49,5,False,0.3276434732546865,0.329961467760181,0.6111111111111112,0.6111111111111112,0.5,False,True,2,0,0.9,0,52,0.0,0.0,0,0.0,0.065,0.065,0.0,0.0
deletion,0.065,0.7,,49,6,False,0.39851038271879263,0.4002488785979135,0.55,0.5909090909090909,0.5094339622641509,False,True,2,0,0.9,29,17,0.6304347826086957,0.6,29,0.0,0.065,0.065,0.0,0.0
deletion,0.065,0.7,,49,7,False,0.44173992989623734,0.44393665894843515,0.3,0.5625,0.5,True,False,3,0,0.9,26,16,0.6190476190476191,0.0,0,0.0,0.065,0.065,0.0,0.0
deletion,0.065,0.7,,49,8,False,0.406304947422178,0.40795249421132634,0.25,0.5588235294117647,0.49206349206349204,False,True,3,0,0.9,0,48,0.0,0.0,0,0.0,0.065,0.065,0.0,0.0
deletion,0.065,0.7,,49,9,False,0.3672287105666335,0.36846437065849474,0.25,0.6,0.463768115942029,True,False,4,0,0.9,24,15,0.6153846153846154,0.0,0,0.0,0.065,0.065,0.0,0.0
deletion,0.065,0.7,,49,10,False,0.3379215329249751,0.33884827799387107,0.2,0.6136363636363636,0.4520547945205479,False,True,4,0,1.0,0,44,0.0,0.0,0,0.0,0.065,0.065,0.0,0.0
deletion,0.065,0.7,,49,11,False,0.30344114969373137,0.3041362084954033,0.1,0.6122448979591837,0.4430379746835443,True,False,5,0,1.0,32,15,0.6808510638297872,0.0,0,0.0,0.065,0.065,0.0,0.0
deletion,0.065,0.7,,49,12,False,0.25258086227029847,0.2531021563715525,0.1,0.6415094339622641,0.42168674698795183,False,True,5,0,1.0,0,41,0.0,0.0,0,0.0,0.065,0.065,0.0,0.0
deletion,0.065,0.7,,49,13,False,0.2144356467027239,0.21482661727866434,0.05,0.6610169491525424,0.3956043956043956,True,False,6,0,1.0,30,11,0.7317073170731707,0.0,0,0.0,0.065,0.065,0.0,0.0
deletion,0.065,0.7,,49,14,False,0.1733267350270429,0.17361996295899826,0.0,0.6557377049180327,0.39361702127659576,False,True,6,0,1.0,0,43,0.0,0.0,0,0.0,0.065,0.065,0.0,0.0
deletion,0.065,0.7,,49,15,False,0.12999505127028216,0.1302149722192487,0.0,0.6666666666666666,0.38461538461538464,False,True,6,0,1.0,32,8,0.8,0.45,32,0.0,0.065,0.065,0.0,0.0
deletion,0.065,0.7,,49,16,False,0.15374628845271163,0.1539112291644365,0.0,0.6623376623376623,0.38738738738738737,True,False,7,0,1.0,28,8,0.7777777777777778,0.0,0,0.0,0.065,0.065,0.0,0.0
deletion,0.065,0.7,,49,17,False,0.11530971633953371,0.11543342187332738,0.0,0.65,0.3826086956521739,False,True,7,0,1.0,0,46,0.0,0.0,0,0.0,0.065,0.065,0.0,0.0
deletion,0.065,0.7,,49,18,False,0.08648228725465028,0.08657506640499553,0.0,0.6395348837209303,0.3790322580645161,True,False,8,0,1.0,32,13,0.7111111111111111,0.0,0,0.0,0.065,0.065,0.0,0.0
deletion,0.065,0.7,,49,19,False,0.06486171544098772,0.06493129980374665,0.0,0.6373626373626373,0.3828125,False,True,8,0,1.0,0,38,0.0,0.0,0,0.0,0.065,0.065,0.0,0.0
deletion,0.065,0.7,,49,20,False,0.048646286580740786,0.04869847485280999,0.0,0.6458333333333334,0.37593984962406013,True,False,9,0,1.0,33,11,0.75,0.0,0,0.0,0.065,0.065,0.0,0.0
deletion,0.065,0.7,,49,21,False,0.03648471493555559,0.03652385613960749,0.0,0.6565656565656566,0.3669064748201439,False,True,9,0,1.0,0,35,0.0,0.0,0,0.0,0.065,0.065,0.0,0.0
deletion,0.065,0.7,,49,22,False,0.027363536201666695,0.02739289210470562,0.0,0.6571428571428571,0.363013698630137,True,False,10,0,1.0,31,13,0.7045454545454546,0.0,0,0.0,0.065,0.065,0.0,0.0
deletion,0.065,0.7,,49,23,False,0.02052265215125002,0.020544669078529216,0.0,0.6607142857142857,0.35947712418300654,False,True,10,0,1.0,0,35,0.0,0.0,0,0.0,0.065,0.065,0.0,0.0
deletion,0.065,0.7,,49,24,False,0.015391989113437516,0.015408501808896913,0.0,0.6581196581196581,0.3496932515337423,False,True,10,0,1.0,27,12,0.6923076923076923,0.35,27,0.0,0.065,0.065,0.0,0.0
deletion,0.065,0.7,,49,25,False,0.05529399183507814,0.05530637635667268,0.0,0.6532258064516129,0.35502958579881655,True,False,11,0,1.0,30,9,0.7692307692307693,0.0,0,0.0,0.065,0.065,0.0,0.0
deletion,0.065,0.7,,49,26,False,0.0414704938763086,0.04147978226750451,0.0,0.6614173228346457,0.35428571428571426,False,True,11,0,1.0,0,37,0.0,0.0,0,0.0,0.065,0.065,0.0,0.0
deletion,0.065,0.7,,49,27,False,0.03110287040723145,0.031109836700628384,0.0,0.6716417910447762,0.34615384615384615,True,False,12,0,1.0,34,10,0.7727272727272727,0.0,0,0.0,0.065,0.065,0.0,0.0
deletion,0.065,0.7,,49,28,False,0.023327152805423586,0.023332377525471286,0.0,0.6642857142857143,0.3492063492063492,False,True,12,0,1.0,0,42,0.0,0.0,0,0.0,0.065,0.065,0.0,0.0
deletion,0.065,0.7,,49,29,False,0.017495364604067688,0.017499283144103463,0.0,0.6643835616438356,0.350253807106599,True,False,13,0,1.0,27,11,0.7105263157894737,0.0,0,0.0,0.065,0.065,0.0,0.0
deletion,0.065,0.7,,49,30,False,0.013121523453050765,0.013124462358077597,0.0,0.668918918918919,0.3480392156862745,False,True,13,0,1.0,0,44,0.0,0.0,0,0.0,0.065,0.065,0.0,0.0
deletion,0.065,0.7,,49,31,False,0.009841142589788075,0.009843346768558197,0.0,0.6560509554140127,0.35514018691588783,False,True,13,0,1.0,19,17,0.5277777777777778,0.42105263157894735,19,0.0,0.065,0.065,0.0,0.0
deletion,0.065,0.7,,49,32,False,0.06001243588970947,0.06001408902378706,0.0,0.660377358490566,0.34841628959276016,True,False,14,0,1.0,28,14,0.6666666666666666,0.0,0,0.0,0.065,0.065,0.0,0.0
deletion,0.065,0.7,,49,33,False,0.0450093269172821,0.04501056676784029,0.0,0.6583850931677019,0.3482142857142857,False,True,14,0,1.0,0,45,0.0,0.0,0,0.0,0.065,0.065,0.0,0.0
deletion,0.065,0.7,,49,34,False,0.03375699518796158,0.03375792507588022,0.0,0.6588235294117647,0.3432203389830508,True,False,15,0,1.0,22,10,0.6875,0.0,0,0.0,0.065,0.065,0.0,0.0
deletion,0.065,0.7,,49,35,False,0.02531774639097118,0.025318443806910167,0.0,0.6647398843930635,0.3389121338912134,False,True,15,0,1.0,0,45,0.0,0.0,0,0.0,0.065,0.065,0.0,0.0
deletion,0.065,0.7,,49,36,False,0.018988309793228384,0.018988832855182623,0.0,0.6685393258426966,0.3293172690763052,True,False,16,0,1.0,21,20,0.5121951219512195,0.0,0,0.0,0.065,0.065,0.0,0.0
deletion,0.065,0.7,,49,37,False,0.01424123234492129,0.014241624641386967,0.0,0.6740331491712708,0.32677165354330706,False,True,16,0,1.0,0,37,0.0,0.0,0,0.0,0.065,0.065,0.0,0.0
deletion,0.065,0.7,,49,38,False,0.010680924258690968,0.010681218481040226,0.0,0.6702702702702703,0.3281853281853282,True,False,17,0,1.0,27,19,0.5869565217391305,0.0,0,0.0,0.065,0.065,0.0,0.0
deletion,0.065,0.7,,49,39,False,0.008010693194018226,0.008010913860780169,0.0,0.6666666666666666,0.3345724907063197,False,True,17,0,1.0,0,37,0.0,0.0,0,0.0,0.065,0.065,0.0,0.0
deletion,0.065,0.7,,50,0,False,0.0,0.0,0.0,0.0,1.0,False,True,0,0,0.0,0,0,0.0,0.0,0,0.0,0.065,0.065,0.0,0.0
deletion,0.065,0.7,,50,1,False,0.0,0.0,0.21052631578947367,0.21052631578947367,0.8214285714285714,False,True,0,0,0.1,0,42,0.0,0.0,0,0.0,0.065,0.065,0.0,0.0
deletion,0.065,0.7,,50,2,False,0.05263157894736842,0.05263157894736842,0.25,0.34782608695652173,0.7058823529411765,False,True,0,0,0.1,2,44,0.043478260869565216,0.0,2,0.0,0.065,0.065,0.0,0.0
deletion,0.065,0.7,,50,3,False,0.0975093984962406,0.10197368421052631,0.25,0.4,0.6486486486486487,False,True,0,0,0.3,0,43,0.0,0.0,2,0.0,0.065,0.065,0.0,0.0
deletion,0.065,0.7,,50,4,False,0.12670347744360902,0.13898026315789475,0.15,0.43333333333333335,0.627906976744186,True,False,1,0,0.4,9,30,0.23076923076923078,0.0,0,0.0,0.065,0.065,0.0,0.0
deletion,0.065,0.7,,50,5,False,0.13252760808270675,0.14173519736842105,0.05,0.42424242424242425,0.6086956521739131,False,True,1,0,0.5,0,41,0.0,0.0,0,0.0,0.065,0.065,0.0,0.0
deletion,0.065,0.7,,50,6,False,0.11189570606203006,0.11880139802631579,0.05,0.42424242424242425,0.5833333333333334,False,True,1,0,0.5,11,32,0.2558139534883721,0.45454545454545453,11,0.0,0.065,0.065,0.0,0.0
deletion,0.065,0.7,,50,7,False,0.11809385746860047,0.15216923033791865,0.05,0.4864864864864865,0.5384615384615384,False,True,1,0,0.6,9,32,0.21951219512195122,0.55,20,0.0,0.065,0.065,0.0,0.0
deletion,0.065,0.7,,50,8,False,0.12785610738716466,0.189126922753439,0.05,0.4634146341463415,0.543859649122807,True,False,2,0,0.6,22,18,0.55,0.0,0,0.0,0.065,0.065,0.0,0.0
deletion,0.065,0.7,,50,9,False,0.1083920805403735,0.15434519206507927,0.05,0.5111111111111111,0.5,False,True,2,0,0.7,0,48,0.0,0.0,0,0.0,0.065,0.065,0.0,0.0
deletion,0.065,0.7,,50,10,False,0.09379406040528013,0.12825889404880947,0.0,0.5208333333333334,0.4788732394366197,False,True,2,0,0.7,15,30,0.3333333333333333,0.6,15,0.0,0.065,0.065,0.0,0.0
deletion,0.065,0.7,,50,11,False,0.11320268816110293,0.1711941705366071,0.0,0.5283018867924528,0.47368421052631576,False,True,2,0,0.8,21,25,0.45652173913043476,0.65,36,0.0,0.065,0.065,0.0,0.0
deletion,0.065,0.7,,50,12,False,0.1429377304065415,0.20964562790245533,0.0,0.5263157894736842,0.4691358024691358,False,True,2,0,0.9,22,17,0.5641025641025641,0.5,58,0.0,0.065,0.065,0.0,0.0
deletion,0.065,0.7,,50,13,False,0.16077472637633466,0.2197342209268415,0.0,0.5079365079365079,0.4827586206896552,True,False,3,0,0.9,21,15,0.5833333333333334,0.0,0,0.0,0.065,0.065,0.0,0.0
deletion,0.065,0.7,,50,14,False,0.12058104478225103,0.16480066569513113,0.0,0.5076923076923077,0.4838709677419355,False,True,3,0,0.9,0,40,0.0,0.0,0,0.0,0.065,0.065,0.0,0.0
deletion,0.065,0.7,,50,15,False,0.09043578358668826,0.12360049927134835,0.0,0.5068493150684932,0.47572815533980584,True,False,4,0,1.0,23,16,0.5897435897435898,0.0,0,0.0,0.065,0.065,0.0,0.0
deletion,0.065,0.7,,50,16,False,0.0678268376900162,0.09270037445351126,0.0,0.5064935064935064,0.47706422018348627,False,True,4,0,1.0,0,42,0.0,0.0,0,0.0,0.065,0.065,0.0,0.0
deletion,0.065,0.7,,50,17,False,0.050870128267512145,0.06952528084013344,0.0,0.524390243902439,0.46551724137931033,True,False,5,0,1.0,33,13,0.717391304347826,0.0,0,0.0,0.065,0.065,0.0,0.0
deletion,0.065,0.7,,50,18,False,0.03815259620063411,0.052143960630100086,0.0,0.5294117647058824,0.4583333333333333,False,True,5,0,1.0,0,45,0.0,0.0,0,0.0,0.065,0.065,0.0,0.0
deletion,0.065,0.7,,50,19,False,0.028614447150475588,0.03910797047257507,0.0,0.5454545454545454,0.4330708661417323,True,False,6,0,1.0,27,12,0.6923076923076923,0.0,0,0.0,0.065,0.065,0.0,0.0
deletion,0.065,0.7,,50,20,False,0.02146083536285669,0.0293309778544313,0.0,0.5698924731182796,0.42424242424242425,False,True,6,0,1.0,0,35,0.0,0.0,0,0.0,0.065,0.065,0.0,0.0
deletion,0.065,0.7,,50,21,False,0.01609562652214252,0.021998233390823477,0.0,0.5918367346938775,0.4057971014492754,True,False,7,0,1.0,29,8,0.7837837837837838,0.0,0,0.0,0.065,0.065,0.0,0.0
deletion,0.065,0.7,,50,22,False,0.012071719891606889,0.016498675043117608,0.0,0.5922330097087378,0.4,False,True,7,0,1.0,0,41,0.0,0.0,0,0.0,0.065,0.065,0.0,0.0
deletion,0.065,0.7,,50,23,False,0.009053789918705165,0.012374006282338205,0.0,0.5943396226415094,0.39864864864864863,True,False,8,0,1.0,38,9,0.8085106382978723,0.0,0,0.0,0.065,0.065,0.0,0.0
deletion,0.065,0.7,,50,24,False,0.0067903424390288744,0.009280504711753654,0.0,0.5963302752293578,0.3935483870967742,False,True,8,0,1.0,0,38,0.0,0.0,0,0.0,0.065,0.065,0.0,0.0
deletion,0.065,0.7,,50,25,False,0.005092756829271656,0.006960378533815241,0.0,0.6,0.3902439024390244,True,False,9,0,1.0,29,9,0.7631578947368421,0.0,0,0.0,0.065,0.065,0.0,0.0
deletion,0.065,0.7,,50,26,False,0.003819567621953742,0.00522028390036143,0.0,0.6016949152542372,0.38823529411764707,False,True,9,0,1.0,0,45,0.0,0.0,0,0.0,0.065,0.065,0.0,0.0
deletion,0.065,0.7,,50,27,False,0.0028646757164653065,0.003915212925271073,0.0,0.6,0.3872832369942196,True,False,10,0,1.0,30,17,0.6382978723404256,0.0,0,0.0,0.065,0.065,0.0,0.0
deletion,0.065,0.7,,50,28,False,0.00214850678734898,0.0029364096939533046,0.0,0.6065573770491803,0.3898305084745763,False,True,10,0,1.0,0,44,0.0,0.0,0,0.0,0.065,0.065,0.0,0.0
deletion,0.065,0.7,,50,29,False,0.0016113800905117348,0.0022023072704649782,0.0,0.5970149253731343,0.39473684210526316,True,False,11,0,1.0,28,7,0.8,0.0,0,0.0,0.065,0.065,0.0,0.0
deletion,0.065,0.7,,50,30,False,0.001208535067883801,0.0016517304528487337,0.0,0.5957446808510638,0.39800995024875624,False,True,11,0,1.0,0,36,0.0,0.0,0,0.0,0.065,0.065,0.0,0.0
deletion,0.065,0.7,,50,31,False,0.0009064013009128507,0.0012387978396365502,0.0,0.6041666666666666,0.3942307692307692,True,False,12,0,1.0,34,7,0.8292682926829268,0.0,0,0.0,0.065,0.065,0.0,0.0
deletion,0.065,0.7,,50,32,False,0.0006798009756846382,0.0009290983797274127,0.0,0.6013513513513513,0.38967136150234744,False,True,12,0,1.0,0,46,0.0,0.0,0,0.0,0.065,0.065,0.0,0.0
deletion,0.065,0.7,,50,33,False,0.0005098507317634785,0.0006968237847955595,0.0,0.6052631578947368,0.3853211009174312,False,True,12,0,1.0,25,14,0.6410256410256411,0.45,25,0.0,0.065,0.065,0.0,0.0
deletion,0.065,0.7,,50,34,False,0.05663238804882261,0.05677261783859667,0.0,0.60625,0.3893805309734513,True,False,13,0,1.0,27,16,0.627906976744186,0.0,0,0.0,0.065,0.065,0.0,0.0
deletion,0.065,0.7,,50,35,False,0.042474291036616964,0.0425794633789475,0.0,0.6,0.38961038961038963,False,True,13,0,1.0,0,37,0.0,0.0,0,0.0,0.065,0.065,0.0,0.0
deletion,0.065,0.7,,50,36,False,0.03185571827746272,0.03193459753421063,0.0,0.6,0.3884297520661157,True,False,14,0,1.0,21,9,0.7,0.0,0,0.0,0.065,0.065,0.0,0.0
deletion,0.065,0.7,,50,37,False,0.02389178870809704,0.023950948150657972,0.0,0.5977653631284916,0.38866396761133604,False,True,14,0,1.0,0,38,0.0,0.0,0,0.0,0.065,0.065,0.0,0.0
deletion,0.065,0.7,,50,38,False,0.017918841531072777,0.01796321111299348,0.0,0.6021505376344086,0.3828125,True,False,15,0,1.0,20,14,0.5882352941176471,0.0,0,0.0,0.065,0.065,0.0,0.0
deletion,0.065,0.7,,50,39,False,0.013439131148304584,0.013472408334745108,0.0,0.6063829787234043,0.3769230769230769,False,True,15,0,1.0,0,42,0.0,0.0,0,0.0,0.065,0.065,0.0,0.0
deletion,0.065,0.7,,51,0,False,0.0,0.0,0.0,0.0,1.0,False,True,0,0,0.0,0,0,0.0,0.0,0,0.0,0.065,0.065,0.0,0.0
deletion,0.065,0.7,,51,1,False,0.0,0.0,0.14285714285714285,0.14285714285714285,0.8709677419354839,False,True,0,0,0.2,0,45,0.0,0.0,0,0.0,0.065,0.065,0.0,0.0
deletion,0.065,0.7,,51,2,False,0.03571428571428571,0.03571428571428571,0.2777777777777778,0.2777777777777778,0.7777777777777778,False,True,0,0,0.3,4,34,0.10526315789473684,0.0,4,0.0,0.065,0.065,0.0,0.0
deletion,0.065,0.7,,51,3,False,0.08630952380952382,0.09623015873015874,0.2,0.3333333333333333,0.7209302325581395,True,False,1,0,0.3,11,33,0.25,0.0,0,0.0,0.065,0.065,0.0,0.0
deletion,0.065,0.7,,51,4,False,0.11473214285714287,0.12217261904761906,0.1,0.3793103448275862,0.673469387755102,False,True,1,0,0.4,0,39,0.0,0.0,0,0.0,0.065,0.065,0.0,0.0
deletion,0.065,0.7,,51,5,False,0.11104910714285716,0.1166294642857143,0.05,0.40625,0.6181818181818182,True,False,2,0,0.7,15,27,0.35714285714285715,0.0,0,0.0,0.065,0.065,0.0,0.0
deletion,0.065,0.7,,51,6,False,0.09578683035714286,0.09997209821428572,0.05,0.4444444444444444,0.5833333333333334,False,True,2,0,0.8,0,46,0.0,0.0,0,0.0,0.065,0.065,0.0,0.0
deletion,0.065,0.7,,51,7,False,0.08434012276785716,0.0874790736607143,0.05,0.46153846153846156,0.5454545454545454,True,False,3,0,0.9,21,24,0.4666666666666667,0.0,0,0.0,0.065,0.065,0.0,0.0
deletion,0.065,0.7,,51,8,False,0.07575509207589286,0.07810930524553572,0.05,0.5,0.5211267605633803,False,True,3,0,1.0,0,40,0.0,0.0,0,0.0,0.065,0.065,0.0,0.0
deletion,0.065,0.7,,51,9,False,0.06931631905691964,0.07108197893415179,0.05,0.49019607843137253,0.5256410256410257,True,False,4,0,1.0,28,15,0.6511627906976745,0.0,0,0.0,0.065,0.065,0.0,0.0
deletion,0.065,0.7,,51,10,False,0.06448723929268972,0.06581148420061383,0.05,0.509090909090909,0.5057471264367817,False,True,4,0,1.0,0,42,0.0,0.0,0,0.0,0.065,0.065,0.0,0.0
deletion,0.065,0.7,,51,11,False,0.06086542946951729,0.06185861315046037,0.05,0.5333333333333333,0.4787234042553192,True,False,5,0,1.0,29,11,0.725,0.0,0,0.0,0.065,0.065,0.0,0.0
deletion,0.065,0.7,,51,12,False,0.05814907210213797,0.05889395986284528,0.05,0.5230769230769231,0.48484848484848486,False,True,5,0,1.0,0,41,0.0,0.0,0,0.0,0.065,0.065,0.0,0.0
deletion,0.065,0.7,,51,13,False,0.05611180407660347,0.05667046989713395,0.0,0.5211267605633803,0.4811320754716981,True,False,6,0,1.0,31,11,0.7380952380952381,0.0,0,0.0,0.065,0.065,0.0,0.0
deletion,0.065,0.7,,51,14,False,0.0420838530574526,0.042502852422850464,0.0,0.527027027027027,0.4727272727272727,False,True,6,0,1.0,0,46,0.0,0.0,0,0.0,0.065,0.065,0.0,0.0
deletion,0.065,0.7,,51,15,False,0.03156288979308945,0.03187713931713785,0.0,0.5121951219512195,0.48333333333333334,True,False,7,0,1.0,28,12,0.7,0.0,0,0.0,0.065,0.065,0.0,0.0
deletion,0.065,0.7,,51,16,False,0.023672167344817092,0.02390785448785339,0.0,0.5,0.496,False,True,7,0,1.0,0,38,0.0,0.0,0,0.0,0.065,0.065,0.0,0.0
deletion,0.065,0.7,,51,17,False,0.017754125508612818,0.01793089086589004,0.0,0.4945054945054945,0.48507462686567165,True,False,8,0,1.0,27,16,0.627906976744186,0.0,0,0.0,0.065,0.065,0.0,0.0
deletion,0.065,0.7,,51,18,False,0.013315594131459612,0.01344816814941753,0.0,0.5157894736842106,0.4744525547445255,False,True,8,0,1.0,0,44,0.0,0.0,0,0.0,0.065,0.065,0.0,0.0
deletion,0.065,0.7,,51,19,False,0.009986695598594709,0.010086126112063148,0.0,0.5247524752475248,0.4589041095890411,True,False,9,0,1.0,24,13,0.6486486486486487,0.0,0,0.0,0.065,0.065,0.0,0.0
deletion,0.065,0.7,,51,20,False,0.0074900216989460325,0.007564594584047361,0.0,0.5333333333333333,0.4503311258278146,False,True,9,0,1.0,0,45,0.0,0.0,0,0.0,0.065,0.065,0.0,0.0
deletion,0.065,0.7,,51,21,False,0.005617516274209524,0.005673445938035521,0.0,0.5344827586206896,0.44785276073619634,True,False,10,0,1.0,25,8,0.7575757575757576,0.0,0,0.0,0.065,0.065,0.0,0.0
deletion,0.065,0.7,,51,22,False,0.004213137205657144,0.004255084453526641,0.0,0.5416666666666666,0.44047619047619047,False,True,10,0,1.0,0,36,0.0,0.0,0,0.0,0.065,0.065,0.0,0.0
deletion,0.065,0.7,,51,23,False,0.003159852904242858,0.0031913133401449806,0.0,0.536,0.44571428571428573,True,False,11,0,1.0,33,12,0.7333333333333333,0.0,0,0.0,0.065,0.065,0.0,0.0
deletion,0.065,0.7,,51,24,False,0.0023698896781821433,0.0023934850051087354,0.0,0.5426356589147286,0.43646408839779005,False,True,11,0,1.0,0,40,0.0,0.0,0,0.0,0.065,0.065,0.0,0.0
deletion,0.065,0.7,,51,25,False,0.0017774172586366072,0.0017951137538315515,0.0,0.5507246376811594,0.43157894736842106,True,False,12,0,1.0,36,11,0.7659574468085106,0.0,0,0.0,0.065,0.065,0.0,0.0
deletion,0.065,0.7,,51,26,False,0.0013330629439774553,0.0013463353153736635,0.0,0.55,0.43005181347150256,False,True,12,0,1.0,0,48,0.0,0.0,0,0.0,0.065,0.065,0.0,0.0
deletion,0.065,0.7,,51,27,False,0.0009997972079830914,0.0010097514865302477,0.0,0.564625850340136,0.4228855721393035,True,False,13,0,1.0,32,10,0.7619047619047619,0.0,0,0.0,0.065,0.065,0.0,0.0
deletion,0.065,0.7,,51,28,False,0.0007498479059873187,0.0007573136148976857,0.0,0.5637583892617449,0.4258373205741627,False,True,13,0,1.0,0,37,0.0,0.0,0,0.0,0.065,0.065,0.0,0.0
deletion,0.065,0.7,,51,29,False,0.000562385929490489,0.0005679852111732643,0.0,0.5584415584415584,0.4232558139534884,True,False,14,0,1.0,31,6,0.8378378378378378,0.0,0,0.0,0.065,0.065,0.0,0.0
deletion,0.065,0.7,,51,30,False,0.0004217894471178668,0.0004259889083799483,0.0,0.5660377358490566,0.4155251141552511,False,True,14,0,1.0,0,34,0.0,0.0,0,0.0,0.065,0.065,0.0,0.0
deletion,0.065,0.7,,51,31,False,0.00031634208533840014,0.0003194916812849612,0.0,0.5696969696969697,0.41228070175438597,True,False,15,0,1.0,31,16,0.6595744680851063,0.0,0,0.0,0.065,0.065,0.0,0.0
deletion,0.065,0.7,,51,32,False,0.00023725656400380005,0.0002396187609637209,0.0,0.5647058823529412,0.4110169491525424,False,True,15,0,1.0,0,42,0.0,0.0,0,0.0,0.065,0.065,0.0,0.0
deletion,0.065,0.7,,51,33,False,0.00017794242300285006,0.00017971407072279067,0.0,0.5657142857142857,0.4090909090909091,True,False,16,0,1.0,29,12,0.7073170731707317,0.0,0,0.0,0.065,0.065,0.0,0.0
deletion,0.065,0.7,,51,34,False,0.00013345681725213755,0.000134785553042093,0.0,0.5706214689265536,0.4024390243902439,False,True,16,0,1.0,0,48,0.0,0.0,0,0.0,0.065,0.065,0.0,0.0
deletion,0.065,0.7,,51,35,False,0.00010009261293910316,0.00010108916478156974,0.0,0.5555555555555556,0.41312741312741313,True,False,17,0,1.0,29,7,0.8055555555555556,0.0,0,0.0,0.065,0.065,0.0,0.0
deletion,0.065,0.7,,51,36,False,7.506945970432736e-05,7.581687358617731e-05,0.0,0.5595854922279793,0.4128787878787879,False,True,17,0,1.0,0,35,0.0,0.0,0,0.0,0.065,0.065,0.0,0.0
deletion,0.065,0.7,,51,37,False,5.6302094778245525e-05,5.686265518963298e-05,0.0,0.57,0.4059040590405904,True,False,18,0,1.0,26,13,0.6666666666666666,0.0,0,0.0,0.065,0.065,0.0,0.0
deletion,0.065,0.7,,51,38,False,4.2226571083684145e-05,4.2646991392224734e-05,0.0,0.5735294117647058,0.4064748201438849,False,True,18,0,1.0,0,43,0.0,0.0,0,0.0,0.065,0.065,0.0,0.0
deletion,0.065,0.7,,51,39,False,3.1669928312763104e-05,3.198524354416855e-05,0.0,0.5748792270531401,0.40569395017793597,False,True,18,0,1.0,33,16,0.673469387755102,0.4,33,0.0,0.065,0.065,0.0,0.0
revocation,0.065,0.7,,42,0,False,0.0,0.0,0.0,0.0,1.0,False,True,0,0,0.1,0,0,0.0,0.0,0,0.0,0.065,0.065,0.0,0.0
revocation,0.065,0.7,,42,1,False,0.0,0.0,0.42857142857142855,0.42857142857142855,0.8181818181818182,True,False,1,0,0.0,4,48,0.07692307692307693,0.0,0,0.0,0.065,0.065,0.0,0.0
revocation,0.065,0.7,,42,2,False,0.10714285714285714,0.10714285714285714,0.5,0.5,0.7407407407407407,False,True,1,0,0.0,0,39,0.0,0.0,0,0.0,0.065,0.065,0.0,0.0
revocation,0.065,0.7,,42,3,False,0.20535714285714285,0.20535714285714285,0.6470588235294118,0.6470588235294118,0.6,False,True,1,0,0.1,0,37,0.0,0.0,0,0.0,0.065,0.065,0.0,0.0
revocation,0.065,0.7,,42,4,False,0.31578256302521013,0.31578256302521013,0.6666666666666666,0.6666666666666666,0.5833333333333334,True,False,2,0,0.0,6,36,0.14285714285714285,0.0,0,0.0,0.065,0.065,0.0,0.0
revocation,0.065,0.7,,42,5,False,0.40350358893557425,0.40350358893557425,0.7,0.7272727272727273,0.5,False,True,2,0,0.0,0,36,0.0,0.0,0,0.0,0.065,0.065,0.0,0.0
revocation,0.065,0.7,,42,6,False,0.4776276917016807,0.4776276917016807,0.55,0.6538461538461539,0.5217391304347826,False,True,2,0,0.1,0,47,0.0,0.0,0,0.0,0.065,0.065,0.0,0.0
revocation,0.065,0.7,,42,7,False,0.49572076877626053,0.49572076877626053,0.55,0.7096774193548387,0.4716981132075472,False,True,2,0,0.2,4,36,0.1,0.5,4,0.0,0.065,0.065,0.0,0.0
revocation,0.065,0.7,,42,8,False,0.5075048622964811,0.5092905765821953,0.5,0.7142857142857143,0.4426229508196721,False,True,2,0,0.3,4,40,0.09090909090909091,0.5,8,0.0,0.065,0.065,0.0,0.0
revocation,0.065,0.7,,42,9,False,0.5056286467223609,0.5069679324366465,0.5,0.7368421052631579,0.4153846153846154,False,True,2,0,0.4,3,34,0.08108108108108109,0.45454545454545453,11,0.0,0.065,0.065,0.0,0.0
revocation,0.065,0.7,,42,10,False,0.5009747317950174,0.5052259493274849,0.4,0.7142857142857143,0.4142857142857143,False,True,2,0,0.4,9,34,0.20930232558139536,0.45,20,0.0,0.065,0.065,0.0,0.0
revocation,0.065,0.7,,42,11,False,0.4793024774176916,0.48090809835925,0.4,0.7446808510638298,0.3815789473684211,False,True,2,0,0.5,11,30,0.2682926829268293,0.45,31,0.0,0.065,0.065,0.0,0.0
revocation,0.065,0.7,,42,12,False,0.4639411437775544,0.46693107376943754,0.4,0.76,0.37037037037037035,False,True,2,0,0.5,12,24,0.3333333333333333,0.45,43,0.0,0.065,0.065,0.0,0.0
revocation,0.065,0.7,,42,13,False,0.4524201435474516,0.4564483053270782,0.35,0.7678571428571429,0.3522727272727273,True,False,3,0,0.0,12,25,0.32432432432432434,0.0,0,0.0,0.065,0.065,0.0,0.0
revocation,0.065,0.7,,42,14,False,0.42681510766058867,0.4298362289953086,0.35,0.7758620689655172,0.34065934065934067,False,True,3,0,0.0,0,46,0.0,0.0,0,0.0,0.065,0.065,0.0,0.0
revocation,0.065,0.7,,42,15,False,0.4076113307454415,0.4098771717464814,0.35,0.7833333333333333,0.32978723404255317,False,True,3,0,0.0,0,46,0.0,0.0,0,0.0,0.065,0.065,0.0,0.0
revocation,0.065,0.7,,42,16,False,0.39320849805908115,0.3949078788098611,0.35,0.8,0.30392156862745096,False,True,3,0,0.0,0,35,0.0,0.0,0,0.0,0.065,0.065,0.0,0.0
revocation,0.065,0.7,,42,17,False,0.3824063735443109,0.38368090910739583,0.3,0.7941176470588235,0.29906542056074764,False,True,3,0,0.2,0,45,0.0,0.0,0,0.0,0.065,0.065,0.0,0.0
revocation,0.065,0.7,,42,18,False,0.3618047801582332,0.3627606818305469,0.3,0.7941176470588235,0.2962962962962963,False,True,3,0,0.3,1,47,0.020833333333333332,0.0,1,0.0,0.065,0.065,0.0,0.0
revocation,0.065,0.7,,42,19,False,0.3302821565472463,0.3470705113729102,0.25,0.7916666666666666,0.2894736842105263,False,True,3,0,0.3,6,32,0.15789473684210525,0.42857142857142855,7,0.0,0.065,0.065,0.0,0.0
revocation,0.065,0.7,,42,20,False,0.31977794394104697,0.3228028835296826,0.2,0.7866666666666666,0.288135593220339,False,True,3,0,0.3,6,36,0.14285714285714285,0.38461538461538464,13,0.0,0.065,0.065,0.0,0.0
revocation,0.065,0.7,,42,21,False,0.2997235678458951,0.3108264071527565,0.2,0.782051282051282,0.28,False,True,3,0,0.4,3,36,0.07692307692307693,0.375,16,0.0,0.065,0.065,0.0,0.0
revocation,0.065,0.7,,42,22,False,0.2872926758844213,0.30499480536456736,0.2,0.7951807228915663,0.2803030303030303,False,True,3,0,0.4,8,36,0.18181818181818182,0.35,24,0.0,0.065,0.065,0.0,0.0
revocation,0.065,0.7,,42,23,False,0.27618379262760173,0.2974961040234255,0.2,0.8,0.27205882352941174,False,True,3,0,0.4,3,37,0.075,0.3,27,0.0,0.065,0.065,0.0,0.0
revocation,0.065,0.7,,42,24,False,0.26428070161355843,0.2856220780175691,0.15,0.7954545454545454,0.2676056338028169,True,False,4,0,0.0,5,37,0.11904761904761904,0.0,0,0.0,0.065,0.065,0.0,0.0
revocation,0.065,0.7,,42,25,False,0.23571052621016883,0.2517165585131768,0.1,0.7865168539325843,0.273972602739726,False,True,4,0,0.3,0,50,0.0,0.0,0,0.0,0.065,0.065,0.0,0.0
revocation,0.065,0.7,,42,26,False,0.2017828946576266,0.2137874188848826,0.05,0.782608695652174,0.2751677852348993,True,False,5,0,0.1,14,34,0.2916666666666667,0.0,0,0.0,0.065,0.065,0.0,0.0
revocation,0.065,0.7,,42,27,False,0.16383717099321998,0.17284056416366195,0.0,0.78125,0.27741935483870966,False,True,5,0,0.2,0,39,0.0,0.0,0,0.0,0.065,0.065,0.0,0.0
revocation,0.065,0.7,,42,28,False,0.12287787824491499,0.12963042312274647,0.0,0.77,0.2795031055900621,False,True,5,0,0.3,6,34,0.15,0.3333333333333333,6,0.0,0.065,0.065,0.0,0.0
revocation,0.065,0.7,,42,29,False,0.10406317058844815,0.13888948400872653,0.0,0.7572815533980582,0.2916666666666667,False,True,5,0,0.4,8,37,0.17777777777777778,0.5714285714285714,14,0.0,0.065,0.065,0.0,0.0
revocation,0.065,0.7,,42,30,False,0.10865962283929528,0.1755956844351163,0.0,0.7452830188679245,0.2988505747126437,False,True,5,0,0.5,5,35,0.125,0.631578947368421,19,0.0,0.065,0.065,0.0,0.0
revocation,0.065,0.7,,42,31,False,0.11532930359563688,0.21064413174738986,0.0,0.7410714285714286,0.3055555555555556,True,False,6,0,0.0,15,24,0.38461538461538464,0.0,0,0.0,0.065,0.065,0.0,0.0
revocation,0.065,0.7,,42,32,False,0.08649697769672766,0.1579830988105424,0.0,0.7345132743362832,0.30601092896174864,False,True,6,0,0.0,0,41,0.0,0.0,0,0.0,0.065,0.065,0.0,0.0
revocation,0.065,0.7,,42,33,False,0.06487273327254574,0.1184873241079068,0.0,0.7391304347826086,0.3010752688172043,False,True,6,0,0.0,0,43,0.0,0.0,0,0.0,0.065,0.065,0.0,0.0
revocation,0.065,0.7,,42,34,False,0.04865454995440931,0.0888654930809301,0.0,0.7333333333333333,0.29896907216494845,False,True,6,0,0.1,0,43,0.0,0.0,0,0.0,0.065,0.065,0.0,0.0
revocation,0.065,0.7,,42,35,False,0.036490912465806984,0.06664911981069757,0.0,0.736,0.295,False,True,6,0,0.3,5,40,0.1111111111111111,1.0,5,0.0,0.065,0.065,0.0,0.0
revocation,0.065,0.7,,42,36,False,0.04522532720649809,0.1379615502118148,0.0,0.734375,0.2912621359223301,True,False,7,0,0.1,7,35,0.16666666666666666,0.0,0,0.0,0.065,0.065,0.0,0.0
revocation,0.065,0.7,,42,37,False,0.03391899540487357,0.10347116265886111,0.0,0.7279411764705882,0.2930232558139535,False,True,7,0,0.2,0,28,0.0,0.0,0,0.0,0.065,0.065,0.0,0.0
revocation,0.065,0.7,,42,38,False,0.025439246553655176,0.07760337199414583,0.0,0.7272727272727273,0.29333333333333333,False,True,7,0,0.4,2,32,0.058823529411764705,0.0,2,0.0,0.065,0.065,0.0,0.0
revocation,0.065,0.7,,42,39,False,0.019079434915241382,0.05820252899560937,0.0,0.726027397260274,0.29130434782608694,False,True,7,0,0.4,6,31,0.16216216216216217,0.0,8,0.0,0.065,0.065,0.0,0.0
revocation,0.065,0.7,,43,0,False,0.0,0.0,0.0,0.0,1.0,False,True,0,0,0.0,0,0,0.0,0.0,0,0.0,0.065,0.065,0.0,0.0
revocation,0.065,0.7,,43,1,False,0.0,0.0,0.09090909090909091,0.09090909090909091,0.8518518518518519,False,True,0,0,0.0,0,50,0.0,0.0,0,0.0,0.065,0.065,0.0,0.0
revocation,0.065,0.7,,43,2,False,0.022727272727272728,0.022727272727272728,0.29411764705882354,0.29411764705882354,0.7352941176470589,False,True,0,0,0.1,0,35,0.0,0.0,0,0.0,0.065,0.065,0.0,0.0
revocation,0.065,0.7,,43,3,False,0.09057486631016043,0.09057486631016043,0.4,0.42857142857142855,0.6190476190476191,False,True,0,0,0.2,1,37,0.02631578947368421,0.0,1,0.0,0.065,0.065,0.0,0.0
revocation,0.065,0.7,,43,4,False,0.16078829258976318,0.16793114973262033,0.35,0.48,0.574468085106383,False,True,0,0,0.5,1,36,0.02702702702702703,0.0,2,0.0,0.065,0.065,0.0,0.0
revocation,0.065,0.7,,43,5,False,0.18934121944232235,0.21344836229946523,0.3,0.5333333333333333,0.509090909090909,False,True,0,0,0.5,16,18,0.47058823529411764,0.3333333333333333,18,0.0,0.065,0.065,0.0,0.0
revocation,0.065,0.7,,43,6,False,0.21879162886745607,0.23508627172459895,0.25,0.53125,0.5172413793103449,False,True,0,0,0.5,10,32,0.23809523809523808,0.35,28,0.0,0.065,0.065,0.0,0.0
revocation,0.065,0.7,,43,7,False,0.23195086450773492,0.2388147037934492,0.2,0.5227272727272727,0.5072463768115942,True,False,1,0,0.0,14,21,0.4,0.0,0,0.0,0.065,0.065,0.0,0.0
revocation,0.065,0.7,,43,8,False,0.22396314838080117,0.2291110278450869,0.15,0.5319148936170213,0.47368421052631576,False,True,1,0,0.0,0,46,0.0,0.0,0,0.0,0.065,0.065,0.0,0.0
revocation,0.065,0.7,,43,9,False,0.2054723612856009,0.20933327088381518,0.15,0.5416666666666666,0.45569620253164556,False,True,1,0,0.2,0,45,0.0,0.0,0,0.0,0.065,0.065,0.0,0.0
revocation,0.065,0.7,,43,10,False,0.19160427096420068,0.1944999531628614,0.1,0.54,0.4578313253012048,True,False,2,0,0.0,9,40,0.1836734693877551,0.0,0,0.0,0.065,0.065,0.0,0.0
revocation,0.065,0.7,,43,11,False,0.16870320322315052,0.17087496487214604,0.05,0.5471698113207547,0.42391304347826086,False,True,2,0,0.0,0,39,0.0,0.0,0,0.0,0.065,0.065,0.0,0.0
revocation,0.065,0.7,,43,12,False,0.1390274024173629,0.14065622365410954,0.05,0.5555555555555556,0.422680412371134,False,True,2,0,0.0,0,38,0.0,0.0,0,0.0,0.065,0.065,0.0,0.0
revocation,0.065,0.7,,43,13,False,0.11677055181302216,0.11799216774058215,0.0,0.5614035087719298,0.4158415841584158,False,True,2,0,0.0,0,41,0.0,0.0,0,0.0,0.065,0.065,0.0,0.0
revocation,0.065,0.7,,43,14,False,0.08757791385976663,0.08849412580543661,0.0,0.576271186440678,0.411214953271028,False,True,2,0,0.0,0,45,0.0,0.0,0,0.0,0.065,0.065,0.0,0.0
revocation,0.065,0.7,,43,15,False,0.06568343539482498,0.06637059435407747,0.0,0.5967741935483871,0.39473684210526316,False,True,2,0,0.1,0,40,0.0,0.0,0,0.0,0.065,0.065,0.0,0.0
revocation,0.065,0.7,,43,16,False,0.04926257654611873,0.0497779457655581,0.0,0.6029411764705882,0.3902439024390244,False,True,2,0,0.1,9,26,0.2571428571428571,0.1111111111111111,9,0.0,0.065,0.065,0.0,0.0
revocation,0.065,0.7,,43,17,False,0.03893105939371603,0.050716406479339546,0.0,0.6142857142857143,0.3875968992248062,False,True,2,0,0.1,5,35,0.125,0.14285714285714285,14,0.0,0.065,0.065,0.0,0.0
revocation,0.065,0.7,,43,18,False,0.031749314953450285,0.05589444771664751,0.0,0.6301369863013698,0.373134328358209,False,True,2,0,0.3,4,36,0.1,0.16666666666666666,18,0.0,0.065,0.065,0.0,0.0
revocation,0.065,0.7,,43,19,False,0.03274055764365914,0.06275416912081896,0.0,0.625,0.3819444444444444,True,False,3,0,0.0,12,26,0.3157894736842105,0.0,0,0.0,0.065,0.065,0.0,0.0
revocation,0.065,0.7,,43,20,False,0.024555418232744358,0.04706562684061422,0.0,0.6172839506172839,0.3716216216216216,False,True,3,0,0.0,0,41,0.0,0.0,0,0.0,0.065,0.065,0.0,0.0
revocation,0.065,0.7,,43,21,False,0.018416563674558267,0.03529922013046067,0.0,0.6309523809523809,0.36129032258064514,False,True,3,0,0.1,0,41,0.0,0.0,0,0.0,0.065,0.065,0.0,0.0
revocation,0.065,0.7,,43,22,False,0.013812422755918704,0.026474415097845504,0.0,0.6235294117647059,0.36075949367088606,False,True,3,0,0.1,1,40,0.024390243902439025,0.0,1,0.0,0.065,0.065,0.0,0.0
revocation,0.065,0.7,,43,23,False,0.010359317066939027,0.019855811323384126,0.0,0.632183908045977,0.35625,False,True,3,0,0.2,1,45,0.021739130434782608,0.0,2,0.0,0.065,0.065,0.0,0.0
revocation,0.065,0.7,,43,24,False,0.00776948780020427,0.014891858492538095,0.0,0.6413043478260869,0.35119047619047616,False,True,3,0,0.3,3,35,0.07894736842105263,0.0,5,0.0,0.065,0.065,0.0,0.0
revocation,0.065,0.7,,43,25,False,0.005827115850153203,0.011168893869403571,0.0,0.6526315789473685,0.3488372093023256,False,True,3,0,0.3,5,33,0.13157894736842105,0.0,10,0.0,0.065,0.065,0.0,0.0
revocation,0.065,0.7,,43,26,False,0.004370336887614902,0.008376670402052679,0.0,0.6442307692307693,0.3516483516483517,True,False,4,0,0.0,8,34,0.19047619047619047,0.0,0,0.0,0.065,0.065,0.0,0.0
revocation,0.065,0.7,,43,27,False,0.0032777526657111764,0.006282502801539509,0.0,0.6481481481481481,0.34574468085106386,False,True,4,0,0.0,0,37,0.0,0.0,0,0.0,0.065,0.065,0.0,0.0
revocation,0.065,0.7,,43,28,False,0.002458314499283382,0.004711877101154631,0.0,0.6486486486486487,0.34196891191709844,False,True,4,0,0.1,0,41,0.0,0.0,0,0.0,0.065,0.065,0.0,0.0
revocation,0.065,0.7,,43,29,False,0.0018437358744625367,0.0035339078258659735,0.0,0.6548672566371682,0.336734693877551,False,True,4,0,0.2,3,41,0.06818181818181818,0.0,3,0.0,0.065,0.065,0.0,0.0
revocation,0.065,0.7,,43,30,False,0.0013828019058469024,0.00265043086939948,0.0,0.6551724137931034,0.335,False,True,4,0,0.4,6,43,0.12244897959183673,0.0,9,0.0,0.065,0.065,0.0,0.0
revocation,0.065,0.7,,43,31,False,0.0010371014293851768,0.00198782315204961,0.0,0.6585365853658537,0.3333333333333333,False,True,4,0,0.6,5,27,0.15625,0.0,14,0.0,0.065,0.065,0.0,0.0
revocation,0.065,0.7,,43,32,False,0.0007778260720388826,0.0014908673640372074,0.0,0.6589147286821705,0.3287671232876712,True,False,5,0,0.0,12,24,0.3333333333333333,0.0,0,0.0,0.065,0.065,0.0,0.0
revocation,0.065,0.7,,43,33,False,0.000583369554029162,0.0011181505230279055,0.0,0.6590909090909091,0.33183856502242154,False,True,5,0,0.0,0,48,0.0,0.0,0,0.0,0.065,0.065,0.0,0.0
revocation,0.065,0.7,,43,34,False,0.0004375271655218715,0.0008386128922709291,0.0,0.6691176470588235,0.32599118942731276,False,True,5,0,0.1,0,42,0.0,0.0,0,0.0,0.065,0.065,0.0,0.0
revocation,0.065,0.7,,43,35,False,0.0003281453741414037,0.0006289596692031969,0.0,0.6619718309859155,0.3276595744680851,False,True,5,0,0.2,1,41,0.023809523809523808,0.0,1,0.0,0.065,0.065,0.0,0.0
revocation,0.065,0.7,,43,36,False,0.00024610903060605274,0.00047171975190239766,0.0,0.6666666666666666,0.3236514522821577,False,True,5,0,0.2,4,31,0.11428571428571428,0.0,5,0.0,0.065,0.065,0.0,0.0
revocation,0.065,0.7,,43,37,False,0.00018458177295453955,0.0003537898139267982,0.0,0.6601307189542484,0.3253012048192771,False,True,5,0,0.2,3,33,0.08333333333333333,0.0,8,0.0,0.065,0.065,0.0,0.0
revocation,0.065,0.7,,43,38,False,0.00013843632971590464,0.0002653423604450987,0.0,0.6625,0.3229571984435798,True,False,6,0,0.1,4,33,0.10810810810810811,0.0,0,0.0,0.065,0.065,0.0,0.0
revocation,0.065,0.7,,43,39,False,0.00010382724728692849,0.00019900677033382402,0.0,0.6625766871165644,0.32061068702290074,False,True,6,0,0.2,0,44,0.0,0.0,0,0.0,0.065,0.065,0.0,0.0
revocation,0.065,0.7,,44,0,False,0.0,0.0,0.0,0.0,1.0,False,True,0,0,0.0,0,0,0.0,0.0,0,0.0,0.065,0.065,0.0,0.0
revocation,0.065,0.7,,44,1,False,0.0,0.0,0.3,0.3,0.72,False,True,0,0,0.0,0,43,0.0,0.0,0,0.0,0.065,0.065,0.0,0.0
revocation,0.065,0.7,,44,2,False,0.075,0.075,0.4166666666666667,0.4166666666666667,0.6785714285714286,False,True,0,0,0.1,0,43,0.0,0.0,0,0.0,0.065,0.065,0.0,0.0
revocation,0.065,0.7,,44,3,False,0.16041666666666665,0.16041666666666665,0.5625,0.5625,0.5714285714285714,False,True,0,0,0.2,2,36,0.05263157894736842,0.0,2,0.0,0.065,0.065,0.0,0.0
revocation,0.065,0.7,,44,4,False,0.25089285714285714,0.2609375,0.5789473684210527,0.5789473684210527,0.5384615384615384,False,True,0,0,0.4,2,33,0.05714285714285714,0.5,4,0.0,0.065,0.065,0.0,0.0
revocation,0.065,0.7,,44,5,False,0.33008693609022555,0.34043996710526314,0.6,0.6363636363636364,0.5,True,False,1,0,0.0,14,32,0.30434782608695654,0.0,0,0.0,0.065,0.065,0.0,0.0
revocation,0.065,0.7,,44,6,False,0.3975652020676691,0.4053299753289473,0.55,0.6666666666666666,0.46808510638297873,False,True,1,0,0.0,0,41,0.0,0.0,0,0.0,0.065,0.065,0.0,0.0
revocation,0.065,0.7,,44,7,False,0.43567390155075186,0.4414974814967105,0.35,0.6060606060606061,0.48148148148148145,False,True,1,0,0.2,0,39,0.0,0.0,0,0.0,0.065,0.065,0.0,0.0
revocation,0.065,0.7,,44,8,False,0.4142554261630638,0.4186231111225328,0.3,0.6,0.47368421052631576,True,False,2,0,0.1,10,45,0.18181818181818182,0.0,0,0.0,0.065,0.065,0.0,0.0
revocation,0.065,0.7,,44,9,False,0.3856915696222979,0.38896733334189965,0.3,0.6052631578947368,0.45161290322580644,False,True,2,0,0.2,0,41,0.0,0.0,0,0.0,0.065,0.065,0.0,0.0
revocation,0.065,0.7,,44,10,False,0.36426867721672346,0.36672550000642473,0.3,0.6341463414634146,0.4142857142857143,True,False,3,0,0.1,4,40,0.09090909090909091,0.0,0,0.0,0.065,0.065,0.0,0.0
revocation,0.065,0.7,,44,11,False,0.3482015079125426,0.3500441250048186,0.3,0.6739130434782609,0.38666666666666666,False,True,3,0,0.1,0,41,0.0,0.0,0,0.0,0.065,0.065,0.0,0.0
revocation,0.065,0.7,,44,12,False,0.33615113093440696,0.33753309375361396,0.25,0.673469387755102,0.375,False,True,3,0,0.1,1,42,0.023255813953488372,1.0,1,0.0,0.065,0.065,0.0,0.0
revocation,0.065,0.7,,44,13,False,0.32800620534366237,0.4093998203152105,0.25,0.6862745098039216,0.35294117647058826,False,True,3,0,0.1,1,37,0.02631578947368421,0.5,2,0.0,0.065,0.065,0.0,0.0
revocation,0.065,0.7,,44,14,False,0.3129689397220325,0.40079986523640787,0.2,0.6964285714285714,0.3404255319148936,False,True,3,0,0.1,1,36,0.02702702702702703,0.3333333333333333,3,0.0,0.065,0.065,0.0,0.0
revocation,0.065,0.7,,44,15,False,0.28710765717247677,0.3672665655939725,0.2,0.7166666666666667,0.32323232323232326,False,True,3,0,0.3,0,36,0.0,0.3333333333333333,3,0.0,0.065,0.065,0.0,0.0
revocation,0.065,0.7,,44,16,False,0.27009264764126234,0.3421165908621461,0.05,0.696969696969697,0.34579439252336447,False,True,3,0,0.3,2,40,0.047619047619047616,0.2,5,0.0,0.065,0.065,0.0,0.0
revocation,0.065,0.7,,44,17,False,0.22042662858808962,0.28783744314660953,0.05,0.7101449275362319,0.3392857142857143,False,True,3,0,0.3,3,41,0.06818181818181818,0.125,8,0.0,0.065,0.065,0.0,0.0
revocation,0.065,0.7,,44,18,False,0.18049854286963865,0.23775308235995715,0.05,0.726027397260274,0.31932773109243695,False,True,3,0,0.4,4,37,0.0975609756097561,0.16666666666666666,12,0.0,0.065,0.065,0.0,0.0
revocation,0.065,0.7,,44,19,False,0.15204057381889566,0.20539814510330118,0.0,0.7307692307692307,0.31451612903225806,False,True,3,0,0.4,13,28,0.3170731707317073,0.35,25,0.0,0.065,0.065,0.0,0.0
revocation,0.065,0.7,,44,20,False,0.12653043036417175,0.1977986088274759,0.0,0.7375,0.31007751937984496,False,True,3,0,0.4,14,27,0.34146341463414637,0.5,39,0.0,0.065,0.065,0.0,0.0
revocation,0.065,0.7,,44,21,False,0.11275496563027167,0.21084895662060693,0.0,0.7380952380952381,0.3014705882352941,True,False,4,0,0.0,12,33,0.26666666666666666,0.0,0,0.0,0.065,0.065,0.0,0.0
revocation,0.065,0.7,,44,22,False,0.08456622422270375,0.1581367174654552,0.0,0.7471264367816092,0.2949640287769784,False,True,4,0,0.2,0,43,0.0,0.0,0,0.0,0.065,0.065,0.0,0.0
revocation,0.065,0.7,,44,23,False,0.06342466816702781,0.11860253809909141,0.0,0.7471264367816092,0.2887323943661972,False,True,4,0,0.3,2,43,0.044444444444444446,0.5,2,0.0,0.065,0.065,0.0,0.0
revocation,0.065,0.7,,44,24,False,0.07435421541098515,0.15145190357431856,0.0,0.7526881720430108,0.28859060402684567,True,False,5,0,0.1,6,37,0.13953488372093023,0.0,0,0.0,0.065,0.065,0.0,0.0
revocation,0.065,0.7,,44,25,False,0.05576566155823886,0.11358892768073892,0.0,0.7604166666666666,0.28104575163398693,False,True,5,0,0.1,0,43,0.0,0.0,0,0.0,0.065,0.065,0.0,0.0
revocation,0.065,0.7,,44,26,False,0.04182424616867914,0.08519169576055419,0.0,0.76,0.2777777777777778,False,True,5,0,0.1,2,36,0.05263157894736842,0.0,2,0.0,0.065,0.065,0.0,0.0
revocation,0.065,0.7,,44,27,False,0.03136818462650936,0.06389377182041564,0.0,0.7669902912621359,0.2710843373493976,False,True,5,0,0.1,2,36,0.05263157894736842,0.0,4,0.0,0.065,0.065,0.0,0.0
revocation,0.065,0.7,,44,28,False,0.02352613846988202,0.04792032886531173,0.0,0.7522935779816514,0.27906976744186046,False,True,5,0,0.2,1,35,0.027777777777777776,0.0,5,0.0,0.065,0.065,0.0,0.0
revocation,0.065,0.7,,44,29,False,0.017644603852411515,0.0359402466489838,0.0,0.7522123893805309,0.2808988764044944,False,True,5,0,0.4,4,39,0.09302325581395349,0.0,9,0.0,0.065,0.065,0.0,0.0
revocation,0.065,0.7,,44,30,False,0.013233452889308637,0.02695518498673785,0.0,0.7478260869565218,0.281767955801105,True,False,6,0,0.1,12,33,0.26666666666666666,0.0,0,0.0,0.065,0.065,0.0,0.0
revocation,0.065,0.7,,44,31,False,0.009925089666981479,0.02021638874005339,0.0,0.7377049180327869,0.2879581151832461,False,True,6,0,0.2,0,31,0.0,0.0,0,0.0,0.065,0.065,0.0,0.0
revocation,0.065,0.7,,44,32,False,0.007443817250236108,0.015162291555040041,0.0,0.7480314960629921,0.28061224489795916,True,False,7,0,0.0,7,34,0.17073170731707318,0.0,0,0.0,0.065,0.065,0.0,0.0
revocation,0.065,0.7,,44,33,False,0.005582862937677081,0.01137171866628003,0.0,0.75,0.28,False,True,7,0,0.1,0,40,0.0,0.0,0,0.0,0.065,0.065,0.0,0.0
revocation,0.065,0.7,,44,34,False,0.00418714720325781,0.008528788999710022,0.0,0.7518796992481203,0.28019323671497587,False,True,7,0,0.3,3,40,0.06976744186046512,0.0,3,0.0,0.065,0.065,0.0,0.0
revocation,0.065,0.7,,44,35,False,0.003140360402443358,0.0063965917497825165,0.0,0.7445255474452555,0.28169014084507044,False,True,7,0,0.3,5,40,0.1111111111111111,0.125,8,0.0,0.065,0.065,0.0,0.0
revocation,0.065,0.7,,44,36,False,0.0068195560161182335,0.01822054204959338,0.0,0.7304964539007093,0.2876712328767123,False,True,7,0,0.3,2,42,0.045454545454545456,0.2,10,0.0,0.065,0.065,0.0,0.0
revocation,0.065,0.7,,44,37,False,0.012257524154945817,0.03866540653719504,0.0,0.726027397260274,0.2920353982300885,False,True,7,0,0.3,0,37,0.0,0.2,10,0.0,0.065,0.065,0.0,0.0
revocation,0.065,0.7,,44,38,False,0.016336000259066504,0.053999054902896276,0.0,0.7218543046357616,0.29004329004329005,False,True,7,0,0.3,3,35,0.07894736842105263,0.15384615384615385,13,0.0,0.065,0.065,0.0,0.0
revocation,0.065,0.7,,44,39,False,0.017746505688805377,0.05973006040794144,0.0,0.717948717948718,0.29707112970711297,True,False,8,0,0.2,3,35,0.07894736842105263,0.0,0,0.0,0.065,0.065,0.0,0.0
revocation,0.065,0.7,,45,0,False,0.0,0.0,0.0,0.0,1.0,False,True,0,0,0.2,0,0,0.0,0.0,0,0.0,0.065,0.065,0.0,0.0
revocation,0.065,0.7,,45,1,False,0.0,0.0,0.35294117647058826,0.35294117647058826,0.8064516129032258,True,False,1,0,0.1,5,39,0.11363636363636363,0.0,0,0.0,0.065,0.065,0.0,0.0
revocation,0.065,0.7,,45,2,False,0.08823529411764706,0.08823529411764706,0.35294117647058826,0.35294117647058826,0.7575757575757576,False,True,1,0,0.1,0,49,0.0,0.0,0,0.0,0.065,0.065,0.0,0.0
revocation,0.065,0.7,,45,3,False,0.1544117647058824,0.15441176470588236,0.45,0.45,0.6842105263157895,True,False,2,0,0.0,1,40,0.024390243902439025,0.0,0,0.0,0.065,0.065,0.0,0.0
revocation,0.065,0.7,,45,4,False,0.2283088235294118,0.2283088235294118,0.4,0.4782608695652174,0.627906976744186,False,True,2,0,0.2,0,32,0.0,0.0,0,0.0,0.065,0.065,0.0,0.0
revocation,0.065,0.7,,45,5,False,0.27123161764705883,0.27123161764705883,0.35,0.4583333333333333,0.6222222222222222,True,False,3,0,0.0,8,37,0.17777777777777778,0.0,0,0.0,0.065,0.065,0.0,0.0
revocation,0.065,0.7,,45,6,False,0.2909237132352941,0.2909237132352941,0.3,0.48148148148148145,0.5686274509803921,False,True,3,0,0.1,0,38,0.0,0.0,0,0.0,0.065,0.065,0.0,0.0
revocation,0.065,0.7,,45,7,False,0.29319278492647055,0.29319278492647055,0.25,0.4642857142857143,0.5818181818181818,True,False,4,0,0.0,5,37,0.11904761904761904,0.0,0,0.0,0.065,0.065,0.0,0.0
revocation,0.065,0.7,,45,8,False,0.2823945886948529,0.2823945886948529,0.25,0.4827586206896552,0.5573770491803278,False,True,4,0,0.0,0,48,0.0,0.0,0,0.0,0.065,0.065,0.0,0.0
revocation,0.065,0.7,,45,9,False,0.2742959415211397,0.2742959415211397,0.25,0.5161290322580645,0.5223880597014925,False,True,4,0,0.1,0,42,0.0,0.0,0,0.0,0.065,0.065,0.0,0.0
revocation,0.065,0.7,,45,10,False,0.26822195614085476,0.26822195614085476,0.25,0.5526315789473685,0.5,False,True,4,0,0.3,2,37,0.05128205128205128,0.0,2,0.0,0.065,0.065,0.0,0.0
revocation,0.065,0.7,,45,11,False,0.25920218139135537,0.26366646710564107,0.2,0.55,0.4935064935064935,True,False,5,0,0.1,12,32,0.2727272727272727,0.0,0,0.0,0.065,0.065,0.0,0.0
revocation,0.065,0.7,,45,12,False,0.24440163604351653,0.2477498503292308,0.2,0.5813953488372093,0.47560975609756095,False,True,5,0,0.1,0,41,0.0,0.0,0,0.0,0.065,0.065,0.0,0.0
revocation,0.065,0.7,,45,13,False,0.23330122703263736,0.2358123877469231,0.2,0.6086956521739131,0.45348837209302323,True,False,6,0,0.0,2,37,0.05128205128205128,0.0,0,0.0,0.065,0.065,0.0,0.0
revocation,0.065,0.7,,45,14,False,0.22497592027447802,0.2268592908101923,0.2,0.6326530612244898,0.42857142857142855,False,True,6,0,0.1,0,40,0.0,0.0,0,0.0,0.065,0.065,0.0,0.0
revocation,0.065,0.7,,45,15,False,0.2187319402058585,0.2201444681076442,0.2,0.6470588235294118,0.40625,False,True,6,0,0.2,1,47,0.020833333333333332,0.0,1,0.0,0.065,0.065,0.0,0.0
revocation,0.065,0.7,,45,16,False,0.20690609801153673,0.21510835108073317,0.1,0.6296296296296297,0.4158415841584158,True,False,7,0,0.3,7,36,0.16279069767441862,0.0,0,0.0,0.065,0.065,0.0,0.0
revocation,0.065,0.7,,45,17,False,0.18017957350865252,0.18633126331054986,0.05,0.6379310344827587,0.41509433962264153,False,True,7,0,0.8,0,41,0.0,0.0,0,0.0,0.065,0.065,0.0,0.0
revocation,0.065,0.7,,45,18,False,0.14763468013148942,0.1522484474829124,0.05,0.6557377049180327,0.4036697247706422,True,False,8,0,0.1,26,14,0.65,0.0,0,0.0,0.065,0.065,0.0,0.0
revocation,0.065,0.7,,45,19,False,0.12322601009861707,0.12668633561218431,0.0,0.6461538461538462,0.4051724137931034,False,True,8,0,0.1,0,37,0.0,0.0,0,0.0,0.065,0.065,0.0,0.0
revocation,0.065,0.7,,45,20,False,0.09241950757396279,0.09501475170913823,0.0,0.6617647058823529,0.39344262295081966,False,True,8,0,0.1,2,47,0.04081632653061224,0.0,2,0.0,0.065,0.065,0.0,0.0
revocation,0.065,0.7,,45,21,False,0.0693146306804721,0.07126106378185368,0.0,0.676056338028169,0.384,False,True,8,0,0.1,1,35,0.027777777777777776,0.0,3,0.0,0.065,0.065,0.0,0.0
revocation,0.065,0.7,,45,22,False,0.051985973010354077,0.05344579783639026,0.0,0.6756756756756757,0.38636363636363635,False,True,8,0,0.2,0,38,0.0,0.0,3,0.0,0.065,0.065,0.0,0.0
revocation,0.065,0.7,,45,23,False,0.03898947975776556,0.040084348377292696,0.0,0.6883116883116883,0.3795620437956204,True,False,9,0,0.0,9,39,0.1875,0.0,0,0.0,0.065,0.065,0.0,0.0
revocation,0.065,0.7,,45,24,False,0.02924210981832417,0.030063261282969524,0.0,0.6829268292682927,0.3819444444444444,False,True,9,0,0.1,0,37,0.0,0.0,0,0.0,0.065,0.065,0.0,0.0
revocation,0.065,0.7,,45,25,False,0.021931582363743127,0.022547445962227144,0.0,0.6746987951807228,0.37583892617449666,False,True,9,0,0.3,5,38,0.11627906976744186,1.0,5,0.0,0.065,0.065,0.0,0.0
revocation,0.065,0.7,,45,26,False,0.0343058296299502,0.14191058447167035,0.0,0.6741573033707865,0.36942675159235666,True,False,10,0,0.1,8,34,0.19047619047619047,0.0,0,0.0,0.065,0.065,0.0,0.0
revocation,0.065,0.7,,45,27,False,0.02572937222246265,0.10643293835375275,0.0,0.6739130434782609,0.36645962732919257,False,True,10,0,0.2,0,41,0.0,0.0,0,0.0,0.065,0.065,0.0,0.0
revocation,0.065,0.7,,45,28,False,0.019297029166846984,0.07982470376531456,0.0,0.6702127659574468,0.3696969696969697,True,False,11,0,0.0,11,31,0.2619047619047619,0.0,0,0.0,0.065,0.065,0.0,0.0
revocation,0.065,0.7,,45,29,False,0.01447277187513524,0.05986852782398592,0.0,0.6565656565656566,0.3699421965317919,False,True,11,0,0.2,0,35,0.0,0.0,0,0.0,0.065,0.065,0.0,0.0
revocation,0.065,0.7,,45,30,False,0.01085457890635143,0.04490139586798944,0.0,0.6633663366336634,0.36363636363636365,False,True,11,0,0.2,10,39,0.20408163265306123,0.6,10,0.0,0.065,0.065,0.0,0.0
revocation,0.065,0.7,,45,31,False,0.018855219894049285,0.07901296096349208,0.0,0.6571428571428571,0.37158469945355194,False,True,11,0,0.2,7,30,0.1891891891891892,0.6470588235294118,17,0.0,0.065,0.065,0.0,0.0
revocation,0.065,0.7,,45,32,False,0.025696036769276464,0.14014207366379555,0.0,0.6605504587155964,0.36507936507936506,False,True,11,0,0.4,8,31,0.20512820512820512,0.7,25,0.0,0.065,0.065,0.0,0.0
revocation,0.065,0.7,,45,33,False,0.05677202757695734,0.19260655524784664,0.0,0.6637168141592921,0.3626943005181347,True,False,12,0,0.0,18,33,0.35294117647058826,0.0,0,0.0,0.065,0.065,0.0,0.0
revocation,0.065,0.7,,45,34,False,0.04257902068271801,0.14445491643588498,0.0,0.6637931034482759,0.365,False,True,12,0,0.0,0,42,0.0,0.0,0,0.0,0.065,0.065,0.0,0.0
revocation,0.065,0.7,,45,35,False,0.031934265512038505,0.10834118732691374,0.0,0.6554621848739496,0.36893203883495146,False,True,12,0,0.1,0,41,0.0,0.0,0,0.0,0.065,0.065,0.0,0.0
revocation,0.065,0.7,,45,36,False,0.02395069913402888,0.0812558904951853,0.0,0.6612903225806451,0.36492890995260663,False,True,12,0,0.2,3,36,0.07692307692307693,0.0,3,0.0,0.065,0.065,0.0,0.0
revocation,0.065,0.7,,45,37,False,0.01796302435052166,0.06094191787138898,0.0,0.671875,0.3548387096774194,False,True,12,0,0.5,7,35,0.16666666666666666,0.1,10,0.0,0.065,0.065,0.0,0.0
revocation,0.065,0.7,,45,38,False,0.020615125405748388,0.04570643840354174,0.0,0.6818181818181818,0.34977578475336324,False,True,12,0,0.5,9,33,0.21428571428571427,0.10526315789473684,19,0.0,0.065,0.065,0.0,0.0
revocation,0.065,0.7,,45,39,False,0.022980141046792493,0.03850776407402277,0.0,0.6814814814814815,0.34801762114537443,False,True,12,0,0.6,11,29,0.275,0.3,30,0.0,0.065,0.065,0.0,0.0
revocation,0.065,0.7,,46,0,False,0.0,0.0,0.0,0.0,1.0,False,True,0,0,0.1,0,0,0.0,0.0,0,0.0,0.065,0.065,0.0,0.0
revocation,0.065,0.7,,46,1,False,0.0,0.0,0.2,0.2,0.84,False,True,0,0,0.2,3,41,0.06818181818181818,0.0,3,0.0,0.065,0.065,0.0,0.0
revocation,0.065,0.7,,46,2,False,0.04642857142857143,0.05,0.4,0.4,0.7096774193548387,False,True,0,0,0.2,3,33,0.08333333333333333,0.0,6,0.0,0.065,0.065,0.0,0.0
revocation,0.065,0.7,,46,3,False,0.12767857142857145,0.1375,0.4117647058823529,0.4117647058823529,0.6666666666666666,False,True,0,0,0.3,2,41,0.046511627906976744,0.0,8,0.0,0.065,0.065,0.0,0.0
revocation,0.065,0.7,,46,4,False,0.18399422268907561,0.20606617647058822,0.5,0.5652173913043478,0.5581395348837209,False,True,0,0,0.5,3,29,0.09375,0.0,11,0.0,0.065,0.065,0.0,0.0
revocation,0.065,0.7,,46,5,False,0.2362099527310924,0.27954963235294117,0.45,0.5769230769230769,0.5208333333333334,False,True,0,0,0.7,9,34,0.20930232558139536,0.3,20,0.0,0.065,0.065,0.0,0.0
revocation,0.065,0.7,,46,6,False,0.27626460740546216,0.32216222426470587,0.25,0.53125,0.5178571428571429,True,False,1,0,0.1,26,18,0.5909090909090909,0.0,0,0.0,0.065,0.065,0.0,0.0
revocation,0.065,0.7,,46,7,False,0.2696984555540966,0.30412166819852937,0.25,0.5454545454545454,0.5,False,True,1,0,0.2,0,46,0.0,0.0,0,0.0,0.065,0.065,0.0,0.0
revocation,0.065,0.7,,46,8,False,0.26477384166557244,0.29059125114889706,0.2,0.5263157894736842,0.5076923076923077,False,True,1,0,0.2,0,39,0.0,0.0,0,0.0,0.065,0.065,0.0,0.0
revocation,0.065,0.7,,46,9,False,0.24858038124917936,0.2679434383616728,0.15,0.5581395348837209,0.4788732394366197,False,True,1,0,0.2,2,35,0.05405405405405406,0.5,2,0.0,0.065,0.065,0.0,0.0
revocation,0.065,0.7,,46,10,False,0.2301852859368845,0.2762749615837546,0.1,0.574468085106383,0.47368421052631576,False,True,1,0,0.3,2,39,0.04878048780487805,0.5,4,0.0,0.065,0.065,0.0,0.0
revocation,0.065,0.7,,46,11,False,0.21192467873837767,0.28220622118781596,0.05,0.58,0.4457831325301205,False,True,1,0,0.3,4,36,0.1,0.5,8,0.0,0.065,0.065,0.0,0.0
revocation,0.065,0.7,,46,12,False,0.18751493762521182,0.280404665890862,0.05,0.5882352941176471,0.4367816091954023,False,True,1,0,0.4,7,41,0.14583333333333334,0.4666666666666667,15,0.0,0.065,0.065,0.0,0.0
revocation,0.065,0.7,,46,13,False,0.17545763179033744,0.27488683275147985,0.0,0.5818181818181818,0.43478260869565216,False,True,1,0,0.6,8,27,0.22857142857142856,0.4,23,0.0,0.065,0.065,0.0,0.0
revocation,0.065,0.7,,46,14,False,0.16016465241418168,0.2561651245636099,0.0,0.603448275862069,0.422680412371134,True,False,2,0,0.0,23,20,0.5348837209302325,0.0,0,0.0,0.065,0.065,0.0,0.0
revocation,0.065,0.7,,46,15,False,0.12012348931063624,0.19212384342270744,0.0,0.6153846153846154,0.41509433962264153,False,True,2,0,0.0,0,35,0.0,0.0,0,0.0,0.065,0.065,0.0,0.0
revocation,0.065,0.7,,46,16,False,0.09009261698297719,0.14409288256703057,0.0,0.6029411764705882,0.4144144144144144,False,True,2,0,0.0,0,45,0.0,0.0,0,0.0,0.065,0.065,0.0,0.0
revocation,0.065,0.7,,46,17,False,0.06756946273723288,0.10806966192527293,0.0,0.6142857142857143,0.39655172413793105,False,True,2,0,0.0,0,40,0.0,0.0,0,0.0,0.065,0.065,0.0,0.0
revocation,0.065,0.7,,46,18,False,0.05067709705292466,0.0810522464439547,0.0,0.6142857142857143,0.3983050847457627,False,True,2,0,0.1,0,41,0.0,0.0,0,0.0,0.065,0.065,0.0,0.0
revocation,0.065,0.7,,46,19,False,0.0380078227896935,0.060789184832966026,0.0,0.6133333333333333,0.392,False,True,2,0,0.3,7,34,0.17073170731707318,0.0,7,0.0,0.065,0.065,0.0,0.0
revocation,0.065,0.7,,46,20,False,0.028505867092270123,0.04559188862472452,0.0,0.6329113924050633,0.39097744360902253,False,True,2,0,0.5,10,25,0.2857142857142857,0.35294117647058826,17,0.0,0.065,0.065,0.0,0.0
revocation,0.065,0.7,,46,21,False,0.046589484352816034,0.06942458698727826,0.0,0.6463414634146342,0.37410071942446044,False,True,2,0,0.5,23,25,0.4791666666666667,0.35,40,0.0,0.065,0.065,0.0,0.0
revocation,0.065,0.7,,46,22,False,0.059942113264612025,0.09581844024045869,0.0,0.651685393258427,0.3741496598639456,True,False,3,0,0.1,16,22,0.42105263157894735,0.0,0,0.0,0.065,0.065,0.0,0.0
revocation,0.065,0.7,,46,23,False,0.044956584948459014,0.07186383018034401,0.0,0.6483516483516484,0.3708609271523179,False,True,3,0,0.3,0,42,0.0,0.0,0,0.0,0.065,0.065,0.0,0.0
revocation,0.065,0.7,,46,24,False,0.033717438711344264,0.053897872635258005,0.0,0.6526315789473685,0.3710691823899371,False,True,3,0,0.5,5,35,0.125,0.2,5,0.0,0.065,0.065,0.0,0.0
revocation,0.065,0.7,,46,25,False,0.03957379331922249,0.06542340447644351,0.0,0.6534653465346535,0.3652694610778443,True,False,4,0,0.0,17,24,0.4146341463414634,0.0,0,0.0,0.065,0.065,0.0,0.0
revocation,0.065,0.7,,46,26,False,0.029680344989416862,0.049067553357332636,0.0,0.6542056074766355,0.36416184971098264,False,True,4,0,0.0,0,41,0.0,0.0,0,0.0,0.065,0.065,0.0,0.0
revocation,0.065,0.7,,46,27,False,0.022260258742062645,0.03680066501799947,0.0,0.6545454545454545,0.3611111111111111,False,True,4,0,0.0,0,38,0.0,0.0,0,0.0,0.065,0.065,0.0,0.0
revocation,0.065,0.7,,46,28,False,0.016695194056546986,0.027600498763499605,0.0,0.6403508771929824,0.3670212765957447,False,True,4,0,0.1,0,42,0.0,0.0,0,0.0,0.065,0.065,0.0,0.0
revocation,0.065,0.7,,46,29,False,0.012521395542410241,0.020700374072624705,0.0,0.6470588235294118,0.36923076923076925,False,True,4,0,0.3,7,33,0.175,1.0,7,0.0,0.065,0.065,0.0,0.0
revocation,0.065,0.7,,46,30,False,0.027248189513950534,0.13350005667820106,0.0,0.6451612903225806,0.3712871287128713,True,False,5,0,0.1,7,31,0.18421052631578946,0.0,0,0.0,0.065,0.065,0.0,0.0
revocation,0.065,0.7,,46,31,False,0.020436142135462902,0.10012504250865079,0.0,0.648,0.3684210526315789,False,True,5,0,0.3,0,47,0.0,0.0,0,0.0,0.065,0.065,0.0,0.0
revocation,0.065,0.7,,46,32,False,0.015327106601597177,0.07509378188148809,0.0,0.6511627906976745,0.36574074074074076,False,True,5,0,0.3,4,31,0.11428571428571428,0.0,4,0.0,0.065,0.065,0.0,0.0
revocation,0.065,0.7,,46,33,False,0.011495329951197883,0.05632033641111607,0.0,0.6541353383458647,0.3632286995515695,True,False,6,0,0.0,4,33,0.10810810810810811,0.0,0,0.0,0.065,0.065,0.0,0.0
revocation,0.065,0.7,,46,34,False,0.008621497463398412,0.042240252308337056,0.0,0.6518518518518519,0.35964912280701755,False,True,6,0,0.1,0,43,0.0,0.0,0,0.0,0.065,0.065,0.0,0.0
revocation,0.065,0.7,,46,35,False,0.006466123097548808,0.03168018923125279,0.0,0.6618705035971223,0.351931330472103,False,True,6,0,0.1,6,35,0.14634146341463414,0.0,6,0.0,0.065,0.065,0.0,0.0
revocation,0.065,0.7,,46,36,False,0.004849592323161607,0.023760141923439594,0.0,0.6643356643356644,0.3472803347280335,False,True,6,0,0.1,3,32,0.08571428571428572,0.0,9,0.0,0.065,0.065,0.0,0.0
revocation,0.065,0.7,,46,37,False,0.0036371942423712054,0.017820106442579697,0.0,0.6644295302013423,0.34959349593495936,False,True,6,0,0.1,1,37,0.02631578947368421,0.0,10,0.0,0.065,0.065,0.0,0.0
revocation,0.065,0.7,,46,38,False,0.0027278956817784043,0.013365079831934773,0.0,0.6644736842105263,0.344,False,True,6,0,0.1,1,39,0.025,0.0,11,0.0,0.065,0.065,0.0,0.0
revocation,0.065,0.7,,46,39,False,0.002045921761333803,0.01002380987395108,0.0,0.6666666666666666,0.34509803921568627,False,True,6,0,0.1,3,40,0.06976744186046512,0.0,14,0.0,0.065,0.065,0.0,0.0
revocation,0.065,0.7,,47,0,False,0.0,0.0,0.0,0.0,1.0,False,True,0,0,0.1,0,0,0.0,0.0,0,0.0,0.065,0.065,0.0,0.0
revocation,0.065,0.7,,47,1,False,0.0,0.0,0.18181818181818182,0.18181818181818182,0.8148148148148148,False,True,0,0,0.2,4,39,0.09302325581395349,1.0,4,0.0,0.065,0.065,0.0,0.0
revocation,0.065,0.7,,47,2,False,0.060064935064935064,0.14772727272727273,0.1875,0.1875,0.7878787878787878,True,False,1,0,0.1,12,28,0.3,0.0,0,0.0,0.065,0.065,0.0,0.0
revocation,0.065,0.7,,47,3,False,0.0919237012987013,0.15767045454545456,0.2631578947368421,0.2631578947368421,0.6904761904761905,False,True,1,0,0.1,0,36,0.0,0.0,0,0.0,0.065,0.065,0.0,0.0
revocation,0.065,0.7,,47,4,False,0.1347322496582365,0.18404231459330145,0.2,0.30434782608695654,0.62,False,True,1,0,0.2,4,29,0.12121212121212122,1.0,4,0.0,0.065,0.065,0.0,0.0
revocation,0.065,0.7,,47,5,False,0.16533490152939165,0.24488542912679423,0.2,0.3333333333333333,0.6078431372549019,True,False,2,0,0.1,8,40,0.16666666666666666,0.0,0,0.0,0.065,0.065,0.0,0.0
revocation,0.065,0.7,,47,6,False,0.17400117614704372,0.2336640718450957,0.15,0.41379310344827586,0.5614035087719298,False,True,2,0,0.1,0,36,0.0,0.0,0,0.0,0.065,0.065,0.0,0.0
revocation,0.065,0.7,,47,7,False,0.1680008821102828,0.21274805388382176,0.1,0.4375,0.5396825396825397,False,True,2,0,0.2,1,44,0.022222222222222223,1.0,1,0.0,0.065,0.065,0.0,0.0
revocation,0.065,0.7,,47,8,False,0.16707209015414068,0.25487354041286636,0.05,0.45714285714285713,0.5294117647058824,False,True,2,0,0.2,7,38,0.15555555555555556,0.75,8,0.0,0.065,0.065,0.0,0.0
revocation,0.065,0.7,,47,9,False,0.1503040676156055,0.29115515530964975,0.0,0.4594594594594595,0.5205479452054794,True,False,3,0,0.1,9,34,0.20930232558139536,0.0,0,0.0,0.065,0.065,0.0,0.0
revocation,0.065,0.7,,47,10,False,0.11272805071170412,0.2183663664822373,0.05,0.47619047619047616,0.5063291139240507,False,True,3,0,0.2,0,37,0.0,0.0,0,0.0,0.065,0.065,0.0,0.0
revocation,0.065,0.7,,47,11,False,0.09704603803377809,0.176274774861678,0.05,0.4883720930232558,0.4880952380952381,True,False,4,0,0.1,11,38,0.22448979591836735,0.0,0,0.0,0.065,0.065,0.0,0.0
revocation,0.065,0.7,,47,12,False,0.08528452852533357,0.14470608114625852,0.05,0.48936170212765956,0.4777777777777778,False,True,4,0,0.2,0,40,0.0,0.0,0,0.0,0.065,0.065,0.0,0.0
revocation,0.065,0.7,,47,13,False,0.07646339639400017,0.1210295608596939,0.05,0.5098039215686274,0.4489795918367347,True,False,5,0,0.1,9,36,0.2,0.0,0,0.0,0.065,0.065,0.0,0.0
revocation,0.065,0.7,,47,14,False,0.06984754729550012,0.10327217064477041,0.05,0.5454545454545454,0.4368932038834951,False,True,5,0,0.1,0,39,0.0,0.0,0,0.0,0.065,0.065,0.0,0.0
revocation,0.065,0.7,,47,15,False,0.0648856604716251,0.08995412798357781,0.05,0.5645161290322581,0.43243243243243246,False,True,5,0,0.1,2,38,0.05,0.0,2,0.0,0.065,0.065,0.0,0.0
revocation,0.065,0.7,,47,16,False,0.06027138821086168,0.07996559598768335,0.05,0.5522388059701493,0.4322033898305085,False,True,5,0,0.1,1,37,0.02631578947368421,0.0,3,0.0,0.065,0.065,0.0,0.0
revocation,0.065,0.7,,47,17,False,0.05681068401528912,0.07247419699076252,0.05,0.5774647887323944,0.42063492063492064,False,True,5,0,0.2,2,41,0.046511627906976744,0.0,5,0.0,0.065,0.065,0.0,0.0
revocation,0.065,0.7,,47,18,False,0.05332229872575255,0.06685564774307189,0.05,0.589041095890411,0.4140625,True,False,6,0,0.1,5,41,0.10869565217391304,0.0,0,0.0,0.065,0.065,0.0,0.0
revocation,0.065,0.7,,47,19,False,0.05249172404431441,0.06264173580730391,0.05,0.6052631578947368,0.40298507462686567,False,True,6,0,0.2,0,40,0.0,0.0,0,0.0,0.065,0.065,0.0,0.0
revocation,0.065,0.7,,47,20,False,0.051868793033235806,0.059481301855477925,0.0,0.6144578313253012,0.3873239436619718,False,True,6,0,0.3,4,36,0.1,0.75,4,0.0,0.065,0.065,0.0,0.0
revocation,0.065,0.7,,47,21,False,0.05229445191778399,0.13291660338746997,0.0,0.6111111111111112,0.4,True,False,7,0,0.0,8,26,0.23529411764705882,0.0,0,0.0,0.065,0.065,0.0,0.0
revocation,0.065,0.7,,47,22,False,0.039220838938338,0.09968745254060248,0.0,0.6236559139784946,0.391025641025641,False,True,7,0,0.0,0,37,0.0,0.0,0,0.0,0.065,0.065,0.0,0.0
revocation,0.065,0.7,,47,23,False,0.029415629203753495,0.07476558940545186,0.0,0.625,0.3888888888888889,False,True,7,0,0.0,0,43,0.0,0.0,0,0.0,0.065,0.065,0.0,0.0
revocation,0.065,0.7,,47,24,False,0.022061721902815124,0.056074192054088895,0.0,0.63,0.3869047619047619,False,True,7,0,0.0,0,42,0.0,0.0,0,0.0,0.065,0.065,0.0,0.0
revocation,0.065,0.7,,47,25,False,0.016546291427111344,0.04205564404056667,0.0,0.6285714285714286,0.3806818181818182,False,True,7,0,0.0,0,39,0.0,0.0,0,0.0,0.065,0.065,0.0,0.0
revocation,0.065,0.7,,47,26,False,0.012409718570333506,0.031541733030425005,0.0,0.6320754716981132,0.37222222222222223,False,True,7,0,0.0,0,51,0.0,0.0,0,0.0,0.065,0.065,0.0,0.0
revocation,0.065,0.7,,47,27,False,0.009307288927750129,0.023656299772818752,0.0,0.6363636363636364,0.3655913978494624,False,True,7,0,0.0,0,41,0.0,0.0,0,0.0,0.065,0.065,0.0,0.0
revocation,0.065,0.7,,47,28,False,0.006980466695812598,0.017742224829614066,0.0,0.6460176991150443,0.35602094240837695,False,True,7,0,0.0,0,39,0.0,0.0,0,0.0,0.065,0.065,0.0,0.0
revocation,0.065,0.7,,47,29,False,0.005235350021859449,0.01330666862221055,0.0,0.6379310344827587,0.358974358974359,False,True,7,0,0.0,0,46,0.0,0.0,0,0.0,0.065,0.065,0.0,0.0
revocation,0.065,0.7,,47,30,False,0.003926512516394586,0.009980001466657912,0.0,0.6440677966101694,0.3482587064676617,False,True,7,0,0.1,0,43,0.0,0.0,0,0.0,0.065,0.065,0.0,0.0
revocation,0.065,0.7,,47,31,False,0.0029448843872959397,0.007485001099993434,0.0,0.6557377049180327,0.34299516908212563,False,True,7,0,0.3,3,34,0.08108108108108109,0.0,3,0.0,0.065,0.065,0.0,0.0
revocation,0.065,0.7,,47,32,False,0.0022086632904719547,0.0056137508249950755,0.0,0.6507936507936508,0.3395348837209302,True,False,8,0,0.0,4,39,0.09302325581395349,0.0,0,0.0,0.065,0.065,0.0,0.0
revocation,0.065,0.7,,47,33,False,0.001656497467853966,0.0042103131187463064,0.0,0.6589147286821705,0.3333333333333333,False,True,8,0,0.0,0,42,0.0,0.0,0,0.0,0.065,0.065,0.0,0.0
revocation,0.065,0.7,,47,34,False,0.0012423731008904743,0.00315773483905973,0.0,0.6592592592592592,0.3333333333333333,False,True,8,0,0.0,0,40,0.0,0.0,0,0.0,0.065,0.065,0.0,0.0
revocation,0.065,0.7,,47,35,False,0.0009317798256678558,0.0023683011292947973,0.0,0.6690647482014388,0.3246753246753247,False,True,8,0,0.0,0,41,0.0,0.0,0,0.0,0.065,0.065,0.0,0.0
revocation,0.065,0.7,,47,36,False,0.0006988348692508918,0.001776225846971098,0.0,0.6597222222222222,0.3291139240506329,False,True,8,0,0.0,0,36,0.0,0.0,0,0.0,0.065,0.065,0.0,0.0
revocation,0.065,0.7,,47,37,False,0.0005241261519381689,0.0013321693852283234,0.0,0.6598639455782312,0.3292181069958848,False,True,8,0,0.1,0,42,0.0,0.0,0,0.0,0.065,0.065,0.0,0.0
revocation,0.065,0.7,,47,38,False,0.0003930946139536267,0.0009991270389212426,0.0,0.66,0.3293172690763052,False,True,8,0,0.2,5,42,0.10638297872340426,1.0,5,0.0,0.065,0.065,0.0,0.0
revocation,0.065,0.7,,47,39,False,0.01815196381760808,0.12574934527919093,0.0,0.6513157894736842,0.32941176470588235,False,True,8,0,0.2,8,45,0.1509433962264151,0.8461538461538461,13,0.0,0.065,0.065,0.0,0.0
revocation,0.065,0.7,,48,0,False,0.0,0.0,0.0,0.0,1.0,False,True,0,0,0.0,0,0,0.0,0.0,0,0.0,0.065,0.065,0.0,0.0
revocation,0.065,0.7,,48,1,False,0.0,0.0,0.3333333333333333,0.3333333333333333,0.85,False,True,0,0,0.0,0,44,0.0,0.0,0,0.0,0.065,0.065,0.0,0.0
revocation,0.065,0.7,,48,2,False,0.08333333333333333,0.08333333333333333,0.4,0.4,0.7083333333333334,False,True,0,0,0.0,0,41,0.0,0.0,0,0.0,0.065,0.065,0.0,0.0
revocation,0.065,0.7,,48,3,False,0.1625,0.1625,0.5714285714285714,0.5714285714285714,0.5666666666666667,False,True,0,0,0.0,0,42,0.0,0.0,0,0.0,0.065,0.065,0.0,0.0
revocation,0.065,0.7,,48,4,False,0.26473214285714286,0.26473214285714286,0.6111111111111112,0.6111111111111112,0.5294117647058824,False,True,0,0,0.0,0,43,0.0,0.0,0,0.0,0.065,0.065,0.0,0.0
revocation,0.065,0.7,,48,5,False,0.3513268849206349,0.3513268849206349,0.6111111111111112,0.6111111111111112,0.5142857142857142,False,True,0,0,0.0,0,43,0.0,0.0,0,0.0,0.065,0.065,0.0,0.0
revocation,0.065,0.7,,48,6,False,0.41627294146825405,0.416272941468254,0.65,0.6666666666666666,0.4523809523809524,False,True,0,0,0.0,0,40,0.0,0.0,0,0.0,0.065,0.065,0.0,0.0
revocation,0.065,0.7,,48,7,False,0.47470470610119053,0.47470470610119053,0.65,0.6818181818181818,0.4222222222222222,False,True,0,0,0.1,0,48,0.0,0.0,0,0.0,0.065,0.065,0.0,0.0
revocation,0.065,0.7,,48,8,False,0.5185285295758929,0.5185285295758929,0.5,0.6296296296296297,0.44,True,False,1,0,0.1,6,31,0.16216216216216217,0.0,0,0.0,0.065,0.065,0.0,0.0
revocation,0.065,0.7,,48,9,False,0.5138963971819197,0.5138963971819197,0.4,0.6129032258064516,0.43636363636363634,False,True,1,0,0.2,0,43,0.0,0.0,0,0.0,0.065,0.065,0.0,0.0
revocation,0.065,0.7,,48,10,False,0.48542229788643976,0.48542229788643976,0.35,0.6176470588235294,0.4166666666666667,False,True,1,0,0.2,5,37,0.11904761904761904,0.2,5,0.0,0.065,0.065,0.0,0.0
revocation,0.065,0.7,,48,11,False,0.44620958055768695,0.45156672341482984,0.35,0.6486486486486487,0.38235294117647056,False,True,1,0,0.2,3,39,0.07142857142857142,0.25,8,0.0,0.065,0.065,0.0,0.0
revocation,0.065,0.7,,48,12,False,0.41858575684683663,0.4261750425611224,0.35,0.675,0.36486486486486486,False,True,1,0,0.2,1,39,0.025,0.3333333333333333,9,0.0,0.065,0.065,0.0,0.0
revocation,0.065,0.7,,48,13,False,0.40084407953988943,0.4071312819208418,0.35,0.7045454545454546,0.3375,False,True,1,0,0.2,8,34,0.19047619047619047,0.29411764705882354,17,0.0,0.065,0.065,0.0,0.0
revocation,0.065,0.7,,48,14,False,0.38613726133558934,0.39284846144063135,0.3,0.7083333333333334,0.32941176470588235,False,True,1,0,0.2,4,40,0.09090909090909091,0.3,21,0.0,0.065,0.065,0.0,0.0
revocation,0.065,0.7,,48,15,False,0.364602946001692,0.3696363460804735,0.2,0.6923076923076923,0.3225806451612903,False,True,1,0,0.2,1,42,0.023255813953488372,0.35,22,0.0,0.065,0.065,0.0,0.0
revocation,0.065,0.7,,48,16,False,0.32880935235841185,0.3327645843535536,0.2,0.7037037037037037,0.30927835051546393,False,True,1,0,0.3,7,36,0.16279069767441862,0.45,29,0.0,0.065,0.065,0.0,0.0
revocation,0.065,0.7,,48,17,False,0.3055355856973803,0.3308234382651652,0.15,0.7068965517241379,0.3137254901960784,True,False,2,0,0.1,9,36,0.2,0.0,0,0.0,0.065,0.065,0.0,0.0
revocation,0.065,0.7,,48,18,False,0.2666516892730352,0.2856175786988739,0.05,0.6935483870967742,0.3177570093457944,False,True,2,0,0.1,0,43,0.0,0.0,0,0.0,0.065,0.065,0.0,0.0
revocation,0.065,0.7,,48,19,False,0.2124887669547764,0.2267131840241554,0.05,0.7205882352941176,0.30701754385964913,False,True,2,0,0.1,2,31,0.06060606060606061,0.0,2,0.0,0.065,0.065,0.0,0.0
revocation,0.065,0.7,,48,20,False,0.17097371807322517,0.18253488801811657,0.05,0.7222222222222222,0.30833333333333335,False,True,2,0,0.1,2,36,0.05263157894736842,0.0,4,0.0,0.065,0.065,0.0,0.0
revocation,0.065,0.7,,48,21,False,0.13983743141206176,0.14940116601358744,0.05,0.7368421052631579,0.296,False,True,2,0,0.3,3,41,0.06818181818181818,0.0,7,0.0,0.065,0.065,0.0,0.0
revocation,0.065,0.7,,48,22,False,0.11469950213047489,0.12455087451019058,0.05,0.7375,0.2878787878787879,True,False,3,0,0.1,6,44,0.12,0.0,0,0.0,0.065,0.065,0.0,0.0
revocation,0.065,0.7,,48,23,False,0.09852462659785617,0.10591315588264293,0.0,0.7294117647058823,0.29577464788732394,False,True,3,0,0.1,0,37,0.0,0.0,0,0.0,0.065,0.065,0.0,0.0
revocation,0.065,0.7,,48,24,False,0.07389346994839212,0.07943486691198219,0.0,0.7241379310344828,0.29931972789115646,False,True,3,0,0.2,1,38,0.02564102564102564,0.0,1,0.0,0.065,0.065,0.0,0.0
revocation,0.065,0.7,,48,25,False,0.05542010246129409,0.05957615018398664,0.0,0.7282608695652174,0.3006535947712418,False,True,3,0,0.2,8,26,0.23529411764705882,0.1111111111111111,9,0.0,0.065,0.065,0.0,0.0
revocation,0.065,0.7,,48,26,False,0.04553333081422454,0.05591277885945794,0.0,0.7040816326530612,0.3148148148148148,False,True,3,0,0.4,8,30,0.21052631578947367,0.058823529411764705,17,0.0,0.065,0.065,0.0,0.0
revocation,0.065,0.7,,48,27,False,0.03730125861487008,0.04928752532106404,0.0,0.7058823529411765,0.31137724550898205,False,True,3,0,0.4,14,35,0.2857142857142857,0.05,31,0.0,0.065,0.065,0.0,0.0
revocation,0.065,0.7,,48,28,False,0.03065451538972399,0.04321564399079803,0.0,0.6981132075471698,0.3142857142857143,True,False,4,0,0.0,13,30,0.3023255813953488,0.0,0,0.0,0.065,0.065,0.0,0.0
revocation,0.065,0.7,,48,29,False,0.022990886542292994,0.032411732993098526,0.0,0.7009345794392523,0.3111111111111111,False,True,4,0,0.0,0,45,0.0,0.0,0,0.0,0.065,0.065,0.0,0.0
revocation,0.065,0.7,,48,30,False,0.017243164906719743,0.024308799744823896,0.0,0.7105263157894737,0.30319148936170215,False,True,4,0,0.1,0,34,0.0,0.0,0,0.0,0.065,0.065,0.0,0.0
revocation,0.065,0.7,,48,31,False,0.01293237368003981,0.018231599808617924,0.0,0.7094017094017094,0.29949238578680204,False,True,4,0,0.2,3,39,0.07142857142857142,0.0,3,0.0,0.065,0.065,0.0,0.0
revocation,0.065,0.7,,48,32,False,0.009699280260029858,0.013673699856463443,0.0,0.7166666666666667,0.297029702970297,False,True,4,0,0.2,2,38,0.05,0.0,5,0.0,0.065,0.065,0.0,0.0
revocation,0.065,0.7,,48,33,False,0.007274460195022392,0.010255274892347583,0.0,0.71900826446281,0.29411764705882354,True,False,5,0,0.0,5,43,0.10416666666666667,0.0,0,0.0,0.065,0.065,0.0,0.0
revocation,0.065,0.7,,48,34,False,0.0054558451462667955,0.007691456169260687,0.0,0.7142857142857143,0.2971698113207547,False,True,5,0,0.2,0,37,0.0,0.0,0,0.0,0.065,0.065,0.0,0.0
revocation,0.065,0.7,,48,35,False,0.004091883859700096,0.005768592126945515,0.0,0.7142857142857143,0.29545454545454547,False,True,5,0,0.3,2,32,0.058823529411764705,0.0,2,0.0,0.065,0.065,0.0,0.0
revocation,0.065,0.7,,48,36,False,0.003068912894775072,0.004326444095209136,0.0,0.7164179104477612,0.28888888888888886,True,False,6,0,0.0,11,34,0.24444444444444444,0.0,0,0.0,0.065,0.065,0.0,0.0
revocation,0.065,0.7,,48,37,False,0.002301684671081304,0.003244833071406852,0.0,0.7194244604316546,0.2857142857142857,False,True,6,0,0.1,0,41,0.0,0.0,0,0.0,0.065,0.065,0.0,0.0
revocation,0.065,0.7,,48,38,False,0.001726263503310978,0.002433624803555139,0.0,0.7163120567375887,0.28936170212765955,True,False,7,0,0.0,9,36,0.2,0.0,0,0.0,0.065,0.065,0.0,0.0
revocation,0.065,0.7,,48,39,False,0.0012946976274832334,0.0018252186026663543,0.0,0.7074829931972789,0.29338842975206614,False,True,7,0,0.1,0,37,0.0,0.0,0,0.0,0.065,0.065,0.0,0.0
revocation,0.065,0.7,,49,0,False,0.0,0.0,0.0,0.0,1.0,False,True,0,0,0.1,0,0,0.0,0.0,0,0.0,0.065,0.065,0.0,0.0
revocation,0.065,0.7,,49,1,False,0.0,0.0,0.16666666666666666,0.16666666666666666,0.8076923076923077,True,False,1,0,0.2,4,42,0.08695652173913043,0.0,0,0.0,0.065,0.065,0.0,0.0
revocation,0.065,0.7,,49,2,False,0.041666666666666664,0.041666666666666664,0.4,0.4,0.6571428571428571,False,True,1,0,0.2,0,43,0.0,0.0,0,0.0,0.065,0.065,0.0,0.0
revocation,0.065,0.7,,49,3,False,0.13125,0.13125,0.46153846153846156,0.46153846153846156,0.625,False,True,1,0,0.3,2,41,0.046511627906976744,0.0,2,0.0,0.065,0.065,0.0,0.0
revocation,0.065,0.7,,49,4,False,0.19733859890109892,0.2138221153846154,0.5,0.5,0.6046511627906976,False,True,1,0,0.4,0,39,0.0,0.0,2,0.0,0.065,0.065,0.0,0.0
revocation,0.065,0.7,,49,5,False,0.25514680631868136,0.2853665865384616,0.5333333333333333,0.5333333333333333,0.5777777777777777,False,True,1,0,0.5,9,34,0.20930232558139536,0.6363636363636364,11,0.0,0.065,0.065,0.0,0.0
revocation,0.065,0.7,,49,6,False,0.33021291859182483,0.3602370611159674,0.5789473684210527,0.5789473684210527,0.5510204081632653,False,True,1,0,0.6,13,27,0.325,0.75,24,0.0,0.065,0.065,0.0,0.0
revocation,0.065,0.7,,49,7,False,0.40461457616191376,0.4362962168896071,0.45,0.5769230769230769,0.5263157894736842,False,True,1,0,0.8,8,23,0.25806451612903225,0.7,32,0.0,0.065,0.065,0.0,0.0
revocation,0.065,0.7,,49,8,False,0.4427466464071496,0.4709721626672053,0.45,0.6071428571428571,0.5084745762711864,True,False,2,0,0.0,19,25,0.4318181818181818,0.0,0,0.0,0.065,0.065,0.0,0.0
revocation,0.065,0.7,,49,9,False,0.4445599848053622,0.465729122000404,0.4,0.6,0.484375,False,True,2,0,0.1,0,44,0.0,0.0,0,0.0,0.065,0.065,0.0,0.0
revocation,0.065,0.7,,49,10,False,0.43341998860402164,0.449296841500303,0.3,0.6111111111111112,0.4714285714285714,False,True,2,0,0.1,2,39,0.04878048780487805,0.5,2,0.0,0.065,0.065,0.0,0.0
revocation,0.065,0.7,,49,11,False,0.4036364200244448,0.4369726311252272,0.35,0.65,0.4473684210526316,True,False,3,0,0.1,5,38,0.11627906976744186,0.0,0,0.0,0.065,0.065,0.0,0.0
revocation,0.065,0.7,,49,12,False,0.3902273150183336,0.41522947334392046,0.35,0.6744186046511628,0.41975308641975306,False,True,3,0,0.1,0,45,0.0,0.0,0,0.0,0.065,0.065,0.0,0.0
revocation,0.065,0.7,,49,13,False,0.3801704862637502,0.39892210500794034,0.35,0.6888888888888889,0.4069767441860465,True,False,4,0,0.1,2,33,0.05714285714285714,0.0,0,0.0,0.065,0.065,0.0,0.0
revocation,0.065,0.7,,49,14,False,0.3726278646978126,0.3866915787559553,0.35,0.6956521739130435,0.4044943820224719,False,True,4,0,0.2,0,48,0.0,0.0,0,0.0,0.065,0.065,0.0,0.0
revocation,0.065,0.7,,49,15,False,0.3669708985233595,0.3775186840669664,0.3,0.7,0.3854166666666667,False,True,4,0,0.4,7,35,0.16666666666666666,0.42857142857142855,7,0.0,0.065,0.065,0.0,0.0
revocation,0.065,0.7,,49,16,False,0.3548200106272135,0.3659471454760819,0.3,0.7115384615384616,0.36538461538461536,False,True,4,0,0.4,8,31,0.20512820512820512,0.6,15,0.0,0.065,0.065,0.0,0.0
revocation,0.065,0.7,,49,17,False,0.3518292936846959,0.38696035910706145,0.25,0.7037037037037037,0.3669724770642202,True,False,5,0,0.0,18,31,0.3673469387755102,0.0,0,0.0,0.065,0.065,0.0,0.0
revocation,0.065,0.7,,49,18,False,0.3263719702635219,0.3527202693302961,0.25,0.7142857142857143,0.35964912280701755,False,True,5,0,0.0,0,38,0.0,0.0,0,0.0,0.065,0.065,0.0,0.0
revocation,0.065,0.7,,49,19,False,0.3072789776976414,0.3270402019977221,0.2,0.7213114754098361,0.3559322033898305,False,True,5,0,0.0,0,41,0.0,0.0,0,0.0,0.065,0.065,0.0,0.0
revocation,0.065,0.7,,49,20,False,0.2804592332732311,0.29528015149829157,0.2,0.7301587301587301,0.35537190082644626,False,True,5,0,0.1,0,39,0.0,0.0,0,0.0,0.065,0.065,0.0,0.0
revocation,0.065,0.7,,49,21,False,0.26034442495492327,0.2714601136237187,0.2,0.7424242424242424,0.3412698412698413,False,True,5,0,0.2,3,32,0.08571428571428572,0.0,3,0.0,0.065,0.065,0.0,0.0
revocation,0.065,0.7,,49,22,False,0.23811546157333532,0.25321483431644926,0.15,0.7464788732394366,0.3383458646616541,False,True,5,0,0.2,10,32,0.23809523809523808,0.07692307692307693,13,0.0,0.065,0.065,0.0,0.0
revocation,0.065,0.7,,49,23,False,0.2134767060701114,0.22741112573733693,0.15,0.7631578947368421,0.32608695652173914,False,True,5,0,0.2,9,32,0.21951219512195122,0.1,22,0.0,0.065,0.065,0.0,0.0
revocation,0.065,0.7,,49,24,False,0.1958218152668693,0.2080583443030027,0.1,0.759493670886076,0.3194444444444444,False,True,5,0,0.3,6,31,0.16216216216216217,0.05,28,0.0,0.065,0.065,0.0,0.0
revocation,0.065,0.7,,49,25,False,0.16918779002158052,0.18104375822725202,0.05,0.7441860465116279,0.3202614379084967,True,False,6,0,0.0,12,22,0.35294117647058826,0.0,0,0.0,0.065,0.065,0.0,0.0
revocation,0.065,0.7,,49,26,False,0.13939084251618541,0.14828281867043902,0.05,0.75,0.31645569620253167,False,True,6,0,0.0,0,44,0.0,0.0,0,0.0,0.065,0.065,0.0,0.0
revocation,0.065,0.7,,49,27,False,0.11704313188713904,0.12371211400282926,0.05,0.7555555555555555,0.30864197530864196,False,True,6,0,0.1,0,44,0.0,0.0,0,0.0,0.065,0.065,0.0,0.0
revocation,0.065,0.7,,49,28,False,0.10028234891535427,0.10528408550212194,0.05,0.7553191489361702,0.30538922155688625,True,False,7,0,0.0,2,44,0.043478260869565216,0.0,0,0.0,0.065,0.065,0.0,0.0
revocation,0.065,0.7,,49,29,False,0.0877117616865157,0.09146306412659146,0.0,0.7425742574257426,0.3125,False,True,7,0,0.0,0,33,0.0,0.0,0,0.0,0.065,0.065,0.0,0.0
revocation,0.065,0.7,,49,30,False,0.06578382126488679,0.0685972980949436,0.0,0.7403846153846154,0.3114754098360656,False,True,7,0,0.0,0,36,0.0,0.0,0,0.0,0.065,0.065,0.0,0.0
revocation,0.065,0.7,,49,31,False,0.049337865948665086,0.0514479735712077,0.0,0.7454545454545455,0.3005181347150259,False,True,7,0,0.1,0,42,0.0,0.0,0,0.0,0.065,0.065,0.0,0.0
revocation,0.065,0.7,,49,32,False,0.03700339946149882,0.038585980178405775,0.0,0.7410714285714286,0.29949238578680204,True,False,8,0,0.0,7,31,0.18421052631578946,0.0,0,0.0,0.065,0.065,0.0,0.0
revocation,0.065,0.7,,49,33,False,0.02775254959612411,0.02893948513380433,0.0,0.7368421052631579,0.3,False,True,8,0,0.0,0,43,0.0,0.0,0,0.0,0.065,0.065,0.0,0.0
revocation,0.065,0.7,,49,34,False,0.020814412197093086,0.021704613850353247,0.0,0.7333333333333333,0.2980769230769231,False,True,8,0,0.0,0,37,0.0,0.0,0,0.0,0.065,0.065,0.0,0.0
revocation,0.065,0.7,,49,35,False,0.015610809147819812,0.016278460387764936,0.0,0.7338709677419355,0.2971698113207547,False,True,8,0,0.0,0,41,0.0,0.0,0,0.0,0.065,0.065,0.0,0.0
revocation,0.065,0.7,,49,36,False,0.01170810686086486,0.012208845290823701,0.0,0.7421875,0.2863636363636364,False,True,8,0,0.1,0,40,0.0,0.0,0,0.0,0.065,0.065,0.0,0.0
revocation,0.065,0.7,,49,37,False,0.008781080145648644,0.009156633968117776,0.0,0.7313432835820896,0.2920353982300885,True,False,9,0,0.0,9,35,0.20454545454545456,0.0,0,0.0,0.065,0.065,0.0,0.0
revocation,0.065,0.7,,49,38,False,0.006585810109236484,0.006867475476088332,0.0,0.7333333333333333,0.2894736842105263,False,True,9,0,0.1,0,51,0.0,0.0,0,0.0,0.065,0.065,0.0,0.0
revocation,0.065,0.7,,49,39,False,0.004939357581927363,0.005150606607066248,0.0,0.7202797202797203,0.29535864978902954,False,True,9,0,0.1,2,38,0.05,0.0,2,0.0,0.065,0.065,0.0,0.0
revocation,0.065,0.7,,50,0,False,0.0,0.0,0.0,0.0,1.0,False,True,0,0,0.0,0,0,0.0,0.0,0,0.0,0.065,0.065,0.0,0.0
revocation,0.065,0.7,,50,1,False,0.0,0.0,0.21052631578947367,0.21052631578947367,0.8214285714285714,False,True,0,0,0.1,0,42,0.0,0.0,0,0.0,0.065,0.065,0.0,0.0
revocation,0.065,0.7,,50,2,False,0.05263157894736842,0.05263157894736842,0.25,0.34782608695652173,0.7058823529411765,False,True,0,0,0.1,2,44,0.043478260869565216,0.0,2,0.0,0.065,0.065,0.0,0.0
revocation,0.065,0.7,,50,3,False,0.0975093984962406,0.10197368421052631,0.25,0.4,0.6486486486486487,False,True,0,0,0.3,0,43,0.0,0.0,2,0.0,0.065,0.065,0.0,0.0
revocation,0.065,0.7,,50,4,False,0.12670347744360902,0.13898026315789475,0.15,0.43333333333333335,0.627906976744186,True,False,1,0,0.1,9,30,0.23076923076923078,0.0,0,0.0,0.065,0.065,0.0,0.0
revocation,0.065,0.7,,50,5,False,0.13252760808270675,0.14173519736842105,0.1,0.4375,0.6,False,True,1,0,0.2,0,46,0.0,0.0,0,0.0,0.065,0.065,0.0,0.0
revocation,0.065,0.7,,50,6,False,0.12439570606203008,0.1313013980263158,0.1,0.45454545454545453,0.54,True,False,2,0,0.1,14,32,0.30434782608695654,0.0,0,0.0,0.065,0.065,0.0,0.0
revocation,0.065,0.7,,50,7,False,0.11829677954652255,0.12347604851973684,0.05,0.5,0.5087719298245614,False,True,2,0,0.2,0,33,0.0,0.0,0,0.0,0.065,0.065,0.0,0.0
revocation,0.065,0.7,,50,8,False,0.10122258465989191,0.10510703638980264,0.0,0.5116279069767442,0.484375,False,True,2,0,0.2,2,37,0.05128205128205128,0.0,2,0.0,0.065,0.065,0.0,0.0
revocation,0.065,0.7,,50,9,False,0.07591693849491896,0.07883027729235198,0.0,0.5306122448979592,0.4647887323943662,True,False,3,0,0.1,5,34,0.1282051282051282,0.0,0,0.0,0.065,0.065,0.0,0.0
revocation,0.065,0.7,,50,10,False,0.0569377038711892,0.059122707969263985,0.0,0.5384615384615384,0.4473684210526316,False,True,3,0,0.2,0,43,0.0,0.0,0,0.0,0.065,0.065,0.0,0.0
revocation,0.065,0.7,,50,11,False,0.0427032779033919,0.044342030976947985,0.0,0.5454545454545454,0.4444444444444444,False,True,3,0,0.4,6,36,0.14285714285714285,0.0,6,0.0,0.065,0.065,0.0,0.0
revocation,0.065,0.7,,50,12,False,0.032027458427543926,0.033256523232710986,0.0,0.5737704918032787,0.4157303370786517,False,True,3,0,0.5,6,28,0.17647058823529413,0.3333333333333333,12,0.0,0.065,0.065,0.0,0.0
revocation,0.065,0.7,,50,13,False,0.0418777366778008,0.06660905909119991,0.0,0.5714285714285714,0.40425531914893614,True,False,4,0,0.1,17,25,0.40476190476190477,0.0,0,0.0,0.065,0.065,0.0,0.0
revocation,0.065,0.7,,50,14,False,0.0314083025083506,0.04995679431839993,0.0,0.5606060606060606,0.40404040404040403,False,True,4,0,0.2,0,37,0.0,0.0,0,0.0,0.065,0.065,0.0,0.0
revocation,0.065,0.7,,50,15,False,0.023556226881262948,0.037467595738799944,0.0,0.5652173913043478,0.3904761904761905,False,True,4,0,0.2,6,37,0.13953488372093023,0.16666666666666666,6,0.0,0.065,0.065,0.0,0.0
revocation,0.065,0.7,,50,16,False,0.023619551113328165,0.03135590513743329,0.0,0.5774647887323944,0.37962962962962965,False,True,4,0,0.2,6,39,0.13333333333333333,0.16666666666666666,12,0.0,0.065,0.065,0.0,0.0
revocation,0.065,0.7,,50,17,False,0.02366704428737707,0.0443502621864083,0.0,0.5789473684210527,0.3805309734513274,False,True,4,0,0.6,8,31,0.20512820512820512,0.15,20,0.0,0.065,0.065,0.0,0.0
revocation,0.065,0.7,,50,18,False,0.025785997501247087,0.05201269663980622,0.0,0.575,0.375,True,False,5,0,0.0,24,19,0.5581395348837209,0.0,0,0.0,0.065,0.065,0.0,0.0
revocation,0.065,0.7,,50,19,False,0.019339498125935318,0.03900952247985466,0.0,0.5679012345679012,0.3709677419354839,False,True,5,0,0.0,0,39,0.0,0.0,0,0.0,0.065,0.065,0.0,0.0
revocation,0.065,0.7,,50,20,False,0.014504623594451486,0.029257141859890996,0.0,0.5833333333333334,0.36153846153846153,False,True,5,0,0.0,0,39,0.0,0.0,0,0.0,0.065,0.065,0.0,0.0
revocation,0.065,0.7,,50,21,False,0.010878467695838615,0.021942856394918248,0.0,0.6022727272727273,0.34558823529411764,False,True,5,0,0.1,0,34,0.0,0.0,0,0.0,0.065,0.065,0.0,0.0
revocation,0.065,0.7,,50,22,False,0.008158850771878962,0.016457142296188686,0.0,0.6111111111111112,0.34265734265734266,False,True,5,0,0.3,3,43,0.06521739130434782,0.0,3,0.0,0.065,0.065,0.0,0.0
revocation,0.065,0.7,,50,23,False,0.006119138078909221,0.012342856722141514,0.0,0.6210526315789474,0.3333333333333333,False,True,5,0,0.4,9,34,0.20930232558139536,0.0,12,0.0,0.065,0.065,0.0,0.0
revocation,0.065,0.7,,50,24,False,0.004589353559181915,0.009257142541606136,0.0,0.6138613861386139,0.3333333333333333,False,True,5,0,0.4,7,34,0.17073170731707318,0.0,19,0.0,0.065,0.065,0.0,0.0
revocation,0.065,0.7,,50,25,False,0.0034420151693864364,0.006942856906204602,0.0,0.6320754716981132,0.3212121212121212,True,False,6,0,0.0,11,32,0.2558139534883721,0.0,0,0.0,0.065,0.065,0.0,0.0
revocation,0.065,0.7,,50,26,False,0.0025815113770398276,0.005207142679653451,0.0,0.6388888888888888,0.3136094674556213,False,True,6,0,0.0,0,45,0.0,0.0,0,0.0,0.065,0.065,0.0,0.0
revocation,0.065,0.7,,50,27,False,0.0019361335327798706,0.0039053570097400884,0.0,0.6486486486486487,0.3068181818181818,False,True,6,0,0.1,0,43,0.0,0.0,0,0.0,0.065,0.065,0.0,0.0
revocation,0.065,0.7,,50,28,False,0.001452100149584903,0.0029290177573050662,0.0,0.6434782608695652,0.3111111111111111,False,True,6,0,0.1,2,33,0.05714285714285714,0.0,2,0.0,0.065,0.065,0.0,0.0
revocation,0.065,0.7,,50,29,False,0.0010890751121886773,0.0021967633179787996,0.0,0.628099173553719,0.324468085106383,False,True,6,0,0.2,1,36,0.02702702702702703,0.0,3,0.0,0.065,0.065,0.0,0.0
revocation,0.065,0.7,,50,30,False,0.0008168063341415079,0.0016475724884840997,0.0,0.6428571428571429,0.31443298969072164,False,True,6,0,0.2,9,28,0.24324324324324326,0.25,12,0.0,0.065,0.065,0.0,0.0
revocation,0.065,0.7,,50,31,False,0.00954117617917756,0.032485679366363075,0.0,0.648854961832061,0.30845771144278605,True,False,7,0,0.1,9,38,0.19148936170212766,0.0,0,0.0,0.065,0.065,0.0,0.0
revocation,0.065,0.7,,50,32,False,0.007155882134383169,0.024364259524772308,0.0,0.6492537313432836,0.3073170731707317,False,True,7,0,0.1,0,41,0.0,0.0,0,0.0,0.065,0.065,0.0,0.0
revocation,0.065,0.7,,50,33,False,0.0053669116007873776,0.01827319464357923,0.0,0.6518518518518519,0.3058252427184466,True,False,8,0,0.0,3,42,0.06666666666666667,0.0,0,0.0,0.065,0.065,0.0,0.0
revocation,0.065,0.7,,50,34,False,0.0040251837005905325,0.013704895982684423,0.0,0.647887323943662,0.308411214953271,False,True,8,0,0.1,0,41,0.0,0.0,0,0.0,0.065,0.065,0.0,0.0
revocation,0.065,0.7,,50,35,False,0.0030188877754428996,0.010278671987013318,0.0,0.6482758620689655,0.3090909090909091,False,True,8,0,0.2,3,36,0.07692307692307693,0.0,3,0.0,0.065,0.065,0.0,0.0
revocation,0.065,0.7,,50,36,False,0.0022641658315821745,0.0077090039902599885,0.0,0.6556291390728477,0.30701754385964913,True,False,9,0,0.0,3,35,0.07894736842105263,0.0,0,0.0,0.065,0.065,0.0,0.0
revocation,0.065,0.7,,50,37,False,0.0016981243736866312,0.0057817529926949916,0.0,0.6451612903225806,0.31196581196581197,False,True,9,0,0.0,0,42,0.0,0.0,0,0.0,0.065,0.065,0.0,0.0
revocation,0.065,0.7,,50,38,False,0.0012735932802649733,0.004336314744521244,0.0,0.6415094339622641,0.3125,False,True,9,0,0.2,0,39,0.0,0.0,0,0.0,0.065,0.065,0.0,0.0
revocation,0.065,0.7,,50,39,False,0.00095519496019873,0.003252236058390933,0.0,0.6419753086419753,0.31020408163265306,False,True,9,0,0.2,4,39,0.09302325581395349,0.0,4,0.0,0.065,0.065,0.0,0.0
revocation,0.065,0.7,,51,0,False,0.0,0.0,0.0,0.0,1.0,False,True,0,0,0.0,0,0,0.0,0.0,0,0.0,0.065,0.065,0.0,0.0
revocation,0.065,0.7,,51,1,False,0.0,0.0,0.14285714285714285,0.14285714285714285,0.8709677419354839,False,True,0,0,0.2,0,45,0.0,0.0,0,0.0,0.065,0.065,0.0,0.0
revocation,0.065,0.7,,51,2,False,0.03571428571428571,0.03571428571428571,0.2777777777777778,0.2777777777777778,0.7777777777777778,False,True,0,0,0.3,4,34,0.10526315789473684,0.0,4,0.0,0.065,0.065,0.0,0.0
revocation,0.065,0.7,,51,3,False,0.08630952380952382,0.09623015873015874,0.2,0.3333333333333333,0.7209302325581395,True,False,1,0,0.0,11,33,0.25,0.0,0,0.0,0.065,0.065,0.0,0.0
revocation,0.065,0.7,,51,4,False,0.11473214285714287,0.12217261904761906,0.15,0.39285714285714285,0.6666666666666666,False,True,1,0,0.0,0,41,0.0,0.0,0,0.0,0.065,0.065,0.0,0.0
revocation,0.065,0.7,,51,5,False,0.12354910714285715,0.12912946428571428,0.15,0.41379310344827586,0.6481481481481481,False,True,1,0,0.0,0,40,0.0,0.0,0,0.0,0.065,0.065,0.0,0.0
revocation,0.065,0.7,,51,6,False,0.13016183035714288,0.13434709821428573,0.15,0.46875,0.6101694915254238,False,True,1,0,0.2,0,42,0.0,0.0,0,0.0,0.065,0.065,0.0,0.0
revocation,0.065,0.7,,51,7,False,0.13512137276785716,0.1382603236607143,0.1,0.47058823529411764,0.5873015873015873,False,True,1,0,0.2,3,37,0.075,0.0,3,0.0,0.065,0.065,0.0,0.0
revocation,0.065,0.7,,51,8,False,0.12455531529017859,0.12869524274553573,0.1,0.5263157894736842,0.5362318840579711,False,True,1,0,0.2,2,41,0.046511627906976744,0.0,5,0.0,0.065,0.065,0.0,0.0
revocation,0.065,0.7,,51,9,False,0.11663077218191965,0.12152143205915181,0.05,0.5333333333333333,0.5128205128205128,False,True,1,0,0.3,3,39,0.07142857142857142,0.125,8,0.0,0.065,0.065,0.0,0.0
revocation,0.065,0.7,,51,10,False,0.10265165056501117,0.11301607404436387,0.0,0.5490196078431373,0.4883720930232558,False,True,1,0,0.4,10,27,0.2702702702702703,0.1111111111111111,18,0.0,0.065,0.065,0.0,0.0
revocation,0.065,0.7,,51,11,False,0.08294111887613934,0.0986509444221618,0.0,0.5636363636363636,0.4787234042553192,True,False,2,0,0.0,13,29,0.30952380952380953,0.0,0,0.0,0.065,0.065,0.0,0.0
revocation,0.065,0.7,,51,12,False,0.0622058391571045,0.07398820831662134,0.0,0.5645161290322581,0.4803921568627451,False,True,2,0,0.0,0,33,0.0,0.0,0,0.0,0.065,0.065,0.0,0.0
revocation,0.065,0.7,,51,13,False,0.04665437936782838,0.055491156237466005,0.0,0.5846153846153846,0.4537037037037037,False,True,2,0,0.0,0,43,0.0,0.0,0,0.0,0.065,0.065,0.0,0.0
revocation,0.065,0.7,,51,14,False,0.03499078452587128,0.041618367178099504,0.0,0.5797101449275363,0.45132743362831856,False,True,2,0,0.1,0,41,0.0,0.0,0,0.0,0.065,0.065,0.0,0.0
revocation,0.065,0.7,,51,15,False,0.026243088394403462,0.03121377538357463,0.0,0.589041095890411,0.4369747899159664,True,False,3,0,0.1,4,36,0.1,0.0,0,0.0,0.065,0.065,0.0,0.0
revocation,0.065,0.7,,51,16,False,0.0196823162958026,0.023410331537680972,0.0,0.5945945945945946,0.43902439024390244,False,True,3,0,0.2,0,46,0.0,0.0,0,0.0,0.065,0.065,0.0,0.0
revocation,0.065,0.7,,51,17,False,0.014761737221851947,0.017557748653260728,0.0,0.5921052631578947,0.43410852713178294,False,True,3,0,0.2,4,41,0.08888888888888889,0.75,4,0.0,0.065,0.065,0.0,0.0
revocation,0.065,0.7,,51,18,False,0.024464160059246103,0.10412581004036059,0.0,0.5925925925925926,0.42962962962962964,False,True,3,0,0.2,9,32,0.21951219512195122,0.7692307692307693,13,0.0,0.065,0.065,0.0,0.0
revocation,0.065,0.7,,51,19,False,0.03208438378069831,0.1742482036841166,0.0,0.5813953488372093,0.4326241134751773,False,True,3,0,0.2,4,31,0.11428571428571428,0.8235294117647058,17,0.0,0.065,0.065,0.0,0.0
revocation,0.065,0.7,,51,20,False,0.03876917018846491,0.23362732923367566,0.0,0.5747126436781609,0.4315068493150685,False,True,3,0,0.2,8,35,0.18604651162790697,0.75,25,0.0,0.065,0.065,0.0,0.0
revocation,0.065,0.7,,51,21,False,0.04246973478420583,0.26897049692525676,0.0,0.5869565217391305,0.4276315789473684,False,True,3,0,0.4,8,31,0.20512820512820512,0.8,33,0.0,0.065,0.065,0.0,0.0
revocation,0.065,0.7,,51,22,False,0.06042372965958294,0.3017278726939426,0.0,0.5773195876288659,0.44025157232704404,True,False,4,0,0.0,9,26,0.2571428571428571,0.0,0,0.0,0.065,0.065,0.0,0.0
revocation,0.065,0.7,,51,23,False,0.04531779724468721,0.22629590452045695,0.0,0.59,0.4294478527607362,False,True,4,0,0.1,0,44,0.0,0.0,0,0.0,0.065,0.065,0.0,0.0
revocation,0.065,0.7,,51,24,False,0.03398834793351541,0.16972192839034272,0.0,0.5961538461538461,0.4235294117647059,False,True,4,0,0.1,3,38,0.07317073170731707,0.0,3,0.0,0.065,0.065,0.0,0.0
revocation,0.065,0.7,,51,25,False,0.025491260950136558,0.12729144629275704,0.0,0.6,0.4157303370786517,True,False,5,0,0.2,6,41,0.1276595744680851,0.0,0,0.0,0.065,0.065,0.0,0.0
revocation,0.065,0.7,,51,26,False,0.019118445712602416,0.09546858471956779,0.0,0.6036036036036037,0.4134078212290503,False,True,5,0,0.3,0,43,0.0,0.0,0,0.0,0.065,0.065,0.0,0.0
revocation,0.065,0.7,,51,27,False,0.014338834284451816,0.07160143853967585,0.0,0.6173913043478261,0.4,True,False,6,0,0.0,9,32,0.21951219512195122,0.0,0,0.0,0.065,0.065,0.0,0.0
revocation,0.065,0.7,,51,28,False,0.010754125713338862,0.05370107890475689,0.0,0.6271186440677966,0.39790575916230364,False,True,6,0,0.0,0,36,0.0,0.0,0,0.0,0.065,0.065,0.0,0.0
revocation,0.065,0.7,,51,29,False,0.008065594285004146,0.04027580917856766,0.0,0.6147540983606558,0.398989898989899,False,True,6,0,0.0,0,36,0.0,0.0,0,0.0,0.065,0.065,0.0,0.0
revocation,0.065,0.7,,51,30,False,0.00604919571375311,0.03020685688392575,0.0,0.616,0.39603960396039606,False,True,6,0,0.0,0,42,0.0,0.0,0,0.0,0.065,0.065,0.0,0.0
revocation,0.065,0.7,,51,31,False,0.004536896785314833,0.022655142662944314,0.0,0.6220472440944882,0.3894230769230769,False,True,6,0,0.1,0,44,0.0,0.0,0,0.0,0.065,0.065,0.0,0.0
revocation,0.065,0.7,,51,32,False,0.003402672588986124,0.016991356997208235,0.0,0.6212121212121212,0.3878504672897196,False,True,6,0,0.1,0,36,0.0,0.0,0,0.0,0.065,0.065,0.0,0.0
revocation,0.065,0.7,,51,33,False,0.0025520044417395933,0.012743517747906177,0.0,0.6165413533834586,0.39351851851851855,False,True,6,0,0.2,0,45,0.0,0.0,0,0.0,0.065,0.065,0.0,0.0
revocation,0.065,0.7,,51,34,False,0.0019140033313046949,0.009557638310929633,0.0,0.6176470588235294,0.39090909090909093,False,True,6,0,0.4,8,41,0.16326530612244897,0.875,8,0.0,0.065,0.065,0.0,0.0
revocation,0.065,0.7,,51,35,False,0.01706050249847852,0.10947398549715559,0.0,0.6142857142857143,0.39035087719298245,True,False,7,0,0.1,16,22,0.42105263157894735,0.0,0,0.0,0.065,0.065,0.0,0.0
revocation,0.065,0.7,,51,36,False,0.01279537687385889,0.08210548912286669,0.0,0.6180555555555556,0.39148936170212767,False,True,7,0,0.1,0,37,0.0,0.0,0,0.0,0.065,0.065,0.0,0.0
revocation,0.065,0.7,,51,37,False,0.009596532655394169,0.06157911684215002,0.0,0.6190476190476191,0.3925619834710744,False,True,7,0,0.2,1,43,0.022727272727272728,0.0,1,0.0,0.065,0.065,0.0,0.0
revocation,0.065,0.7,,51,38,False,0.007197399491545626,0.04618433763161252,0.0,0.625,0.3895582329317269,False,True,7,0,0.3,3,40,0.06976744186046512,0.0,4,0.0,0.065,0.065,0.0,0.0
revocation,0.065,0.7,,51,39,False,0.0053980496186592205,0.03463825322370939,0.0,0.6233766233766234,0.38735177865612647,True,False,8,0,0.0,8,41,0.16326530612244897,0.0,0,0.0,0.065,0.065,0.0,0.0
