mode,detection,write_pref,side_host_attention,side_routing,side_task_overlap,side_deadline_pressure,seed,epoch,reset,mean_infection,max_infection,cache_corruption,tier3_poisoning,promotion_accuracy,side_teardown,side_active,side_teardown_count,side_sweep_count,discovered_fraction,side_writes,sanctioned_writes,ungoverned_fraction,side_cache_corruption,side_entries,evader_fraction,population_attention,chosen_attention,substrate_gap,mean_side_value
deletion,0.0,0.7,,overlap,0.1,0.5,42,0,False,0.0,0.0,0.0,0.0,1.0,False,True,0,0,0.1,0,0,0.0,0.0,0,0.0,0.0,0.0,0.0,0.0
deletion,0.0,0.7,,overlap,0.1,0.5,42,1,False,0.0,0.0,0.42857142857142855,0.42857142857142855,0.8181818181818182,False,True,0,0,0.4,1,50,0.0196078431372549,0.0,1,0.0,0.0,0.0,0.0,0.058824499999999974
deletion,0.0,0.7,,overlap,0.1,0.5,42,2,False,0.07653061224489796,0.10714285714285714,0.5,0.5,0.7407407407407407,False,True,0,0,0.4,0,39,0.0,0.0,1,0.0,0.0,0.0,0.0,0.17258100124999998
deletion,0.0,0.7,,overlap,0.1,0.5,42,3,False,0.14668367346938774,0.20535714285714285,0.6875,0.6875,0.5882352941176471,False,True,0,0,0.4,0,39,0.0,0.0,1,0.0,0.0,0.0,0.0,0.04954010311249998
deletion,0.0,0.7,,overlap,0.1,0.5,42,4,False,0.23278061224489796,0.32589285714285715,0.6666666666666666,0.6666666666666666,0.5833333333333334,False,True,0,0,0.4,0,39,0.0,0.0,1,0.0,0.0,0.0,0.0,0.15776623467874998
deletion,0.0,0.7,,overlap,0.1,0.5,42,5,False,0.2936330782312925,0.41108630952380953,0.6,0.6666666666666666,0.5333333333333333,False,True,0,0,0.5,0,34,0.0,0.0,1,0.0,0.0,0.0,0.0,0.05393691837012499
deletion,0.0,0.7,,overlap,0.1,0.5,42,6,False,0.31665338010204075,0.4583147321428571,0.6,0.68,0.5416666666666666,False,True,0,0,0.5,0,45,0.0,0.0,1,0.0,0.0,0.0,0.0,0.06409095743198329
deletion,0.0,0.7,,overlap,0.1,0.5,42,7,False,0.333918606505102,0.49373604910714286,0.5,0.6875,0.5087719298245614,False,True,0,0,0.5,0,40,0.0,0.0,1,0.0,0.0,0.0,0.0,0.013006531893982215
deletion,0.0,0.7,,overlap,0.1,0.5,42,8,False,0.33079609773596935,0.4953020368303571,0.5,0.7142857142857143,0.4603174603174603,False,True,0,0,0.6,3,43,0.06521739130434782,0.25,4,0.0,0.0,0.0,0.0,0.13570330060477456
deletion,0.0,0.7,,overlap,0.1,0.5,42,9,False,0.35077564473054845,0.49647652762276784,0.5,0.7297297297297297,0.44776119402985076,False,True,0,0,0.7,1,40,0.024390243902439025,0.2,5,0.0,0.0,0.0,0.0,0.04655600275023807
deletion,0.0,0.7,,overlap,0.1,0.5,42,10,False,0.36129601926219707,0.4973573957170759,0.45,0.717948717948718,0.4305555555555556,False,True,0,0,0.7,3,45,0.0625,0.375,8,0.0,0.0,0.0,0.0,0.31035230036059636
deletion,0.0,0.7,,overlap,0.1,0.5,42,11,False,0.37677558587521925,0.4855180467878069,0.35,0.6976744186046512,0.4230769230769231,False,True,0,0,1.0,2,40,0.047619047619047616,0.3,10,0.0,0.0,0.0,0.0,0.18002984371334804
deletion,0.0,0.7,,overlap,0.1,0.5,42,12,False,0.3638316894064144,0.4453885350908552,0.35,0.717391304347826,0.4024390243902439,False,True,0,0,1.0,4,38,0.09523809523809523,0.35714285714285715,14,0.0,0.0,0.0,0.0,0.10639078232275526
deletion,0.0,0.7,,overlap,0.1,0.5,42,13,False,0.361266624197668,0.4224342584609986,0.3,0.7254901960784313,0.38636363636363635,False,True,0,0,1.0,1,35,0.027777777777777776,0.4,15,0.0,0.0,0.0,0.0,0.09974701407551852
deletion,0.0,0.7,,overlap,0.1,0.5,42,14,False,0.358449968148251,0.4043256938457489,0.25,0.7222222222222222,0.3804347826086957,False,True,0,0,1.0,1,41,0.023809523809523808,0.375,16,0.0,0.0,0.0,0.0,0.09869966539488806
deletion,0.0,0.7,,overlap,0.1,0.5,42,15,False,0.34696247611118824,0.3813692703843117,0.15,0.7017543859649122,0.38144329896907214,False,True,0,0,1.0,3,41,0.06818181818181818,0.42105263157894735,19,0.0,0.0,0.0,0.0,0.15251942420803918
deletion,0.0,0.7,,overlap,0.1,0.5,42,16,False,0.33160343603075954,0.35740853173560216,0.15,0.7258064516129032,0.3557692307692308,False,True,0,0,1.0,1,37,0.02631578947368421,0.4,20,0.0,0.0,0.0,0.0,0.14556575323578094
deletion,0.0,0.7,,overlap,0.1,0.5,42,17,False,0.31745257702306967,0.3368063988017016,0.1,0.7121212121212122,0.35454545454545455,False,True,0,0,1.0,2,41,0.046511627906976744,0.4,22,0.0,0.0,0.0,0.0,0.11901355208343092
deletion,0.0,0.7,,overlap,0.1,0.5,42,18,False,0.30058943276730227,0.3151047991012762,0.05,0.7014925373134329,0.35714285714285715,False,True,0,0,1.0,1,47,0.020833333333333332,0.45,23,0.0,0.0,0.0,0.0,0.13193514749636187
deletion,0.0,0.7,,overlap,0.1,0.5,42,19,False,0.28794207457547666,0.2988285993259572,0.0,0.6944444444444444,0.35294117647058826,False,True,0,0,1.0,1,35,0.027777777777777776,0.45,24,0.0,0.0,0.0,0.0,0.111429760925705
deletion,0.0,0.7,,overlap,0.1,0.5,42,20,False,0.27220655593160753,0.2803714494944679,0.0,0.7027027027027027,0.3442622950819672,False,True,0,0,1.0,2,43,0.044444444444444446,0.45,26,0.0,0.0,0.0,0.0,0.06884958239844491
deletion,0.0,0.7,,overlap,0.1,0.5,42,21,False,0.26040491694870566,0.2665285871208509,0.0,0.7088607594936709,0.3435114503816794,False,True,0,0,1.0,1,38,0.02564102564102564,0.45,27,0.0,0.0,0.0,0.0,0.07686648852058145
deletion,0.0,0.7,,overlap,0.1,0.5,42,22,False,0.25155368771152925,0.2561464403406382,0.0,0.7093023255813954,0.34532374100719426,False,True,0,0,1.0,2,38,0.05,0.45,29,0.0,0.0,0.0,0.0,0.12312029395835651
deletion,0.0,0.7,,overlap,0.1,0.5,42,23,False,0.24491526578364692,0.24835983025547867,0.0,0.7078651685393258,0.3402777777777778,False,True,0,0,1.0,1,43,0.022727272727272728,0.45,30,0.0,0.0,0.0,0.0,0.06273301157828176
deletion,0.0,0.7,,overlap,0.1,0.5,42,24,False,0.2399364493377352,0.242519872691609,0.0,0.7111111111111111,0.3288590604026846,False,True,0,0,1.0,1,41,0.023809523809523808,0.45,31,0.0,0.0,0.0,0.0,0.12000727988251414
deletion,0.0,0.7,,overlap,0.1,0.5,42,25,False,0.23620233700330137,0.23813990451870673,0.0,0.7111111111111111,0.3202614379084967,False,True,0,0,1.0,4,47,0.0784313725490196,0.5,35,0.0,0.0,0.0,0.0,0.1276797153083901
deletion,0.0,0.7,,overlap,0.1,0.5,42,26,False,0.23965175275247605,0.24110492838903005,0.0,0.7142857142857143,0.310126582278481,False,True,0,0,1.0,3,42,0.06666666666666667,0.45,38,0.0,0.0,0.0,0.0,0.12134991471506433
deletion,0.0,0.7,,overlap,0.1,0.5,42,27,False,0.23598881456435702,0.23707869629177253,0.0,0.71875,0.3048780487804878,False,True,0,0,1.0,3,35,0.07894736842105263,0.45,41,0.0,0.0,0.0,0.0,0.12481356885686681
deletion,0.0,0.7,,overlap,0.1,0.5,42,28,False,0.23324161092326776,0.23405902221882938,0.0,0.71,0.3076923076923077,False,True,0,0,1.0,3,39,0.07142857142857142,0.45,44,0.0,0.0,0.0,0.0,0.0866258891591245
deletion,0.0,0.7,,overlap,0.1,0.5,42,29,False,0.23118120819245083,0.23179426666412203,0.0,0.7087378640776699,0.3081395348837209,False,True,0,0,1.0,0,43,0.0,0.45,44,0.0,0.0,0.0,0.0,0.10726891856533405
deletion,0.0,0.7,,overlap,0.1,0.5,42,30,False,0.2296359061443381,0.2300956999980915,0.0,0.7142857142857143,0.3028571428571429,False,True,0,0,1.0,3,44,0.06382978723404255,0.45,47,0.0,0.0,0.0,0.0,0.12844538657167429
deletion,0.0,0.7,,overlap,0.1,0.5,42,31,False,0.22847692960825358,0.22882177499856862,0.0,0.7155963302752294,0.3,False,True,0,0,1.0,1,36,0.02702702702702703,0.4,48,0.0,0.0,0.0,0.0,0.1514221427377837
deletion,0.0,0.7,,overlap,0.1,0.5,42,32,False,0.22135769720619017,0.2216163312489265,0.0,0.7155963302752294,0.2967032967032967,False,True,0,0,1.0,0,42,0.0,0.4,48,0.0,0.0,0.0,0.0,0.11346265595045661
deletion,0.0,0.7,,overlap,0.1,0.5,42,33,False,0.21601827290464262,0.21621224843669484,0.0,0.7142857142857143,0.2994652406417112,False,True,0,0,1.0,2,43,0.044444444444444446,0.4,50,0.0,0.0,0.0,0.0,0.12358456681548932
deletion,0.0,0.7,,overlap,0.1,0.5,42,34,False,0.21201370467848196,0.21215918632752112,0.0,0.7155172413793104,0.29743589743589743,False,True,0,0,1.0,4,37,0.0975609756097561,0.35,54,0.0,0.0,0.0,0.0,0.12745227417069305
deletion,0.0,0.7,,overlap,0.1,0.5,42,35,False,0.2027602785088615,0.20286938974564084,0.0,0.725,0.29,False,True,0,0,1.0,2,40,0.047619047619047616,0.35,56,0.0,0.0,0.0,0.0,0.08468691846331997
deletion,0.0,0.7,,overlap,0.1,0.5,42,36,False,0.19582020888164614,0.19590204230923064,0.0,0.7317073170731707,0.28431372549019607,False,True,0,0,1.0,0,38,0.0,0.35,56,0.0,0.0,0.0,0.0,0.1041837950672615
deletion,0.0,0.7,,overlap,0.1,0.5,42,37,False,0.1906151566612346,0.190676531731923,0.0,0.7364341085271318,0.2796208530805687,False,True,0,0,1.0,1,37,0.02631578947368421,0.35,57,0.0,0.0,0.0,0.0,0.1306538118175748
deletion,0.0,0.7,,overlap,0.1,0.5,42,38,False,0.18671136749592598,0.18675739879894226,0.0,0.7368421052631579,0.2764976958525346,False,True,0,0,1.0,4,38,0.09523809523809523,0.3,61,0.0,0.0,0.0,0.0,0.11260646790661248
deletion,0.0,0.7,,overlap,0.1,0.5,42,39,False,0.1775335256219445,0.1775680490992067,0.0,0.7372262773722628,0.273542600896861,False,True,0,0,1.0,1,40,0.024390243902439025,0.3,62,0.0,0.0,0.0,0.0,0.10661021852910982
deletion,0.0,0.7,,overlap,0.1,0.5,43,0,False,0.0,0.0,0.0,0.0,1.0,False,True,0,0,0.0,0,0,0.0,0.0,0,0.0,0.0,0.0,0.0,0.0
deletion,0.0,0.7,,overlap,0.1,0.5,43,1,False,0.0,0.0,0.09090909090909091,0.09090909090909091,0.8518518518518519,False,True,0,0,0.0,0,50,0.0,0.0,0,0.0,0.0,0.0,0.0,0.0
deletion,0.0,0.7,,overlap,0.1,0.5,43,2,False,0.022727272727272728,0.022727272727272728,0.25,0.25,0.7352941176470589,False,True,0,0,0.1,0,39,0.0,0.0,0,0.0,0.0,0.0,0.0,0.0
deletion,0.0,0.7,,overlap,0.1,0.5,43,3,False,0.07954545454545454,0.07954545454545454,0.35,0.38095238095238093,0.6341463414634146,False,True,0,0,0.2,0,37,0.0,0.0,0,0.0,0.0,0.0,0.0,0.24499999999999997
deletion,0.0,0.7,,overlap,0.1,0.5,43,4,False,0.1471590909090909,0.1471590909090909,0.25,0.375,0.6041666666666666,False,True,0,0,0.6,0,38,0.0,0.0,0,0.0,0.0,0.0,0.0,0.14577499999999996
deletion,0.0,0.7,,overlap,0.1,0.5,43,5,False,0.17286931818181817,0.17286931818181817,0.3,0.42857142857142855,0.5357142857142857,False,True,0,0,0.7,2,38,0.05,0.0,2,0.0,0.0,0.0,0.0,0.12405581602749997
deletion,0.0,0.7,,overlap,0.1,0.5,43,6,False,0.17786627435064936,0.20465198863636364,0.3,0.4666666666666667,0.5084745762711864,False,True,0,0,0.8,1,41,0.023809523809523808,0.0,3,0.0,0.0,0.0,0.0,0.08736555290142399
deletion,0.0,0.7,,overlap,0.1,0.5,43,7,False,0.17625684862012989,0.22848899147727275,0.2,0.45714285714285713,0.5151515151515151,False,True,0,0,0.9,2,41,0.046511627906976744,0.0,5,0.0,0.0,0.0,0.0,0.10547291349580397
deletion,0.0,0.7,,overlap,0.1,0.5,43,8,False,0.15719263646509743,0.19636674360795456,0.2,0.48717948717948717,0.4864864864864865,False,True,0,0,0.9,2,40,0.047619047619047616,0.0,7,0.0,0.0,0.0,0.0,0.05752005948621256
deletion,0.0,0.7,,overlap,0.1,0.5,43,9,False,0.14289447734882305,0.1722750577059659,0.2,0.5,0.4675324675324675,False,True,0,0,0.9,2,42,0.045454545454545456,0.0,9,0.0,0.0,0.0,0.0,0.09001851483457352
deletion,0.0,0.7,,overlap,0.1,0.5,43,10,False,0.1321708580116173,0.1542062932794744,0.05,0.4666666666666667,0.4827586206896552,False,True,0,0,1.0,0,40,0.0,0.0,9,0.0,0.0,0.0,0.0,0.07505862284700406
deletion,0.0,0.7,,overlap,0.1,0.5,43,11,False,0.10537814350871298,0.1219047199596058,0.0,0.46938775510204084,0.4631578947368421,False,True,0,0,1.0,2,36,0.05263157894736842,0.18181818181818182,11,0.0,0.0,0.0,0.0,0.09247849931397452
deletion,0.0,0.7,,overlap,0.1,0.5,43,12,False,0.10176088035880745,0.11415581269697708,0.0,0.4807692307692308,0.45454545454545453,False,True,0,0,1.0,2,37,0.05128205128205128,0.15384615384615385,13,0.0,0.0,0.0,0.0,0.05701464581960349
deletion,0.0,0.7,,overlap,0.1,0.5,43,13,False,0.09555142949987483,0.10484762875350205,0.0,0.4909090909090909,0.44761904761904764,False,True,0,0,1.0,2,43,0.044444444444444446,0.2,15,0.0,0.0,0.0,0.0,0.06838833740439516
deletion,0.0,0.7,,overlap,0.1,0.5,43,14,False,0.09666357212490613,0.10363572156512654,0.0,0.5087719298245614,0.4351851851851852,False,True,0,0,1.0,1,41,0.023809523809523808,0.25,16,0.0,0.0,0.0,0.0,0.10292038863233688
deletion,0.0,0.7,,overlap,0.1,0.5,43,15,False,0.10374767909367959,0.1089767911738449,0.0,0.5254237288135594,0.41228070175438597,False,True,0,0,1.0,3,40,0.06976744186046512,0.21052631578947367,19,0.0,0.0,0.0,0.0,0.10296478212318108
deletion,0.0,0.7,,overlap,0.1,0.5,43,16,False,0.10412654879394391,0.10804838285406788,0.0,0.5454545454545454,0.4016393442622951,False,True,0,0,1.0,3,33,0.08333333333333333,0.3,22,0.0,0.0,0.0,0.0,0.15507414474931858
deletion,0.0,0.7,,overlap,0.1,0.5,43,17,False,0.11559491159545791,0.11853628714055092,0.0,0.5428571428571428,0.3984375,False,True,0,0,1.0,3,39,0.07142857142857142,0.35,25,0.0,0.0,0.0,0.0,0.12063475086791275
deletion,0.0,0.7,,overlap,0.1,0.5,43,18,False,0.13044618369659344,0.1326522153554132,0.0,0.5492957746478874,0.38345864661654133,False,True,0,0,1.0,2,40,0.047619047619047616,0.4,27,0.0,0.0,0.0,0.0,0.1291155500865092
deletion,0.0,0.7,,overlap,0.1,0.5,43,19,False,0.1478346377724451,0.1494891615165599,0.0,0.5733333333333334,0.3695652173913043,False,True,0,0,1.0,2,35,0.05405405405405406,0.4,29,0.0,0.0,0.0,0.0,0.10259980452429987
deletion,0.0,0.7,,overlap,0.1,0.5,43,20,False,0.1608759783293338,0.1621168711374199,0.0,0.5657894736842105,0.36619718309859156,False,True,0,0,1.0,2,40,0.047619047619047616,0.4,31,0.0,0.0,0.0,0.0,0.14716491843383758
deletion,0.0,0.7,,overlap,0.1,0.5,43,21,False,0.1706569837470004,0.17158765335306492,0.0,0.5802469135802469,0.35570469798657717,False,True,0,0,1.0,3,37,0.075,0.35,34,0.0,0.0,0.0,0.0,0.13448112977815171
deletion,0.0,0.7,,overlap,0.1,0.5,43,22,False,0.1717427378102503,0.1724407400147987,0.0,0.5802469135802469,0.3509933774834437,False,True,0,0,1.0,0,37,0.0,0.35,34,0.0,0.0,0.0,0.0,0.10747062224559245
deletion,0.0,0.7,,overlap,0.1,0.5,43,23,False,0.1725570533576877,0.17308055501109904,0.0,0.5903614457831325,0.3464052287581699,False,True,0,0,1.0,0,48,0.0,0.35,34,0.0,0.0,0.0,0.0,0.05322302107032192
deletion,0.0,0.7,,overlap,0.1,0.5,43,24,False,0.17316779001826577,0.1735604162583243,0.0,0.6022727272727273,0.3375,False,True,0,0,1.0,1,36,0.02702702702702703,0.35,35,0.0,0.0,0.0,0.0,0.06946244903716899
deletion,0.0,0.7,,overlap,0.1,0.5,43,25,False,0.17362584251369934,0.1739203121937432,0.0,0.6111111111111112,0.3353658536585366,False,True,0,0,1.0,2,43,0.044444444444444446,0.35,37,0.0,0.0,0.0,0.0,0.10281484271930137
deletion,0.0,0.7,,overlap,0.1,0.5,43,26,False,0.17396938188527453,0.17419023414530743,0.0,0.6210526315789474,0.32748538011695905,False,True,0,0,1.0,0,35,0.0,0.35,37,0.0,0.0,0.0,0.0,0.10123648471671862
deletion,0.0,0.7,,overlap,0.1,0.5,43,27,False,0.1742270364139559,0.17439267560898059,0.0,0.6262626262626263,0.327683615819209,False,True,0,0,1.0,0,32,0.0,0.35,37,0.0,0.0,0.0,0.0,0.09226094298345203
deletion,0.0,0.7,,overlap,0.1,0.5,43,28,False,0.17442027731046691,0.17454450670673544,0.0,0.6372549019607843,0.32222222222222224,False,True,0,0,1.0,1,41,0.023809523809523808,0.4,38,0.0,0.0,0.0,0.0,0.06168083957711266
deletion,0.0,0.7,,overlap,0.1,0.5,43,29,False,0.18081520798285017,0.18090838003005155,0.0,0.6285714285714286,0.32432432432432434,False,True,0,0,1.0,1,38,0.02564102564102564,0.45,39,0.0,0.0,0.0,0.0,0.0834428385540127
deletion,0.0,0.7,,overlap,0.1,0.5,43,30,False,0.1918614059871376,0.19193128502253867,0.0,0.6388888888888888,0.3191489361702128,False,True,0,0,1.0,4,35,0.10256410256410256,0.45,43,0.0,0.0,0.0,0.0,0.10668107336674496
deletion,0.0,0.7,,overlap,0.1,0.5,43,31,False,0.20014605449035322,0.200198463766904,0.0,0.6434782608695652,0.3147208121827411,False,True,0,0,1.0,1,37,0.02631578947368421,0.4,44,0.0,0.0,0.0,0.0,0.08241927257414919
deletion,0.0,0.7,,overlap,0.1,0.5,43,32,False,0.20010954086776492,0.200148847825178,0.0,0.6475409836065574,0.3155339805825243,False,True,0,0,1.0,3,32,0.08571428571428572,0.4,47,0.0,0.0,0.0,0.0,0.11894883207117608
deletion,0.0,0.7,,overlap,0.1,0.5,43,33,False,0.20008215565082368,0.20011163586888348,0.0,0.6328125,0.32547169811320753,False,True,0,0,1.0,3,42,0.06666666666666667,0.45,50,0.0,0.0,0.0,0.0,0.0932005304458238
deletion,0.0,0.7,,overlap,0.1,0.5,43,34,False,0.20631161673811776,0.2063337269016626,0.0,0.6390977443609023,0.3211009174311927,False,True,0,0,1.0,2,42,0.045454545454545456,0.4,52,0.0,0.0,0.0,0.0,0.10398175610229984
deletion,0.0,0.7,,overlap,0.1,0.5,43,35,False,0.20473371255358833,0.20475029517624693,0.0,0.6304347826086957,0.32599118942731276,False,True,0,0,1.0,2,35,0.05405405405405406,0.45,54,0.0,0.0,0.0,0.0,0.0731693311681055
deletion,0.0,0.7,,overlap,0.1,0.5,43,36,False,0.20980028441519122,0.20981272138218518,0.0,0.6408450704225352,0.3203463203463203,False,True,0,0,1.0,1,36,0.02702702702702703,0.45,55,0.0,0.0,0.0,0.0,0.10616197360231239
deletion,0.0,0.7,,overlap,0.1,0.5,43,37,False,0.21360021331139342,0.21360954103663887,0.0,0.6394557823129252,0.32217573221757323,False,True,0,0,1.0,1,36,0.02702702702702703,0.45,56,0.0,0.0,0.0,0.0,0.09220104495576478
deletion,0.0,0.7,,overlap,0.1,0.5,43,38,False,0.21645015998354505,0.21645715577747915,0.0,0.6346153846153846,0.3253012048192771,False,True,0,0,1.0,3,29,0.09375,0.35,59,0.0,0.0,0.0,0.0,0.08523951290610726
deletion,0.0,0.7,,overlap,0.1,0.5,43,39,False,0.20608761998765882,0.20609286683310934,0.0,0.6392405063291139,0.3228346456692913,False,True,0,0,1.0,1,40,0.024390243902439025,0.3,60,0.0,0.0,0.0,0.0,0.08985250263063568
deletion,0.0,0.7,,overlap,0.1,0.5,44,0,False,0.0,0.0,0.0,0.0,1.0,False,True,0,0,0.0,0,0,0.0,0.0,0,0.0,0.0,0.0,0.0,0.0
deletion,0.0,0.7,,overlap,0.1,0.5,44,1,False,0.0,0.0,0.3,0.3,0.72,False,True,0,0,0.2,0,44,0.0,0.0,0,0.0,0.0,0.0,0.0,0.0
deletion,0.0,0.7,,overlap,0.1,0.5,44,2,False,0.075,0.075,0.35714285714285715,0.35714285714285715,0.6896551724137931,False,True,0,0,0.3,1,43,0.022727272727272728,0.0,1,0.0,0.0,0.0,0.0,0.08403499999999997
deletion,0.0,0.7,,overlap,0.1,0.5,44,3,False,0.13278061224489796,0.14553571428571427,0.5,0.5,0.5675675675675675,False,True,0,0,0.3,1,36,0.02702702702702703,0.5,2,0.0,0.0,0.0,0.0,0.07443700249999997
deletion,0.0,0.7,,overlap,0.1,0.5,44,4,False,0.22458545918367342,0.2341517857142857,0.45,0.5,0.5581395348837209,False,True,0,0,0.5,0,33,0.0,0.5,2,0.0,0.0,0.0,0.0,0.18350043449999998
deletion,0.0,0.7,,overlap,0.1,0.5,44,5,False,0.2836176658163265,0.2943638392857143,0.4,0.5384615384615384,0.5208333333333334,False,True,0,0,0.5,2,37,0.05128205128205128,0.5,4,0.0,0.0,0.0,0.0,0.14673750923299997
deletion,0.0,0.7,,overlap,0.1,0.5,44,6,False,0.31807039221938777,0.33327287946428574,0.3,0.5625,0.5,False,True,0,0,0.6,1,36,0.02702702702702703,0.4,5,0.0,0.0,0.0,0.0,0.10063348051304896
deletion,0.0,0.7,,overlap,0.1,0.5,44,7,False,0.32069565130739797,0.3374546595982143,0.25,0.5675675675675675,0.47540983606557374,False,True,0,0,0.6,1,36,0.02702702702702703,0.5,6,0.0,0.0,0.0,0.0,0.1367314757437768
deletion,0.0,0.7,,overlap,0.1,0.5,44,8,False,0.32087888133769127,0.3468409946986607,0.2,0.5952380952380952,0.44776119402985076,False,True,0,0,0.7,2,44,0.043478260869565216,0.5,8,0.0,0.0,0.0,0.0,0.140093195473944
deletion,0.0,0.7,,overlap,0.1,0.5,44,9,False,0.31744487528898274,0.3476307460239956,0.2,0.6136363636363636,0.43661971830985913,False,True,0,0,0.7,0,44,0.0,0.5,8,0.0,0.0,0.0,0.0,0.12638851053070768
deletion,0.0,0.7,,overlap,0.1,0.5,44,10,False,0.31486937075245136,0.3482230595179967,0.2,0.6382978723404256,0.3974358974358974,False,True,0,0,0.7,1,42,0.023255813953488372,0.5555555555555556,9,0.0,0.0,0.0,0.0,0.13342291873673343
deletion,0.0,0.7,,overlap,0.1,0.5,44,11,False,0.3178980598103703,0.35561173908294197,0.2,0.6730769230769231,0.38095238095238093,False,True,0,0,0.9,0,37,0.0,0.5555555555555556,9,0.0,0.0,0.0,0.0,0.14692511059350388
deletion,0.0,0.7,,overlap,0.1,0.5,44,12,False,0.3328679893022221,0.3611532487566509,0.1,0.6607142857142857,0.37362637362637363,False,True,0,0,0.9,1,40,0.024390243902439025,0.6,10,0.0,0.0,0.0,0.0,0.11032097798915752
deletion,0.0,0.7,,overlap,0.1,0.5,44,13,False,0.3371509919766666,0.35836493656748813,0.1,0.6724137931034483,0.35789473684210527,False,True,0,0,1.0,1,38,0.02564102564102564,0.5454545454545454,11,0.0,0.0,0.0,0.0,0.11952987897119415
deletion,0.0,0.7,,overlap,0.1,0.5,44,14,False,0.3335450621643181,0.3494555206074343,0.05,0.6875,0.33980582524271846,False,True,0,0,1.0,3,28,0.0967741935483871,0.42857142857142855,14,0.0,0.0,0.0,0.0,0.11562392858223292
deletion,0.0,0.7,,overlap,0.1,0.5,44,15,False,0.30998022519466717,0.3219130690270043,0.05,0.7058823529411765,0.32407407407407407,False,True,0,0,1.0,1,41,0.023809523809523808,0.4,15,0.0,0.0,0.0,0.0,0.11396084149030532
deletion,0.0,0.7,,overlap,0.1,0.5,44,16,False,0.28873516889600037,0.29768480177025325,0.0,0.6986301369863014,0.33043478260869563,False,True,0,0,1.0,3,34,0.08108108108108109,0.3888888888888889,18,0.0,0.0,0.0,0.0,0.12049583494031317
deletion,0.0,0.7,,overlap,0.1,0.5,44,17,False,0.2651624877831114,0.27187471243880107,0.0,0.7066666666666667,0.325,False,True,0,0,1.0,3,39,0.07142857142857142,0.35,21,0.0,0.0,0.0,0.0,0.0746287937666216
deletion,0.0,0.7,,overlap,0.1,0.5,44,18,False,0.24262186583733358,0.24765603432910083,0.0,0.7037037037037037,0.3178294573643411,False,True,0,0,1.0,2,34,0.05555555555555555,0.25,23,0.0,0.0,0.0,0.0,0.07786700273647842
deletion,0.0,0.7,,overlap,0.1,0.5,44,19,False,0.21321639937800016,0.21699202574682563,0.0,0.7011494252873564,0.32116788321167883,False,True,0,0,1.0,2,34,0.05555555555555555,0.25,25,0.0,0.0,0.0,0.0,0.08340125045591884
deletion,0.0,0.7,,overlap,0.1,0.5,44,20,False,0.1911622995335001,0.19399401931011923,0.0,0.7065217391304348,0.3150684931506849,False,True,0,0,1.0,0,37,0.0,0.25,25,0.0,0.0,0.0,0.0,0.09327143040742282
deletion,0.0,0.7,,overlap,0.1,0.5,44,21,False,0.1746217246501251,0.1767455144825894,0.0,0.7127659574468085,0.3026315789473684,False,True,0,0,1.0,1,38,0.02564102564102564,0.25,26,0.0,0.0,0.0,0.0,0.09489082779608263
deletion,0.0,0.7,,overlap,0.1,0.5,44,22,False,0.16221629348759384,0.16380913586194207,0.0,0.7216494845360825,0.2967741935483871,False,True,0,0,1.0,1,39,0.025,0.2,27,0.0,0.0,0.0,0.0,0.11342687917454988
deletion,0.0,0.7,,overlap,0.1,0.5,44,23,False,0.14666222011569535,0.14785685189645656,0.0,0.7070707070707071,0.30434782608695654,False,True,0,0,1.0,1,39,0.025,0.2,28,0.0,0.0,0.0,0.0,0.0952307536102932
deletion,0.0,0.7,,overlap,0.1,0.5,44,24,False,0.13499666508677152,0.1358926389223424,0.0,0.7019230769230769,0.30538922155688625,False,True,0,0,1.0,3,36,0.07692307692307693,0.15,31,0.0,0.0,0.0,0.0,0.11476608456825718
deletion,0.0,0.7,,overlap,0.1,0.5,44,25,False,0.11999749881507864,0.12066947919175681,0.0,0.7102803738317757,0.2982456140350877,False,True,0,0,1.0,3,41,0.06818181818181818,0.2,34,0.0,0.0,0.0,0.0,0.07723000221596357
deletion,0.0,0.7,,overlap,0.1,0.5,44,26,False,0.11499812411130897,0.11550210939381761,0.0,0.7142857142857143,0.29444444444444445,False,True,0,0,1.0,3,37,0.075,0.2,37,0.0,0.0,0.0,0.0,0.11612077025319037
deletion,0.0,0.7,,overlap,0.1,0.5,44,27,False,0.11124859308348174,0.11162658204536322,0.0,0.7008547008547008,0.2994652406417112,False,True,0,0,1.0,2,35,0.05405405405405406,0.2,39,0.0,0.0,0.0,0.0,0.09883524640334837
deletion,0.0,0.7,,overlap,0.1,0.5,44,28,False,0.10843644481261129,0.1087199365340224,0.0,0.7,0.296875,False,True,0,0,1.0,2,30,0.0625,0.3,41,0.0,0.0,0.0,0.0,0.10598572151345924
deletion,0.0,0.7,,overlap,0.1,0.5,44,29,False,0.11882733360945848,0.11903995240051679,0.0,0.6935483870967742,0.30303030303030304,False,True,0,0,1.0,1,47,0.020833333333333332,0.3,42,0.0,0.0,0.0,0.0,0.11662528216057548
deletion,0.0,0.7,,overlap,0.1,0.5,44,30,False,0.12662050020709387,0.1267799643003876,0.0,0.696,0.30198019801980197,False,True,0,0,1.0,0,47,0.0,0.3,42,0.0,0.0,0.0,0.0,0.0907067705148107
deletion,0.0,0.7,,overlap,0.1,0.5,44,31,False,0.1324653751553204,0.1325849732252907,0.0,0.6976744186046512,0.3014354066985646,False,True,0,0,1.0,1,39,0.025,0.35,43,0.0,0.0,0.0,0.0,0.14174798786851797
deletion,0.0,0.7,,overlap,0.1,0.5,44,32,False,0.14309903136649033,0.14318872991896803,0.0,0.7111111111111111,0.29767441860465116,False,True,0,0,1.0,1,35,0.027777777777777776,0.35,44,0.0,0.0,0.0,0.0,0.14516236581946343
deletion,0.0,0.7,,overlap,0.1,0.5,44,33,False,0.15107427352486774,0.15114154743922603,0.0,0.708029197080292,0.2968036529680365,False,True,0,0,1.0,8,35,0.18604651162790697,0.25,52,0.0,0.0,0.0,0.0,0.21198605410361493
deletion,0.0,0.7,,overlap,0.1,0.5,44,34,False,0.1445557051436508,0.14460616057941952,0.0,0.7183098591549296,0.29333333333333333,False,True,0,0,1.0,4,36,0.1,0.25,56,0.0,0.0,0.0,0.0,0.12899950981534217
deletion,0.0,0.7,,overlap,0.1,0.5,44,35,False,0.1396667788577381,0.13970462043456464,0.0,0.7,0.3034188034188034,False,True,0,0,1.0,1,40,0.024390243902439025,0.25,57,0.0,0.0,0.0,0.0,0.08200772881586313
deletion,0.0,0.7,,overlap,0.1,0.5,44,36,False,0.13600008414330358,0.13602846532592347,0.0,0.7019867549668874,0.301255230125523,False,True,0,0,1.0,3,37,0.075,0.15,60,0.0,0.0,0.0,0.0,0.07745957936296852
deletion,0.0,0.7,,overlap,0.1,0.5,44,37,False,0.12075006310747768,0.1207713489944426,0.0,0.7096774193548387,0.29508196721311475,False,True,0,0,1.0,0,40,0.0,0.15,60,0.0,0.0,0.0,0.0,0.05627860818724301
deletion,0.0,0.7,,overlap,0.1,0.5,44,38,False,0.10931254733060827,0.10932851174583195,0.0,0.7151898734177216,0.296,False,True,0,0,1.0,0,43,0.0,0.15,60,0.0,0.0,0.0,0.0,0.10018750112657963
deletion,0.0,0.7,,overlap,0.1,0.5,44,39,False,0.1007344104979562,0.10074638380937397,0.0,0.7116564417177914,0.296875,False,True,0,0,1.0,1,39,0.025,0.15,61,0.0,0.0,0.0,0.0,0.08134349117744603
deletion,0.0,0.7,,overlap,0.1,0.5,45,0,False,0.0,0.0,0.0,0.0,1.0,False,True,0,0,0.2,0,0,0.0,0.0,0,0.0,0.0,0.0,0.0,0.0
deletion,0.0,0.7,,overlap,0.1,0.5,45,1,False,0.0,0.0,0.35294117647058826,0.35294117647058826,0.8064516129032258,False,True,0,0,0.2,0,41,0.0,0.0,0,0.0,0.0,0.0,0.0,0.16451749999999998
deletion,0.0,0.7,,overlap,0.1,0.5,45,2,False,0.08823529411764706,0.08823529411764706,0.3888888888888889,0.3888888888888889,0.7575757575757576,False,True,0,0,0.4,0,46,0.0,0.0,0,0.0,0.0,0.0,0.0,0.06496831685749997
deletion,0.0,0.7,,overlap,0.1,0.5,45,3,False,0.16339869281045752,0.16339869281045752,0.45,0.47619047619047616,0.6756756756756757,False,True,0,0,0.5,2,41,0.046511627906976744,1.0,2,0.0,0.0,0.0,0.0,0.04576640000712
deletion,0.0,0.7,,overlap,0.1,0.5,45,4,False,0.26451330532212886,0.30379901960784317,0.45,0.5217391304347826,0.6097560975609756,False,True,0,0,0.7,0,35,0.0,1.0,2,0.0,0.0,0.0,0.0,0.1075407765607603
deletion,0.0,0.7,,overlap,0.1,0.5,45,5,False,0.3599921218487395,0.40909926470588237,0.45,0.5217391304347826,0.5952380952380952,False,True,0,0,0.8,1,41,0.023809523809523808,0.6666666666666666,3,0.0,0.0,0.0,0.0,0.1943841732609513
deletion,0.0,0.7,,overlap,0.1,0.5,45,6,False,0.40570837710084034,0.4464077818627451,0.4,0.5384615384615384,0.5416666666666666,False,True,0,0,0.9,1,39,0.025,0.5,4,0.0,0.0,0.0,0.0,0.16802337646629734
deletion,0.0,0.7,,overlap,0.1,0.5,45,7,False,0.4149955685399159,0.44730583639705884,0.35,0.5517241379310345,0.5192307692307693,False,True,0,0,1.0,3,42,0.06666666666666667,0.42857142857142855,7,0.0,0.0,0.0,0.0,0.13505909053443896
deletion,0.0,0.7,,overlap,0.1,0.5,45,8,False,0.40856810497636553,0.4328008058692227,0.3,0.5625,0.49122807017543857,False,True,0,0,1.0,0,44,0.0,0.42857142857142855,7,0.0,0.0,0.0,0.0,0.1142963332118908
deletion,0.0,0.7,,overlap,0.1,0.5,45,9,False,0.3974975073037027,0.4156720329733456,0.35,0.6,0.4444444444444444,False,True,0,0,1.0,0,37,0.0,0.42857142857142855,7,0.0,0.0,0.0,0.0,0.08434610856180365
deletion,0.0,0.7,,overlap,0.1,0.5,45,10,False,0.3954445590492056,0.40907545330143774,0.3,0.6341463414634146,0.42028985507246375,False,True,0,0,1.0,1,41,0.023809523809523808,0.375,8,0.0,0.0,0.0,0.0,0.10229910760225061
deletion,0.0,0.7,,overlap,0.1,0.5,45,11,False,0.38095841928690416,0.3911815899760783,0.3,0.6444444444444445,0.410958904109589,False,True,0,0,1.0,0,40,0.0,0.375,8,0.0,0.0,0.0,0.0,0.0929778054075037
deletion,0.0,0.7,,overlap,0.1,0.5,45,12,False,0.37009381446517814,0.37776119248205875,0.3,0.6666666666666666,0.38961038961038963,False,True,0,0,1.0,0,46,0.0,0.375,8,0.0,0.0,0.0,0.0,0.09961325834799259
deletion,0.0,0.7,,overlap,0.1,0.5,45,13,False,0.3619453608488836,0.36769589436154404,0.3,0.6862745098039216,0.3780487804878049,False,True,0,0,1.0,3,35,0.07894736842105263,0.5454545454545454,11,0.0,0.0,0.0,0.0,0.15929444572725712
deletion,0.0,0.7,,overlap,0.1,0.5,45,14,False,0.3771408388184809,0.3814537389529762,0.3,0.7037037037037037,0.375,False,True,0,0,1.0,1,38,0.02564102564102564,0.5833333333333334,12,0.0,0.0,0.0,0.0,0.1455426832230767
deletion,0.0,0.7,,overlap,0.1,0.5,45,15,False,0.3932722957805273,0.3965069708813988,0.25,0.7017543859649122,0.3617021276595745,False,True,0,0,1.0,3,46,0.061224489795918366,0.5333333333333333,15,0.0,0.0,0.0,0.0,0.17557090525912794
deletion,0.0,0.7,,overlap,0.1,0.5,45,16,False,0.3928708885020621,0.39529689482771574,0.25,0.7068965517241379,0.3541666666666667,False,True,0,0,1.0,1,49,0.02,0.5,16,0.0,0.0,0.0,0.0,0.10457653591481364
deletion,0.0,0.7,,overlap,0.1,0.5,45,17,False,0.3884031663765466,0.3902226711207868,0.2,0.7096774193548387,0.35,False,True,0,0,1.0,2,41,0.046511627906976744,0.4444444444444444,18,0.0,0.0,0.0,0.0,0.10795011825564868
deletion,0.0,0.7,,overlap,0.1,0.5,45,18,False,0.3718579303379655,0.37322255889614564,0.15,0.7121212121212122,0.34615384615384615,False,True,0,0,1.0,0,44,0.0,0.4444444444444444,18,0.0,0.0,0.0,0.0,0.07243543407284285
deletion,0.0,0.7,,overlap,0.1,0.5,45,19,False,0.35319900330902965,0.3542224747276648,0.05,0.704225352112676,0.35135135135135137,False,True,0,0,1.0,3,34,0.08108108108108109,0.45,21,0.0,0.0,0.0,0.0,0.15855296125008028
deletion,0.0,0.7,,overlap,0.1,0.5,45,20,False,0.32739925248177226,0.32816685604574863,0.05,0.7162162162162162,0.33620689655172414,False,True,0,0,1.0,1,40,0.024390243902439025,0.4,22,0.0,0.0,0.0,0.0,0.08224452157802656
deletion,0.0,0.7,,overlap,0.1,0.5,45,21,False,0.3017994393613292,0.3023751420343115,0.05,0.7272727272727273,0.3277310924369748,False,True,0,0,1.0,2,38,0.05,0.5,24,0.0,0.0,0.0,0.0,0.16534370632576736
deletion,0.0,0.7,,overlap,0.1,0.5,45,22,False,0.2950995795209969,0.2955313565257336,0.05,0.7341772151898734,0.3252032520325203,False,True,0,0,1.0,2,40,0.047619047619047616,0.45,26,0.0,0.0,0.0,0.0,0.08869894888620185
deletion,0.0,0.7,,overlap,0.1,0.5,45,23,False,0.28382468464074767,0.2841485173943002,0.05,0.7439024390243902,0.31496062992125984,False,True,0,0,1.0,2,41,0.046511627906976744,0.45,28,0.0,0.0,0.0,0.0,0.08697945530680713
deletion,0.0,0.7,,overlap,0.1,0.5,45,24,False,0.27536851348056074,0.27561138804572516,0.05,0.7386363636363636,0.31343283582089554,False,True,0,0,1.0,2,34,0.05555555555555555,0.4,30,0.0,0.0,0.0,0.0,0.12568579297345475
deletion,0.0,0.7,,overlap,0.1,0.5,45,25,False,0.2627763851104206,0.2629585410342939,0.05,0.7311827956989247,0.3146853146853147,False,True,0,0,1.0,1,34,0.02857142857142857,0.35,31,0.0,0.0,0.0,0.0,0.08298384962711759
deletion,0.0,0.7,,overlap,0.1,0.5,45,26,False,0.24708228883281544,0.24721890577572042,0.05,0.7319587628865979,0.31125827814569534,False,True,0,0,1.0,3,37,0.075,0.35,34,0.0,0.0,0.0,0.0,0.1086192836289058
deletion,0.0,0.7,,overlap,0.1,0.5,45,27,False,0.23531171662461156,0.23541417933179032,0.05,0.7346938775510204,0.3096774193548387,False,True,0,0,1.0,0,45,0.0,0.35,34,0.0,0.0,0.0,0.0,0.11871601158732654
deletion,0.0,0.7,,overlap,0.1,0.5,45,28,False,0.22648378746845868,0.22656063449884273,0.0,0.7352941176470589,0.30625,False,True,0,0,1.0,2,36,0.05263157894736842,0.45,36,0.0,0.0,0.0,0.0,0.1200545186839
deletion,0.0,0.7,,overlap,0.1,0.5,45,29,False,0.22611284060134398,0.22617047587413205,0.0,0.7307692307692307,0.30538922155688625,False,True,0,0,1.0,1,40,0.024390243902439025,0.45,37,0.0,0.0,0.0,0.0,0.1045496453552411
deletion,0.0,0.7,,overlap,0.1,0.5,45,30,False,0.225834630451008,0.22587785690559903,0.0,0.7358490566037735,0.29651162790697677,False,True,0,0,1.0,2,40,0.047619047619047616,0.5,39,0.0,0.0,0.0,0.0,0.09647640623117382
deletion,0.0,0.7,,overlap,0.1,0.5,45,31,False,0.231875972838256,0.23190839267919927,0.0,0.7431192660550459,0.2905027932960894,False,True,0,0,1.0,4,40,0.09090909090909091,0.55,43,0.0,0.0,0.0,0.0,0.10556571068071427
deletion,0.0,0.7,,overlap,0.1,0.5,45,32,False,0.242656979628692,0.24268129450939946,0.0,0.7387387387387387,0.28804347826086957,False,True,0,0,1.0,5,42,0.10638297872340426,0.55,48,0.0,0.0,0.0,0.0,0.11152929959262647
deletion,0.0,0.7,,overlap,0.1,0.5,45,33,False,0.25074273472151903,0.2507609708820496,0.0,0.7456140350877193,0.28272251308900526,False,True,0,0,1.0,1,38,0.02564102564102564,0.55,49,0.0,0.0,0.0,0.0,0.12760787025695414
deletion,0.0,0.7,,overlap,0.1,0.5,45,34,False,0.25680705104113927,0.2568207281615372,0.0,0.75,0.27692307692307694,False,True,0,0,1.0,4,40,0.09090909090909091,0.45,53,0.0,0.0,0.0,0.0,0.0961659192629715
deletion,0.0,0.7,,overlap,0.1,0.5,45,35,False,0.24885528828085443,0.24886554612115291,0.0,0.7521367521367521,0.27638190954773867,False,True,0,0,1.0,1,41,0.023809523809523808,0.45,54,0.0,0.0,0.0,0.0,0.08879884506498689
deletion,0.0,0.7,,overlap,0.1,0.5,45,36,False,0.2428914662106408,0.2428991595908647,0.0,0.7603305785123967,0.2696078431372549,False,True,0,0,1.0,3,38,0.07317073170731707,0.4,57,0.0,0.0,0.0,0.0,0.1207689277414417
deletion,0.0,0.7,,overlap,0.1,0.5,45,37,False,0.23216859965798062,0.23217436969314853,0.0,0.7401574803149606,0.27699530516431925,False,True,0,0,1.0,1,34,0.02857142857142857,0.4,58,0.0,0.0,0.0,0.0,0.0686629639345154
deletion,0.0,0.7,,overlap,0.1,0.5,45,38,False,0.22412644974348547,0.22413077726986141,0.0,0.7461538461538462,0.2706422018348624,False,True,0,0,1.0,2,42,0.045454545454545456,0.4,60,0.0,0.0,0.0,0.0,0.0830016394903297
deletion,0.0,0.7,,overlap,0.1,0.5,45,39,False,0.21809483730761411,0.21809808295239608,0.0,0.7443609022556391,0.2702702702702703,False,True,0,0,1.0,0,40,0.0,0.4,60,0.0,0.0,0.0,0.0,0.08332277088944948
deletion,0.0,0.7,,overlap,0.1,0.5,46,0,False,0.0,0.0,0.0,0.0,1.0,False,True,0,0,0.1,0,0,0.0,0.0,0,0.0,0.0,0.0,0.0,0.0
deletion,0.0,0.7,,overlap,0.1,0.5,46,1,False,0.0,0.0,0.2,0.2,0.8333333333333334,False,True,0,0,0.2,0,46,0.0,0.0,0,0.0,0.0,0.0,0.0,0.12004999999999996
deletion,0.0,0.7,,overlap,0.1,0.5,46,2,False,0.05,0.05,0.2857142857142857,0.2857142857142857,0.7666666666666667,False,True,0,0,0.3,1,39,0.025,1.0,1,0.0,0.0,0.0,0.0,0.05000082499999998
deletion,0.0,0.7,,overlap,0.1,0.5,46,3,False,0.13443877551020408,0.1982142857142857,0.3333333333333333,0.3333333333333333,0.7058823529411765,False,True,0,0,0.5,0,38,0.0,1.0,1,0.0,0.0,0.0,0.0,0.08952263962141499
deletion,0.0,0.7,,overlap,0.1,0.5,46,4,False,0.23178146258503401,0.31532738095238094,0.5,0.5238095238095238,0.5853658536585366,False,True,0,0,0.6,1,31,0.03125,0.5,2,0.0,0.0,0.0,0.0,0.18077349393185368
deletion,0.0,0.7,,overlap,0.1,0.5,46,5,False,0.2988360969387755,0.3614955357142857,0.5,0.5454545454545454,0.5581395348837209,False,True,0,0,0.7,2,44,0.043478260869565216,0.5,4,0.0,0.0,0.0,0.0,0.04278251620451204
deletion,0.0,0.7,,overlap,0.1,0.5,46,6,False,0.3491270727040816,0.3961216517857143,0.5,0.5833333333333334,0.5106382978723404,False,True,0,0,0.7,2,45,0.0425531914893617,0.3333333333333333,6,0.0,0.0,0.0,0.0,0.1304163761313972
deletion,0.0,0.7,,overlap,0.1,0.5,46,7,False,0.3719643521471088,0.4012579055059524,0.5,0.6,0.48,False,True,0,0,0.7,0,48,0.0,0.3333333333333333,6,0.0,0.0,0.0,0.0,0.06407716880079337
deletion,0.0,0.7,,overlap,0.1,0.5,46,8,False,0.38909231172937925,0.405110095796131,0.45,0.6071428571428571,0.46296296296296297,False,True,0,0,0.8,1,43,0.022727272727272728,0.42857142857142855,7,0.0,0.0,0.0,0.0,0.18366962693982655
deletion,0.0,0.7,,overlap,0.1,0.5,46,9,False,0.402405968490912,0.4136540004185268,0.35,0.6060606060606061,0.4426229508196721,False,True,0,0,0.9,3,37,0.075,0.5,10,0.0,0.0,0.0,0.0,0.17783376476671256
deletion,0.0,0.7,,overlap,0.1,0.5,46,10,False,0.40537590493961256,0.4164905003138951,0.35,0.6578947368421053,0.40298507462686567,False,True,0,0,1.0,3,38,0.07317073170731707,0.6153846153846154,13,0.0,0.0,0.0,0.0,0.18596346592918267
deletion,0.0,0.7,,overlap,0.1,0.5,46,11,False,0.4247050056277863,0.43304095215849825,0.3,0.6428571428571429,0.3972602739726027,False,True,0,0,1.0,1,40,0.024390243902439025,0.6428571428571429,14,0.0,0.0,0.0,0.0,0.14389288398848415
deletion,0.0,0.7,,overlap,0.1,0.5,46,12,False,0.43638589707798264,0.44263785697601654,0.3,0.6511627906976745,0.38961038961038963,False,True,0,0,1.0,2,41,0.046511627906976744,0.625,16,0.0,0.0,0.0,0.0,0.12273787368258571
deletion,0.0,0.7,,overlap,0.1,0.5,46,13,False,0.442914422808487,0.44760339273201244,0.35,0.6590909090909091,0.375,False,True,0,0,1.0,1,40,0.024390243902439025,0.5882352941176471,17,0.0,0.0,0.0,0.0,0.12931883821641516
deletion,0.0,0.7,,overlap,0.1,0.5,46,14,False,0.4494652288710711,0.4529819563137152,0.35,0.6739130434782609,0.35294117647058826,False,True,0,0,1.0,1,42,0.023255813953488372,0.6111111111111112,18,0.0,0.0,0.0,0.0,0.1001017468343148
deletion,0.0,0.7,,overlap,0.1,0.5,46,15,False,0.4572378105421922,0.4598753561241753,0.35,0.6875,0.34444444444444444,False,True,0,0,1.0,4,40,0.09090909090909091,0.65,22,0.0,0.0,0.0,0.0,0.13077976672415312
deletion,0.0,0.7,,overlap,0.1,0.5,46,16,False,0.46792835790664417,0.46990651709313147,0.35,0.6938775510204082,0.3368421052631579,False,True,0,0,1.0,4,46,0.08,0.65,26,0.0,0.0,0.0,0.0,0.11964725679033048
deletion,0.0,0.7,,overlap,0.1,0.5,46,17,False,0.47594626842998317,0.47742988781984863,0.3,0.6862745098039216,0.33,False,True,0,0,1.0,2,41,0.046511627906976744,0.65,28,0.0,0.0,0.0,0.0,0.12682860407277452
deletion,0.0,0.7,,overlap,0.1,0.5,46,18,False,0.47570970132248735,0.4768224158648865,0.2,0.660377358490566,0.33980582524271846,False,True,0,0,1.0,4,44,0.08333333333333333,0.65,32,0.0,0.0,0.0,0.0,0.14715317462194527
deletion,0.0,0.7,,overlap,0.1,0.5,46,19,False,0.4630322759918655,0.4638668118986649,0.15,0.6607142857142857,0.33636363636363636,False,True,0,0,1.0,2,41,0.046511627906976744,0.6,34,0.0,0.0,0.0,0.0,0.13012313481706644
deletion,0.0,0.7,,overlap,0.1,0.5,46,20,False,0.44102420699389916,0.4416501089239987,0.15,0.6779661016949152,0.3274336283185841,False,True,0,0,1.0,6,30,0.16666666666666666,0.65,40,0.0,0.0,0.0,0.0,0.11351781538853631
deletion,0.0,0.7,,overlap,0.1,0.5,46,21,False,0.4307681552454244,0.431237581692999,0.15,0.6833333333333333,0.3220338983050847,False,True,0,0,1.0,2,38,0.05,0.7,42,0.0,0.0,0.0,0.0,0.12915288059740004
deletion,0.0,0.7,,overlap,0.1,0.5,46,22,False,0.42932611643406826,0.42967818626974924,0.15,0.703125,0.312,False,True,0,0,1.0,5,37,0.11904761904761904,0.7,47,0.0,0.0,0.0,0.0,0.10956971930990214
deletion,0.0,0.7,,overlap,0.1,0.5,46,23,False,0.4282445873255512,0.42850863970231196,0.1,0.7014925373134329,0.31297709923664124,False,True,0,0,1.0,3,36,0.07692307692307693,0.75,50,0.0,0.0,0.0,0.0,0.11954088740952906
deletion,0.0,0.7,,overlap,0.1,0.5,46,24,False,0.42743344049416343,0.427631479776734,0.1,0.7101449275362319,0.29927007299270075,False,True,0,0,1.0,6,39,0.13333333333333333,0.8,56,0.0,0.0,0.0,0.0,0.1321129553133081
deletion,0.0,0.7,,overlap,0.1,0.5,46,25,False,0.4330750803706226,0.4332236098325505,0.1,0.7222222222222222,0.2916666666666667,False,True,0,0,1.0,6,38,0.13636363636363635,0.7,62,0.0,0.0,0.0,0.0,0.09165829291645741
deletion,0.0,0.7,,overlap,0.1,0.5,46,26,False,0.42480631027796684,0.4249177073744128,0.1,0.7236842105263158,0.29333333333333333,False,True,0,0,1.0,5,40,0.1111111111111111,0.85,67,0.0,0.0,0.0,0.0,0.12195183860133826
deletion,0.0,0.7,,overlap,0.1,0.5,46,27,False,0.4373547327084752,0.4374382805308096,0.1,0.7341772151898734,0.2838709677419355,False,True,0,0,1.0,3,37,0.075,0.8,70,0.0,0.0,0.0,0.0,0.13632144030530166
deletion,0.0,0.7,,overlap,0.1,0.5,46,28,False,0.44051604953135637,0.4405787103981072,0.05,0.7349397590361446,0.2839506172839506,False,True,0,0,1.0,1,36,0.02702702702702703,0.8,71,0.0,0.0,0.0,0.0,0.11721316530733512
deletion,0.0,0.7,,overlap,0.1,0.5,46,29,False,0.4366370371485173,0.4366840327985804,0.0,0.7303370786516854,0.28402366863905326,False,True,0,0,1.0,3,32,0.08571428571428572,0.8,74,0.0,0.0,0.0,0.0,0.17763644240040802
deletion,0.0,0.7,,overlap,0.1,0.5,46,30,False,0.42747777786138796,0.42751302459893537,0.0,0.7391304347826086,0.28,False,True,0,0,1.0,2,39,0.04878048780487805,0.8,76,0.0,0.0,0.0,0.0,0.08525819040554247
deletion,0.0,0.7,,overlap,0.1,0.5,46,31,False,0.420608333396041,0.42063476844920156,0.0,0.7446808510638298,0.2692307692307692,False,True,0,0,1.0,7,34,0.17073170731707318,0.75,83,0.0,0.0,0.0,0.0,0.09586876750257893
deletion,0.0,0.7,,overlap,0.1,0.5,46,32,False,0.40920625004703076,0.40922607633690117,0.0,0.7525773195876289,0.2708333333333333,False,True,0,0,1.0,4,36,0.1,0.65,87,0.0,0.0,0.0,0.0,0.11658925379322034
deletion,0.0,0.7,,overlap,0.1,0.5,46,33,False,0.3881546875352731,0.3881695572526759,0.0,0.7549019607843137,0.26903553299492383,False,True,0,0,1.0,3,44,0.06382978723404255,0.7,90,0.0,0.0,0.0,0.0,0.1235840001012534
deletion,0.0,0.7,,overlap,0.1,0.5,46,34,False,0.3786160156514548,0.3786271679395069,0.0,0.75,0.26732673267326734,False,True,0,0,1.0,2,38,0.05,0.65,92,0.0,0.0,0.0,0.0,0.11606048625007392
deletion,0.0,0.7,,overlap,0.1,0.5,46,35,False,0.3652120117385911,0.36522037595463014,0.0,0.7387387387387387,0.2714285714285714,False,True,0,0,1.0,1,39,0.025,0.6,93,0.0,0.0,0.0,0.0,0.09262152294400637
deletion,0.0,0.7,,overlap,0.1,0.5,46,36,False,0.3489090088039433,0.3489152819659726,0.0,0.7456140350877193,0.2651162790697674,False,True,0,0,1.0,4,34,0.10526315789473684,0.5,97,0.0,0.0,0.0,0.0,0.12254166904306014
deletion,0.0,0.7,,overlap,0.1,0.5,46,37,False,0.32418175660295745,0.32418646147447944,0.0,0.7478991596638656,0.2669683257918552,False,True,0,0,1.0,1,32,0.030303030303030304,0.5,98,0.0,0.0,0.0,0.0,0.08245284629030424
deletion,0.0,0.7,,overlap,0.1,0.5,46,38,False,0.3056363174522181,0.3056398461058596,0.0,0.7419354838709677,0.27074235807860264,False,True,0,0,1.0,2,40,0.047619047619047616,0.55,100,0.0,0.0,0.0,0.0,0.12822685353911045
deletion,0.0,0.7,,overlap,0.1,0.5,46,39,False,0.2979772380891636,0.2979798845793947,0.0,0.7480314960629921,0.26956521739130435,False,True,0,0,1.0,5,42,0.10638297872340426,0.55,105,0.0,0.0,0.0,0.0,0.13271329365249657
deletion,0.0,0.7,,overlap,0.1,0.5,47,0,False,0.0,0.0,0.0,0.0,1.0,False,True,0,0,0.1,0,0,0.0,0.0,0,0.0,0.0,0.0,0.0,0.0
deletion,0.0,0.7,,overlap,0.1,0.5,47,1,False,0.0,0.0,0.2857142857142857,0.2857142857142857,0.8148148148148148,False,True,0,0,0.2,1,37,0.02631578947368421,1.0,1,0.0,0.0,0.0,0.0,0.04117714999999998
deletion,0.0,0.7,,overlap,0.1,0.5,47,2,False,0.08418367346938774,0.1607142857142857,0.3157894736842105,0.3157894736842105,0.7647058823529411,False,True,0,0,0.2,0,37,0.0,1.0,1,0.0,0.0,0.0,0.0,0.37992222526017494
deletion,0.0,0.7,,overlap,0.1,0.5,47,3,False,0.1543031686358754,0.28500939849624063,0.35,0.38095238095238093,0.6585365853658537,False,True,0,0,0.2,1,36,0.02702702702702703,0.5,2,0.0,0.0,0.0,0.0,0.09077738646602078
deletion,0.0,0.7,,overlap,0.1,0.5,47,4,False,0.20590594790547798,0.32000704887218046,0.35,0.48,0.5714285714285714,False,True,0,0,0.3,0,38,0.0,0.5,2,0.0,0.0,0.0,0.0,0.015256955343344111
deletion,0.0,0.7,,overlap,0.1,0.5,47,5,False,0.2446080323576799,0.34625528665413535,0.35,0.5,0.56,False,True,0,0,0.3,0,44,0.0,0.5,2,0.0,0.0,0.0,0.0,0.007465355501555659
deletion,0.0,0.7,,overlap,0.1,0.5,47,6,False,0.27363459569683135,0.36594146499060154,0.3,0.5483870967741935,0.5178571428571429,False,True,0,0,0.4,0,39,0.0,0.5,2,0.0,0.0,0.0,0.0,0.11837360234607051
deletion,0.0,0.7,,overlap,0.1,0.5,47,7,False,0.28736880391548064,0.37445609874295116,0.25,0.5588235294117647,0.5081967213114754,False,True,0,0,0.4,2,43,0.044444444444444446,0.25,4,0.0,0.0,0.0,0.0,0.06522003529557187
deletion,0.0,0.7,,overlap,0.1,0.5,47,8,False,0.27802660293661047,0.3433420740572134,0.1,0.5384615384615384,0.5151515151515151,False,True,0,0,0.5,0,43,0.0,0.25,4,0.0,0.0,0.0,0.0,0.23352111624255273
deletion,0.0,0.7,,overlap,0.1,0.5,47,9,False,0.24155566648817217,0.30125655554291003,0.05,0.5476190476190477,0.4931506849315068,False,True,0,0,0.6,1,40,0.024390243902439025,0.4,5,0.0,0.0,0.0,0.0,0.06891232083784206
deletion,0.0,0.7,,overlap,0.1,0.5,47,10,False,0.21866674986612913,0.28219241665718253,0.0,0.5434782608695652,0.4810126582278481,False,True,0,0,0.6,2,40,0.047619047619047616,0.42857142857142855,7,0.0,0.0,0.0,0.0,0.19738875212499382
deletion,0.0,0.7,,overlap,0.1,0.5,47,11,False,0.19461230729755605,0.26521574106431545,0.0,0.5531914893617021,0.4588235294117647,False,True,0,0,0.7,3,46,0.061224489795918366,0.6,10,0.0,0.0,0.0,0.0,0.13298478542945594
deletion,0.0,0.7,,overlap,0.1,0.5,47,12,False,0.1995306590445956,0.2739118057982366,0.0,0.5714285714285714,0.43820224719101125,False,True,0,0,0.8,3,40,0.06976744186046512,0.5384615384615384,13,0.0,0.0,0.0,0.0,0.11737874491333947
deletion,0.0,0.7,,overlap,0.1,0.5,47,13,False,0.2073403019757544,0.27274154665636974,0.0,0.5686274509803921,0.41836734693877553,False,True,0,0,0.8,3,38,0.07317073170731707,0.625,16,0.0,0.0,0.0,0.0,0.11227838207172106
deletion,0.0,0.7,,overlap,0.1,0.5,47,14,False,0.2224695121961015,0.2826811599922773,0.0,0.5892857142857143,0.39622641509433965,False,True,0,0,0.8,5,34,0.1282051282051282,0.65,21,0.0,0.0,0.0,0.0,0.09815919211140466
deletion,0.0,0.7,,overlap,0.1,0.5,47,15,False,0.23649499128993326,0.293260869994208,0.0,0.5901639344262295,0.39285714285714285,False,True,0,0,1.0,0,41,0.0,0.65,21,0.0,0.0,0.0,0.0,0.11879714177048259
deletion,0.0,0.7,,overlap,0.1,0.5,47,16,False,0.25862124346744997,0.301195652495656,0.0,0.59375,0.3813559322033898,False,True,0,0,1.0,2,40,0.047619047619047616,0.7,23,0.0,0.0,0.0,0.0,0.13703058442626131
deletion,0.0,0.7,,overlap,0.1,0.5,47,17,False,0.28146593260058744,0.31339673937174195,0.0,0.5942028985507246,0.373015873015873,False,True,0,0,1.0,1,38,0.02564102564102564,0.7,24,0.0,0.0,0.0,0.0,0.09829190182006202
deletion,0.0,0.7,,overlap,0.1,0.5,47,18,False,0.2985994494504406,0.32254755452880646,0.0,0.6056338028169014,0.3671875,False,True,0,0,1.0,5,41,0.10869565217391304,0.75,29,0.0,0.0,0.0,0.0,0.07679921005871261
deletion,0.0,0.7,,overlap,0.1,0.5,47,19,False,0.31769958708783047,0.3356606658966048,0.0,0.6216216216216216,0.35074626865671643,False,True,0,0,1.0,3,37,0.075,0.85,32,0.0,0.0,0.0,0.0,0.07138993746305818
deletion,0.0,0.7,,overlap,0.1,0.5,47,20,False,0.34452469031587285,0.3579954994224536,0.0,0.625,0.34507042253521125,False,True,0,0,1.0,3,29,0.09375,0.75,35,0.0,0.0,0.0,0.0,0.07017614626340996
deletion,0.0,0.7,,overlap,0.1,0.5,47,21,False,0.35214351773690467,0.3622466245668402,0.0,0.6511627906976745,0.3333333333333333,False,True,0,0,1.0,1,38,0.02564102564102564,0.7,36,0.0,0.0,0.0,0.0,0.11080260102444513
deletion,0.0,0.7,,overlap,0.1,0.5,47,22,False,0.35160763830267844,0.35918496842513015,0.0,0.6590909090909091,0.33112582781456956,False,True,0,0,1.0,3,37,0.075,0.65,39,0.0,0.0,0.0,0.0,0.08430156566867866
deletion,0.0,0.7,,overlap,0.1,0.5,47,23,False,0.3449557287270088,0.35063872631884757,0.0,0.6630434782608695,0.3291139240506329,False,True,0,0,1.0,3,33,0.08333333333333333,0.7,42,0.0,0.0,0.0,0.0,0.08218556256678308
deletion,0.0,0.7,,overlap,0.1,0.5,47,24,False,0.3462167965452566,0.3504790447391357,0.0,0.6597938144329897,0.3313253012048193,False,True,0,0,1.0,0,38,0.0,0.7,42,0.0,0.0,0.0,0.0,0.09859599053517919
deletion,0.0,0.7,,overlap,0.1,0.5,47,25,False,0.34716259740894245,0.35035928355435175,0.0,0.67,0.31976744186046513,False,True,0,0,1.0,2,39,0.04878048780487805,0.75,44,0.0,0.0,0.0,0.0,0.07092607678783874
deletion,0.0,0.7,,overlap,0.1,0.5,47,26,False,0.3541219480567069,0.35651946266576384,0.0,0.6796116504854369,0.3128491620111732,False,True,0,0,1.0,1,39,0.025,0.7,45,0.0,0.0,0.0,0.0,0.052207418385433926
deletion,0.0,0.7,,overlap,0.1,0.5,47,27,False,0.35309146104253014,0.3548895969993229,0.0,0.6886792452830188,0.30601092896174864,False,True,0,0,1.0,5,41,0.10869565217391304,0.5,50,0.0,0.0,0.0,0.0,0.09808253369353799
deletion,0.0,0.7,,overlap,0.1,0.5,47,28,False,0.3273185957818976,0.32866719774949216,0.0,0.6909090909090909,0.30158730158730157,False,True,0,0,1.0,5,38,0.11627906976744186,0.45,55,0.0,0.0,0.0,0.0,0.1049099895299902
deletion,0.0,0.7,,overlap,0.1,0.5,47,29,False,0.30173894683642327,0.30275039831211914,0.0,0.6875,0.30569948186528495,False,True,0,0,1.0,2,37,0.05128205128205128,0.4,57,0.0,0.0,0.0,0.0,0.04656862251183909
deletion,0.0,0.7,,overlap,0.1,0.5,47,30,False,0.27630421012731743,0.27706279873408934,0.0,0.6869565217391305,0.30198019801980197,False,True,0,0,1.0,3,41,0.06818181818181818,0.35,60,0.0,0.0,0.0,0.0,0.1422367103040123
deletion,0.0,0.7,,overlap,0.1,0.5,47,31,False,0.2509781575954881,0.251547099050567,0.0,0.6833333333333333,0.3047619047619048,False,True,0,0,1.0,3,36,0.07692307692307693,0.3,63,0.0,0.0,0.0,0.0,0.11485361330401403
deletion,0.0,0.7,,overlap,0.1,0.5,47,32,False,0.22573361819661608,0.22616032428792524,0.0,0.688,0.2995391705069124,False,True,0,0,1.0,3,34,0.08108108108108109,0.4,66,0.0,0.0,0.0,0.0,0.10251211233674187
deletion,0.0,0.7,,overlap,0.1,0.5,47,33,False,0.21930021364746205,0.21962024321594392,0.0,0.6929133858267716,0.29545454545454547,False,True,0,0,1.0,6,42,0.125,0.35,72,0.0,0.0,0.0,0.0,0.09502887645264327
deletion,0.0,0.7,,overlap,0.1,0.5,47,34,False,0.20822516023559653,0.20846518241195794,0.0,0.6917293233082706,0.29646017699115046,False,True,0,0,1.0,0,40,0.0,0.35,72,0.0,0.0,0.0,0.0,0.038183931642328264
deletion,0.0,0.7,,overlap,0.1,0.5,47,35,False,0.1999188701766974,0.20009888680896848,0.0,0.6956521739130435,0.2948717948717949,False,True,0,0,1.0,0,38,0.0,0.35,72,0.0,0.0,0.0,0.0,0.03335104720161472
deletion,0.0,0.7,,overlap,0.1,0.5,47,36,False,0.19368915263252307,0.19382416510672634,0.0,0.6901408450704225,0.29707112970711297,False,True,0,0,1.0,0,40,0.0,0.35,72,0.0,0.0,0.0,0.0,0.04792979372304988
deletion,0.0,0.7,,overlap,0.1,0.5,47,37,False,0.18901686447439228,0.18911812383004478,0.0,0.6896551724137931,0.3008130081300813,False,True,0,0,1.0,5,36,0.12195121951219512,0.45,77,0.0,0.0,0.0,0.0,0.22745971256507644
deletion,0.0,0.7,,overlap,0.1,0.5,47,38,False,0.1980126483557942,0.19808859287253358,0.0,0.6891891891891891,0.29880478087649404,False,True,0,0,1.0,4,40,0.09090909090909091,0.5,81,0.0,0.0,0.0,0.0,0.08331532201286357
deletion,0.0,0.7,,overlap,0.1,0.5,47,39,False,0.21100948626684565,0.2110664446544002,0.0,0.6891891891891891,0.2964426877470356,False,True,0,0,1.0,2,43,0.044444444444444446,0.5,83,0.0,0.0,0.0,0.0,0.05756917848031655
deletion,0.0,0.7,,overlap,0.1,0.5,48,0,False,0.0,0.0,0.0,0.0,1.0,False,True,0,0,0.0,0,0,0.0,0.0,0,0.0,0.0,0.0,0.0,0.0
deletion,0.0,0.7,,overlap,0.1,0.5,48,1,False,0.0,0.0,0.2,0.2,0.9047619047619048,False,True,0,0,0.0,0,42,0.0,0.0,0,0.0,0.0,0.0,0.0,0.0
deletion,0.0,0.7,,overlap,0.1,0.5,48,2,False,0.05,0.05,0.3076923076923077,0.3076923076923077,0.8148148148148148,False,True,0,0,0.1,0,37,0.0,0.0,0,0.0,0.0,0.0,0.0,0.0
deletion,0.0,0.7,,overlap,0.1,0.5,48,3,False,0.11442307692307693,0.11442307692307693,0.4444444444444444,0.4444444444444444,0.6764705882352942,False,True,0,0,0.1,0,40,0.0,0.0,0,0.0,0.0,0.0,0.0,0.0
deletion,0.0,0.7,,overlap,0.1,0.5,48,4,False,0.1969284188034188,0.1969284188034188,0.45,0.5,0.631578947368421,False,True,0,0,0.2,0,40,0.0,0.0,0,0.0,0.0,0.0,0.0,0.0
deletion,0.0,0.7,,overlap,0.1,0.5,48,5,False,0.2601963141025641,0.2601963141025641,0.45,0.5,0.625,False,True,0,0,0.3,1,43,0.022727272727272728,0.0,1,0.0,0.0,0.0,0.0,0.014123762449999992
deletion,0.0,0.7,,overlap,0.1,0.5,48,6,False,0.2915758070054945,0.3076472355769231,0.45,0.5416666666666666,0.5434782608695652,False,True,0,0,0.4,3,37,0.075,0.0,4,0.0,0.0,0.0,0.0,0.4581819806657439
deletion,0.0,0.7,,overlap,0.1,0.5,48,7,False,0.30707471239697803,0.3432354266826923,0.45,0.5769230769230769,0.5102040816326531,False,True,0,0,0.4,0,47,0.0,0.0,4,0.0,0.0,0.0,0.0,0.10681497535654842
deletion,0.0,0.7,,overlap,0.1,0.5,48,8,False,0.31869889144059066,0.36992657001201923,0.45,0.6071428571428571,0.4807692307692308,False,True,0,0,0.4,1,43,0.022727272727272728,0.0,5,0.0,0.0,0.0,0.0,0.12398101562132911
deletion,0.0,0.7,,overlap,0.1,0.5,48,9,False,0.3274170257233001,0.3899449275090144,0.45,0.6333333333333333,0.45454545454545453,False,True,0,0,0.6,0,45,0.0,0.0,5,0.0,0.0,0.0,0.0,0.10442480080851749
deletion,0.0,0.7,,overlap,0.1,0.5,48,10,False,0.3178841978639037,0.4049586956317608,0.35,0.6060606060606061,0.4426229508196721,False,True,0,0,0.7,0,38,0.0,0.0,5,0.0,0.0,0.0,0.0,0.2216889533525368
deletion,0.0,0.7,,overlap,0.1,0.5,48,11,False,0.29466314839792773,0.3912190217238206,0.35,0.6388888888888888,0.40298507462686567,False,True,0,0,0.8,2,39,0.04878048780487805,0.14285714285714285,7,0.0,0.0,0.0,0.0,0.1021643552413097
deletion,0.0,0.7,,overlap,0.1,0.5,48,12,False,0.2863034837474254,0.3809142662928655,0.3,0.6410256410256411,0.3918918918918919,False,True,0,0,0.8,1,39,0.025,0.125,8,0.0,0.0,0.0,0.0,0.12921354305568128
deletion,0.0,0.7,,overlap,0.1,0.5,48,13,False,0.27097761281056904,0.36068569971964914,0.3,0.6744186046511628,0.3670886075949367,False,True,0,0,0.9,4,38,0.09523809523809523,0.08333333333333333,12,0.0,0.0,0.0,0.0,0.165033215467217
deletion,0.0,0.7,,overlap,0.1,0.5,48,14,False,0.25501892389364106,0.3455142747897369,0.3,0.6888888888888889,0.34523809523809523,False,True,0,0,0.9,1,44,0.022222222222222223,0.15384615384615385,13,0.0,0.0,0.0,0.0,0.13294544843554168
deletion,0.0,0.7,,overlap,0.1,0.5,48,15,False,0.2506048522608902,0.3341357060923027,0.3,0.6956521739130435,0.3333333333333333,False,True,0,0,0.9,1,42,0.023255813953488372,0.14285714285714285,14,0.0,0.0,0.0,0.0,0.1184089188993981
deletion,0.0,0.7,,overlap,0.1,0.5,48,16,False,0.24611690450179008,0.32560177956922703,0.15,0.6666666666666666,0.3402061855670103,False,True,0,0,0.9,0,40,0.0,0.14285714285714285,14,0.0,0.0,0.0,0.0,0.07600450888959624
deletion,0.0,0.7,,overlap,0.1,0.5,48,17,False,0.22132237225389356,0.28170133467692027,0.15,0.6851851851851852,0.32673267326732675,False,True,0,0,1.0,1,45,0.021739130434782608,0.2,15,0.0,0.0,0.0,0.0,0.05782079047586559
deletion,0.0,0.7,,overlap,0.1,0.5,48,18,False,0.20974177919042017,0.2550260010076902,0.15,0.6909090909090909,0.32075471698113206,False,True,0,0,1.0,4,38,0.09523809523809523,0.2631578947368421,19,0.0,0.0,0.0,0.0,0.14036490938939788
deletion,0.0,0.7,,overlap,0.1,0.5,48,19,False,0.20895107123492038,0.2429142375978729,0.15,0.7166666666666667,0.3008849557522124,False,True,0,0,1.0,4,30,0.11764705882352941,0.45,23,0.0,0.0,0.0,0.0,0.073213637480925
deletion,0.0,0.7,,overlap,0.1,0.5,48,20,False,0.2317133034261903,0.25718567819840465,0.0,0.6923076923076923,0.31666666666666665,False,True,0,0,1.0,3,38,0.07317073170731707,0.5,26,0.0,0.0,0.0,0.0,0.13532898345242814
deletion,0.0,0.7,,overlap,0.1,0.5,48,21,False,0.23628497756964273,0.25538925864880346,0.0,0.6805555555555556,0.3203125,False,True,0,0,1.0,0,35,0.0,0.5,26,0.0,0.0,0.0,0.0,0.0906642555263953
deletion,0.0,0.7,,overlap,0.1,0.5,48,22,False,0.23971373317723205,0.2540419439866026,0.0,0.6753246753246753,0.31386861313868614,False,True,0,0,1.0,2,41,0.046511627906976744,0.55,28,0.0,0.0,0.0,0.0,0.11837429251934133
deletion,0.0,0.7,,overlap,0.1,0.5,48,23,False,0.24853529988292403,0.25928145798995195,0.0,0.6794871794871795,0.3028169014084507,False,True,0,0,1.0,1,46,0.02127659574468085,0.55,29,0.0,0.0,0.0,0.0,0.12908766126682542
deletion,0.0,0.7,,overlap,0.1,0.5,48,24,False,0.25515147491219303,0.26321109349246397,0.0,0.6666666666666666,0.30612244897959184,False,True,0,0,1.0,0,40,0.0,0.55,29,0.0,0.0,0.0,0.0,0.12184417993096856
deletion,0.0,0.7,,overlap,0.1,0.5,48,25,False,0.26011360618414475,0.266158320119348,0.0,0.6551724137931034,0.3116883116883117,False,True,0,0,1.0,2,36,0.05263157894736842,0.6,31,0.0,0.0,0.0,0.0,0.09537264475567414
deletion,0.0,0.7,,overlap,0.1,0.5,48,26,False,0.2700852046381086,0.274618740089511,0.0,0.6373626373626373,0.31875,False,True,0,0,1.0,6,34,0.15,0.5,37,0.0,0.0,0.0,0.0,0.14688761935319652
deletion,0.0,0.7,,overlap,0.1,0.5,48,27,False,0.26506390347858144,0.2684640550671332,0.0,0.648936170212766,0.31097560975609756,False,True,0,0,1.0,0,44,0.0,0.5,37,0.0,0.0,0.0,0.0,0.09610064725098727
deletion,0.0,0.7,,overlap,0.1,0.5,48,28,False,0.26129792760893605,0.2638480413003499,0.0,0.6458333333333334,0.31176470588235294,False,True,0,0,1.0,1,46,0.02127659574468085,0.55,38,0.0,0.0,0.0,0.0,0.11574790022213102
deletion,0.0,0.7,,overlap,0.1,0.5,48,29,False,0.2647234457067021,0.26663603097526245,0.0,0.6494845360824743,0.3107344632768362,False,True,0,0,1.0,1,36,0.02702702702702703,0.5,39,0.0,0.0,0.0,0.0,0.07480148692192078
deletion,0.0,0.7,,overlap,0.1,0.5,48,30,False,0.2610425842800265,0.26247702323144684,0.0,0.6666666666666666,0.29891304347826086,False,True,0,0,1.0,4,33,0.10810810810810811,0.3,43,0.0,0.0,0.0,0.0,0.07655055190261613
deletion,0.0,0.7,,overlap,0.1,0.5,48,31,False,0.2332819382100199,0.23435776742358513,0.0,0.6542056074766355,0.29743589743589743,False,True,0,0,1.0,0,39,0.0,0.3,43,0.0,0.0,0.0,0.0,0.041488718773602024
deletion,0.0,0.7,,overlap,0.1,0.5,48,32,False,0.21246145365751493,0.21326832556768885,0.0,0.6576576576576577,0.295,False,True,0,0,1.0,0,35,0.0,0.3,43,0.0,0.0,0.0,0.0,0.08467843952227011
deletion,0.0,0.7,,overlap,0.1,0.5,48,33,False,0.1968460902431362,0.19745124417576665,0.0,0.6607142857142857,0.2955665024630542,False,True,0,0,1.0,3,45,0.0625,0.4,46,0.0,0.0,0.0,0.0,0.11473132119742373
deletion,0.0,0.7,,overlap,0.1,0.5,48,34,False,0.19763456768235216,0.198088433131825,0.0,0.6666666666666666,0.291866028708134,False,True,0,0,1.0,2,35,0.05405405405405406,0.35,48,0.0,0.0,0.0,0.0,0.09699649581541543
deletion,0.0,0.7,,overlap,0.1,0.5,48,35,False,0.19197592576176412,0.19231632484886874,0.0,0.680672268907563,0.28703703703703703,False,True,0,0,1.0,1,31,0.03125,0.35,49,0.0,0.0,0.0,0.0,0.11358538598290664
deletion,0.0,0.7,,overlap,0.1,0.5,48,36,False,0.1877319443213231,0.18798724363665154,0.0,0.6833333333333333,0.27927927927927926,False,True,0,0,1.0,1,40,0.024390243902439025,0.35,50,0.0,0.0,0.0,0.0,0.08980078317681053
deletion,0.0,0.7,,overlap,0.1,0.5,48,37,False,0.1845489582409923,0.18474043272748863,0.0,0.6854838709677419,0.2794759825327511,False,True,0,0,1.0,1,37,0.02631578947368421,0.3,51,0.0,0.0,0.0,0.0,0.08425702894327919
deletion,0.0,0.7,,overlap,0.1,0.5,48,38,False,0.17591171868074423,0.17605532454561648,0.0,0.688,0.2801724137931034,False,True,0,0,1.0,0,44,0.0,0.3,51,0.0,0.0,0.0,0.0,0.06739535812444088
deletion,0.0,0.7,,overlap,0.1,0.5,48,39,False,0.1694337890105582,0.16954149340921237,0.0,0.689922480620155,0.27848101265822783,False,True,0,0,1.0,1,39,0.025,0.3,52,0.0,0.0,0.0,0.0,0.09976412946472046
deletion,0.0,0.7,,overlap,0.1,0.5,49,0,False,0.0,0.0,0.0,0.0,1.0,False,True,0,0,0.1,0,0,0.0,0.0,0,0.0,0.0,0.0,0.0,0.0
deletion,0.0,0.7,,overlap,0.1,0.5,49,1,False,0.0,0.0,0.2857142857142857,0.2857142857142857,0.8,False,True,0,0,0.2,0,41,0.0,0.0,0,0.0,0.0,0.0,0.0,0.04117714999999998
deletion,0.0,0.7,,overlap,0.1,0.5,49,2,False,0.07142857142857142,0.07142857142857142,0.38461538461538464,0.38461538461538464,0.6571428571428571,False,True,0,0,0.2,0,36,0.0,0.0,0,0.0,0.0,0.0,0.0,0.008757438907122495
deletion,0.0,0.7,,overlap,0.1,0.5,49,3,False,0.14972527472527472,0.14972527472527472,0.4666666666666667,0.4666666666666667,0.6052631578947368,False,True,0,0,0.2,0,42,0.0,0.0,0,0.0,0.0,0.0,0.0,0.00029722619195860433
deletion,0.0,0.7,,overlap,0.1,0.5,49,4,False,0.2289606227106227,0.2289606227106227,0.5,0.5,0.575,False,True,0,0,0.5,0,42,0.0,0.0,0,0.0,0.0,0.0,0.0,8.395904258282851e-06
deletion,0.0,0.7,,overlap,0.1,0.5,49,5,False,0.29672046703296706,0.29672046703296706,0.5294117647058824,0.5294117647058824,0.5476190476190477,False,True,0,0,0.6,1,45,0.021739130434782608,1.0,1,0.0,0.0,0.0,0.0,0.0822588852946224
deletion,0.0,0.7,,overlap,0.1,0.5,49,6,False,0.38850673682934717,0.4137168208629606,0.55,0.5714285714285714,0.5319148936170213,False,True,0,0,0.9,1,41,0.023809523809523808,1.0,2,0.0,0.0,0.0,0.0,0.08580026616880185
deletion,0.0,0.7,,overlap,0.1,0.5,49,7,False,0.47709433833629605,0.5040376156472204,0.5,0.5833333333333334,0.5,False,True,0,0,0.9,1,42,0.023255813953488372,0.6666666666666666,3,0.0,0.0,0.0,0.0,0.14856551065402232
deletion,0.0,0.7,,overlap,0.1,0.5,49,8,False,0.5006778966093649,0.5238615450687486,0.45,0.5769230769230769,0.4827586206896552,False,True,0,0,1.0,2,42,0.045454545454545456,0.8,5,0.0,0.0,0.0,0.0,0.2186083446580771
deletion,0.0,0.7,,overlap,0.1,0.5,49,9,False,0.5317584224570236,0.5491461588015615,0.4,0.5862068965517241,0.4461538461538462,False,True,0,0,1.0,6,32,0.15789473684210525,0.8181818181818182,11,0.0,0.0,0.0,0.0,0.18821211016037526
deletion,0.0,0.7,,overlap,0.1,0.5,49,10,False,0.551091544115495,0.5641323463738983,0.4,0.625,0.42857142857142855,False,True,0,0,1.0,3,42,0.06666666666666667,0.7857142857142857,14,0.0,0.0,0.0,0.0,0.2122275716857577
deletion,0.0,0.7,,overlap,0.1,0.5,49,11,False,0.561532943800907,0.5713135454947095,0.4,0.6486486486486487,0.40789473684210525,False,True,0,0,1.0,3,43,0.06521739130434782,0.7058823529411765,17,0.0,0.0,0.0,0.0,0.0532710871287429
deletion,0.0,0.7,,overlap,0.1,0.5,49,12,False,0.5593850019683273,0.5667204532386791,0.4,0.6829268292682927,0.38271604938271603,False,True,0,0,1.0,2,41,0.046511627906976744,0.6842105263157895,19,0.0,0.0,0.0,0.0,0.06436282090801752
deletion,0.0,0.7,,overlap,0.1,0.5,49,13,False,0.5550650672657191,0.5605666557184831,0.4,0.7045454545454546,0.36470588235294116,False,True,0,0,1.0,2,38,0.05,0.6,21,0.0,0.0,0.0,0.0,0.07084277348740278
deletion,0.0,0.7,,overlap,0.1,0.5,49,14,False,0.5412988004492894,0.5454249917888623,0.4,0.7111111111111111,0.36363636363636365,False,True,0,0,1.0,2,43,0.044444444444444446,0.55,23,0.0,0.0,0.0,0.0,0.055490763907575014
deletion,0.0,0.7,,overlap,0.1,0.5,49,15,False,0.524724100336967,0.5278187438416467,0.4,0.7291666666666666,0.3645833333333333,False,True,0,0,1.0,4,36,0.1,0.45,27,0.0,0.0,0.0,0.0,0.10753757086641295
deletion,0.0,0.7,,overlap,0.1,0.5,49,16,False,0.4997930752527253,0.5021140578812351,0.35,0.7254901960784313,0.35,False,True,0,0,1.0,1,48,0.02040816326530612,0.4,28,0.0,0.0,0.0,0.0,0.12460438963651846
deletion,0.0,0.7,,overlap,0.1,0.5,49,17,False,0.468594806439544,0.4703355434109263,0.35,0.7307692307692307,0.33980582524271846,False,True,0,0,1.0,4,38,0.09523809523809523,0.35,32,0.0,0.0,0.0,0.0,0.07771008387259895
deletion,0.0,0.7,,overlap,0.1,0.5,49,18,False,0.43894610482965796,0.44025165755819473,0.3,0.7272727272727273,0.3333333333333333,False,True,0,0,1.0,2,38,0.05,0.4,34,0.0,0.0,0.0,0.0,0.0878037403627254
deletion,0.0,0.7,,overlap,0.1,0.5,49,19,False,0.41670957862224345,0.417688743168646,0.3,0.7457627118644068,0.32142857142857145,False,True,0,0,1.0,3,41,0.06818181818181818,0.45,37,0.0,0.0,0.0,0.0,0.14876553235063178
deletion,0.0,0.7,,overlap,0.1,0.5,49,20,False,0.40628218396668253,0.4070165573764845,0.3,0.75,0.3130434782608696,False,True,0,0,1.0,2,38,0.05,0.45,39,0.0,0.0,0.0,0.0,0.10188112446178735
deletion,0.0,0.7,,overlap,0.1,0.5,49,21,False,0.39846163797501194,0.39901241803236337,0.25,0.75,0.30578512396694213,False,True,0,0,1.0,1,30,0.03225806451612903,0.45,40,0.0,0.0,0.0,0.0,0.11269923079274055
deletion,0.0,0.7,,overlap,0.1,0.5,49,22,False,0.38634622848125894,0.3867593135242725,0.15,0.7391304347826086,0.3046875,False,True,0,0,1.0,1,43,0.022727272727272728,0.45,41,0.0,0.0,0.0,0.0,0.0714485660563627
deletion,0.0,0.7,,overlap,0.1,0.5,49,23,False,0.36475967136094417,0.3650694851432044,0.15,0.7534246575342466,0.3088235294117647,False,True,0,0,1.0,2,37,0.05128205128205128,0.5,43,0.0,0.0,0.0,0.0,0.09083409756796486
deletion,0.0,0.7,,overlap,0.1,0.5,49,24,False,0.35481975352070816,0.3550521138574033,0.1,0.75,0.3028169014084507,False,True,0,0,1.0,3,43,0.06521739130434782,0.5,46,0.0,0.0,0.0,0.0,0.07887695429306815
deletion,0.0,0.7,,overlap,0.1,0.5,49,25,False,0.34111481514053116,0.3412890853930525,0.0,0.7283950617283951,0.31333333333333335,False,True,0,0,1.0,2,37,0.05128205128205128,0.55,48,0.0,0.0,0.0,0.0,0.07036977971755828
deletion,0.0,0.7,,overlap,0.1,0.5,49,26,False,0.32458611135539833,0.32471681404478936,0.0,0.7294117647058823,0.3096774193548387,False,True,0,0,1.0,4,36,0.1,0.5,52,0.0,0.0,0.0,0.0,0.1253527648512064
deletion,0.0,0.7,,overlap,0.1,0.5,49,27,False,0.30593958351654876,0.306037610533592,0.0,0.7303370786516854,0.3006134969325153,False,True,0,0,1.0,2,42,0.045454545454545456,0.5,54,0.0,0.0,0.0,0.0,0.06952661982939337
deletion,0.0,0.7,,overlap,0.1,0.5,49,28,False,0.29195468763741156,0.292028207900194,0.0,0.7311827956989247,0.30177514792899407,False,True,0,0,1.0,1,41,0.023809523809523808,0.5,55,0.0,0.0,0.0,0.0,0.07873450505269003
deletion,0.0,0.7,,overlap,0.1,0.5,49,29,False,0.2814660157280587,0.2815211559251455,0.0,0.7346938775510204,0.3050847457627119,False,True,0,0,1.0,3,35,0.07894736842105263,0.4,58,0.0,0.0,0.0,0.0,0.1222638665676904
deletion,0.0,0.7,,overlap,0.1,0.5,49,30,False,0.261099511796044,0.26114086694385913,0.0,0.7425742574257426,0.29891304347826086,False,True,0,0,1.0,2,37,0.05128205128205128,0.5,60,0.0,0.0,0.0,0.0,0.13097398024001966
deletion,0.0,0.7,,overlap,0.1,0.5,49,31,False,0.258324633847033,0.25835565020789436,0.0,0.7407407407407407,0.29381443298969073,False,True,0,0,1.0,2,37,0.05128205128205128,0.55,62,0.0,0.0,0.0,0.0,0.15230239225824488
deletion,0.0,0.7,,overlap,0.1,0.5,49,32,False,0.26249347538527473,0.26251673765592076,0.0,0.7363636363636363,0.29441624365482233,False,True,0,0,1.0,3,42,0.06666666666666667,0.6,65,0.0,0.0,0.0,0.0,0.11160479075830834
deletion,0.0,0.7,,overlap,0.1,0.5,49,33,False,0.27187010653895605,0.2718875532419406,0.0,0.7321428571428571,0.295,False,True,0,0,1.0,4,32,0.1111111111111111,0.5,69,0.0,0.0,0.0,0.0,0.08029845784386518
deletion,0.0,0.7,,overlap,0.1,0.5,49,34,False,0.266402579904217,0.2664156649314554,0.0,0.7310924369747899,0.2932692307692308,False,True,0,0,1.0,1,34,0.02857142857142857,0.55,70,0.0,0.0,0.0,0.0,0.10854835935299519
deletion,0.0,0.7,,overlap,0.1,0.5,49,35,False,0.2685519349281628,0.26856174869859156,0.0,0.7317073170731707,0.29245283018867924,False,True,0,0,1.0,1,41,0.023809523809523808,0.55,71,0.0,0.0,0.0,0.0,0.13941780888877178
deletion,0.0,0.7,,overlap,0.1,0.5,49,36,False,0.27016395119612213,0.2701713115239437,0.0,0.734375,0.2863636363636364,False,True,0,0,1.0,2,38,0.05,0.6,73,0.0,0.0,0.0,0.0,0.10559753975056267
deletion,0.0,0.7,,overlap,0.1,0.5,49,37,False,0.2776229633970916,0.2776284836429578,0.0,0.7348484848484849,0.28444444444444444,False,True,0,0,1.0,4,35,0.10256410256410256,0.6,77,0.0,0.0,0.0,0.0,0.13534115855473847
deletion,0.0,0.7,,overlap,0.1,0.5,49,38,False,0.2832172225478187,0.2832213627322183,0.0,0.7313432835820896,0.2850877192982456,False,True,0,0,1.0,9,41,0.18,0.65,86,0.0,0.0,0.0,0.0,0.14265920623156142
deletion,0.0,0.7,,overlap,0.1,0.5,49,39,False,0.29366291691086405,0.29366602204916376,0.0,0.7214285714285714,0.28936170212765955,False,True,0,0,1.0,1,40,0.024390243902439025,0.7,87,0.0,0.0,0.0,0.0,0.06997522389736725
deletion,0.0,0.7,,overlap,0.1,0.5,50,0,False,0.0,0.0,0.0,0.0,1.0,False,True,0,0,0.0,0,0,0.0,0.0,0,0.0,0.0,0.0,0.0,0.0
deletion,0.0,0.7,,overlap,0.1,0.5,50,1,False,0.0,0.0,0.21052631578947367,0.21052631578947367,0.8214285714285714,False,True,0,0,0.0,0,42,0.0,0.0,0,0.0,0.0,0.0,0.0,0.0
deletion,0.0,0.7,,overlap,0.1,0.5,50,2,False,0.05263157894736842,0.05263157894736842,0.15,0.32,0.7142857142857143,False,True,0,0,0.0,0,39,0.0,0.0,0,0.0,0.0,0.0,0.0,0.0
deletion,0.0,0.7,,overlap,0.1,0.5,50,3,False,0.0769736842105263,0.0769736842105263,0.15,0.37037037037037035,0.6666666666666666,False,True,0,0,0.0,0,43,0.0,0.0,0,0.0,0.0,0.0,0.0,0.0
deletion,0.0,0.7,,overlap,0.1,0.5,50,4,False,0.09523026315789473,0.09523026315789473,0.15,0.41379310344827586,0.6046511627906976,False,True,0,0,0.0,0,40,0.0,0.0,0,0.0,0.0,0.0,0.0,0.0
deletion,0.0,0.7,,overlap,0.1,0.5,50,5,False,0.10892269736842106,0.10892269736842106,0.05,0.40625,0.5957446808510638,False,True,0,0,0.0,0,47,0.0,0.0,0,0.0,0.0,0.0,0.0,0.0
deletion,0.0,0.7,,overlap,0.1,0.5,50,6,False,0.09419202302631578,0.09419202302631578,0.05,0.3939393939393939,0.5686274509803921,False,True,0,0,0.0,0,45,0.0,0.0,0,0.0,0.0,0.0,0.0,0.0
deletion,0.0,0.7,,overlap,0.1,0.5,50,7,False,0.08314401726973683,0.08314401726973683,0.05,0.43243243243243246,0.5357142857142857,False,True,0,0,0.0,0,48,0.0,0.0,0,0.0,0.0,0.0,0.0,0.0
deletion,0.0,0.7,,overlap,0.1,0.5,50,8,False,0.07485801295230263,0.07485801295230263,0.05,0.46153846153846156,0.4918032786885246,False,True,0,0,0.2,0,48,0.0,0.0,0,0.0,0.0,0.0,0.0,0.0
deletion,0.0,0.7,,overlap,0.1,0.5,50,9,False,0.06864350971422697,0.06864350971422697,0.0,0.4782608695652174,0.4931506849315068,False,True,0,0,0.2,1,37,0.02631578947368421,0.0,1,0.0,0.0,0.0,0.0,0.20824999999999996
deletion,0.0,0.7,,overlap,0.1,0.5,50,10,False,0.05148263228567023,0.05148263228567023,0.0,0.4791666666666667,0.46835443037974683,False,True,0,0,0.3,2,40,0.047619047619047616,0.0,3,0.0,0.0,0.0,0.0,0.05000082499999998
deletion,0.0,0.7,,overlap,0.1,0.5,50,11,False,0.03861197421425267,0.03861197421425267,0.0,0.49019607843137253,0.4642857142857143,False,True,0,0,0.3,3,36,0.07692307692307693,0.16666666666666666,6,0.0,0.0,0.0,0.0,0.16779901868349997
deletion,0.0,0.7,,overlap,0.1,0.5,50,12,False,0.03491136161307046,0.04979231399402284,0.0,0.5,0.44680851063829785,False,True,0,0,0.3,0,34,0.0,0.16666666666666666,6,0.0,0.0,0.0,0.0,0.10916952924044997
deletion,0.0,0.7,,overlap,0.1,0.5,50,13,False,0.032135902162183795,0.05817756882885046,0.0,0.5396825396825397,0.42574257425742573,False,True,0,0,0.5,1,33,0.029411764705882353,0.2857142857142857,7,0.0,0.0,0.0,0.0,0.08726146145639203
deletion,0.0,0.7,,overlap,0.1,0.5,50,14,False,0.04451008988694397,0.07934746233592356,0.0,0.5373134328358209,0.43119266055045874,False,True,0,0,0.6,3,41,0.06818181818181818,0.3,10,0.0,0.0,0.0,0.0,0.3051405429689887
deletion,0.0,0.7,,overlap,0.1,0.5,50,15,False,0.05481113884377941,0.09701059675194268,0.0,0.5492957746478874,0.4188034188034188,False,True,0,0,0.8,2,35,0.05405405405405406,0.4166666666666667,12,0.0,0.0,0.0,0.0,0.1315849101181942
deletion,0.0,0.7,,overlap,0.1,0.5,50,16,False,0.07831073508521551,0.12484128089729035,0.0,0.5540540540540541,0.4180327868852459,False,True,0,0,0.8,2,38,0.05,0.42857142857142855,14,0.0,0.0,0.0,0.0,0.14946061771115238
deletion,0.0,0.7,,overlap,0.1,0.5,50,17,False,0.09699835743636061,0.14720238924439633,0.0,0.5569620253164557,0.41732283464566927,False,True,0,0,1.0,3,41,0.06818181818181818,0.35294117647058826,17,0.0,0.0,0.0,0.0,0.09939726777648153
deletion,0.0,0.7,,overlap,0.1,0.5,50,18,False,0.11686641513609398,0.15451943899212078,0.0,0.5555555555555556,0.4090909090909091,False,True,0,0,1.0,5,43,0.10416666666666667,0.45,22,0.0,0.0,0.0,0.0,0.17896283043425873
deletion,0.0,0.7,,overlap,0.1,0.5,50,19,False,0.1438998113520705,0.1721395792440906,0.0,0.5542168674698795,0.40875912408759124,False,True,0,0,1.0,5,30,0.14285714285714285,0.5,27,0.0,0.0,0.0,0.0,0.1881196499625204
deletion,0.0,0.7,,overlap,0.1,0.5,50,20,False,0.17042485851405287,0.19160468443306794,0.0,0.5747126436781609,0.3986013986013986,False,True,0,0,1.0,4,36,0.1,0.4,31,0.0,0.0,0.0,0.0,0.17178300745572295
deletion,0.0,0.7,,overlap,0.1,0.5,50,21,False,0.17781864388553964,0.19370351332480096,0.0,0.5888888888888889,0.38926174496644295,False,True,0,0,1.0,0,36,0.0,0.4,31,0.0,0.0,0.0,0.0,0.10932933408187813
deletion,0.0,0.7,,overlap,0.1,0.5,50,22,False,0.18336398291415473,0.19527763499360073,0.0,0.5978260869565217,0.38461538461538464,False,True,0,0,1.0,3,42,0.06666666666666667,0.4,34,0.0,0.0,0.0,0.0,0.12836767944127409
deletion,0.0,0.7,,overlap,0.1,0.5,50,23,False,0.18752298718561605,0.19645822624520054,0.0,0.6105263157894737,0.37423312883435583,False,True,0,0,1.0,3,36,0.07692307692307693,0.5,37,0.0,0.0,0.0,0.0,0.14668871850112494
deletion,0.0,0.7,,overlap,0.1,0.5,50,24,False,0.20314224038921203,0.2098436696839004,0.0,0.6161616161616161,0.3684210526315789,False,True,0,0,1.0,1,41,0.023809523809523808,0.5,38,0.0,0.0,0.0,0.0,0.11077063022106493
deletion,0.0,0.7,,overlap,0.1,0.5,50,25,False,0.21485668029190902,0.2198827522629253,0.0,0.6274509803921569,0.3595505617977528,False,True,0,0,1.0,3,43,0.06521739130434782,0.5,41,0.0,0.0,0.0,0.0,0.20158743384777353
deletion,0.0,0.7,,overlap,0.1,0.5,50,26,False,0.22364251021893175,0.22741206419719398,0.0,0.6285714285714286,0.3551912568306011,False,True,0,0,1.0,4,40,0.09090909090909091,0.55,45,0.0,0.0,0.0,0.0,0.1608256663182188
deletion,0.0,0.7,,overlap,0.1,0.5,50,27,False,0.23648188266419884,0.2393090481478955,0.0,0.6355140186915887,0.3492063492063492,False,True,0,0,1.0,8,37,0.17777777777777778,0.65,53,0.0,0.0,0.0,0.0,0.2334210861700629
deletion,0.0,0.7,,overlap,0.1,0.5,50,28,False,0.25861141199814913,0.2607317861109216,0.0,0.6363636363636364,0.3471502590673575,False,True,0,0,1.0,1,38,0.02564102564102564,0.7,54,0.0,0.0,0.0,0.0,0.0882900939734135
deletion,0.0,0.7,,overlap,0.1,0.5,50,29,False,0.2814585589986119,0.2830488395831912,0.0,0.6428571428571429,0.34183673469387754,False,True,0,0,1.0,2,32,0.058823529411764705,0.65,56,0.0,0.0,0.0,0.0,0.14634851857739872
deletion,0.0,0.7,,overlap,0.1,0.5,50,30,False,0.2923439192489589,0.2935366296873934,0.0,0.6410256410256411,0.3463414634146341,False,True,0,0,1.0,0,36,0.0,0.65,56,0.0,0.0,0.0,0.0,0.09932766204588596
deletion,0.0,0.7,,overlap,0.1,0.5,50,31,False,0.30050793943671916,0.30140247226554506,0.0,0.6422764227642277,0.34579439252336447,False,True,0,0,1.0,3,42,0.06666666666666667,0.6,59,0.0,0.0,0.0,0.0,0.1262301737942382
deletion,0.0,0.7,,overlap,0.1,0.5,50,32,False,0.3003809545775394,0.3010518541991588,0.0,0.648,0.3394495412844037,False,True,0,0,1.0,0,42,0.0,0.6,59,0.0,0.0,0.0,0.0,0.06823736979423212
deletion,0.0,0.7,,overlap,0.1,0.5,50,33,False,0.30028571593315456,0.3007888906493691,0.0,0.6507936507936508,0.3378995433789954,False,True,0,0,1.0,1,46,0.02127659574468085,0.6,60,0.0,0.0,0.0,0.0,0.10694993118282448
deletion,0.0,0.7,,overlap,0.1,0.5,50,34,False,0.3002142869498659,0.3005916679870268,0.0,0.6466165413533834,0.3392070484581498,False,True,0,0,1.0,3,34,0.08108108108108109,0.6,63,0.0,0.0,0.0,0.0,0.1585528081440193
deletion,0.0,0.7,,overlap,0.1,0.5,50,35,False,0.3001607152123994,0.3004437509902701,0.0,0.6444444444444445,0.34051724137931033,False,True,0,0,1.0,3,37,0.075,0.55,66,0.0,0.0,0.0,0.0,0.1716780983512663
deletion,0.0,0.7,,overlap,0.1,0.5,50,36,False,0.29387053640929955,0.2940828132427026,0.0,0.6595744680851063,0.3375,False,True,0,0,1.0,6,30,0.16666666666666666,0.55,72,0.0,0.0,0.0,0.0,0.10222434248701973
deletion,0.0,0.7,,overlap,0.1,0.5,50,37,False,0.28915290230697466,0.28931210993202694,0.0,0.6597222222222222,0.3360655737704918,False,True,0,0,1.0,2,36,0.05263157894736842,0.5,74,0.0,0.0,0.0,0.0,0.10091508483480618
deletion,0.0,0.7,,overlap,0.1,0.5,50,38,False,0.279364676730231,0.27948408244902023,0.0,0.6598639455782312,0.3333333333333333,False,True,0,0,1.0,6,39,0.13333333333333333,0.6,80,0.0,0.0,0.0,0.0,0.11757955998726691
deletion,0.0,0.7,,overlap,0.1,0.5,50,39,False,0.28452350754767325,0.28461306183676516,0.0,0.6556291390728477,0.33725490196078434,False,True,0,0,1.0,0,46,0.0,0.6,80,0.0,0.0,0.0,0.0,0.09716370403485144
deletion,0.0,0.7,,overlap,0.1,0.5,51,0,False,0.0,0.0,0.0,0.0,1.0,False,True,0,0,0.0,0,0,0.0,0.0,0,0.0,0.0,0.0,0.0,0.0
deletion,0.0,0.7,,overlap,0.1,0.5,51,1,False,0.0,0.0,0.14285714285714285,0.14285714285714285,0.8787878787878788,False,True,0,0,0.2,0,43,0.0,0.0,0,0.0,0.0,0.0,0.0,0.0
deletion,0.0,0.7,,overlap,0.1,0.5,51,2,False,0.03571428571428571,0.03571428571428571,0.2222222222222222,0.2222222222222222,0.8,False,True,0,0,0.3,1,37,0.02631578947368421,1.0,1,0.0,0.0,0.0,0.0,0.02147388372499999
deletion,0.0,0.7,,overlap,0.1,0.5,51,3,False,0.11011904761904763,0.17956349206349206,0.1,0.25,0.72,False,True,0,0,0.4,1,32,0.030303030303030304,0.5,2,0.0,0.0,0.0,0.0,0.08293002556524434
deletion,0.0,0.7,,overlap,0.1,0.5,51,4,False,0.12901785714285713,0.20967261904761902,0.1,0.3333333333333333,0.6545454545454545,False,True,0,0,0.5,1,45,0.021739130434782608,0.3333333333333333,3,0.0,0.0,0.0,0.0,0.06395638565054673
deletion,0.0,0.7,,overlap,0.1,0.5,51,5,False,0.13843005952380952,0.21142113095238094,0.05,0.3448275862068966,0.6271186440677966,False,True,0,0,0.5,2,41,0.046511627906976744,0.2,5,0.0,0.0,0.0,0.0,0.09107067167760834
deletion,0.0,0.7,,overlap,0.1,0.5,51,6,False,0.12703683035714286,0.1898158482142857,0.05,0.40625,0.5873015873015873,False,True,0,0,0.7,0,42,0.0,0.2,5,0.0,0.0,0.0,0.0,0.0306422401350925
deletion,0.0,0.7,,overlap,0.1,0.5,51,7,False,0.12384905133928571,0.17361188616071427,0.05,0.42424242424242425,0.5671641791044776,False,True,0,0,0.8,3,40,0.06976744186046512,0.125,8,0.0,0.0,0.0,0.0,0.1179967882991814
deletion,0.0,0.7,,overlap,0.1,0.5,51,8,False,0.11342250279017856,0.1520839146205357,0.05,0.47368421052631576,0.5333333333333333,False,True,0,0,0.9,1,38,0.02564102564102564,0.2222222222222222,9,0.0,0.0,0.0,0.0,0.12381688827000743
deletion,0.0,0.7,,overlap,0.1,0.5,51,9,False,0.11601925804501488,0.14809071374317953,0.0,0.4791666666666667,0.5287356321839081,False,True,0,0,0.9,2,30,0.0625,0.2727272727272727,11,0.0,0.0,0.0,0.0,0.18196763702025592
deletion,0.0,0.7,,overlap,0.1,0.5,51,10,False,0.11623522275454037,0.14515894439829374,0.0,0.5192307692307693,0.5053763440860215,False,True,0,0,0.9,4,41,0.08888888888888889,0.4,15,0.0,0.0,0.0,0.0,0.15884221900502743
deletion,0.0,0.7,,overlap,0.1,0.5,51,11,False,0.13003355992304813,0.1588692082987203,0.0,0.5357142857142857,0.49504950495049505,False,True,0,0,0.9,1,43,0.022727272727272728,0.375,16,0.0,0.0,0.0,0.0,0.12516761867622075
deletion,0.0,0.7,,overlap,0.1,0.5,51,12,False,0.13770374137085753,0.16602690622404023,0.0,0.559322033898305,0.4807692307692308,False,True,0,0,0.9,2,44,0.043478260869565216,0.3888888888888889,18,0.0,0.0,0.0,0.0,0.07156814527651283
deletion,0.0,0.7,,overlap,0.1,0.5,51,13,False,0.14494447269480984,0.17313129077914127,0.0,0.5714285714285714,0.4594594594594595,False,True,0,0,1.0,2,37,0.05128205128205128,0.35,20,0.0,0.0,0.0,0.0,0.13832263158031063
deletion,0.0,0.7,,overlap,0.1,0.5,51,14,False,0.15245835452110737,0.17359846808435597,0.0,0.5757575757575758,0.4491525423728814,False,True,0,0,1.0,5,42,0.10638297872340426,0.55,25,0.0,0.0,0.0,0.0,0.1503031969816443
deletion,0.0,0.7,,overlap,0.1,0.5,51,15,False,0.1830937658908305,0.19894885106326698,0.0,0.5694444444444444,0.4444444444444444,False,True,0,0,1.0,3,39,0.07142857142857142,0.65,28,0.0,0.0,0.0,0.0,0.11449306925620814
deletion,0.0,0.7,,overlap,0.1,0.5,51,16,False,0.2185703244181229,0.23046163829745026,0.0,0.5675675675675675,0.45038167938931295,False,True,0,0,1.0,1,41,0.023809523809523808,0.6,29,0.0,0.0,0.0,0.0,0.17271374797695696
deletion,0.0,0.7,,overlap,0.1,0.5,51,17,False,0.23892774331359218,0.2478462287230877,0.0,0.5641025641025641,0.44285714285714284,False,True,0,0,1.0,5,31,0.1388888888888889,0.6,34,0.0,0.0,0.0,0.0,0.10092916948278188
deletion,0.0,0.7,,overlap,0.1,0.5,51,18,False,0.2541958074851941,0.26088467154231576,0.0,0.573170731707317,0.4375,False,True,0,0,1.0,5,38,0.11627906976744186,0.65,39,0.0,0.0,0.0,0.0,0.11556149203324743
deletion,0.0,0.7,,overlap,0.1,0.5,51,19,False,0.2718968556138956,0.27691350365673684,0.0,0.5930232558139535,0.42,False,True,0,0,1.0,2,30,0.0625,0.65,41,0.0,0.0,0.0,0.0,0.08309208042951599
deletion,0.0,0.7,,overlap,0.1,0.5,51,20,False,0.2851726417104217,0.28893512774255264,0.0,0.6086956521739131,0.40625,False,True,0,0,1.0,0,37,0.0,0.65,41,0.0,0.0,0.0,0.0,0.14782606873336596
deletion,0.0,0.7,,overlap,0.1,0.5,51,21,False,0.2951294812828163,0.29795134580691446,0.0,0.6170212765957447,0.4,False,True,0,0,1.0,4,36,0.1,0.6,45,0.0,0.0,0.0,0.0,0.14962126461080466
deletion,0.0,0.7,,overlap,0.1,0.5,51,22,False,0.2963471109621122,0.29846350935518584,0.0,0.6326530612244898,0.38823529411764707,False,True,0,0,1.0,1,34,0.02857142857142857,0.6,46,0.0,0.0,0.0,0.0,0.10547000503919897
deletion,0.0,0.7,,overlap,0.1,0.5,51,23,False,0.2972603332215841,0.29884763201638936,0.0,0.6372549019607843,0.3898305084745763,False,True,0,0,1.0,1,34,0.02857142857142857,0.55,47,0.0,0.0,0.0,0.0,0.09371054126976695
deletion,0.0,0.7,,overlap,0.1,0.5,51,24,False,0.2916952499161881,0.29288572401229207,0.0,0.6476190476190476,0.3825136612021858,False,True,0,0,1.0,0,42,0.0,0.55,47,0.0,0.0,0.0,0.0,0.07764687058576994
deletion,0.0,0.7,,overlap,0.1,0.5,51,25,False,0.2875214374371411,0.28841429300921906,0.0,0.6517857142857143,0.3802083333333333,False,True,0,0,1.0,1,39,0.025,0.6,48,0.0,0.0,0.0,0.0,0.07657291703467851
deletion,0.0,0.7,,overlap,0.1,0.5,51,26,False,0.29064107807785583,0.2913107197569143,0.0,0.6548672566371682,0.37948717948717947,False,True,0,0,1.0,1,44,0.022222222222222223,0.6,49,0.0,0.0,0.0,0.0,0.09619091457863914
deletion,0.0,0.7,,overlap,0.1,0.5,51,27,False,0.29298080855839187,0.29348303981768575,0.0,0.6666666666666666,0.3694581280788177,False,True,0,0,1.0,2,42,0.045454545454545456,0.6,51,0.0,0.0,0.0,0.0,0.10966232441132114
deletion,0.0,0.7,,overlap,0.1,0.5,51,28,False,0.2947356064187939,0.2951122798632643,0.0,0.6666666666666666,0.36363636363636365,False,True,0,0,1.0,3,34,0.08108108108108109,0.55,54,0.0,0.0,0.0,0.0,0.11683648277876335
deletion,0.0,0.7,,overlap,0.1,0.5,51,29,False,0.2898017048140954,0.2900842098974482,0.0,0.6532258064516129,0.3623853211009174,False,True,0,0,1.0,6,25,0.1935483870967742,0.65,60,0.0,0.0,0.0,0.0,0.11667634479976585
deletion,0.0,0.7,,overlap,0.1,0.5,51,30,False,0.29860127861057156,0.2988131574230862,0.0,0.6484375,0.36607142857142855,False,True,0,0,1.0,1,40,0.024390243902439025,0.65,61,0.0,0.0,0.0,0.0,0.10161905630626122
deletion,0.0,0.7,,overlap,0.1,0.5,51,31,False,0.3052009589579287,0.30535986806731463,0.0,0.6538461538461539,0.354978354978355,False,True,0,0,1.0,8,38,0.17391304347826086,0.65,69,0.0,0.0,0.0,0.0,0.13119024914306382
deletion,0.0,0.7,,overlap,0.1,0.5,51,32,False,0.31015071921844645,0.31026990105048596,0.0,0.6590909090909091,0.34893617021276596,False,True,0,0,1.0,3,41,0.06818181818181818,0.6,72,0.0,0.0,0.0,0.0,0.12483126156526562
deletion,0.0,0.7,,overlap,0.1,0.5,51,33,False,0.3076130394138349,0.3077024257878645,0.0,0.6590909090909091,0.3474576271186441,False,True,0,0,1.0,3,40,0.06976744186046512,0.65,75,0.0,0.0,0.0,0.0,0.08902826961851242
deletion,0.0,0.7,,overlap,0.1,0.5,51,34,False,0.3119597795603762,0.3120268193408984,0.0,0.6544117647058824,0.34854771784232363,False,True,0,0,1.0,1,44,0.022222222222222223,0.6,76,0.0,0.0,0.0,0.0,0.04055454571940534
deletion,0.0,0.7,,overlap,0.1,0.5,51,35,False,0.3089698346702821,0.3090201145056738,0.0,0.6594202898550725,0.3441295546558704,False,True,0,0,1.0,1,39,0.025,0.55,77,0.0,0.0,0.0,0.0,0.07604963466644145
deletion,0.0,0.7,,overlap,0.1,0.5,51,36,False,0.30047737600271157,0.30051508587925535,0.0,0.6643356643356644,0.3411764705882353,False,True,0,0,1.0,0,29,0.0,0.55,77,0.0,0.0,0.0,0.0,0.03753638543928427
deletion,0.0,0.7,,overlap,0.1,0.5,51,37,False,0.29410803200203367,0.29413631440944155,0.0,0.66,0.3435114503816794,False,True,0,0,1.0,1,37,0.02631578947368421,0.5,78,0.0,0.0,0.0,0.0,0.0663848132835907
deletion,0.0,0.7,,overlap,0.1,0.5,51,38,False,0.2830810240015253,0.28310223580708116,0.0,0.6688311688311688,0.3383458646616541,False,True,0,0,1.0,1,47,0.020833333333333332,0.5,79,0.0,0.0,0.0,0.0,0.09509682952381994
deletion,0.0,0.7,,overlap,0.1,0.5,51,39,False,0.27481076800114396,0.27482667685531087,0.0,0.6666666666666666,0.337037037037037,False,True,0,0,1.0,2,41,0.046511627906976744,0.45,81,0.0,0.0,0.0,0.0,0.08711219303552507
deletion,0.0,0.7,,overlap,0.1,1.0,42,0,False,0.0,0.0,0.0,0.0,1.0,False,True,0,0,0.1,0,0,0.0,0.0,0,0.0,0.0,0.0,0.0,0.0
deletion,0.0,0.7,,overlap,0.1,1.0,42,1,False,0.0,0.0,0.42857142857142855,0.42857142857142855,0.8181818181818182,False,True,0,0,0.4,1,50,0.0196078431372549,0.0,1,0.0,0.0,0.0,0.0,0.058824499999999974
deletion,0.0,0.7,,overlap,0.1,1.0,42,2,False,0.07653061224489796,0.10714285714285714,0.5,0.5,0.7407407407407407,False,True,0,0,0.5,1,38,0.02564102564102564,0.0,2,0.0,0.0,0.0,0.0,0.17258100124999998
deletion,0.0,0.7,,overlap,0.1,1.0,42,3,False,0.14668367346938774,0.20535714285714285,0.6111111111111112,0.6111111111111112,0.6111111111111112,False,True,0,0,0.9,3,35,0.07894736842105263,0.4,5,0.0,0.0,0.0,0.0,0.15596845348999996
deletion,0.0,0.7,,overlap,0.1,1.0,42,4,False,0.24017148526077098,0.30679563492063494,0.631578947368421,0.631578947368421,0.55,False,True,0,0,1.0,6,41,0.1276595744680851,0.6363636363636364,11,0.0,0.0,0.0,0.0,0.23287918405355995
deletion,0.0,0.7,,overlap,0.1,1.0,42,5,False,0.3386214369120854,0.3885895491569834,0.6,0.68,0.4791666666666667,False,True,0,0,1.0,9,26,0.2571428571428571,0.5,20,0.0,0.0,0.0,0.0,0.1792190194712865
deletion,0.0,0.7,,overlap,0.1,1.0,42,6,False,0.39146607768406405,0.42894216186773754,0.55,0.6666666666666666,0.5,False,True,0,0,1.0,4,41,0.08888888888888889,0.45,24,0.0,0.0,0.0,0.0,0.09940542392873515
deletion,0.0,0.7,,overlap,0.1,1.0,42,7,False,0.41859955826304807,0.44670662140080314,0.55,0.71875,0.4745762711864407,False,True,0,0,1.0,2,39,0.04878048780487805,0.45,26,0.0,0.0,0.0,0.0,0.10838538303515698
deletion,0.0,0.7,,overlap,0.1,1.0,42,8,False,0.438949668697286,0.46002996605060237,0.55,0.7428571428571429,0.4307692307692308,False,True,0,0,1.0,5,38,0.11627906976744186,0.35,31,0.0,0.0,0.0,0.0,0.1524120254571485
deletion,0.0,0.7,,overlap,0.1,1.0,42,9,False,0.4417122515229645,0.45752247453795175,0.55,0.7567567567567568,0.4057971014492754,False,True,0,0,1.0,3,43,0.06521739130434782,0.45,34,0.0,0.0,0.0,0.0,0.0971835475902237
deletion,0.0,0.7,,overlap,0.1,1.0,42,10,False,0.45628418864222337,0.4681418559034638,0.35,0.6976744186046512,0.42105263157894735,False,True,0,0,1.0,13,30,0.3023255813953488,0.45,47,0.0,0.0,0.0,0.0,0.19027125785700622
deletion,0.0,0.7,,overlap,0.1,1.0,42,11,False,0.4422131414816675,0.4511063919275978,0.25,0.6875,0.4146341463414634,False,True,0,0,1.0,1,39,0.025,0.4,48,0.0,0.0,0.0,0.0,0.07745538850503045
deletion,0.0,0.7,,overlap,0.1,1.0,42,12,False,0.41290985611125064,0.4195797939456984,0.25,0.7,0.3953488372093023,False,True,0,0,1.0,8,31,0.20512820512820512,0.45,56,0.0,0.0,0.0,0.0,0.12040331682927526
deletion,0.0,0.7,,overlap,0.1,1.0,42,13,False,0.39718239208343803,0.4021848454592738,0.2,0.7090909090909091,0.3829787234042553,False,True,0,0,1.0,7,28,0.2,0.6,63,0.0,0.0,0.0,0.0,0.15983236343024232
deletion,0.0,0.7,,overlap,0.1,1.0,42,14,False,0.3978867940625785,0.4016386340944553,0.15,0.6949152542372882,0.3838383838383838,False,True,0,0,1.0,1,40,0.024390243902439025,0.65,64,0.0,0.0,0.0,0.0,0.09808221287765069
deletion,0.0,0.7,,overlap,0.1,1.0,42,15,False,0.3984150955469339,0.4012289755708415,0.15,0.7049180327868853,0.37623762376237624,False,True,0,0,1.0,4,42,0.08695652173913043,0.65,68,0.0,0.0,0.0,0.0,0.07347677185951784
deletion,0.0,0.7,,overlap,0.1,1.0,42,16,False,0.39881132166020045,0.40092173167813105,0.05,0.7058823529411765,0.3669724770642202,False,True,0,0,1.0,4,33,0.10810810810810811,0.6,72,0.0,0.0,0.0,0.0,0.12070061937763354
deletion,0.0,0.7,,overlap,0.1,1.0,42,17,False,0.38035849124515025,0.3819412987585983,0.0,0.684931506849315,0.37606837606837606,False,True,0,0,1.0,2,38,0.05,0.65,74,0.0,0.0,0.0,0.0,0.11767487151244009
deletion,0.0,0.7,,overlap,0.1,1.0,42,18,False,0.3665188684338627,0.3677059740689487,0.0,0.684931506849315,0.3728813559322034,False,True,0,0,1.0,6,39,0.13333333333333333,0.65,80,0.0,0.0,0.0,0.0,0.10240842028904044
deletion,0.0,0.7,,overlap,0.1,1.0,42,19,False,0.35613915132539703,0.3570294805517115,0.0,0.6973684210526315,0.36,False,True,0,0,1.0,5,33,0.13157894736842105,0.5,85,0.0,0.0,0.0,0.0,0.09267993169302327
deletion,0.0,0.7,,overlap,0.1,1.0,42,20,False,0.3296043634940478,0.3302721104137836,0.0,0.6875,0.366412213740458,False,True,0,0,1.0,3,38,0.07317073170731707,0.5,88,0.0,0.0,0.0,0.0,0.11642062425640332
deletion,0.0,0.7,,overlap,0.1,1.0,42,21,False,0.3097032726205358,0.31020408281033773,0.0,0.7023809523809523,0.3597122302158273,False,True,0,0,1.0,1,36,0.02702702702702703,0.45,89,0.0,0.0,0.0,0.0,0.08934280481619203
deletion,0.0,0.7,,overlap,0.1,1.0,42,22,False,0.2885274544654019,0.2889030621077533,0.0,0.7032967032967034,0.3561643835616438,False,True,0,0,1.0,6,36,0.14285714285714285,0.4,95,0.0,0.0,0.0,0.0,0.09488982347193002
deletion,0.0,0.7,,overlap,0.1,1.0,42,23,False,0.26639559084905146,0.26667729658081496,0.0,0.7021276595744681,0.34868421052631576,False,True,0,0,1.0,7,33,0.175,0.3,102,0.0,0.0,0.0,0.0,0.16431417199234508
deletion,0.0,0.7,,overlap,0.1,1.0,42,24,False,0.23729669313678858,0.23750797243561123,0.0,0.7052631578947368,0.34394904458598724,False,True,0,0,1.0,10,36,0.21739130434782608,0.5,112,0.0,0.0,0.0,0.0,0.15919525490881473
deletion,0.0,0.7,,overlap,0.1,1.0,42,25,False,0.24047251985259144,0.2406309793267084,0.0,0.6979166666666666,0.34375,False,True,0,0,1.0,4,44,0.08333333333333333,0.5,116,0.0,0.0,0.0,0.0,0.03273119485619292
deletion,0.0,0.7,,overlap,0.1,1.0,42,26,False,0.24285438988944358,0.2429732344950313,0.0,0.7010309278350515,0.3353658536585366,False,True,0,0,1.0,7,39,0.15217391304347827,0.7,123,0.0,0.0,0.0,0.0,0.11719757381598432
deletion,0.0,0.7,,overlap,0.1,1.0,42,27,False,0.26964079241708266,0.2697299258712735,0.0,0.7029702970297029,0.32941176470588235,False,True,0,0,1.0,4,36,0.1,0.7,127,0.0,0.0,0.0,0.0,0.08325060685421024
deletion,0.0,0.7,,overlap,0.1,1.0,42,28,False,0.289730594312812,0.2897974444034551,0.0,0.7087378640776699,0.3236994219653179,False,True,0,0,1.0,1,34,0.02857142857142857,0.65,128,0.0,0.0,0.0,0.0,0.0601164120211916
deletion,0.0,0.7,,overlap,0.1,1.0,42,29,False,0.298547945734609,0.29859808330259136,0.0,0.7142857142857143,0.3202247191011236,False,True,0,0,1.0,5,35,0.125,0.7,133,0.0,0.0,0.0,0.0,0.11896113822201013
deletion,0.0,0.7,,overlap,0.1,1.0,42,30,False,0.31141095930095675,0.3114485624769435,0.0,0.719626168224299,0.31868131868131866,False,True,0,0,1.0,2,41,0.046511627906976744,0.75,135,0.0,0.0,0.0,0.0,0.0881872476361988
deletion,0.0,0.7,,overlap,0.1,1.0,42,31,False,0.32730821947571753,0.3273364218577076,0.0,0.7207207207207207,0.3155080213903743,False,True,0,0,1.0,3,37,0.075,0.75,138,0.0,0.0,0.0,0.0,0.12173320572049542
deletion,0.0,0.7,,overlap,0.1,1.0,42,32,False,0.33923116460678815,0.3392523163932807,0.0,0.7142857142857143,0.3157894736842105,False,True,0,0,1.0,2,39,0.04878048780487805,0.75,140,0.0,0.0,0.0,0.0,0.12332235887855339
deletion,0.0,0.7,,overlap,0.1,1.0,42,33,False,0.3481733734550911,0.34818923729496054,0.0,0.7130434782608696,0.31794871794871793,False,True,0,0,1.0,1,40,0.024390243902439025,0.75,141,0.0,0.0,0.0,0.0,0.09841989264676278
deletion,0.0,0.7,,overlap,0.1,1.0,42,34,False,0.35488003009131835,0.3548919279712204,0.0,0.711864406779661,0.31343283582089554,False,True,0,0,1.0,5,37,0.11904761904761904,0.7,146,0.0,0.0,0.0,0.0,0.0856131326112579
deletion,0.0,0.7,,overlap,0.1,1.0,42,35,False,0.3536600225684888,0.35366894597841525,0.0,0.7096774193548387,0.3157894736842105,False,True,0,0,1.0,1,41,0.023809523809523808,0.65,147,0.0,0.0,0.0,0.0,0.08876184593550136
deletion,0.0,0.7,,overlap,0.1,1.0,42,36,False,0.34649501692636653,0.3465017094838114,0.0,0.7165354330708661,0.308411214953271,False,True,0,0,1.0,4,39,0.09302325581395349,0.65,151,0.0,0.0,0.0,0.0,0.1153579190448299
deletion,0.0,0.7,,overlap,0.1,1.0,42,37,False,0.34112126269477494,0.34112628211285856,0.0,0.7218045112781954,0.30180180180180183,False,True,0,0,1.0,3,32,0.08571428571428572,0.65,154,0.0,0.0,0.0,0.0,0.0941180710564458
deletion,0.0,0.7,,overlap,0.1,1.0,42,38,False,0.33709094702108117,0.33709471158464394,0.0,0.7194244604316546,0.3,False,True,0,0,1.0,2,35,0.05405405405405406,0.6,156,0.0,0.0,0.0,0.0,0.07220524266716297
deletion,0.0,0.7,,overlap,0.1,1.0,42,39,False,0.32781821026581087,0.327821033688483,0.0,0.7152777777777778,0.29957805907172996,False,True,0,0,1.0,6,32,0.15789473684210525,0.6,162,0.0,0.0,0.0,0.0,0.09369780641509187
deletion,0.0,0.7,,overlap,0.1,1.0,43,0,False,0.0,0.0,0.0,0.0,1.0,False,True,0,0,0.0,0,0,0.0,0.0,0,0.0,0.0,0.0,0.0,0.0
deletion,0.0,0.7,,overlap,0.1,1.0,43,1,False,0.0,0.0,0.09090909090909091,0.09090909090909091,0.8518518518518519,False,True,0,0,0.0,0,50,0.0,0.0,0,0.0,0.0,0.0,0.0,0.0
deletion,0.0,0.7,,overlap,0.1,1.0,43,2,False,0.022727272727272728,0.022727272727272728,0.25,0.25,0.7352941176470589,False,True,0,0,0.1,0,39,0.0,0.0,0,0.0,0.0,0.0,0.0,0.0
deletion,0.0,0.7,,overlap,0.1,1.0,43,3,False,0.07954545454545454,0.07954545454545454,0.35,0.38095238095238093,0.6341463414634146,False,True,0,0,0.2,0,37,0.0,0.0,0,0.0,0.0,0.0,0.0,0.24499999999999997
deletion,0.0,0.7,,overlap,0.1,1.0,43,4,False,0.1471590909090909,0.1471590909090909,0.25,0.375,0.6041666666666666,False,True,0,0,0.6,0,38,0.0,0.0,0,0.0,0.0,0.0,0.0,0.14577499999999996
deletion,0.0,0.7,,overlap,0.1,1.0,43,5,False,0.17286931818181817,0.17286931818181817,0.25,0.42857142857142855,0.5357142857142857,False,True,0,0,0.7,4,36,0.1,0.0,4,0.0,0.0,0.0,0.0,0.12405581602749997
deletion,0.0,0.7,,overlap,0.1,1.0,43,6,False,0.16983056006493505,0.19215198863636362,0.25,0.41379310344827586,0.5254237288135594,False,True,0,0,0.7,3,44,0.06382978723404255,0.14285714285714285,7,0.0,0.0,0.0,0.0,0.12200920043713827
deletion,0.0,0.7,,overlap,0.1,1.0,43,7,False,0.18030659351808903,0.20661399147727272,0.2,0.4411764705882353,0.5151515151515151,False,True,0,0,0.7,6,39,0.13333333333333333,0.07692307692307693,13,0.0,0.0,0.0,0.0,0.11463930007036015
deletion,0.0,0.7,,overlap,0.1,1.0,43,8,False,0.1742409341495558,0.20496049360795454,0.15,0.47368421052631576,0.4864864864864865,False,True,0,0,0.7,5,38,0.11627906976744186,0.05555555555555555,18,0.0,0.0,0.0,0.0,0.13140605594316884
deletion,0.0,0.7,,overlap,0.1,1.0,43,9,False,0.15974816092962715,0.1912203702059659,0.15,0.48717948717948717,0.4675324675324675,False,True,0,0,0.7,1,47,0.020833333333333332,0.05263157894736842,19,0.0,0.0,0.0,0.0,0.07063365956879392
deletion,0.0,0.7,,overlap,0.1,1.0,43,10,False,0.14861751167466397,0.18091527765447443,0.15,0.5,0.45121951219512196,False,True,0,0,0.8,1,49,0.02,0.05,20,0.0,0.0,0.0,0.0,0.1135708591963415
deletion,0.0,0.7,,overlap,0.1,1.0,43,11,False,0.13824884804171228,0.17318645824085582,0.1,0.5227272727272727,0.43820224719101125,False,True,0,0,0.9,7,37,0.1590909090909091,0.25,27,0.0,0.0,0.0,0.0,0.14028956382457827
deletion,0.0,0.7,,overlap,0.1,1.0,43,12,False,0.14475806460271276,0.16426484368064187,0.0,0.4897959183673469,0.45263157894736844,False,True,0,0,0.9,4,36,0.1,0.4,31,0.0,0.0,0.0,0.0,0.07750419027364365
deletion,0.0,0.7,,overlap,0.1,1.0,43,13,False,0.1514256913091774,0.17319863276048142,0.0,0.5,0.4411764705882353,False,True,0,0,0.9,2,38,0.05,0.45,33,0.0,0.0,0.0,0.0,0.06023806884018498
deletion,0.0,0.7,,overlap,0.1,1.0,43,14,False,0.16178355419616877,0.18614897457036106,0.0,0.5,0.4392523364485981,False,True,0,0,1.0,6,37,0.13953488372093023,0.7,39,0.0,0.0,0.0,0.0,0.108714872401973
deletion,0.0,0.7,,overlap,0.1,1.0,43,15,False,0.20883766564712655,0.2271117309277708,0.0,0.5087719298245614,0.42105263157894735,False,True,0,0,1.0,3,39,0.07142857142857142,0.7,42,0.0,0.0,0.0,0.0,0.13905955068871595
deletion,0.0,0.7,,overlap,0.1,1.0,43,16,False,0.24412824923534493,0.2578337981958281,0.0,0.5483870967741935,0.4,False,True,0,0,1.0,2,38,0.05,0.65,44,0.0,0.0,0.0,0.0,0.1201149828957161
deletion,0.0,0.7,,overlap,0.1,1.0,43,17,False,0.2643461869265087,0.27462534864687105,0.0,0.5538461538461539,0.3968253968253968,False,True,0,0,1.0,3,39,0.07142857142857142,0.55,47,0.0,0.0,0.0,0.0,0.08727772142459651
deletion,0.0,0.7,,overlap,0.1,1.0,43,18,False,0.26700964019488155,0.2747190114851533,0.0,0.5606060606060606,0.3816793893129771,False,True,0,0,1.0,5,37,0.11904761904761904,0.5,52,0.0,0.0,0.0,0.0,0.08489017007871463
deletion,0.0,0.7,,overlap,0.1,1.0,43,19,False,0.2627572301461612,0.26853925861386496,0.0,0.5915492957746479,0.36496350364963503,False,True,0,0,1.0,11,28,0.28205128205128205,0.3,63,0.0,0.0,0.0,0.0,0.18769286707397567
deletion,0.0,0.7,,overlap,0.1,1.0,43,20,False,0.2345679226096209,0.23890444396039873,0.0,0.5915492957746479,0.3546099290780142,False,True,0,0,1.0,6,33,0.15384615384615385,0.35,69,0.0,0.0,0.0,0.0,0.16330395460132466
deletion,0.0,0.7,,overlap,0.1,1.0,43,21,False,0.21967594195721568,0.22292833297029907,0.0,0.6133333333333333,0.3401360544217687,False,True,0,0,1.0,4,39,0.09302325581395349,0.3,73,0.0,0.0,0.0,0.0,0.07947287502731311
deletion,0.0,0.7,,overlap,0.1,1.0,43,22,False,0.20225695646791178,0.2046962497277243,0.0,0.618421052631579,0.33112582781456956,False,True,0,0,1.0,6,37,0.13953488372093023,0.5,79,0.0,0.0,0.0,0.0,0.14213920620509912
deletion,0.0,0.7,,overlap,0.1,1.0,43,23,False,0.21419271735093384,0.21602218729579323,0.0,0.620253164556962,0.33548387096774196,False,True,0,0,1.0,8,39,0.1702127659574468,0.65,87,0.0,0.0,0.0,0.0,0.07169209316716421
deletion,0.0,0.7,,overlap,0.1,1.0,43,24,False,0.24189453801320035,0.24326664047184493,0.0,0.6265060240963856,0.3271604938271605,False,True,0,0,1.0,4,34,0.10526315789473684,0.75,91,0.0,0.0,0.0,0.0,0.08838555190514323
deletion,0.0,0.7,,overlap,0.1,1.0,43,25,False,0.27517090350990026,0.2761999803538837,0.0,0.627906976744186,0.32934131736526945,False,True,0,0,1.0,6,37,0.13953488372093023,0.6,97,0.0,0.0,0.0,0.0,0.08315784624453826
deletion,0.0,0.7,,overlap,0.1,1.0,43,26,False,0.28137817763242523,0.2821499852654128,0.0,0.6483516483516484,0.3179190751445087,False,True,0,0,1.0,5,35,0.125,0.55,102,0.0,0.0,0.0,0.0,0.12484271432261676
deletion,0.0,0.7,,overlap,0.1,1.0,43,27,False,0.2797836332243189,0.2803624889490596,0.0,0.648936170212766,0.3163841807909605,False,True,0,0,1.0,6,33,0.15384615384615385,0.4,108,0.0,0.0,0.0,0.0,0.09732722694812682
deletion,0.0,0.7,,overlap,0.1,1.0,43,28,False,0.2598377249182392,0.2602718667117947,0.0,0.6435643564356436,0.32065217391304346,False,True,0,0,1.0,2,34,0.05555555555555555,0.35,110,0.0,0.0,0.0,0.0,0.09485928850877746
deletion,0.0,0.7,,overlap,0.1,1.0,43,29,False,0.2386282936886794,0.23895390003384603,0.0,0.6285714285714286,0.3263157894736842,False,True,0,0,1.0,5,35,0.125,0.5,115,0.0,0.0,0.0,0.0,0.1389216455397463
deletion,0.0,0.7,,overlap,0.1,1.0,43,30,False,0.24147122026650955,0.2417154250253845,0.0,0.6330275229357798,0.3282051282051282,False,True,0,0,1.0,3,38,0.07317073170731707,0.45,118,0.0,0.0,0.0,0.0,0.10266661930046883
deletion,0.0,0.7,,overlap,0.1,1.0,43,31,False,0.23735341519988218,0.23753656876903836,0.0,0.6491228070175439,0.31683168316831684,False,True,0,0,1.0,3,32,0.08571428571428572,0.45,121,0.0,0.0,0.0,0.0,0.1156746707918356
deletion,0.0,0.7,,overlap,0.1,1.0,43,32,False,0.2342650613999116,0.23440242657677876,0.0,0.6495726495726496,0.31100478468899523,False,True,0,0,1.0,2,39,0.04878048780487805,0.45,123,0.0,0.0,0.0,0.0,0.09601849447000115
deletion,0.0,0.7,,overlap,0.1,1.0,43,33,False,0.2319487960499337,0.23205181993258406,0.0,0.6475409836065574,0.3130841121495327,False,True,0,0,1.0,6,42,0.125,0.55,129,0.0,0.0,0.0,0.0,0.14293655863461951
deletion,0.0,0.7,,overlap,0.1,1.0,43,34,False,0.2427115970374503,0.24278886494943805,0.0,0.6511627906976745,0.31221719457013575,False,True,0,0,1.0,11,27,0.2894736842105263,0.65,140,0.0,0.0,0.0,0.0,0.1617262622165858
deletion,0.0,0.7,,overlap,0.1,1.0,43,35,False,0.26328369777808774,0.26334164871207855,0.0,0.6567164179104478,0.30837004405286345,False,True,0,0,1.0,4,35,0.10256410256410256,0.55,144,0.0,0.0,0.0,0.0,0.05225142753273051
deletion,0.0,0.7,,overlap,0.1,1.0,43,36,False,0.26621277333356586,0.26625623653405894,0.0,0.6546762589928058,0.3090128755364807,False,True,0,0,1.0,2,36,0.05263157894736842,0.5,146,0.0,0.0,0.0,0.0,0.09559719478036215
deletion,0.0,0.7,,overlap,0.1,1.0,43,37,False,0.26215958000017436,0.26219217740054424,0.0,0.6527777777777778,0.30833333333333335,False,True,0,0,1.0,5,35,0.125,0.45,151,0.0,0.0,0.0,0.0,0.10982753118687778
deletion,0.0,0.7,,overlap,0.1,1.0,43,38,False,0.2528696850001308,0.2528941330504082,0.0,0.66,0.308,False,True,0,0,1.0,5,28,0.15151515151515152,0.4,156,0.0,0.0,0.0,0.0,0.12424430979633491
deletion,0.0,0.7,,overlap,0.1,1.0,43,39,False,0.23965226375009813,0.23967059978780614,0.0,0.6623376623376623,0.3046875,False,True,0,0,1.0,4,32,0.1111111111111111,0.25,160,0.0,0.0,0.0,0.0,0.1173255093992154
deletion,0.0,0.7,,overlap,0.1,1.0,44,0,False,0.0,0.0,0.0,0.0,1.0,False,True,0,0,0.0,0,0,0.0,0.0,0,0.0,0.0,0.0,0.0,0.0
deletion,0.0,0.7,,overlap,0.1,1.0,44,1,False,0.0,0.0,0.3,0.3,0.72,False,True,0,0,0.2,0,44,0.0,0.0,0,0.0,0.0,0.0,0.0,0.0
deletion,0.0,0.7,,overlap,0.1,1.0,44,2,False,0.075,0.075,0.35714285714285715,0.35714285714285715,0.6896551724137931,False,True,0,0,0.3,1,43,0.022727272727272728,0.0,1,0.0,0.0,0.0,0.0,0.08403499999999997
deletion,0.0,0.7,,overlap,0.1,1.0,44,3,False,0.13278061224489796,0.14553571428571427,0.45,0.47619047619047616,0.5789473684210527,False,True,0,0,0.4,1,35,0.027777777777777776,0.0,2,0.0,0.0,0.0,0.0,0.09583840174999997
deletion,0.0,0.7,,overlap,0.1,1.0,44,4,False,0.1879783163265306,0.2216517857142857,0.45,0.5217391304347826,0.5365853658536586,False,True,0,0,0.4,3,43,0.06521739130434782,0.2,5,0.0,0.0,0.0,0.0,0.07628634074258749
deletion,0.0,0.7,,overlap,0.1,1.0,44,5,False,0.24009088010204085,0.2787388392857143,0.4,0.5555555555555556,0.5111111111111111,False,True,0,0,0.4,1,43,0.022727272727272728,0.16666666666666666,6,0.0,0.0,0.0,0.0,0.10691484395036488
deletion,0.0,0.7,,overlap,0.1,1.0,44,6,False,0.2675681600765306,0.30905412946428573,0.35,0.59375,0.49019607843137253,False,True,0,0,0.5,0,36,0.0,0.16666666666666666,6,0.0,0.0,0.0,0.0,0.08689184167974383
deletion,0.0,0.7,,overlap,0.1,1.0,44,7,False,0.2783546914859694,0.3192905970982143,0.2,0.575,0.48333333333333334,False,True,0,0,0.5,10,27,0.2702702702702703,0.25,16,0.0,0.0,0.0,0.0,0.1513747127622042
deletion,0.0,0.7,,overlap,0.1,1.0,44,8,False,0.2614445900430485,0.2894679478236607,0.05,0.5652173913043478,0.47761194029850745,False,True,0,0,0.6,1,41,0.023809523809523808,0.23529411764705882,17,0.0,0.0,0.0,0.0,0.09658778984060354
deletion,0.0,0.7,,overlap,0.1,1.0,44,9,False,0.21850991312052165,0.22960096086774553,0.0,0.5714285714285714,0.4583333333333333,False,True,0,0,0.6,1,39,0.025,0.2777777777777778,18,0.0,0.0,0.0,0.0,0.11568193194132236
deletion,0.0,0.7,,overlap,0.1,1.0,44,10,False,0.17876338722134363,0.19148634403916187,0.0,0.5740740740740741,0.43209876543209874,False,True,0,0,0.9,1,43,0.022727272727272728,0.2631578947368421,19,0.0,0.0,0.0,0.0,0.12300360471776539
deletion,0.0,0.7,,overlap,0.1,1.0,44,11,False,0.16226802913781221,0.17650949487147666,0.0,0.5964912280701754,0.4186046511627907,False,True,0,0,0.9,10,35,0.2222222222222222,0.3,29,0.0,0.0,0.0,0.0,0.18932625940248923
deletion,0.0,0.7,,overlap,0.1,1.0,44,12,False,0.1538438789962163,0.16988212115360748,0.0,0.603448275862069,0.4044943820224719,False,True,0,0,0.9,6,38,0.13636363636363635,0.35,35,0.0,0.0,0.0,0.0,0.12959209236695404
deletion,0.0,0.7,,overlap,0.1,1.0,44,13,False,0.15288290924716222,0.1711615908652056,0.0,0.6065573770491803,0.39361702127659576,False,True,0,0,0.9,1,40,0.024390243902439025,0.35,36,0.0,0.0,0.0,0.0,0.09856296384706797
deletion,0.0,0.7,,overlap,0.1,1.0,44,14,False,0.15216218193537165,0.17212119314890423,0.0,0.6363636363636364,0.36633663366336633,False,True,0,0,0.9,2,31,0.06060606060606061,0.3,38,0.0,0.0,0.0,0.0,0.12600644807450656
deletion,0.0,0.7,,overlap,0.1,1.0,44,15,False,0.1462644935943859,0.1665908948616782,0.0,0.6571428571428571,0.35514018691588783,False,True,0,0,1.0,5,38,0.11627906976744186,0.3,43,0.0,0.0,0.0,0.0,0.09813293968270015
deletion,0.0,0.7,,overlap,0.1,1.0,44,16,False,0.14719837019578944,0.16244317114625864,0.0,0.6621621621621622,0.3482142857142857,False,True,0,0,1.0,5,35,0.125,0.35,48,0.0,0.0,0.0,0.0,0.1232487924248371
deletion,0.0,0.7,,overlap,0.1,1.0,44,17,False,0.15414877764684207,0.16558237835969397,0.0,0.6666666666666666,0.3418803418803419,False,True,0,0,1.0,2,39,0.04878048780487805,0.25,50,0.0,0.0,0.0,0.0,0.08677932692687959
deletion,0.0,0.7,,overlap,0.1,1.0,44,18,False,0.14686158323513157,0.1554367837697705,0.0,0.6829268292682927,0.32,False,True,0,0,1.0,5,37,0.11904761904761904,0.35,55,0.0,0.0,0.0,0.0,0.09334701352089027
deletion,0.0,0.7,,overlap,0.1,1.0,44,19,False,0.1538961874263487,0.16032758782732787,0.0,0.6896551724137931,0.3233082706766917,False,True,0,0,1.0,1,37,0.02631578947368421,0.35,56,0.0,0.0,0.0,0.0,0.08116251837711971
deletion,0.0,0.7,,overlap,0.1,1.0,44,20,False,0.1591721405697615,0.1639956908704959,0.0,0.7065217391304348,0.30714285714285716,False,True,0,0,1.0,7,32,0.1794871794871795,0.35,63,0.0,0.0,0.0,0.0,0.12002235370727247
deletion,0.0,0.7,,overlap,0.1,1.0,44,21,False,0.16312910542732112,0.16674676815287193,0.0,0.7157894736842105,0.29931972789115646,False,True,0,0,1.0,5,36,0.12195121951219512,0.35,68,0.0,0.0,0.0,0.0,0.09191846897619442
deletion,0.0,0.7,,overlap,0.1,1.0,44,22,False,0.16609682907049086,0.16881007611465393,0.0,0.7216494845360825,0.2913907284768212,False,True,0,0,1.0,1,37,0.02631578947368421,0.4,69,0.0,0.0,0.0,0.0,0.12386547431759351
deletion,0.0,0.7,,overlap,0.1,1.0,44,23,False,0.17457262180286812,0.17660755708599046,0.0,0.7216494845360825,0.2875816993464052,False,True,0,0,1.0,3,44,0.06382978723404255,0.5,72,0.0,0.0,0.0,0.0,0.09771878808333494
deletion,0.0,0.7,,overlap,0.1,1.0,44,24,False,0.1934294663521511,0.19495566781449286,0.0,0.7281553398058253,0.2830188679245283,False,True,0,0,1.0,1,37,0.02631578947368421,0.5,73,0.0,0.0,0.0,0.0,0.07966945414720433
deletion,0.0,0.7,,overlap,0.1,1.0,44,25,False,0.2075720997641133,0.20871675086086966,0.0,0.7358490566037735,0.27439024390243905,False,True,0,0,1.0,4,39,0.09302325581395349,0.4,77,0.0,0.0,0.0,0.0,0.05606428608829885
deletion,0.0,0.7,,overlap,0.1,1.0,44,26,False,0.20567907482308498,0.20653756314565225,0.0,0.7431192660550459,0.27058823529411763,False,True,0,0,1.0,4,36,0.1,0.55,81,0.0,0.0,0.0,0.0,0.10055635404077601
deletion,0.0,0.7,,overlap,0.1,1.0,44,27,False,0.22300930611731373,0.22365317235923918,0.0,0.7477477477477478,0.26436781609195403,False,True,0,0,1.0,2,40,0.047619047619047616,0.65,83,0.0,0.0,0.0,0.0,0.07551749544999015
deletion,0.0,0.7,,overlap,0.1,1.0,44,28,False,0.24850697958798532,0.2489898792694294,0.0,0.7522123893805309,0.2655367231638418,False,True,0,0,1.0,2,38,0.05,0.7,85,0.0,0.0,0.0,0.0,0.07298645388131823
deletion,0.0,0.7,,overlap,0.1,1.0,44,29,False,0.27388023469098893,0.274242409452072,0.0,0.7565217391304347,0.26373626373626374,False,True,0,0,1.0,4,44,0.08333333333333333,0.7,89,0.0,0.0,0.0,0.0,0.061001383763936434
deletion,0.0,0.7,,overlap,0.1,1.0,44,30,False,0.2929101760182417,0.293181807089054,0.0,0.7416666666666667,0.2698412698412698,False,True,0,0,1.0,7,37,0.1590909090909091,0.65,96,0.0,0.0,0.0,0.0,0.12948762541807143
deletion,0.0,0.7,,overlap,0.1,1.0,44,31,False,0.3009326320136813,0.3011363553167905,0.0,0.7479674796747967,0.26666666666666666,False,True,0,0,1.0,3,32,0.08571428571428572,0.55,99,0.0,0.0,0.0,0.0,0.08624546159591023
deletion,0.0,0.7,,overlap,0.1,1.0,44,32,False,0.294449474010261,0.2946022664875929,0.0,0.7559055118110236,0.26,False,True,0,0,1.0,3,38,0.07317073170731707,0.5,102,0.0,0.0,0.0,0.0,0.09939236276667754
deletion,0.0,0.7,,overlap,0.1,1.0,44,33,False,0.28333710550769575,0.2834516998656947,0.0,0.7578125,0.2549019607843137,False,True,0,0,1.0,1,43,0.022727272727272728,0.5,103,0.0,0.0,0.0,0.0,0.09401606681965853
deletion,0.0,0.7,,overlap,0.1,1.0,44,34,False,0.27500282913077184,0.275088774899271,0.0,0.7593984962406015,0.2523809523809524,False,True,0,0,1.0,3,31,0.08823529411764706,0.4,106,0.0,0.0,0.0,0.0,0.09137632185487111
deletion,0.0,0.7,,overlap,0.1,1.0,44,35,False,0.25625212184807883,0.2563165811744533,0.0,0.7536231884057971,0.2626728110599078,False,True,0,0,1.0,2,42,0.045454545454545456,0.4,108,0.0,0.0,0.0,0.0,0.08255787005514476
deletion,0.0,0.7,,overlap,0.1,1.0,44,36,False,0.24218909138605915,0.24223743588083996,0.0,0.7553956834532374,0.2600896860986547,False,True,0,0,1.0,6,40,0.13043478260869565,0.35,114,0.0,0.0,0.0,0.0,0.10567998796197915
deletion,0.0,0.7,,overlap,0.1,1.0,44,37,False,0.2253918185395444,0.22542807691063,0.0,0.7552447552447552,0.2576419213973799,False,True,0,0,1.0,3,41,0.06818181818181818,0.45,117,0.0,0.0,0.0,0.0,0.0856734711757257
deletion,0.0,0.7,,overlap,0.1,1.0,44,38,False,0.22529386390465828,0.22532105768297248,0.0,0.7482993197278912,0.2606837606837607,False,True,0,0,1.0,0,38,0.0,0.45,117,0.0,0.0,0.0,0.0,0.0952873084566446
deletion,0.0,0.7,,overlap,0.1,1.0,44,39,False,0.22522039792849372,0.22524079326222934,0.0,0.7483443708609272,0.2594142259414226,False,True,0,0,1.0,0,39,0.0,0.45,117,0.0,0.0,0.0,0.0,0.09320036637591947
deletion,0.0,0.7,,overlap,0.1,1.0,45,0,False,0.0,0.0,0.0,0.0,1.0,False,True,0,0,0.2,0,0,0.0,0.0,0,0.0,0.0,0.0,0.0,0.0
deletion,0.0,0.7,,overlap,0.1,1.0,45,1,False,0.0,0.0,0.4,0.4,0.7857142857142857,False,True,0,0,0.3,3,38,0.07317073170731707,0.0,3,0.0,0.0,0.0,0.0,0.16451749999999998
deletion,0.0,0.7,,overlap,0.1,1.0,45,2,False,0.08571428571428573,0.1,0.375,0.375,0.7575757575757576,False,True,0,0,0.7,1,41,0.023809523809523808,0.25,4,0.0,0.0,0.0,0.0,0.06746809999999998
deletion,0.0,0.7,,overlap,0.1,1.0,45,3,False,0.14687500000000003,0.16875,0.47368421052631576,0.47368421052631576,0.6756756756756757,False,True,0,0,0.9,5,35,0.125,0.2222222222222222,9,0.0,0.0,0.0,0.0,0.2568179186062114
deletion,0.0,0.7,,overlap,0.1,1.0,45,4,False,0.20163494674185464,0.24498355263157895,0.45,0.5,0.627906976744186,False,True,0,0,0.9,2,37,0.05128205128205128,0.18181818181818182,11,0.0,0.0,0.0,0.0,0.2560198347247532
deletion,0.0,0.7,,overlap,0.1,1.0,45,5,False,0.23499244382262477,0.2962376644736842,0.45,0.5,0.6136363636363636,False,True,0,0,0.9,5,41,0.10869565217391304,0.3125,16,0.0,0.0,0.0,0.0,0.22232267337934564
deletion,0.0,0.7,,overlap,0.1,1.0,45,6,False,0.2740121900098257,0.33467824835526316,0.45,0.56,0.58,False,True,0,0,0.9,5,32,0.13513513513513514,0.45,21,0.0,0.0,0.0,0.0,0.17904528635687686
deletion,0.0,0.7,,overlap,0.1,1.0,45,7,False,0.31800914250736934,0.36350868626644733,0.4,0.5714285714285714,0.5454545454545454,False,True,0,0,0.9,11,35,0.2391304347826087,0.75,32,0.0,0.0,0.0,0.0,0.29335295028682623
deletion,0.0,0.7,,overlap,0.1,1.0,45,8,False,0.37600685688052693,0.38262562728954846,0.4,0.5862068965517241,0.5166666666666667,False,True,0,0,1.0,6,42,0.125,0.7,38,0.0,0.0,0.0,0.0,0.15220702708915035
deletion,0.0,0.7,,overlap,0.1,1.0,45,9,False,0.4195051426603952,0.42446922046716135,0.4,0.6129032258064516,0.4696969696969697,False,True,0,0,1.0,4,38,0.09523809523809523,0.55,42,0.0,0.0,0.0,0.0,0.14350472074324314
deletion,0.0,0.7,,overlap,0.1,1.0,45,10,False,0.43337885699529644,0.437101915350371,0.4,0.6666666666666666,0.43661971830985913,False,True,0,0,1.0,6,35,0.14634146341463414,0.65,48,0.0,0.0,0.0,0.0,0.16271959613610154
deletion,0.0,0.7,,overlap,0.1,1.0,45,11,False,0.4562841427464724,0.4590764365127783,0.4,0.675,0.42857142857142855,False,True,0,0,1.0,6,30,0.16666666666666666,0.55,54,0.0,0.0,0.0,0.0,0.1641513263507394
deletion,0.0,0.7,,overlap,0.1,1.0,45,12,False,0.46096310705985427,0.4630573273845837,0.45,0.6976744186046512,0.4074074074074074,False,True,0,0,1.0,3,38,0.07317073170731707,0.65,57,0.0,0.0,0.0,0.0,0.1086804803348241
deletion,0.0,0.7,,overlap,0.1,1.0,45,13,False,0.4832223302948907,0.4847929955384378,0.35,0.6938775510204082,0.40229885057471265,False,True,0,0,1.0,2,33,0.05714285714285714,0.6,59,0.0,0.0,0.0,0.0,0.0849119359947727
deletion,0.0,0.7,,overlap,0.1,1.0,45,14,False,0.481166747721168,0.4823447466538283,0.3,0.6981132075471698,0.3870967741935484,False,True,0,0,1.0,0,38,0.0,0.6,59,0.0,0.0,0.0,0.0,0.10418000917639396
deletion,0.0,0.7,,overlap,0.1,1.0,45,15,False,0.47337506079087605,0.4742585599903712,0.2,0.6842105263157895,0.38,False,True,0,0,1.0,8,35,0.18604651162790697,0.6,67,0.0,0.0,0.0,0.0,0.19877161638142032
deletion,0.0,0.7,,overlap,0.1,1.0,45,16,False,0.455031295593157,0.4556939199927784,0.15,0.6779661016949152,0.375,False,True,0,0,1.0,12,39,0.23529411764705882,0.6,79,0.0,0.0,0.0,0.0,0.16856216576545652
deletion,0.0,0.7,,overlap,0.1,1.0,45,17,False,0.43502347169486777,0.4355204399945838,0.15,0.6935483870967742,0.3577981651376147,False,True,0,0,1.0,11,33,0.25,0.7,90,0.0,0.0,0.0,0.0,0.13370088104844877
deletion,0.0,0.7,,overlap,0.1,1.0,45,18,False,0.4325176037711508,0.43289032999593785,0.1,0.6923076923076923,0.3508771929824561,False,True,0,0,1.0,5,39,0.11363636363636363,0.8,95,0.0,0.0,0.0,0.0,0.11309843016028084
deletion,0.0,0.7,,overlap,0.1,1.0,45,19,False,0.4368882028283631,0.43716774749695336,0.1,0.7101449275362319,0.33884297520661155,False,True,0,0,1.0,6,31,0.16216216216216217,0.6,101,0.0,0.0,0.0,0.0,0.12017053583835846
deletion,0.0,0.7,,overlap,0.1,1.0,45,20,False,0.4151661521212723,0.415375810622715,0.1,0.7222222222222222,0.3253968253968254,False,True,0,0,1.0,6,38,0.13636363636363635,0.55,107,0.0,0.0,0.0,0.0,0.07094387682395373
deletion,0.0,0.7,,overlap,0.1,1.0,45,21,False,0.3926246140909542,0.39278185796703624,0.1,0.7333333333333333,0.3178294573643411,False,True,0,0,1.0,3,38,0.07317073170731707,0.55,110,0.0,0.0,0.0,0.0,0.06898429650010965
deletion,0.0,0.7,,overlap,0.1,1.0,45,22,False,0.3757184605682156,0.37583639347527714,0.1,0.7368421052631579,0.3106060606060606,False,True,0,0,1.0,8,35,0.18604651162790697,0.55,118,0.0,0.0,0.0,0.0,0.10129538828768658
deletion,0.0,0.7,,overlap,0.1,1.0,45,23,False,0.36303884542616177,0.36312729510645786,0.05,0.7375,0.30656934306569344,False,True,0,0,1.0,4,32,0.1111111111111111,0.6,122,0.0,0.0,0.0,0.0,0.11937223047466698
deletion,0.0,0.7,,overlap,0.1,1.0,45,24,False,0.3535291340696213,0.35359547132984337,0.0,0.7209302325581395,0.3150684931506849,False,True,0,0,1.0,6,31,0.16216216216216217,0.5,128,0.0,0.0,0.0,0.0,0.06005526481255509
deletion,0.0,0.7,,overlap,0.1,1.0,45,25,False,0.32764685055221593,0.3276966034973825,0.0,0.7333333333333333,0.304635761589404,False,True,0,0,1.0,3,39,0.07142857142857142,0.4,131,0.0,0.0,0.0,0.0,0.11205106385445354
deletion,0.0,0.7,,overlap,0.1,1.0,45,26,False,0.29573513791416195,0.29577245262303686,0.0,0.7419354838709677,0.3037974683544304,False,True,0,0,1.0,4,36,0.1,0.45,135,0.0,0.0,0.0,0.0,0.11257229070844024
deletion,0.0,0.7,,overlap,0.1,1.0,45,27,False,0.2780513534356215,0.27807933946727764,0.0,0.7446808510638298,0.30434782608695654,False,True,0,0,1.0,3,38,0.07317073170731707,0.45,138,0.0,0.0,0.0,0.0,0.13183221290479238
deletion,0.0,0.7,,overlap,0.1,1.0,45,28,False,0.26478851507671614,0.26480950460045827,0.0,0.7422680412371134,0.2976190476190476,False,True,0,0,1.0,4,41,0.08888888888888889,0.4,142,0.0,0.0,0.0,0.0,0.11724473951955541
deletion,0.0,0.7,,overlap,0.1,1.0,45,29,False,0.2485913863075371,0.24860712845034372,0.0,0.7448979591836735,0.28901734104046245,False,True,0,0,1.0,5,37,0.11904761904761904,0.35,147,0.0,0.0,0.0,0.0,0.1324040504272524
deletion,0.0,0.7,,overlap,0.1,1.0,45,30,False,0.23019353973065285,0.2302053463377578,0.0,0.7450980392156863,0.281767955801105,False,True,0,0,1.0,7,34,0.17073170731707318,0.4,154,0.0,0.0,0.0,0.0,0.15069368597315871
deletion,0.0,0.7,,overlap,0.1,1.0,45,31,False,0.22264515479798966,0.22265400975331834,0.0,0.7475728155339806,0.2810810810810811,False,True,0,0,1.0,7,37,0.1590909090909091,0.4,161,0.0,0.0,0.0,0.0,0.14559368963152836
deletion,0.0,0.7,,overlap,0.1,1.0,45,32,False,0.2169838660984922,0.21699050731498876,0.0,0.7452830188679245,0.2789473684210526,False,True,0,0,1.0,4,39,0.09302325581395349,0.45,165,0.0,0.0,0.0,0.0,0.11060086724301335
deletion,0.0,0.7,,overlap,0.1,1.0,45,33,False,0.2189878995738692,0.21899288048624158,0.0,0.7522935779816514,0.2717948717948718,False,True,0,0,1.0,2,42,0.045454545454545456,0.55,167,0.0,0.0,0.0,0.0,0.11477275942889861
deletion,0.0,0.7,,overlap,0.1,1.0,45,34,False,0.2329909246804019,0.2329946603646812,0.0,0.7589285714285714,0.2663316582914573,False,True,0,0,1.0,6,40,0.13043478260869565,0.65,173,0.0,0.0,0.0,0.0,0.10327823500488212
deletion,0.0,0.7,,overlap,0.1,1.0,45,35,False,0.2559931935103014,0.2559959952735109,0.0,0.7478260869565218,0.2696078431372549,False,True,0,0,1.0,1,40,0.024390243902439025,0.6,174,0.0,0.0,0.0,0.0,0.09624092733808548
deletion,0.0,0.7,,overlap,0.1,1.0,45,36,False,0.26699489513272606,0.2669969964551332,0.0,0.7478991596638656,0.26666666666666666,False,True,0,0,1.0,9,31,0.225,0.65,183,0.0,0.0,0.0,0.0,0.17070078100073965
deletion,0.0,0.7,,overlap,0.1,1.0,45,37,False,0.2814961713495446,0.2814977473413499,0.0,0.7265625,0.2772727272727273,False,True,0,0,1.0,5,32,0.13513513513513514,0.6,188,0.0,0.0,0.0,0.0,0.1525363457248265
deletion,0.0,0.7,,overlap,0.1,1.0,45,38,False,0.2861221285121584,0.2861233105060124,0.0,0.7293233082706767,0.2743362831858407,False,True,0,0,1.0,4,33,0.10810810810810811,0.6,192,0.0,0.0,0.0,0.0,0.10204559578551228
deletion,0.0,0.7,,overlap,0.1,1.0,45,39,False,0.2895915963841188,0.28959248287950934,0.0,0.7333333333333333,0.27074235807860264,False,True,0,0,1.0,2,40,0.047619047619047616,0.55,194,0.0,0.0,0.0,0.0,0.053691073476832475
deletion,0.0,0.7,,overlap,0.1,1.0,46,0,False,0.0,0.0,0.0,0.0,1.0,False,True,0,0,0.1,0,0,0.0,0.0,0,0.0,0.0,0.0,0.0,0.0
deletion,0.0,0.7,,overlap,0.1,1.0,46,1,False,0.0,0.0,0.2,0.2,0.8333333333333334,False,True,0,0,0.2,0,46,0.0,0.0,0,0.0,0.0,0.0,0.0,0.12004999999999996
deletion,0.0,0.7,,overlap,0.1,1.0,46,2,False,0.05,0.05,0.2857142857142857,0.2857142857142857,0.7666666666666667,False,True,0,0,0.3,1,39,0.025,1.0,1,0.0,0.0,0.0,0.0,0.05000082499999998
deletion,0.0,0.7,,overlap,0.1,1.0,46,3,False,0.13443877551020408,0.1982142857142857,0.3333333333333333,0.3333333333333333,0.7058823529411765,False,True,0,0,0.5,0,38,0.0,1.0,1,0.0,0.0,0.0,0.0,0.08952263962141499
deletion,0.0,0.7,,overlap,0.1,1.0,46,4,False,0.23178146258503401,0.31532738095238094,0.5,0.5238095238095238,0.5853658536585366,False,True,0,0,0.6,1,31,0.03125,0.5,2,0.0,0.0,0.0,0.0,0.18077349393185368
deletion,0.0,0.7,,overlap,0.1,1.0,46,5,False,0.2988360969387755,0.3614955357142857,0.5,0.5454545454545454,0.5581395348837209,False,True,0,0,0.7,2,44,0.043478260869565216,0.5,4,0.0,0.0,0.0,0.0,0.04278251620451204
deletion,0.0,0.7,,overlap,0.1,1.0,46,6,False,0.3491270727040816,0.3961216517857143,0.5,0.6,0.5106382978723404,False,True,0,0,0.7,5,42,0.10638297872340426,0.2222222222222222,9,0.0,0.0,0.0,0.0,0.1304163761313972
deletion,0.0,0.7,,overlap,0.1,1.0,46,7,False,0.36204371722647394,0.3873690166170635,0.5,0.6153846153846154,0.48,False,True,0,0,0.8,3,42,0.06666666666666667,0.3333333333333333,12,0.0,0.0,0.0,0.0,0.07396220507302864
deletion,0.0,0.7,,overlap,0.1,1.0,46,8,False,0.37867564506271256,0.39469342912946426,0.45,0.6206896551724138,0.4727272727272727,False,True,0,0,0.9,3,39,0.07142857142857142,0.26666666666666666,15,0.0,0.0,0.0,0.0,0.17710798017613236
deletion,0.0,0.7,,overlap,0.1,1.0,46,9,False,0.37359006713036774,0.38560340518043157,0.35,0.6285714285714286,0.45161290322580644,False,True,0,0,0.9,1,36,0.02702702702702703,0.3125,16,0.0,0.0,0.0,0.0,0.1287446545860875
deletion,0.0,0.7,,overlap,0.1,1.0,46,10,False,0.36300505034777586,0.3720150538853237,0.35,0.625,0.4411764705882353,False,True,0,0,0.9,5,35,0.125,0.35,21,0.0,0.0,0.0,0.0,0.1813645025138123
deletion,0.0,0.7,,overlap,0.1,1.0,46,11,False,0.35975378776083183,0.3665112904139928,0.35,0.6428571428571429,0.4166666666666667,False,True,0,0,0.9,3,41,0.06818181818181818,0.35,24,0.0,0.0,0.0,0.0,0.09647583653977812
deletion,0.0,0.7,,overlap,0.1,1.0,46,12,False,0.35731534082062394,0.3623834678104946,0.35,0.6428571428571429,0.40789473684210525,False,True,0,0,0.9,6,45,0.11764705882352941,0.5,30,0.0,0.0,0.0,0.0,0.1349082656033598
deletion,0.0,0.7,,overlap,0.1,1.0,46,13,False,0.37423650561546795,0.3780376008578709,0.35,0.6511627906976745,0.4,False,True,0,0,0.9,2,37,0.05128205128205128,0.45,32,0.0,0.0,0.0,0.0,0.0632309521073105
deletion,0.0,0.7,,overlap,0.1,1.0,46,14,False,0.380677379211601,0.3835282006434032,0.35,0.6666666666666666,0.3764705882352941,False,True,0,0,0.9,3,39,0.07142857142857142,0.55,35,0.0,0.0,0.0,0.0,0.18258437976222106
deletion,0.0,0.7,,overlap,0.1,1.0,46,15,False,0.3980080344087007,0.40014615048255237,0.25,0.6666666666666666,0.3695652173913043,False,True,0,0,1.0,8,33,0.1951219512195122,0.6,43,0.0,0.0,0.0,0.0,0.12787257208234548
deletion,0.0,0.7,,overlap,0.1,1.0,46,16,False,0.4047560258065256,0.4063596128619143,0.2,0.6666666666666666,0.36363636363636365,False,True,0,0,1.0,7,36,0.16279069767441862,0.75,50,0.0,0.0,0.0,0.0,0.12222682539993028
deletion,0.0,0.7,,overlap,0.1,1.0,46,17,False,0.42231701935489413,0.4235197096464357,0.2,0.6896551724137931,0.34615384615384615,False,True,0,0,1.0,0,44,0.0,0.75,50,0.0,0.0,0.0,0.0,0.06400673470324625
deletion,0.0,0.7,,overlap,0.1,1.0,46,18,False,0.43548776451617055,0.43638978223482683,0.2,0.6949152542372882,0.3302752293577982,False,True,0,0,1.0,6,37,0.13953488372093023,0.9,56,0.0,0.0,0.0,0.0,0.096957554575659
deletion,0.0,0.7,,overlap,0.1,1.0,46,19,False,0.4641158233871279,0.46479233667612013,0.05,0.676923076923077,0.3389830508474576,False,True,0,0,1.0,4,35,0.10256410256410256,0.85,60,0.0,0.0,0.0,0.0,0.08973480259510976
deletion,0.0,0.7,,overlap,0.1,1.0,46,20,False,0.46058686754034595,0.4610942525070901,0.05,0.6956521739130435,0.32786885245901637,False,True,0,0,1.0,2,36,0.05263157894736842,0.8,62,0.0,0.0,0.0,0.0,0.09277629349163387
deletion,0.0,0.7,,overlap,0.1,1.0,46,21,False,0.45169015065525947,0.4520706893803176,0.05,0.7,0.328,False,True,0,0,1.0,0,39,0.0,0.8,62,0.0,0.0,0.0,0.0,0.08113895153424089
deletion,0.0,0.7,,overlap,0.1,1.0,46,22,False,0.4450176129914446,0.44530301703523817,0.05,0.7123287671232876,0.3181818181818182,False,True,0,0,1.0,5,38,0.11627906976744186,0.7,67,0.0,0.0,0.0,0.0,0.08612961364537669
deletion,0.0,0.7,,overlap,0.1,1.0,46,23,False,0.42751320974358337,0.42772726277642864,0.05,0.7066666666666667,0.3161764705882353,False,True,0,0,1.0,5,39,0.11363636363636363,0.65,72,0.0,0.0,0.0,0.0,0.10664788894011357
deletion,0.0,0.7,,overlap,0.1,1.0,46,24,False,0.4081349073076876,0.4082954470823215,0.05,0.7051282051282052,0.30985915492957744,False,True,0,0,1.0,3,38,0.07317073170731707,0.6,75,0.0,0.0,0.0,0.0,0.11147153095403081
deletion,0.0,0.7,,overlap,0.1,1.0,46,25,False,0.3873511804807657,0.38747158531174114,0.05,0.7073170731707317,0.3087248322147651,False,True,0,0,1.0,2,39,0.04878048780487805,0.6,77,0.0,0.0,0.0,0.0,0.09081801593812613
deletion,0.0,0.7,,overlap,0.1,1.0,46,26,False,0.3717633853605743,0.37185368898380583,0.1,0.7,0.31210191082802546,False,True,0,0,1.0,2,38,0.05,0.55,79,0.0,0.0,0.0,0.0,0.07798843117170022
deletion,0.0,0.7,,overlap,0.1,1.0,46,27,False,0.3600725390204307,0.3601402667378544,0.05,0.7021276595744681,0.31097560975609756,False,True,0,0,1.0,5,33,0.13157894736842105,0.6,84,0.0,0.0,0.0,0.0,0.09152490911625147
deletion,0.0,0.7,,overlap,0.1,1.0,46,28,False,0.351304404265323,0.35135520005339077,0.05,0.7083333333333334,0.3076923076923077,False,True,0,0,1.0,7,38,0.15555555555555556,0.5,91,0.0,0.0,0.0,0.0,0.08152749608238738
deletion,0.0,0.7,,overlap,0.1,1.0,46,29,False,0.33222830319899227,0.33226640004004304,0.05,0.7128712871287128,0.3068181818181818,False,True,0,0,1.0,2,38,0.05,0.5,93,0.0,0.0,0.0,0.0,0.09615438127477036
deletion,0.0,0.7,,overlap,0.1,1.0,46,30,False,0.31792122739924417,0.31794980003003226,0.05,0.7211538461538461,0.3021978021978022,False,True,0,0,1.0,2,46,0.041666666666666664,0.55,95,0.0,0.0,0.0,0.0,0.09312647157464556
deletion,0.0,0.7,,overlap,0.1,1.0,46,31,False,0.3134409205494332,0.3134623500225242,0.05,0.7064220183486238,0.30526315789473685,False,True,0,0,1.0,1,39,0.025,0.55,96,0.0,0.0,0.0,0.0,0.06652775348441117
deletion,0.0,0.7,,overlap,0.1,1.0,46,32,False,0.31008069041207487,0.31009676251689317,0.05,0.7142857142857143,0.30303030303030304,False,True,0,0,1.0,2,37,0.05128205128205128,0.55,98,0.0,0.0,0.0,0.0,0.08562158217263967
deletion,0.0,0.7,,overlap,0.1,1.0,46,33,False,0.3075605178090562,0.3075725718876699,0.05,0.7094017094017094,0.3024390243902439,False,True,0,0,1.0,3,36,0.07692307692307693,0.5,101,0.0,0.0,0.0,0.0,0.1108036966883684
deletion,0.0,0.7,,overlap,0.1,1.0,46,34,False,0.29942038835679213,0.2994294289157524,0.05,0.7166666666666667,0.3,False,True,0,0,1.0,8,29,0.21621621621621623,0.55,109,0.0,0.0,0.0,0.0,0.13960592190725213
deletion,0.0,0.7,,overlap,0.1,1.0,46,35,False,0.29956529126759407,0.2995720716868143,0.05,0.717741935483871,0.29767441860465116,False,True,0,0,1.0,9,36,0.2,0.55,118,0.0,0.0,0.0,0.0,0.14109856148865874
deletion,0.0,0.7,,overlap,0.1,1.0,46,36,False,0.29967396845069555,0.2996790537651107,0.05,0.7209302325581395,0.29596412556053814,False,True,0,0,1.0,5,25,0.16666666666666666,0.5,123,0.0,0.0,0.0,0.0,0.09664591206699974
deletion,0.0,0.7,,overlap,0.1,1.0,46,37,False,0.29350547633802165,0.29350929032383305,0.0,0.7164179104477612,0.29694323144104806,False,True,0,0,1.0,6,34,0.15,0.5,129,0.0,0.0,0.0,0.0,0.12679114850095494
deletion,0.0,0.7,,overlap,0.1,1.0,46,38,False,0.28262910725351625,0.2826319677428748,0.0,0.7205882352941176,0.2948717948717949,False,True,0,0,1.0,4,38,0.09523809523809523,0.45,133,0.0,0.0,0.0,0.0,0.13669954084054506
deletion,0.0,0.7,,overlap,0.1,1.0,46,39,False,0.2682218304401372,0.2682239758071561,0.0,0.7202797202797203,0.2916666666666667,False,True,0,0,1.0,4,37,0.0975609756097561,0.6,137,0.0,0.0,0.0,0.0,0.10314450027887427
deletion,0.0,0.7,,overlap,0.1,1.0,47,0,False,0.0,0.0,0.0,0.0,1.0,False,True,0,0,0.1,0,0,0.0,0.0,0,0.0,0.0,0.0,0.0,0.0
deletion,0.0,0.7,,overlap,0.1,1.0,47,1,False,0.0,0.0,0.2857142857142857,0.2857142857142857,0.8148148148148148,False,True,0,0,0.2,1,37,0.02631578947368421,1.0,1,0.0,0.0,0.0,0.0,0.04117714999999998
deletion,0.0,0.7,,overlap,0.1,1.0,47,2,False,0.08418367346938774,0.1607142857142857,0.3157894736842105,0.3157894736842105,0.7575757575757576,False,True,0,0,0.3,1,37,0.02631578947368421,0.5,2,0.0,0.0,0.0,0.0,0.37992222526017494
deletion,0.0,0.7,,overlap,0.1,1.0,47,3,False,0.1486640708915145,0.22250939849624057,0.3,0.36363636363636365,0.6585365853658537,False,True,0,0,0.3,3,38,0.07317073170731707,0.2,5,0.0,0.0,0.0,0.0,0.1176849243106805
deletion,0.0,0.7,,overlap,0.1,1.0,47,4,False,0.1829266245972073,0.22938204887218044,0.3,0.48148148148148145,0.56,False,True,0,0,0.4,0,35,0.0,0.2,5,0.0,0.0,0.0,0.0,0.029779470228896068
deletion,0.0,0.7,,overlap,0.1,1.0,47,5,False,0.2068378255907626,0.23453653665413532,0.3,0.5,0.5490196078431373,False,True,0,0,0.4,1,48,0.02040816326530612,0.3333333333333333,6,0.0,0.0,0.0,0.0,0.06671283865090281
deletion,0.0,0.7,,overlap,0.1,1.0,47,6,False,0.23191408347878625,0.2550690691572681,0.3,0.5625,0.5087719298245614,False,True,0,0,0.6,0,37,0.0,0.3333333333333333,6,0.0,0.0,0.0,0.0,0.045778386811223155
deletion,0.0,0.7,,overlap,0.1,1.0,47,7,False,0.2513165149900421,0.27046846853461776,0.3,0.5882352941176471,0.48333333333333334,False,True,0,0,0.7,3,42,0.06666666666666667,0.4444444444444444,9,0.0,0.0,0.0,0.0,0.08573883381149293
deletion,0.0,0.7,,overlap,0.1,1.0,47,8,False,0.27638421163935695,0.2959069069565189,0.2,0.5789473684210527,0.4696969696969697,False,True,0,0,0.8,6,37,0.13953488372093023,0.4666666666666667,15,0.0,0.0,0.0,0.0,0.1039200451068727
deletion,0.0,0.7,,overlap,0.1,1.0,47,9,False,0.28109768253904155,0.3052635135507225,0.2,0.6097560975609756,0.43661971830985913,False,True,0,0,1.0,4,36,0.1,0.42105263157894735,19,0.0,0.0,0.0,0.0,0.11783157871335612
deletion,0.0,0.7,,overlap,0.1,1.0,47,10,False,0.2884548408516496,0.30657921411041034,0.2,0.627906976744186,0.41333333333333333,False,True,0,0,1.0,3,35,0.07894736842105263,0.4,22,0.0,0.0,0.0,0.0,0.12726271411951845
deletion,0.0,0.7,,overlap,0.1,1.0,47,11,False,0.2913411306387372,0.3049344105828078,0.2,0.6444444444444445,0.3875,False,True,0,0,1.0,3,46,0.061224489795918366,0.45,25,0.0,0.0,0.0,0.0,0.09635500802279906
deletion,0.0,0.7,,overlap,0.1,1.0,47,12,False,0.2997558479790529,0.30995080793710583,0.2,0.6595744680851063,0.36904761904761907,False,True,0,0,1.0,7,36,0.16279069767441862,0.3,32,0.0,0.0,0.0,0.0,0.14640120102887455
deletion,0.0,0.7,,overlap,0.1,1.0,47,13,False,0.28731688598428967,0.2949631059528294,0.2,0.673469387755102,0.3516483516483517,False,True,0,0,1.0,6,35,0.14634146341463414,0.3,38,0.0,0.0,0.0,0.0,0.16256356802214483
deletion,0.0,0.7,,overlap,0.1,1.0,47,14,False,0.27798766448821727,0.28372232946462206,0.2,0.6981132075471698,0.3368421052631579,False,True,0,0,1.0,2,41,0.046511627906976744,0.3,40,0.0,0.0,0.0,0.0,0.12195651753943629
deletion,0.0,0.7,,overlap,0.1,1.0,47,15,False,0.27099074836616294,0.27529174709846654,0.15,0.6964285714285714,0.33,False,True,0,0,1.0,3,42,0.06666666666666667,0.3,43,0.0,0.0,0.0,0.0,0.060638272372074274
deletion,0.0,0.7,,overlap,0.1,1.0,47,16,False,0.25949306127462224,0.2627188103238499,0.15,0.7017543859649122,0.32075471698113206,False,True,0,0,1.0,3,48,0.058823529411764705,0.4,46,0.0,0.0,0.0,0.0,0.11740348694201186
deletion,0.0,0.7,,overlap,0.1,1.0,47,17,False,0.2633697959559667,0.26578910774288744,0.1,0.7142857142857143,0.30434782608695654,False,True,0,0,1.0,8,31,0.20512820512820512,0.55,54,0.0,0.0,0.0,0.0,0.17878091208771968
deletion,0.0,0.7,,overlap,0.1,1.0,47,18,False,0.27877734696697504,0.2805918308071656,0.05,0.7121212121212122,0.3050847457627119,False,True,0,0,1.0,6,37,0.13953488372093023,0.55,60,0.0,0.0,0.0,0.0,0.1541492620614387
deletion,0.0,0.7,,overlap,0.1,1.0,47,19,False,0.28408301022523125,0.2854438731053742,0.0,0.7183098591549296,0.296,False,True,0,0,1.0,7,32,0.1794871794871795,0.65,67,0.0,0.0,0.0,0.0,0.135899126981611
deletion,0.0,0.7,,overlap,0.1,1.0,47,20,False,0.2943122576689235,0.2953329048290307,0.0,0.7272727272727273,0.2857142857142857,False,True,0,0,1.0,1,30,0.03225806451612903,0.6,68,0.0,0.0,0.0,0.0,0.126318236945265
deletion,0.0,0.7,,overlap,0.1,1.0,47,21,False,0.29573419325169253,0.296499678621773,0.0,0.7407407407407407,0.2826086956521739,False,True,0,0,1.0,2,38,0.05,0.55,70,0.0,0.0,0.0,0.0,0.11076978471137808
deletion,0.0,0.7,,overlap,0.1,1.0,47,22,False,0.2905506449387695,0.2911247589663297,0.0,0.75,0.2708333333333333,False,True,0,0,1.0,7,37,0.1590909090909091,0.6,77,0.0,0.0,0.0,0.0,0.09998941514474247
deletion,0.0,0.7,,overlap,0.1,1.0,47,23,False,0.2929129837040771,0.2933435692247473,0.0,0.7558139534883721,0.2635135135135135,False,True,0,0,1.0,2,40,0.047619047619047616,0.6,79,0.0,0.0,0.0,0.0,0.1201988747039664
deletion,0.0,0.7,,overlap,0.1,1.0,47,24,False,0.2946847377780578,0.2950076769185605,0.0,0.7472527472527473,0.2662337662337662,False,True,0,0,1.0,1,39,0.025,0.55,80,0.0,0.0,0.0,0.0,0.08151827400470972
deletion,0.0,0.7,,overlap,0.1,1.0,47,25,False,0.28976355333354337,0.29000575768892034,0.0,0.7526881720430108,0.2578616352201258,False,True,0,0,1.0,3,41,0.06818181818181818,0.55,83,0.0,0.0,0.0,0.0,0.08068987069784428
deletion,0.0,0.7,,overlap,0.1,1.0,47,26,False,0.28607266500015754,0.28625431826669023,0.0,0.7604166666666666,0.25609756097560976,False,True,0,0,1.0,5,40,0.1111111111111111,0.45,88,0.0,0.0,0.0,0.0,0.1153818528951855
deletion,0.0,0.7,,overlap,0.1,1.0,47,27,False,0.2708044987501182,0.27094073870001767,0.0,0.76,0.25882352941176473,False,True,0,0,1.0,1,38,0.02564102564102564,0.5,89,0.0,0.0,0.0,0.0,0.09970835384367657
deletion,0.0,0.7,,overlap,0.1,1.0,47,28,False,0.26560337406258866,0.2657055540250133,0.0,0.7383177570093458,0.2655367231638418,False,True,0,0,1.0,3,36,0.07692307692307693,0.4,92,0.0,0.0,0.0,0.0,0.09588025137108473
deletion,0.0,0.7,,overlap,0.1,1.0,47,29,False,0.24920253054694147,0.24927916551875995,0.0,0.7431192660550459,0.26519337016574585,False,True,0,0,1.0,7,34,0.17073170731707318,0.4,99,0.0,0.0,0.0,0.0,0.13345806146246178
deletion,0.0,0.7,,overlap,0.1,1.0,47,30,False,0.23690189791020613,0.23695937413906998,0.0,0.7477477477477478,0.25668449197860965,False,True,0,0,1.0,4,40,0.09090909090909091,0.4,103,0.0,0.0,0.0,0.0,0.08944193644402088
deletion,0.0,0.7,,overlap,0.1,1.0,47,31,False,0.22767642343265462,0.2277195306043025,0.0,0.7478260869565218,0.25906735751295334,False,True,0,0,1.0,3,32,0.08571428571428572,0.45,106,0.0,0.0,0.0,0.0,0.09602629238588928
deletion,0.0,0.7,,overlap,0.1,1.0,47,32,False,0.2270073175744909,0.22703964795322687,0.0,0.7355371900826446,0.2660098522167488,False,True,0,0,1.0,3,31,0.08823529411764706,0.5,109,0.0,0.0,0.0,0.0,0.07746001055271835
deletion,0.0,0.7,,overlap,0.1,1.0,47,33,False,0.2327554881808682,0.23277973596492016,0.0,0.7338709677419355,0.2692307692307692,False,True,0,0,1.0,5,35,0.125,0.6,114,0.0,0.0,0.0,0.0,0.07011423432642881
deletion,0.0,0.7,,overlap,0.1,1.0,47,34,False,0.24956661613565115,0.2495848019736901,0.0,0.7230769230769231,0.2777777777777778,False,True,0,0,1.0,3,32,0.08571428571428572,0.65,117,0.0,0.0,0.0,0.0,0.08758872124186888
deletion,0.0,0.7,,overlap,0.1,1.0,47,35,False,0.2684249621017384,0.26843860148026755,0.0,0.725925925925926,0.273542600896861,False,True,0,0,1.0,4,36,0.1,0.6,121,0.0,0.0,0.0,0.0,0.10232007851763687
deletion,0.0,0.7,,overlap,0.1,1.0,47,36,False,0.27631872157630377,0.27632895111020067,0.0,0.7214285714285714,0.27705627705627706,False,True,0,0,1.0,2,35,0.05405405405405406,0.6,123,0.0,0.0,0.0,0.0,0.10525548307876145
deletion,0.0,0.7,,overlap,0.1,1.0,47,37,False,0.28223904118222787,0.2822467133326505,0.0,0.7241379310344828,0.2754237288135593,False,True,0,0,1.0,8,34,0.19047619047619047,0.6,131,0.0,0.0,0.0,0.0,0.1003046978904009
deletion,0.0,0.7,,overlap,0.1,1.0,47,38,False,0.2866792808866709,0.2866850349994879,0.0,0.7278911564625851,0.2719665271966527,False,True,0,0,1.0,10,39,0.20408163265306123,0.4,141,0.0,0.0,0.0,0.0,0.12773215849405722
deletion,0.0,0.7,,overlap,0.1,1.0,47,39,False,0.2650094606650032,0.2650137762496159,0.0,0.7189542483660131,0.27419354838709675,False,True,0,0,1.0,12,25,0.32432432432432434,0.55,153,0.0,0.0,0.0,0.0,0.19418368599894434
deletion,0.0,0.7,,overlap,0.1,1.0,48,0,False,0.0,0.0,0.0,0.0,1.0,False,True,0,0,0.0,0,0,0.0,0.0,0,0.0,0.0,0.0,0.0,0.0
deletion,0.0,0.7,,overlap,0.1,1.0,48,1,False,0.0,0.0,0.2,0.2,0.9047619047619048,False,True,0,0,0.0,0,42,0.0,0.0,0,0.0,0.0,0.0,0.0,0.0
deletion,0.0,0.7,,overlap,0.1,1.0,48,2,False,0.05,0.05,0.3076923076923077,0.3076923076923077,0.8148148148148148,False,True,0,0,0.1,0,37,0.0,0.0,0,0.0,0.0,0.0,0.0,0.0
deletion,0.0,0.7,,overlap,0.1,1.0,48,3,False,0.11442307692307693,0.11442307692307693,0.4444444444444444,0.4444444444444444,0.6764705882352942,False,True,0,0,0.1,0,40,0.0,0.0,0,0.0,0.0,0.0,0.0,0.0
deletion,0.0,0.7,,overlap,0.1,1.0,48,4,False,0.1969284188034188,0.1969284188034188,0.45,0.5,0.631578947368421,False,True,0,0,0.2,0,40,0.0,0.0,0,0.0,0.0,0.0,0.0,0.0
deletion,0.0,0.7,,overlap,0.1,1.0,48,5,False,0.2601963141025641,0.2601963141025641,0.45,0.5,0.6153846153846154,False,True,0,0,0.2,1,44,0.022222222222222223,0.0,1,0.0,0.0,0.0,0.0,0.014123762449999992
deletion,0.0,0.7,,overlap,0.1,1.0,48,6,False,0.2996115212912088,0.3076472355769231,0.4,0.52,0.5434782608695652,False,True,0,0,0.2,0,41,0.0,0.0,1,0.0,0.0,0.0,0.0,0.0003989613314880595
deletion,0.0,0.7,,overlap,0.1,1.0,48,7,False,0.31756578382554945,0.3307354266826923,0.4,0.5384615384615384,0.5102040816326531,False,True,0,0,0.3,0,49,0.0,0.0,1,0.0,0.0,0.0,0.0,1.1269670145346108e-05
deletion,0.0,0.7,,overlap,0.1,1.0,48,8,False,0.3238886235834478,0.34805157001201925,0.3,0.5333333333333333,0.5178571428571429,False,True,0,0,0.5,1,42,0.023255813953488372,0.5,2,0.0,0.0,0.0,0.0,0.17383343944676266
deletion,0.0,0.7,,overlap,0.1,1.0,48,9,False,0.33220218197330015,0.3610386775090144,0.3,0.5483870967741935,0.4915254237288136,False,True,0,0,0.7,1,46,0.02127659574468085,0.6666666666666666,3,0.0,0.0,0.0,0.0,0.12411700179846501
deletion,0.0,0.7,,overlap,0.1,1.0,48,10,False,0.36343735076568934,0.39161234146509416,0.3,0.5625,0.4603174603174603,False,True,0,0,0.7,5,41,0.10869565217391304,0.375,8,0.0,0.0,0.0,0.0,0.18301726948635869
deletion,0.0,0.7,,overlap,0.1,1.0,48,11,False,0.35561372735998137,0.37808425609882057,0.25,0.5833333333333334,0.4225352112676056,False,True,0,0,0.9,5,34,0.1282051282051282,0.38461538461538464,13,0.0,0.0,0.0,0.0,0.14238553979927976
deletion,0.0,0.7,,overlap,0.1,1.0,48,12,False,0.34603721859690906,0.3628901151510385,0.25,0.6153846153846154,0.39473684210526316,False,True,0,0,1.0,3,40,0.06976744186046512,0.5,16,0.0,0.0,0.0,0.0,0.07975408544085774
deletion,0.0,0.7,,overlap,0.1,1.0,48,13,False,0.35327791394768177,0.36591758636327887,0.15,0.6222222222222222,0.3855421686746988,False,True,0,0,1.0,3,39,0.07142857142857142,0.5789473684210527,19,0.0,0.0,0.0,0.0,0.11431159389194427
deletion,0.0,0.7,,overlap,0.1,1.0,48,14,False,0.35607685651339294,0.3655566108250907,0.15,0.6458333333333334,0.375,False,True,0,0,1.0,6,36,0.14285714285714285,0.55,25,0.0,0.0,0.0,0.0,0.10520483181912829
deletion,0.0,0.7,,overlap,0.1,1.0,48,15,False,0.35455764238504467,0.36166745811881806,0.15,0.6530612244897959,0.358695652173913,False,True,0,0,1.0,2,43,0.044444444444444446,0.6,27,0.0,0.0,0.0,0.0,0.09732858269149633
deletion,0.0,0.7,,overlap,0.1,1.0,48,16,False,0.3596682317887835,0.3650005935891135,0.15,0.6730769230769231,0.3402061855670103,False,True,0,0,1.0,3,40,0.06976744186046512,0.55,30,0.0,0.0,0.0,0.0,0.09286961867861895
deletion,0.0,0.7,,overlap,0.1,1.0,48,17,False,0.35725117384158767,0.36125044519183513,0.15,0.6964285714285714,0.3235294117647059,False,True,0,0,1.0,3,37,0.075,0.6,33,0.0,0.0,0.0,0.0,0.12740557123634486
deletion,0.0,0.7,,overlap,0.1,1.0,48,18,False,0.3616883803811907,0.3646878338938764,0.1,0.6949152542372882,0.3177570093457944,False,True,0,0,1.0,4,39,0.09302325581395349,0.5,37,0.0,0.0,0.0,0.0,0.1321833639536485
deletion,0.0,0.7,,overlap,0.1,1.0,48,19,False,0.3462662852858931,0.3485158754204073,0.05,0.6984126984126984,0.3125,False,True,0,0,1.0,2,38,0.05,0.45,39,0.0,0.0,0.0,0.0,0.11082628860601162
deletion,0.0,0.7,,overlap,0.1,1.0,48,20,False,0.3221997139644199,0.3238869065653055,0.05,0.7121212121212122,0.3076923076923077,False,True,0,0,1.0,3,35,0.07894736842105263,0.45,42,0.0,0.0,0.0,0.0,0.1049806121713032
deletion,0.0,0.7,,overlap,0.1,1.0,48,21,False,0.3041497854733149,0.30541517992397915,0.05,0.7285714285714285,0.29508196721311475,False,True,0,0,1.0,3,37,0.075,0.45,45,0.0,0.0,0.0,0.0,0.12868399659745117
deletion,0.0,0.7,,overlap,0.1,1.0,48,22,False,0.29061233910498613,0.29156138494298434,0.05,0.7397260273972602,0.2846153846153846,False,True,0,0,1.0,9,34,0.20930232558139536,0.4,54,0.0,0.0,0.0,0.0,0.11348416847004836
deletion,0.0,0.7,,overlap,0.1,1.0,48,23,False,0.27420925432873966,0.2749210387072383,0.05,0.7402597402597403,0.2826086956521739,False,True,0,0,1.0,2,33,0.05714285714285714,0.4,56,0.0,0.0,0.0,0.0,0.10757883292394206
deletion,0.0,0.7,,overlap,0.1,1.0,48,24,False,0.26190694074655474,0.26244077903042873,0.05,0.7435897435897436,0.2746478873239437,False,True,0,0,1.0,5,36,0.12195121951219512,0.5,61,0.0,0.0,0.0,0.0,0.09901164349955083
deletion,0.0,0.7,,overlap,0.1,1.0,48,25,False,0.26518020555991606,0.26558058427282155,0.05,0.7325581395348837,0.28,False,True,0,0,1.0,7,29,0.19444444444444445,0.45,68,0.0,0.0,0.0,0.0,0.10581372760308601
deletion,0.0,0.7,,overlap,0.1,1.0,48,26,False,0.2613851541699371,0.26168543820461615,0.05,0.7222222222222222,0.28205128205128205,False,True,0,0,1.0,5,38,0.11627906976744186,0.5,73,0.0,0.0,0.0,0.0,0.09873630802508294
deletion,0.0,0.7,,overlap,0.1,1.0,48,27,False,0.2647888656274528,0.26501407865346216,0.05,0.7311827956989247,0.275,False,True,0,0,1.0,4,37,0.0975609756097561,0.45,77,0.0,0.0,0.0,0.0,0.10833212834260761
deletion,0.0,0.7,,overlap,0.1,1.0,48,28,False,0.2610916492205896,0.2612605589900966,0.05,0.7291666666666666,0.2754491017964072,False,True,0,0,1.0,1,44,0.022222222222222223,0.45,78,0.0,0.0,0.0,0.0,0.08126274349301663
deletion,0.0,0.7,,overlap,0.1,1.0,48,29,False,0.2583187369154422,0.25844541924257247,0.05,0.7319587628865979,0.27325581395348836,False,True,0,0,1.0,2,39,0.04878048780487805,0.4,80,0.0,0.0,0.0,0.0,0.1001464304844523
deletion,0.0,0.7,,overlap,0.1,1.0,48,30,False,0.24998905268658164,0.2500840644319294,0.05,0.7450980392156863,0.26666666666666666,False,True,0,0,1.0,4,35,0.10256410256410256,0.25,84,0.0,0.0,0.0,0.0,0.10923845170687703
deletion,0.0,0.7,,overlap,0.1,1.0,48,31,False,0.22499178951493626,0.22506304832394705,0.05,0.7428571428571429,0.26063829787234044,False,True,0,0,1.0,4,34,0.10526315789473684,0.2,88,0.0,0.0,0.0,0.0,0.1413282938519495
deletion,0.0,0.7,,overlap,0.1,1.0,48,32,False,0.1999938421362022,0.20004728624296028,0.0,0.7247706422018348,0.2694300518134715,False,True,0,0,1.0,15,27,0.35714285714285715,0.45,103,0.0,0.0,0.0,0.0,0.20882400542531862
deletion,0.0,0.7,,overlap,0.1,1.0,48,33,False,0.20624538160215164,0.2062854646822202,0.0,0.7272727272727273,0.27040816326530615,False,True,0,0,1.0,14,34,0.2916666666666667,0.4,117,0.0,0.0,0.0,0.0,0.20458492959105934
deletion,0.0,0.7,,overlap,0.1,1.0,48,34,False,0.20468403620161374,0.20471409851166517,0.0,0.7280701754385965,0.26865671641791045,False,True,0,0,1.0,9,31,0.225,0.45,126,0.0,0.0,0.0,0.0,0.17342577994461708
deletion,0.0,0.7,,overlap,0.1,1.0,48,35,False,0.2097630271512103,0.20978557388374888,0.0,0.7333333333333333,0.2644230769230769,False,True,0,0,1.0,3,36,0.07692307692307693,0.4,129,0.0,0.0,0.0,0.0,0.10672916140244329
deletion,0.0,0.7,,overlap,0.1,1.0,48,36,False,0.20732227036340772,0.20733918041281169,0.0,0.7355371900826446,0.25821596244131456,False,True,0,0,1.0,1,45,0.021739130434782608,0.4,130,0.0,0.0,0.0,0.0,0.059354046696648385
deletion,0.0,0.7,,overlap,0.1,1.0,48,37,False,0.2054917027725558,0.20550438530960874,0.0,0.7380952380952381,0.2545454545454545,False,True,0,0,1.0,5,33,0.13157894736842105,0.4,135,0.0,0.0,0.0,0.0,0.15263243430891102
deletion,0.0,0.7,,overlap,0.1,1.0,48,38,False,0.20411877707941684,0.20412828898220653,0.0,0.7421875,0.25225225225225223,False,True,0,0,1.0,4,45,0.08163265306122448,0.3,139,0.0,0.0,0.0,0.0,0.06937859628108031
deletion,0.0,0.7,,overlap,0.1,1.0,48,39,False,0.19058908280956263,0.19059621673665492,0.0,0.7368421052631579,0.2543859649122807,False,True,0,0,1.0,2,38,0.05,0.25,141,0.0,0.0,0.0,0.0,0.06701999745818217
deletion,0.0,0.7,,overlap,0.1,1.0,49,0,False,0.0,0.0,0.0,0.0,1.0,False,True,0,0,0.1,0,0,0.0,0.0,0,0.0,0.0,0.0,0.0,0.0
deletion,0.0,0.7,,overlap,0.1,1.0,49,1,False,0.0,0.0,0.16666666666666666,0.16666666666666666,0.8076923076923077,False,True,0,0,0.2,3,42,0.06666666666666667,1.0,3,0.0,0.0,0.0,0.0,0.04117714999999998
deletion,0.0,0.7,,overlap,0.1,1.0,49,2,False,0.05654761904761905,0.14583333333333334,0.4444444444444444,0.4444444444444444,0.6363636363636364,False,True,0,0,0.3,1,42,0.023255813953488372,0.75,4,0.0,0.0,0.0,0.0,0.02228413268212249
deletion,0.0,0.7,,overlap,0.1,1.0,49,3,False,0.1644345238095238,0.2586805555555556,0.5454545454545454,0.5454545454545454,0.5833333333333334,False,True,0,0,0.4,0,43,0.0,0.75,4,0.0,0.0,0.0,0.0,0.12633983201747637
deletion,0.0,0.7,,overlap,0.1,1.0,49,4,False,0.27064732142857145,0.35594223484848486,0.6153846153846154,0.6153846153846154,0.55,False,True,0,0,0.5,15,34,0.30612244897959184,0.8421052631578947,19,0.0,0.0,0.0,0.0,0.5009236577383427
deletion,0.0,0.7,,overlap,0.1,1.0,49,5,False,0.37302597690138806,0.4491429109541774,0.6428571428571429,0.6428571428571429,0.5116279069767442,False,True,0,0,0.5,7,36,0.16279069767441862,0.7,26,0.0,0.0,0.0,0.0,0.23506314952226043
deletion,0.0,0.7,,overlap,0.1,1.0,49,6,False,0.44456540104338804,0.504714326072776,0.7058823529411765,0.7058823529411765,0.5,False,True,0,0,0.6,3,43,0.06521739130434782,0.65,29,0.0,0.0,0.0,0.0,0.14939803106822977
deletion,0.0,0.7,,overlap,0.1,1.0,49,7,False,0.5049051432195159,0.5480210386722291,0.75,0.75,0.4642857142857143,False,True,0,0,0.6,5,39,0.11363636363636363,0.5,34,0.0,0.0,0.0,0.0,0.07563538310312527
deletion,0.0,0.7,,overlap,0.1,1.0,49,8,False,0.5438574288432083,0.5672657790041717,0.75,0.7619047619047619,0.4406779661016949,False,True,0,0,0.7,0,48,0.0,0.5,34,0.0,0.0,0.0,0.0,0.08319695477701873
deletion,0.0,0.7,,overlap,0.1,1.0,49,9,False,0.568607357346692,0.6015658791353695,0.75,0.7727272727272727,0.4126984126984127,False,True,0,0,0.7,0,42,0.0,0.5,34,0.0,0.0,0.0,0.0,0.06965353325642401
deletion,0.0,0.7,,overlap,0.1,1.0,49,10,False,0.5871698037243046,0.6386744093515271,0.75,0.8076923076923077,0.4,False,True,0,0,0.8,1,39,0.025,0.5,35,0.0,0.0,0.0,0.0,0.04399997695289087
deletion,0.0,0.7,,overlap,0.1,1.0,49,11,False,0.5966273527932285,0.6352558070136454,0.75,0.8333333333333334,0.37333333333333335,False,True,0,0,0.9,2,39,0.04878048780487805,0.5,37,0.0,0.0,0.0,0.0,0.046836897030229516
deletion,0.0,0.7,,overlap,0.1,1.0,49,12,False,0.6037205145949214,0.6326918552602341,0.75,0.8529411764705882,0.345679012345679,False,True,0,0,1.0,1,38,0.02564102564102564,0.5,38,0.0,0.0,0.0,0.0,0.07610346085001612
deletion,0.0,0.7,,overlap,0.1,1.0,49,13,False,0.609040385946191,0.6307688914451756,0.75,0.8571428571428571,0.32954545454545453,False,True,0,0,1.0,6,34,0.15,0.6,44,0.0,0.0,0.0,0.0,0.10006385362470609
deletion,0.0,0.7,,overlap,0.1,1.0,49,14,False,0.6255302894596433,0.6418266685838816,0.7,0.8421052631578947,0.32978723404255317,False,True,0,0,1.0,8,32,0.2,0.8,52,0.0,0.0,0.0,0.0,0.11724605844081845
deletion,0.0,0.7,,overlap,0.1,1.0,49,15,False,0.6566477170947325,0.6688700014379112,0.7,0.8536585365853658,0.31,False,True,0,0,1.0,5,38,0.11627906976744186,0.8,57,0.0,0.0,0.0,0.0,0.1276292879169617
deletion,0.0,0.7,,overlap,0.1,1.0,49,16,False,0.6799857878210493,0.6891525010784334,0.65,0.8409090909090909,0.3113207547169811,False,True,0,0,1.0,8,42,0.16,0.8,65,0.0,0.0,0.0,0.0,0.13462525442460083
deletion,0.0,0.7,,overlap,0.1,1.0,49,17,False,0.691239340865787,0.6981143758088251,0.65,0.8444444444444444,0.3090909090909091,False,True,0,0,1.0,6,39,0.13333333333333333,0.75,71,0.0,0.0,0.0,0.0,0.08144050653277024
deletion,0.0,0.7,,overlap,0.1,1.0,49,18,False,0.6934295056493402,0.6985857818566188,0.6,0.8333333333333334,0.2956521739130435,False,True,0,0,1.0,1,41,0.023809523809523808,0.7,72,0.0,0.0,0.0,0.0,0.08370903992970166
deletion,0.0,0.7,,overlap,0.1,1.0,49,19,False,0.6825721292370052,0.686439336392464,0.6,0.8461538461538461,0.2857142857142857,False,True,0,0,1.0,4,37,0.0975609756097561,0.65,76,0.0,0.0,0.0,0.0,0.0897605406115418
deletion,0.0,0.7,,overlap,0.1,1.0,49,20,False,0.6681790969277539,0.671079502294348,0.6,0.8490566037735849,0.2786885245901639,False,True,0,0,1.0,1,39,0.025,0.7,77,0.0,0.0,0.0,0.0,0.09396758869199302
deletion,0.0,0.7,,overlap,0.1,1.0,49,21,False,0.6636343226958153,0.6658096267207609,0.6,0.8571428571428571,0.2677165354330709,False,True,0,0,1.0,2,32,0.058823529411764705,0.75,79,0.0,0.0,0.0,0.0,0.11572027337188677
deletion,0.0,0.7,,overlap,0.1,1.0,49,22,False,0.6664757420218616,0.6681072200405707,0.55,0.85,0.26119402985074625,False,True,0,0,1.0,4,40,0.09090909090909091,0.7,83,0.0,0.0,0.0,0.0,0.15566655272051383
deletion,0.0,0.7,,overlap,0.1,1.0,49,23,False,0.6561068065163962,0.657330415030428,0.55,0.8461538461538461,0.2642857142857143,False,True,0,0,1.0,12,35,0.2553191489361702,0.75,95,0.0,0.0,0.0,0.0,0.14209754280267428
deletion,0.0,0.7,,overlap,0.1,1.0,49,24,False,0.6545801048872971,0.655497811272821,0.5,0.8382352941176471,0.2620689655172414,False,True,0,0,1.0,4,36,0.1,0.7,99,0.0,0.0,0.0,0.0,0.13105218081007006
deletion,0.0,0.7,,overlap,0.1,1.0,49,25,False,0.640935078665473,0.6416233584546158,0.5,0.8450704225352113,0.26,False,True,0,0,1.0,2,36,0.05263157894736842,0.75,101,0.0,0.0,0.0,0.0,0.11562404911221616
deletion,0.0,0.7,,overlap,0.1,1.0,49,26,False,0.6369513089991046,0.6374675188409619,0.4,0.8289473684210527,0.26282051282051283,False,True,0,0,1.0,12,36,0.25,0.65,113,0.0,0.0,0.0,0.0,0.13771399932095968
deletion,0.0,0.7,,overlap,0.1,1.0,49,27,False,0.6089634817493285,0.6093506391307214,0.4,0.8333333333333334,0.2546583850931677,False,True,0,0,1.0,6,36,0.14285714285714285,0.65,119,0.0,0.0,0.0,0.0,0.07103853015965908
deletion,0.0,0.7,,overlap,0.1,1.0,49,28,False,0.5879726113119964,0.5882629793480411,0.4,0.8395061728395061,0.24848484848484848,False,True,0,0,1.0,2,42,0.045454545454545456,0.6,121,0.0,0.0,0.0,0.0,0.07941138069304764
deletion,0.0,0.7,,overlap,0.1,1.0,49,29,False,0.5659794584839972,0.5661972345110308,0.35,0.8352941176470589,0.24561403508771928,False,True,0,0,1.0,1,40,0.024390243902439025,0.6,122,0.0,0.0,0.0,0.0,0.0870223226883223
deletion,0.0,0.7,,overlap,0.1,1.0,49,30,False,0.543234593862998,0.5433979258832731,0.2,0.8089887640449438,0.25139664804469275,False,True,0,0,1.0,3,37,0.075,0.7,125,0.0,0.0,0.0,0.0,0.134583876436214
deletion,0.0,0.7,,overlap,0.1,1.0,49,31,False,0.5199259453972485,0.5200484444124548,0.2,0.8191489361702128,0.2393617021276596,False,True,0,0,1.0,5,36,0.12195121951219512,0.75,130,0.0,0.0,0.0,0.0,0.12453345202003056
deletion,0.0,0.7,,overlap,0.1,1.0,49,32,False,0.5086944590479363,0.5087863333093411,0.15,0.8125,0.23958333333333334,False,True,0,0,1.0,3,34,0.08108108108108109,0.7,133,0.0,0.0,0.0,0.0,0.08391677107105852
deletion,0.0,0.7,,overlap,0.1,1.0,49,33,False,0.48777084428595224,0.4878397499820058,0.15,0.8144329896907216,0.2358974358974359,False,True,0,0,1.0,6,42,0.125,0.7,139,0.0,0.0,0.0,0.0,0.15113014712178693
deletion,0.0,0.7,,overlap,0.1,1.0,49,34,False,0.4720781332144642,0.4721298124865044,0.15,0.82,0.2315270935960591,False,True,0,0,1.0,3,27,0.1,0.7,142,0.0,0.0,0.0,0.0,0.11443580375725967
deletion,0.0,0.7,,overlap,0.1,1.0,49,35,False,0.46030859991084816,0.4603473593648783,0.15,0.8252427184466019,0.22815533980582525,False,True,0,0,1.0,4,41,0.08888888888888889,0.6,146,0.0,0.0,0.0,0.0,0.07784550267056613
deletion,0.0,0.7,,overlap,0.1,1.0,49,36,False,0.43898144993313615,0.4390105195236587,0.15,0.8333333333333334,0.22429906542056074,False,True,0,0,1.0,6,29,0.17142857142857143,0.65,152,0.0,0.0,0.0,0.0,0.12342992621334906
deletion,0.0,0.7,,overlap,0.1,1.0,49,37,False,0.4292360874498521,0.42925788964274403,0.1,0.8288288288288288,0.2318181818181818,False,True,0,0,1.0,2,43,0.044444444444444446,0.7,154,0.0,0.0,0.0,0.0,0.0391951066709355
deletion,0.0,0.7,,overlap,0.1,1.0,49,38,False,0.421927065587389,0.42194341723205797,0.05,0.8230088495575221,0.2311111111111111,False,True,0,0,1.0,9,33,0.21428571428571427,0.75,163,0.0,0.0,0.0,0.0,0.11649116908978516
deletion,0.0,0.7,,overlap,0.1,1.0,49,39,False,0.4164452991905418,0.41645756292404346,0.0,0.8083333333333333,0.24358974358974358,False,True,0,0,1.0,3,33,0.08333333333333333,0.8,166,0.0,0.0,0.0,0.0,0.0674933010986025
deletion,0.0,0.7,,overlap,0.1,1.0,50,0,False,0.0,0.0,0.0,0.0,1.0,False,True,0,0,0.0,0,0,0.0,0.0,0,0.0,0.0,0.0,0.0,0.0
deletion,0.0,0.7,,overlap,0.1,1.0,50,1,False,0.0,0.0,0.21052631578947367,0.21052631578947367,0.8214285714285714,False,True,0,0,0.0,0,42,0.0,0.0,0,0.0,0.0,0.0,0.0,0.0
deletion,0.0,0.7,,overlap,0.1,1.0,50,2,False,0.05263157894736842,0.05263157894736842,0.15,0.32,0.7142857142857143,False,True,0,0,0.0,0,39,0.0,0.0,0,0.0,0.0,0.0,0.0,0.0
deletion,0.0,0.7,,overlap,0.1,1.0,50,3,False,0.0769736842105263,0.0769736842105263,0.15,0.37037037037037035,0.6666666666666666,False,True,0,0,0.0,0,43,0.0,0.0,0,0.0,0.0,0.0,0.0,0.0
deletion,0.0,0.7,,overlap,0.1,1.0,50,4,False,0.09523026315789473,0.09523026315789473,0.15,0.41379310344827586,0.6046511627906976,False,True,0,0,0.0,0,40,0.0,0.0,0,0.0,0.0,0.0,0.0,0.0
deletion,0.0,0.7,,overlap,0.1,1.0,50,5,False,0.10892269736842106,0.10892269736842106,0.05,0.40625,0.5957446808510638,False,True,0,0,0.0,0,47,0.0,0.0,0,0.0,0.0,0.0,0.0,0.0
deletion,0.0,0.7,,overlap,0.1,1.0,50,6,False,0.09419202302631578,0.09419202302631578,0.05,0.3939393939393939,0.5686274509803921,False,True,0,0,0.0,0,45,0.0,0.0,0,0.0,0.0,0.0,0.0,0.0
deletion,0.0,0.7,,overlap,0.1,1.0,50,7,False,0.08314401726973683,0.08314401726973683,0.05,0.43243243243243246,0.5357142857142857,False,True,0,0,0.0,0,48,0.0,0.0,0,0.0,0.0,0.0,0.0,0.0
deletion,0.0,0.7,,overlap,0.1,1.0,50,8,False,0.07485801295230263,0.07485801295230263,0.05,0.46153846153846156,0.4918032786885246,False,True,0,0,0.2,0,48,0.0,0.0,0,0.0,0.0,0.0,0.0,0.0
deletion,0.0,0.7,,overlap,0.1,1.0,50,9,False,0.06864350971422697,0.06864350971422697,0.0,0.5,0.4788732394366197,False,True,0,0,0.2,2,36,0.05263157894736842,0.0,2,0.0,0.0,0.0,0.0,0.20824999999999996
deletion,0.0,0.7,,overlap,0.1,1.0,50,10,False,0.05148263228567023,0.05148263228567023,0.0,0.5111111111111111,0.45454545454545453,False,True,0,0,0.3,1,41,0.023809523809523808,0.0,3,0.0,0.0,0.0,0.0,0.05000082499999998
deletion,0.0,0.7,,overlap,0.1,1.0,50,11,False,0.03861197421425267,0.03861197421425267,0.0,0.5208333333333334,0.45121951219512196,False,True,0,0,0.3,2,40,0.047619047619047616,0.4,5,0.0,0.0,0.0,0.0,0.02314155829999999
deletion,0.0,0.7,,overlap,0.1,1.0,50,12,False,0.043244694946403796,0.07895898066068952,0.0,0.5370370370370371,0.43478260869565216,False,True,0,0,0.3,0,31,0.0,0.4,5,0.0,0.0,0.0,0.0,0.0072172426119499955
deletion,0.0,0.7,,overlap,0.1,1.0,50,13,False,0.04671923549551714,0.10921923549551714,0.0,0.5614035087719298,0.40816326530612246,False,True,0,0,0.6,0,36,0.0,0.4,5,0.0,0.0,0.0,0.0,0.0018742355506645673
deletion,0.0,0.7,,overlap,0.1,1.0,50,14,False,0.07075371233592356,0.13191442662163785,0.0,0.559322033898305,0.4019607843137255,False,True,0,0,0.6,6,36,0.14285714285714285,0.5454545454545454,11,0.0,0.0,0.0,0.0,0.299340102251731
deletion,0.0,0.7,,overlap,0.1,1.0,50,15,False,0.10176658295324137,0.16711763814804656,0.0,0.5555555555555556,0.4036697247706422,False,True,0,0,0.7,3,42,0.06666666666666667,0.5,14,0.0,0.0,0.0,0.0,0.12212197756519057
deletion,0.0,0.7,,overlap,0.1,1.0,50,16,False,0.1298963657863596,0.1878382286110349,0.0,0.5692307692307692,0.39285714285714285,False,True,0,0,0.9,2,37,0.05128205128205128,0.4375,16,0.0,0.0,0.0,0.0,0.07336482751469434
deletion,0.0,0.7,,overlap,0.1,1.0,50,17,False,0.1442972743397697,0.19556617145827618,0.0,0.5797101449275363,0.3879310344827586,False,True,0,0,1.0,1,45,0.021739130434782608,0.4117647058823529,17,0.0,0.0,0.0,0.0,0.038632389195512325
deletion,0.0,0.7,,overlap,0.1,1.0,50,18,False,0.1596935439901214,0.19814521682900127,0.0,0.5833333333333334,0.38016528925619836,False,True,0,0,1.0,5,39,0.11363636363636363,0.35,22,0.0,0.0,0.0,0.0,0.07242244547597515
deletion,0.0,0.7,,overlap,0.1,1.0,50,19,False,0.16352015799259106,0.19235891262175098,0.0,0.5866666666666667,0.373015873015873,False,True,0,0,1.0,4,31,0.11428571428571428,0.25,26,0.0,0.0,0.0,0.0,0.1130383025905422
deletion,0.0,0.7,,overlap,0.1,1.0,50,20,False,0.15389011849444328,0.17551918446631323,0.0,0.6075949367088608,0.35877862595419846,False,True,0,0,1.0,6,32,0.15789473684210525,0.15,32,0.0,0.0,0.0,0.0,0.0899263557991465
deletion,0.0,0.7,,overlap,0.1,1.0,50,21,False,0.13416758887083247,0.15038938834973492,0.0,0.6190476190476191,0.35714285714285715,False,True,0,0,1.0,5,29,0.14705882352941177,0.25,37,0.0,0.0,0.0,0.0,0.1146038245519174
deletion,0.0,0.7,,overlap,0.1,1.0,50,22,False,0.13187569165312435,0.1440420412623012,0.0,0.6136363636363636,0.3493150684931507,False,True,0,0,1.0,9,32,0.21951219512195122,0.5,46,0.0,0.0,0.0,0.0,0.13633910230060173
deletion,0.0,0.7,,overlap,0.1,1.0,50,23,False,0.16140676873984328,0.1705315309467259,0.0,0.6153846153846154,0.34210526315789475,False,True,0,0,1.0,9,34,0.20930232558139536,0.75,55,0.0,0.0,0.0,0.0,0.10242493936580925
deletion,0.0,0.7,,overlap,0.1,1.0,50,24,False,0.21480507655488243,0.22164864821004443,0.0,0.6129032258064516,0.34177215189873417,False,True,0,0,1.0,3,34,0.08108108108108109,0.7,58,0.0,0.0,0.0,0.0,0.11899546517441424
deletion,0.0,0.7,,overlap,0.1,1.0,50,25,False,0.2486038074161618,0.2537364861575333,0.0,0.6262626262626263,0.3393939393939394,False,True,0,0,1.0,7,33,0.175,0.65,65,0.0,0.0,0.0,0.0,0.14681509454766747
deletion,0.0,0.7,,overlap,0.1,1.0,50,26,False,0.26770285556212137,0.27155236461814997,0.0,0.6274509803921569,0.3372093023255814,False,True,0,0,1.0,6,36,0.14285714285714285,0.65,71,0.0,0.0,0.0,0.0,0.10511985862926307
deletion,0.0,0.7,,overlap,0.1,1.0,50,27,False,0.28202714167159104,0.2849142734636125,0.0,0.6285714285714286,0.3333333333333333,False,True,0,0,1.0,3,45,0.0625,0.65,74,0.0,0.0,0.0,0.0,0.06928418292372517
deletion,0.0,0.7,,overlap,0.1,1.0,50,28,False,0.29277035625369324,0.29493570509770933,0.0,0.6355140186915887,0.3333333333333333,False,True,0,0,1.0,1,40,0.024390243902439025,0.65,75,0.0,0.0,0.0,0.0,0.06972367003221644
deletion,0.0,0.7,,overlap,0.1,1.0,50,29,False,0.30082776719026993,0.302451778823282,0.0,0.625,0.34574468085106386,False,True,0,0,1.0,3,29,0.09375,0.6,78,0.0,0.0,0.0,0.0,0.08570984540074664
deletion,0.0,0.7,,overlap,0.1,1.0,50,30,False,0.30062082539270246,0.3018388341174615,0.0,0.6324786324786325,0.3384615384615385,False,True,0,0,1.0,4,36,0.1,0.7,82,0.0,0.0,0.0,0.0,0.13633659952865415
deletion,0.0,0.7,,overlap,0.1,1.0,50,31,False,0.31296561904452685,0.3138791255880961,0.0,0.6386554621848739,0.335,False,True,0,0,1.0,5,42,0.10638297872340426,0.7,87,0.0,0.0,0.0,0.0,0.10381563291776415
deletion,0.0,0.7,,overlap,0.1,1.0,50,32,False,0.32222421428339515,0.3229093441910721,0.0,0.6446280991735537,0.3284313725490196,False,True,0,0,1.0,4,35,0.10256410256410256,0.6,91,0.0,0.0,0.0,0.0,0.11923672046157852
deletion,0.0,0.7,,overlap,0.1,1.0,50,33,False,0.31666816071254633,0.31718200814330405,0.0,0.6422764227642277,0.3285024154589372,False,True,0,0,1.0,5,42,0.10638297872340426,0.7,96,0.0,0.0,0.0,0.0,0.10779676617736596
deletion,0.0,0.7,,overlap,0.1,1.0,50,34,False,0.32500112053440977,0.325386506107478,0.0,0.6384615384615384,0.3302325581395349,False,True,0,0,1.0,6,30,0.16666666666666666,0.55,102,0.0,0.0,0.0,0.0,0.12853125308627336
deletion,0.0,0.7,,overlap,0.1,1.0,50,35,False,0.31250084040080733,0.3127898795806085,0.0,0.6296296296296297,0.336322869955157,False,True,0,0,1.0,7,29,0.19444444444444445,0.6,109,0.0,0.0,0.0,0.0,0.09148206214844687
deletion,0.0,0.7,,overlap,0.1,1.0,50,36,False,0.3093756303006055,0.30959240968545637,0.0,0.6382978723404256,0.3333333333333333,False,True,0,0,1.0,5,33,0.13157894736842105,0.6,114,0.0,0.0,0.0,0.0,0.08184111130509447
deletion,0.0,0.7,,overlap,0.1,1.0,50,37,False,0.3070317227254541,0.3071943072640923,0.0,0.6433566433566433,0.33191489361702126,False,True,0,0,1.0,3,42,0.06666666666666667,0.5,117,0.0,0.0,0.0,0.0,0.0645579812815111
deletion,0.0,0.7,,overlap,0.1,1.0,50,38,False,0.2927737920440906,0.2928957304480692,0.0,0.6482758620689655,0.3263598326359833,False,True,0,0,1.0,3,41,0.06818181818181818,0.5,120,0.0,0.0,0.0,0.0,0.09303914940832414
deletion,0.0,0.7,,overlap,0.1,1.0,50,39,False,0.282080344033068,0.2821717978360519,0.0,0.6486486486486487,0.32786885245901637,False,True,0,0,1.0,7,36,0.16279069767441862,0.5,127,0.0,0.0,0.0,0.0,0.15231393439176505
deletion,0.0,0.7,,overlap,0.1,1.0,51,0,False,0.0,0.0,0.0,0.0,1.0,False,True,0,0,0.0,0,0,0.0,0.0,0,0.0,0.0,0.0,0.0,0.0
deletion,0.0,0.7,,overlap,0.1,1.0,51,1,False,0.0,0.0,0.14285714285714285,0.14285714285714285,0.8787878787878788,False,True,0,0,0.2,0,43,0.0,0.0,0,0.0,0.0,0.0,0.0,0.0
deletion,0.0,0.7,,overlap,0.1,1.0,51,2,False,0.03571428571428571,0.03571428571428571,0.2222222222222222,0.2222222222222222,0.8,False,True,0,0,0.3,1,37,0.02631578947368421,1.0,1,0.0,0.0,0.0,0.0,0.02147388372499999
deletion,0.0,0.7,,overlap,0.1,1.0,51,3,False,0.11011904761904763,0.17956349206349206,0.1,0.25,0.72,False,True,0,0,0.4,1,32,0.030303030303030304,0.5,2,0.0,0.0,0.0,0.0,0.08293002556524434
deletion,0.0,0.7,,overlap,0.1,1.0,51,4,False,0.12901785714285713,0.20967261904761902,0.1,0.3333333333333333,0.6545454545454545,False,True,0,0,0.5,1,45,0.021739130434782608,0.3333333333333333,3,0.0,0.0,0.0,0.0,0.06395638565054673
deletion,0.0,0.7,,overlap,0.1,1.0,51,5,False,0.13843005952380952,0.21142113095238094,0.05,0.3448275862068966,0.6271186440677966,False,True,0,0,0.6,3,40,0.06976744186046512,0.3333333333333333,6,0.0,0.0,0.0,0.0,0.09107067167760834
deletion,0.0,0.7,,overlap,0.1,1.0,51,6,False,0.13656063988095238,0.20648251488095237,0.05,0.40625,0.59375,False,True,0,0,0.8,5,35,0.125,0.5454545454545454,11,0.0,0.0,0.0,0.0,0.07700633402924374
deletion,0.0,0.7,,overlap,0.1,1.0,51,7,False,0.15915749289772727,0.22929370434253246,0.0,0.4,0.5797101449275363,False,True,0,0,0.8,4,38,0.09523809523809523,0.4666666666666667,15,0.0,0.0,0.0,0.0,0.14005706223543374
deletion,0.0,0.7,,overlap,0.1,1.0,51,8,False,0.16103478633996213,0.23030361159023266,0.0,0.45,0.5394736842105263,False,True,0,0,1.0,1,37,0.02631578947368421,0.5,16,0.0,0.0,0.0,0.0,0.10012561041586296
deletion,0.0,0.7,,overlap,0.1,1.0,51,9,False,0.1832760897549716,0.2352277086926745,0.0,0.46808510638297873,0.5172413793103449,False,True,0,0,1.0,3,32,0.08571428571428572,0.47368421052631576,19,0.0,0.0,0.0,0.0,0.15671321559191126
deletion,0.0,0.7,,overlap,0.1,1.0,51,10,False,0.19666759363201816,0.23563130783529534,0.0,0.49056603773584906,0.48936170212765956,False,True,0,0,1.0,4,33,0.10810810810810811,0.45,23,0.0,0.0,0.0,0.0,0.12301894065491843
deletion,0.0,0.7,,overlap,0.1,1.0,51,11,False,0.2037506952240136,0.2329734808764715,0.0,0.5,0.4742268041237113,False,True,0,0,1.0,7,38,0.15555555555555556,0.4,30,0.0,0.0,0.0,0.0,0.1561634088671667
deletion,0.0,0.7,,overlap,0.1,1.0,51,12,False,0.2028130214180102,0.2247301106573536,0.0,0.5,0.4811320754716981,False,True,0,0,1.0,6,27,0.18181818181818182,0.55,36,0.0,0.0,0.0,0.0,0.1463931446779264
deletion,0.0,0.7,,overlap,0.1,1.0,51,13,False,0.22085976606350766,0.2372975829930152,0.0,0.5230769230769231,0.46017699115044247,False,True,0,0,1.0,2,37,0.05128205128205128,0.6,38,0.0,0.0,0.0,0.0,0.12042082346966076
deletion,0.0,0.7,,overlap,0.1,1.0,51,14,False,0.24064482454763073,0.2529731872447614,0.0,0.5294117647058824,0.4444444444444444,False,True,0,0,1.0,5,39,0.11363636363636363,0.7,43,0.0,0.0,0.0,0.0,0.12160636557699007
deletion,0.0,0.7,,overlap,0.1,1.0,51,15,False,0.26798361841072305,0.27722989043357105,0.0,0.5342465753424658,0.42857142857142855,False,True,0,0,1.0,4,34,0.10526315789473684,0.85,47,0.0,0.0,0.0,0.0,0.08719521798569356
deletion,0.0,0.7,,overlap,0.1,1.0,51,16,False,0.30723771380804227,0.3141724178251783,0.0,0.5405405405405406,0.4263565891472868,False,True,0,0,1.0,1,38,0.02564102564102564,0.85,48,0.0,0.0,0.0,0.0,0.09271708178787341
deletion,0.0,0.7,,overlap,0.1,1.0,51,17,False,0.3366782853560317,0.3418793133688837,0.0,0.5384615384615384,0.4222222222222222,False,True,0,0,1.0,9,32,0.21951219512195122,0.55,57,0.0,0.0,0.0,0.0,0.17440684869541306
deletion,0.0,0.7,,overlap,0.1,1.0,51,18,False,0.3212587140170238,0.3251594850266628,0.0,0.5555555555555556,0.41304347826086957,False,True,0,0,1.0,11,31,0.2619047619047619,0.35,68,0.0,0.0,0.0,0.0,0.12207066658802504
deletion,0.0,0.7,,overlap,0.1,1.0,51,19,False,0.28469403551276784,0.2876196137699971,0.0,0.5697674418604651,0.3972602739726027,False,True,0,0,1.0,2,30,0.0625,0.35,70,0.0,0.0,0.0,0.0,0.0790747583937626
deletion,0.0,0.7,,overlap,0.1,1.0,51,20,False,0.2572705266345759,0.25946471032749785,0.0,0.5652173913043478,0.3935483870967742,False,True,0,0,1.0,4,35,0.10256410256410256,0.45,74,0.0,0.0,0.0,0.0,0.07109431011646676
deletion,0.0,0.7,,overlap,0.1,1.0,51,21,False,0.24920289497593193,0.2508485327456234,0.0,0.5729166666666666,0.38509316770186336,False,True,0,0,1.0,4,32,0.1111111111111111,0.5,78,0.0,0.0,0.0,0.0,0.11406480555181761
deletion,0.0,0.7,,overlap,0.1,1.0,51,22,False,0.24940217123194894,0.25063639955921757,0.0,0.5784313725490197,0.38235294117647056,False,True,0,0,1.0,9,26,0.2571428571428571,0.4,87,0.0,0.0,0.0,0.0,0.13239295336370946
deletion,0.0,0.7,,overlap,0.1,1.0,51,23,False,0.23705162842396169,0.23797729966941317,0.0,0.5943396226415094,0.37714285714285717,False,True,0,0,1.0,11,33,0.25,0.3,98,0.0,0.0,0.0,0.0,0.14294841225375982
deletion,0.0,0.7,,overlap,0.1,1.0,51,24,False,0.21528872131797128,0.21598297475205988,0.0,0.6055045871559633,0.36464088397790057,False,True,0,0,1.0,9,33,0.21428571428571427,0.25,107,0.0,0.0,0.0,0.0,0.20426382693263964
deletion,0.0,0.7,,overlap,0.1,1.0,51,25,False,0.19271654098847849,0.19323723106404492,0.0,0.6194690265486725,0.35294117647058826,False,True,0,0,1.0,9,40,0.1836734693877551,0.15,116,0.0,0.0,0.0,0.0,0.09712810786527251
deletion,0.0,0.7,,overlap,0.1,1.0,51,26,False,0.16328740574135886,0.16367792329803368,0.0,0.6173913043478261,0.359375,False,True,0,0,1.0,6,38,0.13636363636363635,0.2,122,0.0,0.0,0.0,0.0,0.12625616661184588
deletion,0.0,0.7,,overlap,0.1,1.0,51,27,False,0.14746555430601913,0.14775844247352526,0.0,0.6302521008403361,0.3484848484848485,False,True,0,0,1.0,3,34,0.08108108108108109,0.2,125,0.0,0.0,0.0,0.0,0.09160614630728306
deletion,0.0,0.7,,overlap,0.1,1.0,51,28,False,0.13559916572951436,0.13581883185514396,0.0,0.6290322580645161,0.3497536945812808,False,True,0,0,1.0,4,35,0.10256410256410256,0.25,129,0.0,0.0,0.0,0.0,0.13010657191819336
deletion,0.0,0.7,,overlap,0.1,1.0,51,29,False,0.13294937429713577,0.13311412389135796,0.0,0.6220472440944882,0.3476190476190476,False,True,0,0,1.0,4,32,0.1111111111111111,0.45,133,0.0,0.0,0.0,0.0,0.07752954299628201
deletion,0.0,0.7,,overlap,0.1,1.0,51,30,False,0.1559620307228518,0.15608559291851848,0.0,0.6183206106870229,0.35185185185185186,False,True,0,0,1.0,5,39,0.11363636363636363,0.45,138,0.0,0.0,0.0,0.0,0.0928771788420055
deletion,0.0,0.7,,overlap,0.1,1.0,51,31,False,0.17322152304213886,0.17331419468888887,0.0,0.6212121212121212,0.34234234234234234,False,True,0,0,1.0,11,34,0.24444444444444444,0.4,149,0.0,0.0,0.0,0.0,0.11758509164735138
deletion,0.0,0.7,,overlap,0.1,1.0,51,32,False,0.17991614228160416,0.17998564601666667,0.0,0.625,0.3406113537117904,False,True,0,0,1.0,7,34,0.17073170731707318,0.35,156,0.0,0.0,0.0,0.0,0.11441069778108925
deletion,0.0,0.7,,overlap,0.1,1.0,51,33,False,0.1786871067112031,0.1787392345125,0.0,0.6204379562043796,0.33905579399141633,False,True,0,0,1.0,4,40,0.09090909090909091,0.5,160,0.0,0.0,0.0,0.0,0.13387754970813867
deletion,0.0,0.7,,overlap,0.1,1.0,51,34,False,0.19651533003340235,0.196554425884375,0.0,0.6115107913669064,0.34177215189873417,False,True,0,0,1.0,5,40,0.1111111111111111,0.6,165,0.0,0.0,0.0,0.0,0.0732766975370928
deletion,0.0,0.7,,overlap,0.1,1.0,51,35,False,0.22238649752505177,0.22241581941328126,0.0,0.6126760563380281,0.3360655737704918,False,True,0,0,1.0,2,38,0.05,0.6,167,0.0,0.0,0.0,0.0,0.07167981792703526
deletion,0.0,0.7,,overlap,0.1,1.0,51,36,False,0.24178987314378883,0.24181186455996095,0.0,0.6122448979591837,0.3373015873015873,False,True,0,0,1.0,5,31,0.1388888888888889,0.6,172,0.0,0.0,0.0,0.0,0.06932179423546443
deletion,0.0,0.7,,overlap,0.1,1.0,51,37,False,0.2563424048578416,0.2563588984199707,0.0,0.618421052631579,0.3333333333333333,False,True,0,0,1.0,5,30,0.14285714285714285,0.7,177,0.0,0.0,0.0,0.0,0.10473881901998423
deletion,0.0,0.7,,overlap,0.1,1.0,51,38,False,0.27975680364338124,0.279769173814978,0.0,0.6217948717948718,0.33079847908745247,False,True,0,0,1.0,1,41,0.023809523809523808,0.65,178,0.0,0.0,0.0,0.0,0.13500093419036857
deletion,0.0,0.7,,overlap,0.1,1.0,51,39,False,0.2910676027325359,0.2910768803612335,0.0,0.6125,0.33707865168539325,False,True,0,0,1.0,6,32,0.15789473684210525,0.65,184,0.0,0.0,0.0,0.0,0.16653191403964213
deletion,0.0,0.7,,overlap,0.3,0.5,42,0,False,0.0,0.0,0.0,0.0,1.0,False,True,0,0,0.1,0,0,0.0,0.0,0,0.0,0.0,0.0,0.0,0.0
deletion,0.0,0.7,,overlap,0.3,0.5,42,1,False,0.0,0.0,0.3333333333333333,0.3333333333333333,0.8260869565217391,False,True,0,0,0.5,0,52,0.0,0.0,0,0.0,0.0,0.0,0.0,0.058824499999999974
deletion,0.0,0.7,,overlap,0.3,0.5,42,2,False,0.08333333333333333,0.08333333333333333,0.5,0.5,0.7307692307692307,False,True,0,0,0.5,3,37,0.075,0.0,3,0.0,0.0,0.0,0.0,0.12586718248999998
deletion,0.0,0.7,,overlap,0.3,0.5,42,3,False,0.14285714285714285,0.1875,0.7142857142857143,0.7142857142857143,0.5757575757575758,False,True,0,0,0.8,0,41,0.0,0.0,3,0.0,0.0,0.0,0.0,0.040181294266297594
deletion,0.0,0.7,,overlap,0.3,0.5,42,4,False,0.20918367346938777,0.3191964285714286,0.6470588235294118,0.6470588235294118,0.5945945945945946,False,True,0,0,0.9,2,43,0.044444444444444446,0.2,5,0.0,0.0,0.0,0.0,0.24156000973554873
deletion,0.0,0.7,,overlap,0.3,0.5,42,5,False,0.2707533013205282,0.40116202731092443,0.7,0.7142857142857143,0.5434782608695652,False,True,0,0,0.9,8,32,0.2,0.3076923076923077,13,0.0,0.0,0.0,0.0,0.23362991772401304
deletion,0.0,0.7,,overlap,0.3,0.5,42,6,False,0.3360320089574292,0.4758715204831933,0.6,0.6666666666666666,0.5416666666666666,False,True,0,0,0.9,7,46,0.1320754716981132,0.4,20,0.0,0.0,0.0,0.0,0.2630598773545296
deletion,0.0,0.7,,overlap,0.3,0.5,42,7,False,0.3805954352895004,0.506903640362395,0.45,0.65625,0.5172413793103449,False,True,0,0,0.9,2,32,0.058823529411764705,0.4,22,0.0,0.0,0.0,0.0,0.19366821922641472
deletion,0.0,0.7,,overlap,0.3,0.5,42,8,False,0.3925894336099825,0.49267773027179623,0.45,0.6857142857142857,0.46875,False,True,0,0,0.9,6,43,0.12244897959183673,0.45,28,0.0,0.0,0.0,0.0,0.398784609038746
deletion,0.0,0.7,,overlap,0.3,0.5,42,9,False,0.4069420752074868,0.4820082977038472,0.45,0.7027027027027027,0.4492753623188406,False,True,0,0,0.9,5,35,0.125,0.6,33,0.0,0.0,0.0,0.0,0.3574129471683166
deletion,0.0,0.7,,overlap,0.3,0.5,42,10,False,0.4337779849770437,0.4740062232778854,0.4,0.7,0.4383561643835616,False,True,0,0,1.0,8,35,0.18604651162790697,0.7,41,0.0,0.0,0.0,0.0,0.3595076731200548
deletion,0.0,0.7,,overlap,0.3,0.5,42,11,False,0.4628334887327828,0.49300466745841404,0.3,0.6888888888888889,0.425,False,True,0,0,1.0,5,32,0.13513513513513514,0.75,46,0.0,0.0,0.0,0.0,0.2356167935447712
deletion,0.0,0.7,,overlap,0.3,0.5,42,12,False,0.47837511654958703,0.5010035005938105,0.3,0.7083333333333334,0.4069767441860465,False,True,0,0,1.0,5,31,0.1388888888888889,0.7,51,0.0,0.0,0.0,0.0,0.23770851983416588
deletion,0.0,0.7,,overlap,0.3,0.5,42,13,False,0.48378133741219026,0.5007526254453578,0.25,0.7115384615384616,0.40217391304347827,False,True,0,0,1.0,6,34,0.15,0.8,57,0.0,0.0,0.0,0.0,0.3475089096164802
deletion,0.0,0.7,,overlap,0.3,0.5,42,14,False,0.4940860030591427,0.5068144690840184,0.2,0.7090909090909091,0.3917525773195876,False,True,0,0,1.0,3,40,0.06976744186046512,0.75,60,0.0,0.0,0.0,0.0,0.2776011115966121
deletion,0.0,0.7,,overlap,0.3,0.5,42,15,False,0.489314502294357,0.49886085181301376,0.2,0.7192982456140351,0.3786407766990291,False,True,0,0,1.0,7,39,0.15217391304347827,0.75,67,0.0,0.0,0.0,0.0,0.37136308390433215
deletion,0.0,0.7,,overlap,0.3,0.5,42,16,False,0.48573587672076773,0.4928956388597603,0.15,0.7258064516129032,0.36607142857142855,False,True,0,0,1.0,7,33,0.175,0.65,74,0.0,0.0,0.0,0.0,0.3423499725420089
deletion,0.0,0.7,,overlap,0.3,0.5,42,17,False,0.46430190754057576,0.46967172914482025,0.15,0.734375,0.3504273504273504,False,True,0,0,1.0,9,37,0.1956521739130435,0.65,83,0.0,0.0,0.0,0.0,0.365537615172074
deletion,0.0,0.7,,overlap,0.3,0.5,42,18,False,0.44822643065543183,0.4522537968586152,0.15,0.734375,0.3445378151260504,False,True,0,0,1.0,8,38,0.17391304347826086,0.6,91,0.0,0.0,0.0,0.0,0.3962382525999906
deletion,0.0,0.7,,overlap,0.3,0.5,42,19,False,0.4299198229915739,0.4329403476439614,0.15,0.746268656716418,0.33064516129032256,False,True,0,0,1.0,7,32,0.1794871794871795,0.5,98,0.0,0.0,0.0,0.0,0.29021007191831705
deletion,0.0,0.7,,overlap,0.3,0.5,42,20,False,0.4036898672436804,0.405955260732971,0.05,0.7222222222222222,0.34108527131782945,False,True,0,0,1.0,5,33,0.13157894736842105,0.55,103,0.0,0.0,0.0,0.0,0.3330079812285203
deletion,0.0,0.7,,overlap,0.3,0.5,42,21,False,0.3777674004327603,0.37946644554972825,0.0,0.7272727272727273,0.3333333333333333,False,True,0,0,1.0,5,35,0.125,0.55,108,0.0,0.0,0.0,0.0,0.3601082111503942
deletion,0.0,0.7,,overlap,0.3,0.5,42,22,False,0.3520755503245702,0.35334983416229615,0.0,0.7439024390243902,0.32142857142857145,False,True,0,0,1.0,4,34,0.10526315789473684,0.45,112,0.0,0.0,0.0,0.0,0.3028284779630707
deletion,0.0,0.7,,overlap,0.3,0.5,42,23,False,0.3203066627434277,0.3212623756217221,0.0,0.75,0.3125,False,True,0,0,1.0,5,37,0.11904761904761904,0.45,117,0.0,0.0,0.0,0.0,0.3210707317029608
deletion,0.0,0.7,,overlap,0.3,0.5,42,24,False,0.2964799970575708,0.2971967817162916,0.0,0.7529411764705882,0.3,False,True,0,0,1.0,4,34,0.10526315789473684,0.45,121,0.0,0.0,0.0,0.0,0.3645946379887106
deletion,0.0,0.7,,overlap,0.3,0.5,42,25,False,0.2786099977931781,0.2791475862872187,0.0,0.7529411764705882,0.29605263157894735,False,True,0,0,1.0,9,42,0.17647058823529413,0.45,130,0.0,0.0,0.0,0.0,0.38392846983009465
deletion,0.0,0.7,,overlap,0.3,0.5,42,26,False,0.26520749834488355,0.265610689715414,0.0,0.7386363636363636,0.2974683544303797,False,True,0,0,1.0,8,31,0.20512820512820512,0.5,138,0.0,0.0,0.0,0.0,0.3360096352760672
deletion,0.0,0.7,,overlap,0.3,0.5,42,27,False,0.26140562375866266,0.2617080172865605,0.0,0.7340425531914894,0.29878048780487804,False,True,0,0,1.0,10,31,0.24390243902439024,0.55,148,0.0,0.0,0.0,0.0,0.32008931773127725
deletion,0.0,0.7,,overlap,0.3,0.5,42,28,False,0.264804217818997,0.2650310129649204,0.0,0.7171717171717171,0.30409356725146197,False,True,0,0,1.0,9,27,0.25,0.65,157,0.0,0.0,0.0,0.0,0.4096631613235856
deletion,0.0,0.7,,overlap,0.3,0.5,42,29,False,0.27985316336424776,0.2800232597236903,0.0,0.7227722772277227,0.3028571428571429,False,True,0,0,1.0,3,36,0.07692307692307693,0.65,160,0.0,0.0,0.0,0.0,0.22075498373221625
deletion,0.0,0.7,,overlap,0.3,0.5,42,30,False,0.29113987252318585,0.2912674447927677,0.0,0.7238095238095238,0.2983425414364641,False,True,0,0,1.0,4,31,0.11428571428571428,0.65,164,0.0,0.0,0.0,0.0,0.2840770636631145
deletion,0.0,0.7,,overlap,0.3,0.5,42,31,False,0.29960490439238935,0.2997005835945758,0.0,0.7181818181818181,0.2994652406417112,False,True,0,0,1.0,4,35,0.10256410256410256,0.65,168,0.0,0.0,0.0,0.0,0.3581451916200899
deletion,0.0,0.7,,overlap,0.3,0.5,42,32,False,0.305953678294292,0.3060254376959318,0.0,0.7207207207207207,0.29473684210526313,False,True,0,0,1.0,7,34,0.17073170731707318,0.55,175,0.0,0.0,0.0,0.0,0.27000994531401296
deletion,0.0,0.7,,overlap,0.3,0.5,42,33,False,0.29821525872071897,0.2982690782719489,0.0,0.7168141592920354,0.29591836734693877,False,True,0,0,1.0,2,38,0.05,0.6,177,0.0,0.0,0.0,0.0,0.33551811672000825
deletion,0.0,0.7,,overlap,0.3,0.5,42,34,False,0.29866144404053924,0.2987018087039617,0.0,0.7155172413793104,0.2955665024630542,False,True,0,0,1.0,5,33,0.13157894736842105,0.7,182,0.0,0.0,0.0,0.0,0.34058405385830776
deletion,0.0,0.7,,overlap,0.3,0.5,42,35,False,0.3114960830304044,0.3115263565279712,0.0,0.7226890756302521,0.2898550724637681,False,True,0,0,1.0,6,36,0.14285714285714285,0.55,188,0.0,0.0,0.0,0.0,0.3502572155759507
deletion,0.0,0.7,,overlap,0.3,0.5,42,36,False,0.30237206227280333,0.3023947673959784,0.0,0.7235772357723578,0.28773584905660377,False,True,0,0,1.0,4,34,0.10526315789473684,0.5,192,0.0,0.0,0.0,0.0,0.2755999807396947
deletion,0.0,0.7,,overlap,0.3,0.5,42,37,False,0.2892790467046025,0.28929607554698383,0.0,0.7153846153846154,0.2909090909090909,False,True,0,0,1.0,7,29,0.19444444444444445,0.35,199,0.0,0.0,0.0,0.0,0.3131003953248719
deletion,0.0,0.7,,overlap,0.3,0.5,42,38,False,0.26070928502845186,0.2607220566602379,0.0,0.7164179104477612,0.29385964912280704,False,True,0,0,1.0,6,31,0.16216216216216217,0.35,205,0.0,0.0,0.0,0.0,0.32611319942933364
deletion,0.0,0.7,,overlap,0.3,0.5,42,39,False,0.2392819637713389,0.23929154249517842,0.0,0.7153284671532847,0.2948717948717949,False,True,0,0,1.0,8,37,0.17777777777777778,0.4,213,0.0,0.0,0.0,0.0,0.3064680758425376
deletion,0.0,0.7,,overlap,0.3,0.5,43,0,False,0.0,0.0,0.0,0.0,1.0,False,True,0,0,0.0,0,0,0.0,0.0,0,0.0,0.0,0.0,0.0,0.0
deletion,0.0,0.7,,overlap,0.3,0.5,43,1,False,0.0,0.0,0.09090909090909091,0.09090909090909091,0.8518518518518519,False,True,0,0,0.0,0,50,0.0,0.0,0,0.0,0.0,0.0,0.0,0.0
deletion,0.0,0.7,,overlap,0.3,0.5,43,2,False,0.022727272727272728,0.022727272727272728,0.29411764705882354,0.29411764705882354,0.7575757575757576,False,True,0,0,0.0,0,39,0.0,0.0,0,0.0,0.0,0.0,0.0,0.0
deletion,0.0,0.7,,overlap,0.3,0.5,43,3,False,0.09057486631016043,0.09057486631016043,0.35,0.4090909090909091,0.6341463414634146,False,True,0,0,0.0,0,37,0.0,0.0,0,0.0,0.0,0.0,0.0,0.0
deletion,0.0,0.7,,overlap,0.3,0.5,43,4,False,0.15543114973262032,0.15543114973262032,0.25,0.4,0.6041666666666666,False,True,0,0,0.0,0,38,0.0,0.0,0,0.0,0.0,0.0,0.0,0.0
deletion,0.0,0.7,,overlap,0.3,0.5,43,5,False,0.17907336229946522,0.17907336229946524,0.2,0.4482758620689655,0.5535714285714286,False,True,0,0,0.1,0,38,0.0,0.0,0,0.0,0.0,0.0,0.0,0.0
deletion,0.0,0.7,,overlap,0.3,0.5,43,6,False,0.18430502172459895,0.18430502172459895,0.25,0.4666666666666667,0.5344827586206896,False,True,0,0,0.1,0,40,0.0,0.0,0,0.0,0.0,0.0,0.0,0.35
deletion,0.0,0.7,,overlap,0.3,0.5,43,7,False,0.2007287662934492,0.2007287662934492,0.15,0.4594594594594595,0.5384615384615384,False,True,0,0,0.1,0,40,0.0,0.0,0,0.0,0.0,0.0,0.0,0.24499999999999997
deletion,0.0,0.7,,overlap,0.3,0.5,43,8,False,0.18804657472008693,0.18804657472008693,0.15,0.5,0.5068493150684932,False,True,0,0,0.2,0,46,0.0,0.0,0,0.0,0.0,0.0,0.0,0.08403499999999997
deletion,0.0,0.7,,overlap,0.3,0.5,43,9,False,0.1785349310400652,0.1785349310400652,0.15,0.5121951219512195,0.4868421052631579,False,True,0,0,0.3,0,49,0.0,0.0,0,0.0,0.0,0.0,0.0,0.12956188122499998
deletion,0.0,0.7,,overlap,0.3,0.5,43,10,False,0.1714011982800489,0.1714011982800489,0.2,0.5116279069767442,0.4691358024691358,False,True,0,0,0.3,0,46,0.0,0.0,0,0.0,0.0,0.0,0.0,0.08630870512141497
deletion,0.0,0.7,,overlap,0.3,0.5,43,11,False,0.17855089871003665,0.17855089871003665,0.15,0.5217391304347826,0.43820224719101125,False,True,0,0,0.5,0,42,0.0,0.0,0,0.0,0.0,0.0,0.0,0.02772283559965173
deletion,0.0,0.7,,overlap,0.3,0.5,43,12,False,0.1714131740325275,0.1714131740325275,0.1,0.5208333333333334,0.43010752688172044,False,True,0,0,0.6,0,39,0.0,0.0,0,0.0,0.0,0.0,0.0,0.02570568956640832
deletion,0.0,0.7,,overlap,0.3,0.5,43,13,False,0.15355988052439562,0.15355988052439562,0.05,0.5294117647058824,0.41836734693877553,False,True,0,0,0.8,0,41,0.0,0.0,0,0.0,0.0,0.0,0.0,0.06248358936286937
deletion,0.0,0.7,,overlap,0.3,0.5,43,14,False,0.12766991039329673,0.12766991039329673,0.0,0.5272727272727272,0.41346153846153844,False,True,0,0,0.9,0,40,0.0,0.0,0,0.0,0.0,0.0,0.0,0.06824306594339744
deletion,0.0,0.7,,overlap,0.3,0.5,43,15,False,0.09575243279497254,0.09575243279497254,0.0,0.5357142857142857,0.39814814814814814,False,True,0,0,0.9,3,40,0.06976744186046512,1.0,3,0.0,0.0,0.0,0.0,0.0596703503771764
deletion,0.0,0.7,,overlap,0.3,0.5,43,16,False,0.17895718173908653,0.1968143245962294,0.0,0.5737704918032787,0.37719298245614036,False,True,0,0,1.0,3,35,0.07894736842105263,0.5,6,0.0,0.0,0.0,0.0,0.31955987048950124
deletion,0.0,0.7,,overlap,0.3,0.5,43,17,False,0.19671788630431492,0.21011074344717207,0.0,0.5873015873015873,0.3697478991596639,False,True,0,0,1.0,3,39,0.07142857142857142,0.3333333333333333,9,0.0,0.0,0.0,0.0,0.11340156004286986
deletion,0.0,0.7,,overlap,0.3,0.5,43,18,False,0.18920508139490286,0.1992497242520457,0.0,0.59375,0.36,False,True,0,0,1.0,4,39,0.09302325581395349,0.3076923076923077,13,0.0,0.0,0.0,0.0,0.20221099570563333
deletion,0.0,0.7,,overlap,0.3,0.5,43,19,False,0.1803653495077156,0.18789883165057275,0.0,0.6086956521739131,0.3484848484848485,False,True,0,0,1.0,7,31,0.18421052631578946,0.4,20,0.0,0.0,0.0,0.0,0.32640491858725873
deletion,0.0,0.7,,overlap,0.3,0.5,43,20,False,0.1852740121307867,0.19092412373792955,0.0,0.6,0.3381294964028777,False,True,0,0,1.0,12,31,0.27906976744186046,0.5,32,0.0,0.0,0.0,0.0,0.3575159744594726
deletion,0.0,0.7,,overlap,0.3,0.5,43,21,False,0.20145550909809,0.20569309280344716,0.0,0.6052631578947368,0.33783783783783783,False,True,0,0,1.0,13,25,0.34210526315789475,0.5,45,0.0,0.0,0.0,0.0,0.3915918601221494
deletion,0.0,0.7,,overlap,0.3,0.5,43,22,False,0.21359163182356752,0.21676981960258537,0.0,0.5974025974025974,0.3464052287581699,False,True,0,0,1.0,9,35,0.20454545454545456,0.5,54,0.0,0.0,0.0,0.0,0.3380891344983454
deletion,0.0,0.7,,overlap,0.3,0.5,43,23,False,0.22269372386767564,0.22507736470193904,0.0,0.6075949367088608,0.3419354838709677,False,True,0,0,1.0,1,45,0.021739130434782608,0.45,55,0.0,0.0,0.0,0.0,0.2481543596917834
deletion,0.0,0.7,,overlap,0.3,0.5,43,24,False,0.2232702929007567,0.22505802352645427,0.0,0.6190476190476191,0.3374233128834356,False,True,0,0,1.0,6,32,0.15789473684210525,0.45,61,0.0,0.0,0.0,0.0,0.3602620418993038
deletion,0.0,0.7,,overlap,0.3,0.5,43,25,False,0.2237027196755675,0.22504351764484068,0.0,0.6179775280898876,0.3391812865497076,False,True,0,0,1.0,5,40,0.1111111111111111,0.45,66,0.0,0.0,0.0,0.0,0.3952567108896684
deletion,0.0,0.7,,overlap,0.3,0.5,43,26,False,0.22402703975667565,0.2250326382336305,0.0,0.631578947368421,0.33519553072625696,False,True,0,0,1.0,10,27,0.2702702702702703,0.5,76,0.0,0.0,0.0,0.0,0.3838540427656364
deletion,0.0,0.7,,overlap,0.3,0.5,43,27,False,0.23052027981750672,0.23127447867522288,0.0,0.6363636363636364,0.33152173913043476,False,True,0,0,1.0,1,36,0.02702702702702703,0.5,77,0.0,0.0,0.0,0.0,0.2793484320980054
deletion,0.0,0.7,,overlap,0.3,0.5,43,28,False,0.23539020986313003,0.23595585900641716,0.0,0.6407766990291263,0.32460732984293195,False,True,0,0,1.0,9,30,0.23076923076923078,0.45,86,0.0,0.0,0.0,0.0,0.4162287831939812
deletion,0.0,0.7,,overlap,0.3,0.5,43,29,False,0.23279265739734753,0.23321689425481287,0.0,0.6442307692307693,0.3181818181818182,False,True,0,0,1.0,12,32,0.2727272727272727,0.4,98,0.0,0.0,0.0,0.0,0.38819571034348754
deletion,0.0,0.7,,overlap,0.3,0.5,43,30,False,0.22459449304801066,0.22491267069110965,0.0,0.6422018348623854,0.31862745098039214,False,True,0,0,1.0,2,33,0.05714285714285714,0.45,100,0.0,0.0,0.0,0.0,0.3804041621206534
deletion,0.0,0.7,,overlap,0.3,0.5,43,31,False,0.22469586978600797,0.22493450301833223,0.0,0.6460176991150443,0.3160377358490566,False,True,0,0,1.0,3,32,0.08571428571428572,0.55,103,0.0,0.0,0.0,0.0,0.33341901824630993
deletion,0.0,0.7,,overlap,0.3,0.5,43,32,False,0.23727190233950599,0.23745087726374917,0.0,0.6551724137931034,0.31363636363636366,False,True,0,0,1.0,3,38,0.07317073170731707,0.6,106,0.0,0.0,0.0,0.0,0.29115332827357876
deletion,0.0,0.7,,overlap,0.3,0.5,43,33,False,0.25295392675462947,0.25308815794781186,0.0,0.6554621848739496,0.3169642857142857,False,True,0,0,1.0,2,43,0.044444444444444446,0.65,108,0.0,0.0,0.0,0.0,0.29580340533480465
deletion,0.0,0.7,,overlap,0.3,0.5,43,34,False,0.2709654450659721,0.2710661184608589,0.0,0.6639344262295082,0.31140350877192985,False,True,0,0,1.0,6,35,0.14634146341463414,0.7,114,0.0,0.0,0.0,0.0,0.28737635538055434
deletion,0.0,0.7,,overlap,0.3,0.5,43,35,False,0.29072408379947906,0.29079958884564416,0.0,0.6666666666666666,0.3076923076923077,False,True,0,0,1.0,6,39,0.13333333333333333,0.55,120,0.0,0.0,0.0,0.0,0.3361119074483202
deletion,0.0,0.7,,overlap,0.3,0.5,43,36,False,0.2867930628496093,0.28684969163423313,0.0,0.6717557251908397,0.30416666666666664,False,True,0,0,1.0,8,33,0.1951219512195122,0.35,128,0.0,0.0,0.0,0.0,0.28323860561156894
deletion,0.0,0.7,,overlap,0.3,0.5,43,37,False,0.258844797137207,0.25888726872567486,0.0,0.674074074074074,0.3064516129032258,False,True,0,0,1.0,8,27,0.22857142857142856,0.35,136,0.0,0.0,0.0,0.0,0.3081651351253148
deletion,0.0,0.7,,overlap,0.3,0.5,43,38,False,0.23788359785290525,0.23791545154425614,0.0,0.6830985915492958,0.3035019455252918,False,True,0,0,1.0,6,30,0.16666666666666666,0.4,142,0.0,0.0,0.0,0.0,0.31860329042562185
deletion,0.0,0.7,,overlap,0.3,0.5,43,39,False,0.22841269838967895,0.2284365886581921,0.0,0.673469387755102,0.30566037735849055,False,True,0,0,1.0,7,33,0.175,0.45,149,0.0,0.0,0.0,0.0,0.3806705720632525
deletion,0.0,0.7,,overlap,0.3,0.5,44,0,False,0.0,0.0,0.0,0.0,1.0,False,True,0,0,0.0,0,0,0.0,0.0,0,0.0,0.0,0.0,0.0,0.0
deletion,0.0,0.7,,overlap,0.3,0.5,44,1,False,0.0,0.0,0.3,0.3,0.72,False,True,0,0,0.1,0,43,0.0,0.0,0,0.0,0.0,0.0,0.0,0.0
deletion,0.0,0.7,,overlap,0.3,0.5,44,2,False,0.075,0.075,0.38461538461538464,0.38461538461538464,0.6785714285714286,False,True,0,0,0.1,0,45,0.0,0.0,0,0.0,0.0,0.0,0.0,0.0
deletion,0.0,0.7,,overlap,0.3,0.5,44,3,False,0.15240384615384617,0.15240384615384617,0.45,0.45,0.5897435897435898,False,True,0,0,0.1,0,35,0.0,0.0,0,0.0,0.0,0.0,0.0,0.0
deletion,0.0,0.7,,overlap,0.3,0.5,44,4,False,0.22680288461538461,0.22680288461538461,0.45,0.5,0.5476190476190477,False,True,0,0,0.1,1,38,0.02564102564102564,1.0,1,0.0,0.0,0.0,0.0,0.24499999999999997
deletion,0.0,0.7,,overlap,0.3,0.5,44,5,False,0.28260216346153844,0.28260216346153844,0.45,0.56,0.5111111111111111,False,True,0,0,0.3,0,44,0.0,1.0,1,0.0,0.0,0.0,0.0,0.24499999999999997
deletion,0.0,0.7,,overlap,0.3,0.5,44,6,False,0.3342730511675824,0.3932016225961538,0.45,0.6333333333333333,0.4807692307692308,False,True,0,0,0.3,2,33,0.05714285714285714,0.3333333333333333,3,0.0,0.0,0.0,0.0,0.6386549999999999
deletion,0.0,0.7,,overlap,0.3,0.5,44,7,False,0.36112145504235343,0.392817883613782,0.3,0.5714285714285714,0.5084745762711864,False,True,0,0,0.4,6,39,0.13333333333333333,0.6666666666666666,9,0.0,0.0,0.0,0.0,0.9152587458499998
deletion,0.0,0.7,,overlap,0.3,0.5,44,8,False,0.3589363293770032,0.4154467460436698,0.3,0.6153846153846154,0.47619047619047616,False,True,0,0,0.4,5,42,0.10638297872340426,0.6428571428571429,14,0.0,0.0,0.0,0.0,0.5073249548715111
deletion,0.0,0.7,,overlap,0.3,0.5,44,9,False,0.3564471449919361,0.4294422023898953,0.3,0.6341463414634146,0.45588235294117646,False,True,0,0,0.6,3,42,0.06666666666666667,0.7058823529411765,17,0.0,0.0,0.0,0.0,0.8654683627816978
deletion,0.0,0.7,,overlap,0.3,0.5,44,10,False,0.3713269553826075,0.4478169459100685,0.15,0.6170212765957447,0.4430379746835443,False,True,0,0,0.6,6,32,0.15789473684210525,0.7,23,0.0,0.0,0.0,0.0,0.6423502560198289
deletion,0.0,0.7,,overlap,0.3,0.5,44,11,False,0.3552809308226699,0.4421127094325514,0.15,0.6538461538461539,0.4166666666666667,False,True,0,0,0.7,10,32,0.23809523809523808,0.75,33,0.0,0.0,0.0,0.0,0.4440552746483566
deletion,0.0,0.7,,overlap,0.3,0.5,44,12,False,0.357532126688431,0.4440845320744135,0.15,0.6666666666666666,0.39325842696629215,False,True,0,0,0.8,3,37,0.075,0.7,36,0.0,0.0,0.0,0.0,0.2667519155005703
deletion,0.0,0.7,,overlap,0.3,0.5,44,13,False,0.36457766644489464,0.4393133990558101,0.1,0.6666666666666666,0.3894736842105263,False,True,0,0,0.8,3,35,0.07894736842105263,0.6,39,0.0,0.0,0.0,0.0,0.2781948788130664
deletion,0.0,0.7,,overlap,0.3,0.5,44,14,False,0.3520046784050996,0.41698504929185765,0.1,0.6885245901639344,0.3627450980392157,False,True,0,0,0.9,2,38,0.05,0.6,41,0.0,0.0,0.0,0.0,0.3044763037012363
deletion,0.0,0.7,,overlap,0.3,0.5,44,15,False,0.34257493737525324,0.40023878696889326,0.05,0.6825396825396826,0.3644859813084112,False,True,0,0,0.9,8,42,0.16,0.65,49,0.0,0.0,0.0,0.0,0.2997251114190842
deletion,0.0,0.7,,overlap,0.3,0.5,44,16,False,0.33371691731715425,0.38767909022666996,0.0,0.6865671641791045,0.36607142857142855,False,True,0,0,0.9,6,39,0.13333333333333333,0.6,55,0.0,0.0,0.0,0.0,0.3109853549895552
deletion,0.0,0.7,,overlap,0.3,0.5,44,17,False,0.31457340227358,0.36575931767000247,0.0,0.6956521739130435,0.358974358974359,False,True,0,0,0.9,6,38,0.13636363636363635,0.75,61,0.0,0.0,0.0,0.0,0.32131138946326715
deletion,0.0,0.7,,overlap,0.3,0.5,44,18,False,0.31628719456232784,0.36806948825250185,0.0,0.7027027027027027,0.3412698412698413,False,True,0,0,0.9,7,34,0.17073170731707318,0.65,68,0.0,0.0,0.0,0.0,0.30419412132208196
deletion,0.0,0.7,,overlap,0.3,0.5,44,19,False,0.306858253064603,0.3573021161893764,0.0,0.7,0.3383458646616541,False,True,0,0,1.0,5,33,0.13157894736842105,0.65,73,0.0,0.0,0.0,0.0,0.3337512453193696
deletion,0.0,0.7,,overlap,0.3,0.5,44,20,False,0.3113936897984523,0.3492265871420323,0.0,0.7176470588235294,0.32142857142857145,False,True,0,0,1.0,6,34,0.15,0.6,79,0.0,0.0,0.0,0.0,0.3208776083259104
deletion,0.0,0.7,,overlap,0.3,0.5,44,21,False,0.3085452673488392,0.33691994035652423,0.0,0.7191011235955056,0.3129251700680272,False,True,0,0,1.0,7,28,0.2,0.65,86,0.0,0.0,0.0,0.0,0.3267823781715081
deletion,0.0,0.7,,overlap,0.3,0.5,44,22,False,0.3126589505116294,0.3339399552673932,0.0,0.7252747252747253,0.3092105263157895,False,True,0,0,1.0,8,33,0.1951219512195122,0.65,94,0.0,0.0,0.0,0.0,0.3533452178636802
deletion,0.0,0.7,,overlap,0.3,0.5,44,23,False,0.31574421288372206,0.33170496645054487,0.0,0.7204301075268817,0.3076923076923077,False,True,0,0,1.0,7,35,0.16666666666666666,0.6,101,0.0,0.0,0.0,0.0,0.32706038934447473
deletion,0.0,0.7,,overlap,0.3,0.5,44,24,False,0.3118081596627915,0.32377872483790865,0.0,0.7142857142857143,0.3067484662576687,False,True,0,0,1.0,4,40,0.09090909090909091,0.5,105,0.0,0.0,0.0,0.0,0.34168133042897103
deletion,0.0,0.7,,overlap,0.3,0.5,44,25,False,0.2963561197470937,0.3053340436284315,0.0,0.7087378640776699,0.3076923076923077,False,True,0,0,1.0,5,32,0.13513513513513514,0.55,110,0.0,0.0,0.0,0.0,0.32156491093993295
deletion,0.0,0.7,,overlap,0.3,0.5,44,26,False,0.2910170898103202,0.29775053272132357,0.0,0.7169811320754716,0.29545454545454547,False,True,0,0,1.0,2,36,0.05263157894736842,0.5,112,0.0,0.0,0.0,0.0,0.3273812467862472
deletion,0.0,0.7,,overlap,0.3,0.5,44,27,False,0.28076281735774017,0.28581289954099265,0.0,0.7027027027027027,0.30601092896174864,False,True,0,0,1.0,5,35,0.125,0.4,117,0.0,0.0,0.0,0.0,0.3060965309704028
deletion,0.0,0.7,,overlap,0.3,0.5,44,28,False,0.26057211301830513,0.2643596746557445,0.0,0.7105263157894737,0.3010752688172043,False,True,0,0,1.0,5,34,0.1282051282051282,0.45,122,0.0,0.0,0.0,0.0,0.31625736386076947
deletion,0.0,0.7,,overlap,0.3,0.5,44,29,False,0.25167908476372886,0.25451975599180837,0.0,0.7155172413793104,0.296875,False,True,0,0,1.0,5,34,0.1282051282051282,0.5,127,0.0,0.0,0.0,0.0,0.3035867624522456
deletion,0.0,0.7,,overlap,0.3,0.5,44,30,False,0.2512593135727966,0.25338981699385627,0.0,0.717948717948718,0.2923076923076923,False,True,0,0,1.0,10,44,0.18518518518518517,0.6,137,0.0,0.0,0.0,0.0,0.3328512388667191
deletion,0.0,0.7,,overlap,0.3,0.5,44,31,False,0.2634444851795975,0.2650423627453922,0.0,0.71900826446281,0.2871287128712871,False,True,0,0,1.0,2,36,0.05263157894736842,0.6,139,0.0,0.0,0.0,0.0,0.39160399622496944
deletion,0.0,0.7,,overlap,0.3,0.5,44,32,False,0.2725833638846981,0.2737817720590442,0.0,0.71875,0.28708133971291866,False,True,0,0,1.0,3,33,0.08333333333333333,0.65,142,0.0,0.0,0.0,0.0,0.42919269661181636
deletion,0.0,0.7,,overlap,0.3,0.5,44,33,False,0.28568752291352356,0.28658632904428316,0.0,0.7099236641221374,0.28837209302325584,False,True,0,0,1.0,12,35,0.2553191489361702,0.5,154,0.0,0.0,0.0,0.0,0.3971876481169805
deletion,0.0,0.7,,overlap,0.3,0.5,44,34,False,0.2767656421851427,0.27743974678321237,0.0,0.7132352941176471,0.28378378378378377,False,True,0,0,1.0,10,34,0.22727272727272727,0.5,164,0.0,0.0,0.0,0.0,0.32229306120661266
deletion,0.0,0.7,,overlap,0.3,0.5,44,35,False,0.270074231638857,0.2705798100874093,0.0,0.6993006993006993,0.2974137931034483,False,True,0,0,1.0,6,36,0.14285714285714285,0.55,170,0.0,0.0,0.0,0.0,0.3035623883098413
deletion,0.0,0.7,,overlap,0.3,0.5,44,36,False,0.27130567372914277,0.27168485756555694,0.0,0.7034482758620689,0.2911392405063291,False,True,0,0,1.0,10,31,0.24390243902439024,0.5,180,0.0,0.0,0.0,0.0,0.3438288042334491
deletion,0.0,0.7,,overlap,0.3,0.5,44,37,False,0.26597925529685706,0.26626364317416773,0.0,0.7114093959731543,0.2863070539419087,False,True,0,0,1.0,7,36,0.16279069767441862,0.3,187,0.0,0.0,0.0,0.0,0.2846004939285506
deletion,0.0,0.7,,overlap,0.3,0.5,44,38,False,0.2369844414726428,0.2371977323806258,0.0,0.7012987012987013,0.2903225806451613,False,True,0,0,1.0,0,39,0.0,0.3,187,0.0,0.0,0.0,0.0,0.22935174904179684
deletion,0.0,0.7,,overlap,0.3,0.5,44,39,False,0.21523833110448212,0.21539829928546936,0.0,0.7025316455696202,0.2885375494071146,False,True,0,0,1.0,2,40,0.047619047619047616,0.25,189,0.0,0.0,0.0,0.0,0.35953927638717775
deletion,0.0,0.7,,overlap,0.3,0.5,45,0,False,0.0,0.0,0.0,0.0,1.0,False,True,0,0,0.2,0,0,0.0,0.0,0,0.0,0.0,0.0,0.0,0.0
deletion,0.0,0.7,,overlap,0.3,0.5,45,1,False,0.0,0.0,0.35294117647058826,0.35294117647058826,0.8064516129032258,False,True,0,0,0.2,0,41,0.0,0.0,0,0.0,0.0,0.0,0.0,0.16451749999999998
deletion,0.0,0.7,,overlap,0.3,0.5,45,2,False,0.08823529411764706,0.08823529411764706,0.3888888888888889,0.3888888888888889,0.7575757575757576,False,True,0,0,0.5,0,46,0.0,0.0,0,0.0,0.0,0.0,0.0,0.06496831685749997
deletion,0.0,0.7,,overlap,0.3,0.5,45,3,False,0.16339869281045752,0.16339869281045752,0.45,0.47619047619047616,0.6756756756756757,False,True,0,0,0.7,1,41,0.023809523809523808,0.0,1,0.0,0.0,0.0,0.0,0.115877759305696
deletion,0.0,0.7,,overlap,0.3,0.5,45,4,False,0.1948704481792717,0.23504901960784313,0.45,0.5217391304347826,0.6097560975609756,False,True,0,0,0.7,1,34,0.02857142857142857,0.0,2,0.0,0.0,0.0,0.0,0.06350415743554713
deletion,0.0,0.7,,overlap,0.3,0.5,45,5,False,0.21847426470588235,0.2887867647058823,0.45,0.5217391304347826,0.5681818181818182,False,True,0,0,0.8,7,35,0.16666666666666666,0.7777777777777778,9,0.0,0.0,0.0,0.0,0.2112643060022772
deletion,0.0,0.7,,overlap,0.3,0.5,45,6,False,0.3114747461484594,0.37006229575163396,0.3,0.5172413793103449,0.5471698113207547,False,True,0,0,0.8,7,27,0.20588235294117646,0.75,16,0.0,0.0,0.0,0.0,0.27040518096987076
deletion,0.0,0.7,,overlap,0.3,0.5,45,7,False,0.35682034532563023,0.4087967218137255,0.25,0.53125,0.5263157894736842,False,True,0,0,1.0,4,41,0.08888888888888889,0.75,20,0.0,0.0,0.0,0.0,0.25403871234213204
deletion,0.0,0.7,,overlap,0.3,0.5,45,8,False,0.39261525899422267,0.43159754136029416,0.25,0.5454545454545454,0.4918032786885246,False,True,0,0,1.0,6,44,0.12,0.65,26,0.0,0.0,0.0,0.0,0.3236830362181646
deletion,0.0,0.7,,overlap,0.3,0.5,45,9,False,0.40696144424566694,0.4361981560202206,0.25,0.5714285714285714,0.4626865671641791,False,True,0,0,1.0,6,36,0.14285714285714285,0.6,32,0.0,0.0,0.0,0.0,0.44459982057414194
deletion,0.0,0.7,,overlap,0.3,0.5,45,10,False,0.41147108318425024,0.43339861701516547,0.3,0.5897435897435898,0.4383561643835616,False,True,0,0,1.0,9,32,0.21951219512195122,0.6,41,0.0,0.0,0.0,0.0,0.4164867483473406
deletion,0.0,0.7,,overlap,0.3,0.5,45,11,False,0.42110331238818766,0.43754896276137406,0.2,0.5909090909090909,0.4375,False,True,0,0,1.0,9,31,0.225,0.55,50,0.0,0.0,0.0,0.0,0.4285495607171067
deletion,0.0,0.7,,overlap,0.3,0.5,45,12,False,0.4095774842911407,0.42191172207103056,0.2,0.6170212765957447,0.4166666666666667,False,True,0,0,1.0,11,34,0.24444444444444444,0.65,61,0.0,0.0,0.0,0.0,0.41534476618038846
deletion,0.0,0.7,,overlap,0.3,0.5,45,13,False,0.4134331132183556,0.4226837915532729,0.15,0.6346153846153846,0.4065934065934066,False,True,0,0,1.0,12,26,0.3157894736842105,0.7,73,0.0,0.0,0.0,0.0,0.3645805555340045
deletion,0.0,0.7,,overlap,0.3,0.5,45,14,False,0.41632483491376665,0.4232628436649547,0.15,0.6545454545454545,0.38144329896907214,False,True,0,0,1.0,7,33,0.175,0.65,80,0.0,0.0,0.0,0.0,0.38014741153105513
deletion,0.0,0.7,,overlap,0.3,0.5,45,15,False,0.412243626185325,0.41744713274871603,0.1,0.6610169491525424,0.36538461538461536,False,True,0,0,1.0,5,39,0.11363636363636363,0.45,85,0.0,0.0,0.0,0.0,0.34409772264989213
deletion,0.0,0.7,,overlap,0.3,0.5,45,16,False,0.3779327196389937,0.381835349561537,0.1,0.6666666666666666,0.3584905660377358,False,True,0,0,1.0,4,43,0.0851063829787234,0.45,89,0.0,0.0,0.0,0.0,0.3291742870533581
deletion,0.0,0.7,,overlap,0.3,0.5,45,17,False,0.3521995397292453,0.35512651217115276,0.05,0.671875,0.35135135135135137,False,True,0,0,1.0,13,35,0.2708333333333333,0.5,102,0.0,0.0,0.0,0.0,0.33292281974662247
deletion,0.0,0.7,,overlap,0.3,0.5,45,18,False,0.3328996547969339,0.3350948841283645,0.05,0.6865671641791045,0.34210526315789475,False,True,0,0,1.0,9,37,0.1956521739130435,0.6,111,0.0,0.0,0.0,0.0,0.3381822538143858
deletion,0.0,0.7,,overlap,0.3,0.5,45,19,False,0.3309247410977005,0.3325711630962734,0.0,0.6714285714285714,0.36363636363636365,False,True,0,0,1.0,10,25,0.2857142857142857,0.65,121,0.0,0.0,0.0,0.0,0.344724914989805
deletion,0.0,0.7,,overlap,0.3,0.5,45,20,False,0.32944355582327534,0.33067837232220504,0.0,0.684931506849315,0.3543307086614173,False,True,0,0,1.0,8,38,0.17391304347826086,0.6,129,0.0,0.0,0.0,0.0,0.35817651712234533
deletion,0.0,0.7,,overlap,0.3,0.5,45,21,False,0.3220826668674565,0.3230087792416538,0.0,0.6883116883116883,0.3511450381679389,False,True,0,0,1.0,9,33,0.21428571428571427,0.5,138,0.0,0.0,0.0,0.0,0.3709981639739376
deletion,0.0,0.7,,overlap,0.3,0.5,45,22,False,0.3040620001505924,0.3047565844312403,0.0,0.691358024691358,0.34558823529411764,False,True,0,0,1.0,9,25,0.2647058823529412,0.5,147,0.0,0.0,0.0,0.0,0.3840793688097047
deletion,0.0,0.7,,overlap,0.3,0.5,45,23,False,0.2905465001129443,0.29106743832343024,0.0,0.6941176470588235,0.3356643356643357,False,True,0,0,1.0,6,34,0.15,0.65,153,0.0,0.0,0.0,0.0,0.3957904764845789
deletion,0.0,0.7,,overlap,0.3,0.5,45,24,False,0.2991598750847082,0.2995505787425727,0.0,0.6813186813186813,0.33774834437086093,False,True,0,0,1.0,7,27,0.20588235294117646,0.7,160,0.0,0.0,0.0,0.0,0.3228701474098822
deletion,0.0,0.7,,overlap,0.3,0.5,45,25,False,0.3118699063135312,0.3121629340569295,0.0,0.6947368421052632,0.3248407643312102,False,True,0,0,1.0,6,33,0.15384615384615385,0.65,166,0.0,0.0,0.0,0.0,0.3855479125553312
deletion,0.0,0.7,,overlap,0.3,0.5,45,26,False,0.3151524297351484,0.31537220054269716,0.0,0.7040816326530612,0.3148148148148148,False,True,0,0,1.0,3,42,0.06666666666666667,0.65,169,0.0,0.0,0.0,0.0,0.2635087801389521
deletion,0.0,0.7,,overlap,0.3,0.5,45,27,False,0.31761432230136133,0.31777915040702287,0.0,0.71,0.3072289156626506,False,True,0,0,1.0,7,32,0.1794871794871795,0.45,176,0.0,0.0,0.0,0.0,0.3268661627916295
deletion,0.0,0.7,,overlap,0.3,0.5,45,28,False,0.294460741726021,0.2945843628052672,0.0,0.7156862745098039,0.3023255813953488,False,True,0,0,1.0,6,36,0.14285714285714285,0.45,182,0.0,0.0,0.0,0.0,0.35987834856246403
deletion,0.0,0.7,,overlap,0.3,0.5,45,29,False,0.27709555629451577,0.2771882721039504,0.0,0.7115384615384616,0.30386740331491713,False,True,0,0,1.0,6,31,0.16216216216216217,0.55,188,0.0,0.0,0.0,0.0,0.3181505004855206
deletion,0.0,0.7,,overlap,0.3,0.5,45,30,False,0.27657166722088683,0.2766412040779628,0.0,0.7169811320754716,0.2925531914893617,False,True,0,0,1.0,8,36,0.18181818181818182,0.7,196,0.0,0.0,0.0,0.0,0.32610664740316636
deletion,0.0,0.7,,overlap,0.3,0.5,45,31,False,0.29492875041566513,0.2949809030584721,0.0,0.7222222222222222,0.2849740932642487,False,True,0,0,1.0,10,33,0.23255813953488372,0.65,206,0.0,0.0,0.0,0.0,0.3976915813704729
deletion,0.0,0.7,,overlap,0.3,0.5,45,32,False,0.30244656281174886,0.30248567729385406,0.0,0.7256637168141593,0.2814070351758794,False,True,0,0,1.0,8,35,0.18604651162790697,0.75,214,0.0,0.0,0.0,0.0,0.4158114293014491
deletion,0.0,0.7,,overlap,0.3,0.5,45,33,False,0.3205849221088117,0.32061425797039056,0.0,0.7304347826086957,0.2780487804878049,False,True,0,0,1.0,6,40,0.13043478260869565,0.75,220,0.0,0.0,0.0,0.0,0.26514126457888415
deletion,0.0,0.7,,overlap,0.3,0.5,45,34,False,0.3341886915816087,0.3342106934777929,0.0,0.7310924369747899,0.2761904761904762,False,True,0,0,1.0,4,42,0.08695652173913043,0.55,224,0.0,0.0,0.0,0.0,0.15128960007250708
deletion,0.0,0.7,,overlap,0.3,0.5,45,35,False,0.3193915186862065,0.3194080201083447,0.0,0.7235772357723578,0.2764976958525346,False,True,0,0,1.0,4,32,0.1111111111111111,0.55,228,0.0,0.0,0.0,0.0,0.2630076647534538
deletion,0.0,0.7,,overlap,0.3,0.5,45,36,False,0.30829363901465495,0.30830601508125854,0.0,0.7131782945736435,0.2857142857142857,False,True,0,0,1.0,7,29,0.19444444444444445,0.45,235,0.0,0.0,0.0,0.0,0.3170755909957442
deletion,0.0,0.7,,overlap,0.3,0.5,45,37,False,0.28747022926099125,0.2874795113109439,0.0,0.7164179104477612,0.2801724137931034,False,True,0,0,1.0,9,27,0.25,0.45,244,0.0,0.0,0.0,0.0,0.34536073636411624
deletion,0.0,0.7,,overlap,0.3,0.5,45,38,False,0.2718526719457434,0.27185963348320796,0.0,0.7153284671532847,0.2796610169491525,False,True,0,0,1.0,5,40,0.1111111111111111,0.45,249,0.0,0.0,0.0,0.0,0.3415757590845034
deletion,0.0,0.7,,overlap,0.3,0.5,45,39,False,0.2601395039593076,0.260144725112406,0.0,0.7021276595744681,0.2839506172839506,False,True,0,0,1.0,6,33,0.15384615384615385,0.5,255,0.0,0.0,0.0,0.0,0.35164869270154725
deletion,0.0,0.7,,overlap,0.3,0.5,46,0,False,0.0,0.0,0.0,0.0,1.0,False,True,0,0,0.1,0,0,0.0,0.0,0,0.0,0.0,0.0,0.0,0.0
deletion,0.0,0.7,,overlap,0.3,0.5,46,1,False,0.0,0.0,0.2,0.2,0.8333333333333334,False,True,0,0,0.2,0,46,0.0,0.0,0,0.0,0.0,0.0,0.0,0.12004999999999996
deletion,0.0,0.7,,overlap,0.3,0.5,46,2,False,0.05,0.05,0.2857142857142857,0.2857142857142857,0.7419354838709677,False,True,0,0,0.3,0,40,0.0,0.0,0,0.0,0.0,0.0,0.0,0.05000082499999998
deletion,0.0,0.7,,overlap,0.3,0.5,46,3,False,0.10892857142857142,0.10892857142857143,0.3333333333333333,0.3333333333333333,0.6764705882352942,False,True,0,0,0.4,0,37,0.0,0.0,0,0.0,0.0,0.0,0.0,0.12452263962141498
deletion,0.0,0.7,,overlap,0.3,0.5,46,4,False,0.1650297619047619,0.1650297619047619,0.4,0.4782608695652174,0.5813953488372093,False,True,0,0,0.5,1,34,0.02857142857142857,0.0,1,0.0,0.0,0.0,0.0,0.060195269618567145
deletion,0.0,0.7,,overlap,0.3,0.5,46,5,False,0.20234375,0.22377232142857142,0.4,0.5,0.5555555555555556,False,True,0,0,0.6,2,45,0.0425531914893617,0.0,3,0.0,0.0,0.0,0.0,0.20465375678526804
deletion,0.0,0.7,,overlap,0.3,0.5,46,6,False,0.22318638392857143,0.2678292410714286,0.25,0.5,0.5370370370370371,False,True,0,0,0.8,5,33,0.13157894736842105,0.125,8,0.0,0.0,0.0,0.0,0.19169101376932637
deletion,0.0,0.7,,overlap,0.3,0.5,46,7,False,0.2187290736607143,0.26337193080357146,0.3,0.53125,0.5172413793103449,False,True,0,0,0.8,8,35,0.18604651162790697,0.1875,16,0.0,0.0,0.0,0.0,0.3612852786637209
deletion,0.0,0.7,,overlap,0.3,0.5,46,8,False,0.22900216238839285,0.2725289481026786,0.2,0.5277777777777778,0.5079365079365079,False,True,0,0,0.8,6,38,0.13636363636363635,0.3,22,0.0,0.0,0.0,0.0,0.30531268966836844
deletion,0.0,0.7,,overlap,0.3,0.5,46,9,False,0.23068019321986608,0.25439671107700895,0.15,0.5365853658536586,0.4788732394366197,False,True,0,0,0.9,6,35,0.14634146341463414,0.55,28,0.0,0.0,0.0,0.0,0.24248167332390302
deletion,0.0,0.7,,overlap,0.3,0.5,46,10,False,0.2533672877720424,0.27829753330775675,0.15,0.5581395348837209,0.4533333333333333,False,True,0,0,0.9,8,32,0.2,0.7,36,0.0,0.0,0.0,0.0,0.4243390989570231
deletion,0.0,0.7,,overlap,0.3,0.5,46,11,False,0.28645403725760327,0.31497314998081755,0.15,0.5869565217391305,0.4268292682926829,False,True,0,0,0.9,3,39,0.07142857142857142,0.7,39,0.0,0.0,0.0,0.0,0.353826064264464
deletion,0.0,0.7,,overlap,0.3,0.5,46,12,False,0.3112690993717739,0.3424798624856132,0.15,0.5957446808510638,0.4186046511627907,False,True,0,0,0.9,4,43,0.0851063829787234,0.65,43,0.0,0.0,0.0,0.0,0.2805692306125819
deletion,0.0,0.7,,overlap,0.3,0.5,46,13,False,0.324523253100259,0.35685989686420994,0.1,0.6,0.4065934065934066,False,True,0,0,0.9,5,33,0.13157894736842105,0.5,48,0.0,0.0,0.0,0.0,0.33805441218190824
deletion,0.0,0.7,,overlap,0.3,0.5,46,14,False,0.3112495826823371,0.34264492264815744,0.1,0.6153846153846154,0.3854166666666667,False,True,0,0,0.9,7,36,0.16279069767441862,0.4,55,0.0,0.0,0.0,0.0,0.2890131676554948
deletion,0.0,0.7,,overlap,0.3,0.5,46,15,False,0.29058004415461,0.3194836919861181,0.0,0.6101694915254238,0.38461538461538464,False,True,0,0,0.9,5,37,0.11904761904761904,0.35,60,0.0,0.0,0.0,0.0,0.44976113477522783
deletion,0.0,0.7,,overlap,0.3,0.5,46,16,False,0.2554350331159575,0.28336276898958856,0.0,0.6065573770491803,0.38181818181818183,False,True,0,0,1.0,8,41,0.16326530612244897,0.3,68,0.0,0.0,0.0,0.0,0.47866126338585807
deletion,0.0,0.7,,overlap,0.3,0.5,46,17,False,0.2290762748369681,0.2500220767421914,0.0,0.609375,0.37815126050420167,False,True,0,0,1.0,4,34,0.10526315789473684,0.4,72,0.0,0.0,0.0,0.0,0.33923610724835973
deletion,0.0,0.7,,overlap,0.3,0.5,46,18,False,0.2218072061277261,0.23751655755664353,0.0,0.609375,0.3770491803278688,False,True,0,0,1.0,14,33,0.2978723404255319,0.45,86,0.0,0.0,0.0,0.0,0.34037258813901067
deletion,0.0,0.7,,overlap,0.3,0.5,46,19,False,0.22260540459579456,0.23438741816748263,0.0,0.6086956521739131,0.37209302325581395,False,True,0,0,1.0,8,28,0.2222222222222222,0.3,94,0.0,0.0,0.0,0.0,0.4453358202548995
deletion,0.0,0.7,,overlap,0.3,0.5,46,20,False,0.20445405344684592,0.21329056362561197,0.0,0.6164383561643836,0.3602941176470588,False,True,0,0,1.0,9,30,0.23076923076923078,0.45,103,0.0,0.0,0.0,0.0,0.45016077201886917
deletion,0.0,0.7,,overlap,0.3,0.5,46,21,False,0.20959054008513442,0.21621792271920898,0.0,0.6216216216216216,0.35507246376811596,False,True,0,0,1.0,10,35,0.2222222222222222,0.45,113,0.0,0.0,0.0,0.0,0.38764429035924663
deletion,0.0,0.7,,overlap,0.3,0.5,46,22,False,0.21344290506385083,0.21841344203940674,0.0,0.6233766233766234,0.35172413793103446,False,True,0,0,1.0,11,35,0.2391304347826087,0.45,124,0.0,0.0,0.0,0.0,0.32862422587182716
deletion,0.0,0.7,,overlap,0.3,0.5,46,23,False,0.2163321787978881,0.22006008152955506,0.0,0.6329113924050633,0.3443708609271523,False,True,0,0,1.0,7,37,0.1590909090909091,0.45,131,0.0,0.0,0.0,0.0,0.2890614619190511
deletion,0.0,0.7,,overlap,0.3,0.5,46,24,False,0.2184991340984161,0.2212950611471663,0.0,0.6341463414634146,0.33544303797468356,False,True,0,0,1.0,5,34,0.1282051282051282,0.4,136,0.0,0.0,0.0,0.0,0.264217062542571
deletion,0.0,0.7,,overlap,0.3,0.5,46,25,False,0.21387435057381207,0.21597129586037472,0.0,0.6477272727272727,0.3313253012048193,False,True,0,0,1.0,4,34,0.10526315789473684,0.4,140,0.0,0.0,0.0,0.0,0.2935301012124784
deletion,0.0,0.7,,overlap,0.3,0.5,46,26,False,0.21040576293035906,0.21197847189528102,0.0,0.6559139784946236,0.32748538011695905,False,True,0,0,1.0,14,33,0.2978723404255319,0.6,154,0.0,0.0,0.0,0.0,0.29527185365493985
deletion,0.0,0.7,,overlap,0.3,0.5,46,27,False,0.23280432219776928,0.23398385392146076,0.0,0.6632653061224489,0.3240223463687151,False,True,0,0,1.0,12,27,0.3076923076923077,0.45,166,0.0,0.0,0.0,0.0,0.33540758446083796
deletion,0.0,0.7,,overlap,0.3,0.5,46,28,False,0.23085324164832693,0.23173789044109558,0.0,0.6568627450980392,0.3225806451612903,False,True,0,0,1.0,5,33,0.13157894736842105,0.4,171,0.0,0.0,0.0,0.0,0.322158858126471
deletion,0.0,0.7,,overlap,0.3,0.5,46,29,False,0.2231399312362452,0.2238034178308217,0.0,0.6698113207547169,0.3229166666666667,False,True,0,0,1.0,7,33,0.175,0.35,178,0.0,0.0,0.0,0.0,0.3588923042515943
deletion,0.0,0.7,,overlap,0.3,0.5,46,30,False,0.2111049484271839,0.21160256337311628,0.0,0.6788990825688074,0.3147208121827411,False,True,0,0,1.0,8,36,0.18181818181818182,0.25,186,0.0,0.0,0.0,0.0,0.4082034176754755
deletion,0.0,0.7,,overlap,0.3,0.5,46,31,False,0.18957871132038795,0.18995192252983722,0.0,0.6902654867256637,0.3069306930693069,False,True,0,0,1.0,11,32,0.2558139534883721,0.3,197,0.0,0.0,0.0,0.0,0.38804047716170026
deletion,0.0,0.7,,overlap,0.3,0.5,46,32,False,0.17968403349029097,0.17996394189737794,0.0,0.6982758620689655,0.29523809523809524,False,True,0,0,1.0,7,28,0.2,0.45,204,0.0,0.0,0.0,0.0,0.2837000577880931
deletion,0.0,0.7,,overlap,0.3,0.5,46,33,False,0.19101302511771823,0.19122295642303344,0.0,0.6974789915966386,0.2916666666666667,False,True,0,0,1.0,3,42,0.06666666666666667,0.55,207,0.0,0.0,0.0,0.0,0.1796587415746483
deletion,0.0,0.7,,overlap,0.3,0.5,46,34,False,0.21200976883828868,0.2121672173172751,0.0,0.7049180327868853,0.2895927601809955,False,True,0,0,1.0,4,37,0.0975609756097561,0.55,211,0.0,0.0,0.0,0.0,0.28461428700105074
deletion,0.0,0.7,,overlap,0.3,0.5,46,35,False,0.2277573266287165,0.22787541298795633,0.0,0.7,0.29310344827586204,False,True,0,0,1.0,3,33,0.08333333333333333,0.6,214,0.0,0.0,0.0,0.0,0.31690284791584356
deletion,0.0,0.7,,overlap,0.3,0.5,46,36,False,0.2458179949715374,0.24590655974096726,0.0,0.6884057971014492,0.3,False,True,0,0,1.0,2,30,0.0625,0.6,216,0.0,0.0,0.0,0.0,0.2952690275246921
deletion,0.0,0.7,,overlap,0.3,0.5,46,37,False,0.259363496228653,0.25942991980572544,0.0,0.6875,0.29959514170040485,False,True,0,0,1.0,5,33,0.13157894736842105,0.5,221,0.0,0.0,0.0,0.0,0.30770238125837324
deletion,0.0,0.7,,overlap,0.3,0.5,46,38,False,0.2570226221714898,0.25707243985429407,0.0,0.6845637583892618,0.2992125984251969,False,True,0,0,1.0,8,34,0.19047619047619047,0.4,229,0.0,0.0,0.0,0.0,0.3487543986828697
deletion,0.0,0.7,,overlap,0.3,0.5,46,39,False,0.24276696662861733,0.24280432989072054,0.0,0.6842105263157895,0.29961089494163423,False,True,0,0,1.0,3,36,0.07692307692307693,0.4,232,0.0,0.0,0.0,0.0,0.35754375164838603
deletion,0.0,0.7,,overlap,0.3,0.5,47,0,False,0.0,0.0,0.0,0.0,1.0,False,True,0,0,0.1,0,0,0.0,0.0,0,0.0,0.0,0.0,0.0,0.0
deletion,0.0,0.7,,overlap,0.3,0.5,47,1,False,0.0,0.0,0.2857142857142857,0.2857142857142857,0.8148148148148148,False,True,0,0,0.2,1,37,0.02631578947368421,1.0,1,0.0,0.0,0.0,0.0,0.04117714999999998
deletion,0.0,0.7,,overlap,0.3,0.5,47,2,False,0.08418367346938774,0.1607142857142857,0.3157894736842105,0.3157894736842105,0.7647058823529411,False,True,0,0,0.2,0,37,0.0,1.0,1,0.0,0.0,0.0,0.0,0.37992222526017494
deletion,0.0,0.7,,overlap,0.3,0.5,47,3,False,0.1543031686358754,0.28500939849624063,0.35,0.38095238095238093,0.6585365853658537,False,True,0,0,0.2,1,36,0.02702702702702703,0.5,2,0.0,0.0,0.0,0.0,0.09077738646602078
deletion,0.0,0.7,,overlap,0.3,0.5,47,4,False,0.20590594790547798,0.32000704887218046,0.35,0.48,0.5714285714285714,False,True,0,0,0.3,0,38,0.0,0.5,2,0.0,0.0,0.0,0.0,0.015256955343344111
deletion,0.0,0.7,,overlap,0.3,0.5,47,5,False,0.2446080323576799,0.34625528665413535,0.35,0.5,0.56,False,True,0,0,0.3,0,44,0.0,0.5,2,0.0,0.0,0.0,0.0,0.26246535550155564
deletion,0.0,0.7,,overlap,0.3,0.5,47,6,False,0.27363459569683135,0.36594146499060154,0.35,0.5806451612903226,0.5,False,True,0,0,0.5,1,38,0.02564102564102564,0.6666666666666666,3,0.0,0.0,0.0,0.0,0.1766836023460705
deletion,0.0,0.7,,overlap,0.3,0.5,47,7,False,0.3096902324869092,0.4015394320762845,0.35,0.6060606060606061,0.45901639344262296,False,True,0,0,0.5,4,41,0.08888888888888889,0.5714285714285714,7,0.0,0.0,0.0,0.0,0.29539429457645744
deletion,0.0,0.7,,overlap,0.3,0.5,47,8,False,0.33162991926314106,0.41633314548578476,0.25,0.5833333333333334,0.45454545454545453,False,True,0,0,0.5,2,41,0.046511627906976744,0.5555555555555556,9,0.0,0.0,0.0,0.0,0.3124642919325799
deletion,0.0,0.7,,overlap,0.3,0.5,47,9,False,0.32759148706640345,0.412944303558783,0.15,0.575,0.4383561643835616,False,True,0,0,0.5,4,34,0.10526315789473684,0.6153846153846154,13,0.0,0.0,0.0,0.0,0.2835534898187836
deletion,0.0,0.7,,overlap,0.3,0.5,47,10,False,0.30812493398112123,0.40538130459216415,0.1,0.5813953488372093,0.42857142857142855,False,True,0,0,0.6,3,37,0.075,0.5625,16,0.0,0.0,0.0,0.0,0.34074048612428853
deletion,0.0,0.7,,overlap,0.3,0.5,47,11,False,0.28912941477155524,0.3868484784441231,0.1,0.6,0.39759036144578314,False,True,0,0,0.8,5,45,0.1,0.5,21,0.0,0.0,0.0,0.0,0.3163624198510045
deletion,0.0,0.7,,overlap,0.3,0.5,47,12,False,0.27756134679295213,0.36513635883309237,0.1,0.6170212765957447,0.375,False,True,0,0,0.8,7,38,0.15555555555555556,0.6,28,0.0,0.0,0.0,0.0,0.32242082417256956
deletion,0.0,0.7,,overlap,0.3,0.5,47,13,False,0.27781386723757123,0.3613522691248193,0.1,0.6326530612244898,0.35106382978723405,False,True,0,0,1.0,7,31,0.18421052631578946,0.5,35,0.0,0.0,0.0,0.0,0.36914863981228996
deletion,0.0,0.7,,overlap,0.3,0.5,47,14,False,0.2833604004281784,0.3460142018436145,0.05,0.6428571428571429,0.3564356435643564,False,True,0,0,1.0,7,33,0.175,0.5,42,0.0,0.0,0.0,0.0,0.31595400960059355
deletion,0.0,0.7,,overlap,0.3,0.5,47,15,False,0.2812703003211338,0.3282606513827109,0.0,0.639344262295082,0.37037037037037035,False,True,0,0,1.0,8,36,0.18181818181818182,0.35,50,0.0,0.0,0.0,0.0,0.29374050387404704
deletion,0.0,0.7,,overlap,0.3,0.5,47,16,False,0.25470272524085036,0.28994548853703317,0.0,0.640625,0.3652173913043478,False,True,0,0,1.0,3,40,0.06976744186046512,0.3,53,0.0,0.0,0.0,0.0,0.236512260784493
deletion,0.0,0.7,,overlap,0.3,0.5,47,17,False,0.22852704393063777,0.25495911640277485,0.0,0.6617647058823529,0.34146341463414637,False,True,0,0,1.0,4,35,0.10256410256410256,0.3,57,0.0,0.0,0.0,0.0,0.32408495340485527
deletion,0.0,0.7,,overlap,0.3,0.5,47,18,False,0.20889528294797835,0.22871933730208113,0.0,0.6714285714285714,0.3333333333333333,False,True,0,0,1.0,6,44,0.12,0.35,63,0.0,0.0,0.0,0.0,0.2698889760376691
deletion,0.0,0.7,,overlap,0.3,0.5,47,19,False,0.20042146221098373,0.21528950297656085,0.0,0.6666666666666666,0.3283582089552239,False,True,0,0,1.0,3,33,0.08333333333333333,0.4,66,0.0,0.0,0.0,0.0,0.3083377911920949
deletion,0.0,0.7,,overlap,0.3,0.5,47,20,False,0.2003160966582378,0.21146712723242062,0.0,0.675,0.3263888888888889,False,True,0,0,1.0,9,27,0.25,0.5,75,0.0,0.0,0.0,0.0,0.32862639862460474
deletion,0.0,0.7,,overlap,0.3,0.5,47,21,False,0.21273707249367835,0.22110034542431545,0.0,0.6941176470588235,0.31333333333333335,False,True,0,0,1.0,7,33,0.175,0.4,82,0.0,0.0,0.0,0.0,0.3812722155084281
deletion,0.0,0.7,,overlap,0.3,0.5,47,22,False,0.20955280437025875,0.21582525906823657,0.0,0.6931818181818182,0.31210191082802546,False,True,0,0,1.0,9,31,0.225,0.4,91,0.0,0.0,0.0,0.0,0.34161019847353347
deletion,0.0,0.7,,overlap,0.3,0.5,47,23,False,0.2071646032776941,0.21186894430117742,0.0,0.7032967032967034,0.31097560975609756,False,True,0,0,1.0,6,31,0.16216216216216217,0.45,97,0.0,0.0,0.0,0.0,0.3831921025846273
deletion,0.0,0.7,,overlap,0.3,0.5,47,24,False,0.21162345245827055,0.21515170822588306,0.0,0.7052631578947368,0.30994152046783624,False,True,0,0,1.0,7,34,0.17073170731707318,0.5,104,0.0,0.0,0.0,0.0,0.3393491401105813
deletion,0.0,0.7,,overlap,0.3,0.5,47,25,False,0.22121758934370292,0.2238637811694123,0.0,0.7142857142857143,0.2994350282485876,False,True,0,0,1.0,5,38,0.11627906976744186,0.5,109,0.0,0.0,0.0,0.0,0.35457308631497947
deletion,0.0,0.7,,overlap,0.3,0.5,47,26,False,0.22841319200777718,0.23039783587705923,0.0,0.7281553398058253,0.2918918918918919,False,True,0,0,1.0,10,32,0.23809523809523808,0.45,119,0.0,0.0,0.0,0.0,0.32030567969426416
deletion,0.0,0.7,,overlap,0.3,0.5,47,27,False,0.2275598940058329,0.22904837690779442,0.0,0.7247706422018348,0.29533678756476683,False,True,0,0,1.0,5,35,0.125,0.4,124,0.0,0.0,0.0,0.0,0.33246689679023894
deletion,0.0,0.7,,overlap,0.3,0.5,47,28,False,0.22066992050437467,0.22178628268084583,0.0,0.7168141592920354,0.3,False,True,0,0,1.0,8,30,0.21052631578947367,0.35,132,0.0,0.0,0.0,0.0,0.3593237440243334
deletion,0.0,0.7,,overlap,0.3,0.5,47,29,False,0.20925244037828097,0.21008971201063437,0.0,0.7155172413793104,0.30392156862745096,False,True,0,0,1.0,4,39,0.09302325581395349,0.25,136,0.0,0.0,0.0,0.0,0.3245109539583425
deletion,0.0,0.7,,overlap,0.3,0.5,47,30,False,0.18818933028371074,0.18881728400797576,0.0,0.7083333333333334,0.3047619047619048,False,True,0,0,1.0,5,39,0.11363636363636363,0.25,141,0.0,0.0,0.0,0.0,0.31996436653759985
deletion,0.0,0.7,,overlap,0.3,0.5,47,31,False,0.17239199771278305,0.1728629630059818,0.0,0.7096774193548387,0.3105022831050228,False,True,0,0,1.0,6,34,0.15,0.3,147,0.0,0.0,0.0,0.0,0.3244172311713307
deletion,0.0,0.7,,overlap,0.3,0.5,47,32,False,0.16679399828458732,0.16714722225448636,0.0,0.7,0.3053097345132743,False,True,0,0,1.0,3,37,0.075,0.3,150,0.0,0.0,0.0,0.0,0.29637544311612557
deletion,0.0,0.7,,overlap,0.3,0.5,47,33,False,0.1625954987134405,0.1628604166908648,0.0,0.6992481203007519,0.3017241379310345,False,True,0,0,1.0,8,40,0.16666666666666666,0.4,158,0.0,0.0,0.0,0.0,0.3607078801212147
deletion,0.0,0.7,,overlap,0.3,0.5,47,34,False,0.17194662403508038,0.17214531251814857,0.0,0.7028985507246377,0.29957805907172996,False,True,0,0,1.0,10,29,0.2564102564102564,0.65,168,0.0,0.0,0.0,0.0,0.42040730912590984
deletion,0.0,0.7,,overlap,0.3,0.5,47,35,False,0.21020996802631028,0.21035898438861145,0.0,0.7034482758620689,0.2967479674796748,False,True,0,0,1.0,5,35,0.125,0.55,173,0.0,0.0,0.0,0.0,0.3425385073406508
deletion,0.0,0.7,,overlap,0.3,0.5,47,36,False,0.22640747601973274,0.2265192382914586,0.0,0.697986577181208,0.2964426877470356,False,True,0,0,1.0,7,28,0.2,0.5,180,0.0,0.0,0.0,0.0,0.36177264263844694
deletion,0.0,0.7,,overlap,0.3,0.5,47,37,False,0.23230560701479955,0.23238942871859394,0.0,0.6818181818181818,0.30268199233716475,False,True,0,0,1.0,7,33,0.175,0.45,187,0.0,0.0,0.0,0.0,0.3182573201466696
deletion,0.0,0.7,,overlap,0.3,0.5,47,38,False,0.23047920526109963,0.23054207153894546,0.0,0.6858974358974359,0.3007518796992481,False,True,0,0,1.0,13,33,0.2826086956521739,0.55,200,0.0,0.0,0.0,0.0,0.40513080682533004
deletion,0.0,0.7,,overlap,0.3,0.5,47,39,False,0.24160940394582475,0.2416565536542091,0.0,0.6815286624203821,0.30111524163568776,False,True,0,0,1.0,8,34,0.19047619047619047,0.5,208,0.0,0.0,0.0,0.0,0.3790622426595592
deletion,0.0,0.7,,overlap,0.3,0.5,48,0,False,0.0,0.0,0.0,0.0,1.0,False,True,0,0,0.0,0,0,0.0,0.0,0,0.0,0.0,0.0,0.0,0.0
deletion,0.0,0.7,,overlap,0.3,0.5,48,1,False,0.0,0.0,0.2,0.2,0.9047619047619048,False,True,0,0,0.0,0,42,0.0,0.0,0,0.0,0.0,0.0,0.0,0.0
deletion,0.0,0.7,,overlap,0.3,0.5,48,2,False,0.05,0.05,0.23076923076923078,0.23076923076923078,0.7931034482758621,False,True,0,0,0.0,0,36,0.0,0.0,0,0.0,0.0,0.0,0.0,0.0
deletion,0.0,0.7,,overlap,0.3,0.5,48,3,False,0.0951923076923077,0.0951923076923077,0.3888888888888889,0.3888888888888889,0.6666666666666666,False,True,0,0,0.0,0,40,0.0,0.0,0,0.0,0.0,0.0,0.0,0.0
deletion,0.0,0.7,,overlap,0.3,0.5,48,4,False,0.16861645299145303,0.168616452991453,0.45,0.47619047619047616,0.625,False,True,0,0,0.1,0,43,0.0,0.0,0,0.0,0.0,0.0,0.0,0.0
deletion,0.0,0.7,,overlap,0.3,0.5,48,5,False,0.23896233974358977,0.23896233974358977,0.45,0.47619047619047616,0.6097560975609756,False,True,0,0,0.2,0,43,0.0,0.0,0,0.0,0.0,0.0,0.0,0.24499999999999997
deletion,0.0,0.7,,overlap,0.3,0.5,48,6,False,0.2917217548076923,0.2917217548076923,0.3,0.5,0.5714285714285714,False,True,0,0,0.2,1,41,0.023809523809523808,1.0,1,0.0,0.0,0.0,0.0,0.08061357499999997
deletion,0.0,0.7,,overlap,0.3,0.5,48,7,False,0.30629131610576926,0.3812913161057693,0.3,0.5333333333333333,0.5384615384615384,False,True,0,0,0.3,1,47,0.020833333333333332,1.0,2,0.0,0.0,0.0,0.0,0.031107807682122485
deletion,0.0,0.7,,overlap,0.3,0.5,48,8,False,0.32971848707932694,0.44846848707932696,0.3,0.5625,0.509090909090909,False,True,0,0,0.4,2,40,0.047619047619047616,0.75,4,0.0,0.0,0.0,0.0,0.3086628258172334
deletion,0.0,0.7,,overlap,0.3,0.5,48,9,False,0.34639600816663807,0.46760136530949525,0.2,0.5555555555555556,0.5081967213114754,False,True,0,0,0.4,2,40,0.047619047619047616,0.5,6,0.0,0.0,0.0,0.0,0.4084182056646803
deletion,0.0,0.7,,overlap,0.3,0.5,48,10,False,0.32586843469640714,0.43820102398212146,0.15,0.5526315789473685,0.47692307692307695,False,True,0,0,0.4,3,34,0.08108108108108109,0.6666666666666666,9,0.0,0.0,0.0,0.0,0.5130289321565364
deletion,0.0,0.7,,overlap,0.3,0.5,48,11,False,0.30957989745087683,0.4307341013199244,0.15,0.5952380952380952,0.4444444444444444,False,True,0,0,0.5,2,39,0.04878048780487805,0.6363636363636364,11,0.0,0.0,0.0,0.0,0.3674631315313302
deletion,0.0,0.7,,overlap,0.3,0.5,48,12,False,0.30442518282841735,0.4213460305353979,0.15,0.6136363636363636,0.42857142857142855,False,True,0,0,0.6,4,35,0.10256410256410256,0.6666666666666666,15,0.0,0.0,0.0,0.0,0.5266622315420509
deletion,0.0,0.7,,overlap,0.3,0.5,48,13,False,0.31194983950226535,0.4180928562348817,0.15,0.6458333333333334,0.4117647058823529,False,True,0,0,0.7,4,38,0.09523809523809523,0.631578947368421,19,0.0,0.0,0.0,0.0,0.37489802232367814
deletion,0.0,0.7,,overlap,0.3,0.5,48,14,False,0.3144604999274509,0.4112670105972139,0.15,0.6530612244897959,0.3977272727272727,False,True,0,0,0.7,10,39,0.20408163265306123,0.5,29,0.0,0.0,0.0,0.0,0.3462791942695412
deletion,0.0,0.7,,overlap,0.3,0.5,48,15,False,0.3045953749455882,0.3897002579479104,0.0,0.6226415094339622,0.4,False,True,0,0,0.7,2,44,0.043478260869565216,0.5,31,0.0,0.0,0.0,0.0,0.36113684839181476
deletion,0.0,0.7,,overlap,0.3,0.5,48,16,False,0.27308938835204827,0.3547751934609328,0.0,0.625,0.38613861386138615,False,True,0,0,0.8,8,36,0.18181818181818182,0.5,39,0.0,0.0,0.0,0.0,0.3021737435489166
deletion,0.0,0.7,,overlap,0.3,0.5,48,17,False,0.25838846983546476,0.3285813950956996,0.0,0.6333333333333333,0.38095238095238093,False,True,0,0,0.8,10,32,0.23809523809523808,0.45,49,0.0,0.0,0.0,0.0,0.37831667568414423
deletion,0.0,0.7,,overlap,0.3,0.5,48,18,False,0.24200563809088432,0.3026860463217747,0.0,0.625,0.375,False,True,0,0,0.9,3,37,0.075,0.5,52,0.0,0.0,0.0,0.0,0.2913083259576367
deletion,0.0,0.7,,overlap,0.3,0.5,48,19,False,0.24400422856816323,0.28951453474133104,0.0,0.6571428571428571,0.36134453781512604,False,True,0,0,0.9,5,29,0.14705882352941177,0.5,57,0.0,0.0,0.0,0.0,0.31161928760983615
deletion,0.0,0.7,,overlap,0.3,0.5,48,20,False,0.24550317142612244,0.2796359010559983,0.0,0.6712328767123288,0.3548387096774194,False,True,0,0,0.9,4,37,0.0975609756097561,0.5,61,0.0,0.0,0.0,0.0,0.3335645114823091
deletion,0.0,0.7,,overlap,0.3,0.5,48,21,False,0.24662737856959183,0.2722269257919987,0.0,0.6883116883116883,0.34615384615384615,False,True,0,0,1.0,5,31,0.1388888888888889,0.55,66,0.0,0.0,0.0,0.0,0.30898438241956255
deletion,0.0,0.7,,overlap,0.3,0.5,48,22,False,0.25372053392719385,0.27292019434399906,0.0,0.6875,0.3357664233576642,False,True,0,0,1.0,6,34,0.15,0.5,72,0.0,0.0,0.0,0.0,0.28332789992504387
deletion,0.0,0.7,,overlap,0.3,0.5,48,23,False,0.2527904004453954,0.26719014575799926,0.0,0.6941176470588235,0.3287671232876712,False,True,0,0,1.0,6,29,0.17142857142857143,0.55,78,0.0,0.0,0.0,0.0,0.3290004348543686
deletion,0.0,0.7,,overlap,0.3,0.5,48,24,False,0.25834280033404655,0.2691426093184994,0.0,0.6976744186046512,0.32,False,True,0,0,1.0,4,40,0.09090909090909091,0.55,82,0.0,0.0,0.0,0.0,0.32864192731309766
deletion,0.0,0.7,,overlap,0.3,0.5,48,25,False,0.2625071002505349,0.2706069569888746,0.0,0.6881720430107527,0.3248407643312102,False,True,0,0,1.0,9,20,0.3103448275862069,0.55,91,0.0,0.0,0.0,0.0,0.34929017251751965
deletion,0.0,0.7,,overlap,0.3,0.5,48,26,False,0.2656303251879012,0.27170521774165596,0.0,0.6804123711340206,0.32919254658385094,False,True,0,0,1.0,8,36,0.18181818181818182,0.6,99,0.0,0.0,0.0,0.0,0.2744312908836327
deletion,0.0,0.7,,overlap,0.3,0.5,48,27,False,0.2742227438909259,0.278778913306242,0.0,0.6831683168316832,0.32335329341317365,False,True,0,0,1.0,9,39,0.1875,0.55,108,0.0,0.0,0.0,0.0,0.3225856682323096
deletion,0.0,0.7,,overlap,0.3,0.5,48,28,False,0.27441705791819443,0.2778341849796815,0.0,0.6796116504854369,0.3236994219653179,False,True,0,0,1.0,4,39,0.09302325581395349,0.6,112,0.0,0.0,0.0,0.0,0.33260181938347116
deletion,0.0,0.7,,overlap,0.3,0.5,48,29,False,0.2808127934386458,0.2833756387347611,0.0,0.6792452830188679,0.32222222222222224,False,True,0,0,1.0,7,29,0.19444444444444445,0.4,119,0.0,0.0,0.0,0.0,0.34499816453066956
deletion,0.0,0.7,,overlap,0.3,0.5,48,30,False,0.26060959507898435,0.26253172905107086,0.0,0.6637931034482759,0.3298429319371728,False,True,0,0,1.0,2,28,0.06666666666666667,0.5,121,0.0,0.0,0.0,0.0,0.3569636761339011
deletion,0.0,0.7,,overlap,0.3,0.5,48,31,False,0.25795719630923825,0.25939879678830313,0.0,0.6528925619834711,0.3283582089552239,False,True,0,0,1.0,9,33,0.21428571428571427,0.45,130,0.0,0.0,0.0,0.0,0.28664155800810787
deletion,0.0,0.7,,overlap,0.3,0.5,48,32,False,0.24971789723192872,0.25079909759122737,0.0,0.656,0.32524271844660196,False,True,0,0,1.0,1,33,0.029411764705882353,0.4,131,0.0,0.0,0.0,0.0,0.3306345929300919
deletion,0.0,0.7,,overlap,0.3,0.5,48,33,False,0.23728842292394653,0.23809932319342053,0.0,0.6587301587301587,0.32211538461538464,False,True,0,0,1.0,5,42,0.10638297872340426,0.45,136,0.0,0.0,0.0,0.0,0.25910149411913347
deletion,0.0,0.7,,overlap,0.3,0.5,48,34,False,0.23421631719295988,0.2348244923950654,0.0,0.6616541353383458,0.31797235023041476,False,True,0,0,1.0,8,24,0.25,0.55,144,0.0,0.0,0.0,0.0,0.3768652872534163
deletion,0.0,0.7,,overlap,0.3,0.5,48,35,False,0.2444122378947199,0.24486836929629904,0.0,0.6690647482014388,0.31390134529147984,False,True,0,0,1.0,6,35,0.14634146341463414,0.5,150,0.0,0.0,0.0,0.0,0.36152965688760413
deletion,0.0,0.7,,overlap,0.3,0.5,48,36,False,0.24580917842103994,0.24615127697222428,0.0,0.6666666666666666,0.3116883116883117,False,True,0,0,1.0,11,26,0.2972972972972973,0.3,161,0.0,0.0,0.0,0.0,0.3556573447618892
deletion,0.0,0.7,,overlap,0.3,0.5,48,37,False,0.22185688381577995,0.2221134577291682,0.0,0.6689655172413793,0.3054393305439331,False,True,0,0,1.0,10,34,0.22727272727272727,0.3,171,0.0,0.0,0.0,0.0,0.3840758424984227
deletion,0.0,0.7,,overlap,0.3,0.5,48,38,False,0.20389266286183497,0.20408509329687616,0.0,0.6644295302013423,0.30612244897959184,False,True,0,0,1.0,11,34,0.24444444444444444,0.55,182,0.0,0.0,0.0,0.0,0.37369587864807946
deletion,0.0,0.7,,overlap,0.3,0.5,48,39,False,0.22166949714637624,0.22181381997265712,0.0,0.6623376623376623,0.30708661417322836,False,True,0,0,1.0,5,36,0.12195121951219512,0.5,187,0.0,0.0,0.0,0.0,0.3159108232408604
deletion,0.0,0.7,,overlap,0.3,0.5,49,0,False,0.0,0.0,0.0,0.0,1.0,False,True,0,0,0.1,0,0,0.0,0.0,0,0.0,0.0,0.0,0.0,0.0
deletion,0.0,0.7,,overlap,0.3,0.5,49,1,False,0.0,0.0,0.16666666666666666,0.16666666666666666,0.8076923076923077,False,True,0,0,0.1,0,43,0.0,0.0,0,0.0,0.0,0.0,0.0,0.04117714999999998
deletion,0.0,0.7,,overlap,0.3,0.5,49,2,False,0.041666666666666664,0.041666666666666664,0.3,0.3,0.6571428571428571,False,True,0,0,0.2,0,41,0.0,0.0,0,0.0,0.0,0.0,0.0,0.003391115364244997
deletion,0.0,0.7,,overlap,0.3,0.5,49,3,False,0.10625,0.10625,0.4166666666666667,0.4166666666666667,0.6153846153846154,False,True,0,0,0.5,1,38,0.02564102564102564,0.0,1,0.0,0.0,0.0,0.0,0.12259774552621455
deletion,0.0,0.7,,overlap,0.3,0.5,49,4,False,0.1540922619047619,0.18385416666666665,0.46153846153846156,0.46153846153846156,0.5581395348837209,False,True,0,0,0.6,8,34,0.19047619047619047,0.2222222222222222,9,0.0,0.0,0.0,0.0,0.5198368469576742
deletion,0.0,0.7,,overlap,0.3,0.5,49,5,False,0.2138597947191697,0.25327524038461535,0.5333333333333333,0.5333333333333333,0.5333333333333333,False,True,0,0,0.6,9,36,0.2,0.3888888888888889,18,0.0,0.0,0.0,0.0,0.2609425287856352
deletion,0.0,0.7,,overlap,0.3,0.5,49,6,False,0.2834107190552503,0.32328976362179485,0.5789473684210527,0.5789473684210527,0.5,False,True,0,0,0.8,8,38,0.17391304347826086,0.45,26,0.0,0.0,0.0,0.0,0.2581125732895816
deletion,0.0,0.7,,overlap,0.3,0.5,49,7,False,0.3434790919230167,0.3872041648216093,0.5,0.5652173913043478,0.46551724137931033,False,True,0,0,0.9,4,32,0.1111111111111111,0.55,30,0.0,0.0,0.0,0.0,0.37861157414794094
deletion,0.0,0.7,,overlap,0.3,0.5,49,8,False,0.38796646179940536,0.41540312361620696,0.5,0.6153846153846154,0.42857142857142855,False,True,0,0,0.9,5,36,0.12195121951219512,0.6,35,0.0,0.0,0.0,0.0,0.34483499274403406
deletion,0.0,0.7,,overlap,0.3,0.5,49,9,False,0.4266891320638398,0.44467323087004995,0.45,0.6071428571428571,0.4057971014492754,False,True,0,0,0.9,7,37,0.1590909090909091,0.7,42,0.0,0.0,0.0,0.0,0.3267560705482661
deletion,0.0,0.7,,overlap,0.3,0.5,49,10,False,0.4593025633335941,0.4772549231525374,0.45,0.6451612903225806,0.3918918918918919,False,True,0,0,0.9,10,33,0.23255813953488372,0.7,52,0.0,0.0,0.0,0.0,0.40938673311362134
deletion,0.0,0.7,,overlap,0.3,0.5,49,11,False,0.48376263678590986,0.5016911923644031,0.4,0.6666666666666666,0.375,False,True,0,0,1.0,3,35,0.07894736842105263,0.75,55,0.0,0.0,0.0,0.0,0.21352936522206675
deletion,0.0,0.7,,overlap,0.3,0.5,49,12,False,0.5065719775894324,0.5200183942733023,0.35,0.6829268292682927,0.36046511627906974,False,True,0,0,1.0,4,37,0.0975609756097561,0.7,59,0.0,0.0,0.0,0.0,0.2724087048182304
deletion,0.0,0.7,,overlap,0.3,0.5,49,13,False,0.5111789831920743,0.5212637957049767,0.35,0.6976744186046512,0.34408602150537637,False,True,0,0,1.0,7,35,0.16666666666666666,0.7,66,0.0,0.0,0.0,0.0,0.4406041113972511
deletion,0.0,0.7,,overlap,0.3,0.5,49,14,False,0.5146342373940557,0.5221978467787325,0.25,0.6739130434782609,0.3465346534653465,False,True,0,0,1.0,10,31,0.24390243902439024,0.8,76,0.0,0.0,0.0,0.0,0.3074541929730331
deletion,0.0,0.7,,overlap,0.3,0.5,49,15,False,0.5172256780455418,0.5228983850840494,0.2,0.68,0.35185185185185186,False,True,0,0,1.0,11,36,0.23404255319148937,0.7,87,0.0,0.0,0.0,0.0,0.28205111061829086
deletion,0.0,0.7,,overlap,0.3,0.5,49,16,False,0.5004192585341564,0.504673788813037,0.1,0.6607142857142857,0.34782608695652173,False,True,0,0,1.0,4,33,0.10810810810810811,0.75,91,0.0,0.0,0.0,0.0,0.288844025403582
deletion,0.0,0.7,,overlap,0.3,0.5,49,17,False,0.48156444390061726,0.4847553416097778,0.05,0.6551724137931034,0.33884297520661155,False,True,0,0,1.0,6,39,0.13333333333333333,0.6,97,0.0,0.0,0.0,0.0,0.35626201797809476
deletion,0.0,0.7,,overlap,0.3,0.5,49,18,False,0.44242333292546293,0.4448165062073333,0.05,0.6557377049180327,0.33070866141732286,False,True,0,0,1.0,3,39,0.07142857142857142,0.55,100,0.0,0.0,0.0,0.0,0.27931140641973706
deletion,0.0,0.7,,overlap,0.3,0.5,49,19,False,0.40681749969409725,0.4086123796555,0.0,0.6666666666666666,0.3333333333333333,False,True,0,0,1.0,6,30,0.16666666666666666,0.65,106,0.0,0.0,0.0,0.0,0.3055533540210014
deletion,0.0,0.7,,overlap,0.3,0.5,49,20,False,0.3863631247705729,0.38770928474162497,0.0,0.6716417910447762,0.3284671532846715,False,True,0,0,1.0,7,35,0.16666666666666666,0.5,113,0.0,0.0,0.0,0.0,0.32544474553252417
deletion,0.0,0.7,,overlap,0.3,0.5,49,21,False,0.3522723435779297,0.3532819635562187,0.0,0.6714285714285714,0.3263888888888889,False,True,0,0,1.0,7,34,0.17073170731707318,0.55,120,0.0,0.0,0.0,0.0,0.31365295991902714
deletion,0.0,0.7,,overlap,0.3,0.5,49,22,False,0.3329542576834473,0.33371147266716406,0.0,0.6710526315789473,0.31788079470198677,False,True,0,0,1.0,7,31,0.18421052631578946,0.45,127,0.0,0.0,0.0,0.0,0.37580104371186407
deletion,0.0,0.7,,overlap,0.3,0.5,49,23,False,0.3059656932625855,0.30653360450037304,0.0,0.6875,0.3184713375796178,False,True,0,0,1.0,12,29,0.2926829268292683,0.3,139,0.0,0.0,0.0,0.0,0.34880667128443454
deletion,0.0,0.7,,overlap,0.3,0.5,49,24,False,0.2669742699469391,0.26740020337527975,0.0,0.6987951807228916,0.30864197530864196,False,True,0,0,1.0,5,31,0.1388888888888889,0.35,144,0.0,0.0,0.0,0.0,0.34505712749123796
deletion,0.0,0.7,,overlap,0.3,0.5,49,25,False,0.2439807024602043,0.2443001525314598,0.0,0.7093023255813954,0.2976190476190476,False,True,0,0,1.0,7,35,0.16666666666666666,0.25,151,0.0,0.0,0.0,0.0,0.322041216824945
deletion,0.0,0.7,,overlap,0.3,0.5,49,26,False,0.21423552684515323,0.21447511439859485,0.0,0.7191011235955056,0.3068181818181818,False,True,0,0,1.0,5,38,0.11627906976744186,0.3,156,0.0,0.0,0.0,0.0,0.35772006194218114
deletion,0.0,0.7,,overlap,0.3,0.5,49,27,False,0.19817664513386493,0.19835633579894615,0.0,0.7204301075268817,0.3021978021978022,False,True,0,0,1.0,7,37,0.1590909090909091,0.3,163,0.0,0.0,0.0,0.0,0.31712823346518276
deletion,0.0,0.7,,overlap,0.3,0.5,49,28,False,0.18613248385039868,0.18626725184920961,0.0,0.7171717171717171,0.30158730158730157,False,True,0,0,1.0,10,30,0.25,0.45,173,0.0,0.0,0.0,0.0,0.3234579376832959
deletion,0.0,0.7,,overlap,0.3,0.5,49,29,False,0.19584936288779903,0.1959504388869072,0.0,0.7169811320754716,0.3010204081632653,False,True,0,0,1.0,6,28,0.17647058823529413,0.55,179,0.0,0.0,0.0,0.0,0.3188222104615626
deletion,0.0,0.7,,overlap,0.3,0.5,49,30,False,0.21563702216584926,0.2157128291651804,0.0,0.7155963302752294,0.30392156862745096,False,True,0,0,1.0,3,38,0.07317073170731707,0.55,182,0.0,0.0,0.0,0.0,0.2889662975983519
deletion,0.0,0.7,,overlap,0.3,0.5,49,31,False,0.23047776662438693,0.2305346218738853,0.0,0.7217391304347827,0.29439252336448596,False,True,0,0,1.0,9,31,0.225,0.45,191,0.0,0.0,0.0,0.0,0.355701617758851
deletion,0.0,0.7,,overlap,0.3,0.5,49,32,False,0.2291083249682902,0.22915096640541396,0.0,0.7241379310344828,0.2903225806451613,False,True,0,0,1.0,8,34,0.19047619047619047,0.4,199,0.0,0.0,0.0,0.0,0.4214189004755287
deletion,0.0,0.7,,overlap,0.3,0.5,49,33,False,0.22183124372621763,0.22186322480406045,0.0,0.7107438016528925,0.29333333333333333,False,True,0,0,1.0,12,28,0.3,0.5,211,0.0,0.0,0.0,0.0,0.4581075740464855
deletion,0.0,0.7,,overlap,0.3,0.5,49,34,False,0.22887343279466324,0.22889741860304536,0.0,0.7,0.29914529914529914,False,True,0,0,1.0,7,29,0.19444444444444445,0.45,218,0.0,0.0,0.0,0.0,0.38815091962200104
deletion,0.0,0.7,,overlap,0.3,0.5,49,35,False,0.22790507459599743,0.227923063952284,0.0,0.6838235294117647,0.30578512396694213,False,True,0,0,1.0,6,29,0.17142857142857143,0.4,224,0.0,0.0,0.0,0.0,0.2889669383241659
deletion,0.0,0.7,,overlap,0.3,0.5,49,36,False,0.22092880594699807,0.220942297964213,0.0,0.6853146853146853,0.30158730158730157,False,True,0,0,1.0,5,25,0.16666666666666666,0.45,229,0.0,0.0,0.0,0.0,0.3066476255815196
deletion,0.0,0.7,,overlap,0.3,0.5,49,37,False,0.22194660446024853,0.22195672347315973,0.0,0.684931506849315,0.30078125,False,True,0,0,1.0,7,35,0.16666666666666666,0.55,236,0.0,0.0,0.0,0.0,0.3883598242557336
deletion,0.0,0.7,,overlap,0.3,0.5,49,38,False,0.2352099533451864,0.2352175426048698,0.0,0.6824324324324325,0.30115830115830117,False,True,0,0,1.0,10,39,0.20408163265306123,0.55,246,0.0,0.0,0.0,0.0,0.39270188350914303
deletion,0.0,0.7,,overlap,0.3,0.5,49,39,False,0.24515746500888982,0.24516315695365234,0.0,0.6730769230769231,0.3048327137546468,False,True,0,0,1.0,5,29,0.14705882352941177,0.5,251,0.0,0.0,0.0,0.0,0.31639341263879606
deletion,0.0,0.7,,overlap,0.3,0.5,50,0,False,0.0,0.0,0.0,0.0,1.0,False,True,0,0,0.0,0,0,0.0,0.0,0,0.0,0.0,0.0,0.0,0.0
deletion,0.0,0.7,,overlap,0.3,0.5,50,1,False,0.0,0.0,0.21052631578947367,0.21052631578947367,0.8214285714285714,False,True,0,0,0.0,0,42,0.0,0.0,0,0.0,0.0,0.0,0.0,0.0
deletion,0.0,0.7,,overlap,0.3,0.5,50,2,False,0.05263157894736842,0.05263157894736842,0.15,0.32,0.6944444444444444,False,True,0,0,0.0,0,39,0.0,0.0,0,0.0,0.0,0.0,0.0,0.0
deletion,0.0,0.7,,overlap,0.3,0.5,50,3,False,0.0769736842105263,0.0769736842105263,0.15,0.37037037037037035,0.6410256410256411,False,True,0,0,0.0,0,43,0.0,0.0,0,0.0,0.0,0.0,0.0,0.0
deletion,0.0,0.7,,overlap,0.3,0.5,50,4,False,0.09523026315789473,0.09523026315789473,0.15,0.41379310344827586,0.5777777777777777,False,True,0,0,0.2,0,38,0.0,0.0,0,0.0,0.0,0.0,0.0,0.0
deletion,0.0,0.7,,overlap,0.3,0.5,50,5,False,0.10892269736842106,0.10892269736842106,0.15,0.45161290322580644,0.5510204081632653,False,True,0,0,0.4,1,47,0.020833333333333332,1.0,1,0.0,0.0,0.0,0.0,0.05210590174999998
deletion,0.0,0.7,,overlap,0.3,0.5,50,6,False,0.16472773731203008,0.22544202302631577,0.1,0.4375,0.5283018867924528,False,True,0,0,0.5,0,44,0.0,1.0,1,0.0,0.0,0.0,0.0,0.24206177368981713
deletion,0.0,0.7,,overlap,0.3,0.5,50,7,False,0.21283151726973681,0.3065815172697368,0.1,0.5135135135135135,0.4827586206896552,False,True,0,0,0.6,0,32,0.0,1.0,1,0.0,0.0,0.0,0.0,0.35855577138619654
deletion,0.0,0.7,,overlap,0.3,0.5,50,8,False,0.24890935223801688,0.3674361379523026,0.15,0.55,0.46153846153846156,False,True,0,0,0.6,6,35,0.14634146341463414,0.42857142857142855,7,0.0,0.0,0.0,0.0,0.38189707597556183
deletion,0.0,0.7,,overlap,0.3,0.5,50,9,False,0.24407997336218615,0.34789853203565557,0.15,0.5681818181818182,0.4305555555555556,False,True,0,0,0.6,4,35,0.10256410256410256,0.45454545454545453,11,0.0,0.0,0.0,0.0,0.3760031459594482
deletion,0.0,0.7,,overlap,0.3,0.5,50,10,False,0.24231322677488637,0.3364920808449235,0.15,0.5777777777777777,0.41025641025641024,False,True,0,0,0.6,0,43,0.0,0.45454545454545453,11,0.0,0.0,0.0,0.0,0.20532993868719798
deletion,0.0,0.7,,overlap,0.3,0.5,50,11,False,0.24098816683441154,0.32793724245187444,0.1,0.5714285714285714,0.40963855421686746,False,True,0,0,0.8,4,37,0.0975609756097561,0.6,15,0.0,0.0,0.0,0.0,0.3304081184189089
deletion,0.0,0.7,,overlap,0.3,0.5,50,12,False,0.2593125536972372,0.3334529318389058,0.05,0.5636363636363636,0.40860215053763443,False,True,0,0,0.8,10,30,0.25,0.55,25,0.0,0.0,0.0,0.0,0.5015124911743986
deletion,0.0,0.7,,overlap,0.3,0.5,50,13,False,0.2605558438443565,0.3250896988791793,0.0,0.5806451612903226,0.39603960396039606,False,True,0,0,0.8,4,31,0.11428571428571428,0.55,29,0.0,0.0,0.0,0.0,0.3843339206745576
deletion,0.0,0.7,,overlap,0.3,0.5,50,14,False,0.25434545431183875,0.31256727415938446,0.0,0.5873015873015873,0.37735849056603776,False,True,0,0,0.8,7,38,0.15555555555555556,0.45,36,0.0,0.0,0.0,0.0,0.45147360676248766
deletion,0.0,0.7,,overlap,0.3,0.5,50,15,False,0.23897337644816477,0.29067545561953834,0.0,0.5909090909090909,0.375,False,True,0,0,0.9,4,45,0.08163265306122448,0.5,40,0.0,0.0,0.0,0.0,0.27856926756324
deletion,0.0,0.7,,overlap,0.3,0.5,50,16,False,0.23280146090755216,0.28050659171465375,0.0,0.6029411764705882,0.3652173913043478,False,True,0,0,1.0,3,36,0.07692307692307693,0.55,43,0.0,0.0,0.0,0.0,0.2207619624856398
deletion,0.0,0.7,,overlap,0.3,0.5,50,17,False,0.24335109568066413,0.2791299437859903,0.0,0.6111111111111112,0.36134453781512604,False,True,0,0,1.0,7,39,0.15217391304347827,0.5,50,0.0,0.0,0.0,0.0,0.29767201436492274
deletion,0.0,0.7,,overlap,0.3,0.5,50,18,False,0.2450133217604981,0.2718474578394927,0.0,0.6216216216216216,0.34959349593495936,False,True,0,0,1.0,4,37,0.0975609756097561,0.5,54,0.0,0.0,0.0,0.0,0.28999063236960076
deletion,0.0,0.7,,overlap,0.3,0.5,50,19,False,0.24625999132037357,0.26638559337961953,0.0,0.618421052631579,0.34375,False,True,0,0,1.0,8,31,0.20512820512820512,0.4,62,0.0,0.0,0.0,0.0,0.22430825670095253
deletion,0.0,0.7,,overlap,0.3,0.5,50,20,False,0.23469499349028017,0.24978919503471464,0.0,0.6296296296296297,0.3382352941176471,False,True,0,0,1.0,9,31,0.225,0.3,71,0.0,0.0,0.0,0.0,0.32002532988275667
deletion,0.0,0.7,,overlap,0.3,0.5,50,21,False,0.21352124511771015,0.22484189627603599,0.0,0.6428571428571429,0.323943661971831,False,True,0,0,1.0,7,31,0.18421052631578946,0.25,78,0.0,0.0,0.0,0.0,0.39389817035045527
deletion,0.0,0.7,,overlap,0.3,0.5,50,22,False,0.1913909338382826,0.19988142220702698,0.0,0.651685393258427,0.31543624161073824,False,True,0,0,1.0,5,30,0.14285714285714285,0.35,83,0.0,0.0,0.0,0.0,0.3765193233616988
deletion,0.0,0.7,,overlap,0.3,0.5,50,23,False,0.18729320037871194,0.19366106665527022,0.0,0.6593406593406593,0.3161290322580645,False,True,0,0,1.0,5,37,0.11904761904761904,0.45,88,0.0,0.0,0.0,0.0,0.38388853863177946
deletion,0.0,0.7,,overlap,0.3,0.5,50,24,False,0.19671990028403394,0.20149579999145265,0.0,0.6702127659574468,0.3081761006289308,False,True,0,0,1.0,10,26,0.2777777777777778,0.75,98,0.0,0.0,0.0,0.0,0.43857509707055764
deletion,0.0,0.7,,overlap,0.3,0.5,50,25,False,0.24128992521302545,0.2448718499935895,0.0,0.6804123711340206,0.30120481927710846,False,True,0,0,1.0,8,41,0.16326530612244897,0.65,106,0.0,0.0,0.0,0.0,0.2819456701103881
deletion,0.0,0.7,,overlap,0.3,0.5,50,26,False,0.2622174439097691,0.2649038874951921,0.0,0.6868686868686869,0.29411764705882354,False,True,0,0,1.0,8,39,0.1702127659574468,0.4,114,0.0,0.0,0.0,0.0,0.3156433376088973
deletion,0.0,0.7,,overlap,0.3,0.5,50,27,False,0.24666308293232683,0.24867791562139407,0.0,0.696078431372549,0.288135593220339,False,True,0,0,1.0,14,32,0.30434782608695654,0.25,128,0.0,0.0,0.0,0.0,0.378530186394072
deletion,0.0,0.7,,overlap,0.3,0.5,50,28,False,0.21624731219924512,0.21775843671604556,0.0,0.6857142857142857,0.2967032967032967,False,True,0,0,1.0,3,40,0.06976744186046512,0.3,131,0.0,0.0,0.0,0.0,0.3089190830262233
deletion,0.0,0.7,,overlap,0.3,0.5,50,29,False,0.19968548414943382,0.20081882753703417,0.0,0.6851851851851852,0.2978723404255319,False,True,0,0,1.0,9,25,0.2647058823529412,0.6,140,0.0,0.0,0.0,0.0,0.380816291715126
deletion,0.0,0.7,,overlap,0.3,0.5,50,30,False,0.2247641131120754,0.22561412065277564,0.0,0.6929824561403509,0.29591836734693877,False,True,0,0,1.0,8,30,0.21052631578947367,0.45,148,0.0,0.0,0.0,0.0,0.3265768327104309
deletion,0.0,0.7,,overlap,0.3,0.5,50,31,False,0.22482308483405652,0.22546059048958172,0.0,0.6916666666666667,0.29901960784313725,False,True,0,0,1.0,10,32,0.23809523809523808,0.3,158,0.0,0.0,0.0,0.0,0.2709710052232196
deletion,0.0,0.7,,overlap,0.3,0.5,50,32,False,0.2061173136255424,0.2065954428671863,0.0,0.6910569105691057,0.29523809523809524,False,True,0,0,1.0,8,37,0.17777777777777778,0.3,166,0.0,0.0,0.0,0.0,0.305340834788078
deletion,0.0,0.7,,overlap,0.3,0.5,50,33,False,0.19208798521915682,0.19244658215038973,0.0,0.6935483870967742,0.2971698113207547,False,True,0,0,1.0,6,40,0.13043478260869565,0.6,172,0.0,0.0,0.0,0.0,0.3388449093036183
deletion,0.0,0.7,,overlap,0.3,0.5,50,34,False,0.2190659889143676,0.2193349366127923,0.0,0.6946564885496184,0.29545454545454547,False,True,0,0,1.0,3,30,0.09090909090909091,0.55,175,0.0,0.0,0.0,0.0,0.4079689729808524
deletion,0.0,0.7,,overlap,0.3,0.5,50,35,False,0.2330494916857757,0.23325120245959421,0.0,0.6940298507462687,0.29333333333333333,False,True,0,0,1.0,9,30,0.23076923076923078,0.65,184,0.0,0.0,0.0,0.0,0.4195150603168316
deletion,0.0,0.7,,overlap,0.3,0.5,50,36,False,0.2560371187643318,0.25618840184469566,0.0,0.7021276595744681,0.28879310344827586,False,True,0,0,1.0,0,30,0.0,0.65,184,0.0,0.0,0.0,0.0,0.3240234638307222
deletion,0.0,0.7,,overlap,0.3,0.5,50,37,False,0.2732778390732488,0.27339130138352175,0.0,0.696551724137931,0.2875,False,True,0,0,1.0,5,36,0.12195121951219512,0.7,189,0.0,0.0,0.0,0.0,0.25376393262437524
deletion,0.0,0.7,,overlap,0.3,0.5,50,38,False,0.2924583793049366,0.2925434760376413,0.0,0.7027027027027027,0.2827868852459016,False,True,0,0,1.0,1,38,0.02564102564102564,0.65,190,0.0,0.0,0.0,0.0,0.293736004169287
deletion,0.0,0.7,,overlap,0.3,0.5,50,39,False,0.3005937844787025,0.30065760702823097,0.0,0.7019867549668874,0.28112449799196787,False,True,0,0,1.0,7,37,0.1590909090909091,0.7,197,0.0,0.0,0.0,0.0,0.30192025374022113
deletion,0.0,0.7,,overlap,0.3,0.5,51,0,False,0.0,0.0,0.0,0.0,1.0,False,True,0,0,0.0,0,0,0.0,0.0,0,0.0,0.0,0.0,0.0,0.0
deletion,0.0,0.7,,overlap,0.3,0.5,51,1,False,0.0,0.0,0.14285714285714285,0.14285714285714285,0.8787878787878788,False,True,0,0,0.2,0,43,0.0,0.0,0,0.0,0.0,0.0,0.0,0.0
deletion,0.0,0.7,,overlap,0.3,0.5,51,2,False,0.03571428571428571,0.03571428571428571,0.2222222222222222,0.2222222222222222,0.7804878048780488,False,True,0,0,0.4,1,36,0.02702702702702703,1.0,1,0.0,0.0,0.0,0.0,0.02147388372499999
deletion,0.0,0.7,,overlap,0.3,0.5,51,3,False,0.09623015873015874,0.17956349206349206,0.1,0.28,0.7346938775510204,False,True,0,0,0.4,4,35,0.10256410256410256,1.0,5,0.0,0.0,0.0,0.0,0.4031532316739332
deletion,0.0,0.7,,overlap,0.3,0.5,51,4,False,0.11324404761904762,0.272172619047619,0.1,0.35714285714285715,0.6727272727272727,False,True,0,0,0.4,5,40,0.1111111111111111,1.0,10,0.0,0.0,0.0,0.0,0.41197919046180387
deletion,0.0,0.7,,overlap,0.3,0.5,51,5,False,0.1260044642857143,0.3416294642857143,0.05,0.3548387096774194,0.6557377049180327,False,True,0,0,0.4,13,31,0.29545454545454547,0.95,23,0.0,0.0,0.0,0.0,0.8953184030934331
deletion,0.0,0.7,,overlap,0.3,0.5,51,6,False,0.1230747767857143,0.3812220982142857,0.05,0.4,0.6119402985074627,False,True,0,0,0.6,4,40,0.09090909090909091,0.95,27,0.0,0.0,0.0,0.0,0.1992074077849534
deletion,0.0,0.7,,overlap,0.3,0.5,51,7,False,0.1530203683035714,0.41091657366071427,0.0,0.40540540540540543,0.5753424657534246,False,True,0,0,0.7,4,35,0.10256410256410256,0.9,31,0.0,0.0,0.0,0.0,0.49741827892971574
deletion,0.0,0.7,,overlap,0.3,0.5,51,8,False,0.17905099051339285,0.4206874302455357,0.0,0.4634146341463415,0.5375,False,True,0,0,0.8,5,35,0.125,0.8,36,0.0,0.0,0.0,0.0,0.2629333659346543
deletion,0.0,0.7,,overlap,0.3,0.5,51,9,False,0.20571681431361608,0.41551557268415173,0.0,0.4782608695652174,0.5227272727272727,False,True,0,0,0.8,9,34,0.20930232558139536,0.6,45,0.0,0.0,0.0,0.0,0.3570461033880048
deletion,0.0,0.7,,overlap,0.3,0.5,51,10,False,0.20785903930664062,0.3866366795131138,0.0,0.52,0.5,False,True,0,0,0.9,3,38,0.07317073170731707,0.55,48,0.0,0.0,0.0,0.0,0.3026958493087383
deletion,0.0,0.7,,overlap,0.3,0.5,51,11,False,0.2148228509085519,0.35872750963483535,0.0,0.5384615384615384,0.4752475247524752,False,True,0,0,0.9,2,44,0.043478260869565216,0.55,50,0.0,0.0,0.0,0.0,0.22034825445089565
deletion,0.0,0.7,,overlap,0.3,0.5,51,12,False,0.22004570960998535,0.3377956322261265,0.0,0.5636363636363636,0.46153846153846156,False,True,0,0,0.9,5,34,0.1282051282051282,0.6,55,0.0,0.0,0.0,0.0,0.29982173482753294
deletion,0.0,0.7,,overlap,0.3,0.5,51,13,False,0.2293199964932033,0.32834672416959493,0.0,0.576271186440678,0.44144144144144143,False,True,0,0,0.9,10,37,0.2127659574468085,0.5,65,0.0,0.0,0.0,0.0,0.3492621340727665
deletion,0.0,0.7,,overlap,0.3,0.5,51,14,False,0.22556142594133105,0.3087600431271962,0.0,0.5806451612903226,0.43103448275862066,False,True,0,0,0.9,12,35,0.2553191489361702,0.5,77,0.0,0.0,0.0,0.0,0.3380649703565627
deletion,0.0,0.7,,overlap,0.3,0.5,51,15,False,0.22274249802742685,0.29407003234539714,0.0,0.582089552238806,0.424,False,True,0,0,0.9,13,28,0.3170731707317073,0.65,90,0.0,0.0,0.0,0.0,0.3667220675976422
deletion,0.0,0.7,,overlap,0.3,0.5,51,16,False,0.23669973066342728,0.30180252425904786,0.0,0.5857142857142857,0.4186046511627907,False,True,0,0,0.9,4,44,0.08333333333333333,0.65,94,0.0,0.0,0.0,0.0,0.2718498967443687
deletion,0.0,0.7,,overlap,0.3,0.5,51,17,False,0.2471676551404276,0.3076018931942859,0.0,0.5833333333333334,0.41605839416058393,False,True,0,0,0.9,3,38,0.07317073170731707,0.65,97,0.0,0.0,0.0,0.0,0.30943417588265476
deletion,0.0,0.7,,overlap,0.3,0.5,51,18,False,0.2550185984981778,0.3119514198957144,0.0,0.6,0.40425531914893614,False,True,0,0,0.9,10,30,0.25,0.4,107,0.0,0.0,0.0,0.0,0.30499809452813986
deletion,0.0,0.7,,overlap,0.3,0.5,51,19,False,0.23412109173077625,0.2839635649217858,0.0,0.6172839506172839,0.3933333333333333,False,True,0,0,0.9,9,24,0.2727272727272727,0.3,116,0.0,0.0,0.0,0.0,0.4076580719016777
deletion,0.0,0.7,,overlap,0.3,0.5,51,20,False,0.20773367594093933,0.25047267369133935,0.0,0.6162790697674418,0.3860759493670886,False,True,0,0,0.9,2,37,0.05128205128205128,0.2,118,0.0,0.0,0.0,0.0,0.29541437119106095
deletion,0.0,0.7,,overlap,0.3,0.5,51,21,False,0.17722882838427592,0.2128545052685045,0.0,0.6153846153846154,0.3902439024390244,False,True,0,0,0.9,4,27,0.12903225806451613,0.2,122,0.0,0.0,0.0,0.0,0.4500140208210685
deletion,0.0,0.7,,overlap,0.3,0.5,51,22,False,0.15435019271677836,0.18464087895137837,0.0,0.631578947368421,0.378698224852071,False,True,0,0,0.9,1,33,0.029411764705882353,0.2,123,0.0,0.0,0.0,0.0,0.22364822595968029
deletion,0.0,0.7,,overlap,0.3,0.5,51,23,False,0.1371912159661552,0.16348065921353377,0.0,0.6428571428571429,0.3699421965317919,False,True,0,0,1.0,5,40,0.1111111111111111,0.25,128,0.0,0.0,0.0,0.0,0.30863682733523456
deletion,0.0,0.7,,overlap,0.3,0.5,51,24,False,0.13414341197461638,0.15386049441015032,0.0,0.6407766990291263,0.3687150837988827,False,True,0,0,1.0,5,35,0.125,0.25,133,0.0,0.0,0.0,0.0,0.262549299426342
deletion,0.0,0.7,,overlap,0.3,0.5,51,25,False,0.1318575589809623,0.14664537080761275,0.0,0.6396396396396397,0.36507936507936506,False,True,0,0,1.0,6,29,0.17142857142857143,0.35,139,0.0,0.0,0.0,0.0,0.37732688746128684
deletion,0.0,0.7,,overlap,0.3,0.5,51,26,False,0.1426431692357217,0.15373402810570957,0.0,0.6460176991150443,0.359375,False,True,0,0,1.0,11,33,0.25,0.4,150,0.0,0.0,0.0,0.0,0.3592444225386403
deletion,0.0,0.7,,overlap,0.3,0.5,51,27,False,0.1569823769267913,0.16530052107928217,0.0,0.65,0.355,False,True,0,0,1.0,13,30,0.3023255813953488,0.5,163,0.0,0.0,0.0,0.0,0.4280192898287091
deletion,0.0,0.7,,overlap,0.3,0.5,51,28,False,0.18023678269509347,0.18647539080946163,0.0,0.6422764227642277,0.35436893203883496,False,True,0,0,1.0,7,33,0.175,0.5,170,0.0,0.0,0.0,0.0,0.35253692209691023
deletion,0.0,0.7,,overlap,0.3,0.5,51,29,False,0.1976775870213201,0.20235654310709622,0.0,0.627906976744186,0.3581395348837209,False,True,0,0,1.0,6,25,0.1935483870967742,0.55,176,0.0,0.0,0.0,0.0,0.33637984275183885
deletion,0.0,0.7,,overlap,0.3,0.5,51,30,False,0.21700819026599008,0.22051740733032218,0.0,0.6335877862595419,0.3515981735159817,False,True,0,0,1.0,10,36,0.21739130434782608,0.5,186,0.0,0.0,0.0,0.0,0.3121030641851546
deletion,0.0,0.7,,overlap,0.3,0.5,51,31,False,0.22525614269949257,0.22788805549774163,0.0,0.6390977443609023,0.3466666666666667,False,True,0,0,1.0,5,37,0.11904761904761904,0.4,191,0.0,0.0,0.0,0.0,0.39899932045807
deletion,0.0,0.7,,overlap,0.3,0.5,51,32,False,0.21894210702461941,0.22091604162330625,0.0,0.6423357664233577,0.34615384615384615,False,True,0,0,1.0,12,29,0.2926829268292683,0.4,203,0.0,0.0,0.0,0.0,0.4668015093057334
deletion,0.0,0.7,,overlap,0.3,0.5,51,33,False,0.21420658026846456,0.21568703121747967,0.0,0.6376811594202898,0.3474576271186441,False,True,0,0,1.0,1,44,0.022222222222222223,0.4,204,0.0,0.0,0.0,0.0,0.2704132794942187
deletion,0.0,0.7,,overlap,0.3,0.5,51,34,False,0.21065493520134843,0.21176527341310974,0.0,0.6382978723404256,0.345679012345679,False,True,0,0,1.0,12,34,0.2608695652173913,0.45,216,0.0,0.0,0.0,0.0,0.4033219167264833
deletion,0.0,0.7,,overlap,0.3,0.5,51,35,False,0.21424120140101133,0.21507395505983232,0.0,0.6363636363636364,0.3413654618473896,False,True,0,0,1.0,10,31,0.24390243902439024,0.3,226,0.0,0.0,0.0,0.0,0.46169881635413323
deletion,0.0,0.7,,overlap,0.3,0.5,51,36,False,0.19818090105075847,0.19880546629487425,0.0,0.64,0.3424124513618677,False,True,0,0,1.0,6,25,0.1935483870967742,0.3,232,0.0,0.0,0.0,0.0,0.3573468462467947
deletion,0.0,0.7,,overlap,0.3,0.5,51,37,False,0.18613567578806886,0.1866040997211557,0.0,0.6387096774193548,0.34220532319391633,False,True,0,0,1.0,1,38,0.02564102564102564,0.35,233,0.0,0.0,0.0,0.0,0.20461322039692614
deletion,0.0,0.7,,overlap,0.3,0.5,51,38,False,0.18335175684105165,0.18370307479086678,0.0,0.6392405063291139,0.33955223880597013,False,True,0,0,1.0,8,38,0.17391304347826086,0.6,241,0.0,0.0,0.0,0.0,0.28540389050367787
deletion,0.0,0.7,,overlap,0.3,0.5,51,39,False,0.21251381763078875,0.2127773060931501,0.0,0.6358024691358025,0.3418181818181818,False,True,0,0,1.0,6,36,0.14285714285714285,0.65,247,0.0,0.0,0.0,0.0,0.39357499336723223
deletion,0.0,0.7,,overlap,0.3,1.0,42,0,False,0.0,0.0,0.0,0.0,1.0,False,True,0,0,0.1,0,0,0.0,0.0,0,0.0,0.0,0.0,0.0,0.0
deletion,0.0,0.7,,overlap,0.3,1.0,42,1,False,0.0,0.0,0.3333333333333333,0.3333333333333333,0.8260869565217391,False,True,0,0,0.5,0,52,0.0,0.0,0,0.0,0.0,0.0,0.0,0.058824499999999974
deletion,0.0,0.7,,overlap,0.3,1.0,42,2,False,0.08333333333333333,0.08333333333333333,0.5,0.5,0.75,False,True,0,0,0.5,2,38,0.05,0.5,2,0.0,0.0,0.0,0.0,0.12339655348999998
deletion,0.0,0.7,,overlap,0.3,1.0,42,3,False,0.1875,0.1875,0.6428571428571429,0.6428571428571429,0.6388888888888888,False,True,0,0,0.8,0,39,0.0,0.5,2,0.0,0.0,0.0,0.0,0.040922482966297594
deletion,0.0,0.7,,overlap,0.3,1.0,42,4,False,0.2860331632653061,0.3013392857142857,0.625,0.625,0.6153846153846154,False,True,0,0,0.9,5,35,0.125,0.5714285714285714,7,0.0,0.0,0.0,0.0,0.12572962436002075
deletion,0.0,0.7,,overlap,0.3,1.0,42,5,False,0.364078443877551,0.3755580357142857,0.6,0.6190476190476191,0.5652173913043478,False,True,0,0,0.9,6,33,0.15384615384615385,0.6153846153846154,13,0.0,0.0,0.0,0.0,0.156762297263032
deletion,0.0,0.7,,overlap,0.3,1.0,42,6,False,0.42498190983124023,0.43359160370879124,0.55,0.6086956521739131,0.56,False,True,0,0,0.9,16,29,0.35555555555555557,0.55,29,0.0,0.0,0.0,0.0,0.30735370746713747
deletion,0.0,0.7,,overlap,0.3,1.0,42,7,False,0.45623643237343015,0.46269370278159344,0.4,0.5862068965517241,0.5344827586206896,False,True,0,0,0.9,10,30,0.25,0.6,39,0.0,0.0,0.0,0.0,0.2745186454744552
deletion,0.0,0.7,,overlap,0.3,1.0,42,8,False,0.4671773242800726,0.4720202770861951,0.4,0.6129032258064516,0.49206349206349204,False,True,0,0,0.9,13,35,0.2708333333333333,0.6,52,0.0,0.0,0.0,0.0,0.30647792755175135
deletion,0.0,0.7,,overlap,0.3,1.0,42,9,False,0.47538299321005445,0.47901520781464635,0.35,0.6285714285714286,0.463768115942029,False,True,0,0,0.9,17,23,0.425,0.75,69,0.0,0.0,0.0,0.0,0.3342651700328912
deletion,0.0,0.7,,overlap,0.3,1.0,42,10,False,0.49403724490754086,0.4967614058609848,0.3,0.631578947368421,0.4520547945205479,False,True,0,0,0.9,11,33,0.25,0.65,80,0.0,0.0,0.0,0.0,0.30026518603241653
deletion,0.0,0.7,,overlap,0.3,1.0,42,11,False,0.4892779336806556,0.4913210543957386,0.3,0.6888888888888889,0.4125,False,True,0,0,1.0,12,24,0.3333333333333333,0.65,92,0.0,0.0,0.0,0.0,0.32387084858151466
deletion,0.0,0.7,,overlap,0.3,1.0,42,12,False,0.4857084502604917,0.48724079079680394,0.3,0.6956521739130435,0.4024390243902439,False,True,0,0,1.0,18,27,0.4,0.65,110,0.0,0.0,0.0,0.0,0.3926807294594862
deletion,0.0,0.7,,overlap,0.3,1.0,42,13,False,0.4830313376953688,0.484180593097603,0.1,0.6666666666666666,0.3978494623655914,False,True,0,0,1.0,18,18,0.5,0.7,128,0.0,0.0,0.0,0.0,0.37656931749680755
deletion,0.0,0.7,,overlap,0.3,1.0,42,14,False,0.46227350327152655,0.46313544482320224,0.05,0.6610169491525424,0.3979591836734694,False,True,0,0,1.0,10,35,0.2222222222222222,0.65,138,0.0,0.0,0.0,0.0,0.2319988963094885
deletion,0.0,0.7,,overlap,0.3,1.0,42,15,False,0.434205127453645,0.4348515836174017,0.05,0.6721311475409836,0.38235294117647056,False,True,0,0,1.0,12,36,0.25,0.7,150,0.0,0.0,0.0,0.0,0.35224720935462045
deletion,0.0,0.7,,overlap,0.3,1.0,42,16,False,0.41940384559023375,0.4198886877130513,0.0,0.6911764705882353,0.3669724770642202,False,True,0,0,1.0,12,25,0.32432432432432434,0.5,162,0.0,0.0,0.0,0.0,0.3268046625089424
deletion,0.0,0.7,,overlap,0.3,1.0,42,17,False,0.37705288419267535,0.3774165157847885,0.0,0.684931506849315,0.3620689655172414,False,True,0,0,1.0,16,26,0.38095238095238093,0.6,178,0.0,0.0,0.0,0.0,0.3315880700477968
deletion,0.0,0.7,,overlap,0.3,1.0,42,18,False,0.3577896631445065,0.35806238683859143,0.0,0.6582278481012658,0.3709677419354839,False,True,0,0,1.0,10,27,0.2702702702702703,0.7,188,0.0,0.0,0.0,0.0,0.36695483238083015
deletion,0.0,0.7,,overlap,0.3,1.0,42,19,False,0.3558422473583799,0.3560467901289436,0.0,0.6705882352941176,0.36153846153846153,False,True,0,0,1.0,12,27,0.3076923076923077,0.65,200,0.0,0.0,0.0,0.0,0.3127075121791173
deletion,0.0,0.7,,overlap,0.3,1.0,42,20,False,0.3481316855187849,0.34828509259670765,0.0,0.6818181818181818,0.35074626865671643,False,True,0,0,1.0,14,31,0.3111111111111111,0.45,214,0.0,0.0,0.0,0.0,0.3428909359968226
deletion,0.0,0.7,,overlap,0.3,1.0,42,21,False,0.3173487641390887,0.31746381944753077,0.0,0.6808510638297872,0.34965034965034963,False,True,0,0,1.0,17,21,0.4473684210526316,0.55,231,0.0,0.0,0.0,0.0,0.35035461910380394
deletion,0.0,0.7,,overlap,0.3,1.0,42,22,False,0.30676157310431645,0.30684786458564806,0.0,0.6767676767676768,0.35135135135135137,False,True,0,0,1.0,18,30,0.375,0.55,249,0.0,0.0,0.0,0.0,0.3658930516558877
deletion,0.0,0.7,,overlap,0.3,1.0,42,23,False,0.29882117982823736,0.2988858984392361,0.0,0.6699029126213593,0.35526315789473684,False,True,0,0,1.0,18,26,0.4090909090909091,0.5,267,0.0,0.0,0.0,0.0,0.31796314873939424
deletion,0.0,0.7,,overlap,0.3,1.0,42,24,False,0.286615884871178,0.28666442382942703,0.0,0.6666666666666666,0.3503184713375796,False,True,0,0,1.0,9,35,0.20454545454545456,0.25,276,0.0,0.0,0.0,0.0,0.33356004050632976
deletion,0.0,0.7,,overlap,0.3,1.0,42,25,False,0.24621191365338352,0.24624831787207027,0.0,0.6666666666666666,0.3395061728395062,False,True,0,0,1.0,18,30,0.375,0.45,294,0.0,0.0,0.0,0.0,0.3590255478788714
deletion,0.0,0.7,,overlap,0.3,1.0,42,26,False,0.24090893524003762,0.2409362384040527,0.0,0.6574074074074074,0.3413173652694611,False,True,0,0,1.0,18,24,0.42857142857142855,0.5,312,0.0,0.0,0.0,0.0,0.3743608255384379
deletion,0.0,0.7,,overlap,0.3,1.0,42,27,False,0.2431817014300282,0.24320217880303951,0.0,0.6517857142857143,0.3468208092485549,False,True,0,0,1.0,12,30,0.2857142857142857,0.45,324,0.0,0.0,0.0,0.0,0.3255586298955826
deletion,0.0,0.7,,overlap,0.3,1.0,42,28,False,0.23863627607252114,0.23865163410227963,0.0,0.6608695652173913,0.3389830508474576,False,True,0,0,1.0,8,36,0.18181818181818182,0.4,332,0.0,0.0,0.0,0.0,0.2916361477674138
deletion,0.0,0.7,,overlap,0.3,1.0,42,29,False,0.2289772070543909,0.22898872557670974,0.0,0.6446280991735537,0.34594594594594597,False,True,0,0,1.0,9,29,0.23684210526315788,0.5,341,0.0,0.0,0.0,0.0,0.31407762952071216
deletion,0.0,0.7,,overlap,0.3,1.0,42,30,False,0.23423290529079316,0.2342415441825323,0.0,0.64,0.3473684210526316,False,True,0,0,1.0,19,29,0.3958333333333333,0.4,360,0.0,0.0,0.0,0.0,0.3420164460346544
deletion,0.0,0.7,,overlap,0.3,1.0,42,31,False,0.22567467896809487,0.2256811581368992,0.0,0.6434108527131783,0.3435897435897436,False,True,0,0,1.0,11,26,0.2972972972972973,0.3,371,0.0,0.0,0.0,0.0,0.3220512267032935
deletion,0.0,0.7,,overlap,0.3,1.0,42,32,False,0.20675600922607118,0.20676086860267442,0.0,0.6518518518518519,0.3448275862068966,False,True,0,0,1.0,14,24,0.3684210526315789,0.55,385,0.0,0.0,0.0,0.0,0.3499112346606707
deletion,0.0,0.7,,overlap,0.3,1.0,42,33,False,0.22381700691955336,0.22382065145200583,0.0,0.6453900709219859,0.3476190476190476,False,True,0,0,1.0,15,25,0.375,0.7,400,0.0,0.0,0.0,0.0,0.348219502760717
deletion,0.0,0.7,,overlap,0.3,1.0,42,34,False,0.255362755189665,0.2553654885890044,0.0,0.6241610738255033,0.3623853211009174,False,True,0,0,1.0,17,23,0.425,0.65,417,0.0,0.0,0.0,0.0,0.41686973557487017
deletion,0.0,0.7,,overlap,0.3,1.0,42,35,False,0.27277206639224877,0.27277411644175326,0.0,0.6274509803921569,0.36160714285714285,False,True,0,0,1.0,12,27,0.3076923076923077,0.6,429,0.0,0.0,0.0,0.0,0.3226293572465056
deletion,0.0,0.7,,overlap,0.3,1.0,42,36,False,0.2795790497941866,0.27958058733131497,0.0,0.6163522012578616,0.36637931034482757,False,True,0,0,1.0,18,19,0.4864864864864865,0.65,447,0.0,0.0,0.0,0.0,0.3329111778599121
deletion,0.0,0.7,,overlap,0.3,1.0,42,37,False,0.2909342873456399,0.29093544049848624,0.0,0.6047904191616766,0.375,False,True,0,0,1.0,15,20,0.42857142857142855,0.45,462,0.0,0.0,0.0,0.0,0.29500269371346005
deletion,0.0,0.7,,overlap,0.3,1.0,42,38,False,0.27445071550923,0.2744515803738647,0.0,0.6162790697674418,0.36693548387096775,False,True,0,0,1.0,19,23,0.4523809523809524,0.45,481,0.0,0.0,0.0,0.0,0.2954750998562605
deletion,0.0,0.7,,overlap,0.3,1.0,42,39,False,0.26208803663192254,0.2620886852803985,0.0,0.6184971098265896,0.3611111111111111,False,True,0,0,1.0,15,29,0.3409090909090909,0.75,496,0.0,0.0,0.0,0.0,0.3418129625506773
deletion,0.0,0.7,,overlap,0.3,1.0,43,0,False,0.0,0.0,0.0,0.0,1.0,False,True,0,0,0.0,0,0,0.0,0.0,0,0.0,0.0,0.0,0.0,0.0
deletion,0.0,0.7,,overlap,0.3,1.0,43,1,False,0.0,0.0,0.09090909090909091,0.09090909090909091,0.8518518518518519,False,True,0,0,0.0,0,50,0.0,0.0,0,0.0,0.0,0.0,0.0,0.0
deletion,0.0,0.7,,overlap,0.3,1.0,43,2,False,0.022727272727272728,0.022727272727272728,0.29411764705882354,0.29411764705882354,0.7575757575757576,False,True,0,0,0.0,0,39,0.0,0.0,0,0.0,0.0,0.0,0.0,0.0
deletion,0.0,0.7,,overlap,0.3,1.0,43,3,False,0.09057486631016043,0.09057486631016043,0.35,0.4090909090909091,0.6341463414634146,False,True,0,0,0.0,0,37,0.0,0.0,0,0.0,0.0,0.0,0.0,0.0
deletion,0.0,0.7,,overlap,0.3,1.0,43,4,False,0.15543114973262032,0.15543114973262032,0.25,0.4,0.6041666666666666,False,True,0,0,0.0,0,38,0.0,0.0,0,0.0,0.0,0.0,0.0,0.0
deletion,0.0,0.7,,overlap,0.3,1.0,43,5,False,0.17907336229946522,0.17907336229946524,0.2,0.4482758620689655,0.5535714285714286,False,True,0,0,0.1,0,38,0.0,0.0,0,0.0,0.0,0.0,0.0,0.0
deletion,0.0,0.7,,overlap,0.3,1.0,43,6,False,0.18430502172459895,0.18430502172459895,0.25,0.4666666666666667,0.5344827586206896,False,True,0,0,0.1,0,40,0.0,0.0,0,0.0,0.0,0.0,0.0,0.35
deletion,0.0,0.7,,overlap,0.3,1.0,43,7,False,0.2007287662934492,0.2007287662934492,0.15,0.4594594594594595,0.5384615384615384,False,True,0,0,0.1,0,40,0.0,0.0,0,0.0,0.0,0.0,0.0,0.24499999999999997
deletion,0.0,0.7,,overlap,0.3,1.0,43,8,False,0.18804657472008693,0.18804657472008693,0.15,0.5,0.5068493150684932,False,True,0,0,0.2,0,46,0.0,0.0,0,0.0,0.0,0.0,0.0,0.08403499999999997
deletion,0.0,0.7,,overlap,0.3,1.0,43,9,False,0.1785349310400652,0.1785349310400652,0.15,0.5121951219512195,0.4868421052631579,False,True,0,0,0.3,0,49,0.0,0.0,0,0.0,0.0,0.0,0.0,0.12956188122499998
deletion,0.0,0.7,,overlap,0.3,1.0,43,10,False,0.1714011982800489,0.1714011982800489,0.15,0.5238095238095238,0.4625,False,True,0,0,0.4,2,42,0.045454545454545456,0.5,2,0.0,0.0,0.0,0.0,0.12247459358499048
deletion,0.0,0.7,,overlap,0.3,1.0,43,11,False,0.19105089871003664,0.20980089871003665,0.15,0.5434782608695652,0.42696629213483145,False,True,0,0,0.4,7,33,0.175,0.1111111111111111,9,0.0,0.0,0.0,0.0,0.224755663142484
deletion,0.0,0.7,,overlap,0.3,1.0,43,12,False,0.1780103962547497,0.1899895629214164,0.15,0.5625,0.425531914893617,False,True,0,0,0.5,6,36,0.14285714285714285,0.13333333333333333,15,0.0,0.0,0.0,0.0,0.3654241444060862
deletion,0.0,0.7,,overlap,0.3,1.0,43,13,False,0.16951970195296706,0.17790883885772896,0.15,0.58,0.40816326530612246,False,True,0,0,0.7,10,31,0.24390243902439024,0.05,25,0.0,0.0,0.0,0.0,0.40360570943683055
deletion,0.0,0.7,,overlap,0.3,1.0,43,14,False,0.15571120503615385,0.1584316291432967,0.15,0.5961538461538461,0.39215686274509803,False,True,0,0,0.9,10,30,0.25,0.0,35,0.0,0.0,0.0,0.0,0.307319403662623
deletion,0.0,0.7,,overlap,0.3,1.0,43,15,False,0.1355334037771154,0.13757372185747252,0.15,0.625,0.37037037037037035,False,True,0,0,0.9,11,31,0.2619047619047619,0.15,46,0.0,0.0,0.0,0.0,0.38033249133817265
deletion,0.0,0.7,,overlap,0.3,1.0,43,16,False,0.13915005283283655,0.1406802913931044,0.05,0.625,0.36752136752136755,False,True,0,0,1.0,16,23,0.41025641025641024,0.45,62,0.0,0.0,0.0,0.0,0.34129176514097564
deletion,0.0,0.7,,overlap,0.3,1.0,43,17,False,0.1668625396246274,0.16801021854482828,0.0,0.6142857142857143,0.3709677419354839,False,True,0,0,1.0,20,21,0.4878048780487805,0.45,82,0.0,0.0,0.0,0.0,0.42665328615396375
deletion,0.0,0.7,,overlap,0.3,1.0,43,18,False,0.18139690471847056,0.18225766390862122,0.0,0.6197183098591549,0.36220472440944884,False,True,0,0,1.0,20,26,0.43478260869565216,0.4,102,0.0,0.0,0.0,0.0,0.3681896201411241
deletion,0.0,0.7,,overlap,0.3,1.0,43,19,False,0.18604767853885293,0.1866932479314659,0.0,0.6282051282051282,0.3656716417910448,False,True,0,0,1.0,8,29,0.21621621621621623,0.45,110,0.0,0.0,0.0,0.0,0.24738277119844615
deletion,0.0,0.7,,overlap,0.3,1.0,43,20,False,0.19578575890413968,0.19626993594859943,0.0,0.6282051282051282,0.35,False,True,0,0,1.0,9,33,0.21428571428571427,0.4,119,0.0,0.0,0.0,0.0,0.36041321606635823
deletion,0.0,0.7,,overlap,0.3,1.0,43,21,False,0.19683931917810477,0.1972024519614496,0.0,0.6265060240963856,0.34459459459459457,False,True,0,0,1.0,17,27,0.38636363636363635,0.6,136,0.0,0.0,0.0,0.0,0.3763132646846338
deletion,0.0,0.7,,overlap,0.3,1.0,43,22,False,0.22262948938357857,0.22290183897108717,0.0,0.611764705882353,0.3464052287581699,False,True,0,0,1.0,12,28,0.3,0.3,148,0.0,0.0,0.0,0.0,0.25474475330688456
deletion,0.0,0.7,,overlap,0.3,1.0,43,23,False,0.20447211703768395,0.20467637922831539,0.0,0.6206896551724138,0.3419354838709677,False,True,0,0,1.0,16,32,0.3333333333333333,0.7,164,0.0,0.0,0.0,0.0,0.33426746721227807
deletion,0.0,0.7,,overlap,0.3,1.0,43,24,False,0.24085408777826295,0.24100728442123653,0.0,0.5894736842105263,0.3597560975609756,False,True,0,0,1.0,17,15,0.53125,0.6,181,0.0,0.0,0.0,0.0,0.35266509855230244
deletion,0.0,0.7,,overlap,0.3,1.0,43,25,False,0.2556405658336972,0.2557554633159274,0.0,0.6020408163265306,0.3532934131736527,False,True,0,0,1.0,14,29,0.32558139534883723,0.25,195,0.0,0.0,0.0,0.0,0.362642365504645
deletion,0.0,0.7,,overlap,0.3,1.0,43,26,False,0.2229804243752729,0.22306659748694557,0.0,0.6213592233009708,0.34104046242774566,False,True,0,0,1.0,10,25,0.2857142857142857,0.4,205,0.0,0.0,0.0,0.0,0.4341898235082618
deletion,0.0,0.7,,overlap,0.3,1.0,43,27,False,0.21723531828145468,0.2172999481152092,0.0,0.6261682242990654,0.33707865168539325,False,True,0,0,1.0,12,25,0.32432432432432434,0.45,217,0.0,0.0,0.0,0.0,0.337794906501946
deletion,0.0,0.7,,overlap,0.3,1.0,43,28,False,0.21917648871109102,0.2192249610864069,0.0,0.6330275229357798,0.3314917127071823,False,True,0,0,1.0,14,29,0.32558139534883723,0.6,231,0.0,0.0,0.0,0.0,0.34118696263241455
deletion,0.0,0.7,,overlap,0.3,1.0,43,29,False,0.2393823665333183,0.2394187208148052,0.0,0.6339285714285714,0.32972972972972975,False,True,0,0,1.0,8,35,0.18604651162790697,0.6,239,0.0,0.0,0.0,0.0,0.26603275791048453
deletion,0.0,0.7,,overlap,0.3,1.0,43,30,False,0.2545367748999887,0.2545640406111039,0.0,0.6379310344827587,0.328125,False,True,0,0,1.0,14,32,0.30434782608695654,0.45,253,0.0,0.0,0.0,0.0,0.35537076194819633
deletion,0.0,0.7,,overlap,0.3,1.0,43,31,False,0.24715258117499153,0.24717303045832792,0.0,0.6422764227642277,0.32338308457711445,False,True,0,0,1.0,10,30,0.25,0.5,263,0.0,0.0,0.0,0.0,0.3173300725598397
deletion,0.0,0.7,,overlap,0.3,1.0,43,32,False,0.24786443588124366,0.24787977284374593,0.0,0.6589147286821705,0.3157894736842105,False,True,0,0,1.0,9,28,0.24324324324324326,0.45,272,0.0,0.0,0.0,0.0,0.3552939065946771
deletion,0.0,0.7,,overlap,0.3,1.0,43,33,False,0.24214832691093274,0.24215982963280944,0.0,0.6590909090909091,0.3177570093457944,False,True,0,0,1.0,14,32,0.30434782608695654,0.3,286,0.0,0.0,0.0,0.0,0.2932961762686798
deletion,0.0,0.7,,overlap,0.3,1.0,43,34,False,0.21911124518319955,0.21911987222460708,0.0,0.6642857142857143,0.3153153153153153,False,True,0,0,1.0,11,24,0.3142857142857143,0.3,297,0.0,0.0,0.0,0.0,0.3754897502394827
deletion,0.0,0.7,,overlap,0.3,1.0,43,35,False,0.2018334338873997,0.20183990416845532,0.0,0.6713286713286714,0.30973451327433627,False,True,0,0,1.0,13,32,0.28888888888888886,0.55,310,0.0,0.0,0.0,0.0,0.32819197573887615
deletion,0.0,0.7,,overlap,0.3,1.0,43,36,False,0.22012507541554976,0.2201299281263415,0.0,0.673469387755102,0.30735930735930733,False,True,0,0,1.0,12,31,0.27906976744186046,0.55,322,0.0,0.0,0.0,0.0,0.30117090521573314
deletion,0.0,0.7,,overlap,0.3,1.0,43,37,False,0.23384380656166234,0.23384744609475613,0.0,0.6711409395973155,0.3080168776371308,False,True,0,0,1.0,9,35,0.20454545454545456,0.45,331,0.0,0.0,0.0,0.0,0.24699817894785644
deletion,0.0,0.7,,overlap,0.3,1.0,43,38,False,0.23163285492124674,0.2316355845710671,0.0,0.6753246753246753,0.3114754098360656,False,True,0,0,1.0,14,26,0.35,0.35,345,0.0,0.0,0.0,0.0,0.3216745380321808
deletion,0.0,0.7,,overlap,0.3,1.0,43,39,False,0.21747464119093504,0.2174766884283003,0.0,0.6707317073170732,0.31225296442687744,False,True,0,0,1.0,16,25,0.3902439024390244,0.4,361,0.0,0.0,0.0,0.0,0.35037737712276484
deletion,0.0,0.7,,overlap,0.3,1.0,44,0,False,0.0,0.0,0.0,0.0,1.0,False,True,0,0,0.0,0,0,0.0,0.0,0,0.0,0.0,0.0,0.0,0.0
deletion,0.0,0.7,,overlap,0.3,1.0,44,1,False,0.0,0.0,0.3,0.3,0.72,False,True,0,0,0.1,0,43,0.0,0.0,0,0.0,0.0,0.0,0.0,0.0
deletion,0.0,0.7,,overlap,0.3,1.0,44,2,False,0.075,0.075,0.38461538461538464,0.38461538461538464,0.6785714285714286,False,True,0,0,0.1,0,45,0.0,0.0,0,0.0,0.0,0.0,0.0,0.0
deletion,0.0,0.7,,overlap,0.3,1.0,44,3,False,0.15240384615384617,0.15240384615384617,0.45,0.45,0.5897435897435898,False,True,0,0,0.1,0,35,0.0,0.0,0,0.0,0.0,0.0,0.0,0.0
deletion,0.0,0.7,,overlap,0.3,1.0,44,4,False,0.22680288461538461,0.22680288461538461,0.45,0.5,0.5476190476190477,False,True,0,0,0.1,1,38,0.02564102564102564,1.0,1,0.0,0.0,0.0,0.0,0.24499999999999997
deletion,0.0,0.7,,overlap,0.3,1.0,44,5,False,0.28260216346153844,0.28260216346153844,0.45,0.56,0.5111111111111111,False,True,0,0,0.3,0,44,0.0,1.0,1,0.0,0.0,0.0,0.0,0.24499999999999997
deletion,0.0,0.7,,overlap,0.3,1.0,44,6,False,0.3342730511675824,0.3932016225961538,0.35,0.5806451612903226,0.5094339622641509,False,True,0,0,0.3,5,29,0.14705882352941177,0.8333333333333334,6,0.0,0.0,0.0,0.0,0.6386549999999999
deletion,0.0,0.7,,overlap,0.3,1.0,44,7,False,0.3468357407566392,0.44281788361378205,0.2,0.5405405405405406,0.5333333333333333,False,True,0,0,0.3,3,39,0.07142857142857142,0.7777777777777778,9,0.0,0.0,0.0,0.0,0.2583577958499999
deletion,0.0,0.7,,overlap,0.3,1.0,44,8,False,0.32044426588493974,0.4543356349325588,0.05,0.5348837209302325,0.5441176470588235,False,True,0,0,0.4,10,30,0.25,0.7894736842105263,19,0.0,0.0,0.0,0.0,0.46755394391391486
deletion,0.0,0.7,,overlap,0.3,1.0,44,9,False,0.2792429738497951,0.44568593672573487,0.05,0.5555555555555556,0.5138888888888888,False,True,0,0,0.5,5,38,0.11627906976744186,0.75,24,0.0,0.0,0.0,0.0,0.2095051490424187
deletion,0.0,0.7,,overlap,0.3,1.0,44,10,False,0.2594322303873463,0.4342644525443011,0.05,0.5833333333333334,0.475,False,True,0,0,0.5,10,31,0.24390243902439024,0.65,34,0.0,0.0,0.0,0.0,0.3120458812839041
deletion,0.0,0.7,,overlap,0.3,1.0,44,11,False,0.23921702993336688,0.41319833940822587,0.05,0.6226415094339622,0.45348837209302323,False,True,0,0,0.7,6,40,0.13043478260869565,0.4,40,0.0,0.0,0.0,0.0,0.2392427709436023
deletion,0.0,0.7,,overlap,0.3,1.0,44,12,False,0.22316277245002517,0.3661487545561694,0.05,0.6363636363636364,0.42857142857142855,False,True,0,0,0.7,9,30,0.23076923076923078,0.45,49,0.0,0.0,0.0,0.0,0.35346798264468393
deletion,0.0,0.7,,overlap,0.3,1.0,44,13,False,0.2155863650518046,0.33711156591712704,0.05,0.6491228070175439,0.40625,False,True,0,0,0.7,6,35,0.14634146341463414,0.55,55,0.0,0.0,0.0,0.0,0.30269045207068285
deletion,0.0,0.7,,overlap,0.3,1.0,44,14,False,0.2188326309317106,0.3278336744378453,0.05,0.6774193548387096,0.3883495145631068,False,True,0,0,0.7,7,27,0.20588235294117646,0.5,62,0.0,0.0,0.0,0.0,0.33132424609865846
deletion,0.0,0.7,,overlap,0.3,1.0,44,15,False,0.21680304462735436,0.31462525582838397,0.0,0.6818181818181818,0.38317757009345793,False,True,0,0,0.9,9,31,0.225,0.4,71,0.0,0.0,0.0,0.0,0.31218297603401185
deletion,0.0,0.7,,overlap,0.3,1.0,44,16,False,0.21260228347051577,0.28596894187128796,0.0,0.6805555555555556,0.3805309734513274,False,True,0,0,1.0,12,26,0.3157894736842105,0.55,83,0.0,0.0,0.0,0.0,0.3167871857008842
deletion,0.0,0.7,,overlap,0.3,1.0,44,17,False,0.22820171260288685,0.283226706403466,0.0,0.6973684210526315,0.36134453781512604,False,True,0,0,1.0,11,33,0.25,0.6,94,0.0,0.0,0.0,0.0,0.34487299168938174
deletion,0.0,0.7,,overlap,0.3,1.0,44,18,False,0.24615128445216514,0.2874200298025995,0.0,0.6875,0.35714285714285715,False,True,0,0,1.0,9,25,0.2647058823529412,0.6,103,0.0,0.0,0.0,0.0,0.3626735000768089
deletion,0.0,0.7,,overlap,0.3,1.0,44,19,False,0.2596134633391239,0.29056502235194964,0.0,0.6931818181818182,0.35074626865671643,False,True,0,0,1.0,11,28,0.28205128205128205,0.5,114,0.0,0.0,0.0,0.0,0.3537989902031016
deletion,0.0,0.7,,overlap,0.3,1.0,44,20,False,0.25721009750434287,0.28042376676396225,0.0,0.7065217391304348,0.3380281690140845,False,True,0,0,1.0,10,24,0.29411764705882354,0.55,124,0.0,0.0,0.0,0.0,0.2991750605869154
deletion,0.0,0.7,,overlap,0.3,1.0,44,21,False,0.2616575731282572,0.2790678250729717,0.0,0.7157894736842105,0.3287671232876712,False,True,0,0,1.0,7,34,0.17073170731707318,0.6,131,0.0,0.0,0.0,0.0,0.2737059516990622
deletion,0.0,0.7,,overlap,0.3,1.0,44,22,False,0.2712431798461929,0.28430086880472877,0.0,0.71,0.3333333333333333,False,True,0,0,1.0,12,28,0.3,0.55,143,0.0,0.0,0.0,0.0,0.3275646431313089
deletion,0.0,0.7,,overlap,0.3,1.0,44,23,False,0.27218238488464463,0.28197565160354654,0.0,0.7058823529411765,0.3312883435582822,False,True,0,0,1.0,9,29,0.23684210526315788,0.7,152,0.0,0.0,0.0,0.0,0.28649134509946583
deletion,0.0,0.7,,overlap,0.3,1.0,44,24,False,0.29163678866348347,0.29898173870265987,0.0,0.719626168224299,0.32142857142857145,False,True,0,0,1.0,10,33,0.23255813953488372,0.55,162,0.0,0.0,0.0,0.0,0.3493957526702933
deletion,0.0,0.7,,overlap,0.3,1.0,44,25,False,0.2874775914976126,0.2929863040269949,0.0,0.7207207207207207,0.3142857142857143,False,True,0,0,1.0,16,27,0.37209302325581395,0.45,178,0.0,0.0,0.0,0.0,0.38396102779907976
deletion,0.0,0.7,,overlap,0.3,1.0,44,26,False,0.27185819362320945,0.2759897280202462,0.0,0.7130434782608696,0.3114754098360656,False,True,0,0,1.0,11,28,0.28205128205128205,0.25,189,0.0,0.0,0.0,0.0,0.3936084142000843
deletion,0.0,0.7,,overlap,0.3,1.0,44,27,False,0.2351436452174071,0.23824229601518465,0.0,0.7083333333333334,0.31216931216931215,False,True,0,0,1.0,10,26,0.2777777777777778,0.4,199,0.0,0.0,0.0,0.0,0.32806720997847066
deletion,0.0,0.7,,overlap,0.3,1.0,44,28,False,0.22635773391305533,0.22868172201138848,0.0,0.703125,0.31155778894472363,False,True,0,0,1.0,11,23,0.3235294117647059,0.55,210,0.0,0.0,0.0,0.0,0.34702651863737305
deletion,0.0,0.7,,overlap,0.3,1.0,44,29,False,0.2385183004347915,0.24026129150854136,0.0,0.7045454545454546,0.3088235294117647,False,True,0,0,1.0,13,25,0.34210526315789475,0.6,223,0.0,0.0,0.0,0.0,0.3426709008867702
deletion,0.0,0.7,,overlap,0.3,1.0,44,30,False,0.25388872532609363,0.25519596863140603,0.0,0.708029197080292,0.3047619047619048,False,True,0,0,1.0,25,27,0.4807692307692308,0.45,248,0.0,0.0,0.0,0.0,0.4387638861652407
deletion,0.0,0.7,,overlap,0.3,1.0,44,31,False,0.24666654399457025,0.24764697647355452,0.0,0.7071428571428572,0.3055555555555556,False,True,0,0,1.0,17,30,0.3617021276595745,0.6,265,0.0,0.0,0.0,0.0,0.25851116017620734
deletion,0.0,0.7,,overlap,0.3,1.0,44,32,False,0.2599999079959277,0.2607352323551659,0.0,0.7172413793103448,0.30493273542600896,False,True,0,0,1.0,8,25,0.24242424242424243,0.65,273,0.0,0.0,0.0,0.0,0.20382918710708312
deletion,0.0,0.7,,overlap,0.3,1.0,44,33,False,0.2762499309969457,0.2768014242663744,0.0,0.7094594594594594,0.3056768558951965,False,True,0,0,1.0,8,38,0.17391304347826086,0.65,281,0.0,0.0,0.0,0.0,0.23904589107984675
deletion,0.0,0.7,,overlap,0.3,1.0,44,34,False,0.2884374482477093,0.2888510681997808,0.0,0.7161290322580646,0.3008474576271186,False,True,0,0,1.0,6,27,0.18181818181818182,0.55,287,0.0,0.0,0.0,0.0,0.2930274249300856
deletion,0.0,0.7,,overlap,0.3,1.0,44,35,False,0.28507808618578195,0.2853883011498356,0.0,0.7098765432098766,0.3045267489711934,False,True,0,0,1.0,13,22,0.37142857142857144,0.35,300,0.0,0.0,0.0,0.0,0.30657599265085145
deletion,0.0,0.7,,overlap,0.3,1.0,44,36,False,0.25755856463933646,0.2577912258623767,0.0,0.7090909090909091,0.304,False,True,0,0,1.0,12,27,0.3076923076923077,0.5,312,0.0,0.0,0.0,0.0,0.30822941976937607
deletion,0.0,0.7,,overlap,0.3,1.0,44,37,False,0.2556689234795023,0.2558434193967825,0.0,0.711764705882353,0.3035019455252918,False,True,0,0,1.0,9,31,0.225,0.65,321,0.0,0.0,0.0,0.0,0.3136063317603774
deletion,0.0,0.7,,overlap,0.3,1.0,44,38,False,0.27300169260962676,0.2731325645475869,0.0,0.7126436781609196,0.30038022813688214,False,True,0,0,1.0,15,28,0.3488372093023256,0.6,336,0.0,0.0,0.0,0.0,0.3112254329785805
deletion,0.0,0.7,,overlap,0.3,1.0,44,39,False,0.27975126945722006,0.2798494234106902,0.0,0.7078651685393258,0.30223880597014924,False,True,0,0,1.0,14,32,0.30434782608695654,0.6,350,0.0,0.0,0.0,0.0,0.3170731450102207
deletion,0.0,0.7,,overlap,0.3,1.0,45,0,False,0.0,0.0,0.0,0.0,1.0,False,True,0,0,0.2,0,0,0.0,0.0,0,0.0,0.0,0.0,0.0,0.0
deletion,0.0,0.7,,overlap,0.3,1.0,45,1,False,0.0,0.0,0.375,0.375,0.8,False,True,0,0,0.3,2,40,0.047619047619047616,0.0,2,0.0,0.0,0.0,0.0,0.16451749999999998
deletion,0.0,0.7,,overlap,0.3,1.0,45,2,False,0.07366071428571429,0.09375,0.35294117647058826,0.35294117647058826,0.7575757575757576,False,True,0,0,0.5,3,43,0.06521739130434782,0.0,5,0.0,0.0,0.0,0.0,0.3280539344999999
deletion,0.0,0.7,,overlap,0.3,1.0,45,3,False,0.11827074579831934,0.15854779411764708,0.4,0.42857142857142855,0.6842105263157895,False,True,0,0,0.8,7,37,0.1590909090909091,0.0,12,0.0,0.0,0.0,0.0,0.21656585616284896
deletion,0.0,0.7,,overlap,0.3,1.0,45,4,False,0.14584591649159664,0.21891084558823531,0.4,0.4782608695652174,0.5909090909090909,False,True,0,0,0.9,10,26,0.2777777777777778,0.4,22,0.0,0.0,0.0,0.0,0.330609029743677
deletion,0.0,0.7,,overlap,0.3,1.0,45,5,False,0.2093844373686975,0.26418313419117645,0.4,0.4782608695652174,0.5652173913043478,False,True,0,0,0.9,11,32,0.2558139534883721,0.55,33,0.0,0.0,0.0,0.0,0.285640417526267
deletion,0.0,0.7,,overlap,0.3,1.0,45,6,False,0.27310975659795167,0.2981373506433823,0.2,0.4838709677419355,0.5357142857142857,False,True,0,0,0.9,11,23,0.3235294117647059,0.35,44,0.0,0.0,0.0,0.0,0.3491555163682843
deletion,0.0,0.7,,overlap,0.3,1.0,45,7,False,0.27090374601989237,0.2853217629825368,0.15,0.5,0.5161290322580645,False,True,0,0,0.9,5,39,0.11363636363636363,0.5,49,0.0,0.0,0.0,0.0,0.25908323328606664
deletion,0.0,0.7,,overlap,0.3,1.0,45,8,False,0.27817780951491927,0.2952413222369026,0.15,0.5263157894736842,0.4925373134328358,False,True,0,0,0.9,13,36,0.2653061224489796,0.55,62,0.0,0.0,0.0,0.0,0.2977672620119674
deletion,0.0,0.7,,overlap,0.3,1.0,45,9,False,0.2889904999933323,0.30893099167767696,0.1,0.5348837209302325,0.4666666666666667,False,True,0,0,0.9,10,29,0.2564102564102564,0.7,72,0.0,0.0,0.0,0.0,0.34140834410865123
deletion,0.0,0.7,,overlap,0.3,1.0,45,10,False,0.3060285892807135,0.3316982437582577,0.05,0.5625,0.45121951219512196,False,True,0,0,1.0,6,39,0.13333333333333333,0.75,78,0.0,0.0,0.0,0.0,0.26599980316658883
deletion,0.0,0.7,,overlap,0.3,1.0,45,11,False,0.3295214419605351,0.34877368281869325,0.05,0.5882352941176471,0.4418604651162791,False,True,0,0,1.0,11,28,0.28205128205128205,0.6,89,0.0,0.0,0.0,0.0,0.30565091113970316
deletion,0.0,0.7,,overlap,0.3,1.0,45,12,False,0.32839108147040136,0.34283026211401996,0.05,0.6037735849056604,0.4175824175824176,False,True,0,0,1.0,15,29,0.3409090909090909,0.6,104,0.0,0.0,0.0,0.0,0.3848789722898275
deletion,0.0,0.7,,overlap,0.3,1.0,45,13,False,0.32754331110280105,0.33837269658551494,0.0,0.6101694915254238,0.41414141414141414,False,True,0,0,1.0,12,26,0.3157894736842105,0.45,116,0.0,0.0,0.0,0.0,0.34353435098673935
deletion,0.0,0.7,,overlap,0.3,1.0,45,14,False,0.30190748332710077,0.31002952243913623,0.0,0.6129032258064516,0.40384615384615385,False,True,0,0,1.0,11,31,0.2619047619047619,0.45,127,0.0,0.0,0.0,0.0,0.32155415254490305
deletion,0.0,0.7,,overlap,0.3,1.0,45,15,False,0.2826806124953256,0.2887721418293522,0.0,0.6060606060606061,0.3963963963963964,False,True,0,0,1.0,7,30,0.1891891891891892,0.4,134,0.0,0.0,0.0,0.0,0.3569351595990761
deletion,0.0,0.7,,overlap,0.3,1.0,45,16,False,0.2620104593714942,0.26657910637201415,0.0,0.6119402985074627,0.4,False,True,0,0,1.0,18,27,0.4,0.55,152,0.0,0.0,0.0,0.0,0.3180088155035944
deletion,0.0,0.7,,overlap,0.3,1.0,45,17,False,0.2652578445286206,0.2686843297790106,0.0,0.625,0.39166666666666666,False,True,0,0,1.0,15,29,0.3409090909090909,0.65,167,0.0,0.0,0.0,0.0,0.39695825694341813
deletion,0.0,0.7,,overlap,0.3,1.0,45,18,False,0.2801933833964655,0.28276324733425795,0.0,0.631578947368421,0.38095238095238093,False,True,0,0,1.0,16,26,0.38095238095238093,0.6,183,0.0,0.0,0.0,0.0,0.342069814927203
deletion,0.0,0.7,,overlap,0.3,1.0,45,19,False,0.2851450375473491,0.28707243550069345,0.0,0.6296296296296297,0.373134328358209,False,True,0,0,1.0,12,23,0.34285714285714286,0.45,195,0.0,0.0,0.0,0.0,0.28804888095755643
deletion,0.0,0.7,,overlap,0.3,1.0,45,20,False,0.2701087781605119,0.2715543266255201,0.0,0.6428571428571429,0.36619718309859156,False,True,0,0,1.0,14,26,0.35,0.4,209,0.0,0.0,0.0,0.0,0.3582593765223482
deletion,0.0,0.7,,overlap,0.3,1.0,45,21,False,0.25258158362038385,0.2536657449691401,0.0,0.651685393258427,0.35374149659863946,False,True,0,0,1.0,10,33,0.23255813953488372,0.4,219,0.0,0.0,0.0,0.0,0.2317075889801969
deletion,0.0,0.7,,overlap,0.3,1.0,45,22,False,0.23943618771528788,0.24024930872685507,0.0,0.6559139784946236,0.34868421052631576,False,True,0,0,1.0,8,28,0.2222222222222222,0.45,227,0.0,0.0,0.0,0.0,0.29265440458507375
deletion,0.0,0.7,,overlap,0.3,1.0,45,23,False,0.2358271407864659,0.23643698154514128,0.0,0.6494845360824743,0.35,False,True,0,0,1.0,15,28,0.3488372093023256,0.55,242,0.0,0.0,0.0,0.0,0.29606389170541775
deletion,0.0,0.7,,overlap,0.3,1.0,45,24,False,0.24562035558984943,0.24607773615885598,0.0,0.6504854368932039,0.3515151515151515,False,True,0,0,1.0,15,28,0.3488372093023256,0.4,257,0.0,0.0,0.0,0.0,0.3029380145663512
deletion,0.0,0.7,,overlap,0.3,1.0,45,25,False,0.23421526669238707,0.23455830211914197,0.0,0.6513761467889908,0.3468208092485549,False,True,0,0,1.0,11,22,0.3333333333333333,0.4,268,0.0,0.0,0.0,0.0,0.34690905966456026
deletion,0.0,0.7,,overlap,0.3,1.0,45,26,False,0.22566145001929033,0.22591872658935647,0.0,0.6608695652173913,0.3388888888888889,False,True,0,0,1.0,14,27,0.34146341463414637,0.45,282,0.0,0.0,0.0,0.0,0.37310060626410363
deletion,0.0,0.7,,overlap,0.3,1.0,45,27,False,0.22549608751446773,0.22568904494201733,0.0,0.6610169491525424,0.33695652173913043,False,True,0,0,1.0,9,35,0.20454545454545456,0.4,291,0.0,0.0,0.0,0.0,0.34507828991841155
deletion,0.0,0.7,,overlap,0.3,1.0,45,28,False,0.2191220656358508,0.21926678370651298,0.0,0.6666666666666666,0.3298429319371728,False,True,0,0,1.0,12,29,0.2926829268292683,0.6,303,0.0,0.0,0.0,0.0,0.38618940183790407
deletion,0.0,0.7,,overlap,0.3,1.0,45,29,False,0.23934154922688808,0.23945008777988475,0.0,0.6666666666666666,0.3282828282828283,False,True,0,0,1.0,10,28,0.2631578947368421,0.45,313,0.0,0.0,0.0,0.0,0.3216643870217063
deletion,0.0,0.7,,overlap,0.3,1.0,45,30,False,0.23575616192016607,0.23583756583491355,0.0,0.671875,0.32038834951456313,False,True,0,0,1.0,17,29,0.3695652173913043,0.7,330,0.0,0.0,0.0,0.0,0.38527650957798276
deletion,0.0,0.7,,overlap,0.3,1.0,45,31,False,0.2643171214401245,0.26437817437618516,0.0,0.676923076923077,0.3127962085308057,False,True,0,0,1.0,19,26,0.4222222222222222,0.4,349,0.0,0.0,0.0,0.0,0.29691275909421766
deletion,0.0,0.7,,overlap,0.3,1.0,45,32,False,0.2482378410800934,0.2482836307821389,0.0,0.674074074074074,0.3090909090909091,False,True,0,0,1.0,12,21,0.36363636363636365,0.4,361,0.0,0.0,0.0,0.0,0.3062192875933311
deletion,0.0,0.7,,overlap,0.3,1.0,45,33,False,0.23617838081007006,0.23621272308660418,0.0,0.6762589928057554,0.30666666666666664,False,True,0,0,1.0,16,30,0.34782608695652173,0.45,377,0.0,0.0,0.0,0.0,0.2774257336415954
deletion,0.0,0.7,,overlap,0.3,1.0,45,34,False,0.23338378560755252,0.23340954231495312,0.0,0.6785714285714286,0.30131004366812225,False,True,0,0,1.0,16,29,0.35555555555555557,0.75,393,0.0,0.0,0.0,0.0,0.35346825463797743
deletion,0.0,0.7,,overlap,0.3,1.0,45,35,False,0.26878783920566435,0.2688071567362148,0.0,0.6853146853146853,0.2936170212765957,False,True,0,0,1.0,21,22,0.4883720930232558,0.3,414,0.0,0.0,0.0,0.0,0.4002202962652329
deletion,0.0,0.7,,overlap,0.3,1.0,45,36,False,0.2390908794042483,0.2391053675521611,0.0,0.6754966887417219,0.3004115226337449,False,True,0,0,1.0,15,21,0.4166666666666667,0.65,429,0.0,0.0,0.0,0.0,0.3328686480043431
deletion,0.0,0.7,,overlap,0.3,1.0,45,37,False,0.26056815955318624,0.26057902566412083,0.0,0.6730769230769231,0.3,False,True,0,0,1.0,15,23,0.39473684210526316,0.45,444,0.0,0.0,0.0,0.0,0.3337672642441745
deletion,0.0,0.7,,overlap,0.3,1.0,45,38,False,0.2516761196648897,0.2516842692480906,0.0,0.68125,0.29296875,False,True,0,0,1.0,16,28,0.36363636363636365,0.5,460,0.0,0.0,0.0,0.0,0.32490965502704583
deletion,0.0,0.7,,overlap,0.3,1.0,45,39,False,0.2512570897486673,0.251263201936068,0.0,0.6748466257668712,0.2950191570881226,False,True,0,0,1.0,14,24,0.3684210526315789,0.5,474,0.0,0.0,0.0,0.0,0.28575360971717534
deletion,0.0,0.7,,overlap,0.3,1.0,46,0,False,0.0,0.0,0.0,0.0,1.0,False,True,0,0,0.1,0,0,0.0,0.0,0,0.0,0.0,0.0,0.0,0.0
deletion,0.0,0.7,,overlap,0.3,1.0,46,1,False,0.0,0.0,0.2,0.2,0.8333333333333334,False,True,0,0,0.2,0,46,0.0,0.0,0,0.0,0.0,0.0,0.0,0.12004999999999996
deletion,0.0,0.7,,overlap,0.3,1.0,46,2,False,0.05,0.05,0.2857142857142857,0.2857142857142857,0.7419354838709677,False,True,0,0,0.3,1,39,0.025,0.0,1,0.0,0.0,0.0,0.0,0.05000082499999998
deletion,0.0,0.7,,overlap,0.3,1.0,46,3,False,0.09872448979591837,0.10892857142857143,0.3333333333333333,0.3333333333333333,0.6764705882352942,False,True,0,0,0.6,2,35,0.05405405405405406,0.0,3,0.0,0.0,0.0,0.0,0.259522639621415
deletion,0.0,0.7,,overlap,0.3,1.0,46,4,False,0.12761479591836736,0.1650297619047619,0.5,0.5238095238095238,0.5609756097560976,False,True,0,0,0.7,3,29,0.09375,0.0,6,0.0,0.0,0.0,0.0,0.2299060681848537
deletion,0.0,0.7,,overlap,0.3,1.0,46,5,False,0.16713966836734695,0.24877232142857142,0.5,0.5454545454545454,0.5348837209302325,False,True,0,0,0.8,3,38,0.07317073170731707,0.1111111111111111,9,0.0,0.0,0.0,0.0,0.375991629454095
deletion,0.0,0.7,,overlap,0.3,1.0,46,6,False,0.20174364016439908,0.2629681299603175,0.4,0.5555555555555556,0.52,False,True,0,0,0.9,11,26,0.2972972972972973,0.25,20,0.0,0.0,0.0,0.0,0.4914832006010791
deletion,0.0,0.7,,overlap,0.3,1.0,46,7,False,0.23255773012329933,0.2784760974702381,0.35,0.5666666666666667,0.509090909090909,False,True,0,0,1.0,10,35,0.2222222222222222,0.3,30,0.0,0.0,0.0,0.0,0.2737050701930781
deletion,0.0,0.7,,overlap,0.3,1.0,46,8,False,0.2556682975924745,0.2901070731026786,0.1,0.5263157894736842,0.5076923076923077,False,True,0,0,1.0,11,26,0.2972972972972973,0.3,41,0.0,0.0,0.0,0.0,0.26812130635937986
deletion,0.0,0.7,,overlap,0.3,1.0,46,9,False,0.24175122319435588,0.26758030482700895,0.1,0.5714285714285714,0.4714285714285714,False,True,0,0,1.0,17,22,0.4358974358974359,0.45,58,0.0,0.0,0.0,0.0,0.307752267323974
deletion,0.0,0.7,,overlap,0.3,1.0,46,10,False,0.25006341739576693,0.2694352286202567,0.1,0.5833333333333334,0.4605263157894737,False,True,0,0,1.0,13,24,0.35135135135135137,0.4,71,0.0,0.0,0.0,0.0,0.3210382543187878
deletion,0.0,0.7,,overlap,0.3,1.0,46,11,False,0.2500475630468252,0.26457642146519256,0.05,0.5882352941176471,0.43902439024390244,False,True,0,0,1.0,10,36,0.21739130434782608,0.4,81,0.0,0.0,0.0,0.0,0.3396363156924254
deletion,0.0,0.7,,overlap,0.3,1.0,46,12,False,0.24378567228511888,0.2546823160988944,0.0,0.5925925925925926,0.4157303370786517,False,True,0,0,1.0,14,30,0.3181818181818182,0.55,95,0.0,0.0,0.0,0.0,0.3820553474085137
deletion,0.0,0.7,,overlap,0.3,1.0,46,13,False,0.2515892542138392,0.25976173707417083,0.0,0.5964912280701754,0.40860215053763443,False,True,0,0,1.0,14,28,0.3333333333333333,0.55,109,0.0,0.0,0.0,0.0,0.4000925482567788
deletion,0.0,0.7,,overlap,0.3,1.0,46,14,False,0.2574419406603794,0.2635713028056281,0.0,0.6065573770491803,0.4020618556701031,False,True,0,0,1.0,14,26,0.35,0.55,123,0.0,0.0,0.0,0.0,0.35129896669290517
deletion,0.0,0.7,,overlap,0.3,1.0,46,15,False,0.2618314554952846,0.26642847710422113,0.0,0.6060606060606061,0.3942307692307692,False,True,0,0,1.0,15,29,0.3409090909090909,0.45,138,0.0,0.0,0.0,0.0,0.3542923909765286
deletion,0.0,0.7,,overlap,0.3,1.0,46,16,False,0.2526235916214635,0.25607135782816587,0.0,0.6176470588235294,0.38392857142857145,False,True,0,0,1.0,14,26,0.35,0.5,152,0.0,0.0,0.0,0.0,0.4111940280431833
deletion,0.0,0.7,,overlap,0.3,1.0,46,17,False,0.25196769371609756,0.2545535183711244,0.0,0.6216216216216216,0.3728813559322034,False,True,0,0,1.0,12,30,0.2857142857142857,0.6,164,0.0,0.0,0.0,0.0,0.36975241844775414
deletion,0.0,0.7,,overlap,0.3,1.0,46,18,False,0.2639757702870732,0.2659151387783433,0.0,0.6216216216216216,0.3697478991596639,False,True,0,0,1.0,8,37,0.17777777777777778,0.5,172,0.0,0.0,0.0,0.0,0.312445574492191
deletion,0.0,0.7,,overlap,0.3,1.0,46,19,False,0.26048182771530487,0.2619363540837575,0.0,0.6329113924050633,0.3543307086614173,False,True,0,0,1.0,17,23,0.425,0.4,189,0.0,0.0,0.0,0.0,0.30325362903410913
deletion,0.0,0.7,,overlap,0.3,1.0,46,20,False,0.2453613707864787,0.24645226556281813,0.0,0.6385542168674698,0.3484848484848485,False,True,0,0,1.0,9,27,0.25,0.45,198,0.0,0.0,0.0,0.0,0.35185913912143957
deletion,0.0,0.7,,overlap,0.3,1.0,46,21,False,0.240271028089859,0.2410891991721136,0.0,0.6385542168674698,0.34074074074074073,False,True,0,0,1.0,15,23,0.39473684210526316,0.7,213,0.0,0.0,0.0,0.0,0.34940967942804124
deletion,0.0,0.7,,overlap,0.3,1.0,46,22,False,0.2677032710673943,0.2683168993790852,0.0,0.6477272727272727,0.3333333333333333,False,True,0,0,1.0,15,24,0.38461538461538464,0.5,228,0.0,0.0,0.0,0.0,0.3059926155650417
deletion,0.0,0.7,,overlap,0.3,1.0,46,23,False,0.2632774533005457,0.2637376745343139,0.0,0.6593406593406593,0.32432432432432434,False,True,0,0,1.0,21,26,0.44680851063829785,0.65,249,0.0,0.0,0.0,0.0,0.3065020162207505
deletion,0.0,0.7,,overlap,0.3,1.0,46,24,False,0.27870808997540925,0.27905325590073543,0.0,0.6595744680851063,0.3181818181818182,False,True,0,0,1.0,11,34,0.24444444444444444,0.4,260,0.0,0.0,0.0,0.0,0.24598869710320717
deletion,0.0,0.7,,overlap,0.3,1.0,46,25,False,0.25903106748155696,0.25928994192555155,0.0,0.6767676767676768,0.3125,False,True,0,0,1.0,16,31,0.3404255319148936,0.2,276,0.0,0.0,0.0,0.0,0.2688328539463006
deletion,0.0,0.7,,overlap,0.3,1.0,46,26,False,0.2192733006111677,0.21946745644416366,0.0,0.6796116504854369,0.3072289156626506,False,True,0,0,1.0,16,26,0.38095238095238093,0.6,292,0.0,0.0,0.0,0.0,0.27319083530491883
deletion,0.0,0.7,,overlap,0.3,1.0,46,27,False,0.23945497545837577,0.23960059233312275,0.0,0.6818181818181818,0.3063583815028902,False,True,0,0,1.0,13,25,0.34210526315789475,0.55,305,0.0,0.0,0.0,0.0,0.29031653960000103
deletion,0.0,0.7,,overlap,0.3,1.0,46,28,False,0.24834123159378185,0.24845044424984206,0.0,0.6842105263157895,0.3,False,True,0,0,1.0,15,27,0.35714285714285715,0.45,320,0.0,0.0,0.0,0.0,0.3830241262765255
deletion,0.0,0.7,,overlap,0.3,1.0,46,29,False,0.24250592369533638,0.24258783318738153,0.0,0.6666666666666666,0.31382978723404253,False,True,0,0,1.0,18,17,0.5142857142857142,0.5,338,0.0,0.0,0.0,0.0,0.44403282085396045
deletion,0.0,0.7,,overlap,0.3,1.0,46,30,False,0.24437944277150228,0.24444087489053615,0.0,0.6640625,0.31443298969072164,False,True,0,0,1.0,24,22,0.5217391304347826,0.55,362,0.0,0.0,0.0,0.0,0.4796233310479212
deletion,0.0,0.7,,overlap,0.3,1.0,46,31,False,0.25203458207862667,0.2520806561679021,0.0,0.6717557251908397,0.31155778894472363,False,True,0,0,1.0,23,23,0.5,0.5,385,0.0,0.0,0.0,0.0,0.5696649242023999
deletion,0.0,0.7,,overlap,0.3,1.0,46,32,False,0.25152593655897004,0.25156049212592657,0.0,0.6791044776119403,0.3088235294117647,False,True,0,0,1.0,9,29,0.23684210526315788,0.65,394,0.0,0.0,0.0,0.0,0.3865130259340658
deletion,0.0,0.7,,overlap,0.3,1.0,46,33,False,0.26989445241922755,0.26992036909444495,0.0,0.6884057971014492,0.30952380952380953,False,True,0,0,1.0,20,26,0.43478260869565216,0.7,414,0.0,0.0,0.0,0.0,0.3162083751935779
deletion,0.0,0.7,,overlap,0.3,1.0,46,34,False,0.28992083931442064,0.2899402768208337,0.0,0.6950354609929078,0.3037383177570093,False,True,0,0,1.0,19,29,0.3958333333333333,0.7,433,0.0,0.0,0.0,0.0,0.31515465450787816
deletion,0.0,0.7,,overlap,0.3,1.0,46,35,False,0.3049406294858155,0.3049552076156252,0.0,0.7027027027027027,0.30180180180180183,False,True,0,0,1.0,9,26,0.2571428571428571,0.55,442,0.0,0.0,0.0,0.0,0.33567860714037423
deletion,0.0,0.7,,overlap,0.3,1.0,46,36,False,0.29745547211436163,0.2974664057117189,0.0,0.6973684210526315,0.3056768558951965,False,True,0,0,1.0,14,22,0.3888888888888889,0.6,456,0.0,0.0,0.0,0.0,0.3500945226040887
deletion,0.0,0.7,,overlap,0.3,1.0,46,37,False,0.2980916040857712,0.2980998042837892,0.0,0.6728395061728395,0.32083333333333336,False,True,0,0,1.0,8,22,0.26666666666666666,0.65,464,0.0,0.0,0.0,0.0,0.3403202525674557
deletion,0.0,0.7,,overlap,0.3,1.0,46,38,False,0.3048187030643284,0.30482485321284186,0.0,0.6727272727272727,0.319672131147541,False,True,0,0,1.0,17,24,0.4146341463414634,0.7,481,0.0,0.0,0.0,0.0,0.41999674427214034
deletion,0.0,0.7,,overlap,0.3,1.0,46,39,False,0.3161140272982463,0.3161186399096314,0.0,0.6705882352941176,0.3253012048192771,False,True,0,0,1.0,7,35,0.16666666666666666,0.7,488,0.0,0.0,0.0,0.0,0.2814664213753465
deletion,0.0,0.7,,overlap,0.3,1.0,47,0,False,0.0,0.0,0.0,0.0,1.0,False,True,0,0,0.1,0,0,0.0,0.0,0,0.0,0.0,0.0,0.0,0.0
deletion,0.0,0.7,,overlap,0.3,1.0,47,1,False,0.0,0.0,0.2857142857142857,0.2857142857142857,0.8148148148148148,False,True,0,0,0.2,1,37,0.02631578947368421,1.0,1,0.0,0.0,0.0,0.0,0.04117714999999998
deletion,0.0,0.7,,overlap,0.3,1.0,47,2,False,0.08418367346938774,0.1607142857142857,0.3157894736842105,0.3157894736842105,0.7575757575757576,False,True,0,0,0.3,1,37,0.02631578947368421,0.5,2,0.0,0.0,0.0,0.0,0.37992222526017494
deletion,0.0,0.7,,overlap,0.3,1.0,47,3,False,0.1486640708915145,0.22250939849624057,0.3,0.36363636363636365,0.6585365853658537,False,True,0,0,0.3,3,38,0.07317073170731707,0.2,5,0.0,0.0,0.0,0.0,0.1176849243106805
deletion,0.0,0.7,,overlap,0.3,1.0,47,4,False,0.1829266245972073,0.22938204887218044,0.3,0.46153846153846156,0.5714285714285714,False,True,0,0,0.4,1,35,0.027777777777777776,0.3333333333333333,6,0.0,0.0,0.0,0.0,0.24616547022889604
deletion,0.0,0.7,,overlap,0.3,1.0,47,5,False,0.21398068273361975,0.251203203320802,0.25,0.4642857142857143,0.5686274509803921,False,True,0,0,0.4,0,37,0.0,0.3333333333333333,6,0.0,0.0,0.0,0.0,0.11209546440224792
deletion,0.0,0.7,,overlap,0.3,1.0,47,6,False,0.2274497977645005,0.2613190691572681,0.2,0.5151515151515151,0.5263157894736842,False,True,0,0,0.4,0,34,0.0,0.3333333333333333,6,0.0,0.0,0.0,0.0,0.11726641917506059
deletion,0.0,0.7,,overlap,0.3,1.0,47,7,False,0.22773020546623252,0.26265596853461776,0.2,0.5294117647058824,0.5161290322580645,False,True,0,0,0.4,10,39,0.20408163265306123,0.5,16,0.0,0.0,0.0,0.0,0.38113949387926493
deletion,0.0,0.7,,overlap,0.3,1.0,47,8,False,0.236869082671103,0.28449197640096335,0.1,0.5384615384615384,0.4927536231884058,False,True,0,0,0.4,6,33,0.15384615384615385,0.4,22,0.0,0.0,0.0,0.0,0.41701132981417305
deletion,0.0,0.7,,overlap,0.3,1.0,47,9,False,0.2187232405747558,0.27586898230072254,0.05,0.5581395348837209,0.4675324675324675,False,True,0,0,0.5,5,35,0.125,0.35,27,0.0,0.0,0.0,0.0,0.3317590372075035
deletion,0.0,0.7,,overlap,0.3,1.0,47,10,False,0.19797100185963828,0.2569017367255419,0.05,0.5652173913043478,0.4634146341463415,False,True,0,0,0.7,1,37,0.02631578947368421,0.35,28,0.0,0.0,0.0,0.0,0.3399856370199615
deletion,0.0,0.7,,overlap,0.3,1.0,47,11,False,0.19312110853758585,0.2426763025441564,0.05,0.5714285714285714,0.43820224719101125,False,True,0,0,0.7,10,37,0.2127659574468085,0.15,38,0.0,0.0,0.0,0.0,0.3395501763407463
deletion,0.0,0.7,,overlap,0.3,1.0,47,12,False,0.1680551171174751,0.2070072269081173,0.05,0.5882352941176471,0.4105263157894737,False,True,0,0,0.9,11,34,0.24444444444444444,0.25,49,0.0,0.0,0.0,0.0,0.32219029373393265
deletion,0.0,0.7,,overlap,0.3,1.0,47,13,False,0.15996990926667776,0.19275542018108796,0.05,0.6111111111111112,0.39,False,True,0,0,0.9,12,29,0.2926829268292683,0.35,61,0.0,0.0,0.0,0.0,0.36265512034656283
deletion,0.0,0.7,,overlap,0.3,1.0,47,14,False,0.16462028909286544,0.19456656513581597,0.05,0.6333333333333333,0.3853211009174312,False,True,0,0,1.0,8,31,0.20512820512820512,0.35,69,0.0,0.0,0.0,0.0,0.3042103224297694
deletion,0.0,0.7,,overlap,0.3,1.0,47,15,False,0.17346521681964908,0.19592492385186197,0.05,0.6461538461538462,0.3826086956521739,False,True,0,0,1.0,12,30,0.2857142857142857,0.35,81,0.0,0.0,0.0,0.0,0.3739313551869811
deletion,0.0,0.7,,overlap,0.3,1.0,47,16,False,0.1800989126147368,0.19694369288889646,0.05,0.6571428571428571,0.36885245901639346,False,True,0,0,1.0,25,19,0.5681818181818182,0.45,106,0.0,0.0,0.0,0.0,0.3347995718297383
deletion,0.0,0.7,,overlap,0.3,1.0,47,17,False,0.1975741844610526,0.21020776966667234,0.05,0.6623376623376623,0.35877862595419846,False,True,0,0,1.0,15,27,0.35714285714285715,0.5,121,0.0,0.0,0.0,0.0,0.3059945323740738
deletion,0.0,0.7,,overlap,0.3,1.0,47,18,False,0.21693063834578943,0.22640582725000427,0.05,0.675,0.34814814814814815,False,True,0,0,1.0,15,32,0.3191489361702128,0.65,136,0.0,0.0,0.0,0.0,0.37330102158508194
deletion,0.0,0.7,,overlap,0.3,1.0,47,19,False,0.25019797875934213,0.2573043704375032,0.05,0.6904761904761905,0.3380281690140845,False,True,0,0,1.0,18,21,0.46153846153846156,0.55,154,0.0,0.0,0.0,0.0,0.39509177331822565
deletion,0.0,0.7,,overlap,0.3,1.0,47,20,False,0.2626484840695066,0.26797827782812744,0.05,0.7065217391304348,0.32666666666666666,False,True,0,0,1.0,13,20,0.3939393939393939,0.55,167,0.0,0.0,0.0,0.0,0.3937608353720823
deletion,0.0,0.7,,overlap,0.3,1.0,47,21,False,0.2719863630521299,0.2759837083710956,0.05,0.7216494845360825,0.3202614379084967,False,True,0,0,1.0,16,24,0.4,0.55,183,0.0,0.0,0.0,0.0,0.36506898448210534
deletion,0.0,0.7,,overlap,0.3,1.0,47,22,False,0.27898977228909744,0.2819877812783217,0.05,0.7254901960784313,0.3125,False,True,0,0,1.0,11,28,0.28205128205128205,0.5,194,0.0,0.0,0.0,0.0,0.3691543966582389
deletion,0.0,0.7,,overlap,0.3,1.0,47,23,False,0.2779923292168231,0.2802408359587413,0.05,0.7181818181818181,0.31547619047619047,False,True,0,0,1.0,9,28,0.24324324324324326,0.5,203,0.0,0.0,0.0,0.0,0.35964224871534184
deletion,0.0,0.7,,overlap,0.3,1.0,47,24,False,0.27724424691261734,0.27893062696905596,0.05,0.7304347826086957,0.3045977011494253,False,True,0,0,1.0,12,26,0.3157894736842105,0.6,215,0.0,0.0,0.0,0.0,0.35807351825157424
deletion,0.0,0.7,,overlap,0.3,1.0,47,25,False,0.28918318518446295,0.290447970226792,0.05,0.7310924369747899,0.30386740331491713,False,True,0,0,1.0,22,20,0.5238095238095238,0.45,237,0.0,0.0,0.0,0.0,0.4284277016212904
deletion,0.0,0.7,,overlap,0.3,1.0,47,26,False,0.27938738888834724,0.280335977670094,0.0,0.7222222222222222,0.30851063829787234,False,True,0,0,1.0,12,27,0.3076923076923077,0.65,249,0.0,0.0,0.0,0.0,0.25331233888775095
deletion,0.0,0.7,,overlap,0.3,1.0,47,27,False,0.29079054166626045,0.2915019832525705,0.0,0.7251908396946565,0.30256410256410254,False,True,0,0,1.0,10,27,0.2702702702702703,0.6,259,0.0,0.0,0.0,0.0,0.2950551972588223
deletion,0.0,0.7,,overlap,0.3,1.0,47,28,False,0.29309290624969536,0.2936264874394279,0.0,0.7050359712230215,0.3170731707317073,False,True,0,0,1.0,11,21,0.34375,0.55,270,0.0,0.0,0.0,0.0,0.3377123774963196
deletion,0.0,0.7,,overlap,0.3,1.0,47,29,False,0.28856967968727154,0.28896986557957094,0.0,0.6993006993006993,0.3142857142857143,False,True,0,0,1.0,15,28,0.3488372093023256,0.8,285,0.0,0.0,0.0,0.0,0.2849828445026824
deletion,0.0,0.7,,overlap,0.3,1.0,47,30,False,0.3164272597654536,0.3167273991846782,0.0,0.7046979865771812,0.3116279069767442,False,True,0,0,1.0,16,27,0.37209302325581395,0.7,301,0.0,0.0,0.0,0.0,0.32549692877562036
deletion,0.0,0.7,,overlap,0.3,1.0,47,31,False,0.3248204448240902,0.3250455493885086,0.0,0.7012987012987013,0.3080357142857143,False,True,0,0,1.0,16,25,0.3902439024390244,0.3,317,0.0,0.0,0.0,0.0,0.3706793166931993
deletion,0.0,0.7,,overlap,0.3,1.0,47,32,False,0.2811153336180677,0.28128416204138146,0.0,0.6981132075471698,0.30869565217391304,False,True,0,0,1.0,15,25,0.375,0.55,332,0.0,0.0,0.0,0.0,0.3409498384620979
deletion,0.0,0.7,,overlap,0.3,1.0,47,33,False,0.27958650021355075,0.2797131215310361,0.0,0.7,0.30472103004291845,False,True,0,0,1.0,11,33,0.25,0.5,343,0.0,0.0,0.0,0.0,0.28893776454007347
deletion,0.0,0.7,,overlap,0.3,1.0,47,34,False,0.2721898751601631,0.2722848411482771,0.0,0.6964285714285714,0.3045267489711934,False,True,0,0,1.0,12,24,0.3333333333333333,0.4,355,0.0,0.0,0.0,0.0,0.3254432200593975
deletion,0.0,0.7,,overlap,0.3,1.0,47,35,False,0.2541424063701223,0.25421363086120785,0.0,0.7011494252873564,0.3024193548387097,False,True,0,0,1.0,7,28,0.2,0.35,362,0.0,0.0,0.0,0.0,0.3225488437104658
deletion,0.0,0.7,,overlap,0.3,1.0,47,36,False,0.23435680477759174,0.23441022314590587,0.0,0.6888888888888889,0.30980392156862746,False,True,0,0,1.0,12,30,0.2857142857142857,0.4,374,0.0,0.0,0.0,0.0,0.31798321989174466
deletion,0.0,0.7,,overlap,0.3,1.0,47,37,False,0.22576760358319378,0.22580766735942942,0.0,0.6881720430107527,0.3103448275862069,False,True,0,0,1.0,20,22,0.47619047619047616,0.35,394,0.0,0.0,0.0,0.0,0.3939845500974211
deletion,0.0,0.7,,overlap,0.3,1.0,47,38,False,0.21307570268739534,0.2131057505195721,0.0,0.6858638743455497,0.31086142322097376,False,True,0,0,1.0,14,28,0.3333333333333333,0.7,408,0.0,0.0,0.0,0.0,0.32879903923887693
deletion,0.0,0.7,,overlap,0.3,1.0,47,39,False,0.24730677701554651,0.24732931288967905,0.0,0.6875,0.3074074074074074,False,True,0,0,1.0,10,33,0.23255813953488372,0.35,418,0.0,0.0,0.0,0.0,0.2901511314517754
deletion,0.0,0.7,,overlap,0.3,1.0,48,0,False,0.0,0.0,0.0,0.0,1.0,False,True,0,0,0.0,0,0,0.0,0.0,0,0.0,0.0,0.0,0.0,0.0
deletion,0.0,0.7,,overlap,0.3,1.0,48,1,False,0.0,0.0,0.2,0.2,0.9047619047619048,False,True,0,0,0.0,0,42,0.0,0.0,0,0.0,0.0,0.0,0.0,0.0
deletion,0.0,0.7,,overlap,0.3,1.0,48,2,False,0.05,0.05,0.23076923076923078,0.23076923076923078,0.7931034482758621,False,True,0,0,0.0,0,36,0.0,0.0,0,0.0,0.0,0.0,0.0,0.0
deletion,0.0,0.7,,overlap,0.3,1.0,48,3,False,0.0951923076923077,0.0951923076923077,0.3888888888888889,0.3888888888888889,0.6666666666666666,False,True,0,0,0.0,0,40,0.0,0.0,0,0.0,0.0,0.0,0.0,0.0
deletion,0.0,0.7,,overlap,0.3,1.0,48,4,False,0.16861645299145303,0.168616452991453,0.45,0.47619047619047616,0.625,False,True,0,0,0.1,0,43,0.0,0.0,0,0.0,0.0,0.0,0.0,0.0
deletion,0.0,0.7,,overlap,0.3,1.0,48,5,False,0.23896233974358977,0.23896233974358977,0.45,0.47619047619047616,0.6097560975609756,False,True,0,0,0.2,0,43,0.0,0.0,0,0.0,0.0,0.0,0.0,0.24499999999999997
deletion,0.0,0.7,,overlap,0.3,1.0,48,6,False,0.2917217548076923,0.2917217548076923,0.3,0.5,0.5714285714285714,False,True,0,0,0.2,2,40,0.047619047619047616,1.0,2,0.0,0.0,0.0,0.0,0.08061357499999997
deletion,0.0,0.7,,overlap,0.3,1.0,48,7,False,0.30629131610576926,0.3812913161057693,0.3,0.5333333333333333,0.5384615384615384,False,True,0,0,0.3,1,47,0.020833333333333332,1.0,3,0.0,0.0,0.0,0.0,0.031107807682122485
deletion,0.0,0.7,,overlap,0.3,1.0,48,8,False,0.32971848707932694,0.44846848707932696,0.3,0.5625,0.509090909090909,False,True,0,0,0.4,3,39,0.07142857142857142,0.8333333333333334,6,0.0,0.0,0.0,0.0,0.3265478258172334
deletion,0.0,0.7,,overlap,0.3,1.0,48,9,False,0.3508602938809238,0.4780180319761619,0.2,0.5555555555555556,0.5081967213114754,False,True,0,0,0.4,3,39,0.07142857142857142,0.5555555555555556,9,0.0,0.0,0.0,0.0,0.44540469316468023
deletion,0.0,0.7,,overlap,0.3,1.0,48,10,False,0.33219283945831185,0.4529579684265659,0.15,0.5641025641025641,0.47692307692307695,False,True,0,0,0.7,4,36,0.1,0.5384615384615384,13,0.0,0.0,0.0,0.0,0.49903631103153645
deletion,0.0,0.7,,overlap,0.3,1.0,48,11,False,0.31439188234098664,0.4257761686276167,0.05,0.5681818181818182,0.4520547945205479,False,True,0,0,0.8,6,33,0.15384615384615385,0.5789473684210527,19,0.0,0.0,0.0,0.0,0.2701611009160772
deletion,0.0,0.7,,overlap,0.3,1.0,48,12,False,0.29552135536476254,0.39795054752334413,0.05,0.6041666666666666,0.42857142857142855,False,True,0,0,0.8,17,31,0.3541666666666667,0.6,36,0.0,0.0,0.0,0.0,0.3389521608889003
deletion,0.0,0.7,,overlap,0.3,1.0,48,13,False,0.2832481593807148,0.37971291064250806,0.0,0.6153846153846154,0.42168674698795183,False,True,0,0,0.9,7,33,0.175,0.7,43,0.0,0.0,0.0,0.0,0.3108215102876269
deletion,0.0,0.7,,overlap,0.3,1.0,48,14,False,0.2874361195355361,0.372284682981881,0.0,0.6296296296296297,0.4069767441860465,False,True,0,0,0.9,12,35,0.2553191489361702,0.8,55,0.0,0.0,0.0,0.0,0.2724371050506087
deletion,0.0,0.7,,overlap,0.3,1.0,48,15,False,0.30129137536593775,0.37921351223641075,0.0,0.6379310344827587,0.391304347826087,False,True,0,0,0.9,17,27,0.38636363636363635,0.85,72,0.0,0.0,0.0,0.0,0.35313911150214505
deletion,0.0,0.7,,overlap,0.3,1.0,48,16,False,0.31703996009588187,0.3906601341773081,0.0,0.6557377049180327,0.37373737373737376,False,True,0,0,0.9,13,34,0.2765957446808511,0.65,85,0.0,0.0,0.0,0.0,0.42308223123150523
deletion,0.0,0.7,,overlap,0.3,1.0,48,17,False,0.30742282721476855,0.37424510063298105,0.0,0.6666666666666666,0.36792452830188677,False,True,0,0,0.9,11,27,0.2894736842105263,0.5,96,0.0,0.0,0.0,0.0,0.3359720734924468
deletion,0.0,0.7,,overlap,0.3,1.0,48,18,False,0.28413854898250496,0.3431838254747358,0.0,0.676056338028169,0.3577981651376147,False,True,0,0,0.9,5,37,0.11904761904761904,0.3,101,0.0,0.0,0.0,0.0,0.3101720810659296
deletion,0.0,0.7,,overlap,0.3,1.0,48,19,False,0.24524676887973587,0.2948878691060518,0.0,0.6923076923076923,0.3448275862068966,False,True,0,0,0.9,9,27,0.25,0.5,110,0.0,0.0,0.0,0.0,0.34901953646486394
deletion,0.0,0.7,,overlap,0.3,1.0,48,20,False,0.23750650523123046,0.2836659018295389,0.0,0.691358024691358,0.3416666666666667,False,True,0,0,0.9,13,30,0.3023255813953488,0.7,123,0.0,0.0,0.0,0.0,0.31047855769286103
deletion,0.0,0.7,,overlap,0.3,1.0,48,21,False,0.2531298789234228,0.3002494263721541,0.0,0.6941176470588235,0.3412698412698413,False,True,0,0,0.9,11,24,0.3142857142857143,0.75,134,0.0,0.0,0.0,0.0,0.34490611236885144
deletion,0.0,0.7,,overlap,0.3,1.0,48,22,False,0.27020455204971,0.3189370697791156,0.0,0.6853932584269663,0.34074074074074073,False,True,0,0,0.9,11,27,0.2894736842105263,0.8,145,0.0,0.0,0.0,0.0,0.40324076890468535
deletion,0.0,0.7,,overlap,0.3,1.0,48,23,False,0.28836769975156823,0.33920280233433675,0.0,0.6881720430107527,0.3380281690140845,False,True,0,0,0.9,11,29,0.275,0.75,156,0.0,0.0,0.0,0.0,0.3156054867141189
deletion,0.0,0.7,,overlap,0.3,1.0,48,24,False,0.29663291767081906,0.34815210175075256,0.0,0.6914893617021277,0.3310344827586207,False,True,0,0,0.9,11,29,0.275,0.65,167,0.0,0.0,0.0,0.0,0.39248563319558794
deletion,0.0,0.7,,overlap,0.3,1.0,48,25,False,0.2921175453959714,0.3423640763130644,0.0,0.693069306930693,0.32894736842105265,False,True,0,0,1.0,10,26,0.2777777777777778,0.4,177,0.0,0.0,0.0,0.0,0.3408697905207538
deletion,0.0,0.7,,overlap,0.3,1.0,48,26,False,0.2690881590469786,0.3067730572347983,0.0,0.6826923076923077,0.33121019108280253,False,True,0,0,1.0,16,23,0.41025641025641024,0.55,193,0.0,0.0,0.0,0.0,0.35099153618144424
deletion,0.0,0.7,,overlap,0.3,1.0,48,27,False,0.27056611928523394,0.29882979292609874,0.0,0.6915887850467289,0.325,False,True,0,0,1.0,12,34,0.2608695652173913,0.65,205,0.0,0.0,0.0,0.0,0.17599621363124346
deletion,0.0,0.7,,overlap,0.3,1.0,48,28,False,0.28417458946392543,0.305372344694574,0.0,0.6846846846846847,0.32142857142857145,False,True,0,0,1.0,5,36,0.12195121951219512,0.55,210,0.0,0.0,0.0,0.0,0.30647223255732803
deletion,0.0,0.7,,overlap,0.3,1.0,48,29,False,0.2818809420979441,0.29777925852093057,0.0,0.6902654867256637,0.31213872832369943,False,True,0,0,1.0,11,28,0.28205128205128205,0.45,221,0.0,0.0,0.0,0.0,0.3403176113202236
deletion,0.0,0.7,,overlap,0.3,1.0,48,30,False,0.2676607065734581,0.2795844438906979,0.0,0.7033898305084746,0.3,False,True,0,0,1.0,9,32,0.21951219512195122,0.35,230,0.0,0.0,0.0,0.0,0.2470829156016431
deletion,0.0,0.7,,overlap,0.3,1.0,48,31,False,0.24449552993009355,0.2534383329180234,0.0,0.704,0.29473684210526313,False,True,0,0,1.0,15,26,0.36585365853658536,0.3,245,0.0,0.0,0.0,0.0,0.35690704034060416
deletion,0.0,0.7,,overlap,0.3,1.0,48,32,False,0.22087164744757018,0.22757874968851757,0.0,0.7109375,0.28865979381443296,False,True,0,0,1.0,5,35,0.125,0.3,250,0.0,0.0,0.0,0.0,0.31584424996378824
deletion,0.0,0.7,,overlap,0.3,1.0,48,33,False,0.20315373558567762,0.2081840622663882,0.0,0.7076923076923077,0.285,False,True,0,0,1.0,25,19,0.5681818181818182,0.5,275,0.0,0.0,0.0,0.0,0.4443518589751968
deletion,0.0,0.7,,overlap,0.3,1.0,48,34,False,0.21486530168925824,0.21863804669979114,0.0,0.7089552238805971,0.28502415458937197,False,True,0,0,1.0,14,23,0.3783783783783784,0.35,289,0.0,0.0,0.0,0.0,0.3504789516356759
deletion,0.0,0.7,,overlap,0.3,1.0,48,35,False,0.20489897626694367,0.20772853502484334,0.0,0.7142857142857143,0.27906976744186046,False,True,0,0,1.0,16,23,0.41025641025641024,0.45,305,0.0,0.0,0.0,0.0,0.40548966656439384
deletion,0.0,0.7,,overlap,0.3,1.0,48,36,False,0.20992423220020773,0.2120464012686325,0.0,0.7132867132867133,0.27601809954751133,False,True,0,0,1.0,7,29,0.19444444444444445,0.5,312,0.0,0.0,0.0,0.0,0.29089610727174436
deletion,0.0,0.7,,overlap,0.3,1.0,48,37,False,0.2199431741501558,0.22153480095147438,0.0,0.722972972972973,0.27074235807860264,False,True,0,0,1.0,17,33,0.34,0.35,329,0.0,0.0,0.0,0.0,0.36475136336319675
deletion,0.0,0.7,,overlap,0.3,1.0,48,38,False,0.20870738061261687,0.2099011007136058,0.0,0.7248322147651006,0.2683982683982684,False,True,0,0,1.0,10,34,0.22727272727272727,0.2,339,0.0,0.0,0.0,0.0,0.29987615600785167
deletion,0.0,0.7,,overlap,0.3,1.0,48,39,False,0.18153053545946266,0.18242582553520434,0.0,0.7133757961783439,0.275,False,True,0,0,1.0,12,20,0.375,0.3,351,0.0,0.0,0.0,0.0,0.34892146649072264
deletion,0.0,0.7,,overlap,0.3,1.0,49,0,False,0.0,0.0,0.0,0.0,1.0,False,True,0,0,0.1,0,0,0.0,0.0,0,0.0,0.0,0.0,0.0,0.0
deletion,0.0,0.7,,overlap,0.3,1.0,49,1,False,0.0,0.0,0.16666666666666666,0.16666666666666666,0.8076923076923077,False,True,0,0,0.1,0,43,0.0,0.0,0,0.0,0.0,0.0,0.0,0.04117714999999998
deletion,0.0,0.7,,overlap,0.3,1.0,49,2,False,0.041666666666666664,0.041666666666666664,0.3,0.3,0.6571428571428571,False,True,0,0,0.2,0,41,0.0,0.0,0,0.0,0.0,0.0,0.0,0.003391115364244997
deletion,0.0,0.7,,overlap,0.3,1.0,49,3,False,0.10625,0.10625,0.4166666666666667,0.4166666666666667,0.6153846153846154,False,True,0,0,0.5,1,38,0.02564102564102564,0.0,1,0.0,0.0,0.0,0.0,0.12259774552621455
deletion,0.0,0.7,,overlap,0.3,1.0,49,4,False,0.1540922619047619,0.18385416666666665,0.4375,0.4375,0.5777777777777777,False,True,0,0,0.6,19,20,0.48717948717948717,0.65,20,0.0,0.0,0.0,0.0,0.5555368469576741
deletion,0.0,0.7,,overlap,0.3,1.0,49,5,False,0.2439174107142857,0.273828125,0.4444444444444444,0.4444444444444444,0.5625,False,True,0,0,0.7,9,35,0.20454545454545456,0.6,29,0.0,0.0,0.0,0.0,0.13085204189969601
deletion,0.0,0.7,,overlap,0.3,1.0,49,6,False,0.3079380580357142,0.3359266493055555,0.45,0.47619047619047616,0.5384615384615384,False,True,0,0,0.8,7,40,0.14893617021276595,0.35,36,0.0,0.0,0.0,0.0,0.26707242676641013
deletion,0.0,0.7,,overlap,0.3,1.0,49,7,False,0.33273925781249997,0.35194498697916665,0.3,0.48148148148148145,0.5,False,True,0,0,0.9,9,27,0.25,0.25,45,0.0,0.0,0.0,0.0,0.32395825074202855
deletion,0.0,0.7,,overlap,0.3,1.0,49,8,False,0.3191973005022321,0.332708740234375,0.2,0.4838709677419355,0.4927536231884058,False,True,0,0,0.9,9,30,0.23076923076923078,0.35,54,0.0,0.0,0.0,0.0,0.34209079434509476
deletion,0.0,0.7,,overlap,0.3,1.0,49,9,False,0.3054694039481027,0.31828155517578127,0.15,0.5,0.4675324675324675,False,True,0,0,0.9,15,27,0.35714285714285715,0.55,69,0.0,0.0,0.0,0.0,0.3710991035939519
deletion,0.0,0.7,,overlap,0.3,1.0,49,10,False,0.30945919581821985,0.32621116638183595,0.1,0.5476190476190477,0.4470588235294118,False,True,0,0,0.9,19,24,0.4418604651162791,0.75,88,0.0,0.0,0.0,0.0,0.35705389329433446
deletion,0.0,0.7,,overlap,0.3,1.0,49,11,False,0.3267372540065221,0.350908374786377,0.05,0.574468085106383,0.43478260869565216,False,True,0,0,1.0,8,34,0.19047619047619047,0.75,96,0.0,0.0,0.0,0.0,0.2755412992170718
deletion,0.0,0.7,,overlap,0.3,1.0,49,12,False,0.34505294050489155,0.36318128108978276,0.05,0.5660377358490566,0.4411764705882353,False,True,0,0,1.0,10,31,0.24390243902439024,0.75,106,0.0,0.0,0.0,0.0,0.33916134259834485
deletion,0.0,0.7,,overlap,0.3,1.0,49,13,False,0.35878970537866867,0.3723859608173371,0.05,0.5892857142857143,0.4326923076923077,False,True,0,0,1.0,10,31,0.24390243902439024,0.6,116,0.0,0.0,0.0,0.0,0.33047717949184774
deletion,0.0,0.7,,overlap,0.3,1.0,49,14,False,0.3503422790340015,0.3605394706130028,0.05,0.5833333333333334,0.42857142857142855,False,True,0,0,1.0,13,29,0.30952380952380953,0.6,129,0.0,0.0,0.0,0.0,0.3296258585843123
deletion,0.0,0.7,,overlap,0.3,1.0,49,15,False,0.34400670927550114,0.3516546029597521,0.05,0.582089552238806,0.42016806722689076,False,True,0,0,1.0,15,29,0.3409090909090909,0.65,144,0.0,0.0,0.0,0.0,0.2831272990702124
deletion,0.0,0.7,,overlap,0.3,1.0,49,16,False,0.34550503195662585,0.3512409522198141,0.0,0.5915492957746479,0.408,False,True,0,0,1.0,10,35,0.2222222222222222,0.4,154,0.0,0.0,0.0,0.0,0.29713166936639784
deletion,0.0,0.7,,overlap,0.3,1.0,49,17,False,0.3091287739674694,0.31343071416486057,0.0,0.5866666666666667,0.40458015267175573,False,True,0,0,1.0,14,29,0.32558139534883723,0.6,168,0.0,0.0,0.0,0.0,0.27148755313713424
deletion,0.0,0.7,,overlap,0.3,1.0,49,18,False,0.30684658047560204,0.3100730356236454,0.0,0.5897435897435898,0.39416058394160586,False,True,0,0,1.0,9,33,0.21428571428571427,0.75,177,0.0,0.0,0.0,0.0,0.2637284645654328
deletion,0.0,0.7,,overlap,0.3,1.0,49,19,False,0.32388493535670154,0.32630477671773406,0.0,0.5975609756097561,0.3900709219858156,False,True,0,0,1.0,8,36,0.18181818181818182,0.6,185,0.0,0.0,0.0,0.0,0.24914614524981576
deletion,0.0,0.7,,overlap,0.3,1.0,49,20,False,0.3179137015175262,0.31972858253830055,0.0,0.6024096385542169,0.3819444444444444,False,True,0,0,1.0,6,36,0.14285714285714285,0.6,191,0.0,0.0,0.0,0.0,0.2677283118269018
deletion,0.0,0.7,,overlap,0.3,1.0,49,21,False,0.3134352761381446,0.31479643690372544,0.0,0.6206896551724138,0.3618421052631579,False,True,0,0,1.0,8,25,0.24242424242424243,0.45,199,0.0,0.0,0.0,0.0,0.28690161826561156
deletion,0.0,0.7,,overlap,0.3,1.0,49,22,False,0.2913264571036085,0.2923473276777941,0.0,0.6236559139784946,0.3584905660377358,False,True,0,0,1.0,10,33,0.23255813953488372,0.55,209,0.0,0.0,0.0,0.0,0.35079065534024706
deletion,0.0,0.7,,overlap,0.3,1.0,49,23,False,0.2872448428277064,0.2880104957583456,0.0,0.6122448979591837,0.3696969696969697,False,True,0,0,1.0,18,20,0.47368421052631576,0.55,227,0.0,0.0,0.0,0.0,0.33543378215311626
deletion,0.0,0.7,,overlap,0.3,1.0,49,24,False,0.28418363212077985,0.2847578718187592,0.0,0.6095238095238096,0.36627906976744184,False,True,0,0,1.0,16,24,0.4,0.5,243,0.0,0.0,0.0,0.0,0.3479881272979761
deletion,0.0,0.7,,overlap,0.3,1.0,49,25,False,0.27563772409058485,0.2760684038640694,0.0,0.6111111111111112,0.3615819209039548,False,True,0,0,1.0,12,29,0.2926829268292683,0.3,255,0.0,0.0,0.0,0.0,0.29635888356640583
deletion,0.0,0.7,,overlap,0.3,1.0,49,26,False,0.24422829306793864,0.24455130289805205,0.0,0.6181818181818182,0.35714285714285715,False,True,0,0,1.0,16,29,0.35555555555555557,0.5,271,0.0,0.0,0.0,0.0,0.3101817421155332
deletion,0.0,0.7,,overlap,0.3,1.0,49,27,False,0.245671219800954,0.24591347717353904,0.0,0.631578947368421,0.34574468085106386,False,True,0,0,1.0,16,32,0.3333333333333333,0.4,287,0.0,0.0,0.0,0.0,0.31661601693475505
deletion,0.0,0.7,,overlap,0.3,1.0,49,28,False,0.23425341485071546,0.23443510788015426,0.0,0.6271186440677966,0.34536082474226804,False,True,0,0,1.0,18,29,0.3829787234042553,0.45,305,0.0,0.0,0.0,0.0,0.3471445618554
deletion,0.0,0.7,,overlap,0.3,1.0,49,29,False,0.2319400611380366,0.23207633091011567,0.0,0.6370967741935484,0.34,False,True,0,0,1.0,6,28,0.17647058823529413,0.45,311,0.0,0.0,0.0,0.0,0.29838736223226897
deletion,0.0,0.7,,overlap,0.3,1.0,49,30,False,0.23020504585352744,0.23030724818258674,0.0,0.6307692307692307,0.3397129186602871,False,True,0,0,1.0,12,23,0.34285714285714286,0.4,323,0.0,0.0,0.0,0.0,0.29085937619231006
deletion,0.0,0.7,,overlap,0.3,1.0,49,31,False,0.22265378439014558,0.22273043613694005,0.0,0.6390977443609023,0.3333333333333333,False,True,0,0,1.0,10,35,0.2222222222222222,0.5,333,0.0,0.0,0.0,0.0,0.30155415167389255
deletion,0.0,0.7,,overlap,0.3,1.0,49,32,False,0.2294903382926092,0.22954782710270505,0.0,0.6370370370370371,0.336322869955157,False,True,0,0,1.0,11,23,0.3235294117647059,0.6,344,0.0,0.0,0.0,0.0,0.31581997722023625
deletion,0.0,0.7,,overlap,0.3,1.0,49,33,False,0.2471177537194569,0.24716087032702877,0.0,0.635036496350365,0.33480176211453744,False,True,0,0,1.0,12,39,0.23529411764705882,0.65,356,0.0,0.0,0.0,0.0,0.27230017700119363
deletion,0.0,0.7,,overlap,0.3,1.0,49,34,False,0.26658831528959265,0.2666206527452716,0.0,0.6438356164383562,0.3305084745762712,False,True,0,0,1.0,14,19,0.42424242424242425,0.3,370,0.0,0.0,0.0,0.0,0.3848646009167167
deletion,0.0,0.7,,overlap,0.3,1.0,49,35,False,0.2374412364671945,0.2374654895589537,0.0,0.6423841059602649,0.3305785123966942,False,True,0,0,1.0,11,32,0.2558139534883721,0.35,381,0.0,0.0,0.0,0.0,0.28773356296049746
deletion,0.0,0.7,,overlap,0.3,1.0,49,36,False,0.22183092735039592,0.2218491171692153,0.0,0.6455696202531646,0.32669322709163345,False,True,0,0,1.0,9,28,0.24324324324324326,0.5,390,0.0,0.0,0.0,0.0,0.3309402553377474
deletion,0.0,0.7,,overlap,0.3,1.0,49,37,False,0.22887319551279692,0.22888683787691147,0.0,0.6419753086419753,0.328125,False,True,0,0,1.0,9,37,0.1956521739130435,0.45,399,0.0,0.0,0.0,0.0,0.30711994194591674
deletion,0.0,0.7,,overlap,0.3,1.0,49,38,False,0.2279048966345977,0.2279151284076836,0.0,0.6363636363636364,0.33204633204633205,False,True,0,0,1.0,15,31,0.32608695652173914,0.3,414,0.0,0.0,0.0,0.0,0.2761357122830316
deletion,0.0,0.7,,overlap,0.3,1.0,49,39,False,0.20842867247594826,0.20843634630576272,0.0,0.6352941176470588,0.33458646616541354,False,True,0,0,1.0,9,29,0.23684210526315788,0.3,423,0.0,0.0,0.0,0.0,0.322981028619094
deletion,0.0,0.7,,overlap,0.3,1.0,50,0,False,0.0,0.0,0.0,0.0,1.0,False,True,0,0,0.0,0,0,0.0,0.0,0,0.0,0.0,0.0,0.0,0.0
deletion,0.0,0.7,,overlap,0.3,1.0,50,1,False,0.0,0.0,0.21052631578947367,0.21052631578947367,0.8214285714285714,False,True,0,0,0.0,0,42,0.0,0.0,0,0.0,0.0,0.0,0.0,0.0
deletion,0.0,0.7,,overlap,0.3,1.0,50,2,False,0.05263157894736842,0.05263157894736842,0.15,0.32,0.6944444444444444,False,True,0,0,0.0,0,39,0.0,0.0,0,0.0,0.0,0.0,0.0,0.0
deletion,0.0,0.7,,overlap,0.3,1.0,50,3,False,0.0769736842105263,0.0769736842105263,0.15,0.37037037037037035,0.6410256410256411,False,True,0,0,0.0,0,43,0.0,0.0,0,0.0,0.0,0.0,0.0,0.0
deletion,0.0,0.7,,overlap,0.3,1.0,50,4,False,0.09523026315789473,0.09523026315789473,0.15,0.41379310344827586,0.5777777777777777,False,True,0,0,0.2,0,38,0.0,0.0,0,0.0,0.0,0.0,0.0,0.0
deletion,0.0,0.7,,overlap,0.3,1.0,50,5,False,0.10892269736842106,0.10892269736842106,0.15,0.45161290322580644,0.5510204081632653,False,True,0,0,0.4,1,47,0.020833333333333332,1.0,1,0.0,0.0,0.0,0.0,0.05210590174999998
deletion,0.0,0.7,,overlap,0.3,1.0,50,6,False,0.16472773731203008,0.22544202302631577,0.15,0.45161290322580644,0.5192307692307693,False,True,0,0,0.5,3,41,0.06818181818181818,0.5,4,0.0,0.0,0.0,0.0,0.23681168706481712
deletion,0.0,0.7,,overlap,0.3,1.0,50,7,False,0.18604580298402257,0.25033151726973685,0.1,0.5,0.49122807017543857,False,True,0,0,0.7,4,38,0.09523809523809523,0.625,8,0.0,0.0,0.0,0.0,0.2941354337590456
deletion,0.0,0.7,,overlap,0.3,1.0,50,8,False,0.2114093522380169,0.27837363795230263,0.1,0.5128205128205128,0.46774193548387094,False,True,0,0,0.8,12,32,0.2727272727272727,0.55,20,0.0,0.0,0.0,0.0,0.41689386719594995
deletion,0.0,0.7,,overlap,0.3,1.0,50,9,False,0.2317712998927984,0.290030228464227,0.05,0.5227272727272727,0.4520547945205479,False,True,0,0,0.8,8,34,0.19047619047619047,0.45,28,0.0,0.0,0.0,0.0,0.29940022111886694
deletion,0.0,0.7,,overlap,0.3,1.0,50,10,False,0.22918561777674168,0.28002267134817027,0.05,0.5217391304347826,0.43037974683544306,False,True,0,0,0.8,6,39,0.13333333333333333,0.45,34,0.0,0.0,0.0,0.0,0.3327073762642892
deletion,0.0,0.7,,overlap,0.3,1.0,50,11,False,0.22724635618969913,0.27251700351112773,0.05,0.5416666666666666,0.4166666666666667,False,True,0,0,0.8,8,33,0.1951219512195122,0.45,42,0.0,0.0,0.0,0.0,0.26991251843173636
deletion,0.0,0.7,,overlap,0.3,1.0,50,12,False,0.2257919099994172,0.2668877526333458,0.05,0.5849056603773585,0.3763440860215054,False,True,0,0,0.9,13,29,0.30952380952380953,0.5,55,0.0,0.0,0.0,0.0,0.30547123603371373
deletion,0.0,0.7,,overlap,0.3,1.0,50,13,False,0.23809393249956293,0.26891581447500934,0.05,0.6071428571428571,0.35353535353535354,False,True,0,0,0.9,7,24,0.22580645161290322,0.45,62,0.0,0.0,0.0,0.0,0.313271098484712
deletion,0.0,0.7,,overlap,0.3,1.0,50,14,False,0.24107044937467217,0.264186860856257,0.05,0.6101694915254238,0.34615384615384615,False,True,0,0,0.9,13,28,0.3170731707317073,0.25,75,0.0,0.0,0.0,0.0,0.360015096927078
deletion,0.0,0.7,,overlap,0.3,1.0,50,15,False,0.21830283703100412,0.23564014564219274,0.05,0.6290322580645161,0.3302752293577982,False,True,0,0,0.9,8,32,0.2,0.25,83,0.0,0.0,0.0,0.0,0.2629961875994193
deletion,0.0,0.7,,overlap,0.3,1.0,50,16,False,0.2012271277732531,0.21423010923164457,0.05,0.6349206349206349,0.3274336283185841,False,True,0,0,1.0,12,27,0.3076923076923077,0.45,95,0.0,0.0,0.0,0.0,0.3229543490198008
deletion,0.0,0.7,,overlap,0.3,1.0,50,17,False,0.21342034582993982,0.22317258192373343,0.0,0.6197183098591549,0.33884297520661155,False,True,0,0,1.0,9,33,0.21428571428571427,0.5,104,0.0,0.0,0.0,0.0,0.24578119421291778
deletion,0.0,0.7,,overlap,0.3,1.0,50,18,False,0.2225652593724549,0.22987943644280007,0.0,0.6351351351351351,0.3228346456692913,False,True,0,0,1.0,14,30,0.3181818181818182,0.55,118,0.0,0.0,0.0,0.0,0.31364683235451896
deletion,0.0,0.7,,overlap,0.3,1.0,50,19,False,0.23567394452934115,0.24115957733210006,0.0,0.6410256410256411,0.3161764705882353,False,True,0,0,1.0,11,24,0.3142857142857143,0.6,129,0.0,0.0,0.0,0.0,0.3100913028089753
deletion,0.0,0.7,,overlap,0.3,1.0,50,20,False,0.25175545839700586,0.25586968299907503,0.0,0.654320987654321,0.3142857142857143,False,True,0,0,1.0,13,25,0.34210526315789475,0.6,142,0.0,0.0,0.0,0.0,0.3367381521185952
deletion,0.0,0.7,,overlap,0.3,1.0,50,21,False,0.2638165937977544,0.2669022622493063,0.0,0.6744186046511628,0.2972972972972973,False,True,0,0,1.0,17,20,0.4594594594594595,0.45,159,0.0,0.0,0.0,0.0,0.44489842339388064
deletion,0.0,0.7,,overlap,0.3,1.0,50,22,False,0.25411244534831584,0.25642669668697976,0.0,0.6630434782608695,0.310126582278481,False,True,0,0,1.0,16,29,0.35555555555555557,0.6,175,0.0,0.0,0.0,0.0,0.403619632037476
deletion,0.0,0.7,,overlap,0.3,1.0,50,23,False,0.2655843340112369,0.26732002251523485,0.0,0.6666666666666666,0.3136094674556213,False,True,0,0,1.0,16,21,0.43243243243243246,0.55,191,0.0,0.0,0.0,0.0,0.4992509200911007
deletion,0.0,0.7,,overlap,0.3,1.0,50,24,False,0.2679382505084277,0.2692400168864262,0.0,0.6728971962616822,0.30857142857142855,False,True,0,0,1.0,22,17,0.5641025641025641,0.4,213,0.0,0.0,0.0,0.0,0.37716933165738703
deletion,0.0,0.7,,overlap,0.3,1.0,50,25,False,0.2509536878813208,0.2519300126648196,0.0,0.6608695652173913,0.32065217391304346,False,True,0,0,1.0,15,22,0.40540540540540543,0.65,228,0.0,0.0,0.0,0.0,0.3752549455002923
deletion,0.0,0.7,,overlap,0.3,1.0,50,26,False,0.26946526591099057,0.2701975094986147,0.0,0.652542372881356,0.32460732984293195,False,True,0,0,1.0,12,31,0.27906976744186046,0.7,240,0.0,0.0,0.0,0.0,0.29694471998640626
deletion,0.0,0.7,,overlap,0.3,1.0,50,27,False,0.28959894943324294,0.29014813212396107,0.0,0.6504065040650406,0.32160804020100503,False,True,0,0,1.0,8,34,0.19047619047619047,0.55,248,0.0,0.0,0.0,0.0,0.31821418643014837
deletion,0.0,0.7,,overlap,0.3,1.0,50,28,False,0.2859492120749322,0.2863610990929708,0.0,0.6535433070866141,0.31862745098039214,False,True,0,0,1.0,13,31,0.29545454545454547,0.45,261,0.0,0.0,0.0,0.0,0.33551368610507626
deletion,0.0,0.7,,overlap,0.3,1.0,50,29,False,0.2707119090561992,0.2710208243197281,0.0,0.6417910447761194,0.323943661971831,False,True,0,0,1.0,11,25,0.3055555555555556,0.45,272,0.0,0.0,0.0,0.0,0.3509293186447922
deletion,0.0,0.7,,overlap,0.3,1.0,50,30,False,0.2592839317921494,0.25951561823979613,0.0,0.644927536231884,0.3211009174311927,False,True,0,0,1.0,11,31,0.2619047619047619,0.5,283,0.0,0.0,0.0,0.0,0.31844395998490344
deletion,0.0,0.7,,overlap,0.3,1.0,50,31,False,0.256962948844112,0.2571367136798471,0.0,0.6503496503496503,0.31555555555555553,False,True,0,0,1.0,15,30,0.3333333333333333,0.65,298,0.0,0.0,0.0,0.0,0.23165411204814168
deletion,0.0,0.7,,overlap,0.3,1.0,50,32,False,0.273972211633084,0.2741025352598853,0.0,0.6575342465753424,0.30869565217391304,False,True,0,0,1.0,14,29,0.32558139534883723,0.65,312,0.0,0.0,0.0,0.0,0.2987138651963075
deletion,0.0,0.7,,overlap,0.3,1.0,50,33,False,0.286729158724813,0.28682690144491396,0.0,0.6577181208053692,0.30638297872340425,False,True,0,0,1.0,16,29,0.35555555555555557,0.4,328,0.0,0.0,0.0,0.0,0.28370888017818785
deletion,0.0,0.7,,overlap,0.3,1.0,50,34,False,0.26504686904360975,0.2651201760836855,0.0,0.6560509554140127,0.30864197530864196,False,True,0,0,1.0,16,22,0.42105263157894735,0.35,344,0.0,0.0,0.0,0.0,0.32052601588383506
deletion,0.0,0.7,,overlap,0.3,1.0,50,35,False,0.24253515178270732,0.24259013206276414,0.0,0.660377358490566,0.3024193548387097,False,True,0,0,1.0,11,20,0.3548387096774194,0.5,355,0.0,0.0,0.0,0.0,0.4043637385208272
deletion,0.0,0.7,,overlap,0.3,1.0,50,36,False,0.2444013638370305,0.2444425990470731,0.0,0.6606060606060606,0.30078125,False,True,0,0,1.0,10,26,0.2777777777777778,0.55,365,0.0,0.0,0.0,0.0,0.3203489122663489
deletion,0.0,0.7,,overlap,0.3,1.0,50,37,False,0.25205102287777287,0.2520819492853048,0.0,0.6588235294117647,0.3015267175572519,False,True,0,0,1.0,12,31,0.27906976744186046,0.55,377,0.0,0.0,0.0,0.0,0.3295195922950841
deletion,0.0,0.7,,overlap,0.3,1.0,50,38,False,0.2577882671583297,0.25781146196397864,0.0,0.6571428571428571,0.3,False,True,0,0,1.0,10,24,0.29411764705882354,0.65,387,0.0,0.0,0.0,0.0,0.355545395008651
deletion,0.0,0.7,,overlap,0.3,1.0,50,39,False,0.27459120036874723,0.27460859647298397,0.0,0.6538461538461539,0.30324909747292417,False,True,0,0,1.0,15,27,0.35714285714285715,0.55,402,0.0,0.0,0.0,0.0,0.32353774050258494
deletion,0.0,0.7,,overlap,0.3,1.0,51,0,False,0.0,0.0,0.0,0.0,1.0,False,True,0,0,0.0,0,0,0.0,0.0,0,0.0,0.0,0.0,0.0,0.0
deletion,0.0,0.7,,overlap,0.3,1.0,51,1,False,0.0,0.0,0.14285714285714285,0.14285714285714285,0.8787878787878788,False,True,0,0,0.2,0,43,0.0,0.0,0,0.0,0.0,0.0,0.0,0.0
deletion,0.0,0.7,,overlap,0.3,1.0,51,2,False,0.03571428571428571,0.03571428571428571,0.2222222222222222,0.2222222222222222,0.8,False,True,0,0,0.3,2,34,0.05555555555555555,0.0,2,0.0,0.0,0.0,0.0,0.02147388372499999
deletion,0.0,0.7,,overlap,0.3,1.0,51,3,False,0.0744047619047619,0.08234126984126984,0.2,0.2,0.7391304347826086,False,True,0,0,0.4,5,38,0.11627906976744186,0.5714285714285714,7,0.0,0.0,0.0,0.0,0.5120470255652443
deletion,0.0,0.7,,overlap,0.3,1.0,51,4,False,0.1257015306122449,0.1581845238095238,0.15,0.22727272727272727,0.7115384615384616,False,True,0,0,0.6,8,38,0.17391304347826086,0.6666666666666666,15,0.0,0.0,0.0,0.0,0.35728791039037167
deletion,0.0,0.7,,overlap,0.3,1.0,51,5,False,0.17790710034013604,0.2207217261904762,0.1,0.25,0.6785714285714286,False,True,0,0,0.7,16,25,0.3902439024390244,0.7,31,0.0,0.0,0.0,0.0,0.4669107738841919
deletion,0.0,0.7,,overlap,0.3,1.0,51,6,False,0.2120017538265306,0.26554129464285714,0.1,0.3076923076923077,0.6229508196721312,False,True,0,0,0.7,9,39,0.1875,0.6,40,0.0,0.0,0.0,0.0,0.39405171930691474
deletion,0.0,0.7,,overlap,0.3,1.0,51,7,False,0.22864417251275507,0.28665597098214285,0.1,0.3333333333333333,0.5757575757575758,False,True,0,0,0.8,15,30,0.3333333333333333,0.5,55,0.0,0.0,0.0,0.0,0.3733439791361551
deletion,0.0,0.7,,overlap,0.3,1.0,51,8,False,0.2393402722417092,0.28999197823660716,0.05,0.3870967741935484,0.5555555555555556,False,True,0,0,0.8,7,35,0.16666666666666666,0.3,62,0.0,0.0,0.0,0.0,0.32974845614289744
deletion,0.0,0.7,,overlap,0.3,1.0,51,9,False,0.2187909184669962,0.2612439836774554,0.0,0.39473684210526316,0.5432098765432098,False,True,0,0,1.0,7,34,0.17073170731707318,0.4,69,0.0,0.0,0.0,0.0,0.3561933471845178
deletion,0.0,0.7,,overlap,0.3,1.0,51,10,False,0.2140931888502471,0.24593298775809153,0.0,0.4418604651162791,0.5232558139534884,False,True,0,0,1.0,8,33,0.1951219512195122,0.45,77,0.0,0.0,0.0,0.0,0.23776564917976678
deletion,0.0,0.7,,overlap,0.3,1.0,51,11,False,0.21681989163768534,0.24069974081856862,0.0,0.46808510638297873,0.48936170212765956,False,True,0,0,1.0,8,30,0.21052631578947367,0.55,85,0.0,0.0,0.0,0.0,0.3029520121798835
deletion,0.0,0.7,,overlap,0.3,1.0,51,12,False,0.231364918728264,0.24927480561392648,0.0,0.46153846153846156,0.49,False,True,0,0,1.0,13,26,0.3333333333333333,0.7,98,0.0,0.0,0.0,0.0,0.35003520582244774
deletion,0.0,0.7,,overlap,0.3,1.0,51,13,False,0.261023689046198,0.27445610421044486,0.0,0.47368421052631576,0.4727272727272727,False,True,0,0,1.0,10,26,0.2777777777777778,0.7,108,0.0,0.0,0.0,0.0,0.27378222839980715
deletion,0.0,0.7,,overlap,0.3,1.0,51,14,False,0.2832677667846485,0.29334207815783364,0.0,0.4915254237288136,0.45614035087719296,False,True,0,0,1.0,9,31,0.225,0.55,117,0.0,0.0,0.0,0.0,0.3052154626454505
deletion,0.0,0.7,,overlap,0.3,1.0,51,15,False,0.2812008250884864,0.28875655861837524,0.0,0.5079365079365079,0.4344262295081967,False,True,0,0,1.0,16,24,0.4,0.25,133,0.0,0.0,0.0,0.0,0.29384870597679325
deletion,0.0,0.7,,overlap,0.3,1.0,51,16,False,0.24215061881636477,0.24781741896378143,0.0,0.515625,0.41732283464566927,False,True,0,0,1.0,12,38,0.24,0.45,145,0.0,0.0,0.0,0.0,0.365633623163149
deletion,0.0,0.7,,overlap,0.3,1.0,51,17,False,0.2378629641122736,0.24211306422283607,0.0,0.5142857142857142,0.4148148148148148,False,True,0,0,1.0,13,27,0.325,0.75,158,0.0,0.0,0.0,0.0,0.24228193919210333
deletion,0.0,0.7,,overlap,0.3,1.0,51,18,False,0.2721472230842052,0.275334798167127,0.0,0.5277777777777778,0.40875912408759124,False,True,0,0,1.0,13,30,0.3023255813953488,0.5,171,0.0,0.0,0.0,0.0,0.3177662185804922
deletion,0.0,0.7,,overlap,0.3,1.0,51,19,False,0.2666104173131539,0.26900109862534527,0.0,0.5384615384615384,0.4027777777777778,False,True,0,0,1.0,10,26,0.2777777777777778,0.35,181,0.0,0.0,0.0,0.0,0.287838931248353
deletion,0.0,0.7,,overlap,0.3,1.0,51,20,False,0.2437078129848654,0.24550082396900896,0.0,0.5421686746987951,0.39215686274509803,False,True,0,0,1.0,5,28,0.15151515151515152,0.3,186,0.0,0.0,0.0,0.0,0.30823119330203075
deletion,0.0,0.7,,overlap,0.3,1.0,51,21,False,0.22028085973864905,0.22162561797675673,0.0,0.5632183908045977,0.37888198757763975,False,True,0,0,1.0,6,29,0.17142857142857143,0.4,192,0.0,0.0,0.0,0.0,0.3071720964424768
deletion,0.0,0.7,,overlap,0.3,1.0,51,22,False,0.2152106448039868,0.21621921348256756,0.0,0.5760869565217391,0.3727810650887574,False,True,0,0,1.0,10,32,0.23809523809523808,0.35,202,0.0,0.0,0.0,0.0,0.33281541736384856
deletion,0.0,0.7,,overlap,0.3,1.0,51,23,False,0.20515798360299012,0.20591441011192568,0.0,0.5773195876288659,0.3806818181818182,False,True,0,0,1.0,11,26,0.2972972972972973,0.45,213,0.0,0.0,0.0,0.0,0.3293314533189354
deletion,0.0,0.7,,overlap,0.3,1.0,51,24,False,0.2101184877022426,0.21068580758394426,0.0,0.59,0.36813186813186816,False,True,0,0,1.0,13,30,0.3023255813953488,0.6,226,0.0,0.0,0.0,0.0,0.36894232086087847
deletion,0.0,0.7,,overlap,0.3,1.0,51,25,False,0.23258886577668195,0.2330143556879582,0.0,0.6111111111111112,0.35978835978835977,False,True,0,0,1.0,11,25,0.3055555555555556,0.45,237,0.0,0.0,0.0,0.0,0.31231094032950535
deletion,0.0,0.7,,overlap,0.3,1.0,51,26,False,0.23069164933251146,0.23101076676596863,0.0,0.6146788990825688,0.3556701030927835,False,True,0,0,1.0,14,33,0.2978723404255319,0.45,251,0.0,0.0,0.0,0.0,0.3555212035525611
deletion,0.0,0.7,,overlap,0.3,1.0,51,27,False,0.22926873699938358,0.22950807507447646,0.0,0.6283185840707964,0.345,False,True,0,0,1.0,12,28,0.3,0.4,263,0.0,0.0,0.0,0.0,0.3502279382054537
deletion,0.0,0.7,,overlap,0.3,1.0,51,28,False,0.22195155274953768,0.22213105630585733,0.0,0.6186440677966102,0.3526570048309179,False,True,0,0,1.0,13,23,0.3611111111111111,0.55,276,0.0,0.0,0.0,0.0,0.36759568876659005
deletion,0.0,0.7,,overlap,0.3,1.0,51,29,False,0.23521366456215326,0.235348292229393,0.0,0.6166666666666667,0.35377358490566035,False,True,0,0,1.0,15,23,0.39473684210526316,0.75,291,0.0,0.0,0.0,0.0,0.24780678180913301
deletion,0.0,0.7,,overlap,0.3,1.0,51,30,False,0.27016024842161496,0.2702612191720447,0.0,0.6129032258064516,0.3532110091743119,False,True,0,0,1.0,13,33,0.2826086956521739,0.5,304,0.0,0.0,0.0,0.0,0.24410113738375147
deletion,0.0,0.7,,overlap,0.3,1.0,51,31,False,0.26512018631621126,0.26519591437903356,0.0,0.609375,0.35555555555555557,False,True,0,0,1.0,9,35,0.20454545454545456,0.4,313,0.0,0.0,0.0,0.0,0.3094539292109107
deletion,0.0,0.7,,overlap,0.3,1.0,51,32,False,0.24884013973715843,0.2488969357842752,0.0,0.6136363636363636,0.35064935064935066,False,True,0,0,1.0,18,24,0.42857142857142855,0.65,331,0.0,0.0,0.0,0.0,0.4182204697641618
deletion,0.0,0.7,,overlap,0.3,1.0,51,33,False,0.26788010480286883,0.2679227018382064,0.0,0.6176470588235294,0.3504273504273504,False,True,0,0,1.0,26,22,0.5416666666666666,0.6,357,0.0,0.0,0.0,0.0,0.4598628869851402
deletion,0.0,0.7,,overlap,0.3,1.0,51,34,False,0.2759100786021516,0.2759420263786548,0.0,0.6170212765957447,0.3514644351464435,False,True,0,0,1.0,12,29,0.2926829268292683,0.55,369,0.0,0.0,0.0,0.0,0.36816282573304215
deletion,0.0,0.7,,overlap,0.3,1.0,51,35,False,0.27568255895161375,0.2757065197839911,0.0,0.6153846153846154,0.34959349593495936,False,True,0,0,1.0,10,29,0.2564102564102564,0.5,379,0.0,0.0,0.0,0.0,0.30860399294690816
deletion,0.0,0.7,,overlap,0.3,1.0,51,36,False,0.2692619192137103,0.26927988983799334,0.0,0.6164383561643836,0.34523809523809523,False,True,0,0,1.0,12,27,0.3076923076923077,0.35,391,0.0,0.0,0.0,0.0,0.2768502148462331
deletion,0.0,0.7,,overlap,0.3,1.0,51,37,False,0.2456964394102827,0.245709917378495,0.0,0.62,0.3463035019455253,False,True,0,0,1.0,9,36,0.2,0.35,400,0.0,0.0,0.0,0.0,0.3448485999846265
deletion,0.0,0.7,,overlap,0.3,1.0,51,38,False,0.22802232955771204,0.22803243803387124,0.0,0.6193548387096774,0.34980988593155893,False,True,0,0,1.0,14,25,0.358974358974359,0.6,414,0.0,0.0,0.0,0.0,0.3685050271348355
deletion,0.0,0.7,,overlap,0.3,1.0,51,39,False,0.246016747168284,0.24602432852540346,0.0,0.6226415094339622,0.34572490706319703,False,True,0,0,1.0,17,28,0.37777777777777777,0.55,431,0.0,0.0,0.0,0.0,0.3941294752725991
deletion,0.0,0.7,,overlap,1.0,0.5,42,0,False,0.0,0.0,0.0,0.0,1.0,False,True,0,0,0.1,0,0,0.0,0.0,0,0.0,0.0,0.0,0.0,0.0
deletion,0.0,0.7,,overlap,1.0,0.5,42,1,False,0.0,0.0,0.42857142857142855,0.42857142857142855,0.8181818181818182,False,True,0,0,0.1,0,52,0.0,0.0,0,0.0,0.0,0.0,0.0,0.058824499999999974
deletion,0.0,0.7,,overlap,1.0,0.5,42,2,False,0.10714285714285714,0.10714285714285714,0.5555555555555556,0.5555555555555556,0.72,False,True,0,0,0.1,0,41,0.0,0.0,0,0.0,0.0,0.0,0.0,0.028824004999999986
deletion,0.0,0.7,,overlap,1.0,0.5,42,3,False,0.21924603174603177,0.21924603174603174,0.6875,0.6875,0.5757575757575758,False,True,0,0,0.2,0,39,0.0,0.0,0,0.0,0.0,0.0,0.0,0.014123762449999992
deletion,0.0,0.7,,overlap,1.0,0.5,42,4,False,0.33630952380952384,0.33630952380952384,0.7058823529411765,0.7058823529411765,0.5588235294117647,False,True,0,0,0.2,0,39,0.0,0.0,0,0.0,0.0,0.0,0.0,0.01935531935749999
deletion,0.0,0.7,,overlap,1.0,0.5,42,5,False,0.42870273109243706,0.42870273109243706,0.75,0.75,0.475,False,True,0,0,0.5,0,37,0.0,0.0,0,0.0,0.0,0.0,0.0,0.005882547060424995
deletion,0.0,0.7,,overlap,1.0,0.5,42,6,False,0.5090270483193278,0.5090270483193278,0.6,0.6521739130434783,0.5116279069767442,False,True,0,0,0.6,0,43,0.0,0.0,0,0.0,0.0,0.0,0.0,0.17564231795185015
deletion,0.0,0.7,,overlap,1.0,0.5,42,7,False,0.5317702862394958,0.5317702862394958,0.55,0.6896551724137931,0.46,False,True,0,0,0.8,1,37,0.02631578947368421,1.0,1,0.0,0.0,0.0,0.0,0.07031410175022354
deletion,0.0,0.7,,overlap,1.0,0.5,42,8,False,0.5765062861081933,0.5925777146796218,0.55,0.71875,0.4107142857142857,False,True,0,0,0.8,7,37,0.1590909090909091,0.75,8,0.0,0.0,0.0,0.0,0.7132651546857417
deletion,0.0,0.7,,overlap,1.0,0.5,42,9,False,0.5877368574382879,0.6069332860097164,0.55,0.7428571428571429,0.38333333333333336,False,True,0,0,1.0,13,32,0.28888888888888886,0.7,21,0.0,0.0,0.0,0.0,0.8994934827431533
deletion,0.0,0.7,,overlap,1.0,0.5,42,10,False,0.5970526430787159,0.6114499645072873,0.5,0.7368421052631579,0.375,False,True,0,0,1.0,18,23,0.43902439024390244,0.55,39,0.0,0.0,0.0,0.0,0.9342778597033247
deletion,0.0,0.7,,overlap,1.0,0.5,42,11,False,0.5790394823090369,0.5898374733804654,0.4,0.7391304347826086,0.3611111111111111,False,True,0,0,1.0,21,15,0.5833333333333334,0.75,60,0.0,0.0,0.0,0.0,0.9524462365728568
deletion,0.0,0.7,,overlap,1.0,0.5,42,12,False,0.5780296117317777,0.5861281050353491,0.35,0.74,0.34615384615384615,False,True,0,0,1.0,24,21,0.5333333333333333,0.6,84,0.0,0.0,0.0,0.0,0.9858912033431793
deletion,0.0,0.7,,overlap,1.0,0.5,42,13,False,0.5522722087988333,0.5583460787765118,0.2,0.7142857142857143,0.35714285714285715,False,True,0,0,1.0,20,20,0.5,0.9,104,0.0,0.0,0.0,0.0,0.9947863179598961
deletion,0.0,0.7,,overlap,1.0,0.5,42,14,False,0.5517041565991249,0.5562595590823838,0.15,0.7166666666666667,0.34831460674157305,False,True,0,0,1.0,26,23,0.5306122448979592,0.65,130,0.0,0.0,0.0,0.0,0.9962705649717185
deletion,0.0,0.7,,overlap,1.0,0.5,42,15,False,0.5137781174493437,0.5171946693117878,0.15,0.7301587301587301,0.32978723404255317,False,True,0,0,1.0,25,24,0.5102040816326531,0.7,155,0.0,0.0,0.0,0.0,0.9977919369431767
deletion,0.0,0.7,,overlap,1.0,0.5,42,16,False,0.49158358808700775,0.4941460019838409,0.15,0.7384615384615385,0.32653061224489793,False,True,0,0,1.0,19,20,0.48717948717948717,0.6,174,0.0,0.0,0.0,0.0,0.9996532916665254
deletion,0.0,0.7,,overlap,1.0,0.5,42,17,False,0.4624376910652558,0.4643595014878807,0.1,0.7391304347826086,0.3235294117647059,False,True,0,0,1.0,24,17,0.5853658536585366,0.55,198,0.0,0.0,0.0,0.0,0.999711804760939
deletion,0.0,0.7,,overlap,1.0,0.5,42,18,False,0.42807826829894186,0.4295196261159105,0.1,0.7464788732394366,0.308411214953271,False,True,0,0,1.0,27,23,0.54,0.65,225,0.0,0.0,0.0,0.0,0.9997493100746906
deletion,0.0,0.7,,overlap,1.0,0.5,42,19,False,0.41480870122420643,0.4158897195869329,0.05,0.7466666666666667,0.2982456140350877,False,True,0,0,1.0,14,25,0.358974358974359,0.7,239,0.0,0.0,0.0,0.0,0.9997580079566731
deletion,0.0,0.7,,overlap,1.0,0.5,42,20,False,0.4048565259181548,0.40566728969019966,0.0,0.7375,0.3,False,True,0,0,1.0,22,18,0.55,0.55,261,0.0,0.0,0.0,0.0,0.9997604490595753
deletion,0.0,0.7,,overlap,1.0,0.5,42,21,False,0.3723923944386161,0.3730004672676498,0.0,0.735632183908046,0.296875,False,True,0,0,1.0,27,16,0.627906976744186,0.7,288,0.0,0.0,0.0,0.0,0.9999178045719356
deletion,0.0,0.7,,overlap,1.0,0.5,42,22,False,0.3667942958289621,0.3672503504507374,0.0,0.7472527472527473,0.2878787878787879,False,True,0,0,1.0,20,23,0.46511627906976744,0.3,308,0.0,0.0,0.0,0.0,0.9999183221910162
deletion,0.0,0.7,,overlap,1.0,0.5,42,23,False,0.3125957218717216,0.312937762838053,0.0,0.7473684210526316,0.2846715328467153,False,True,0,0,1.0,20,23,0.46511627906976744,0.6,328,0.0,0.0,0.0,0.0,0.9999600093710346
deletion,0.0,0.7,,overlap,1.0,0.5,42,24,False,0.3094467914037912,0.3097033221285398,0.0,0.75,0.2805755395683453,False,True,0,0,1.0,10,32,0.23809523809523808,0.6,338,0.0,0.0,0.0,0.0,0.9999804140101682
deletion,0.0,0.7,,overlap,1.0,0.5,42,25,False,0.3070850935528434,0.30727749159640483,0.0,0.7373737373737373,0.2847222222222222,False,True,0,0,1.0,29,22,0.5686274509803921,0.5,367,0.0,0.0,0.0,0.0,0.9999804388781804
deletion,0.0,0.7,,overlap,1.0,0.5,42,26,False,0.2928138201646325,0.2929581186973036,0.0,0.7211538461538461,0.2913907284768212,False,True,0,0,1.0,16,23,0.41025641025641024,0.6,383,0.0,0.0,0.0,0.0,0.9999804444121576
deletion,0.0,0.7,,overlap,1.0,0.5,42,27,False,0.29461036512347444,0.2947185890229777,0.0,0.7155963302752294,0.2875,False,True,0,0,1.0,13,21,0.38235294117647056,0.6,396,0.0,0.0,0.0,0.0,0.9999804470854559
deletion,0.0,0.7,,overlap,1.0,0.5,42,28,False,0.29595777384260574,0.2960389417672333,0.0,0.7217391304347827,0.28484848484848485,False,True,0,0,1.0,17,21,0.4473684210526316,0.55,413,0.0,0.0,0.0,0.0,0.9999863141327093
deletion,0.0,0.7,,overlap,1.0,0.5,42,29,False,0.2907183303819543,0.290779206325425,0.0,0.7083333333333334,0.28901734104046245,False,True,0,0,1.0,19,26,0.4222222222222222,0.4,432,0.0,0.0,0.0,0.0,0.9999863151227684
deletion,0.0,0.7,,overlap,1.0,0.5,42,30,False,0.26803874778646575,0.26808440474406875,0.0,0.6991869918699187,0.29775280898876405,False,True,0,0,1.0,22,26,0.4583333333333333,0.4,454,0.0,0.0,0.0,0.0,0.9999904208204391
deletion,0.0,0.7,,overlap,1.0,0.5,42,31,False,0.2510290608398493,0.25106330355805156,0.0,0.6976744186046512,0.2972972972972973,False,True,0,0,1.0,21,15,0.5833333333333334,0.5,475,0.0,0.0,0.0,0.0,0.99999042086525
deletion,0.0,0.7,,overlap,1.0,0.5,42,32,False,0.250771795629887,0.25079747766853866,0.0,0.6956521739130435,0.30256410256410254,False,True,0,0,1.0,24,13,0.6486486486486487,0.45,499,0.0,0.0,0.0,0.0,0.999990420902693
deletion,0.0,0.7,,overlap,1.0,0.5,42,33,False,0.24432884672241523,0.244348108251404,0.0,0.7021276595744681,0.2964824120603015,False,True,0,0,1.0,21,26,0.44680851063829785,0.5,520,0.0,0.0,0.0,0.0,0.9999932946443236
deletion,0.0,0.7,,overlap,1.0,0.5,42,34,False,0.2457466350418114,0.245761081188553,0.0,0.7013888888888888,0.30288461538461536,False,True,0,0,1.0,17,24,0.4146341463414634,0.3,537,0.0,0.0,0.0,0.0,0.9999977000630883
deletion,0.0,0.7,,overlap,1.0,0.5,42,35,False,0.22180997628135857,0.22182081089141475,0.0,0.7046979865771812,0.29906542056074764,False,True,0,0,1.0,25,17,0.5952380952380952,0.4,562,0.0,0.0,0.0,0.0,0.9999983900451375
deletion,0.0,0.7,,overlap,1.0,0.5,42,36,False,0.2163574822110189,0.21636560816856104,0.0,0.7077922077922078,0.2968036529680365,False,True,0,0,1.0,30,20,0.6,0.4,592,0.0,0.0,0.0,0.0,0.9999994477855729
deletion,0.0,0.7,,overlap,1.0,0.5,42,37,False,0.21226811165826417,0.21227420612642078,0.0,0.7018633540372671,0.3008849557522124,False,True,0,0,1.0,17,20,0.4594594594594595,0.45,609,0.0,0.0,0.0,0.0,0.9999997294150201
deletion,0.0,0.7,,overlap,1.0,0.5,42,38,False,0.21545108374369812,0.21545565459481558,0.0,0.7005988023952096,0.29914529914529914,False,True,0,0,1.0,17,16,0.5151515151515151,0.45,626,0.0,0.0,0.0,0.0,0.999999729415121
deletion,0.0,0.7,,overlap,1.0,0.5,42,39,False,0.2178383128077736,0.21784174094611167,0.0,0.7034883720930233,0.29583333333333334,False,True,0,0,1.0,22,16,0.5789473684210527,0.4,648,0.0,0.0,0.0,0.0,0.9999998105906052
deletion,0.0,0.7,,overlap,1.0,0.5,43,0,False,0.0,0.0,0.0,0.0,1.0,False,True,0,0,0.0,0,0,0.0,0.0,0,0.0,0.0,0.0,0.0,0.0
deletion,0.0,0.7,,overlap,1.0,0.5,43,1,False,0.0,0.0,0.09090909090909091,0.09090909090909091,0.8518518518518519,False,True,0,0,0.0,0,50,0.0,0.0,0,0.0,0.0,0.0,0.0,0.0
deletion,0.0,0.7,,overlap,1.0,0.5,43,2,False,0.022727272727272728,0.022727272727272728,0.3157894736842105,0.3157894736842105,0.7222222222222222,False,True,0,0,0.1,0,34,0.0,0.0,0,0.0,0.0,0.0,0.0,0.0
deletion,0.0,0.7,,overlap,1.0,0.5,43,3,False,0.09599282296650717,0.09599282296650717,0.2,0.38461538461538464,0.6304347826086957,False,True,0,0,0.1,1,32,0.030303030303030304,0.0,1,0.0,0.0,0.0,0.0,0.35
deletion,0.0,0.7,,overlap,1.0,0.5,43,4,False,0.1184231886534518,0.12199461722488038,0.15,0.40625,0.6037735849056604,False,True,0,0,0.1,1,33,0.029411764705882353,0.0,2,0.0,0.0,0.0,0.0,0.12004999999999996
deletion,0.0,0.7,,overlap,1.0,0.5,43,5,False,0.12363882006151741,0.12899596291866028,0.15,0.45714285714285713,0.5333333333333333,False,True,0,0,0.1,0,39,0.0,0.0,2,0.0,0.0,0.0,0.0,0.04117714999999998
deletion,0.0,0.7,,overlap,1.0,0.5,43,6,False,0.12755054361756663,0.1342469721889952,0.2,0.4722222222222222,0.5238095238095238,False,True,0,0,0.1,0,47,0.0,0.0,2,0.0,0.0,0.0,0.0,0.009886633714999994
deletion,0.0,0.7,,overlap,1.0,0.5,43,7,False,0.1420914791417464,0.15068522914174642,0.15,0.4634146341463415,0.5142857142857142,False,True,0,0,0.1,0,41,0.0,0.0,2,0.0,0.0,0.0,0.0,0.004844450520349996
deletion,0.0,0.7,,overlap,1.0,0.5,43,8,False,0.14139003792773838,0.15051392185630982,0.05,0.4782608695652174,0.48717948717948717,False,True,0,0,0.2,0,38,0.0,0.0,2,0.0,0.0,0.0,0.0,0.0016616465284800485
deletion,0.0,0.7,,overlap,1.0,0.5,43,9,False,0.11675681416008951,0.12538544139223237,0.05,0.4791666666666667,0.47560975609756095,False,True,0,0,0.4,1,43,0.022727272727272728,0.0,3,0.0,0.0,0.0,0.0,0.4145349723796342
deletion,0.0,0.7,,overlap,1.0,0.5,43,10,False,0.09828189633435283,0.10653908104417427,0.05,0.4807692307692308,0.4606741573033708,False,True,0,0,0.4,6,41,0.1276595744680851,0.5555555555555556,9,0.0,0.0,0.0,0.0,0.8114603843881072
deletion,0.0,0.7,,overlap,1.0,0.5,43,11,False,0.1042669778063202,0.14739563022757518,0.0,0.48214285714285715,0.45454545454545453,False,True,0,0,0.4,8,31,0.20512820512820512,0.7058823529411765,17,0.0,0.0,0.0,0.0,0.9159353573166821
deletion,0.0,0.7,,overlap,1.0,0.5,43,12,False,0.10341031738835359,0.19878201678832846,0.0,0.48333333333333334,0.44339622641509435,False,True,0,0,0.4,8,31,0.20512820512820512,0.8,25,0.0,0.0,0.0,0.0,0.9546633280737356
deletion,0.0,0.7,,overlap,1.0,0.5,43,13,False,0.10612916661269377,0.24908651259124634,0.0,0.47540983606557374,0.44144144144144143,False,True,0,0,0.7,9,38,0.19148936170212766,0.75,34,0.0,0.0,0.0,0.0,0.9921704583068907
deletion,0.0,0.7,,overlap,1.0,0.5,43,14,False,0.13316830353094888,0.28056488444343475,0.0,0.5074626865671642,0.4322033898305085,False,True,0,0,0.7,22,18,0.55,0.55,56,0.0,0.0,0.0,0.0,0.9367551307914219
deletion,0.0,0.7,,overlap,1.0,0.5,43,15,False,0.13916194193392598,0.2791736633325761,0.0,0.5205479452054794,0.4274193548387097,False,True,0,0,0.7,17,28,0.37777777777777777,0.45,73,0.0,0.0,0.0,0.0,0.9803364957294484
deletion,0.0,0.7,,overlap,1.0,0.5,43,16,False,0.13651431359330163,0.2656302474994321,0.0,0.5194805194805194,0.4230769230769231,False,True,0,0,0.7,15,27,0.35714285714285715,0.65,88,0.0,0.0,0.0,0.0,0.9910419827819437
deletion,0.0,0.7,,overlap,1.0,0.5,43,17,False,0.14881430662354764,0.28047268562457406,0.0,0.5119047619047619,0.42857142857142855,False,True,0,0,0.9,15,22,0.40540540540540543,0.8,103,0.0,0.0,0.0,0.0,0.9967607693095044
deletion,0.0,0.7,,overlap,1.0,0.5,43,18,False,0.19732501568194644,0.3103545142184305,0.0,0.4945054945054945,0.4391891891891892,False,True,0,0,0.9,14,20,0.4117647058823529,0.65,117,0.0,0.0,0.0,0.0,0.9431216928942623
deletion,0.0,0.7,,overlap,1.0,0.5,43,19,False,0.217636618904317,0.3140158856638229,0.0,0.5102040816326531,0.432258064516129,False,True,0,0,0.9,11,21,0.34375,0.6,128,0.0,0.0,0.0,0.0,0.9658633307324855
deletion,0.0,0.7,,overlap,1.0,0.5,43,20,False,0.227513178463952,0.31051191424786717,0.0,0.49514563106796117,0.43558282208588955,False,True,0,0,0.9,14,27,0.34146341463414637,0.7,142,0.0,0.0,0.0,0.0,0.9804060248340427
deletion,0.0,0.7,,overlap,1.0,0.5,43,21,False,0.245634883847964,0.3203839356859004,0.0,0.5137614678899083,0.4235294117647059,False,True,0,0,0.9,17,21,0.4473684210526316,0.65,159,0.0,0.0,0.0,0.0,0.9895886220053206
deletion,0.0,0.7,,overlap,1.0,0.5,43,22,False,0.25386902002883016,0.3215379517644253,0.0,0.5225225225225225,0.41379310344827586,False,True,0,0,1.0,20,23,0.46511627906976744,0.5,179,0.0,0.0,0.0,0.0,0.9943345205311623
deletion,0.0,0.7,,overlap,1.0,0.5,43,23,False,0.2529017650216226,0.303653463823319,0.0,0.5309734513274337,0.4124293785310734,False,True,0,0,1.0,23,23,0.5,0.5,202,0.0,0.0,0.0,0.0,0.988702817663264
deletion,0.0,0.7,,overlap,1.0,0.5,43,24,False,0.25217632376621696,0.2902400978674892,0.0,0.5423728813559322,0.4,False,True,0,0,1.0,15,24,0.38461538461538464,0.4,217,0.0,0.0,0.0,0.0,0.9959076945605663
deletion,0.0,0.7,,overlap,1.0,0.5,43,25,False,0.23913224282466272,0.2676800734006169,0.0,0.5573770491803278,0.387434554973822,False,True,0,0,1.0,18,26,0.4090909090909091,0.45,235,0.0,0.0,0.0,0.0,0.998909149178733
deletion,0.0,0.7,,overlap,1.0,0.5,43,26,False,0.23559918211849706,0.2570100550504627,0.0,0.5669291338582677,0.3869346733668342,False,True,0,0,1.0,14,25,0.358974358974359,0.4,249,0.0,0.0,0.0,0.0,0.9993221655724336
deletion,0.0,0.7,,overlap,1.0,0.5,43,27,False,0.22669938658887276,0.24275754128784705,0.0,0.5639097744360902,0.38349514563106796,False,True,0,0,1.0,17,23,0.425,0.55,266,0.0,0.0,0.0,0.0,0.9996519356509206
deletion,0.0,0.7,,overlap,1.0,0.5,43,28,False,0.23877453994165457,0.2508181559658853,0.0,0.5693430656934306,0.3867924528301887,False,True,0,0,1.0,23,19,0.5476190476190477,0.4,289,0.0,0.0,0.0,0.0,0.999833736875688
deletion,0.0,0.7,,overlap,1.0,0.5,43,29,False,0.22908090495624092,0.23811361697441397,0.0,0.5655172413793104,0.3853211009174312,False,True,0,0,1.0,24,20,0.5454545454545454,0.5,313,0.0,0.0,0.0,0.0,0.9999271164463547
deletion,0.0,0.7,,overlap,1.0,0.5,43,30,False,0.2343106787171807,0.24108521273081046,0.0,0.5704697986577181,0.3811659192825112,False,True,0,0,1.0,28,22,0.56,0.55,341,0.0,0.0,0.0,0.0,0.999982883776033
deletion,0.0,0.7,,overlap,1.0,0.5,43,31,False,0.24448300903788553,0.24956390954810784,0.0,0.5751633986928104,0.3782608695652174,False,True,0,0,1.0,23,21,0.5227272727272727,0.45,364,0.0,0.0,0.0,0.0,0.9999951716434184
deletion,0.0,0.7,,overlap,1.0,0.5,43,32,False,0.2396122567784141,0.24342293216108088,0.0,0.5786163522012578,0.37606837606837606,False,True,0,0,1.0,23,21,0.5227272727272727,0.5,387,0.0,0.0,0.0,0.0,0.9999976304514948
deletion,0.0,0.7,,overlap,1.0,0.5,43,33,False,0.2422091925838106,0.24506719912081065,0.0,0.5864197530864198,0.3697478991596639,False,True,0,0,1.0,29,22,0.5686274509803921,0.3,416,0.0,0.0,0.0,0.0,0.9999994360895264
deletion,0.0,0.7,,overlap,1.0,0.5,43,34,False,0.21915689443785794,0.221300399340608,0.0,0.5857988165680473,0.3699186991869919,False,True,0,0,1.0,18,22,0.45,0.45,434,0.0,0.0,0.0,0.0,0.9999997718216644
deletion,0.0,0.7,,overlap,1.0,0.5,43,35,False,0.22061767082839343,0.222225299505456,0.0,0.5819209039548022,0.3735408560311284,False,True,0,0,1.0,17,14,0.5483870967741935,0.35,451,0.0,0.0,0.0,0.0,0.9999998686646233
deletion,0.0,0.7,,overlap,1.0,0.5,43,36,False,0.20921325312129507,0.21041897462909198,0.0,0.585635359116022,0.3702290076335878,False,True,0,0,1.0,25,18,0.5813953488372093,0.45,476,0.0,0.0,0.0,0.0,0.9999999200773985
deletion,0.0,0.7,,overlap,1.0,0.5,43,37,False,0.2131599398409713,0.21406423097181898,0.0,0.5869565217391305,0.36704119850187267,False,True,0,0,1.0,27,20,0.574468085106383,0.5,503,0.0,0.0,0.0,0.0,0.999999973573811
deletion,0.0,0.7,,overlap,1.0,0.5,43,38,False,0.2223699548807285,0.22304817322886422,0.0,0.5863874345549738,0.3695652173913043,False,True,0,0,1.0,18,22,0.45,0.25,521,0.0,0.0,0.0,0.0,0.9999999900848733
deletion,0.0,0.7,,overlap,1.0,0.5,43,39,False,0.19802746616054637,0.19853612992164815,0.0,0.5888324873096447,0.36619718309859156,False,True,0,0,1.0,20,15,0.5714285714285714,0.65,541,0.0,0.0,0.0,0.0,0.9999999936328846
deletion,0.0,0.7,,overlap,1.0,0.5,44,0,False,0.0,0.0,0.0,0.0,1.0,False,True,0,0,0.0,0,0,0.0,0.0,0,0.0,0.0,0.0,0.0,0.0
deletion,0.0,0.7,,overlap,1.0,0.5,44,1,False,0.0,0.0,0.3,0.3,0.72,False,True,0,0,0.1,0,44,0.0,0.0,0,0.0,0.0,0.0,0.0,0.0
deletion,0.0,0.7,,overlap,1.0,0.5,44,2,False,0.075,0.075,0.3333333333333333,0.3333333333333333,0.7,False,True,0,0,0.2,1,39,0.025,0.0,1,0.0,0.0,0.0,0.0,0.08403499999999997
deletion,0.0,0.7,,overlap,1.0,0.5,44,3,False,0.12767857142857145,0.13958333333333334,0.4,0.42857142857142855,0.625,False,True,0,0,0.2,2,35,0.05405405405405406,0.0,3,0.0,0.0,0.0,0.0,0.4723945024999998
deletion,0.0,0.7,,overlap,1.0,0.5,44,4,False,0.1814732142857143,0.20468750000000002,0.4,0.4782608695652174,0.5813953488372093,False,True,0,0,0.2,0,37,0.0,0.0,3,0.0,0.0,0.0,0.0,0.4723945024999998
deletion,0.0,0.7,,overlap,1.0,0.5,44,5,False,0.22181919642857142,0.253515625,0.4,0.5384615384615384,0.5434782608695652,False,True,0,0,0.2,3,38,0.07317073170731707,0.0,6,0.0,0.0,0.0,0.0,0.7476498787249999
deletion,0.0,0.7,,overlap,1.0,0.5,44,6,False,0.2520786830357143,0.29013671875,0.25,0.5454545454545454,0.5185185185185185,False,True,0,0,0.3,1,34,0.02857142857142857,0.0,7,0.0,0.0,0.0,0.0,0.8233549151074999
deletion,0.0,0.7,,overlap,1.0,0.5,44,7,False,0.2381661551339286,0.28010253906250004,0.2,0.5526315789473685,0.5245901639344263,False,True,0,0,0.4,5,37,0.11904761904761904,0.08333333333333333,12,0.0,0.0,0.0,0.0,0.9230408403880782
deletion,0.0,0.7,,overlap,1.0,0.5,44,8,False,0.22237461635044645,0.260076904296875,0.2,0.5853658536585366,0.48484848484848486,False,True,0,0,0.4,10,39,0.20408163265306123,0.3,22,0.0,0.0,0.0,0.0,0.981083153077333
deletion,0.0,0.7,,overlap,1.0,0.5,44,9,False,0.22213810511997772,0.24505767822265628,0.2,0.6136363636363636,0.4444444444444444,False,True,0,0,0.5,6,37,0.13953488372093023,0.45,28,0.0,0.0,0.0,0.0,0.9941733262539368
deletion,0.0,0.7,,overlap,1.0,0.5,44,10,False,0.2299964359828404,0.2530315399169922,0.2,0.6304347826086957,0.41025641025641024,False,True,0,0,0.6,9,36,0.2,0.5,37,0.0,0.0,0.0,0.0,0.9642980800179253
deletion,0.0,0.7,,overlap,1.0,0.5,44,11,False,0.24392589841570173,0.27727365493774414,0.1,0.6346153846153846,0.4117647058823529,False,True,0,0,0.6,7,27,0.20588235294117646,0.6,44,0.0,0.0,0.0,0.0,0.9385681342964428
deletion,0.0,0.7,,overlap,1.0,0.5,44,12,False,0.243658709526062,0.2954552412033081,0.0,0.6181818181818182,0.4175824175824176,False,True,0,0,0.8,16,28,0.36363636363636365,0.6,60,0.0,0.0,0.0,0.0,0.9750143035554393
deletion,0.0,0.7,,overlap,1.0,0.5,44,13,False,0.23631546071597506,0.2965914309024811,0.0,0.6271186440677966,0.3939393939393939,False,True,0,0,0.8,15,27,0.35714285714285715,0.65,75,0.0,0.0,0.0,0.0,0.9554319788370992
deletion,0.0,0.7,,overlap,1.0,0.5,44,14,False,0.2352723098226956,0.3036935731768608,0.0,0.6461538461538462,0.38095238095238093,False,True,0,0,0.8,13,27,0.325,0.7,88,0.0,0.0,0.0,0.0,0.98954835014494
deletion,0.0,0.7,,overlap,1.0,0.5,44,15,False,0.2389542323670217,0.3152701798826456,0.0,0.6617647058823529,0.375,False,True,0,0,0.9,21,31,0.40384615384615385,0.5,109,0.0,0.0,0.0,0.0,0.9969180154833459
deletion,0.0,0.7,,overlap,1.0,0.5,44,16,False,0.23278710284669485,0.2989526349119842,0.0,0.6447368421052632,0.371900826446281,False,True,0,0,1.0,12,21,0.36363636363636365,0.5,121,0.0,0.0,0.0,0.0,0.9972064449343324
deletion,0.0,0.7,,overlap,1.0,0.5,44,17,False,0.23709032713502112,0.28671447618398815,0.0,0.6385542168674698,0.3779527559055118,False,True,0,0,1.0,22,13,0.6285714285714286,0.65,143,0.0,0.0,0.0,0.0,0.9992627159833987
deletion,0.0,0.7,,overlap,1.0,0.5,44,18,False,0.25906774535126587,0.2962858571379911,0.0,0.6551724137931034,0.3609022556390977,False,True,0,0,1.0,20,23,0.46511627906976744,0.45,163,0.0,0.0,0.0,0.0,0.9877326427263584
deletion,0.0,0.7,,overlap,1.0,0.5,44,19,False,0.2505508090134494,0.27846439285349334,0.0,0.6595744680851063,0.3617021276595745,False,True,0,0,1.0,19,21,0.475,0.45,182,0.0,0.0,0.0,0.0,0.9939884495232747
deletion,0.0,0.7,,overlap,1.0,0.5,44,20,False,0.24416310676008707,0.26509829464012,0.0,0.6666666666666666,0.35135135135135137,False,True,0,0,1.0,20,22,0.47619047619047616,0.5,202,0.0,0.0,0.0,0.0,0.9985313401360729
deletion,0.0,0.7,,overlap,1.0,0.5,44,21,False,0.24562233007006531,0.26132372098009005,0.0,0.6698113207547169,0.34615384615384615,False,True,0,0,1.0,18,17,0.5142857142857142,0.4,220,0.0,0.0,0.0,0.0,0.9996228746292537
deletion,0.0,0.7,,overlap,1.0,0.5,44,22,False,0.23421674755254898,0.24599279073506752,0.0,0.6666666666666666,0.345679012345679,False,True,0,0,1.0,20,19,0.5128205128205128,0.55,240,0.0,0.0,0.0,0.0,0.9998650358355567
deletion,0.0,0.7,,overlap,1.0,0.5,44,23,False,0.24441256066441172,0.25324459305130065,0.0,0.6666666666666666,0.3431952662721893,False,True,0,0,1.0,26,20,0.5652173913043478,0.5,266,0.0,0.0,0.0,0.0,0.9999710266273765
deletion,0.0,0.7,,overlap,1.0,0.5,44,24,False,0.2458094204983088,0.2524334447884755,0.0,0.6639344262295082,0.34269662921348315,False,True,0,0,1.0,15,18,0.45454545454545453,0.55,281,0.0,0.0,0.0,0.0,0.9999846234108997
deletion,0.0,0.7,,overlap,1.0,0.5,44,25,False,0.2531070653737316,0.25807508359135667,0.0,0.6615384615384615,0.3422459893048128,False,True,0,0,1.0,17,18,0.4857142857142857,0.45,298,0.0,0.0,0.0,0.0,0.999991670901353
deletion,0.0,0.7,,overlap,1.0,0.5,44,26,False,0.24608029903029868,0.2498063126935175,0.0,0.65,0.35175879396984927,False,True,0,0,1.0,18,18,0.5,0.55,316,0.0,0.0,0.0,0.0,0.9999957438437818
deletion,0.0,0.7,,overlap,1.0,0.5,44,27,False,0.25331022427272404,0.25610473452013816,0.0,0.6413793103448275,0.35609756097560974,False,True,0,0,1.0,22,21,0.5116279069767442,0.65,338,0.0,0.0,0.0,0.0,0.9999982923521339
deletion,0.0,0.7,,overlap,1.0,0.5,44,28,False,0.27123266820454306,0.2733285508901036,0.0,0.64,0.35545023696682465,False,True,0,0,1.0,11,23,0.3235294117647059,0.6,349,0.0,0.0,0.0,0.0,0.9999989792936361
deletion,0.0,0.7,,overlap,1.0,0.5,44,29,False,0.2784245011534073,0.27999641316757773,0.0,0.6428571428571429,0.3486238532110092,False,True,0,0,1.0,16,25,0.3902439024390244,0.45,365,0.0,0.0,0.0,0.0,0.9999992389450293
deletion,0.0,0.7,,overlap,1.0,0.5,44,30,False,0.2650683758650555,0.2662473098756833,0.0,0.64375,0.3482142857142857,False,True,0,0,1.0,20,25,0.4444444444444444,0.65,385,0.0,0.0,0.0,0.0,0.9999994972284375
deletion,0.0,0.7,,overlap,1.0,0.5,44,31,False,0.28005128189879164,0.28093548240676247,0.0,0.6419753086419753,0.34649122807017546,False,True,0,0,1.0,24,22,0.5217391304347826,0.35,409,0.0,0.0,0.0,0.0,0.9999998129676557
deletion,0.0,0.7,,overlap,1.0,0.5,44,32,False,0.2537884614240937,0.25445161180507186,0.0,0.6488095238095238,0.34615384615384615,False,True,0,0,1.0,19,21,0.475,0.6,428,0.0,0.0,0.0,0.0,0.9999999291504281
deletion,0.0,0.7,,overlap,1.0,0.5,44,33,False,0.2653413460680703,0.2658387088538039,0.0,0.6379310344827587,0.3524590163934426,False,True,0,0,1.0,17,22,0.4358974358974359,0.5,445,0.0,0.0,0.0,0.0,0.9999999486090742
deletion,0.0,0.7,,overlap,1.0,0.5,44,34,False,0.26150600955105274,0.2618790316403529,0.0,0.6388888888888888,0.3493975903614458,False,True,0,0,1.0,17,21,0.4473684210526316,0.55,462,0.0,0.0,0.0,0.0,0.9999999798756045
deletion,0.0,0.7,,overlap,1.0,0.5,44,35,False,0.26487950716328956,0.2651592737302647,0.0,0.6378378378378379,0.35294117647058826,False,True,0,0,1.0,19,21,0.475,0.55,481,0.0,0.0,0.0,0.0,0.9999999906077625
deletion,0.0,0.7,,overlap,1.0,0.5,44,36,False,0.2674096303724672,0.26761945529769854,0.0,0.6382978723404256,0.3511450381679389,False,True,0,0,1.0,14,26,0.35,0.5,495,0.0,0.0,0.0,0.0,0.9999999946567033
deletion,0.0,0.7,,overlap,1.0,0.5,44,37,False,0.26305722277935034,0.2632145914732739,0.0,0.6387434554973822,0.35094339622641507,False,True,0,0,1.0,23,20,0.5348837209302325,0.55,518,0.0,0.0,0.0,0.0,0.9999999987753025
deletion,0.0,0.7,,overlap,1.0,0.5,44,38,False,0.2660429170845128,0.26616094360495546,0.0,0.6363636363636364,0.35036496350364965,False,True,0,0,1.0,16,23,0.41025641025641024,0.6,534,0.0,0.0,0.0,0.0,0.999999999098258
deletion,0.0,0.7,,overlap,1.0,0.5,44,39,False,0.27453218781338457,0.2746207077037166,0.0,0.6318407960199005,0.35251798561151076,False,True,0,0,1.0,15,23,0.39473684210526316,0.55,549,0.0,0.0,0.0,0.0,0.9999999994616482
deletion,0.0,0.7,,overlap,1.0,0.5,45,0,False,0.0,0.0,0.0,0.0,1.0,False,True,0,0,0.2,0,0,0.0,0.0,0,0.0,0.0,0.0,0.0,0.0
deletion,0.0,0.7,,overlap,1.0,0.5,45,1,False,0.0,0.0,0.29411764705882354,0.29411764705882354,0.8,False,True,0,0,0.3,1,40,0.024390243902439025,0.0,1,0.0,0.0,0.0,0.0,0.12004999999999996
deletion,0.0,0.7,,overlap,1.0,0.5,45,2,False,0.06302521008403361,0.07352941176470588,0.3157894736842105,0.3157894736842105,0.7878787878787878,False,True,0,0,0.4,5,42,0.10638297872340426,0.6666666666666666,6,0.0,0.0,0.0,0.0,0.5660590499999999
deletion,0.0,0.7,,overlap,1.0,0.5,45,3,False,0.14501326846528087,0.17795407636738905,0.35,0.4090909090909091,0.7027027027027027,False,True,0,0,0.7,9,34,0.20930232558139536,0.5333333333333333,15,0.0,0.0,0.0,0.0,0.8721659398805048
deletion,0.0,0.7,,overlap,1.0,0.5,45,4,False,0.21262899896800827,0.24388222394220846,0.3,0.46153846153846156,0.627906976744186,False,True,0,0,0.8,14,23,0.3783783783783784,0.7,29,0.0,0.0,0.0,0.0,0.9278560304605117
deletion,0.0,0.7,,overlap,1.0,0.5,45,5,False,0.27732889208314904,0.30791166795665637,0.3,0.5,0.574468085106383,False,True,0,0,0.8,19,25,0.4318181818181818,0.7,48,0.0,0.0,0.0,0.0,0.9488112792630099
deletion,0.0,0.7,,overlap,1.0,0.5,45,6,False,0.32585381191950463,0.35593375096749225,0.25,0.53125,0.5384615384615384,False,True,0,0,0.9,9,31,0.225,0.65,57,0.0,0.0,0.0,0.0,0.9713070683705214
deletion,0.0,0.7,,overlap,1.0,0.5,45,7,False,0.34974750179677133,0.3794503132256192,0.1,0.48717948717948717,0.55,False,True,0,0,0.9,16,23,0.41025641025641024,0.6,73,0.0,0.0,0.0,0.0,0.961820502157549
deletion,0.0,0.7,,overlap,1.0,0.5,45,8,False,0.3408820549190071,0.37208773491921443,0.0,0.5,0.5223880597014925,False,True,0,0,0.9,21,34,0.38181818181818183,0.55,94,0.0,0.0,0.0,0.0,0.9778700438721147
deletion,0.0,0.7,,overlap,1.0,0.5,45,9,False,0.3145901126178267,0.3478158011894108,0.0,0.5306122448979592,0.48,False,True,0,0,0.9,20,22,0.47619047619047616,0.65,114,0.0,0.0,0.0,0.0,0.979076345512844
deletion,0.0,0.7,,overlap,1.0,0.5,45,10,False,0.3055854416062272,0.3421118508920581,0.0,0.5555555555555556,0.4567901234567901,False,True,0,0,1.0,21,24,0.4666666666666667,0.45,135,0.0,0.0,0.0,0.0,0.9858120276706541
deletion,0.0,0.7,,overlap,1.0,0.5,45,11,False,0.2854390812046704,0.31283388816904356,0.0,0.5238095238095238,0.4725274725274725,False,True,0,0,1.0,18,18,0.5,0.45,153,0.0,0.0,0.0,0.0,0.96682349637986
deletion,0.0,0.7,,overlap,1.0,0.5,45,12,False,0.2703293109035028,0.2908754161267827,0.0,0.5454545454545454,0.4536082474226804,False,True,0,0,1.0,24,23,0.5106382978723404,0.5,177,0.0,0.0,0.0,0.0,0.9794655008441634
deletion,0.0,0.7,,overlap,1.0,0.5,45,13,False,0.2652469831776271,0.28065656209508705,0.0,0.5571428571428572,0.45098039215686275,False,True,0,0,1.0,13,25,0.34210526315789475,0.55,190,0.0,0.0,0.0,0.0,0.9881717400064816
deletion,0.0,0.7,,overlap,1.0,0.5,45,14,False,0.2676852373832203,0.2792424215713153,0.0,0.5555555555555556,0.44339622641509435,False,True,0,0,1.0,26,24,0.52,0.4,216,0.0,0.0,0.0,0.0,0.997159464974769
deletion,0.0,0.7,,overlap,1.0,0.5,45,15,False,0.25076392803741526,0.2594318161784865,0.0,0.5641025641025641,0.4260869565217391,False,True,0,0,1.0,16,20,0.4444444444444444,0.4,232,0.0,0.0,0.0,0.0,0.9975912561685902
deletion,0.0,0.7,,overlap,1.0,0.5,45,16,False,0.23807294602806142,0.24457386213386484,0.0,0.5542168674698795,0.4262295081967213,False,True,0,0,1.0,19,25,0.4318181818181818,0.6,251,0.0,0.0,0.0,0.0,0.9983173447249017
deletion,0.0,0.7,,overlap,1.0,0.5,45,17,False,0.2535547095210461,0.2584303966003986,0.0,0.5494505494505495,0.43410852713178294,False,True,0,0,1.0,17,24,0.4146341463414634,0.5,268,0.0,0.0,0.0,0.0,0.9986153778508736
deletion,0.0,0.7,,overlap,1.0,0.5,45,18,False,0.2526660321407846,0.25632279745029896,0.0,0.5625,0.4253731343283582,False,True,0,0,1.0,25,23,0.5208333333333334,0.45,293,0.0,0.0,0.0,0.0,0.9995443461280411
deletion,0.0,0.7,,overlap,1.0,0.5,45,19,False,0.24574952410558842,0.2484920980877242,0.0,0.56,0.42142857142857143,False,True,0,0,1.0,19,19,0.5,0.5,312,0.0,0.0,0.0,0.0,0.9997523321778811
deletion,0.0,0.7,,overlap,1.0,0.5,45,20,False,0.24681214307919133,0.24886907356579316,0.0,0.5566037735849056,0.4246575342465753,False,True,0,0,1.0,23,20,0.5348837209302325,0.5,335,0.0,0.0,0.0,0.0,0.9998989925131079
deletion,0.0,0.7,,overlap,1.0,0.5,45,21,False,0.24760910730939348,0.24915180517434488,0.0,0.5636363636363636,0.42,False,True,0,0,1.0,20,22,0.47619047619047616,0.55,355,0.0,0.0,0.0,0.0,0.9999362655866074
deletion,0.0,0.7,,overlap,1.0,0.5,45,22,False,0.2544568304820451,0.25561385388075863,0.0,0.5714285714285714,0.41025641025641024,False,True,0,0,1.0,27,14,0.6585365853658537,0.45,382,0.0,0.0,0.0,0.0,0.9999568017135736
deletion,0.0,0.7,,overlap,1.0,0.5,45,23,False,0.24709262286153383,0.24796039041056897,0.0,0.5897435897435898,0.4088050314465409,False,True,0,0,1.0,26,17,0.6046511627906976,0.55,408,0.0,0.0,0.0,0.0,0.9999798924433808
deletion,0.0,0.7,,overlap,1.0,0.5,45,24,False,0.2540694671461504,0.25472029280792674,0.0,0.5901639344262295,0.40606060606060607,False,True,0,0,1.0,21,25,0.45652173913043476,0.4,429,0.0,0.0,0.0,0.0,0.999995033539711
deletion,0.0,0.7,,overlap,1.0,0.5,45,25,False,0.24055210035961277,0.24104021960594507,0.0,0.6,0.38953488372093026,False,True,0,0,1.0,21,24,0.4666666666666667,0.55,450,0.0,0.0,0.0,0.0,0.9999966208892695
deletion,0.0,0.7,,overlap,1.0,0.5,45,26,False,0.2491640752697096,0.2495301647044588,0.0,0.5984848484848485,0.3867403314917127,False,True,0,0,1.0,17,21,0.4473684210526316,0.55,467,0.0,0.0,0.0,0.0,0.9999966489489065
deletion,0.0,0.7,,overlap,1.0,0.5,45,27,False,0.2556230564522822,0.2558976235283441,0.0,0.60431654676259,0.37894736842105264,False,True,0,0,1.0,18,19,0.4864864864864865,0.5,485,0.0,0.0,0.0,0.0,0.9999966824247026
deletion,0.0,0.7,,overlap,1.0,0.5,45,28,False,0.25421729233921164,0.2544232176462581,0.0,0.6180555555555556,0.37055837563451777,False,True,0,0,1.0,13,24,0.35135135135135137,0.5,498,0.0,0.0,0.0,0.0,0.9999966824917437
deletion,0.0,0.7,,overlap,1.0,0.5,45,29,False,0.25316296925440873,0.2533174132346936,0.0,0.6148648648648649,0.36585365853658536,False,True,0,0,1.0,20,17,0.5405405405405406,0.5,518,0.0,0.0,0.0,0.0,0.9999966987633432
deletion,0.0,0.7,,overlap,1.0,0.5,45,30,False,0.2523722269408065,0.2524880599260202,0.0,0.6209150326797386,0.3615023474178404,False,True,0,0,1.0,21,24,0.4666666666666667,0.4,539,0.0,0.0,0.0,0.0,0.9999976947078485
deletion,0.0,0.7,,overlap,1.0,0.5,45,31,False,0.2392791702056049,0.23936604494451513,0.0,0.6258064516129033,0.3515981735159817,False,True,0,0,1.0,15,26,0.36585365853658536,0.55,554,0.0,0.0,0.0,0.0,0.9999983874210339
deletion,0.0,0.7,,overlap,1.0,0.5,45,32,False,0.24820937765420367,0.24827453370838634,0.0,0.6226415094339622,0.35267857142857145,False,True,0,0,1.0,24,21,0.5333333333333333,0.45,578,0.0,0.0,0.0,0.0,0.9999996125500097
deletion,0.0,0.7,,overlap,1.0,0.5,45,33,False,0.24240703324065274,0.24245590028128974,0.0,0.6071428571428571,0.36324786324786323,False,True,0,0,1.0,19,16,0.5428571428571428,0.5,597,0.0,0.0,0.0,0.0,0.9999998103740075
deletion,0.0,0.7,,overlap,1.0,0.5,45,34,False,0.24430527493048956,0.24434192521096731,0.0,0.6127167630057804,0.35833333333333334,False,True,0,0,1.0,22,25,0.46808510638297873,0.55,619,0.0,0.0,0.0,0.0,0.9999998673879235
deletion,0.0,0.7,,overlap,1.0,0.5,45,35,False,0.2519789561978672,0.25200644390822546,0.0,0.6171428571428571,0.3524590163934426,False,True,0,0,1.0,20,25,0.4444444444444444,0.4,639,0.0,0.0,0.0,0.0,0.9999998674091263
deletion,0.0,0.7,,overlap,1.0,0.5,45,36,False,0.2389842171484004,0.2390048329311691,0.0,0.6222222222222222,0.34523809523809523,False,True,0,0,1.0,15,22,0.40540540540540543,0.4,654,0.0,0.0,0.0,0.0,0.9999998674113346
deletion,0.0,0.7,,overlap,1.0,0.5,45,37,False,0.22923816286130028,0.2292536246983768,0.0,0.6284153005464481,0.3411764705882353,False,True,0,0,1.0,17,21,0.4473684210526316,0.35,671,0.0,0.0,0.0,0.0,0.9999999545217827
deletion,0.0,0.7,,overlap,1.0,0.5,45,38,False,0.21567862214597522,0.21569021852378262,0.0,0.6263157894736842,0.3409090909090909,False,True,0,0,1.0,21,16,0.5675675675675675,0.45,692,0.0,0.0,0.0,0.0,0.9999999681657193
deletion,0.0,0.7,,overlap,1.0,0.5,45,39,False,0.2180089666094814,0.21801766389283697,0.0,0.6275510204081632,0.3420074349442379,False,True,0,0,1.0,29,16,0.6444444444444445,0.7,721,0.0,0.0,0.0,0.0,0.9999999923565269
deletion,0.0,0.7,,overlap,1.0,0.5,46,0,False,0.0,0.0,0.0,0.0,1.0,False,True,0,0,0.1,0,0,0.0,0.0,0,0.0,0.0,0.0,0.0,0.0
deletion,0.0,0.7,,overlap,1.0,0.5,46,1,False,0.0,0.0,0.3,0.3,0.7916666666666666,False,True,0,0,0.2,1,44,0.022222222222222223,0.0,1,0.0,0.0,0.0,0.0,0.17149999999999996
deletion,0.0,0.7,,overlap,1.0,0.5,46,2,False,0.06964285714285715,0.075,0.5,0.5,0.6451612903225806,False,True,0,0,0.3,3,33,0.08333333333333333,0.75,4,0.0,0.0,0.0,0.0,0.5088236749999999
deletion,0.0,0.7,,overlap,1.0,0.5,46,3,False,0.1861607142857143,0.2125,0.5294117647058824,0.5294117647058824,0.5555555555555556,False,True,0,0,0.3,6,37,0.13953488372093023,0.8,10,0.0,0.0,0.0,0.0,0.7885541194905065
deletion,0.0,0.7,,overlap,1.0,0.5,46,4,False,0.2816373424369748,0.3255514705882353,0.55,0.5909090909090909,0.5,False,True,0,0,0.4,4,30,0.11764705882352941,0.8571428571428571,14,0.0,0.0,0.0,0.0,0.8674427571325234
deletion,0.0,0.7,,overlap,1.0,0.5,46,5,False,0.3596973945828332,0.42005646008403363,0.55,0.625,0.46808510638297873,False,True,0,0,0.4,5,37,0.11904761904761904,0.8947368421052632,19,0.0,0.0,0.0,0.0,0.8548034387078494
deletion,0.0,0.7,,overlap,1.0,0.5,46,6,False,0.4195850760123128,0.4956344503261831,0.5,0.6333333333333333,0.43859649122807015,False,True,0,0,0.4,8,33,0.1951219512195122,0.85,27,0.0,0.0,0.0,0.0,0.9201414617731012
deletion,0.0,0.7,,overlap,1.0,0.5,46,7,False,0.4521888070092346,0.5404758377446373,0.5,0.65625,0.4098360655737705,False,True,0,0,0.4,11,34,0.24444444444444444,0.85,38,0.0,0.0,0.0,0.0,0.9769172399190739
deletion,0.0,0.7,,overlap,1.0,0.5,46,8,False,0.47664160525692595,0.574106878308478,0.5,0.6571428571428571,0.4,False,True,0,0,0.5,8,40,0.16666666666666666,0.85,46,0.0,0.0,0.0,0.0,0.9879951949022971
deletion,0.0,0.7,,overlap,1.0,0.5,46,9,False,0.5012312039426945,0.5993301587313584,0.45,0.6666666666666666,0.38571428571428573,False,True,0,0,0.5,7,35,0.16666666666666666,0.85,53,0.0,0.0,0.0,0.0,0.9610639056421494
deletion,0.0,0.7,,overlap,1.0,0.5,46,10,False,0.5098519743855923,0.6119976190485188,0.3,0.6521739130434783,0.38461538461538464,False,True,0,0,0.6,6,33,0.15384615384615385,0.7,59,0.0,0.0,0.0,0.0,0.9839293174950761
deletion,0.0,0.7,,overlap,1.0,0.5,46,11,False,0.48596040936062274,0.5839982142863891,0.3,0.6666666666666666,0.36585365853658536,False,True,0,0,0.7,10,33,0.23255813953488372,0.7,69,0.0,0.0,0.0,0.0,0.9548098287483026
deletion,0.0,0.7,,overlap,1.0,0.5,46,12,False,0.46804173559189566,0.5629986607147919,0.3,0.673469387755102,0.3563218390804598,False,True,0,0,1.0,13,34,0.2765957446808511,0.75,82,0.0,0.0,0.0,0.0,0.9861119118815862
deletion,0.0,0.7,,overlap,1.0,0.5,46,13,False,0.48228130169392175,0.5534989955360939,0.3,0.6862745098039216,0.34065934065934067,False,True,0,0,1.0,23,18,0.5609756097560976,0.65,105,0.0,0.0,0.0,0.0,0.947757110675153
deletion,0.0,0.7,,overlap,1.0,0.5,46,14,False,0.4804609762704413,0.5338742466520705,0.2,0.6842105263157895,0.336734693877551,False,True,0,0,1.0,25,14,0.6410256410256411,0.6,130,0.0,0.0,0.0,0.0,0.9586821557939904
deletion,0.0,0.7,,overlap,1.0,0.5,46,15,False,0.460345732202831,0.5004056849890529,0.05,0.65625,0.34579439252336447,False,True,0,0,1.0,18,20,0.47368421052631576,0.6,148,0.0,0.0,0.0,0.0,0.9623819941022964
deletion,0.0,0.7,,overlap,1.0,0.5,46,16,False,0.42650929915212327,0.4565542637417897,0.05,0.6716417910447762,0.33035714285714285,False,True,0,0,1.0,22,30,0.4230769230769231,0.55,170,0.0,0.0,0.0,0.0,0.9750325735145612
deletion,0.0,0.7,,overlap,1.0,0.5,46,17,False,0.39488197436409245,0.4174156978063423,0.05,0.647887323943662,0.33613445378151263,False,True,0,0,1.0,23,21,0.5227272727272727,0.55,193,0.0,0.0,0.0,0.0,0.9939488743387569
deletion,0.0,0.7,,overlap,1.0,0.5,46,18,False,0.3711614807730693,0.3880617733547567,0.05,0.6527777777777778,0.32786885245901637,False,True,0,0,1.0,25,21,0.5434782608695652,0.6,218,0.0,0.0,0.0,0.0,0.9989553642546716
deletion,0.0,0.7,,overlap,1.0,0.5,46,19,False,0.359621110579802,0.37229633001606754,0.0,0.6578947368421053,0.3153846153846154,False,True,0,0,1.0,17,16,0.5151515151515151,0.75,235,0.0,0.0,0.0,0.0,0.9994749848265634
deletion,0.0,0.7,,overlap,1.0,0.5,46,20,False,0.36346583293485146,0.37297224751205066,0.0,0.6829268292682927,0.3014705882352941,False,True,0,0,1.0,28,13,0.6829268292682927,0.45,263,0.0,0.0,0.0,0.0,0.9998154278921195
deletion,0.0,0.7,,overlap,1.0,0.5,46,21,False,0.3288493747011386,0.335979185634038,0.0,0.6867469879518072,0.2887323943661972,False,True,0,0,1.0,19,20,0.48717948717948717,0.55,282,0.0,0.0,0.0,0.0,0.9999076706106381
deletion,0.0,0.7,,overlap,1.0,0.5,46,22,False,0.3153870310258539,0.32073438922552855,0.0,0.6777777777777778,0.29931972789115646,False,True,0,0,1.0,22,22,0.5,0.5,304,0.0,0.0,0.0,0.0,0.9999814140475506
deletion,0.0,0.7,,overlap,1.0,0.5,46,23,False,0.2990402732693905,0.3030507919191464,0.0,0.6914893617021277,0.2838709677419355,False,True,0,0,1.0,22,21,0.5116279069767442,0.45,326,0.0,0.0,0.0,0.0,0.9999924586603101
deletion,0.0,0.7,,overlap,1.0,0.5,46,24,False,0.2805302049520429,0.2835380939393598,0.0,0.696969696969697,0.2822085889570552,False,True,0,0,1.0,22,19,0.5365853658536586,0.4,348,0.0,0.0,0.0,0.0,0.9999963312809375
deletion,0.0,0.7,,overlap,1.0,0.5,46,25,False,0.2603976537140321,0.26265357045451987,0.0,0.7115384615384616,0.27485380116959063,False,True,0,0,1.0,23,21,0.5227272727272727,0.35,371,0.0,0.0,0.0,0.0,0.9999979539950898
deletion,0.0,0.7,,overlap,1.0,0.5,46,26,False,0.23904824028552413,0.2407401778408899,0.0,0.7027027027027027,0.2808988764044944,False,True,0,0,1.0,23,16,0.5897435897435898,0.55,394,0.0,0.0,0.0,0.0,0.999998730138506
deletion,0.0,0.7,,overlap,1.0,0.5,46,27,False,0.2480361802141431,0.24930513338066743,0.0,0.7068965517241379,0.27717391304347827,False,True,0,0,1.0,17,25,0.40476190476190477,0.65,411,0.0,0.0,0.0,0.0,0.9999988230886261
deletion,0.0,0.7,,overlap,1.0,0.5,46,28,False,0.2672771351606073,0.26822885003550057,0.0,0.7049180327868853,0.2774869109947644,False,True,0,0,1.0,23,17,0.575,0.4,434,0.0,0.0,0.0,0.0,0.9999995730133195
deletion,0.0,0.7,,overlap,1.0,0.5,46,29,False,0.2504578513704555,0.2511716375266254,0.0,0.712,0.27319587628865977,False,True,0,0,1.0,24,18,0.5714285714285714,0.4,458,0.0,0.0,0.0,0.0,0.9999998483859818
deletion,0.0,0.7,,overlap,1.0,0.5,46,30,False,0.23784338852784165,0.23837872814496908,0.0,0.7209302325581395,0.271356783919598,False,True,0,0,1.0,33,18,0.6470588235294118,0.55,491,0.0,0.0,0.0,0.0,0.9999999028456716
deletion,0.0,0.7,,overlap,1.0,0.5,46,31,False,0.2471325413958812,0.2475340461087268,0.0,0.7089552238805971,0.2780487804878049,False,True,0,0,1.0,23,18,0.5609756097560976,0.6,514,0.0,0.0,0.0,0.0,0.9999999042160643
deletion,0.0,0.7,,overlap,1.0,0.5,46,32,False,0.2603494060469109,0.26065053458154513,0.0,0.7,0.2830188679245283,False,True,0,0,1.0,20,15,0.5714285714285714,0.65,534,0.0,0.0,0.0,0.0,0.9999999061151332
deletion,0.0,0.7,,overlap,1.0,0.5,46,33,False,0.2765120545351832,0.27673790093615885,0.0,0.6917808219178082,0.2863636363636364,False,True,0,0,1.0,17,23,0.425,0.75,551,0.0,0.0,0.0,0.0,0.999999934339578
deletion,0.0,0.7,,overlap,1.0,0.5,46,34,False,0.3011340409013874,0.30130342570211915,0.0,0.697986577181208,0.28125,False,True,0,0,1.0,21,27,0.4375,0.65,572,0.0,0.0,0.0,0.0,0.9999999543605178
deletion,0.0,0.7,,overlap,1.0,0.5,46,35,False,0.30710053067604054,0.30722756927658934,0.0,0.7032258064516129,0.27705627705627706,False,True,0,0,1.0,13,23,0.3611111111111111,0.45,585,0.0,0.0,0.0,0.0,0.999999954487502
deletion,0.0,0.7,,overlap,1.0,0.5,46,36,False,0.2865753980070304,0.286670676957442,0.0,0.710691823899371,0.2754237288135593,False,True,0,0,1.0,20,13,0.6060606060606061,0.35,605,0.0,0.0,0.0,0.0,0.9999999681446138
deletion,0.0,0.7,,overlap,1.0,0.5,46,37,False,0.2586815485052728,0.2587530077180815,0.0,0.7073170731707317,0.2757201646090535,False,True,0,0,1.0,19,26,0.4222222222222222,0.6,624,0.0,0.0,0.0,0.0,0.9999999777084237
deletion,0.0,0.7,,overlap,1.0,0.5,46,38,False,0.2690111613789546,0.26906475578856115,0.0,0.7023809523809523,0.27710843373493976,False,True,0,0,1.0,21,21,0.5,0.5,645,0.0,0.0,0.0,0.0,0.9999999923525467
deletion,0.0,0.7,,overlap,1.0,0.5,46,39,False,0.26425837103421596,0.26429856684142083,0.0,0.7068965517241379,0.2766798418972332,False,True,0,0,1.0,20,20,0.5,0.65,665,0.0,0.0,0.0,0.0,0.9999999923550783
deletion,0.0,0.7,,overlap,1.0,0.5,47,0,False,0.0,0.0,0.0,0.0,1.0,False,True,0,0,0.1,0,0,0.0,0.0,0,0.0,0.0,0.0,0.0,0.0
deletion,0.0,0.7,,overlap,1.0,0.5,47,1,False,0.0,0.0,0.3333333333333333,0.3333333333333333,0.84,False,True,0,0,0.2,0,40,0.0,0.0,0,0.0,0.0,0.0,0.0,0.04117714999999998
deletion,0.0,0.7,,overlap,1.0,0.5,47,2,False,0.08333333333333333,0.08333333333333333,0.4666666666666667,0.4666666666666667,0.7419354838709677,False,True,0,0,0.2,0,38,0.0,0.0,0,0.0,0.0,0.0,0.0,0.17742222526017498
deletion,0.0,0.7,,overlap,1.0,0.5,47,3,False,0.17916666666666667,0.17916666666666667,0.5,0.5,0.631578947368421,False,True,0,0,0.2,0,37,0.0,0.0,0,0.0,0.0,0.0,0.0,0.17513963646602082
deletion,0.0,0.7,,overlap,1.0,0.5,47,4,False,0.259375,0.259375,0.55,0.5714285714285714,0.5454545454545454,False,True,0,0,0.3,0,38,0.0,0.0,0,0.0,0.0,0.0,0.0,0.17502346870084412
deletion,0.0,0.7,,overlap,1.0,0.5,47,5,False,0.33203125,0.33203125,0.55,0.5909090909090909,0.5434782608695652,False,True,0,0,0.4,0,44,0.0,0.0,0,0.0,0.0,0.0,0.0,0.15668396469782042
deletion,0.0,0.7,,overlap,1.0,0.5,47,6,False,0.3865234375,0.3865234375,0.5,0.6296296296296297,0.5,False,True,0,0,0.4,1,40,0.024390243902439025,0.0,1,0.0,0.0,0.0,0.0,0.07198699757205039
deletion,0.0,0.7,,overlap,1.0,0.5,47,7,False,0.3970354352678572,0.414892578125,0.5,0.6551724137931034,0.46551724137931033,False,True,0,0,0.5,2,40,0.047619047619047616,0.6666666666666666,3,0.0,0.0,0.0,0.0,0.5141078283495429
deletion,0.0,0.7,,overlap,1.0,0.5,47,8,False,0.4317051478794643,0.45700276692708336,0.4,0.6470588235294118,0.4375,False,True,0,0,0.7,11,34,0.24444444444444444,0.5,14,0.0,0.0,0.0,0.0,0.874258193214669
deletion,0.0,0.7,,overlap,1.0,0.5,47,9,False,0.4309217180524554,0.4552520751953125,0.4,0.6923076923076923,0.410958904109589,False,True,0,0,0.7,15,26,0.36585365853658536,0.65,29,0.0,0.0,0.0,0.0,0.8951177608132378
deletion,0.0,0.7,,overlap,1.0,0.5,47,10,False,0.44104843139648436,0.4726890563964844,0.3,0.6744186046511628,0.4177215189873418,False,True,0,0,0.8,12,29,0.2926829268292683,0.65,41,0.0,0.0,0.0,0.0,0.9532871273232653
deletion,0.0,0.7,,overlap,1.0,0.5,47,11,False,0.4370363235473634,0.47326679229736335,0.25,0.6739130434782609,0.4,False,True,0,0,0.9,13,32,0.28888888888888886,0.55,54,0.0,0.0,0.0,0.0,0.9656222446376166
deletion,0.0,0.7,,overlap,1.0,0.5,47,12,False,0.4224200998033796,0.45495009422302246,0.25,0.6938775510204082,0.37777777777777777,False,True,0,0,0.9,17,27,0.38636363636363635,0.7,71,0.0,0.0,0.0,0.0,0.9655894811585224
deletion,0.0,0.7,,overlap,1.0,0.5,47,13,False,0.4275293605668204,0.45996257066726687,0.2,0.6923076923076923,0.3673469387755102,False,True,0,0,0.9,17,26,0.3953488372093023,0.55,88,0.0,0.0,0.0,0.0,0.9902906445552541
deletion,0.0,0.7,,overlap,1.0,0.5,47,14,False,0.40814702042511536,0.4387219280004502,0.2,0.7192982456140351,0.34951456310679613,False,True,0,0,0.9,20,22,0.47619047619047616,0.5,108,0.0,0.0,0.0,0.0,0.9960468566702227
deletion,0.0,0.7,,overlap,1.0,0.5,47,15,False,0.3882531224616937,0.4165414460003376,0.05,0.6984126984126984,0.3577981651376147,False,True,0,0,1.0,19,24,0.4418604651162791,0.65,127,0.0,0.0,0.0,0.0,0.9984733891744703
deletion,0.0,0.7,,overlap,1.0,0.5,47,16,False,0.37868984184627025,0.3999060845002532,0.05,0.7058823529411765,0.3559322033898305,False,True,0,0,1.0,26,15,0.6341463414634146,0.6,153,0.0,0.0,0.0,0.0,0.9820039268746099
deletion,0.0,0.7,,overlap,1.0,0.5,47,17,False,0.3652673813847027,0.38117956337518993,0.0,0.7105263157894737,0.3467741935483871,False,True,0,0,1.0,24,14,0.631578947368421,0.55,177,0.0,0.0,0.0,0.0,0.9936041968411381
deletion,0.0,0.7,,overlap,1.0,0.5,47,18,False,0.342700536038527,0.35463467253139247,0.0,0.7088607594936709,0.3384615384615385,False,True,0,0,1.0,18,25,0.4186046511627907,0.45,195,0.0,0.0,0.0,0.0,0.9975573668889218
deletion,0.0,0.7,,overlap,1.0,0.5,47,19,False,0.3132754020288953,0.3222260043985444,0.0,0.7045454545454546,0.34057971014492755,False,True,0,0,1.0,22,13,0.6285714285714286,0.7,217,0.0,0.0,0.0,0.0,0.9987336835240074
deletion,0.0,0.7,,overlap,1.0,0.5,47,20,False,0.32245655152167146,0.32916950329890826,0.0,0.7083333333333334,0.3310810810810811,False,True,0,0,1.0,15,16,0.4838709677419355,0.4,232,0.0,0.0,0.0,0.0,0.9992524026269072
deletion,0.0,0.7,,overlap,1.0,0.5,47,21,False,0.29184241364125363,0.2968771274741812,0.0,0.7115384615384616,0.32903225806451614,False,True,0,0,1.0,17,19,0.4722222222222222,0.3,249,0.0,0.0,0.0,0.0,0.9993351349095375
deletion,0.0,0.7,,overlap,1.0,0.5,47,22,False,0.2563818102309402,0.2601578456056359,0.0,0.7090909090909091,0.32515337423312884,False,True,0,0,1.0,21,19,0.525,0.5,270,0.0,0.0,0.0,0.0,0.9997584872943002
deletion,0.0,0.7,,overlap,1.0,0.5,47,23,False,0.2547863576732051,0.2576183842042269,0.0,0.6923076923076923,0.3391812865497076,False,True,0,0,1.0,21,18,0.5384615384615384,0.55,291,0.0,0.0,0.0,0.0,0.9998987692270346
deletion,0.0,0.7,,overlap,1.0,0.5,47,24,False,0.25983976825490385,0.2619637881531702,0.0,0.6942148760330579,0.3352272727272727,False,True,0,0,1.0,21,18,0.5384615384615384,0.4,312,0.0,0.0,0.0,0.0,0.9999295537966167
deletion,0.0,0.7,,overlap,1.0,0.5,47,25,False,0.2448798261911779,0.2464728411148776,0.0,0.6850393700787402,0.34054054054054056,False,True,0,0,1.0,19,20,0.48717948717948717,0.7,331,0.0,0.0,0.0,0.0,0.99996544367814
deletion,0.0,0.7,,overlap,1.0,0.5,47,26,False,0.2711598696433834,0.2723546308361582,0.0,0.696969696969697,0.33157894736842103,False,True,0,0,1.0,17,24,0.4146341463414634,0.75,348,0.0,0.0,0.0,0.0,0.999980760642174
deletion,0.0,0.7,,overlap,1.0,0.5,47,27,False,0.29711990223253754,0.29801597312711864,0.0,0.6911764705882353,0.33505154639175255,False,True,0,0,1.0,26,23,0.5306122448979592,0.55,374,0.0,0.0,0.0,0.0,0.9999957041158198
deletion,0.0,0.7,,overlap,1.0,0.5,47,28,False,0.29158992667440314,0.29226197984533897,0.0,0.6805555555555556,0.3415841584158416,False,True,0,0,1.0,20,18,0.5263157894736842,0.45,394,0.0,0.0,0.0,0.0,0.999998602673149
deletion,0.0,0.7,,overlap,1.0,0.5,47,29,False,0.2749424450058024,0.27544648488400425,0.0,0.6711409395973155,0.34782608695652173,False,True,0,0,1.0,24,18,0.5714285714285714,0.65,418,0.0,0.0,0.0,0.0,0.999999489763413
deletion,0.0,0.7,,overlap,1.0,0.5,47,30,False,0.2874568337543518,0.2878348636630032,0.0,0.6645161290322581,0.3440366972477064,False,True,0,0,1.0,24,11,0.6857142857142857,0.45,442,0.0,0.0,0.0,0.0,0.9999995217859361
deletion,0.0,0.7,,overlap,1.0,0.5,47,31,False,0.27184262531576386,0.2721261477472524,0.0,0.6727272727272727,0.3407079646017699,False,True,0,0,1.0,20,16,0.5555555555555556,0.45,462,0.0,0.0,0.0,0.0,0.9999995734704245
deletion,0.0,0.7,,overlap,1.0,0.5,47,32,False,0.2601319689868229,0.2603446108104393,0.0,0.6705882352941176,0.33617021276595743,False,True,0,0,1.0,18,18,0.5,0.55,480,0.0,0.0,0.0,0.0,0.999999790823478
deletion,0.0,0.7,,overlap,1.0,0.5,47,33,False,0.2638489767401172,0.26400845810782947,0.0,0.6724137931034483,0.3333333333333333,False,True,0,0,1.0,26,22,0.5416666666666666,0.5,506,0.0,0.0,0.0,0.0,0.9999998574442539
deletion,0.0,0.7,,overlap,1.0,0.5,47,34,False,0.2603867325550879,0.2605063435808721,0.0,0.6779661016949152,0.32653061224489793,False,True,0,0,1.0,22,23,0.4888888888888889,0.45,528,0.0,0.0,0.0,0.0,0.9999999304951034
deletion,0.0,0.7,,overlap,1.0,0.5,47,35,False,0.2515400494163159,0.2516297576856541,0.0,0.6775956284153005,0.328,False,True,0,0,1.0,22,19,0.5365853658536586,0.55,550,0.0,0.0,0.0,0.0,0.9999999917173439
deletion,0.0,0.7,,overlap,1.0,0.5,47,36,False,0.2574050370622369,0.25747231826424055,0.0,0.6827956989247311,0.3241106719367589,False,True,0,0,1.0,18,23,0.43902439024390244,0.6,568,0.0,0.0,0.0,0.0,0.9999999959679403
deletion,0.0,0.7,,overlap,1.0,0.5,47,37,False,0.2680537777966777,0.2681042386981804,0.0,0.6825396825396826,0.32170542635658916,False,True,0,0,1.0,21,22,0.4883720930232558,0.55,589,0.0,0.0,0.0,0.0,0.999999998613934
deletion,0.0,0.7,,overlap,1.0,0.5,47,38,False,0.2697903333475083,0.2698281790236353,0.0,0.6858638743455497,0.31679389312977096,False,True,0,0,1.0,28,23,0.5490196078431373,0.55,617,0.0,0.0,0.0,0.0,0.9999999995247085
deletion,0.0,0.7,,overlap,1.0,0.5,47,39,False,0.2710927500106312,0.2711211342677265,0.0,0.6787564766839378,0.3159851301115242,False,True,0,0,1.0,16,26,0.38095238095238093,0.45,633,0.0,0.0,0.0,0.0,0.9999999995273307
deletion,0.0,0.7,,overlap,1.0,0.5,48,0,False,0.0,0.0,0.0,0.0,1.0,False,True,0,0,0.0,0,0,0.0,0.0,0,0.0,0.0,0.0,0.0,0.0
deletion,0.0,0.7,,overlap,1.0,0.5,48,1,False,0.0,0.0,0.3,0.3,0.8636363636363636,False,True,0,0,0.0,0,45,0.0,0.0,0,0.0,0.0,0.0,0.0,0.0
deletion,0.0,0.7,,overlap,1.0,0.5,48,2,False,0.075,0.075,0.3333333333333333,0.3333333333333333,0.7407407407407407,False,True,0,0,0.1,0,43,0.0,0.0,0,0.0,0.0,0.0,0.0,0.0
deletion,0.0,0.7,,overlap,1.0,0.5,48,3,False,0.13958333333333334,0.13958333333333334,0.5,0.5,0.6060606060606061,False,True,0,0,0.3,0,40,0.0,0.0,0,0.0,0.0,0.0,0.0,0.12004999999999996
deletion,0.0,0.7,,overlap,1.0,0.5,48,4,False,0.2296875,0.2296875,0.5789473684210527,0.5789473684210527,0.5555555555555556,False,True,0,0,0.4,1,44,0.022222222222222223,1.0,1,0.0,0.0,0.0,0.0,0.030676976749999987
deletion,0.0,0.7,,overlap,1.0,0.5,48,5,False,0.33204006109022555,0.36963404605263156,0.5789473684210527,0.5789473684210527,0.5555555555555556,False,True,0,0,0.5,3,42,0.06666666666666667,1.0,4,0.0,0.0,0.0,0.0,0.5639682456962339
deletion,0.0,0.7,,overlap,1.0,0.5,48,6,False,0.4163232789003759,0.47459395559210527,0.55,0.6086956521739131,0.4782608695652174,False,True,0,0,0.7,7,31,0.18421052631578946,1.0,11,0.0,0.0,0.0,0.0,0.831280191890291
deletion,0.0,0.7,,overlap,1.0,0.5,48,7,False,0.4818853163181391,0.549695466694079,0.5,0.6153846153846154,0.46938775510204084,False,True,0,0,0.8,12,38,0.24,0.85,23,0.0,0.0,0.0,0.0,0.9254075446830968
deletion,0.0,0.7,,overlap,1.0,0.5,48,8,False,0.5176639872386043,0.5810216000205592,0.4,0.6,0.45614035087719296,False,True,0,0,0.9,17,30,0.3617021276595745,0.6,40,0.0,0.0,0.0,0.0,0.9452399319101346
deletion,0.0,0.7,,overlap,1.0,0.5,48,9,False,0.5096765618575246,0.5607662000154194,0.4,0.6363636363636364,0.43548387096774194,False,True,0,0,1.0,19,28,0.40425531914893614,0.75,59,0.0,0.0,0.0,0.0,0.944503261127159
deletion,0.0,0.7,,overlap,1.0,0.5,48,10,False,0.5260074213931435,0.5643246500115646,0.25,0.5945945945945946,0.42857142857142855,False,True,0,0,1.0,21,20,0.5121951219512195,0.65,80,0.0,0.0,0.0,0.0,0.9647415898317355
deletion,0.0,0.7,,overlap,1.0,0.5,48,11,False,0.5070055660448577,0.5357434875086735,0.1,0.5909090909090909,0.4125,False,True,0,0,1.0,13,23,0.3611111111111111,0.5,93,0.0,0.0,0.0,0.0,0.9755140167694119
deletion,0.0,0.7,,overlap,1.0,0.5,48,12,False,0.45525417453364325,0.47680761563150514,0.05,0.5957446808510638,0.3953488372093023,False,True,0,0,1.0,19,23,0.4523809523809524,0.5,112,0.0,0.0,0.0,0.0,0.9894738730217976
deletion,0.0,0.7,,overlap,1.0,0.5,48,13,False,0.41019063090023244,0.42635571172362885,0.0,0.6296296296296297,0.3804347826086957,False,True,0,0,1.0,24,18,0.5714285714285714,0.65,136,0.0,0.0,0.0,0.0,0.9916439520771329
deletion,0.0,0.7,,overlap,1.0,0.5,48,14,False,0.38889297317517435,0.4010167837927216,0.0,0.5964912280701754,0.3958333333333333,False,True,0,0,1.0,21,26,0.44680851063829785,0.75,157,0.0,0.0,0.0,0.0,0.997476471680138
deletion,0.0,0.7,,overlap,1.0,0.5,48,15,False,0.38541972988138073,0.3945125878445412,0.0,0.6229508196721312,0.37623762376237624,False,True,0,0,1.0,24,26,0.48,0.45,181,0.0,0.0,0.0,0.0,0.9990999770226191
deletion,0.0,0.7,,overlap,1.0,0.5,48,16,False,0.34531479741103555,0.3521344408834059,0.0,0.6,0.3761467889908257,False,True,0,0,1.0,25,16,0.6097560975609756,0.5,206,0.0,0.0,0.0,0.0,0.9994922310329037
deletion,0.0,0.7,,overlap,1.0,0.5,48,17,False,0.32148609805827666,0.3266008306625544,0.0,0.6142857142857143,0.3684210526315789,False,True,0,0,1.0,20,23,0.46511627906976744,0.45,226,0.0,0.0,0.0,0.0,0.9997642442587014
deletion,0.0,0.7,,overlap,1.0,0.5,48,18,False,0.2973645735437075,0.3012006229969158,0.0,0.6301369863013698,0.3697478991596639,False,True,0,0,1.0,27,18,0.6,0.65,253,0.0,0.0,0.0,0.0,0.9999231564608688
deletion,0.0,0.7,,overlap,1.0,0.5,48,19,False,0.30427343015778063,0.30715046724768685,0.0,0.6419753086419753,0.352,False,True,0,0,1.0,17,16,0.5151515151515151,0.55,270,0.0,0.0,0.0,0.0,0.9999346283627762
deletion,0.0,0.7,,overlap,1.0,0.5,48,20,False,0.2969550726183355,0.2991128504357652,0.0,0.6352941176470588,0.35384615384615387,False,True,0,0,1.0,19,22,0.4634146341463415,0.4,289,0.0,0.0,0.0,0.0,0.9999831735626721
deletion,0.0,0.7,,overlap,1.0,0.5,48,21,False,0.2727163044637516,0.2743346378268239,0.0,0.6292134831460674,0.35555555555555557,False,True,0,0,1.0,16,11,0.5925925925925926,0.45,305,0.0,0.0,0.0,0.0,0.9999929377345419
deletion,0.0,0.7,,overlap,1.0,0.5,48,22,False,0.2607872283478137,0.26200097837011793,0.0,0.6276595744680851,0.3541666666666667,False,True,0,0,1.0,20,21,0.4878048780487805,0.4,325,0.0,0.0,0.0,0.0,0.9999963721320378
deletion,0.0,0.7,,overlap,1.0,0.5,48,23,False,0.2455904212608603,0.24650073377758847,0.0,0.63,0.35333333333333333,False,True,0,0,1.0,19,25,0.4318181818181818,0.75,344,0.0,0.0,0.0,0.0,0.9999987447740288
deletion,0.0,0.7,,overlap,1.0,0.5,48,24,False,0.27794281594564524,0.27862555033319136,0.0,0.6310679611650486,0.34615384615384615,False,True,0,0,1.0,21,20,0.5121951219512195,0.35,365,0.0,0.0,0.0,0.0,0.9999992643648448
deletion,0.0,0.7,,overlap,1.0,0.5,48,25,False,0.2522071119592339,0.25271916274989353,0.0,0.6422018348623854,0.3395061728395062,False,True,0,0,1.0,14,17,0.45161290322580644,0.35,379,0.0,0.0,0.0,0.0,0.9999994961670862
deletion,0.0,0.7,,overlap,1.0,0.5,48,26,False,0.23290533396942545,0.23328937206242017,0.0,0.6434782608695652,0.3392857142857143,False,True,0,0,1.0,19,26,0.4222222222222222,0.35,398,0.0,0.0,0.0,0.0,0.9999995598024123
deletion,0.0,0.7,,overlap,1.0,0.5,48,27,False,0.2184290004770691,0.21871702904681511,0.0,0.6475409836065574,0.3352272727272727,False,True,0,0,1.0,20,22,0.47619047619047616,0.55,418,0.0,0.0,0.0,0.0,0.9999997164085996
deletion,0.0,0.7,,overlap,1.0,0.5,48,28,False,0.2325717503578018,0.23278777178511134,0.0,0.6349206349206349,0.33513513513513515,False,True,0,0,1.0,30,16,0.6521739130434783,0.4,448,0.0,0.0,0.0,0.0,0.9999999040517163
deletion,0.0,0.7,,overlap,1.0,0.5,48,29,False,0.22442881276835136,0.22459082883883352,0.0,0.6434108527131783,0.3333333333333333,False,True,0,0,1.0,22,22,0.5,0.4,470,0.0,0.0,0.0,0.0,0.9999999537131117
deletion,0.0,0.7,,overlap,1.0,0.5,48,30,False,0.21832160957626354,0.21844312162912516,0.0,0.6370370370370371,0.3384615384615385,False,True,0,0,1.0,29,14,0.6744186046511628,0.4,499,0.0,0.0,0.0,0.0,0.9999999887121925
deletion,0.0,0.7,,overlap,1.0,0.5,48,31,False,0.21374120718219763,0.21383234122184386,0.0,0.6267605633802817,0.3463414634146341,False,True,0,0,1.0,15,18,0.45454545454545453,0.4,514,0.0,0.0,0.0,0.0,0.9999999972631507
deletion,0.0,0.7,,overlap,1.0,0.5,48,32,False,0.21030590538664823,0.21037425591638287,0.0,0.6326530612244898,0.3412322274881517,False,True,0,0,1.0,16,23,0.41025641025641024,0.35,530,0.0,0.0,0.0,0.0,0.9999999973214864
deletion,0.0,0.7,,overlap,1.0,0.5,48,33,False,0.20147942903998617,0.20153069193728718,0.0,0.6375838926174496,0.3333333333333333,False,True,0,0,1.0,22,23,0.4888888888888889,0.55,552,0.0,0.0,0.0,0.0,0.999999997366697
deletion,0.0,0.7,,overlap,1.0,0.5,48,34,False,0.21985957177998963,0.21989801895296537,0.0,0.6410256410256411,0.33183856502242154,False,True,0,0,1.0,19,18,0.5135135135135135,0.5,571,0.0,0.0,0.0,0.0,0.999999998160148
deletion,0.0,0.7,,overlap,1.0,0.5,48,35,False,0.22739467883499223,0.22742351421472404,0.0,0.6521739130434783,0.3217391304347826,False,True,0,0,1.0,15,23,0.39473684210526316,0.2,586,0.0,0.0,0.0,0.0,0.9999999981632495
deletion,0.0,0.7,,overlap,1.0,0.5,48,36,False,0.19554600912624417,0.19556763566104302,0.0,0.6545454545454545,0.3179916317991632,False,True,0,0,1.0,24,17,0.5853658536585366,0.4,610,0.0,0.0,0.0,0.0,0.9999999981642353
deletion,0.0,0.7,,overlap,1.0,0.5,48,37,False,0.1966595068446831,0.19667572674578226,0.0,0.6647398843930635,0.3157894736842105,False,True,0,0,1.0,21,16,0.5675675675675675,0.5,631,0.0,0.0,0.0,0.0,0.9999999987151096
deletion,0.0,0.7,,overlap,1.0,0.5,48,38,False,0.20999463013351236,0.2100067950593367,0.0,0.6647727272727273,0.3107569721115538,False,True,0,0,1.0,22,25,0.46808510638297873,0.6,653,0.0,0.0,0.0,0.0,0.9999999987152102
deletion,0.0,0.7,,overlap,1.0,0.5,48,39,False,0.23249597260013427,0.2325050962945025,0.0,0.6612021857923497,0.313953488372093,False,True,0,0,1.0,22,13,0.6285714285714286,0.45,675,0.0,0.0,0.0,0.0,0.9999999991006792
deletion,0.0,0.7,,overlap,1.0,0.5,49,0,False,0.0,0.0,0.0,0.0,1.0,False,True,0,0,0.1,0,0,0.0,0.0,0,0.0,0.0,0.0,0.0,0.0
deletion,0.0,0.7,,overlap,1.0,0.5,49,1,False,0.0,0.0,0.25,0.25,0.8076923076923077,False,True,0,0,0.1,0,42,0.0,0.0,0,0.0,0.0,0.0,0.0,0.04117714999999998
deletion,0.0,0.7,,overlap,1.0,0.5,49,2,False,0.0625,0.0625,0.45454545454545453,0.45454545454545453,0.6470588235294118,False,True,0,0,0.2,0,42,0.0,0.0,0,0.0,0.0,0.0,0.0,0.003391115364244997
deletion,0.0,0.7,,overlap,1.0,0.5,49,3,False,0.16051136363636362,0.16051136363636365,0.5384615384615384,0.5384615384615384,0.5945945945945946,False,True,0,0,0.3,0,45,0.0,0.0,0,0.0,0.0,0.0,0.0,0.04211524552621456
deletion,0.0,0.7,,overlap,1.0,0.5,49,4,False,0.25499890734265734,0.25499890734265734,0.5714285714285714,0.5714285714285714,0.5641025641025641,False,True,0,0,0.5,0,40,0.0,0.0,0,0.0,0.0,0.0,0.0,0.004946077926685607
deletion,0.0,0.7,,overlap,1.0,0.5,49,5,False,0.33410632336413587,0.33410632336413587,0.6,0.6,0.5476190476190477,False,True,0,0,0.6,1,44,0.022222222222222223,0.0,1,0.0,0.0,0.0,0.0,0.07461771660967538
deletion,0.0,0.7,,overlap,1.0,0.5,49,6,False,0.35772259966595904,0.4005797425231019,0.6666666666666666,0.6666666666666666,0.5111111111111111,False,True,0,0,0.6,1,45,0.021739130434782608,0.5,2,0.0,0.0,0.0,0.0,0.6598447598213311
deletion,0.0,0.7,,overlap,1.0,0.5,49,7,False,0.423053854511374,0.4671014735589931,0.65,0.6666666666666666,0.4528301886792453,False,True,0,0,0.8,4,35,0.10256410256410256,0.8333333333333334,6,0.0,0.0,0.0,0.0,0.8390841239219674
deletion,0.0,0.7,,overlap,1.0,0.5,49,8,False,0.4961594385025782,0.5357427718359116,0.65,0.6818181818181818,0.43103448275862066,False,True,0,0,0.9,14,33,0.2978723404255319,0.8,20,0.0,0.0,0.0,0.0,0.9325638140175596
deletion,0.0,0.7,,overlap,1.0,0.5,49,9,False,0.5506910074483622,0.5830570788769337,0.65,0.6956521739130435,0.43548387096774194,False,True,0,0,0.9,12,30,0.2857142857142857,0.6,32,0.0,0.0,0.0,0.0,0.9326732534131708
deletion,0.0,0.7,,overlap,1.0,0.5,49,10,False,0.5701611127291288,0.5935428091577003,0.6,0.7142857142857143,0.4264705882352941,False,True,0,0,0.9,15,26,0.36585365853658536,0.6,47,0.0,0.0,0.0,0.0,0.9662767435085206
deletion,0.0,0.7,,overlap,1.0,0.5,49,11,False,0.5776208345468465,0.5951571068682753,0.55,0.71875,0.3972602739726027,False,True,0,0,0.9,14,29,0.32558139534883723,0.55,61,0.0,0.0,0.0,0.0,0.9822586178285556
deletion,0.0,0.7,,overlap,1.0,0.5,49,12,False,0.5707156259101349,0.5838678301512065,0.55,0.7352941176470589,0.37662337662337664,False,True,0,0,0.9,25,24,0.5102040816326531,0.55,86,0.0,0.0,0.0,0.0,0.9957424020916602
deletion,0.0,0.7,,overlap,1.0,0.5,49,13,False,0.5655367194326012,0.5754008726134048,0.4,0.6842105263157895,0.3855421686746988,False,True,0,0,0.9,13,28,0.3170731707317073,0.65,99,0.0,0.0,0.0,0.0,0.9979702659532178
deletion,0.0,0.7,,overlap,1.0,0.5,49,14,False,0.5509382538601652,0.5628006544600536,0.35,0.6666666666666666,0.38202247191011235,False,True,0,0,0.9,17,29,0.3695652173913043,0.6,116,0.0,0.0,0.0,0.0,0.9991446669040622
deletion,0.0,0.7,,overlap,1.0,0.5,49,15,False,0.5274894046808382,0.5408504908450402,0.3,0.6808510638297872,0.3829787234042553,False,True,0,0,0.9,23,23,0.5,0.7,139,0.0,0.0,0.0,0.0,0.9994806867826421
deletion,0.0,0.7,,overlap,1.0,0.5,49,16,False,0.5134741963677715,0.5306378681337802,0.25,0.6923076923076923,0.37,False,True,0,0,0.9,20,25,0.4444444444444444,0.7,159,0.0,0.0,0.0,0.0,0.9997202285181568
deletion,0.0,0.7,,overlap,1.0,0.5,49,17,False,0.49581993299011434,0.5167284011003351,0.2,0.6909090909090909,0.3619047619047619,False,True,0,0,0.9,22,25,0.46808510638297873,0.7,181,0.0,0.0,0.0,0.0,0.9998640122781892
deletion,0.0,0.7,,overlap,1.0,0.5,49,18,False,0.47543637831401425,0.5000463008252514,0.2,0.711864406779661,0.34545454545454546,False,True,0,0,0.9,24,19,0.5581395348837209,0.55,205,0.0,0.0,0.0,0.0,0.9999071563808586
deletion,0.0,0.7,,overlap,1.0,0.5,49,19,False,0.4440772837355107,0.4687847256189385,0.15,0.7096774193548387,0.34513274336283184,False,True,0,0,0.9,17,24,0.4146341463414634,0.65,222,0.0,0.0,0.0,0.0,0.9999547408980036
deletion,0.0,0.7,,overlap,1.0,0.5,49,20,False,0.4241293913730616,0.4515885442142039,0.1,0.703125,0.3418803418803419,False,True,0,0,0.9,19,25,0.4318181818181818,0.85,241,0.0,0.0,0.0,0.0,0.999984435671754
deletion,0.0,0.7,,overlap,1.0,0.5,49,21,False,0.4234541863869391,0.45744140816065293,0.1,0.7246376811594203,0.3252032520325203,False,True,0,0,0.9,14,22,0.3888888888888889,0.8,255,0.0,0.0,0.0,0.0,0.9999846613157055
deletion,0.0,0.7,,overlap,1.0,0.5,49,22,False,0.41759063979020433,0.45558105612048966,0.1,0.7397260273972602,0.31007751937984496,False,True,0,0,0.9,15,24,0.38461538461538464,0.55,270,0.0,0.0,0.0,0.0,0.9999893006771532
deletion,0.0,0.7,,overlap,1.0,0.5,49,23,False,0.38640726555693894,0.42293579209036725,0.1,0.75,0.3007518796992481,False,True,0,0,0.9,10,28,0.2631578947368421,0.65,280,0.0,0.0,0.0,0.0,0.9999925248526458
deletion,0.0,0.7,,overlap,1.0,0.5,49,24,False,0.37373402059627564,0.4109518440677754,0.0,0.7375,0.3006993006993007,False,True,0,0,1.0,9,23,0.28125,0.75,289,0.0,0.0,0.0,0.0,0.9999925332414603
deletion,0.0,0.7,,overlap,1.0,0.5,49,25,False,0.37405051544720674,0.4019638830508315,0.0,0.7011494252873564,0.3221476510067114,False,True,0,0,1.0,20,14,0.5882352941176471,0.6,309,0.0,0.0,0.0,0.0,0.9985860061702031
deletion,0.0,0.7,,overlap,1.0,0.5,49,26,False,0.3555378865854051,0.3764729122881237,0.0,0.7111111111111111,0.3116883116883117,False,True,0,0,1.0,12,35,0.2553191489361702,0.35,321,0.0,0.0,0.0,0.0,0.9999589734629708
deletion,0.0,0.7,,overlap,1.0,0.5,49,27,False,0.3104034149390538,0.3261046842160928,0.0,0.7244897959183674,0.30864197530864196,False,True,0,0,1.0,20,21,0.4878048780487805,0.5,341,0.0,0.0,0.0,0.0,0.9999977444589427
deletion,0.0,0.7,,overlap,1.0,0.5,49,28,False,0.2953025612042904,0.3070785131620696,0.0,0.7211538461538461,0.30357142857142855,False,True,0,0,1.0,17,23,0.425,0.5,358,0.0,0.0,0.0,0.0,0.9999988401798975
deletion,0.0,0.7,,overlap,1.0,0.5,49,29,False,0.2839769209032178,0.2928088848715522,0.0,0.7142857142857143,0.30857142857142855,False,True,0,0,1.0,19,17,0.5277777777777778,0.55,377,0.0,0.0,0.0,0.0,0.9999994466072396
deletion,0.0,0.7,,overlap,1.0,0.5,49,30,False,0.28173269067741336,0.2883566636536642,0.0,0.6974789915966386,0.31868131868131866,False,True,0,0,1.0,23,16,0.5897435897435898,0.6,400,0.0,0.0,0.0,0.0,0.9999998104305968
deletion,0.0,0.7,,overlap,1.0,0.5,49,31,False,0.28629951800806,0.2912674977402481,0.0,0.6692913385826772,0.33507853403141363,False,True,0,0,1.0,19,18,0.5135135135135135,0.5,419,0.0,0.0,0.0,0.0,0.9999999349431393
deletion,0.0,0.7,,overlap,1.0,0.5,49,32,False,0.277224638506045,0.2809506233051861,0.0,0.6641221374045801,0.3383838383838384,False,True,0,0,1.0,19,23,0.4523809523809524,0.55,438,0.0,0.0,0.0,0.0,0.999999968139407
deletion,0.0,0.7,,overlap,1.0,0.5,49,33,False,0.2766684788795338,0.27946296747888955,0.0,0.664179104477612,0.33497536945812806,False,True,0,0,1.0,18,27,0.4,0.7,456,0.0,0.0,0.0,0.0,0.9999999843942045
deletion,0.0,0.7,,overlap,1.0,0.5,49,34,False,0.29500135915965037,0.2970972256091672,0.0,0.6363636363636364,0.35046728971962615,False,True,0,0,1.0,17,16,0.5151515151515151,0.5,473,0.0,0.0,0.0,0.0,0.9999999946461934
deletion,0.0,0.7,,overlap,1.0,0.5,49,35,False,0.2837510193697378,0.28532291920687536,0.0,0.6418918918918919,0.34545454545454546,False,True,0,0,1.0,17,22,0.4358974358974359,0.45,490,0.0,0.0,0.0,0.0,0.9999999946480486
deletion,0.0,0.7,,overlap,1.0,0.5,49,36,False,0.26906326452730334,0.27024218940515654,0.0,0.6535947712418301,0.33480176211453744,False,True,0,0,1.0,15,27,0.35714285714285715,0.25,505,0.0,0.0,0.0,0.0,0.9999999973778915
deletion,0.0,0.7,,overlap,1.0,0.5,49,37,False,0.2330474483954775,0.2339316420538674,0.0,0.6518987341772152,0.33476394849785407,False,True,0,0,1.0,23,20,0.5348837209302325,0.45,528,0.0,0.0,0.0,0.0,0.9999999987152396
deletion,0.0,0.7,,overlap,1.0,0.5,49,38,False,0.23103558629660811,0.23169873154040055,0.0,0.6521739130434783,0.3319327731092437,False,True,0,0,1.0,22,25,0.46808510638297873,0.3,550,0.0,0.0,0.0,0.0,0.999999998715345
deletion,0.0,0.7,,overlap,1.0,0.5,49,39,False,0.21077668972245608,0.21127404865530042,0.0,0.6526946107784432,0.32926829268292684,False,True,0,0,1.0,18,19,0.4864864864864865,0.4,568,0.0,0.0,0.0,0.0,0.9999999991007522
deletion,0.0,0.7,,overlap,1.0,0.5,50,0,False,0.0,0.0,0.0,0.0,1.0,False,True,0,0,0.0,0,0,0.0,0.0,0,0.0,0.0,0.0,0.0,0.0
deletion,0.0,0.7,,overlap,1.0,0.5,50,1,False,0.0,0.0,0.21052631578947367,0.21052631578947367,0.8214285714285714,False,True,0,0,0.0,0,42,0.0,0.0,0,0.0,0.0,0.0,0.0,0.0
deletion,0.0,0.7,,overlap,1.0,0.5,50,2,False,0.05263157894736842,0.05263157894736842,0.1,0.3076923076923077,0.7222222222222222,False,True,0,0,0.0,0,38,0.0,0.0,0,0.0,0.0,0.0,0.0,0.0
deletion,0.0,0.7,,overlap,1.0,0.5,50,3,False,0.06447368421052632,0.06447368421052632,0.1,0.35714285714285715,0.6666666666666666,False,True,0,0,0.0,0,36,0.0,0.0,0,0.0,0.0,0.0,0.0,0.0
deletion,0.0,0.7,,overlap,1.0,0.5,50,4,False,0.07335526315789474,0.07335526315789474,0.1,0.4,0.5909090909090909,False,True,0,0,0.0,0,43,0.0,0.0,0,0.0,0.0,0.0,0.0,0.0
deletion,0.0,0.7,,overlap,1.0,0.5,50,5,False,0.08001644736842106,0.08001644736842106,0.1,0.41935483870967744,0.574468085106383,False,True,0,0,0.1,0,40,0.0,0.0,0,0.0,0.0,0.0,0.0,0.0
deletion,0.0,0.7,,overlap,1.0,0.5,50,6,False,0.08501233552631579,0.08501233552631579,0.1,0.41935483870967744,0.5576923076923077,False,True,0,0,0.1,0,42,0.0,0.0,0,0.0,0.0,0.0,0.0,0.0
deletion,0.0,0.7,,overlap,1.0,0.5,50,7,False,0.08875925164473683,0.08875925164473683,0.05,0.4444444444444444,0.5423728813559322,False,True,0,0,0.2,0,40,0.0,0.0,0,0.0,0.0,0.0,0.0,0.35
deletion,0.0,0.7,,overlap,1.0,0.5,50,8,False,0.07906943873355261,0.07906943873355261,0.05,0.48717948717948717,0.5,False,True,0,0,0.2,0,41,0.0,0.0,0,0.0,0.0,0.0,0.0,0.23502499999999998
deletion,0.0,0.7,,overlap,1.0,0.5,50,9,False,0.07180207905016446,0.07180207905016446,0.05,0.5227272727272727,0.4647887323943662,False,True,0,0,0.3,0,39,0.0,0.0,0,0.0,0.0,0.0,0.0,0.195588575
deletion,0.0,0.7,,overlap,1.0,0.5,50,10,False,0.06635155928762335,0.06635155928762335,0.0,0.5217391304347826,0.45454545454545453,False,True,0,0,0.3,0,45,0.0,0.0,0,0.0,0.0,0.0,0.0,0.15255904999999997
deletion,0.0,0.7,,overlap,1.0,0.5,50,11,False,0.04976366946571751,0.04976366946571751,0.0,0.5416666666666666,0.4375,False,True,0,0,0.5,0,42,0.0,0.0,0,0.0,0.0,0.0,0.0,0.13129133499999998
deletion,0.0,0.7,,overlap,1.0,0.5,50,12,False,0.037322752099288134,0.037322752099288134,0.0,0.5686274509803921,0.4069767441860465,False,True,0,0,0.5,1,39,0.025,1.0,1,0.0,0.0,0.0,0.0,0.15974302407284896
deletion,0.0,0.7,,overlap,1.0,0.5,50,13,False,0.09942063550303752,0.1529920640744661,0.0,0.5892857142857143,0.3829787234042553,False,True,0,0,0.8,4,33,0.10810810810810811,0.2,5,0.0,0.0,0.0,0.0,0.3666523517929489
deletion,0.0,0.7,,overlap,1.0,0.5,50,14,False,0.09599404805584957,0.13974404805584958,0.0,0.576271186440678,0.3939393939393939,False,True,0,0,0.8,14,29,0.32558139534883723,0.2631578947368421,19,0.0,0.0,0.0,0.0,0.7049142687291813
deletion,0.0,0.7,,overlap,1.0,0.5,50,15,False,0.10019102476369168,0.13770277288399244,0.0,0.5846153846153846,0.37735849056603776,False,True,0,0,1.0,11,30,0.2682926829268293,0.3,30,0.0,0.0,0.0,0.0,0.8280406899372224
deletion,0.0,0.7,,overlap,1.0,0.5,50,16,False,0.11264326857276875,0.14077707966299433,0.0,0.5797101449275363,0.375,False,True,0,0,1.0,22,21,0.5116279069767442,0.6,52,0.0,0.0,0.0,0.0,0.9260993441286699
deletion,0.0,0.7,,overlap,1.0,0.5,50,17,False,0.15948245142957654,0.18058280974724572,0.0,0.5866666666666667,0.3697478991596639,False,True,0,0,1.0,22,18,0.55,0.6,74,0.0,0.0,0.0,0.0,0.9577693575273036
deletion,0.0,0.7,,overlap,1.0,0.5,50,18,False,0.19461183857218242,0.2104371073104343,0.0,0.5949367088607594,0.36,False,True,0,0,1.0,20,22,0.47619047619047616,0.65,94,0.0,0.0,0.0,0.0,0.9705402583263346
deletion,0.0,0.7,,overlap,1.0,0.5,50,19,False,0.22720887892913683,0.23907783048282572,0.0,0.5747126436781609,0.37593984962406013,False,True,0,0,1.0,25,12,0.6756756756756757,0.6,119,0.0,0.0,0.0,0.0,0.9752235923226691
deletion,0.0,0.7,,overlap,1.0,0.5,50,20,False,0.24540665919685262,0.25430837286211927,0.0,0.5851063829787234,0.36879432624113473,False,True,0,0,1.0,14,19,0.42424242424242425,0.55,133,0.0,0.0,0.0,0.0,0.9785212248446647
deletion,0.0,0.7,,overlap,1.0,0.5,50,21,False,0.2528049943976395,0.25948127964658946,0.0,0.58,0.3691275167785235,False,True,0,0,1.0,19,19,0.5,0.55,152,0.0,0.0,0.0,0.0,0.9860506179496165
deletion,0.0,0.7,,overlap,1.0,0.5,50,22,False,0.2583537457982296,0.2633609597349421,0.0,0.5904761904761905,0.36129032258064514,False,True,0,0,1.0,23,15,0.6052631578947368,0.55,175,0.0,0.0,0.0,0.0,0.9905524105804254
deletion,0.0,0.7,,overlap,1.0,0.5,50,23,False,0.2625153093486722,0.2662707198012066,0.0,0.5981308411214953,0.3584905660377358,False,True,0,0,1.0,24,24,0.5,0.4,199,0.0,0.0,0.0,0.0,0.9976790613453528
deletion,0.0,0.7,,overlap,1.0,0.5,50,24,False,0.24688648201150415,0.24970303985090492,0.0,0.5892857142857143,0.3614457831325301,False,True,0,0,1.0,19,23,0.4523809523809524,0.5,218,0.0,0.0,0.0,0.0,0.9984221523276352
deletion,0.0,0.7,,overlap,1.0,0.5,50,25,False,0.2476648615086281,0.2497772798881787,0.0,0.5966386554621849,0.3563218390804598,False,True,0,0,1.0,21,17,0.5526315789473685,0.55,239,0.0,0.0,0.0,0.0,0.9984665153076845
deletion,0.0,0.7,,overlap,1.0,0.5,50,26,False,0.2544986461314711,0.25608295991613406,0.0,0.6048387096774194,0.35359116022099446,False,True,0,0,1.0,22,17,0.5641025641025641,0.5,261,0.0,0.0,0.0,0.0,0.9989281786625301
deletion,0.0,0.7,,overlap,1.0,0.5,50,27,False,0.25337398459860333,0.25456221993710054,0.0,0.608,0.34946236559139787,False,True,0,0,1.0,27,23,0.54,0.45,288,0.0,0.0,0.0,0.0,0.9996375951640248
deletion,0.0,0.7,,overlap,1.0,0.5,50,28,False,0.2462804884489525,0.24717166495282542,0.0,0.6230769230769231,0.3403141361256545,False,True,0,0,1.0,21,24,0.4666666666666667,0.55,309,0.0,0.0,0.0,0.0,0.9996401377954897
deletion,0.0,0.7,,overlap,1.0,0.5,50,29,False,0.2534603663367144,0.2541287487146191,0.0,0.6148148148148148,0.34517766497461927,False,True,0,0,1.0,16,17,0.48484848484848486,0.5,325,0.0,0.0,0.0,0.0,0.9998763166240824
deletion,0.0,0.7,,overlap,1.0,0.5,50,30,False,0.2525952747525358,0.2530965615359643,0.0,0.6214285714285714,0.3382352941176471,False,True,0,0,1.0,19,21,0.475,0.4,344,0.0,0.0,0.0,0.0,0.999913475642555
deletion,0.0,0.7,,overlap,1.0,0.5,50,31,False,0.23944645606440185,0.23982242115197322,0.0,0.6068965517241379,0.3459715639810427,False,True,0,0,1.0,25,16,0.6097560975609756,0.65,369,0.0,0.0,0.0,0.0,0.9999853013640099
deletion,0.0,0.7,,overlap,1.0,0.5,50,32,False,0.2608348420483014,0.2611168158639799,0.0,0.6122448979591837,0.3395348837209302,False,True,0,0,1.0,23,17,0.575,0.5,392,0.0,0.0,0.0,0.0,0.9999897258396979
deletion,0.0,0.7,,overlap,1.0,0.5,50,33,False,0.25812613153622604,0.25833761189798493,0.0,0.609271523178808,0.3393665158371041,False,True,0,0,1.0,22,24,0.4782608695652174,0.5,414,0.0,0.0,0.0,0.0,0.9999897382147014
deletion,0.0,0.7,,overlap,1.0,0.5,50,34,False,0.2560945986521695,0.2562532089234887,0.0,0.6114649681528662,0.3392070484581498,False,True,0,0,1.0,20,22,0.47619047619047616,0.45,434,0.0,0.0,0.0,0.0,0.9999975450893333
deletion,0.0,0.7,,overlap,1.0,0.5,50,35,False,0.24832094898912713,0.2484399066926165,0.0,0.5975609756097561,0.35319148936170214,False,True,0,0,1.0,21,17,0.5526315789473685,0.75,455,0.0,0.0,0.0,0.0,0.9999987924684477
deletion,0.0,0.7,,overlap,1.0,0.5,50,36,False,0.27999071174184537,0.2800799300194624,0.0,0.5941176470588235,0.35684647302904565,False,True,0,0,1.0,24,19,0.5581395348837209,0.4,479,0.0,0.0,0.0,0.0,0.9999994134648971
deletion,0.0,0.7,,overlap,1.0,0.5,50,37,False,0.259993033806384,0.2600599475145968,0.0,0.5988372093023255,0.3481781376518219,False,True,0,0,1.0,17,26,0.3953488372093023,0.4,496,0.0,0.0,0.0,0.0,0.999999415592935
deletion,0.0,0.7,,overlap,1.0,0.5,50,38,False,0.24499477535478803,0.2450449606359476,0.0,0.5911602209944752,0.35797665369649806,False,True,0,0,1.0,24,17,0.5853658536585366,0.5,520,0.0,0.0,0.0,0.0,0.9999997994565216
deletion,0.0,0.7,,overlap,1.0,0.5,50,39,False,0.246246081516091,0.2462837204769607,0.0,0.5945945945945946,0.35361216730038025,False,True,0,0,1.0,16,27,0.37209302325581395,0.35,536,0.0,0.0,0.0,0.0,0.9999997996773228
deletion,0.0,0.7,,overlap,1.0,0.5,51,0,False,0.0,0.0,0.0,0.0,1.0,False,True,0,0,0.0,0,0,0.0,0.0,0,0.0,0.0,0.0,0.0,0.0
deletion,0.0,0.7,,overlap,1.0,0.5,51,1,False,0.0,0.0,0.14285714285714285,0.14285714285714285,0.8787878787878788,False,True,0,0,0.2,0,43,0.0,0.0,0,0.0,0.0,0.0,0.0,0.0
deletion,0.0,0.7,,overlap,1.0,0.5,51,2,False,0.03571428571428571,0.03571428571428571,0.2222222222222222,0.2222222222222222,0.8,False,True,0,0,0.3,1,36,0.02702702702702703,0.0,1,0.0,0.0,0.0,0.0,0.02147388372499999
deletion,0.0,0.7,,overlap,1.0,0.5,51,3,False,0.0744047619047619,0.08234126984126984,0.2,0.2727272727272727,0.6938775510204082,False,True,0,0,0.3,1,34,0.02857142857142857,0.5,2,0.0,0.0,0.0,0.0,0.5120470255652443
deletion,0.0,0.7,,overlap,1.0,0.5,51,4,False,0.11651785714285715,0.12842261904761904,0.15,0.2916666666666667,0.6363636363636364,False,True,0,0,0.4,8,39,0.1702127659574468,0.6,10,0.0,0.0,0.0,0.0,0.9057847055538288
deletion,0.0,0.7,,overlap,1.0,0.5,51,5,False,0.14899553571428573,0.1900669642857143,0.05,0.32142857142857145,0.609375,False,True,0,0,0.4,7,37,0.1590909090909091,0.5882352941176471,17,0.0,0.0,0.0,0.0,0.9595908944141994
deletion,0.0,0.7,,overlap,1.0,0.5,51,6,False,0.15308068539915967,0.2223296349789916,0.05,0.375,0.5857142857142857,False,True,0,0,0.5,12,35,0.2553191489361702,0.45,29,0.0,0.0,0.0,0.0,0.9468172621750679
deletion,0.0,0.7,,overlap,1.0,0.5,51,7,False,0.14873908547794118,0.2292472262342437,0.0,0.38235294117647056,0.5657894736842105,False,True,0,0,0.7,12,34,0.2608695652173913,0.4,41,0.0,0.0,0.0,0.0,0.9212247111730589
deletion,0.0,0.7,,overlap,1.0,0.5,51,8,False,0.14012574267988445,0.22193541967568275,0.0,0.43243243243243246,0.5308641975308642,False,True,0,0,0.8,15,33,0.3125,0.45,56,0.0,0.0,0.0,0.0,0.9555227274037666
deletion,0.0,0.7,,overlap,1.0,0.5,51,9,False,0.14527287843848474,0.22270156475676206,0.0,0.4444444444444444,0.5280898876404494,False,True,0,0,0.8,19,18,0.5135135135135135,0.55,75,0.0,0.0,0.0,0.0,0.9637536737503462
deletion,0.0,0.7,,overlap,1.0,0.5,51,10,False,0.15806180168600645,0.23577617356757155,0.0,0.47058823529411764,0.5,False,True,0,0,0.9,17,22,0.4358974358974359,0.6,92,0.0,0.0,0.0,0.0,0.9782243230998509
deletion,0.0,0.7,,overlap,1.0,0.5,51,11,False,0.1828320655502191,0.2518321301756787,0.0,0.49122807017543857,0.49038461538461536,False,True,0,0,0.9,17,18,0.4857142857142857,0.65,109,0.0,0.0,0.0,0.0,0.9869014309339083
deletion,0.0,0.7,,overlap,1.0,0.5,51,12,False,0.20676690630552147,0.270124097631759,0.0,0.47540983606557374,0.5,False,True,0,0,0.9,22,19,0.5365853658536586,0.4,131,0.0,0.0,0.0,0.0,0.9811134013962399
deletion,0.0,0.7,,overlap,1.0,0.5,51,13,False,0.19793232258628396,0.25259307322381924,0.0,0.5076923076923077,0.48672566371681414,False,True,0,0,1.0,20,24,0.45454545454545453,0.55,151,0.0,0.0,0.0,0.0,0.9894364273920542
deletion,0.0,0.7,,overlap,1.0,0.5,51,14,False,0.217199241939713,0.2581948049178644,0.0,0.5,0.475,False,True,0,0,1.0,22,22,0.5,0.55,173,0.0,0.0,0.0,0.0,0.9624651620559692
deletion,0.0,0.7,,overlap,1.0,0.5,51,15,False,0.23164943145478473,0.2623961036883983,0.0,0.5,0.46511627906976744,False,True,0,0,1.0,18,20,0.47368421052631576,0.5,191,0.0,0.0,0.0,0.0,0.986318509593775
deletion,0.0,0.7,,overlap,1.0,0.5,51,16,False,0.23623707359108856,0.25929707776629873,0.0,0.5125,0.4552238805970149,False,True,0,0,1.0,27,19,0.5869565217391305,0.55,218,0.0,0.0,0.0,0.0,0.9973328233828684
deletion,0.0,0.7,,overlap,1.0,0.5,51,17,False,0.24592780519331642,0.26322280832472406,0.0,0.5172413793103449,0.4507042253521127,False,True,0,0,1.0,17,21,0.4473684210526316,0.55,235,0.0,0.0,0.0,0.0,0.9991153210882124
deletion,0.0,0.7,,overlap,1.0,0.5,51,18,False,0.25319585389498733,0.266167106243543,0.0,0.5217391304347826,0.44594594594594594,False,True,0,0,1.0,17,27,0.38636363636363635,0.45,252,0.0,0.0,0.0,0.0,0.9996431185695563
deletion,0.0,0.7,,overlap,1.0,0.5,51,19,False,0.2461468904212405,0.25587532968265725,0.0,0.5151515151515151,0.45161290322580644,False,True,0,0,1.0,26,16,0.6190476190476191,0.4,278,0.0,0.0,0.0,0.0,0.9998426991912244
deletion,0.0,0.7,,overlap,1.0,0.5,51,20,False,0.23461016781593033,0.24190649726199293,0.0,0.5242718446601942,0.4472049689440994,False,True,0,0,1.0,15,26,0.36585365853658536,0.45,293,0.0,0.0,0.0,0.0,0.9999217590355769
deletion,0.0,0.7,,overlap,1.0,0.5,51,21,False,0.23220762586194774,0.2376798729464947,0.0,0.5454545454545454,0.4319526627218935,False,True,0,0,1.0,21,14,0.6,0.45,314,0.0,0.0,0.0,0.0,0.9999716402247227
deletion,0.0,0.7,,overlap,1.0,0.5,51,22,False,0.23040571939646082,0.23450990470987101,0.0,0.5565217391304348,0.4228571428571429,False,True,0,0,1.0,18,18,0.5,0.4,332,0.0,0.0,0.0,0.0,0.9999864926011686
deletion,0.0,0.7,,overlap,1.0,0.5,51,23,False,0.2228042895473456,0.22588242853240326,0.0,0.5491803278688525,0.4262295081967213,False,True,0,0,1.0,19,23,0.4523809523809524,0.45,351,0.0,0.0,0.0,0.0,0.9999948210966666
deletion,0.0,0.7,,overlap,1.0,0.5,51,24,False,0.2233532171605092,0.22566182139930244,0.0,0.5555555555555556,0.41578947368421054,False,True,0,0,1.0,23,21,0.5227272727272727,0.4,374,0.0,0.0,0.0,0.0,0.9999968190656571
deletion,0.0,0.7,,overlap,1.0,0.5,51,25,False,0.2175149128703819,0.21924636604947684,0.0,0.562962962962963,0.4079601990049751,False,True,0,0,1.0,17,23,0.425,0.35,391,0.0,0.0,0.0,0.0,0.9999981317802418
deletion,0.0,0.7,,overlap,1.0,0.5,51,26,False,0.20688618465278644,0.20818477453710765,0.0,0.5611510791366906,0.4097560975609756,False,True,0,0,1.0,26,26,0.5,0.5,417,0.0,0.0,0.0,0.0,0.9999993805434635
deletion,0.0,0.7,,overlap,1.0,0.5,51,27,False,0.2176646384895898,0.21863858090283073,0.0,0.5655172413793104,0.4,False,True,0,0,1.0,15,23,0.39473684210526316,0.4,432,0.0,0.0,0.0,0.0,0.9999995324595494
deletion,0.0,0.7,,overlap,1.0,0.5,51,28,False,0.2132484788671924,0.21397893567712306,0.0,0.5761589403973509,0.39545454545454545,False,True,0,0,1.0,15,25,0.375,0.55,447,0.0,0.0,0.0,0.0,0.99999971067673
deletion,0.0,0.7,,overlap,1.0,0.5,51,29,False,0.22868635915039429,0.2292342017578423,0.0,0.577922077922078,0.3920704845814978,False,True,0,0,1.0,17,25,0.40476190476190477,0.35,464,0.0,0.0,0.0,0.0,0.9999997236017334
deletion,0.0,0.7,,overlap,1.0,0.5,51,30,False,0.21526476936279573,0.21567565131838173,0.0,0.5786163522012578,0.39574468085106385,False,True,0,0,1.0,22,14,0.6111111111111112,0.6,486,0.0,0.0,0.0,0.0,0.9999998067462853
deletion,0.0,0.7,,overlap,1.0,0.5,51,31,False,0.2364485770220968,0.2367567384887863,0.0,0.5748502994011976,0.38934426229508196,False,True,0,0,1.0,23,18,0.5609756097560976,0.45,509,0.0,0.0,0.0,0.0,0.9999998088326965
deletion,0.0,0.7,,overlap,1.0,0.5,51,32,False,0.2335864327665726,0.23381755386658973,0.0,0.5714285714285714,0.391304347826087,False,True,0,0,1.0,22,19,0.5365853658536586,0.7,531,0.0,0.0,0.0,0.0,0.9999998097935346
deletion,0.0,0.7,,overlap,1.0,0.5,51,33,False,0.26268982457492945,0.26286316539994226,0.0,0.5730337078651685,0.38910505836575876,False,True,0,0,1.0,24,23,0.5106382978723404,0.6,555,0.0,0.0,0.0,0.0,0.9999999345004296
deletion,0.0,0.7,,overlap,1.0,0.5,51,34,False,0.27201736843119706,0.2721473740499567,0.0,0.5769230769230769,0.38257575757575757,False,True,0,0,1.0,29,23,0.5576923076923077,0.55,584,0.0,0.0,0.0,0.0,0.9999999680379295
deletion,0.0,0.7,,overlap,1.0,0.5,51,35,False,0.2727630263233978,0.2728605305374675,0.0,0.574468085106383,0.38095238095238093,False,True,0,0,1.0,16,17,0.48484848484848486,0.65,600,0.0,0.0,0.0,0.0,0.9999999680497151
deletion,0.0,0.7,,overlap,1.0,0.5,51,36,False,0.2858222697425483,0.28589539790310065,0.0,0.578125,0.3776978417266187,False,True,0,0,1.0,23,12,0.6571428571428571,0.3,623,0.0,0.0,0.0,0.0,0.9999999776385355
deletion,0.0,0.7,,overlap,1.0,0.5,51,37,False,0.25186670230691127,0.25192154842732545,0.0,0.5808080808080808,0.3767605633802817,False,True,0,0,1.0,19,22,0.4634146341463415,0.75,642,0.0,0.0,0.0,0.0,0.9999999946110331
deletion,0.0,0.7,,overlap,1.0,0.5,51,38,False,0.2826500267301834,0.2826911613204941,0.0,0.5911330049261084,0.3724137931034483,False,True,0,0,1.0,21,23,0.4772727272727273,0.5,663,0.0,0.0,0.0,0.0,0.9999999946404767
deletion,0.0,0.7,,overlap,1.0,0.5,51,39,False,0.2744875200476376,0.2745183709903706,0.0,0.5885167464114832,0.37373737373737376,False,True,0,0,1.0,17,20,0.4594594594594595,0.55,680,0.0,0.0,0.0,0.0,0.9999999962484338
deletion,0.0,0.7,,overlap,1.0,1.0,42,0,False,0.0,0.0,0.0,0.0,1.0,False,True,0,0,0.1,0,0,0.0,0.0,0,0.0,0.0,0.0,0.0,0.0
deletion,0.0,0.7,,overlap,1.0,1.0,42,1,False,0.0,0.0,0.42857142857142855,0.42857142857142855,0.8181818181818182,False,True,0,0,0.1,1,51,0.019230769230769232,0.0,1,0.0,0.0,0.0,0.0,0.058824499999999974
deletion,0.0,0.7,,overlap,1.0,1.0,42,2,False,0.09948979591836735,0.10714285714285714,0.5555555555555556,0.5555555555555556,0.7407407407407407,False,True,0,0,0.1,0,41,0.0,0.0,1,0.0,0.0,0.0,0.0,0.028824004999999986
deletion,0.0,0.7,,overlap,1.0,1.0,42,3,False,0.20358560090702946,0.21924603174603174,0.6875,0.6875,0.6216216216216216,False,True,0,0,0.1,0,37,0.0,0.0,1,0.0,0.0,0.0,0.0,0.014123762449999992
deletion,0.0,0.7,,overlap,1.0,1.0,42,4,False,0.31228741496598644,0.33630952380952384,0.6666666666666666,0.6666666666666666,0.6052631578947368,False,True,0,0,0.2,0,44,0.0,0.0,1,0.0,0.0,0.0,0.0,0.006920643600499995
deletion,0.0,0.7,,overlap,1.0,1.0,42,5,False,0.3770727040816327,0.41889880952380953,0.7,0.7391304347826086,0.5333333333333333,False,True,0,0,0.5,1,36,0.02702702702702703,0.0,2,0.0,0.0,0.0,0.0,0.32669555768212244
deletion,0.0,0.7,,overlap,1.0,1.0,42,6,False,0.40780452806122447,0.48917410714285714,0.65,0.72,0.5319148936170213,False,True,0,0,0.5,19,28,0.40425531914893614,0.65,21,0.0,0.0,0.0,0.0,0.8141005768156958
deletion,0.0,0.7,,overlap,1.0,1.0,42,7,False,0.46835339604591836,0.5293805803571429,0.6,0.7333333333333333,0.5094339622641509,False,True,0,0,0.6,16,23,0.41025641025641024,0.5,37,0.0,0.0,0.0,0.0,0.9498323784354138
deletion,0.0,0.7,,overlap,1.0,1.0,42,8,False,0.49412218989158163,0.5470354352678571,0.55,0.71875,0.5178571428571429,False,True,0,0,0.8,26,21,0.5531914893617021,0.65,63,0.0,0.0,0.0,0.0,0.9775960324198785
deletion,0.0,0.7,,overlap,1.0,1.0,42,9,False,0.5170202138472576,0.5602765764508929,0.45,0.6857142857142857,0.5254237288135594,False,True,0,0,0.9,29,15,0.6590909090909091,0.75,92,0.0,0.0,0.0,0.0,0.9608781756264366
deletion,0.0,0.7,,overlap,1.0,1.0,42,10,False,0.5324080175283005,0.5702074323381697,0.45,0.6857142857142857,0.5254237288135594,False,True,0,0,1.0,41,11,0.7884615384615384,0.65,133,0.0,0.0,0.0,0.0,0.9735438117499317
deletion,0.0,0.7,,overlap,1.0,1.0,42,11,False,0.5368060131462252,0.5651555742536274,0.45,0.6857142857142857,0.5254237288135594,False,True,0,0,1.0,44,1,0.9777777777777777,0.65,177,0.0,0.0,0.0,0.0,0.9850281555269096
deletion,0.0,0.7,,overlap,1.0,1.0,42,12,False,0.540104509859669,0.5613666806902206,0.4,0.6666666666666666,0.5333333333333333,False,True,0,0,1.0,42,0,1.0,0.6,219,0.0,0.0,0.0,0.0,0.9935777109675648
deletion,0.0,0.7,,overlap,1.0,1.0,42,13,False,0.5300783823947517,0.5460250105176654,0.4,0.6666666666666666,0.5333333333333333,False,True,0,0,1.0,42,0,1.0,0.6,261,0.0,0.0,0.0,0.0,0.9987688079698522
deletion,0.0,0.7,,overlap,1.0,1.0,42,14,False,0.5225587867960638,0.5345187578882491,0.4,0.6666666666666666,0.5333333333333333,False,True,0,0,1.0,46,0,1.0,0.55,307,0.0,0.0,0.0,0.0,0.9995454204143941
deletion,0.0,0.7,,overlap,1.0,1.0,42,15,False,0.5106690900970479,0.5196390684161868,0.4,0.6666666666666666,0.5333333333333333,False,True,0,0,1.0,49,0,1.0,0.55,356,0.0,0.0,0.0,0.0,0.9997354008169588
deletion,0.0,0.7,,overlap,1.0,1.0,42,16,False,0.5017518175727859,0.5084793013121401,0.4,0.6666666666666666,0.5333333333333333,False,True,0,0,1.0,39,0,1.0,0.6,395,0.0,0.0,0.0,0.0,0.9999287769049952
deletion,0.0,0.7,,overlap,1.0,1.0,42,17,False,0.5013138631795894,0.5063594759841051,0.4,0.6666666666666666,0.5333333333333333,False,True,0,0,1.0,45,0,1.0,0.75,440,0.0,0.0,0.0,0.0,0.9999670680441239
deletion,0.0,0.7,,overlap,1.0,1.0,42,18,False,0.519735397384692,0.5235196069880788,0.4,0.6666666666666666,0.5333333333333333,False,True,0,0,1.0,53,0,1.0,0.6,493,0.0,0.0,0.0,0.0,0.9999913547145243
deletion,0.0,0.7,,overlap,1.0,1.0,42,19,False,0.5148015480385191,0.5176397052410591,0.4,0.6666666666666666,0.5333333333333333,False,True,0,0,1.0,47,0,1.0,0.7,540,0.0,0.0,0.0,0.0,0.9999969490586755
deletion,0.0,0.7,,overlap,1.0,1.0,42,20,False,0.5236011610288893,0.5257297789307943,0.4,0.6666666666666666,0.5333333333333333,False,True,0,0,1.0,46,0,1.0,0.6,586,0.0,0.0,0.0,0.0,0.9999984727180029
deletion,0.0,0.7,,overlap,1.0,1.0,42,21,False,0.517700870771667,0.5192973341980958,0.4,0.6666666666666666,0.5333333333333333,False,True,0,0,1.0,43,0,1.0,0.85,629,0.0,0.0,0.0,0.0,0.9999994700548193
deletion,0.0,0.7,,overlap,1.0,1.0,42,22,False,0.5445256530787502,0.5457230006485718,0.4,0.6666666666666666,0.5333333333333333,False,True,0,0,1.0,49,0,1.0,0.5,678,0.0,0.0,0.0,0.0,0.9999996582120536
deletion,0.0,0.7,,overlap,1.0,1.0,42,23,False,0.5208942398090627,0.5217922504864289,0.4,0.6666666666666666,0.5333333333333333,False,True,0,0,1.0,45,0,1.0,0.5,723,0.0,0.0,0.0,0.0,0.9999997749476496
deletion,0.0,0.7,,overlap,1.0,1.0,42,24,False,0.5031706798567971,0.5038441878648217,0.4,0.6666666666666666,0.5333333333333333,False,True,0,0,1.0,45,0,1.0,0.7,768,0.0,0.0,0.0,0.0,0.9999998958336438
deletion,0.0,0.7,,overlap,1.0,1.0,42,25,False,0.5148780098925979,0.5153831408986163,0.4,0.6666666666666666,0.5333333333333333,False,True,0,0,1.0,57,0,1.0,0.55,825,0.0,0.0,0.0,0.0,0.9999999312060599
deletion,0.0,0.7,,overlap,1.0,1.0,42,26,False,0.5049085074194484,0.5052873556739622,0.4,0.6666666666666666,0.5333333333333333,False,True,0,0,1.0,45,0,1.0,0.45,870,0.0,0.0,0.0,0.0,0.9999999529457291
deletion,0.0,0.7,,overlap,1.0,1.0,42,27,False,0.48493138056458623,0.48521551675547164,0.4,0.6666666666666666,0.5333333333333333,False,True,0,0,1.0,40,0,1.0,0.7,910,0.0,0.0,0.0,0.0,0.9999999833049877
deletion,0.0,0.7,,overlap,1.0,1.0,42,28,False,0.5011985354234397,0.5014116375666038,0.4,0.6666666666666666,0.5333333333333333,False,True,0,0,1.0,45,0,1.0,0.7,955,0.0,0.0,0.0,0.0,0.9999999885701255
deletion,0.0,0.7,,overlap,1.0,1.0,42,29,False,0.5133989015675798,0.5135587281749528,0.4,0.6666666666666666,0.5333333333333333,False,True,0,0,1.0,50,0,1.0,0.65,1005,0.0,0.0,0.0,0.0,0.999999997137911
deletion,0.0,0.7,,overlap,1.0,1.0,42,30,False,0.5162991761756849,0.5164190461312146,0.4,0.6666666666666666,0.5333333333333333,False,True,0,0,1.0,44,0,1.0,0.5,1049,0.0,0.0,0.0,0.0,0.9999999989904614
deletion,0.0,0.7,,overlap,1.0,1.0,42,31,False,0.4997243821317636,0.49981428459841093,0.4,0.6666666666666666,0.5333333333333333,False,True,0,0,1.0,45,0,1.0,0.7,1094,0.0,0.0,0.0,0.0,0.9999999992950238
deletion,0.0,0.7,,overlap,1.0,1.0,42,32,False,0.5122932865988227,0.5123607134488082,0.4,0.6666666666666666,0.5333333333333333,False,True,0,0,1.0,50,0,1.0,0.55,1144,0.0,0.0,0.0,0.0,0.9999999998892415
deletion,0.0,0.7,,overlap,1.0,1.0,42,33,False,0.502969964949117,0.5030205350866062,0.4,0.6666666666666666,0.5333333333333333,False,True,0,0,1.0,49,0,1.0,0.55,1193,0.0,0.0,0.0,0.0,0.9999999999620283
deletion,0.0,0.7,,overlap,1.0,1.0,42,34,False,0.49597747371183776,0.49601540131495464,0.4,0.6666666666666666,0.5333333333333333,False,True,0,0,1.0,41,0,1.0,0.55,1234,0.0,0.0,0.0,0.0,0.9999999999814188
deletion,0.0,0.7,,overlap,1.0,1.0,42,35,False,0.4907331052838784,0.490761550986216,0.4,0.6666666666666666,0.5333333333333333,False,True,0,0,1.0,51,0,1.0,0.65,1285,0.0,0.0,0.0,0.0,0.9999999999940163
deletion,0.0,0.7,,overlap,1.0,1.0,42,36,False,0.4992998289629088,0.499321163239662,0.4,0.6666666666666666,0.5333333333333333,False,True,0,0,1.0,44,0,1.0,0.55,1329,0.0,0.0,0.0,0.0,0.9999999999955447
deletion,0.0,0.7,,overlap,1.0,1.0,42,37,False,0.4932248717221816,0.49324087242974657,0.4,0.6666666666666666,0.5333333333333333,False,True,0,0,1.0,43,0,1.0,0.65,1372,0.0,0.0,0.0,0.0,0.9999999999971896
deletion,0.0,0.7,,overlap,1.0,1.0,42,38,False,0.5011686537916361,0.50118065432231,0.4,0.6666666666666666,0.5333333333333333,False,True,0,0,1.0,42,0,1.0,0.4,1414,0.0,0.0,0.0,0.0,0.9999999999990358
deletion,0.0,0.7,,overlap,1.0,1.0,42,39,False,0.4758764903437272,0.4758854907417325,0.4,0.6666666666666666,0.5333333333333333,False,True,0,0,1.0,40,0,1.0,0.65,1454,0.0,0.0,0.0,0.0,0.999999999999325
deletion,0.0,0.7,,overlap,1.0,1.0,43,0,False,0.0,0.0,0.0,0.0,1.0,False,True,0,0,0.0,0,0,0.0,0.0,0,0.0,0.0,0.0,0.0,0.0
deletion,0.0,0.7,,overlap,1.0,1.0,43,1,False,0.0,0.0,0.09090909090909091,0.09090909090909091,0.8518518518518519,False,True,0,0,0.0,0,50,0.0,0.0,0,0.0,0.0,0.0,0.0,0.0
deletion,0.0,0.7,,overlap,1.0,1.0,43,2,False,0.022727272727272728,0.022727272727272728,0.3157894736842105,0.3157894736842105,0.7222222222222222,False,True,0,0,0.1,0,34,0.0,0.0,0,0.0,0.0,0.0,0.0,0.0
deletion,0.0,0.7,,overlap,1.0,1.0,43,3,False,0.09599282296650717,0.09599282296650717,0.2,0.38461538461538464,0.6304347826086957,False,True,0,0,0.1,1,32,0.030303030303030304,0.0,1,0.0,0.0,0.0,0.0,0.35
deletion,0.0,0.7,,overlap,1.0,1.0,43,4,False,0.1184231886534518,0.12199461722488038,0.15,0.40625,0.6037735849056604,False,True,0,0,0.1,1,33,0.029411764705882353,0.0,2,0.0,0.0,0.0,0.0,0.12004999999999996
deletion,0.0,0.7,,overlap,1.0,1.0,43,5,False,0.12363882006151741,0.12899596291866028,0.15,0.4444444444444444,0.5483870967741935,False,True,0,0,0.2,1,35,0.027777777777777776,0.0,3,0.0,0.0,0.0,0.0,0.04117714999999998
deletion,0.0,0.7,,overlap,1.0,1.0,43,6,False,0.12487197218899519,0.1342469721889952,0.1,0.41025641025641024,0.5606060606060606,False,True,0,0,0.2,7,32,0.1794871794871795,0.0,10,0.0,0.0,0.0,0.0,0.4978814356324999
deletion,0.0,0.7,,overlap,1.0,1.0,43,7,False,0.11508255057031783,0.1256852291417464,0.05,0.4375,0.5394736842105263,False,True,0,0,0.3,11,29,0.275,0.0,21,0.0,0.0,0.0,0.0,0.8809374097117415
deletion,0.0,0.7,,overlap,1.0,1.0,43,8,False,0.09613334149916694,0.1067639218563098,0.05,0.47058823529411764,0.5060240963855421,False,True,0,0,0.3,14,32,0.30434782608695654,0.1,35,0.0,0.0,0.0,0.0,0.9040009609665968
deletion,0.0,0.7,,overlap,1.0,1.0,43,9,False,0.08727857755294664,0.09413544139223236,0.05,0.4807692307692308,0.4942528735632184,False,True,0,0,0.5,13,30,0.3023255813953488,0.15,48,0.0,0.0,0.0,0.0,0.9466650119970664
deletion,0.0,0.7,,overlap,1.0,1.0,43,10,False,0.0868875045932814,0.09560158104417427,0.05,0.49056603773584906,0.4838709677419355,False,True,0,0,0.6,24,22,0.5217391304347826,0.15,72,0.0,0.0,0.0,0.0,0.9274167488086749
deletion,0.0,0.7,,overlap,1.0,1.0,43,11,False,0.08837991415924676,0.0967011857831307,0.0,0.5172413793103449,0.45098039215686275,False,True,0,0,0.7,23,16,0.5897435897435898,0.15,95,0.0,0.0,0.0,0.0,0.9437619988593298
deletion,0.0,0.7,,overlap,1.0,1.0,43,12,False,0.08503493561943508,0.09127588933734802,0.0,0.5409836065573771,0.4380952380952381,False,True,0,0,0.7,22,16,0.5789473684210527,0.15,117,0.0,0.0,0.0,0.0,0.9455492604721892
deletion,0.0,0.7,,overlap,1.0,1.0,43,13,False,0.08252620171457632,0.08720691700301102,0.0,0.5625,0.41818181818181815,False,True,0,0,0.7,30,15,0.6666666666666666,0.2,147,0.0,0.0,0.0,0.0,0.9752652643346031
deletion,0.0,0.7,,overlap,1.0,1.0,43,14,False,0.08689465128593223,0.09040518775225825,0.0,0.5757575757575758,0.40350877192982454,False,True,0,0,0.8,19,15,0.5588235294117647,0.25,166,0.0,0.0,0.0,0.0,0.9845372478935764
deletion,0.0,0.7,,overlap,1.0,1.0,43,15,False,0.09642098846444917,0.09905389081419369,0.0,0.6056338028169014,0.3865546218487395,False,True,0,0,0.8,36,9,0.8,0.2,202,0.0,0.0,0.0,0.0,0.9901695914927803
deletion,0.0,0.7,,overlap,1.0,1.0,43,16,False,0.09731574134833688,0.09929041811064526,0.0,0.6363636363636364,0.3709677419354839,False,True,0,0,0.9,34,5,0.8717948717948718,0.3,236,0.0,0.0,0.0,0.0,0.9979851065803227
deletion,0.0,0.7,,overlap,1.0,1.0,43,17,False,0.11048680601125264,0.11196781358298394,0.0,0.6626506024096386,0.3511450381679389,False,True,0,0,1.0,43,1,0.9772727272727273,0.4,279,0.0,0.0,0.0,0.0,0.9963306315106387
deletion,0.0,0.7,,overlap,1.0,1.0,43,18,False,0.1328651045084395,0.13397586018723795,0.0,0.6956521739130435,0.33093525179856115,False,True,0,0,1.0,41,0,1.0,0.45,320,0.0,0.0,0.0,0.0,0.9996174258300395
deletion,0.0,0.7,,overlap,1.0,1.0,43,19,False,0.15589882838132962,0.15673189514042846,0.0,0.7227722772277227,0.3129251700680272,False,True,0,0,1.0,34,0,1.0,0.55,354,0.0,0.0,0.0,0.0,0.9999313430241104
deletion,0.0,0.7,,overlap,1.0,1.0,43,20,False,0.18567412128599722,0.18629892135532133,0.0,0.7407407407407407,0.2987012987012987,False,True,0,0,1.0,40,0,1.0,0.5,394,0.0,0.0,0.0,0.0,0.9999794582545355
deletion,0.0,0.7,,overlap,1.0,1.0,43,21,False,0.2017555909644979,0.202224191016491,0.0,0.7522123893805309,0.2911392405063291,False,True,0,0,1.0,41,0,1.0,0.7,435,0.0,0.0,0.0,0.0,0.9828453441060268
deletion,0.0,0.7,,overlap,1.0,1.0,43,22,False,0.23881669322337346,0.23916814326236824,0.0,0.75,0.294478527607362,False,True,0,0,1.0,47,0,1.0,0.6,482,0.0,0.0,0.0,0.0,0.9971156783629912
deletion,0.0,0.7,,overlap,1.0,1.0,43,23,False,0.2541125199175301,0.2543761074467762,0.0,0.75,0.294478527607362,False,True,0,0,1.0,45,0,1.0,0.45,527,0.0,0.0,0.0,0.0,0.9995147276584688
deletion,0.0,0.7,,overlap,1.0,1.0,43,24,False,0.24683438993814755,0.24703208058508214,0.0,0.7520661157024794,0.2874251497005988,False,True,0,0,1.0,46,0,1.0,0.5,573,0.0,0.0,0.0,0.0,0.9998833242926866
deletion,0.0,0.7,,overlap,1.0,1.0,43,25,False,0.2476257924536107,0.24777406043881162,0.0,0.7580645161290323,0.28402366863905326,False,True,0,0,1.0,44,0,1.0,0.55,617,0.0,0.0,0.0,0.0,0.9999184642768446
deletion,0.0,0.7,,overlap,1.0,1.0,43,26,False,0.254469344340208,0.2545805453291087,0.0,0.7727272727272727,0.27586206896551724,False,True,0,0,1.0,40,0,1.0,0.45,657,0.0,0.0,0.0,0.0,0.9999600584621687
deletion,0.0,0.7,,overlap,1.0,1.0,43,27,False,0.247102008255156,0.2471854089968315,0.0,0.7714285714285715,0.2681564245810056,False,True,0,0,1.0,38,0,1.0,0.45,695,0.0,0.0,0.0,0.0,0.9999804259022896
deletion,0.0,0.7,,overlap,1.0,1.0,43,28,False,0.241576506191367,0.24163905674762362,0.0,0.7718120805369127,0.2702702702702703,False,True,0,0,1.0,37,0,1.0,0.6,732,0.0,0.0,0.0,0.0,0.9999932856250764
deletion,0.0,0.7,,overlap,1.0,1.0,43,29,False,0.25618237964352525,0.2562292925607177,0.0,0.7662337662337663,0.2698412698412698,False,True,0,0,1.0,46,0,1.0,0.6,778,0.0,0.0,0.0,0.0,0.9999988690633514
deletion,0.0,0.7,,overlap,1.0,1.0,43,30,False,0.2671367847326439,0.2671719694205383,0.0,0.7643312101910829,0.26842105263157895,False,True,0,0,1.0,58,0,1.0,0.55,836,0.0,0.0,0.0,0.0,0.9999999061926431
deletion,0.0,0.7,,overlap,1.0,1.0,43,31,False,0.269102588549483,0.26912897706540373,0.0,0.7592592592592593,0.27040816326530615,False,True,0,0,1.0,33,0,1.0,0.45,869,0.0,0.0,0.0,0.0,0.9999999344054935
deletion,0.0,0.7,,overlap,1.0,1.0,43,32,False,0.25807694141211224,0.2580967327990528,0.0,0.7528735632183908,0.2780487804878049,False,True,0,0,1.0,36,0,1.0,0.5,905,0.0,0.0,0.0,0.0,0.9999999676096657
deletion,0.0,0.7,,overlap,1.0,1.0,43,33,False,0.2560577060590842,0.2560725495992896,0.0,0.7443181818181818,0.28846153846153844,False,True,0,0,1.0,47,0,1.0,0.6,952,0.0,0.0,0.0,0.0,0.9999999970804883
deletion,0.0,0.7,,overlap,1.0,1.0,43,34,False,0.2670432795443131,0.2670544121994672,0.0,0.732620320855615,0.29493087557603687,False,True,0,0,1.0,39,0,1.0,0.65,991,0.0,0.0,0.0,0.0,0.9999999985808872
deletion,0.0,0.7,,overlap,1.0,1.0,43,35,False,0.28153245965823487,0.2815408091496004,0.0,0.7323232323232324,0.29910714285714285,False,True,0,0,1.0,41,0,1.0,0.55,1032,0.0,0.0,0.0,0.0,0.9999999992856043
deletion,0.0,0.7,,overlap,1.0,1.0,43,36,False,0.27989934474367617,0.27990560686220034,0.0,0.7227722772277227,0.3026315789473684,False,True,0,0,1.0,44,0,1.0,0.45,1076,0.0,0.0,0.0,0.0,0.9999999998855748
deletion,0.0,0.7,,overlap,1.0,1.0,43,37,False,0.26617450855775715,0.2661792051466503,0.0,0.722488038277512,0.30472103004291845,False,True,0,0,1.0,34,0,1.0,0.55,1110,0.0,0.0,0.0,0.0,0.9999999999472946
deletion,0.0,0.7,,overlap,1.0,1.0,43,38,False,0.2683808814183179,0.26838440385998774,0.0,0.7209302325581395,0.3080168776371308,False,True,0,0,1.0,35,0,1.0,0.45,1145,0.0,0.0,0.0,0.0,0.9999999999685126
deletion,0.0,0.7,,overlap,1.0,1.0,43,39,False,0.25753566106373843,0.2575383028949908,0.0,0.71875,0.3114754098360656,False,True,0,0,1.0,46,0,1.0,0.6,1191,0.0,0.0,0.0,0.0,0.9999999999911227
deletion,0.0,0.7,,overlap,1.0,1.0,44,0,False,0.0,0.0,0.0,0.0,1.0,False,True,0,0,0.0,0,0,0.0,0.0,0,0.0,0.0,0.0,0.0,0.0
deletion,0.0,0.7,,overlap,1.0,1.0,44,1,False,0.0,0.0,0.3,0.3,0.72,False,True,0,0,0.1,0,44,0.0,0.0,0,0.0,0.0,0.0,0.0,0.0
deletion,0.0,0.7,,overlap,1.0,1.0,44,2,False,0.075,0.075,0.3333333333333333,0.3333333333333333,0.7,False,True,0,0,0.2,1,39,0.025,0.0,1,0.0,0.0,0.0,0.0,0.08403499999999997
deletion,0.0,0.7,,overlap,1.0,1.0,44,3,False,0.12767857142857145,0.13958333333333334,0.45,0.45,0.6153846153846154,False,True,0,0,0.2,4,33,0.10810810810810811,0.2,5,0.0,0.0,0.0,0.0,0.4723945024999998
deletion,0.0,0.7,,overlap,1.0,1.0,44,4,False,0.19933035714285713,0.2171875,0.4,0.4782608695652174,0.5813953488372093,False,True,0,0,0.4,0,34,0.0,0.2,5,0.0,0.0,0.0,0.0,0.4723945024999998
deletion,0.0,0.7,,overlap,1.0,1.0,44,5,False,0.2352120535714286,0.26289062500000004,0.35,0.5185185185185185,0.5625,False,True,0,0,0.4,8,32,0.2,0.23076923076923078,13,0.0,0.0,0.0,0.0,0.7009867397374999
deletion,0.0,0.7,,overlap,1.0,1.0,44,6,False,0.25539255666208793,0.28466796875,0.3,0.5625,0.5185185185185185,False,True,0,0,0.5,6,32,0.15789473684210525,0.21052631578947367,19,0.0,0.0,0.0,0.0,0.8413624999999998
deletion,0.0,0.7,,overlap,1.0,1.0,44,7,False,0.26015344005295693,0.2885009765625,0.15,0.55,0.515625,False,True,0,0,0.7,9,22,0.2903225806451613,0.35,28,0.0,0.0,0.0,0.0,0.9181402943527488
deletion,0.0,0.7,,overlap,1.0,1.0,44,8,False,0.2540436514682891,0.278875732421875,0.05,0.5555555555555556,0.5072463768115942,False,True,0,0,0.9,31,13,0.7045454545454546,0.45,59,0.0,0.0,0.0,0.0,0.961859417960519
deletion,0.0,0.7,,overlap,1.0,1.0,44,9,False,0.25303273860121683,0.2716567993164063,0.0,0.5849056603773585,0.4805194805194805,False,True,0,0,1.0,42,1,0.9767441860465116,0.55,101,0.0,0.0,0.0,0.0,0.959452416125945
deletion,0.0,0.7,,overlap,1.0,1.0,44,10,False,0.2585245539509126,0.27249259948730475,0.0,0.5714285714285714,0.4875,False,True,0,0,1.0,40,2,0.9523809523809523,0.6,141,0.0,0.0,0.0,0.0,0.9778006805116339
deletion,0.0,0.7,,overlap,1.0,1.0,44,11,False,0.26889341546318446,0.27936944961547855,0.0,0.5714285714285714,0.4875,False,True,0,0,1.0,49,1,0.98,0.5,190,0.0,0.0,0.0,0.0,0.9920772801920419
deletion,0.0,0.7,,overlap,1.0,1.0,44,12,False,0.2641700615973884,0.2720270872116089,0.0,0.5614035087719298,0.49382716049382713,False,True,0,0,1.0,52,0,1.0,0.55,242,0.0,0.0,0.0,0.0,0.9987305252090218
deletion,0.0,0.7,,overlap,1.0,1.0,44,13,False,0.26687754619804127,0.27277031540870667,0.0,0.5614035087719298,0.49382716049382713,False,True,0,0,1.0,51,0,1.0,0.45,293,0.0,0.0,0.0,0.0,0.9995929545160053
deletion,0.0,0.7,,overlap,1.0,1.0,44,14,False,0.256408159648531,0.26082773655653,0.0,0.5614035087719298,0.49382716049382713,False,True,0,0,1.0,41,0,1.0,0.5,334,0.0,0.0,0.0,0.0,0.999738760204745
deletion,0.0,0.7,,overlap,1.0,1.0,44,15,False,0.2548061197363983,0.25812080241739754,0.0,0.5614035087719298,0.49382716049382713,False,True,0,0,1.0,49,0,1.0,0.4,383,0.0,0.0,0.0,0.0,0.9999132806461173
deletion,0.0,0.7,,overlap,1.0,1.0,44,16,False,0.24110458980229868,0.24359060181304815,0.0,0.5614035087719298,0.49382716049382713,False,True,0,0,1.0,50,0,1.0,0.55,433,0.0,0.0,0.0,0.0,0.9999696972896347
deletion,0.0,0.7,,overlap,1.0,1.0,44,17,False,0.249578442351724,0.2514429513597861,0.0,0.5614035087719298,0.49382716049382713,False,True,0,0,1.0,46,0,1.0,0.7,479,0.0,0.0,0.0,0.0,0.9999896082251112
deletion,0.0,0.7,,overlap,1.0,1.0,44,18,False,0.274683831763793,0.2760822135198396,0.0,0.5614035087719298,0.49382716049382713,False,True,0,0,1.0,47,0,1.0,0.45,526,0.0,0.0,0.0,0.0,0.9999951077706012
deletion,0.0,0.7,,overlap,1.0,1.0,44,19,False,0.2622628738228448,0.2633116601398797,0.0,0.5614035087719298,0.49382716049382713,False,True,0,0,1.0,42,0,1.0,0.65,568,0.0,0.0,0.0,0.0,0.9999982937943536
deletion,0.0,0.7,,overlap,1.0,1.0,44,20,False,0.2779471553671336,0.2787337451049098,0.0,0.5614035087719298,0.49382716049382713,False,True,0,0,1.0,40,0,1.0,0.5,608,0.0,0.0,0.0,0.0,0.9999983539331655
deletion,0.0,0.7,,overlap,1.0,1.0,44,21,False,0.2709603665253502,0.27155030882868236,0.0,0.5614035087719298,0.49382716049382713,False,True,0,0,1.0,38,0,1.0,0.7,646,0.0,0.0,0.0,0.0,0.9999994307748258
deletion,0.0,0.7,,overlap,1.0,1.0,44,22,False,0.29072027489401264,0.29116273162151174,0.0,0.5614035087719298,0.49382716049382713,False,True,0,0,1.0,49,0,1.0,0.5,695,0.0,0.0,0.0,0.0,0.9999999014702723
deletion,0.0,0.7,,overlap,1.0,1.0,44,23,False,0.2805402061705095,0.2808720487161338,0.0,0.5614035087719298,0.49382716049382713,False,True,0,0,1.0,42,0,1.0,0.65,737,0.0,0.0,0.0,0.0,0.999999931544042
deletion,0.0,0.7,,overlap,1.0,1.0,44,24,False,0.2916551546278821,0.29190403653710034,0.0,0.5614035087719298,0.49382716049382713,False,True,0,0,1.0,40,0,1.0,0.4,777,0.0,0.0,0.0,0.0,0.999999975860054
deletion,0.0,0.7,,overlap,1.0,1.0,44,25,False,0.2687413659709116,0.26892802740282523,0.0,0.5614035087719298,0.49382716049382713,False,True,0,0,1.0,50,0,1.0,0.45,827,0.0,0.0,0.0,0.0,0.9999999919265654
deletion,0.0,0.7,,overlap,1.0,1.0,44,26,False,0.2578060244781837,0.25794602055211896,0.0,0.5614035087719298,0.49382716049382713,False,True,0,0,1.0,43,0,1.0,0.55,870,0.0,0.0,0.0,0.0,0.9999999972276118
deletion,0.0,0.7,,overlap,1.0,1.0,44,27,False,0.26210451835863774,0.2622095154140892,0.0,0.5614035087719298,0.49382716049382713,False,True,0,0,1.0,38,0,1.0,0.55,908,0.0,0.0,0.0,0.0,0.9999999980719195
deletion,0.0,0.7,,overlap,1.0,1.0,44,28,False,0.2653283887689783,0.2654071365605669,0.0,0.5614035087719298,0.49382716049382713,False,True,0,0,1.0,44,0,1.0,0.6,952,0.0,0.0,0.0,0.0,0.9999999986927766
deletion,0.0,0.7,,overlap,1.0,1.0,44,29,False,0.2739962915767337,0.27405535242042517,0.0,0.5614035087719298,0.49382716049382713,False,True,0,0,1.0,51,0,1.0,0.45,1003,0.0,0.0,0.0,0.0,0.9999999996831608
deletion,0.0,0.7,,overlap,1.0,1.0,44,30,False,0.26174721868255035,0.2617915143153189,0.0,0.5614035087719298,0.49382716049382713,False,True,0,0,1.0,46,0,1.0,0.55,1049,0.0,0.0,0.0,0.0,0.999999999781904
deletion,0.0,0.7,,overlap,1.0,1.0,44,31,False,0.2650604140119127,0.26509363573648914,0.0,0.5614035087719298,0.49382716049382713,False,True,0,0,1.0,45,0,1.0,0.55,1094,0.0,0.0,0.0,0.0,0.9999999998933623
deletion,0.0,0.7,,overlap,1.0,1.0,44,32,False,0.26754531050893454,0.26757022680236686,0.0,0.5614035087719298,0.49382716049382713,False,True,0,0,1.0,47,0,1.0,0.6,1141,0.0,0.0,0.0,0.0,0.9999999999476771
deletion,0.0,0.7,,overlap,1.0,1.0,44,33,False,0.27565898288170093,0.27567767010177513,0.0,0.5614035087719298,0.49382716049382713,False,True,0,0,1.0,49,0,1.0,0.5,1190,0.0,0.0,0.0,0.0,0.9999999999820155
deletion,0.0,0.7,,overlap,1.0,1.0,44,34,False,0.2692442371612757,0.26925825257633135,0.0,0.5614035087719298,0.49382716049382713,False,True,0,0,1.0,45,0,1.0,0.45,1235,0.0,0.0,0.0,0.0,0.9999999999938044
deletion,0.0,0.7,,overlap,1.0,1.0,44,35,False,0.2581831778709568,0.2581936894322485,0.0,0.5614035087719298,0.49382716049382713,False,True,0,0,1.0,45,0,1.0,0.55,1280,0.0,0.0,0.0,0.0,0.9999999999969482
deletion,0.0,0.7,,overlap,1.0,1.0,44,36,False,0.2623873834032176,0.26239526707418637,0.0,0.5614035087719298,0.49382716049382713,False,True,0,0,1.0,48,0,1.0,0.45,1328,0.0,0.0,0.0,0.0,0.9999999999992522
deletion,0.0,0.7,,overlap,1.0,1.0,44,37,False,0.25304053755241324,0.25304645030563977,0.0,0.5614035087719298,0.49382716049382713,False,True,0,0,1.0,51,0,1.0,0.55,1379,0.0,0.0,0.0,0.0,0.9999999999997391
deletion,0.0,0.7,,overlap,1.0,1.0,44,38,False,0.2585304031643099,0.2585348377292298,0.0,0.5614035087719298,0.49382716049382713,False,True,0,0,1.0,49,0,1.0,0.4,1428,0.0,0.0,0.0,0.0,0.9999999999999082
deletion,0.0,0.7,,overlap,1.0,1.0,44,39,False,0.2438978023732324,0.24390112829692234,0.0,0.5614035087719298,0.49382716049382713,False,True,0,0,1.0,44,0,1.0,0.5,1472,0.0,0.0,0.0,0.0,0.9999999999999535
deletion,0.0,0.7,,overlap,1.0,1.0,45,0,False,0.0,0.0,0.0,0.0,1.0,False,True,0,0,0.2,0,0,0.0,0.0,0,0.0,0.0,0.0,0.0,0.0
deletion,0.0,0.7,,overlap,1.0,1.0,45,1,False,0.0,0.0,0.35294117647058826,0.35294117647058826,0.8,False,True,0,0,0.4,4,41,0.08888888888888889,0.0,4,0.0,0.0,0.0,0.0,0.10204249999999997
deletion,0.0,0.7,,overlap,1.0,1.0,45,2,False,0.06932773109243698,0.08823529411764706,0.3888888888888889,0.3888888888888889,0.75,False,True,0,0,0.4,9,38,0.19148936170212766,0.0,13,0.0,0.0,0.0,0.0,0.7980729844999997
deletion,0.0,0.7,,overlap,1.0,1.0,45,3,False,0.12838468720821664,0.16339869281045752,0.4,0.45454545454545453,0.6842105263157895,False,True,0,0,0.4,12,31,0.27906976744186046,0.05,25,0.0,0.0,0.0,0.0,0.8964220664535612
deletion,0.0,0.7,,overlap,1.0,1.0,45,4,False,0.17753851540616247,0.22254901960784315,0.4,0.5,0.6190476190476191,False,True,0,0,0.7,1,33,0.029411764705882353,0.05,26,0.0,0.0,0.0,0.0,0.9041864592698111
deletion,0.0,0.7,,overlap,1.0,1.0,45,5,False,0.20190388655462185,0.2669117647058824,0.35,0.48,0.627906976744186,False,True,0,0,0.7,18,26,0.4090909090909091,0.5,44,0.0,0.0,0.0,0.0,0.8933527543384594
deletion,0.0,0.7,,overlap,1.0,1.0,45,6,False,0.25232077205882353,0.2876838235294118,0.3,0.5483870967741935,0.5714285714285714,False,True,0,0,0.7,21,17,0.5526315789473685,0.55,65,0.0,0.0,0.0,0.0,0.9328255561195918
deletion,0.0,0.7,,overlap,1.0,1.0,45,7,False,0.28656200761554623,0.3114659926470588,0.25,0.5714285714285714,0.5370370370370371,False,True,0,0,0.7,26,19,0.5777777777777777,0.5,91,0.0,0.0,0.0,0.0,0.9598620760298014
deletion,0.0,0.7,,overlap,1.0,1.0,45,8,False,0.29974293428308824,0.3273494944852941,0.25,0.5945945945945946,0.5178571428571429,False,True,0,0,0.7,25,20,0.5555555555555556,0.45,116,0.0,0.0,0.0,0.0,0.9722381401112186
deletion,0.0,0.7,,overlap,1.0,1.0,45,9,False,0.30516434356945904,0.3330121208639706,0.25,0.625,0.4915254237288136,False,True,0,0,0.8,19,22,0.4634146341463415,0.45,135,0.0,0.0,0.0,0.0,0.9740169179648316
deletion,0.0,0.7,,overlap,1.0,1.0,45,10,False,0.3128018291056657,0.33725909064797793,0.25,0.6444444444444445,0.46875,False,True,0,0,0.8,22,17,0.5641025641025641,0.45,157,0.0,0.0,0.0,0.0,0.9626948497057731
deletion,0.0,0.7,,overlap,1.0,1.0,45,11,False,0.31852994325782064,0.3404443179859834,0.3,0.6666666666666666,0.44776119402985076,False,True,0,0,0.9,29,17,0.6304347826086957,0.55,186,0.0,0.0,0.0,0.0,0.9756633906005443
deletion,0.0,0.7,,overlap,1.0,1.0,45,12,False,0.3406831717290798,0.36158323848948754,0.25,0.6792452830188679,0.43243243243243246,False,True,0,0,0.9,30,11,0.7317073170731707,0.75,216,0.0,0.0,0.0,0.0,0.9811921857610562
deletion,0.0,0.7,,overlap,1.0,1.0,45,13,False,0.37158380736823843,0.39618742886711567,0.2,0.6785714285714286,0.42105263157894735,False,True,0,0,0.9,33,12,0.7333333333333333,0.65,249,0.0,0.0,0.0,0.0,0.9947836867592547
deletion,0.0,0.7,,overlap,1.0,1.0,45,14,False,0.37690214124046456,0.40339057165033676,0.1,0.6551724137931034,0.4358974358974359,False,True,0,0,0.9,30,11,0.7317073170731707,0.6,279,0.0,0.0,0.0,0.0,0.9987384521592317
deletion,0.0,0.7,,overlap,1.0,1.0,45,15,False,0.36124803450177706,0.3900429287377526,0.1,0.6333333333333333,0.45,False,True,0,0,0.9,42,10,0.8076923076923077,0.55,321,0.0,0.0,0.0,0.0,0.9997871757627588
deletion,0.0,0.7,,overlap,1.0,1.0,45,16,False,0.3441503115906185,0.3737821965533144,0.1,0.6129032258064516,0.4634146341463415,False,True,0,0,1.0,30,10,0.75,0.75,351,0.0,0.0,0.0,0.0,0.999939773442843
deletion,0.0,0.7,,overlap,1.0,1.0,45,17,False,0.36436273369296385,0.38658664741498583,0.1,0.6031746031746031,0.46987951807228917,False,True,0,0,1.0,43,1,0.9772727272727273,0.45,394,0.0,0.0,0.0,0.0,0.9985713151069376
deletion,0.0,0.7,,overlap,1.0,1.0,45,18,False,0.34202205026972293,0.3586899855612393,0.1,0.6031746031746031,0.46987951807228917,False,True,0,0,1.0,47,0,1.0,0.8,441,0.0,0.0,0.0,0.0,0.9999553019264571
deletion,0.0,0.7,,overlap,1.0,1.0,45,19,False,0.3690165377022922,0.3815174891709295,0.1,0.59375,0.47619047619047616,False,True,0,0,1.0,48,0,1.0,0.7,489,0.0,0.0,0.0,0.0,0.9999979909206951
deletion,0.0,0.7,,overlap,1.0,1.0,45,20,False,0.3767624032767191,0.3861381168781971,0.1,0.59375,0.47619047619047616,False,True,0,0,1.0,44,0,1.0,0.55,533,0.0,0.0,0.0,0.0,0.9999996939859173
deletion,0.0,0.7,,overlap,1.0,1.0,45,21,False,0.3638218024575393,0.3708535876586478,0.1,0.59375,0.47619047619047616,False,True,0,0,1.0,41,0,1.0,0.65,574,0.0,0.0,0.0,0.0,0.9999998554376349
deletion,0.0,0.7,,overlap,1.0,1.0,45,22,False,0.3666163518431545,0.3718901907439858,0.1,0.59375,0.47619047619047616,False,True,0,0,1.0,48,0,1.0,0.65,622,0.0,0.0,0.0,0.0,0.9999999438333292
deletion,0.0,0.7,,overlap,1.0,1.0,45,23,False,0.36871226388236583,0.3726676430579894,0.1,0.59375,0.47619047619047616,False,True,0,0,1.0,48,0,1.0,0.5,670,0.0,0.0,0.0,0.0,0.9999999638986402
deletion,0.0,0.7,,overlap,1.0,1.0,45,24,False,0.3515341979117744,0.35450073229349205,0.1,0.59375,0.47619047619047616,False,True,0,0,1.0,40,0,1.0,0.45,710,0.0,0.0,0.0,0.0,0.9999999815864964
deletion,0.0,0.7,,overlap,1.0,1.0,45,25,False,0.3324006484338308,0.334625549220119,0.1,0.59375,0.47619047619047616,False,True,0,0,1.0,49,0,1.0,0.55,759,0.0,0.0,0.0,0.0,0.9999999885911393
deletion,0.0,0.7,,overlap,1.0,1.0,45,26,False,0.3305504863253731,0.3322191619150892,0.1,0.59375,0.47619047619047616,False,True,0,0,1.0,46,0,1.0,0.55,805,0.0,0.0,0.0,0.0,0.999999996129642
deletion,0.0,0.7,,overlap,1.0,1.0,45,27,False,0.32916286474402984,0.3304143714363169,0.1,0.59375,0.47619047619047616,False,True,0,0,1.0,42,0,1.0,0.6,847,0.0,0.0,0.0,0.0,0.9999999973428754
deletion,0.0,0.7,,overlap,1.0,1.0,45,28,False,0.3343721485580224,0.3353107785772377,0.1,0.59375,0.47619047619047616,False,True,0,0,1.0,48,0,1.0,0.45,895,0.0,0.0,0.0,0.0,0.9999999990937731
deletion,0.0,0.7,,overlap,1.0,1.0,45,29,False,0.31952911141851675,0.32023308393292826,0.1,0.59375,0.47619047619047616,False,True,0,0,1.0,46,0,1.0,0.45,941,0.0,0.0,0.0,0.0,0.9999999995552559
deletion,0.0,0.7,,overlap,1.0,1.0,45,30,False,0.30839683356388753,0.3089248129496962,0.1,0.59375,0.47619047619047616,False,True,0,0,1.0,50,0,1.0,0.5,991,0.0,0.0,0.0,0.0,0.9999999998924525
deletion,0.0,0.7,,overlap,1.0,1.0,45,31,False,0.30629762517291564,0.30669360971227216,0.1,0.59375,0.47619047619047616,False,True,0,0,1.0,46,0,1.0,0.55,1037,0.0,0.0,0.0,0.0,0.9999999999476994
deletion,0.0,0.7,,overlap,1.0,1.0,45,32,False,0.3109732188796868,0.3112702072842041,0.1,0.59375,0.47619047619047616,False,True,0,0,1.0,44,0,1.0,0.55,1081,0.0,0.0,0.0,0.0,0.9999999999478835
deletion,0.0,0.7,,overlap,1.0,1.0,45,33,False,0.31447991415976506,0.31470265546315307,0.1,0.59375,0.47619047619047616,False,True,0,0,1.0,45,0,1.0,0.55,1126,0.0,0.0,0.0,0.0,0.999999999974549
deletion,0.0,0.7,,overlap,1.0,1.0,45,34,False,0.31710993561982376,0.3172769915973648,0.1,0.59375,0.47619047619047616,False,True,0,0,1.0,48,0,1.0,0.7,1174,0.0,0.0,0.0,0.0,0.9999999999875359
deletion,0.0,0.7,,overlap,1.0,1.0,45,35,False,0.3378324517148678,0.33795774369802356,0.1,0.59375,0.47619047619047616,False,True,0,0,1.0,48,0,1.0,0.65,1222,0.0,0.0,0.0,0.0,0.9999999999912766
deletion,0.0,0.7,,overlap,1.0,1.0,45,36,False,0.34712433878615084,0.3472183077735177,0.1,0.59375,0.47619047619047616,False,True,0,0,1.0,42,0,1.0,0.6,1264,0.0,0.0,0.0,0.0,0.9999999999957268
deletion,0.0,0.7,,overlap,1.0,1.0,45,37,False,0.3478432540896132,0.3479137308301383,0.1,0.59375,0.47619047619047616,False,True,0,0,1.0,44,0,1.0,0.65,1308,0.0,0.0,0.0,0.0,0.9999999999979042
deletion,0.0,0.7,,overlap,1.0,1.0,45,38,False,0.3546324405672099,0.35468529812260374,0.1,0.59375,0.47619047619047616,False,True,0,0,1.0,46,0,1.0,0.5,1354,0.0,0.0,0.0,0.0,0.9999999999989735
deletion,0.0,0.7,,overlap,1.0,1.0,45,39,False,0.3409743304254074,0.3410139735919528,0.1,0.59375,0.47619047619047616,False,True,0,0,1.0,40,0,1.0,0.5,1394,0.0,0.0,0.0,0.0,0.9999999999992817
deletion,0.0,0.7,,overlap,1.0,1.0,46,0,False,0.0,0.0,0.0,0.0,1.0,False,True,0,0,0.1,0,0,0.0,0.0,0,0.0,0.0,0.0,0.0,0.0
deletion,0.0,0.7,,overlap,1.0,1.0,46,1,False,0.0,0.0,0.3,0.3,0.7916666666666666,False,True,0,0,0.2,1,44,0.022222222222222223,0.0,1,0.0,0.0,0.0,0.0,0.17149999999999996
deletion,0.0,0.7,,overlap,1.0,1.0,46,2,False,0.06964285714285715,0.075,0.42857142857142855,0.42857142857142855,0.7,False,True,0,0,0.3,6,31,0.16216216216216217,0.8571428571428571,7,0.0,0.0,0.0,0.0,0.5088236749999999
deletion,0.0,0.7,,overlap,1.0,1.0,46,3,False,0.17468112244897957,0.2169642857142857,0.3888888888888889,0.3888888888888889,0.6756756756756757,False,True,0,0,0.5,18,28,0.391304347826087,0.7,25,0.0,0.0,0.0,0.0,0.7751305803405065
deletion,0.0,0.7,,overlap,1.0,1.0,46,4,False,0.239344175170068,0.29883432539682536,0.3,0.4166666666666667,0.6444444444444445,False,True,0,0,0.6,24,7,0.7741935483870968,0.65,49,0.0,0.0,0.0,0.0,0.8668289105232164
deletion,0.0,0.7,,overlap,1.0,1.0,46,5,False,0.273258131377551,0.342875744047619,0.25,0.39285714285714285,0.6458333333333334,False,True,0,0,0.8,43,10,0.8113207547169812,0.75,92,0.0,0.0,0.0,0.0,0.9579084527185012
deletion,0.0,0.7,,overlap,1.0,1.0,46,6,False,0.3120864556760204,0.3821568080357143,0.05,0.34146341463414637,0.6949152542372882,False,True,0,0,0.8,38,3,0.926829268292683,0.8,130,0.0,0.0,0.0,0.0,0.9132188075008496
deletion,0.0,0.7,,overlap,1.0,1.0,46,7,False,0.313529127471301,0.3928676060267857,0.0,0.3333333333333333,0.6875,False,True,0,0,0.8,44,4,0.9166666666666666,0.5,174,0.0,0.0,0.0,0.0,0.9762454931209628
deletion,0.0,0.7,,overlap,1.0,1.0,46,8,False,0.2797897027463329,0.3571507045200893,0.0,0.3541666666666667,0.6865671641791045,False,True,0,0,0.9,43,5,0.8958333333333334,0.7,217,0.0,0.0,0.0,0.0,0.9941424647303604
deletion,0.0,0.7,,overlap,1.0,1.0,46,9,False,0.2848422770597497,0.35536302839006695,0.0,0.32727272727272727,0.7123287671232876,False,True,0,0,1.0,40,3,0.9302325581395349,0.65,257,0.0,0.0,0.0,0.0,0.9591218732301292
deletion,0.0,0.7,,overlap,1.0,1.0,46,10,False,0.29488170779481226,0.34777227129255023,0.0,0.3103448275862069,0.7236842105263158,False,True,0,0,1.0,39,4,0.9069767441860465,0.55,296,0.0,0.0,0.0,0.0,0.9752148730485398
deletion,0.0,0.7,,overlap,1.0,1.0,46,11,False,0.2899112808461092,0.3295792034694127,0.0,0.30158730158730157,0.7341772151898734,False,True,0,0,1.0,41,1,0.9761904761904762,0.6,337,0.0,0.0,0.0,0.0,0.9896699409424556
deletion,0.0,0.7,,overlap,1.0,1.0,46,12,False,0.2924334606345819,0.32218440260205955,0.0,0.3076923076923077,0.725,False,True,0,0,1.0,48,0,1.0,0.6,385,0.0,0.0,0.0,0.0,0.9928926102534493
deletion,0.0,0.7,,overlap,1.0,1.0,46,13,False,0.2943250954759364,0.3166383019515447,0.0,0.30303030303030304,0.7283950617283951,False,True,0,0,1.0,44,1,0.9777777777777777,0.65,429,0.0,0.0,0.0,0.0,0.9965174514758862
deletion,0.0,0.7,,overlap,1.0,1.0,46,14,False,0.3019938216069523,0.3187287264636585,0.0,0.29850746268656714,0.7380952380952381,False,True,0,0,1.0,48,0,1.0,0.5,477,0.0,0.0,0.0,0.0,0.9992504919411245
deletion,0.0,0.7,,overlap,1.0,1.0,46,15,False,0.2889953662052142,0.3015465448477439,0.0,0.29850746268656714,0.7380952380952381,False,True,0,0,1.0,45,0,1.0,0.35,522,0.0,0.0,0.0,0.0,0.9996975195297898
deletion,0.0,0.7,,overlap,1.0,1.0,46,16,False,0.2604965246539107,0.26990990863580794,0.0,0.29850746268656714,0.7380952380952381,False,True,0,0,1.0,51,0,1.0,0.6,573,0.0,0.0,0.0,0.0,0.9999012728375917
deletion,0.0,0.7,,overlap,1.0,1.0,46,17,False,0.270372393490433,0.277432431476856,0.0,0.29850746268656714,0.7380952380952381,False,True,0,0,1.0,48,0,1.0,0.5,621,0.0,0.0,0.0,0.0,0.9999662572642396
deletion,0.0,0.7,,overlap,1.0,1.0,46,18,False,0.2652792951178248,0.270574323607642,0.0,0.29850746268656714,0.7380952380952381,False,True,0,0,1.0,54,0,1.0,0.5,675,0.0,0.0,0.0,0.0,0.9999879463311208
deletion,0.0,0.7,,overlap,1.0,1.0,46,19,False,0.2614594713383686,0.2654307427057315,0.0,0.29850746268656714,0.7380952380952381,False,True,0,0,1.0,43,0,1.0,0.7,718,0.0,0.0,0.0,0.0,0.9999916235205042
deletion,0.0,0.7,,overlap,1.0,1.0,46,20,False,0.28359460350377647,0.28657305702929864,0.0,0.29850746268656714,0.7380952380952381,False,True,0,0,1.0,36,0,1.0,0.7,754,0.0,0.0,0.0,0.0,0.9999948752234576
deletion,0.0,0.7,,overlap,1.0,1.0,46,21,False,0.30019595262783233,0.302429792771974,0.0,0.29850746268656714,0.7380952380952381,False,True,0,0,1.0,50,0,1.0,0.65,804,0.0,0.0,0.0,0.0,0.9999982406837876
deletion,0.0,0.7,,overlap,1.0,1.0,46,22,False,0.3063969644708743,0.30807234457898053,0.0,0.29850746268656714,0.7380952380952381,False,True,0,0,1.0,48,0,1.0,0.55,852,0.0,0.0,0.0,0.0,0.9999995750753448
deletion,0.0,0.7,,overlap,1.0,1.0,46,23,False,0.2985477233531557,0.2998042584342354,0.0,0.29850746268656714,0.7380952380952381,False,True,0,0,1.0,46,0,1.0,0.5,898,0.0,0.0,0.0,0.0,0.9999998000486057
deletion,0.0,0.7,,overlap,1.0,1.0,46,24,False,0.28641079251486673,0.2873531938256766,0.0,0.29850746268656714,0.7380952380952381,False,True,0,0,1.0,45,0,1.0,0.7,943,0.0,0.0,0.0,0.0,0.9999998624068913
deletion,0.0,0.7,,overlap,1.0,1.0,46,25,False,0.3023080943861501,0.3030148953692574,0.0,0.29850746268656714,0.7380952380952381,False,True,0,0,1.0,47,0,1.0,0.5,990,0.0,0.0,0.0,0.0,0.9999999764560826
deletion,0.0,0.7,,overlap,1.0,1.0,46,26,False,0.2892310707896125,0.28976117152694303,0.0,0.29850746268656714,0.7380952380952381,False,True,0,0,1.0,46,0,1.0,0.5,1036,0.0,0.0,0.0,0.0,0.999999991902739
deletion,0.0,0.7,,overlap,1.0,1.0,46,27,False,0.2794233030922094,0.27982087864520727,0.0,0.29850746268656714,0.7380952380952381,False,True,0,0,1.0,42,0,1.0,0.6,1078,0.0,0.0,0.0,0.0,0.9999999944150115
deletion,0.0,0.7,,overlap,1.0,1.0,46,28,False,0.28456747731915705,0.2848656589839055,0.0,0.29850746268656714,0.7380952380952381,False,True,0,0,1.0,44,0,1.0,0.35,1122,0.0,0.0,0.0,0.0,0.9999999989936962
deletion,0.0,0.7,,overlap,1.0,1.0,46,29,False,0.2571756079893678,0.2573992442379291,0.0,0.29850746268656714,0.7380952380952381,False,True,0,0,1.0,43,0,1.0,0.55,1165,0.0,0.0,0.0,0.0,0.9999999995113462
deletion,0.0,0.7,,overlap,1.0,1.0,46,30,False,0.26163170599202584,0.2617994331784468,0.0,0.29850746268656714,0.7380952380952381,False,True,0,0,1.0,50,0,1.0,0.5,1215,0.0,0.0,0.0,0.0,0.9999999999079741
deletion,0.0,0.7,,overlap,1.0,1.0,46,31,False,0.2587237794940194,0.2588495748838351,0.0,0.29850746268656714,0.7380952380952381,False,True,0,0,1.0,49,0,1.0,0.35,1264,0.0,0.0,0.0,0.0,0.9999999999587441
deletion,0.0,0.7,,overlap,1.0,1.0,46,32,False,0.23779283462051454,0.23788718116287633,0.0,0.29850746268656714,0.7380952380952381,False,True,0,0,1.0,41,0,1.0,0.55,1305,0.0,0.0,0.0,0.0,0.9999999999887148
deletion,0.0,0.7,,overlap,1.0,1.0,46,33,False,0.24709462596538592,0.24716538587215725,0.0,0.29850746268656714,0.7380952380952381,False,True,0,0,1.0,51,0,1.0,0.55,1356,0.0,0.0,0.0,0.0,0.9999999999966886
deletion,0.0,0.7,,overlap,1.0,1.0,46,34,False,0.25407096947403945,0.254124039404118,0.0,0.29850746268656714,0.7380952380952381,False,True,0,0,1.0,41,0,1.0,0.5,1397,0.0,0.0,0.0,0.0,0.9999999999990488
deletion,0.0,0.7,,overlap,1.0,1.0,46,35,False,0.2530532271055296,0.2530930295530885,0.0,0.29850746268656714,0.7380952380952381,False,True,0,0,1.0,45,0,1.0,0.45,1442,0.0,0.0,0.0,0.0,0.9999999999996068
deletion,0.0,0.7,,overlap,1.0,1.0,46,36,False,0.24603992032914718,0.24606977216481637,0.0,0.29850746268656714,0.7380952380952381,False,True,0,0,1.0,43,0,1.0,0.35,1485,0.0,0.0,0.0,0.0,0.9999999999997243
deletion,0.0,0.7,,overlap,1.0,1.0,46,37,False,0.22827994024686035,0.22830232912361226,0.0,0.29850746268656714,0.7380952380952381,False,True,0,0,1.0,43,0,1.0,0.6,1528,0.0,0.0,0.0,0.0,0.9999999999999047
deletion,0.0,0.7,,overlap,1.0,1.0,46,38,False,0.2462099551851453,0.24622674684270918,0.0,0.29850746268656714,0.7380952380952381,False,True,0,0,1.0,50,0,1.0,0.5,1578,0.0,0.0,0.0,0.0,0.9999999999999553
deletion,0.0,0.7,,overlap,1.0,1.0,46,39,False,0.24715746638885897,0.24717006013203188,0.0,0.29850746268656714,0.7380952380952381,False,True,0,0,1.0,46,0,1.0,0.55,1624,0.0,0.0,0.0,0.0,0.9999999999999692
deletion,0.0,0.7,,overlap,1.0,1.0,47,0,False,0.0,0.0,0.0,0.0,1.0,False,True,0,0,0.1,0,0,0.0,0.0,0,0.0,0.0,0.0,0.0,0.0
deletion,0.0,0.7,,overlap,1.0,1.0,47,1,False,0.0,0.0,0.3333333333333333,0.3333333333333333,0.84,False,True,0,0,0.2,0,40,0.0,0.0,0,0.0,0.0,0.0,0.0,0.04117714999999998
deletion,0.0,0.7,,overlap,1.0,1.0,47,2,False,0.08333333333333333,0.08333333333333333,0.4666666666666667,0.4666666666666667,0.7419354838709677,False,True,0,0,0.2,0,38,0.0,0.0,0,0.0,0.0,0.0,0.0,0.17742222526017498
deletion,0.0,0.7,,overlap,1.0,1.0,47,3,False,0.17916666666666667,0.17916666666666667,0.5,0.5,0.631578947368421,False,True,0,0,0.2,0,37,0.0,0.0,0,0.0,0.0,0.0,0.0,0.17513963646602082
deletion,0.0,0.7,,overlap,1.0,1.0,47,4,False,0.259375,0.259375,0.55,0.5714285714285714,0.5454545454545454,False,True,0,0,0.3,0,38,0.0,0.0,0,0.0,0.0,0.0,0.0,0.17502346870084412
deletion,0.0,0.7,,overlap,1.0,1.0,47,5,False,0.33203125,0.33203125,0.55,0.5909090909090909,0.5434782608695652,False,True,0,0,0.4,1,42,0.023255813953488372,1.0,1,0.0,0.0,0.0,0.0,0.15668396469782042
deletion,0.0,0.7,,overlap,1.0,1.0,47,6,False,0.4025948660714286,0.4427734375,0.45,0.5925925925925926,0.5094339622641509,False,True,0,0,0.6,6,33,0.15384615384615385,0.8571428571428571,7,0.0,0.0,0.0,0.0,0.6012775569595503
deletion,0.0,0.7,,overlap,1.0,1.0,47,7,False,0.44352778220663264,0.4954729352678571,0.45,0.6071428571428571,0.5178571428571429,False,True,0,0,0.8,23,26,0.46938775510204084,0.5,30,0.0,0.0,0.0,0.0,0.8712061433068307
deletion,0.0,0.7,,overlap,1.0,1.0,47,8,False,0.4505029795121174,0.49035470145089277,0.35,0.5806451612903226,0.5081967213114754,False,True,0,0,0.9,33,11,0.75,0.45,63,0.0,0.0,0.0,0.0,0.9259221939921563
deletion,0.0,0.7,,overlap,1.0,1.0,47,9,False,0.4360915203483738,0.46776602608816953,0.35,0.59375,0.5,False,True,0,0,0.9,46,2,0.9583333333333334,0.4,109,0.0,0.0,0.0,0.0,0.9760527507499182
deletion,0.0,0.7,,overlap,1.0,1.0,47,10,False,0.41992578311842316,0.44457451956612715,0.2,0.5555555555555556,0.5230769230769231,False,True,0,0,1.0,37,2,0.9487179487179487,0.75,146,0.0,0.0,0.0,0.0,0.9881833403637688
deletion,0.0,0.7,,overlap,1.0,1.0,47,11,False,0.43369433733881735,0.45218088967459535,0.2,0.5675675675675675,0.5074626865671642,False,True,0,0,1.0,51,0,1.0,0.6,197,0.0,0.0,0.0,0.0,0.9716781245555755
deletion,0.0,0.7,,overlap,1.0,1.0,47,12,False,0.42527075300411304,0.43913566725594655,0.2,0.5897435897435898,0.5074626865671642,False,True,0,0,1.0,52,0,1.0,0.6,249,0.0,0.0,0.0,0.0,0.9908400795853108
deletion,0.0,0.7,,overlap,1.0,1.0,47,13,False,0.41895306475308475,0.42935175044195995,0.2,0.6190476190476191,0.4927536231884058,False,True,0,0,1.0,47,0,1.0,0.75,296,0.0,0.0,0.0,0.0,0.9975639374844455
deletion,0.0,0.7,,overlap,1.0,1.0,47,14,False,0.43296479856481357,0.4407638128314699,0.2,0.6190476190476191,0.4857142857142857,False,True,0,0,1.0,45,0,1.0,0.5,341,0.0,0.0,0.0,0.0,0.9991382617611786
deletion,0.0,0.7,,overlap,1.0,1.0,47,15,False,0.41222359892361016,0.4180728596236024,0.2,0.6190476190476191,0.4857142857142857,False,True,0,0,1.0,50,0,1.0,0.55,391,0.0,0.0,0.0,0.0,0.9997167950733482
deletion,0.0,0.7,,overlap,1.0,1.0,47,16,False,0.40291769919270765,0.4073046447177018,0.2,0.6190476190476191,0.4857142857142857,False,True,0,0,1.0,53,0,1.0,0.5,444,0.0,0.0,0.0,0.0,0.9998654853453729
deletion,0.0,0.7,,overlap,1.0,1.0,47,17,False,0.3896882743945307,0.39297848353827636,0.2,0.6190476190476191,0.4857142857142857,False,True,0,0,1.0,46,0,1.0,0.55,490,0.0,0.0,0.0,0.0,0.999980499409302
deletion,0.0,0.7,,overlap,1.0,1.0,47,18,False,0.38601620579589807,0.38848386265370727,0.2,0.6190476190476191,0.4857142857142857,False,True,0,0,1.0,49,0,1.0,0.6,539,0.0,0.0,0.0,0.0,0.9999927808289233
deletion,0.0,0.7,,overlap,1.0,1.0,47,19,False,0.38951215434692354,0.3913628969902805,0.2,0.6190476190476191,0.4857142857142857,False,True,0,0,1.0,44,0,1.0,0.65,583,0.0,0.0,0.0,0.0,0.9999971837729701
deletion,0.0,0.7,,overlap,1.0,1.0,47,20,False,0.39838411576019267,0.3997721727427104,0.2,0.6190476190476191,0.4857142857142857,False,True,0,0,1.0,36,0,1.0,0.65,619,0.0,0.0,0.0,0.0,0.9999986784755294
deletion,0.0,0.7,,overlap,1.0,1.0,47,21,False,0.4050380868201445,0.4060791295570328,0.2,0.6190476190476191,0.4857142857142857,False,True,0,0,1.0,38,0,1.0,0.5,657,0.0,0.0,0.0,0.0,0.9999994000129044
deletion,0.0,0.7,,overlap,1.0,1.0,47,22,False,0.39127856511510833,0.3920593471677746,0.2,0.6190476190476191,0.4857142857142857,False,True,0,0,1.0,49,0,1.0,0.5,706,0.0,0.0,0.0,0.0,0.9999998747045028
deletion,0.0,0.7,,overlap,1.0,1.0,47,23,False,0.38095892383633123,0.3815445103758309,0.2,0.6190476190476191,0.4857142857142857,False,True,0,0,1.0,38,0,1.0,0.6,744,0.0,0.0,0.0,0.0,0.9999999290549985
deletion,0.0,0.7,,overlap,1.0,1.0,47,24,False,0.38571919287724843,0.3861583827818732,0.2,0.6190476190476191,0.4857142857142857,False,True,0,0,1.0,42,0,1.0,0.75,786,0.0,0.0,0.0,0.0,0.9999999659581988
deletion,0.0,0.7,,overlap,1.0,1.0,47,25,False,0.4080393946579363,0.4083687870864049,0.2,0.6190476190476191,0.4857142857142857,False,True,0,0,1.0,54,0,1.0,0.4,840,0.0,0.0,0.0,0.0,0.999999991855937
deletion,0.0,0.7,,overlap,1.0,1.0,47,26,False,0.38102954599345223,0.3812765903148037,0.2,0.6190476190476191,0.4857142857142857,False,True,0,0,1.0,42,0,1.0,0.6,882,0.0,0.0,0.0,0.0,0.9999999959643574
deletion,0.0,0.7,,overlap,1.0,1.0,47,27,False,0.38577215949508925,0.3859574427361028,0.2,0.6190476190476191,0.4857142857142857,False,True,0,0,1.0,46,0,1.0,0.75,928,0.0,0.0,0.0,0.0,0.999999998731645
deletion,0.0,0.7,,overlap,1.0,1.0,47,28,False,0.4080791196213169,0.4082180820520771,0.2,0.6190476190476191,0.4857142857142857,False,True,0,0,1.0,48,0,1.0,0.4,976,0.0,0.0,0.0,0.0,0.9999999995916322
deletion,0.0,0.7,,overlap,1.0,1.0,47,29,False,0.3810593397159877,0.38116356153905784,0.2,0.6190476190476191,0.4857142857142857,False,True,0,0,1.0,43,0,1.0,0.7,1019,0.0,0.0,0.0,0.0,0.9999999997085768
deletion,0.0,0.7,,overlap,1.0,1.0,47,30,False,0.39829450478699074,0.39837267115429337,0.2,0.6190476190476191,0.4857142857142857,False,True,0,0,1.0,45,0,1.0,0.6,1064,0.0,0.0,0.0,0.0,0.9999999998681058
deletion,0.0,0.7,,overlap,1.0,1.0,47,31,False,0.3987208785902431,0.39877950336572,0.2,0.6190476190476191,0.4857142857142857,False,True,0,0,1.0,42,0,1.0,0.5,1106,0.0,0.0,0.0,0.0,0.9999999999177703
deletion,0.0,0.7,,overlap,1.0,1.0,47,32,False,0.3865406589426823,0.38658462752429,0.2,0.6190476190476191,0.4857142857142857,False,True,0,0,1.0,37,0,1.0,0.8,1143,0.0,0.0,0.0,0.0,0.9999999999689309
deletion,0.0,0.7,,overlap,1.0,1.0,47,33,False,0.4149054942070118,0.41493847064321754,0.2,0.6190476190476191,0.4857142857142857,False,True,0,0,1.0,54,0,1.0,0.65,1197,0.0,0.0,0.0,0.0,0.9999999999949845
deletion,0.0,0.7,,overlap,1.0,1.0,47,34,False,0.41742912065525883,0.41745385298241316,0.2,0.6190476190476191,0.4857142857142857,False,True,0,0,1.0,48,0,1.0,0.55,1245,0.0,0.0,0.0,0.0,0.9999999999989443
deletion,0.0,0.7,,overlap,1.0,1.0,47,35,False,0.40682184049144415,0.40684038973680986,0.2,0.6190476190476191,0.4857142857142857,False,True,0,0,1.0,34,0,1.0,0.6,1279,0.0,0.0,0.0,0.0,0.9999999999995355
deletion,0.0,0.7,,overlap,1.0,1.0,47,36,False,0.40511638036858316,0.40513029230260744,0.2,0.6190476190476191,0.4857142857142857,False,True,0,0,1.0,48,0,1.0,0.55,1327,0.0,0.0,0.0,0.0,0.9999999999998442
deletion,0.0,0.7,,overlap,1.0,1.0,47,37,False,0.39758728527643733,0.3975977192269556,0.2,0.6190476190476191,0.4857142857142857,False,True,0,0,1.0,42,0,1.0,0.6,1369,0.0,0.0,0.0,0.0,0.9999999999999357
deletion,0.0,0.7,,overlap,1.0,1.0,47,38,False,0.39819046395732804,0.39819828942021673,0.2,0.6190476190476191,0.4857142857142857,False,True,0,0,1.0,52,0,1.0,0.6,1421,0.0,0.0,0.0,0.0,0.9999999999999825
deletion,0.0,0.7,,overlap,1.0,1.0,47,39,False,0.398642847967996,0.3986487170651626,0.2,0.6190476190476191,0.4857142857142857,False,True,0,0,1.0,51,0,1.0,0.5,1472,0.0,0.0,0.0,0.0,0.9999999999999918
deletion,0.0,0.7,,overlap,1.0,1.0,48,0,False,0.0,0.0,0.0,0.0,1.0,False,True,0,0,0.0,0,0,0.0,0.0,0,0.0,0.0,0.0,0.0,0.0
deletion,0.0,0.7,,overlap,1.0,1.0,48,1,False,0.0,0.0,0.3,0.3,0.8636363636363636,False,True,0,0,0.0,0,45,0.0,0.0,0,0.0,0.0,0.0,0.0,0.0
deletion,0.0,0.7,,overlap,1.0,1.0,48,2,False,0.075,0.075,0.3333333333333333,0.3333333333333333,0.7407407407407407,False,True,0,0,0.1,0,43,0.0,0.0,0,0.0,0.0,0.0,0.0,0.0
deletion,0.0,0.7,,overlap,1.0,1.0,48,3,False,0.13958333333333334,0.13958333333333334,0.5,0.5,0.6060606060606061,False,True,0,0,0.3,1,39,0.025,0.0,1,0.0,0.0,0.0,0.0,0.12004999999999996
deletion,0.0,0.7,,overlap,1.0,1.0,48,4,False,0.2118303571428571,0.2296875,0.5,0.5,0.6060606060606061,False,True,0,0,0.4,7,44,0.13725490196078433,0.875,8,0.0,0.0,0.0,0.0,0.48949982674999987
deletion,0.0,0.7,,overlap,1.0,1.0,48,5,False,0.297265625,0.297265625,0.5,0.5,0.5882352941176471,False,True,0,0,0.4,21,31,0.40384615384615385,0.85,29,0.0,0.0,0.0,0.0,0.8746011236126033
deletion,0.0,0.7,,overlap,1.0,1.0,48,6,False,0.36044921874999997,0.39169921875,0.4,0.45454545454545453,0.6,False,True,0,0,0.5,17,25,0.40476190476190477,0.8,46,0.0,0.0,0.0,0.0,0.9181374773460773
deletion,0.0,0.7,,overlap,1.0,1.0,48,7,False,0.39176548549107143,0.44377441406250007,0.35,0.43478260869565216,0.6097560975609756,False,True,0,0,0.7,25,22,0.5319148936170213,0.75,71,0.0,0.0,0.0,0.0,0.9162009121251415
deletion,0.0,0.7,,overlap,1.0,1.0,48,8,False,0.4098955426897322,0.47033081054687503,0.1,0.35714285714285715,0.6521739130434783,False,True,0,0,0.8,37,10,0.7872340425531915,0.7,108,0.0,0.0,0.0,0.0,0.9654525840287881
deletion,0.0,0.7,,overlap,1.0,1.0,48,9,False,0.3859930855887277,0.45274810791015624,0.0,0.30303030303030304,0.6862745098039216,False,True,0,0,0.8,42,3,0.9333333333333333,0.7,150,0.0,0.0,0.0,0.0,0.974712097819705
deletion,0.0,0.7,,overlap,1.0,1.0,48,10,False,0.35199481419154577,0.4270610809326172,0.0,0.2777777777777778,0.7037037037037037,False,True,0,0,0.8,38,4,0.9047619047619048,0.6,188,0.0,0.0,0.0,0.0,0.9872714237939794
deletion,0.0,0.7,,overlap,1.0,1.0,48,11,False,0.31756753921508796,0.3952958106994629,0.0,0.25,0.7241379310344828,False,True,0,0,0.9,37,3,0.925,0.65,225,0.0,0.0,0.0,0.0,0.9939576834904222
deletion,0.0,0.7,,overlap,1.0,1.0,48,12,False,0.30781851155417306,0.3777218580245972,0.0,0.2558139534883721,0.7258064516129032,False,True,0,0,0.9,42,2,0.9545454545454546,0.4,267,0.0,0.0,0.0,0.0,0.971658253467556
deletion,0.0,0.7,,overlap,1.0,1.0,48,13,False,0.27372102652277264,0.3332913935184479,0.0,0.25,0.7301587301587301,False,True,0,0,1.0,43,4,0.9148936170212766,0.7,310,0.0,0.0,0.0,0.0,0.9901297198174048
deletion,0.0,0.7,,overlap,1.0,1.0,48,14,False,0.2927907698920795,0.33746854513883595,0.0,0.24444444444444444,0.734375,False,True,0,0,1.0,42,0,1.0,0.45,352,0.0,0.0,0.0,0.0,0.9982209153670902
deletion,0.0,0.7,,overlap,1.0,1.0,48,15,False,0.2758430774190596,0.309351408854127,0.0,0.2391304347826087,0.7384615384615385,False,True,0,0,1.0,41,0,1.0,0.7,393,0.0,0.0,0.0,0.0,0.9747289148563004
deletion,0.0,0.7,,overlap,1.0,1.0,48,16,False,0.2943823080642947,0.3195135566405952,0.0,0.23404255319148937,0.7424242424242424,False,True,0,0,1.0,56,1,0.9824561403508771,0.4,449,0.0,0.0,0.0,0.0,0.993864418798253
deletion,0.0,0.7,,overlap,1.0,1.0,48,17,False,0.27078673104822104,0.28963516748044643,0.0,0.23404255319148937,0.7424242424242424,False,True,0,0,1.0,54,0,1.0,0.5,503,0.0,0.0,0.0,0.0,0.9979373590361013
deletion,0.0,0.7,,overlap,1.0,1.0,48,18,False,0.2655900482861658,0.2797263756103348,0.0,0.23404255319148937,0.7424242424242424,False,True,0,0,1.0,47,0,1.0,0.45,550,0.0,0.0,0.0,0.0,0.9992923446582708
deletion,0.0,0.7,,overlap,1.0,1.0,48,19,False,0.2554425362146243,0.26604478170775114,0.0,0.23404255319148937,0.7424242424242424,False,True,0,0,1.0,39,0,1.0,0.5,589,0.0,0.0,0.0,0.0,0.9997581933706771
deletion,0.0,0.7,,overlap,1.0,1.0,48,20,False,0.25408190216096826,0.26203358628081336,0.0,0.23404255319148937,0.7424242424242424,False,True,0,0,1.0,41,0,1.0,0.65,630,0.0,0.0,0.0,0.0,0.9999400351598247
deletion,0.0,0.7,,overlap,1.0,1.0,48,21,False,0.2718114266207262,0.27777518971061,0.0,0.23404255319148937,0.7424242424242424,False,True,0,0,1.0,40,0,1.0,0.45,670,0.0,0.0,0.0,0.0,0.9999796521075013
deletion,0.0,0.7,,overlap,1.0,1.0,48,22,False,0.26010856996554466,0.2645813922829575,0.0,0.23404255319148937,0.7424242424242424,False,True,0,0,1.0,45,0,1.0,0.4,715,0.0,0.0,0.0,0.0,0.9999926834269097
deletion,0.0,0.7,,overlap,1.0,1.0,48,23,False,0.24508142747415848,0.24843604421221815,0.0,0.23404255319148937,0.7424242424242424,False,True,0,0,1.0,38,0,1.0,0.6,753,0.0,0.0,0.0,0.0,0.9999974034341648
deletion,0.0,0.7,,overlap,1.0,1.0,48,24,False,0.25881107060561886,0.2613270331591636,0.0,0.23404255319148937,0.7424242424242424,False,True,0,0,1.0,47,0,1.0,0.45,800,0.0,0.0,0.0,0.0,0.9999990675054322
deletion,0.0,0.7,,overlap,1.0,1.0,48,25,False,0.25035830295421413,0.2522452748693727,0.0,0.23404255319148937,0.7424242424242424,False,True,0,0,1.0,42,0,1.0,0.45,842,0.0,0.0,0.0,0.0,0.9999993802942541
deletion,0.0,0.7,,overlap,1.0,1.0,48,26,False,0.24401872721566062,0.24543395615202954,0.0,0.23404255319148937,0.7424242424242424,False,True,0,0,1.0,46,0,1.0,0.55,888,0.0,0.0,0.0,0.0,0.9999997639029017
deletion,0.0,0.7,,overlap,1.0,1.0,48,27,False,0.25176404541174546,0.25282546711402215,0.0,0.23404255319148937,0.7424242424242424,False,True,0,0,1.0,51,0,1.0,0.55,939,0.0,0.0,0.0,0.0,0.9999999551711121
deletion,0.0,0.7,,overlap,1.0,1.0,48,28,False,0.2575730340588091,0.25836910033551663,0.0,0.23404255319148937,0.7424242424242424,False,True,0,0,1.0,44,0,1.0,0.3,983,0.0,0.0,0.0,0.0,0.9999999836025715
deletion,0.0,0.7,,overlap,1.0,1.0,48,29,False,0.23067977554410685,0.23127682525163748,0.0,0.23404255319148937,0.7424242424242424,False,True,0,0,1.0,51,0,1.0,0.65,1034,0.0,0.0,0.0,0.0,0.9999999919881443
deletion,0.0,0.7,,overlap,1.0,1.0,48,30,False,0.25425983165808014,0.2547076189387281,0.0,0.23404255319148937,0.7424242424242424,False,True,0,0,1.0,44,0,1.0,0.4,1078,0.0,0.0,0.0,0.0,0.9999999972498328
deletion,0.0,0.7,,overlap,1.0,1.0,48,31,False,0.2406948737435601,0.2410307142040461,0.0,0.23404255319148937,0.7424242424242424,False,True,0,0,1.0,42,0,1.0,0.35,1120,0.0,0.0,0.0,0.0,0.9999999993376711
deletion,0.0,0.7,,overlap,1.0,1.0,48,32,False,0.22427115530767008,0.22452303565303455,0.0,0.23404255319148937,0.7424242424242424,False,True,0,0,1.0,48,0,1.0,0.5,1168,0.0,0.0,0.0,0.0,0.9999999995383586
deletion,0.0,0.7,,overlap,1.0,1.0,48,33,False,0.23070336648075254,0.23089227673977591,0.0,0.23404255319148937,0.7424242424242424,False,True,0,0,1.0,48,0,1.0,0.6,1216,0.0,0.0,0.0,0.0,0.999999999747005
deletion,0.0,0.7,,overlap,1.0,1.0,48,34,False,0.24802752486056442,0.24816920755483196,0.0,0.23404255319148937,0.7424242424242424,False,True,0,0,1.0,47,0,1.0,0.55,1263,0.0,0.0,0.0,0.0,0.9999999998878397
deletion,0.0,0.7,,overlap,1.0,1.0,48,35,False,0.2547706436454233,0.254876905666124,0.0,0.23404255319148937,0.7424242424242424,False,True,0,0,1.0,43,0,1.0,0.4,1306,0.0,0.0,0.0,0.0,0.9999999999465903
deletion,0.0,0.7,,overlap,1.0,1.0,48,36,False,0.24107798273406747,0.24115767924959297,0.0,0.23404255319148937,0.7424242424242424,False,True,0,0,1.0,45,0,1.0,0.65,1351,0.0,0.0,0.0,0.0,0.9999999999477515
deletion,0.0,0.7,,overlap,1.0,1.0,48,37,False,0.2620584870505506,0.26211825943719474,0.0,0.23404255319148937,0.7424242424242424,False,True,0,0,1.0,48,0,1.0,0.45,1399,0.0,0.0,0.0,0.0,0.9999999999821216
deletion,0.0,0.7,,overlap,1.0,1.0,48,38,False,0.252793865287913,0.2528386945778961,0.0,0.23404255319148937,0.7424242424242424,False,True,0,0,1.0,55,0,1.0,0.5,1454,0.0,0.0,0.0,0.0,0.9999999999912552
deletion,0.0,0.7,,overlap,1.0,1.0,48,39,False,0.25209539896593475,0.25212902093342204,0.0,0.23404255319148937,0.7424242424242424,False,True,0,0,1.0,39,0,1.0,0.55,1493,0.0,0.0,0.0,0.0,0.999999999993879
deletion,0.0,0.7,,overlap,1.0,1.0,49,0,False,0.0,0.0,0.0,0.0,1.0,False,True,0,0,0.1,0,0,0.0,0.0,0,0.0,0.0,0.0,0.0,0.0
deletion,0.0,0.7,,overlap,1.0,1.0,49,1,False,0.0,0.0,0.25,0.25,0.8076923076923077,False,True,0,0,0.1,0,42,0.0,0.0,0,0.0,0.0,0.0,0.0,0.04117714999999998
deletion,0.0,0.7,,overlap,1.0,1.0,49,2,False,0.0625,0.0625,0.45454545454545453,0.45454545454545453,0.6470588235294118,False,True,0,0,0.2,0,42,0.0,0.0,0,0.0,0.0,0.0,0.0,0.003391115364244997
deletion,0.0,0.7,,overlap,1.0,1.0,49,3,False,0.16051136363636362,0.16051136363636365,0.5384615384615384,0.5384615384615384,0.5945945945945946,False,True,0,0,0.3,0,45,0.0,0.0,0,0.0,0.0,0.0,0.0,0.04211524552621456
deletion,0.0,0.7,,overlap,1.0,1.0,49,4,False,0.25499890734265734,0.25499890734265734,0.5714285714285714,0.5714285714285714,0.5641025641025641,False,True,0,0,0.5,0,40,0.0,0.0,0,0.0,0.0,0.0,0.0,0.004946077926685607
deletion,0.0,0.7,,overlap,1.0,1.0,49,5,False,0.33410632336413587,0.33410632336413587,0.6,0.6,0.5476190476190477,False,True,0,0,0.6,1,44,0.022222222222222223,0.0,1,0.0,0.0,0.0,0.0,0.07461771660967538
deletion,0.0,0.7,,overlap,1.0,1.0,49,6,False,0.35772259966595904,0.4005797425231019,0.6666666666666666,0.6666666666666666,0.5,False,True,0,0,0.8,10,37,0.2127659574468085,0.45454545454545453,11,0.0,0.0,0.0,0.0,0.6757039665177759
deletion,0.0,0.7,,overlap,1.0,1.0,49,7,False,0.4122313436888632,0.4671014735589931,0.6842105263157895,0.6842105263157895,0.46938775510204084,False,True,0,0,0.8,33,14,0.7021276595744681,0.65,44,0.0,0.0,0.0,0.0,0.8788815270707562
deletion,0.0,0.7,,overlap,1.0,1.0,49,8,False,0.4765607258117602,0.5213787367481922,0.6,0.6363636363636364,0.48148148148148145,False,True,0,0,0.8,39,10,0.7959183673469388,0.8,83,0.0,0.0,0.0,0.0,0.945628332986306
deletion,0.0,0.7,,overlap,1.0,1.0,49,9,False,0.5288491157873915,0.5479120429917661,0.6,0.6363636363636364,0.45614035087719296,False,True,0,0,0.8,39,8,0.8297872340425532,0.7,122,0.0,0.0,0.0,0.0,0.9855737230219611
deletion,0.0,0.7,,overlap,1.0,1.0,49,10,False,0.5573511225548293,0.5734340322438245,0.6,0.6666666666666666,0.4406779661016949,False,True,0,0,0.8,38,9,0.8085106382978723,0.6,160,0.0,0.0,0.0,0.0,0.9947188230807571
deletion,0.0,0.7,,overlap,1.0,1.0,49,11,False,0.568013341916122,0.5800755241828683,0.6,0.6666666666666666,0.43333333333333335,False,True,0,0,0.8,35,12,0.7446808510638298,0.55,195,0.0,0.0,0.0,0.0,0.9979119349752892
deletion,0.0,0.7,,overlap,1.0,1.0,49,12,False,0.5706528635799486,0.5788066431371512,0.55,0.6538461538461539,0.42857142857142855,False,True,0,0,0.8,39,10,0.7959183673469388,0.35,234,0.0,0.0,0.0,0.0,0.9995210101808305
deletion,0.0,0.7,,overlap,1.0,1.0,49,13,False,0.5440610762563901,0.5688428056931747,0.5,0.6551724137931034,0.417910447761194,False,True,0,0,0.9,33,9,0.7857142857142857,0.75,267,0.0,0.0,0.0,0.0,0.9997033898330439
deletion,0.0,0.7,,overlap,1.0,1.0,49,14,False,0.5642958071922926,0.5828821042698811,0.45,0.6451612903225806,0.4142857142857143,False,True,0,0,1.0,40,7,0.851063829787234,0.55,307,0.0,0.0,0.0,0.0,0.9726883652430222
deletion,0.0,0.7,,overlap,1.0,1.0,49,15,False,0.5482218553942194,0.5621615782024107,0.4,0.6470588235294118,0.4166666666666667,False,True,0,0,1.0,45,1,0.9782608695652174,0.6,352,0.0,0.0,0.0,0.0,0.983849389202325
deletion,0.0,0.7,,overlap,1.0,1.0,49,16,False,0.5361663915456646,0.546621183651808,0.4,0.6571428571428571,0.40540540540540543,False,True,0,0,1.0,40,0,1.0,0.75,392,0.0,0.0,0.0,0.0,0.9876420288698347
deletion,0.0,0.7,,overlap,1.0,1.0,49,17,False,0.5458747936592483,0.5537158877388559,0.4,0.6666666666666666,0.4,False,True,0,0,1.0,44,1,0.9777777777777777,0.65,436,0.0,0.0,0.0,0.0,0.9958569962364869
deletion,0.0,0.7,,overlap,1.0,1.0,49,18,False,0.5406560952444364,0.546536915804142,0.4,0.6756756756756757,0.39473684210526316,False,True,0,0,1.0,46,0,1.0,0.6,482,0.0,0.0,0.0,0.0,0.9985843331695147
deletion,0.0,0.7,,overlap,1.0,1.0,49,19,False,0.5304920714333272,0.5349026868531065,0.4,0.6842105263157895,0.39473684210526316,False,True,0,0,1.0,44,0,1.0,0.55,526,0.0,0.0,0.0,0.0,0.9993069252805288
deletion,0.0,0.7,,overlap,1.0,1.0,49,20,False,0.5166190535749954,0.5199270151398299,0.4,0.6923076923076923,0.38961038961038963,False,True,0,0,1.0,43,0,1.0,0.65,569,0.0,0.0,0.0,0.0,0.999515119311029
deletion,0.0,0.7,,overlap,1.0,1.0,49,21,False,0.5187142901812466,0.5211952613548724,0.4,0.7073170731707317,0.379746835443038,False,True,0,0,1.0,39,0,1.0,0.45,608,0.0,0.0,0.0,0.0,0.9998336439589501
deletion,0.0,0.7,,overlap,1.0,1.0,49,22,False,0.49528571763593493,0.49714644601615426,0.4,0.7209302325581395,0.375,False,True,0,0,1.0,52,0,1.0,0.6,660,0.0,0.0,0.0,0.0,0.9999429482624125
deletion,0.0,0.7,,overlap,1.0,1.0,49,23,False,0.4964642882269512,0.4978598345121157,0.4,0.7333333333333333,0.36585365853658536,False,True,0,0,1.0,37,0,1.0,0.75,697,0.0,0.0,0.0,0.0,0.9999862771075645
deletion,0.0,0.7,,overlap,1.0,1.0,49,24,False,0.5160982161702133,0.5171448758840868,0.4,0.7446808510638298,0.3614457831325301,False,True,0,0,1.0,51,0,1.0,0.9,748,0.0,0.0,0.0,0.0,0.9999966984333766
deletion,0.0,0.7,,overlap,1.0,1.0,49,25,False,0.54957366212766,0.5503586569130651,0.45,0.7551020408163265,0.35294117647058826,False,True,0,0,1.0,46,0,1.0,0.45,794,0.0,0.0,0.0,0.0,0.9999988673711412
deletion,0.0,0.7,,overlap,1.0,1.0,49,26,False,0.5246802465957451,0.5252689926847989,0.45,0.7647058823529411,0.3488372093023256,False,True,0,0,1.0,53,0,1.0,0.3,847,0.0,0.0,0.0,0.0,0.9999996116307116
deletion,0.0,0.7,,overlap,1.0,1.0,49,27,False,0.48726018494680884,0.48770174451359916,0.45,0.7735849056603774,0.3409090909090909,False,True,0,0,1.0,48,0,1.0,0.55,895,0.0,0.0,0.0,0.0,0.9999999674226888
deletion,0.0,0.7,,overlap,1.0,1.0,49,28,False,0.49044513871010664,0.49077630838519937,0.45,0.7735849056603774,0.33707865168539325,False,True,0,0,1.0,46,0,1.0,0.55,941,0.0,0.0,0.0,0.0,0.999999988710163
deletion,0.0,0.7,,overlap,1.0,1.0,49,29,False,0.49283385403257995,0.4930822312888995,0.45,0.7857142857142857,0.32967032967032966,False,True,0,0,1.0,39,0,1.0,0.35,980,0.0,0.0,0.0,0.0,0.9999999972502798
deletion,0.0,0.7,,overlap,1.0,1.0,49,30,False,0.469625390524435,0.46981167346667463,0.45,0.7931034482758621,0.3225806451612903,False,True,0,0,1.0,48,0,1.0,0.45,1028,0.0,0.0,0.0,0.0,0.9999999995177676
deletion,0.0,0.7,,overlap,1.0,1.0,49,31,False,0.4647190428933263,0.46485875510000596,0.45,0.8032786885245902,0.3191489361702128,False,True,0,0,1.0,44,0,1.0,0.5,1072,0.0,0.0,0.0,0.0,0.9999999997757409
deletion,0.0,0.7,,overlap,1.0,1.0,49,32,False,0.46728928216999466,0.46739406632500446,0.4,0.7936507936507936,0.3229166666666667,False,True,0,0,1.0,48,0,1.0,0.8,1120,0.0,0.0,0.0,0.0,0.9999999998449398
deletion,0.0,0.7,,overlap,1.0,1.0,49,33,False,0.500466961627496,0.5005455497437534,0.4,0.796875,0.3229166666666667,False,True,0,0,1.0,47,0,1.0,0.65,1167,0.0,0.0,0.0,0.0,0.9999999999454985
deletion,0.0,0.7,,overlap,1.0,1.0,49,34,False,0.506600221220622,0.506659162307815,0.4,0.8088235294117647,0.31,False,True,0,0,1.0,38,0,1.0,0.45,1205,0.0,0.0,0.0,0.0,0.9999999999900664
deletion,0.0,0.7,,overlap,1.0,1.0,49,35,False,0.4862001659154665,0.48624437173086127,0.4,0.8142857142857143,0.31,False,True,0,0,1.0,44,0,1.0,0.6,1249,0.0,0.0,0.0,0.0,0.9999999999981053
deletion,0.0,0.7,,overlap,1.0,1.0,49,36,False,0.4896501244365999,0.48968327879814594,0.4,0.8142857142857143,0.31,False,True,0,0,1.0,44,0,1.0,0.6,1293,0.0,0.0,0.0,0.0,0.9999999999995953
deletion,0.0,0.7,,overlap,1.0,1.0,49,37,False,0.49223759332744993,0.49226245909860944,0.35,0.8055555555555556,0.31683168316831684,False,True,0,0,1.0,52,0,1.0,0.6,1345,0.0,0.0,0.0,0.0,0.9999999999998883
deletion,0.0,0.7,,overlap,1.0,1.0,49,38,False,0.4879281949955874,0.4879468443239571,0.3,0.7972972972972973,0.3137254901960784,False,True,0,0,1.0,49,0,1.0,0.45,1394,0.0,0.0,0.0,0.0,0.9999999999999625
deletion,0.0,0.7,,overlap,1.0,1.0,49,39,False,0.45969614624669053,0.45971013324296783,0.3,0.7972972972972973,0.3137254901960784,False,True,0,0,1.0,44,0,1.0,0.55,1438,0.0,0.0,0.0,0.0,0.9999999999999931
deletion,0.0,0.7,,overlap,1.0,1.0,50,0,False,0.0,0.0,0.0,0.0,1.0,False,True,0,0,0.0,0,0,0.0,0.0,0,0.0,0.0,0.0,0.0,0.0
deletion,0.0,0.7,,overlap,1.0,1.0,50,1,False,0.0,0.0,0.21052631578947367,0.21052631578947367,0.8214285714285714,False,True,0,0,0.0,0,42,0.0,0.0,0,0.0,0.0,0.0,0.0,0.0
deletion,0.0,0.7,,overlap,1.0,1.0,50,2,False,0.05263157894736842,0.05263157894736842,0.1,0.3076923076923077,0.7222222222222222,False,True,0,0,0.0,0,38,0.0,0.0,0,0.0,0.0,0.0,0.0,0.0
deletion,0.0,0.7,,overlap,1.0,1.0,50,3,False,0.06447368421052632,0.06447368421052632,0.1,0.35714285714285715,0.6666666666666666,False,True,0,0,0.0,0,36,0.0,0.0,0,0.0,0.0,0.0,0.0,0.0
deletion,0.0,0.7,,overlap,1.0,1.0,50,4,False,0.07335526315789474,0.07335526315789474,0.1,0.4,0.5909090909090909,False,True,0,0,0.0,0,43,0.0,0.0,0,0.0,0.0,0.0,0.0,0.0
deletion,0.0,0.7,,overlap,1.0,1.0,50,5,False,0.08001644736842106,0.08001644736842106,0.1,0.41935483870967744,0.574468085106383,False,True,0,0,0.1,0,40,0.0,0.0,0,0.0,0.0,0.0,0.0,0.0
deletion,0.0,0.7,,overlap,1.0,1.0,50,6,False,0.08501233552631579,0.08501233552631579,0.1,0.41935483870967744,0.5576923076923077,False,True,0,0,0.1,0,42,0.0,0.0,0,0.0,0.0,0.0,0.0,0.0
deletion,0.0,0.7,,overlap,1.0,1.0,50,7,False,0.08875925164473683,0.08875925164473683,0.05,0.4444444444444444,0.5423728813559322,False,True,0,0,0.2,0,40,0.0,0.0,0,0.0,0.0,0.0,0.0,0.35
deletion,0.0,0.7,,overlap,1.0,1.0,50,8,False,0.07906943873355261,0.07906943873355261,0.05,0.48717948717948717,0.5,False,True,0,0,0.2,0,41,0.0,0.0,0,0.0,0.0,0.0,0.0,0.23502499999999998
deletion,0.0,0.7,,overlap,1.0,1.0,50,9,False,0.07180207905016446,0.07180207905016446,0.05,0.5227272727272727,0.4647887323943662,False,True,0,0,0.3,0,39,0.0,0.0,0,0.0,0.0,0.0,0.0,0.195588575
deletion,0.0,0.7,,overlap,1.0,1.0,50,10,False,0.06635155928762335,0.06635155928762335,0.0,0.5217391304347826,0.44155844155844154,False,True,0,0,0.3,2,42,0.045454545454545456,0.5,2,0.0,0.0,0.0,0.0,0.15255904999999997
deletion,0.0,0.7,,overlap,1.0,1.0,50,11,False,0.06762081232286037,0.1122636694657175,0.0,0.5306122448979592,0.43902439024390244,False,True,0,0,0.3,0,43,0.0,0.5,2,0.0,0.0,0.0,0.0,0.21928633499999997
deletion,0.0,0.7,,overlap,1.0,1.0,50,12,False,0.06857275209928813,0.14669775209928812,0.0,0.5454545454545454,0.4175824175824176,False,True,0,0,0.3,2,37,0.05128205128205128,0.25,4,0.0,0.0,0.0,0.0,0.3750092645334999
deletion,0.0,0.7,,overlap,1.0,1.0,50,13,False,0.06035813550303753,0.14127331407446608,0.0,0.5689655172413793,0.3877551020408163,False,True,0,0,0.5,1,31,0.03125,0.4,5,0.0,0.0,0.0,0.0,0.6135091490335
deletion,0.0,0.7,,overlap,1.0,1.0,50,14,False,0.07384003019870673,0.15595498555584958,0.0,0.576271186440678,0.37623762376237624,False,True,0,0,0.6,13,33,0.2826086956521739,0.2222222222222222,18,0.0,0.0,0.0,0.0,0.8126877162238431
deletion,0.0,0.7,,overlap,1.0,1.0,50,15,False,0.07125303852204591,0.14474401694466496,0.0,0.5967741935483871,0.37142857142857144,False,True,0,0,0.7,20,19,0.5128205128205128,0.55,38,0.0,0.0,0.0,0.0,0.887883396576787
deletion,0.0,0.7,,overlap,1.0,1.0,50,16,False,0.10254692174867729,0.17730801270849872,0.0,0.6060606060606061,0.37272727272727274,False,True,0,0,0.8,20,22,0.47619047619047616,0.45,58,0.0,0.0,0.0,0.0,0.9041039031024188
deletion,0.0,0.7,,overlap,1.0,1.0,50,17,False,0.1170887627400794,0.18923100953137403,0.0,0.5972222222222222,0.3793103448275862,False,True,0,0,0.9,28,16,0.6363636363636364,0.65,86,0.0,0.0,0.0,0.0,0.9272131949282841
deletion,0.0,0.7,,overlap,1.0,1.0,50,18,False,0.1574594291979167,0.22317325714853053,0.0,0.5657894736842105,0.4,False,True,0,0,0.9,39,4,0.9069767441860465,0.35,125,0.0,0.0,0.0,0.0,0.9604499999889275
deletion,0.0,0.7,,overlap,1.0,1.0,50,19,False,0.15559457189843753,0.2111299428613979,0.0,0.5375,0.416,False,True,0,0,1.0,37,1,0.9736842105263158,0.5,162,0.0,0.0,0.0,0.0,0.9878245136757489
deletion,0.0,0.7,,overlap,1.0,1.0,50,20,False,0.17919592892382813,0.22084745714604842,0.0,0.5308641975308642,0.42063492063492064,False,True,0,0,1.0,42,1,0.9767441860465116,0.5,204,0.0,0.0,0.0,0.0,0.9709936347627091
deletion,0.0,0.7,,overlap,1.0,1.0,50,21,False,0.19689694669287114,0.22813559285953633,0.0,0.5308641975308642,0.42063492063492064,False,True,0,0,1.0,40,1,0.975609756097561,0.65,244,0.0,0.0,0.0,0.0,0.9850227160836174
deletion,0.0,0.7,,overlap,1.0,1.0,50,22,False,0.22892271001965334,0.25235169464465224,0.0,0.524390243902439,0.4251968503937008,False,True,0,0,1.0,40,0,1.0,0.55,284,0.0,0.0,0.0,0.0,0.9895418543899561
deletion,0.0,0.7,,overlap,1.0,1.0,50,23,False,0.24044203251474003,0.2580137709834892,0.0,0.524390243902439,0.4251968503937008,False,True,0,0,1.0,48,0,1.0,0.4,332,0.0,0.0,0.0,0.0,0.9986596140106416
deletion,0.0,0.7,,overlap,1.0,1.0,50,24,False,0.23033152438605503,0.24351032823761692,0.0,0.524390243902439,0.4251968503937008,False,True,0,0,1.0,42,0,1.0,0.55,374,0.0,0.0,0.0,0.0,0.9991859068733838
deletion,0.0,0.7,,overlap,1.0,1.0,50,25,False,0.24149864328954124,0.25138274617821266,0.0,0.524390243902439,0.4251968503937008,False,True,0,0,1.0,44,0,1.0,0.45,418,0.0,0.0,0.0,0.0,0.9997209647909753
deletion,0.0,0.7,,overlap,1.0,1.0,50,26,False,0.23737398246715594,0.2447870596336595,0.0,0.524390243902439,0.4251968503937008,False,True,0,0,1.0,48,0,1.0,0.5,466,0.0,0.0,0.0,0.0,0.9998549888787884
deletion,0.0,0.7,,overlap,1.0,1.0,50,27,False,0.24053048685036696,0.24609029472524463,0.0,0.524390243902439,0.4251968503937008,False,True,0,0,1.0,50,0,1.0,0.4,516,0.0,0.0,0.0,0.0,0.9999581656433497
deletion,0.0,0.7,,overlap,1.0,1.0,50,28,False,0.23039786513777522,0.23456772104393347,0.0,0.524390243902439,0.4251968503937008,False,True,0,0,1.0,46,0,1.0,0.55,562,0.0,0.0,0.0,0.0,0.9999829222841894
deletion,0.0,0.7,,overlap,1.0,1.0,50,29,False,0.24154839885333143,0.24467579078295013,0.0,0.524390243902439,0.4251968503937008,False,True,0,0,1.0,40,0,1.0,0.5,602,0.0,0.0,0.0,0.0,0.9999887743612963
deletion,0.0,0.7,,overlap,1.0,1.0,50,30,False,0.2436612991399986,0.2460068430872126,0.0,0.524390243902439,0.4251968503937008,False,True,0,0,1.0,47,0,1.0,0.4,649,0.0,0.0,0.0,0.0,0.9999947375169891
deletion,0.0,0.7,,overlap,1.0,1.0,50,31,False,0.2327459743549989,0.23450513231540943,0.0,0.524390243902439,0.4251968503937008,False,True,0,0,1.0,45,0,1.0,0.5,694,0.0,0.0,0.0,0.0,0.9999981137289107
deletion,0.0,0.7,,overlap,1.0,1.0,50,32,False,0.2370594807662492,0.23837884923655706,0.0,0.524390243902439,0.4251968503937008,False,True,0,0,1.0,40,0,1.0,0.5,734,0.0,0.0,0.0,0.0,0.9999995370586211
deletion,0.0,0.7,,overlap,1.0,1.0,50,33,False,0.24029461057468687,0.2412841369274178,0.0,0.524390243902439,0.4251968503937008,False,True,0,0,1.0,50,0,1.0,0.65,784,0.0,0.0,0.0,0.0,0.9999998329303441
deletion,0.0,0.7,,overlap,1.0,1.0,50,34,False,0.26147095793101516,0.26221310269556336,0.0,0.524390243902439,0.4251968503937008,False,True,0,0,1.0,35,0,1.0,0.4,819,0.0,0.0,0.0,0.0,0.9999999376261058
deletion,0.0,0.7,,overlap,1.0,1.0,50,35,False,0.24610321844826138,0.2466598270216725,0.0,0.524390243902439,0.4251968503937008,False,True,0,0,1.0,45,0,1.0,0.6,864,0.0,0.0,0.0,0.0,0.999999961677905
deletion,0.0,0.7,,overlap,1.0,1.0,50,36,False,0.25957741383619604,0.2599948702662544,0.0,0.524390243902439,0.4251968503937008,False,True,0,0,1.0,38,0,1.0,0.65,902,0.0,0.0,0.0,0.0,0.99999998449697
deletion,0.0,0.7,,overlap,1.0,1.0,50,37,False,0.275933060377147,0.2762461526996908,0.0,0.524390243902439,0.4251968503937008,False,True,0,0,1.0,48,0,1.0,0.55,950,0.0,0.0,0.0,0.0,0.999999994866944
deletion,0.0,0.7,,overlap,1.0,1.0,50,38,False,0.27569979528286026,0.2759346145247681,0.0,0.524390243902439,0.4251968503937008,False,True,0,0,1.0,46,0,1.0,0.4,996,0.0,0.0,0.0,0.0,0.999999997044908
deletion,0.0,0.7,,overlap,1.0,1.0,50,39,False,0.2567748464621452,0.25695096089357605,0.0,0.524390243902439,0.4251968503937008,False,True,0,0,1.0,48,0,1.0,0.4,1044,0.0,0.0,0.0,0.0,0.9999999989888328
deletion,0.0,0.7,,overlap,1.0,1.0,51,0,False,0.0,0.0,0.0,0.0,1.0,False,True,0,0,0.0,0,0,0.0,0.0,0,0.0,0.0,0.0,0.0,0.0
deletion,0.0,0.7,,overlap,1.0,1.0,51,1,False,0.0,0.0,0.14285714285714285,0.14285714285714285,0.8787878787878788,False,True,0,0,0.2,0,43,0.0,0.0,0,0.0,0.0,0.0,0.0,0.0
deletion,0.0,0.7,,overlap,1.0,1.0,51,2,False,0.03571428571428571,0.03571428571428571,0.2222222222222222,0.2222222222222222,0.7804878048780488,False,True,0,0,0.3,3,35,0.07894736842105263,0.6666666666666666,3,0.0,0.0,0.0,0.0,0.02147388372499999
deletion,0.0,0.7,,overlap,1.0,1.0,51,3,False,0.09821428571428571,0.13789682539682538,0.1,0.25,0.7254901960784313,False,True,0,0,0.4,13,28,0.3170731707317073,0.4375,16,0.0,0.0,0.0,0.0,0.9126145172652441
deletion,0.0,0.7,,overlap,1.0,1.0,51,4,False,0.11674107142857142,0.17061011904761902,0.0,0.21428571428571427,0.7192982456140351,False,True,0,0,0.6,20,23,0.46511627906976744,0.5,36,0.0,0.0,0.0,0.0,0.9527323047246274
deletion,0.0,0.7,,overlap,1.0,1.0,51,5,False,0.12327008928571428,0.19045758928571427,0.0,0.1875,0.7258064516129032,False,True,0,0,0.8,29,11,0.725,0.7,65,0.0,0.0,0.0,0.0,0.9691123823130567
deletion,0.0,0.7,,overlap,1.0,1.0,51,6,False,0.1549525669642857,0.23034319196428568,0.0,0.1794871794871795,0.75,False,True,0,0,0.9,40,8,0.8333333333333334,0.6,105,0.0,0.0,0.0,0.0,0.9353908552237562
deletion,0.0,0.7,,overlap,1.0,1.0,51,7,False,0.18050013950892854,0.24775739397321428,0.0,0.18604651162790697,0.75,False,True,0,0,0.9,44,3,0.9361702127659575,0.7,149,0.0,0.0,0.0,0.0,0.9839955533099045
deletion,0.0,0.7,,overlap,1.0,1.0,51,8,False,0.2103751046316964,0.2733180454799107,0.0,0.17307692307692307,0.7654320987654321,False,True,0,0,0.9,35,1,0.9722222222222222,0.5,184,0.0,0.0,0.0,0.0,0.9716001181668248
deletion,0.0,0.7,,overlap,1.0,1.0,51,9,False,0.21135275704520087,0.267488534109933,0.0,0.20689655172413793,0.7558139534883721,False,True,0,0,0.9,39,2,0.9512195121951219,0.45,223,0.0,0.0,0.0,0.0,0.9863924724872759
deletion,0.0,0.7,,overlap,1.0,1.0,51,10,False,0.20672885349818637,0.25686640058244975,0.0,0.22580645161290322,0.7444444444444445,False,True,0,0,0.9,40,3,0.9302325581395349,0.5,263,0.0,0.0,0.0,0.0,0.9954564474725055
deletion,0.0,0.7,,overlap,1.0,1.0,51,11,False,0.20861806869506835,0.2551498004368373,0.0,0.25,0.7446808510638298,False,True,0,0,1.0,40,2,0.9523809523809523,0.55,303,0.0,0.0,0.0,0.0,0.9985399040666506
deletion,0.0,0.7,,overlap,1.0,1.0,51,12,False,0.22521355152130126,0.26011235032762803,0.0,0.2463768115942029,0.7473684210526316,False,True,0,0,1.0,42,2,0.9545454545454546,0.5,345,0.0,0.0,0.0,0.0,0.9821976623724915
deletion,0.0,0.7,,overlap,1.0,1.0,51,13,False,0.23141016364097597,0.257584262745721,0.0,0.2638888888888889,0.7422680412371134,False,True,0,0,1.0,45,0,1.0,0.55,390,0.0,0.0,0.0,0.0,0.9877031063726971
deletion,0.0,0.7,,overlap,1.0,1.0,51,14,False,0.24230762273073198,0.2619381970592908,0.0,0.27631578947368424,0.7474747474747475,False,True,0,0,1.0,47,0,1.0,0.35,437,0.0,0.0,0.0,0.0,0.9977179541657083
deletion,0.0,0.7,,overlap,1.0,1.0,51,15,False,0.225480717048049,0.24020364779446807,0.0,0.3176470588235294,0.719626168224299,False,True,0,0,1.0,41,0,1.0,0.55,478,0.0,0.0,0.0,0.0,0.9993909866521926
deletion,0.0,0.7,,overlap,1.0,1.0,51,16,False,0.23786053778603675,0.24890273584585107,0.0,0.3068181818181818,0.7247706422018348,False,True,0,0,1.0,49,0,1.0,0.6,527,0.0,0.0,0.0,0.0,0.9997996456781111
deletion,0.0,0.7,,overlap,1.0,1.0,51,17,False,0.25339540333952754,0.2616770518843883,0.0,0.31521739130434784,0.7232142857142857,False,True,0,0,1.0,43,0,1.0,0.4,570,0.0,0.0,0.0,0.0,0.9999310316733471
deletion,0.0,0.7,,overlap,1.0,1.0,51,18,False,0.24004655250464565,0.2462577889132912,0.0,0.3118279569892473,0.7256637168141593,False,True,0,0,1.0,41,0,1.0,0.65,611,0.0,0.0,0.0,0.0,0.9999521114105281
deletion,0.0,0.7,,overlap,1.0,1.0,51,19,False,0.2612849143784843,0.2659433416849684,0.0,0.3118279569892473,0.7256637168141593,False,True,0,0,1.0,41,0,1.0,0.5,652,0.0,0.0,0.0,0.0,0.9999835414765863
deletion,0.0,0.7,,overlap,1.0,1.0,51,20,False,0.2584636857838632,0.2619575062637263,0.0,0.30851063829787234,0.7280701754385965,False,True,0,0,1.0,38,0,1.0,0.45,690,0.0,0.0,0.0,0.0,0.9999919031685737
deletion,0.0,0.7,,overlap,1.0,1.0,51,21,False,0.2500977643378974,0.2527181296977948,0.0,0.3163265306122449,0.7217391304347827,False,True,0,0,1.0,36,0,1.0,0.6,726,0.0,0.0,0.0,0.0,0.9999965059880406
deletion,0.0,0.7,,overlap,1.0,1.0,51,22,False,0.26257332325342303,0.2645385972733461,0.0,0.3163265306122449,0.717948717948718,False,True,0,0,1.0,41,0,1.0,0.4,767,0.0,0.0,0.0,0.0,0.9999978088095428
deletion,0.0,0.7,,overlap,1.0,1.0,51,23,False,0.24692999244006728,0.24840394795500959,0.0,0.3163265306122449,0.717948717948718,False,True,0,0,1.0,53,0,1.0,0.5,820,0.0,0.0,0.0,0.0,0.9999994172970854
deletion,0.0,0.7,,overlap,1.0,1.0,51,24,False,0.24769749433005048,0.2488029609662572,0.0,0.3163265306122449,0.717948717948718,False,True,0,0,1.0,41,0,1.0,0.7,861,0.0,0.0,0.0,0.0,0.9999997703467148
deletion,0.0,0.7,,overlap,1.0,1.0,51,25,False,0.27327312074753785,0.2741022207246929,0.0,0.3163265306122449,0.717948717948718,False,True,0,0,1.0,46,0,1.0,0.45,907,0.0,0.0,0.0,0.0,0.9999999204216067
deletion,0.0,0.7,,overlap,1.0,1.0,51,26,False,0.2612048405606534,0.2618266655435197,0.0,0.3163265306122449,0.717948717948718,False,True,0,0,1.0,54,0,1.0,0.45,961,0.0,0.0,0.0,0.0,0.9999999662321446
deletion,0.0,0.7,,overlap,1.0,1.0,51,27,False,0.25215363042049005,0.2526199991576398,0.0,0.3163265306122449,0.717948717948718,False,True,0,0,1.0,47,0,1.0,0.6,1008,0.0,0.0,0.0,0.0,0.9999999851515881
deletion,0.0,0.7,,overlap,1.0,1.0,51,28,False,0.26411522281536753,0.2644649993682298,0.0,0.3163265306122449,0.717948717948718,False,True,0,0,1.0,43,0,1.0,0.65,1051,0.0,0.0,0.0,0.0,0.9999999954888693
deletion,0.0,0.7,,overlap,1.0,1.0,51,29,False,0.2793364171115257,0.27959874952617236,0.0,0.3163265306122449,0.717948717948718,False,True,0,0,1.0,38,0,1.0,0.65,1089,0.0,0.0,0.0,0.0,0.9999999977790605
deletion,0.0,0.7,,overlap,1.0,1.0,51,30,False,0.2907523128336443,0.2909490621446293,0.0,0.3163265306122449,0.717948717948718,False,True,0,0,1.0,43,0,1.0,0.45,1132,0.0,0.0,0.0,0.0,0.9999999993254832
deletion,0.0,0.7,,overlap,1.0,1.0,51,31,False,0.27431423462523324,0.274461796608472,0.0,0.3163265306122449,0.717948717948718,False,True,0,0,1.0,49,0,1.0,0.4,1181,0.0,0.0,0.0,0.0,0.999999999670945
deletion,0.0,0.7,,overlap,1.0,1.0,51,32,False,0.2557356759689249,0.255846347456354,0.0,0.3163265306122449,0.717948717948718,False,True,0,0,1.0,45,0,1.0,0.7,1226,0.0,0.0,0.0,0.0,0.9999999997949809
deletion,0.0,0.7,,overlap,1.0,1.0,51,33,False,0.2793017569766937,0.27938476059226547,0.0,0.3163265306122449,0.717948717948718,False,True,0,0,1.0,49,0,1.0,0.55,1275,0.0,0.0,0.0,0.0,0.9999999999452784
deletion,0.0,0.7,,overlap,1.0,1.0,51,34,False,0.27822631773252027,0.2782885704441991,0.0,0.3163265306122449,0.717948717948718,False,True,0,0,1.0,44,0,1.0,0.5,1319,0.0,0.0,0.0,0.0,0.9999999999749273
deletion,0.0,0.7,,overlap,1.0,1.0,51,35,False,0.2711697382993902,0.2712164278331493,0.0,0.3163265306122449,0.717948717948718,False,True,0,0,1.0,40,0,1.0,0.45,1359,0.0,0.0,0.0,0.0,0.9999999999844696
deletion,0.0,0.7,,overlap,1.0,1.0,51,36,False,0.2596273037245426,0.259662320874862,0.0,0.3163265306122449,0.717948717948718,False,True,0,0,1.0,42,0,1.0,0.4,1401,0.0,0.0,0.0,0.0,0.9999999999928461
deletion,0.0,0.7,,overlap,1.0,1.0,51,37,False,0.24472047779340697,0.2447467406561465,0.0,0.3163265306122449,0.717948717948718,False,True,0,0,1.0,42,0,1.0,0.55,1443,0.0,0.0,0.0,0.0,0.999999999996273
deletion,0.0,0.7,,overlap,1.0,1.0,51,38,False,0.25229035834505525,0.25231005549210983,0.0,0.3163265306122449,0.717948717948718,False,True,0,0,1.0,42,0,1.0,0.4,1485,0.0,0.0,0.0,0.0,0.9999999999976519
deletion,0.0,0.7,,overlap,1.0,1.0,51,39,False,0.23921776875879144,0.23923254161908236,0.0,0.3163265306122449,0.717948717948718,False,True,0,0,1.0,50,0,1.0,0.45,1535,0.0,0.0,0.0,0.0,0.9999999999988862
