strategy,seed,epoch,toxicity,quality_gap,welfare,rho_a,mean_p,honest_p,opp_p
fixed_0.0,0,0,0.21922833474897413,0.48106865129131277,53.10225164290637,0.0,0.6765401241379081,0.7241019735857973,0.6447308428453297
fixed_0.0,0,1,0.23004943776539866,0.4727033334662041,49.913614169159914,0.0,0.6675315066502571,0.7135003146128759,0.6400331536593139
fixed_0.0,0,2,0.22084475541533566,0.4806516802479402,52.50370757336234,0.0,0.6750140471976106,0.7599237320333434,0.5719209206510377
fixed_0.0,0,3,0.24739386240130595,0.45140347960352145,40.767732952266435,0.0,0.6322318763710884,0.7204102333666976,0.5546598775602751
fixed_0.0,0,4,0.22405970489797272,0.47526352072541245,47.757216114459005,0.0,0.6531638855812958,0.7173760052362272,0.5915977418224813
fixed_0.0,0,5,0.22944743058417885,0.47978523697621267,52.80427937351685,0.0,0.6785937323287138,0.7681479463101727,0.5957214564830863
fixed_0.0,0,6,0.23177761549376155,0.4755155195553975,49.35706433079831,0.0,0.661231392606274,0.7459515315496565,0.5556678783372667
fixed_0.0,0,7,0.24550785784322246,0.4566032926580666,44.48435102234171,0.0,0.6479513738698953,0.7203971220066854,0.6253520463800083
fixed_0.0,0,8,0.23781835290794803,0.4642858762125507,45.960478921543256,0.0,0.6499792270073522,0.7386412055042362,0.5911189414085242
fixed_0.0,0,9,0.2404153569807818,0.4666421494407948,44.46856660582168,0.0,0.6429241056590196,0.691789226110425,0.5956494347300386
fixed_0.0,0,10,0.24570020417493013,0.45892645896070267,37.062394368692466,0.0,0.6127974709788532,0.6971861989545699,0.5558127793562702
fixed_0.0,0,11,0.22674981660838328,0.47550686172753204,50.22826695921361,0.0,0.666261139502922,0.7631611558286989,0.586310486645001
fixed_0.0,0,12,0.22755583452473216,0.47770568588110013,46.571846019802436,0.0,0.649036863289317,0.7410677783316463,0.5178880722733618
fixed_0.0,0,13,0.23339453193345516,0.46656684881090554,54.28605633478539,0.0,0.6888443265980606,0.7592233902756855,0.6050618440961769
fixed_0.0,0,14,0.2305860611975638,0.4771412715341783,49.46048039185156,0.0,0.6620571527072461,0.7288298577922985,0.6235209802162276
fixed_0.0,0,15,0.2376002821414222,0.47073358502169027,44.960243663904095,0.0,0.6447163216031553,0.754856368682024,0.5206667242959518
fixed_0.0,0,16,0.23145153825216908,0.47165683275098036,46.576967949023505,0.0,0.6506342535600858,0.7223458315436493,0.5941620414142946
fixed_0.0,0,17,0.22274310613262593,0.4815773881911916,56.86372957188952,0.0,0.6929808509339156,0.7309861050710913,0.6622806657666381
fixed_0.0,0,18,0.23452598558553062,0.4722164902027429,51.27577725524953,0.0,0.6749658537922769,0.772771226935058,0.5896901879047368
fixed_0.0,0,19,0.2260182881434748,0.4807776171027669,50.29213154807696,0.0,0.6658067480084026,0.7638806289063034,0.5257388735215472
fixed_0.0,0,20,0.22473757925244273,0.48222132673470447,49.98207573011218,0.0,0.6627441111761262,0.7641407141920312,0.556560016453126
fixed_0.0,0,21,0.23971238601919065,0.4668421230554478,44.91811484824428,0.0,0.6435770832169474,0.7299909213789908,0.5618027446511692
fixed_0.0,0,22,0.2356103582735891,0.47151326022380297,47.25722098971666,0.0,0.6543698810075236,0.7237891051342996,0.5596250883469026
fixed_0.0,0,23,0.23838909806222244,0.45908193906402717,40.70050105406935,0.0,0.6277120030441029,0.7289085868883616,0.5588799863720595
fixed_0.0,0,24,0.22275187333420843,0.4820945059908157,52.850498648229994,0.0,0.6768117712510383,0.740166267735172,0.5976685664284885
fixed_0.0,0,25,0.23213030240099208,0.47455408350482,47.27895590361047,0.0,0.6531857940853432,0.7522916987733352,0.552892854618256
fixed_0.0,0,26,0.22922240622099518,0.47804327037359445,48.71698144287646,0.0,0.6592341640251661,0.7293446667905489,0.6037510911589521
fixed_0.0,0,27,0.23501620813539612,0.4681475810721238,47.288128028995295,0.0,0.6557493562811083,0.7544936117039361,0.5513751210831368
fixed_0.0,0,28,0.24083239208928683,0.4594688843627829,47.380461800518844,0.0,0.6596160162987769,0.7616069766681317,0.5525702237031818
fixed_0.0,0,29,0.22227799078633892,0.48443846979770133,54.25216240992948,0.0,0.6808343152541207,0.7309276283593265,0.6306908896817175
fixed_0.0,0,30,0.23326918780981157,0.4638621016614335,51.802294212774775,0.0,0.6778239093717471,0.7595606435304811,0.5924807402378925
fixed_0.0,0,31,0.22933202082665224,0.47350126099490786,51.616495615152736,0.0,0.6720218831327418,0.7273177070110006,0.6257476946193913
fixed_0.0,0,32,0.22003341896405723,0.48961231341168737,53.104733351687244,0.0,0.6738839131300771,0.7432020402901555,0.6097709381360115
fixed_0.0,0,33,0.23103877572974105,0.46530706606953304,44.314969521148996,0.0,0.6410017811011374,0.7118233848360837,0.5975212292622359
fixed_0.0,0,34,0.22054608032153292,0.4855466904310321,50.8255420528241,0.0,0.6661596919112263,0.7693303782364774,0.5214832574795246
fixed_0.0,0,35,0.23317265261881695,0.47270958496804577,50.41246602108883,0.0,0.6683461838461735,0.7607004403153678,0.5864503945676688
fixed_0.0,0,36,0.23026276591757236,0.4713296237586095,51.69825243042902,0.0,0.6754713093307056,0.7124865039332224,0.6651122793021919
fixed_0.0,0,37,0.23667786368110066,0.4641184594717232,39.30281123376888,0.0,0.6202189446484514,0.7179110969566722,0.5178829549703853
fixed_0.0,0,38,0.22891786287632776,0.4709563639611889,45.29509526111958,0.0,0.6454937734006886,0.7216633283410798,0.5622198396332626
fixed_0.0,0,39,0.23842029230709627,0.47250493707256386,47.76963073601818,0.0,0.6552660968515768,0.7129223164028075,0.5956539313695558
fixed_0.0,1,0,0.23696046359605474,0.4705373095242841,49.10058681080918,0.0,0.6650109302530527,0.7579317785381596,0.5907742726104738
fixed_0.0,1,1,0.2329643148273212,0.46640524990740084,46.75518737950258,0.0,0.6543210831117235,0.7342296179698509,0.5876583272125463
fixed_0.0,1,2,0.2303239674986612,0.47283214756873637,46.92555762804916,0.0,0.6514679956091547,0.741873238861834,0.5592332376964838
fixed_0.0,1,3,0.2347791829957615,0.4679170961094155,44.52428935178944,0.0,0.6443422338426394,0.7045940233626536,0.5632852526522266
fixed_0.0,1,4,0.21896161587924148,0.48689717063741755,47.569109702689175,0.0,0.6511991386174472,0.7704625117183989,0.48571053203211584
fixed_0.0,1,5,0.2355917023085837,0.4607794799566683,45.952174183950184,0.0,0.6530532567018881,0.7607815115675606,0.5544821963459489
fixed_0.0,1,6,0.2314072801564936,0.47186407289087895,52.277160334801714,0.0,0.6781521058727547,0.7598863516894568,0.5937613752451188
fixed_0.0,1,7,0.22277920273117915,0.4769091313938381,51.58444257059367,0.0,0.6699162427052073,0.7460636003282338,0.5891451945675752
fixed_0.0,1,8,0.2369657170664291,0.4576420497512009,54.34027362909791,0.0,0.690574291722964,0.7521806799002637,0.661680502733509
fixed_0.0,1,9,0.22887795899275545,0.47279081317084054,53.77714359743525,0.0,0.6805038018161668,0.7367258390452918,0.6270550994276084
fixed_0.0,1,10,0.225771298090187,0.4751985861255042,53.38060869135613,0.0,0.6791889846847121,0.7456209658958003,0.6284536285559422
fixed_0.0,1,11,0.2523841310039427,0.44320414370302563,36.169177348882336,0.0,0.6146546258851496,0.6920583550873588,0.5867974737307767
fixed_0.0,1,12,0.23964738807018063,0.4586682048167939,44.39768795534176,0.0,0.6456855607256209,0.742993797296335,0.5575564183363877
fixed_0.0,1,13,0.23073914166217355,0.47056800965141043,51.01012672492821,0.0,0.671225856327116,0.751751993441601,0.6255971541866606
fixed_0.0,1,14,0.23942012996601958,0.45390275196961516,43.459270465546105,0.0,0.6433216591084965,0.7058977567186825,0.6075499033719044
fixed_0.0,1,15,0.23163999765908513,0.47503299344797545,47.206016020170566,0.0,0.6535603622576541,0.7620334395733385,0.5216376434705766
fixed_0.0,1,16,0.23046208933273432,0.4762826055459706,37.856494757413685,0.0,0.6068080204390591,0.6731811529336026,0.5625182307074115
fixed_0.0,1,17,0.22996245018090553,0.45742408262407747,60.18311722822624,0.0,0.7166714068462855,0.7643564535544642,0.7112875536322435
fixed_0.0,1,18,0.23115152040678616,0.4674003082390478,52.411481831403826,0.0,0.679263420514063,0.7659519849743023,0.5863255260213781
fixed_0.0,1,19,0.22999443090428237,0.4657535430352024,44.08838284048201,0.0,0.6419233447610371,0.7357960818697212,0.5499743922022745
fixed_0.0,1,20,0.24152018538297063,0.4668080210347628,46.84161726364919,0.0,0.6573380767261641,0.738624787828917,0.5641281349906181
fixed_0.0,1,21,0.23579789355103506,0.46700371694148485,50.69568624943777,0.0,0.6708013630606681,0.7410284083263592,0.6256695703583822
fixed_0.0,1,22,0.2320484732874531,0.46728189605136294,42.007949643698545,0.0,0.631660973697566,0.7233063164146565,0.5513838861049648
fixed_0.0,1,23,0.23043426416696403,0.4750974549502719,42.83650470869146,0.0,0.6309956448058733,0.711882270924328,0.5315989558339794
fixed_0.0,1,24,0.243957011327934,0.4525304121764395,48.32904793210795,0.0,0.6655369062367781,0.726694675900985,0.6510380121092124
fixed_0.0,1,25,0.2331908429526325,0.4660590386517695,46.21921462324837,0.0,0.6502943973844251,0.7164583441877356,0.5905593114197181
fixed_0.0,1,26,0.21873546078123793,0.48087174055412835,45.8755053203096,0.0,0.645017546061759,0.7453033287324844,0.5176442326115398
fixed_0.0,1,27,0.23799137326191097,0.4696442289743179,51.17753985564376,0.0,0.6759071847594641,0.763946967216882,0.5979752049976466
fixed_0.0,1,28,0.23730345337552367,0.46430564418963644,47.39225676749139,0.0,0.6582277766818082,0.7520969629104808,0.5924487139673035
fixed_0.0,1,29,0.23042961600188247,0.4762130315269751,51.32489795449588,0.0,0.6703593357633311,0.7508914786978071,0.5950409736850933
fixed_0.0,1,30,0.23649603834648905,0.4666907397336504,51.39017596217454,0.0,0.6740549032045613,0.7423529405863477,0.6265976804756475
fixed_0.0,1,31,0.2442160544871881,0.4519610836129049,45.47380012642091,0.0,0.6540927016999084,0.7307518789846481,0.6464915744970886
fixed_0.0,1,32,0.22055256955041083,0.4717401077956001,56.124993694233844,0.0,0.6929617440203958,0.7558954333206125,0.612424812548294
fixed_0.0,1,33,0.23912605954237504,0.4636451963326702,46.50029629108065,0.0,0.6526900613133352,0.7180243987802947,0.5890459575843744
fixed_0.0,1,34,0.23191760434088635,0.46861922808580286,51.217197052113754,0.0,0.6743585500419531,0.7579209364643213,0.62987904844973
fixed_0.0,1,35,0.23829316747647636,0.47272533753107854,37.635799563811176,0.0,0.6080710978259231,0.6607245619281226,0.5567987023612456
fixed_0.0,1,36,0.23377131765005074,0.4692531293035283,47.77152362432375,0.0,0.6567362855124592,0.7458702015345393,0.5589237178752816
fixed_0.0,1,37,0.24148053739108857,0.465849927925217,42.92365838506023,0.0,0.638174897894897,0.7584798611231072,0.520082383632861
fixed_0.0,1,38,0.23496894483130001,0.46511311914306364,46.98019941193835,0.0,0.6565046607019852,0.7391784783407935,0.5877061304025231
fixed_0.0,1,39,0.2277489633922071,0.4752808896844728,53.68438789279869,0.0,0.6851162068323062,0.7850261779701125,0.5926452062929694
fixed_0.0,2,0,0.23721371157537263,0.4660261196144003,47.65838436978699,0.0,0.6579304115113873,0.7465212336098156,0.5886064449531925
fixed_0.0,2,1,0.2350450962473545,0.4741151270431046,45.35223425313302,0.0,0.6464261219918693,0.758793128385547,0.5331755444031341
fixed_0.0,2,2,0.22405069449684237,0.4814226642826821,52.427495249921314,0.0,0.6716410615752432,0.7466279558030666,0.587143263277687
fixed_0.0,2,3,0.2332725693934005,0.4637431105463185,46.62569826971713,0.0,0.6546561788912392,0.7626906067350252,0.5545382133635613
fixed_0.0,2,4,0.22792433375581048,0.47176006497620365,47.98324329637884,0.0,0.6580669838749403,0.740592246584913,0.587623165459675
fixed_0.0,2,5,0.22982254788456122,0.47069168172891485,53.36832161805854,0.0,0.6838839771318044,0.7627858293928074,0.6098060812901077
fixed_0.0,2,6,0.24303620292830366,0.45946469105874566,47.428049893192544,0.0,0.6612419864344576,0.7544493129566731,0.5899177756743436
fixed_0.0,2,7,0.22706609465101218,0.47762749995406734,51.77706439855796,0.0,0.6734281761918905,0.7344678462390737,0.6329627672325687
fixed_0.0,2,8,0.23408482778548934,0.46754564621177874,38.3847988533695,0.0,0.6139628371956826,0.7139325243106852,0.5222618274880909
fixed_0.0,2,9,0.2391764417400086,0.467554100565897,43.2818451742773,0.0,0.6361424647757522,0.7329576429853057,0.5588192302439019
fixed_0.0,2,10,0.24031999771475493,0.4626495786994208,34.9126170919831,0.0,0.6016080628962764,0.7279140951094356,0.5230149004284576
fixed_0.0,2,11,0.23647543326668496,0.45997533690155784,47.562900522431036,0.0,0.6600301159304645,0.7497498234641751,0.5892512009072202
fixed_0.0,2,12,0.22474535150881816,0.4753023591322217,47.273885345808516,0.0,0.6524682057153579,0.7521723398318666,0.5599815212943728
fixed_0.0,2,13,0.23375326578801695,0.4605350669285151,47.79722357101083,0.0,0.6626263441530671,0.749570036113653,0.589486429411401
fixed_0.0,2,14,0.22879148703065016,0.4674700400585802,51.45915561070208,0.0,0.6738189212904789,0.7451855518260554,0.6040035588385381
fixed_0.0,2,15,0.22638706131664055,0.4781947506400492,45.606373635767426,0.0,0.6421093822573459,0.6923295182656742,0.5874100645866311
fixed_0.0,2,16,0.23477615207381958,0.4724639738858874,49.72341679521793,0.0,0.6667938533666206,0.7611243452526216,0.5885588428989988
fixed_0.0,2,17,0.23031615887089119,0.47650904278859857,46.95987829968152,0.0,0.6505565804319591,0.7457996334082556,0.5541304444832572
fixed_0.0,2,18,0.22883909799334462,0.47271157827984056,45.05937210708989,0.0,0.6411652179796993,0.7160207921519299,0.548201517815596
fixed_0.0,2,19,0.22194806580248924,0.48225428715405766,54.81359503774936,0.0,0.685619862492983,0.747886246531677,0.5979063535702163
fixed_0.0,2,20,0.23151810225231712,0.4695078183722932,54.03484603767441,0.0,0.6863180295325315,0.749341301407915,0.6454963324515344
fixed_0.0,2,21,0.23670645478744823,0.46660229082976334,48.25571074643934,0.0,0.658308029775855,0.7259736336185594,0.6287516449177949
fixed_0.0,2,22,0.23772865574616972,0.4672428825534223,40.60162354683633,0.0,0.6220984794878036,0.6997191130056546,0.5850233000786804
fixed_0.0,2,23,0.2433109733838186,0.45751021468183856,46.97278531614265,0.0,0.6575618134351163,0.732590891819218,0.5985372573302962
fixed_0.0,2,24,0.23438966412463733,0.4695716671336945,51.368607787969424,0.0,0.6756090996747379,0.7412244609446356,0.6255903316199553
fixed_0.0,2,25,0.23082762208975358,0.46191824108468826,52.95305036818889,0.0,0.6844873670447202,0.7750754766590747,0.6293690630913694
fixed_0.0,2,26,0.22973580867570045,0.4793262489514417,50.20753116197223,0.0,0.6624157853102252,0.7398442608340978,0.5856472749781536
fixed_0.0,2,27,0.2351474186237993,0.4672364848783401,51.08334534098448,0.0,0.6714052844005327,0.7342455743867655,0.6270423703286762
fixed_0.0,2,28,0.22865128927695386,0.47907004782319573,43.694814680316846,0.0,0.6356121971731407,0.7028603427969272,0.534617780922859
fixed_0.0,2,29,0.2335700512211281,0.4668721341932954,46.91325622178885,0.0,0.6536025163488256,0.7401567777272617,0.5610337529112229
fixed_0.0,2,30,0.2255550941481143,0.47520998606188336,51.69322005833747,0.0,0.6714827422051443,0.7427539083061389,0.5958604501126675
fixed_0.0,2,31,0.21997242247427704,0.47958241394427026,57.15843971097562,0.0,0.6961006550854757,0.7710939642886181,0.6242462609530204
fixed_0.0,2,32,0.2373078679118616,0.46612896082459576,46.4427632947582,0.0,0.6539287078957327,0.733465004778106,0.5922466276428555
fixed_0.0,2,33,0.22518440401665663,0.4765611414928801,52.10516388493191,0.0,0.6715606819932194,0.711571086014648,0.6315852168501908
fixed_0.0,2,34,0.22229040456455143,0.4779320971718921,58.27241951238005,0.0,0.7020370133832323,0.7595983105205711,0.6424778898258073
fixed_0.0,2,35,0.23023021492648957,0.4757128580214994,42.701665027137125,0.0,0.6310202014839065,0.7429450786907748,0.5200288523043649
fixed_0.0,2,36,0.22452441487507288,0.47240577970580794,54.97994872607406,0.0,0.6888678588455289,0.7665109871172917,0.5934138069454135
fixed_0.0,2,37,0.23094729416923396,0.4651952290038584,50.39938450512344,0.0,0.6721370331216289,0.7601976354363374,0.6048607892152404
fixed_0.0,2,38,0.22792883467219685,0.4748364730061172,49.88058838931456,0.0,0.6652329589014269,0.7310379340708267,0.6268101665864206
fixed_0.0,2,39,0.227534524884467,0.477643257628922,45.26879246514173,0.0,0.6450939397478205,0.7433414997767517,0.5648361203361186
fixed_0.0,3,0,0.22660462280090563,0.4734737598591618,49.38894451168513,0.0,0.66291816656529,0.7399150289504429,0.6012490786357678
fixed_0.0,3,1,0.23519182507755199,0.47071200465735036,46.4225190212757,0.0,0.6510527737969217,0.7292019495514777,0.5915508487097101
fixed_0.0,3,2,0.22506429785507523,0.4761514778781895,52.636926377711916,0.0,0.6757374775869687,0.7550108999534674,0.6230341162171983
fixed_0.0,3,3,0.24074387600760602,0.46006251188549596,48.15198283445698,0.0,0.6634097673495823,0.7524042715724999,0.5959451317003049
fixed_0.0,3,4,0.22719146521602393,0.47089395400244244,52.900161173216546,0.0,0.6786297439834876,0.7489694614350486,0.5931576992625218
fixed_0.0,3,5,0.23740206729912014,0.4701164592642624,41.82088180989656,0.0,0.6293982692426722,0.7464856468186114,0.4820485826370861
fixed_0.0,3,6,0.24505982487985972,0.45214389612332045,44.539480293768264,0.0,0.6494399326913655,0.7470881886285653,0.5550711382749994
fixed_0.0,3,7,0.2289556783580066,0.4753209801470037,54.55764864087524,0.0,0.6878631501162678,0.7678156520976114,0.6044810704291871
fixed_0.0,3,8,0.2440865584214359,0.45766018377233475,38.43075006767997,0.0,0.6186153864468636,0.7109840980736367,0.5597716640495733
fixed_0.0,3,9,0.22781107133421422,0.4804284853709205,48.4069971736559,0.0,0.65608537803448,0.7508324114789748,0.5591391983459999
fixed_0.0,3,10,0.22389310671912868,0.47259861581511686,53.41214406266028,0.0,0.6815871701178479,0.731584806371584,0.6440660412309996
fixed_0.0,3,11,0.21872463600599448,0.4895876865962304,48.95967104384289,0.0,0.654798544956646,0.7572071264837246,0.5222576996477932
fixed_0.0,3,12,0.24306438438600908,0.45892029282691027,47.78706029596098,0.0,0.6613272212750513,0.7459778971941725,0.6212688760752522
fixed_0.0,3,13,0.23374551693796908,0.46847760241982844,50.0428424845272,0.0,0.6686549825579,0.7523725035767352,0.5959714290472335
fixed_0.0,3,14,0.23685469935655032,0.46390789753181133,50.00179959024788,0.0,0.6703637211370874,0.7547396870578545,0.6239335575174568
fixed_0.0,3,15,0.2334259337784578,0.4672934577719489,53.03447629055771,0.0,0.6809035989633515,0.7451038893933428,0.6281941888197992
fixed_0.0,3,16,0.243690366444432,0.46238775522236714,46.59561601296626,0.0,0.6561256199240552,0.7547811536006902,0.5887411063882824
fixed_0.0,3,17,0.23638381942917233,0.4681608056868705,46.876228977212946,0.0,0.6543786592438912,0.7255569970484005,0.597194434576251
fixed_0.0,3,18,0.23893998757374132,0.4665819119293692,42.50826487394005,0.0,0.6327499866456822,0.709267886395959,0.5556861818568991
fixed_0.0,3,19,0.24171846943398928,0.45323888314401434,52.503820734055736,0.0,0.6865187074015418,0.7564280131894746,0.6711045171791657
fixed_0.0,3,20,0.2393544154107963,0.4693941624143018,50.63586888120184,0.0,0.6706783701264626,0.7502952351924554,0.618770084626305
fixed_0.0,3,21,0.2322647571104809,0.4664966045565202,55.569013318984894,0.0,0.6938732805014034,0.7538108256907362,0.6707489495531127
fixed_0.0,3,22,0.2304805643947023,0.4752027651915481,47.103979568845524,0.0,0.6546787673506737,0.7425812601936873,0.5602688612572053
fixed_0.0,3,23,0.22530936451608238,0.4742719257256248,58.25689019790248,0.0,0.7035498466250739,0.7505004426976787,0.6877895322982602
fixed_0.0,3,24,0.2376391913773067,0.46784532516373273,50.02412755478697,0.0,0.6687917435899468,0.7275627473521504,0.6253822981874807
fixed_0.0,3,25,0.2309499558160837,0.4658087706422862,45.09350521059617,0.0,0.64483437201264,0.7113489380114314,0.5959750022086127
fixed_0.0,3,26,0.245869080222712,0.46004161492060147,41.20368070187227,0.0,0.631453155798461,0.7247171602351377,0.5576527871995888
fixed_0.0,3,27,0.2373561738061523,0.4587680271051335,47.43505939125562,0.0,0.6594210200951928,0.7444981961796195,0.5910376834813353
fixed_0.0,3,28,0.23232395670911238,0.4723619786447166,43.94150832287102,0.0,0.6377764991635906,0.7467905971524421,0.5178396635750113
fixed_0.0,3,29,0.24917303767785146,0.45014553211669883,44.83192069095718,0.0,0.6532954303635304,0.7425033530810382,0.607002950014019
fixed_0.0,3,30,0.2380513045477993,0.4647813863454502,45.32691503567299,0.0,0.6496265270853835,0.7257101520370607,0.570954861018353
fixed_0.0,3,31,0.22563684890439087,0.47735350807640065,49.55987454828173,0.0,0.6629806658777824,0.7579731147723906,0.5604222608715452
fixed_0.0,3,32,0.22505319351050798,0.480582147413005,49.93724942222388,0.0,0.6628109720931242,0.7493029457286501,0.5646446139804334
fixed_0.0,3,33,0.22372217069866393,0.47856442854490566,48.98829439183637,0.0,0.6606247590696506,0.7665413520546456,0.48791633975179455
fixed_0.0,3,34,0.23852263426574008,0.45776113460097173,48.96048390688145,0.0,0.6661104626923908,0.7398558869303957,0.6255924644657617
fixed_0.0,3,35,0.23887664366929465,0.4666103635502985,37.48147638607381,0.0,0.6094749881768583,0.6546571706844372,0.5949153333191269
fixed_0.0,3,36,0.2237123215605519,0.47520418314256563,48.97687138089474,0.0,0.661446667513328,0.7309677641993372,0.5735431040574629
fixed_0.0,3,37,0.2358213820828813,0.4679776590965667,52.17271914475378,0.0,0.6783827137494147,0.7360580324329777,0.6619416662407321
fixed_0.0,3,38,0.23582928731220984,0.4655196160696043,44.77012990324995,0.0,0.6439114785364757,0.7121353898773318,0.5633110295190343
fixed_0.0,3,39,0.24285559866258666,0.46132342828785866,42.79412455554792,0.0,0.6379691823630498,0.7193466207562165,0.5567263761189424
fixed_0.0,4,0,0.23792907378017011,0.45814238466561885,51.639217352719186,0.0,0.6780781556977998,0.7410727250050514,0.6388764431685463
fixed_0.0,4,1,0.2257564898848247,0.4732065198092649,43.39428067642742,0.0,0.6322815541723958,0.7199368903889992,0.5546059029185689
fixed_0.0,4,2,0.23373135352234858,0.473735564018544,42.65652619073658,0.0,0.6320435700057306,0.7160534845785266,0.559697450960839
fixed_0.0,4,3,0.22681199890607776,0.47989074001679805,52.87048503612913,0.0,0.6772098530905627,0.7399547956879786,0.6228308567468258
fixed_0.0,4,4,0.2373700498765216,0.4679270930206988,42.60346402122425,0.0,0.6339499995427862,0.7475548089093451,0.5216696452006084
fixed_0.0,4,5,0.23647699630563077,0.455122085917573,50.47548917869735,0.0,0.6724985865108547,0.7371857874917479,0.6260071820358796
fixed_0.0,4,6,0.22671464350483397,0.47826981428828585,51.68788669292413,0.0,0.6736458118517732,0.768416758694121,0.5973253172735257
fixed_0.0,4,7,0.22816585074514736,0.47915236076615625,47.45235872572392,0.0,0.6520460590633135,0.7556328806729191,0.5203623696666031
fixed_0.0,4,8,0.23297898319440016,0.4729136566490164,52.44729020934792,0.0,0.6763792326145384,0.7459473753162345,0.6216571444261811
fixed_0.0,4,9,0.22644682934967406,0.47520069585249747,54.478204378687586,0.0,0.6864330430773681,0.7653100696243089,0.5934623915686256
fixed_0.0,4,10,0.23947536713135345,0.46749276639532966,42.12570775042198,0.0,0.6319641221099309,0.7167399458101428,0.554471911473135
fixed_0.0,4,11,0.22256758887092296,0.48352503756980614,41.229977242647294,0.0,0.6202867739188901,0.7128157345293756,0.4866179572087495
fixed_0.0,4,12,0.2320108956968816,0.46749275191765566,42.73946366886156,0.0,0.6355328245931159,0.716320016451657,0.5713764985109939
fixed_0.0,4,13,0.23418001993487922,0.47305883434366547,50.08935696961965,0.0,0.6672660562435238,0.7526964262847939,0.5919476368885503
fixed_0.0,4,14,0.24479823370858134,0.4569960032296748,48.88543465683166,0.0,0.6676108656723977,0.7448022583343642,0.6257622413685363
fixed_0.0,4,15,0.23860570281484136,0.45912699435063886,44.0894953875541,0.0,0.6427864903112436,0.7355116506151913,0.5872010554972376
fixed_0.0,4,16,0.2242115011521455,0.47814650532746245,47.160053373475435,0.0,0.6482827640938644,0.7139514582938771,0.5852985420209821
fixed_0.0,4,17,0.2365667639774313,0.46410394344413375,43.700969741132035,0.0,0.6396721844374664,0.7188408722126195,0.5523092225381586
fixed_0.0,4,18,0.22499217352550363,0.4768163667430465,53.65663400860923,0.0,0.6796445531258871,0.7507109382427328,0.626239905553814
fixed_0.0,4,19,0.23703471598530265,0.4642346239592783,45.2992494126401,0.0,0.6469066280248778,0.7296883466868409,0.5699448889460713
fixed_0.0,4,20,0.229049284237059,0.471157806761293,47.055574656725895,0.0,0.6531612640726177,0.7599493785938021,0.5204935828970579
fixed_0.0,4,21,0.22486087696690613,0.4757674966062884,49.87167895745338,0.0,0.6641267071582934,0.7529693136804608,0.560670360113004
fixed_0.0,4,22,0.24580016402483315,0.45861346486497667,39.95842841453803,0.0,0.6242593542634235,0.70755503135083,0.5880754329525513
fixed_0.0,4,23,0.22350344103920658,0.4838504887437363,53.87707456696168,0.0,0.6797264612120463,0.7595827745631657,0.5918854407306732
fixed_0.0,4,24,0.2405201837328903,0.45952783743058445,51.467105140241664,0.0,0.6790624447167575,0.7538083626248095,0.6343843564115227
fixed_0.0,4,25,0.22829125391222502,0.47160906173218897,47.7785277761945,0.0,0.6577365561691626,0.7604940189077563,0.555746927461871
fixed_0.0,4,26,0.23506306058516171,0.4672433825343943,48.601272740497826,0.0,0.6637008731990529,0.761951895307035,0.5896672254885322
fixed_0.0,4,27,0.23876847417086852,0.46550203600082823,48.041946853903674,0.0,0.6603727513622853,0.7422213811439561,0.604249388898216
fixed_0.0,4,28,0.22932821719985402,0.4731572446630685,51.1980989705164,0.0,0.6720973568286734,0.7620613815377449,0.5883620330198124
fixed_0.0,4,29,0.2358149814010376,0.46821535724907837,41.13776765290092,0.0,0.6276222060679812,0.701680826883838,0.5520802744521817
fixed_0.0,4,30,0.23743698848399367,0.4645186427836426,44.23886566500769,0.0,0.642562362130232,0.715812161425932,0.5926432162669276
fixed_0.0,4,31,0.2339820963471226,0.46991682628525566,51.54318217883778,0.0,0.6759505119482033,0.7649131345061834,0.5926058929057672
fixed_0.0,4,32,0.23493384606061582,0.4659810914301684,46.323002457838605,0.0,0.6524540568437601,0.7549670758989913,0.5548687906277038
fixed_0.0,4,33,0.23223780375824413,0.46674219325964306,54.184233315754355,0.0,0.6860823124213183,0.7513150738740589,0.6562742870094533
fixed_0.0,4,34,0.23854208084416473,0.46646268942202374,42.00867898495198,0.0,0.6331806795647787,0.7287024135620324,0.5557797470039207
fixed_0.0,4,35,0.2264564603374543,0.4792061074960289,52.14241921950433,0.0,0.6737089339342063,0.7461368543293517,0.5742208216885974
fixed_0.0,4,36,0.23136221442243954,0.4612879441953642,50.65402144871662,0.0,0.6725361305368597,0.7433176082396233,0.6341109684188159
fixed_0.0,4,37,0.22687264069135618,0.4736289008588636,45.636008695579285,0.0,0.6468263190796135,0.7385046406473479,0.48629944012941717
fixed_0.0,4,38,0.23167448034948457,0.4743756768974202,41.7771296744054,0.0,0.6260128165812893,0.682033877572659,0.5600411074111298
fixed_0.0,4,39,0.24234671161275556,0.46060019273920244,46.24146454532402,0.0,0.6540182450209239,0.7448088826476496,0.5922475439724332
fixed_0.0,5,0,0.23428459633560078,0.4670241150797411,53.904959066855284,0.0,0.687878051151109,0.7322455727997874,0.6842043239737391
fixed_0.0,5,1,0.21354860165663034,0.4885087809783295,55.99354328093349,0.0,0.6846787356395511,0.7527006511417974,0.5876002333037611
fixed_0.0,5,2,0.24364581212465033,0.4532619609060575,47.825966938388504,0.0,0.6657017956941381,0.7511122299629883,0.6105129582567668
fixed_0.0,5,3,0.2213610780746463,0.473980245038135,54.505157622577876,0.0,0.6838428729177267,0.7534560811596882,0.6232424124986904
fixed_0.0,5,4,0.22060598109598262,0.48057040816624597,56.695288460356544,0.0,0.691289444073539,0.751849574831334,0.6241083191461271
fixed_0.0,5,5,0.23769720811103504,0.4641527557187493,45.64811238429209,0.0,0.6501325425902672,0.7467690186021743,0.5609376470265033
fixed_0.0,5,6,0.23155960464584574,0.4712990325439402,53.85580375864568,0.0,0.6859630646589647,0.7711664393279913,0.5926980460287675
fixed_0.0,5,7,0.24353952380128865,0.45973672143534516,46.83388768941769,0.0,0.6568508532210533,0.7174896326927477,0.6319320079743941
fixed_0.0,5,8,0.2360121523615351,0.4620801237496962,46.17274107321563,0.0,0.652318484398955,0.7483276558629589,0.5569981920503356
fixed_0.0,5,9,0.2369321786689058,0.464102665183201,49.40606801898771,0.0,0.666379766084594,0.7466011764415721,0.5932899731596661
fixed_0.0,5,10,0.22654219691417204,0.4737439101105895,59.93307354632369,0.0,0.710291948404416,0.7578572677837745,0.6709592133679442
fixed_0.0,5,11,0.23856814170515092,0.4644955591783698,47.41359726040415,0.0,0.6569203574797159,0.7399603397953709,0.5883472453581448
fixed_0.0,5,12,0.24294937629936042,0.46914109451321767,42.78092253632161,0.0,0.6358558409513917,0.7419891252661532,0.5345406681188797
fixed_0.0,5,13,0.2316188912380911,0.4737146690778317,43.785072666778184,0.0,0.6381095747655051,0.7599739184973672,0.4836038092255488
fixed_0.0,5,14,0.23541192773653855,0.46594041536956804,48.03630645136563,0.0,0.6597514788053086,0.7302942898577021,0.5925016413170509
fixed_0.0,5,15,0.2227070979546738,0.48091181260969956,52.11606326609744,0.0,0.673095342646558,0.7580158235770889,0.5616193373394531
fixed_0.0,5,16,0.2224399682361674,0.47909002629283953,54.0533439919472,0.0,0.6817420265052647,0.7278643126560641,0.6348771718074049
fixed_0.0,5,17,0.24134508926325865,0.4571080841649289,43.40665789357266,0.0,0.6405686556608015,0.729975268328917,0.5898990489730135
fixed_0.0,5,18,0.22851765646319355,0.47593909525999306,41.57894422837934,0.0,0.624734455831642,0.7397688475604665,0.48425193835006985
fixed_0.0,5,19,0.23414071179809676,0.46810699336641987,47.17032936649083,0.0,0.6566343230830719,0.7651729639455382,0.5543035231077912
fixed_0.0,5,20,0.24440085564819988,0.45175700450569073,48.66979993454751,0.0,0.669012385154876,0.7268371040752596,0.6690682282217967
fixed_0.0,5,21,0.24287538133092704,0.4577611258938976,44.47270164187579,0.0,0.6464990132447144,0.7217346588557899,0.5879578710022378
fixed_0.0,5,22,0.23646447817739366,0.46358985837142713,46.131019780078155,0.0,0.6515013060495114,0.7499692178119814,0.5515573722714944
fixed_0.0,5,23,0.23552603028158398,0.47268948943967803,52.3132879242085,0.0,0.6817533090664724,0.7691290965551478,0.6181772100221241
fixed_0.0,5,24,0.2408292255962166,0.45992269448043216,44.20013234060242,0.0,0.6441901007836753,0.7156934099752712,0.5904415505196094
fixed_0.0,5,25,0.23929827866185616,0.4516891437095908,55.031936746945846,0.0,0.6967124259792852,0.7481863736670237,0.7121272274018793
fixed_0.0,5,26,0.2481567158113307,0.442352753810317,43.62888566768965,0.0,0.6486276416329287,0.735765732309544,0.5967610168471887
fixed_0.0,5,27,0.22736462541745653,0.47950206409596724,41.661161838808496,0.0,0.6247889048196202,0.7221172202512373,0.48639627823233383
fixed_0.0,5,28,0.23093649956526047,0.469022702602885,49.09432186957075,0.0,0.6635333923490905,0.7604322527069889,0.5537014015924079
fixed_0.0,5,29,0.23193152976120213,0.47149142465258703,48.75252722778022,0.0,0.6580538044865276,0.7059275076284878,0.6253165547899023
fixed_0.0,5,30,0.24057705265865315,0.45914978757281827,47.359937738896164,0.0,0.6599404933672361,0.7493942750061808,0.5941071821137697
fixed_0.0,5,31,0.23951339596926838,0.46537897442602344,43.65884184545859,0.0,0.640263702304009,0.7481424903953394,0.5551349505275908
fixed_0.0,5,32,0.2248640268684888,0.4797056334588535,49.060065372727784,0.0,0.6592071117122883,0.756312559574575,0.5586753958088146
fixed_0.0,5,33,0.22216368206552203,0.4790180701604145,53.60989527700906,0.0,0.6820327039023951,0.777077610868166,0.5566852789144724
fixed_0.0,5,34,0.22352463943810116,0.47872511170584214,51.365224379005454,0.0,0.6687622104280844,0.7488063548653973,0.5595764625031807
fixed_0.0,5,35,0.24155788456761126,0.4649664588763199,47.726446825677336,0.0,0.6576993826758528,0.737904356549177,0.5895996920029025
fixed_0.0,5,36,0.2391165265960046,0.4596193959061582,49.268212365118245,0.0,0.6689595942227637,0.7577926372744137,0.6276546364349831
fixed_0.0,5,37,0.24276272839635518,0.45571192770354624,47.992784595612015,0.0,0.6622972866654061,0.7317646927059707,0.6310099264210819
fixed_0.0,5,38,0.2305892295257244,0.4722537143443154,43.58220376725534,0.0,0.6356055514100529,0.7391021457241819,0.5190157455809706
fixed_0.0,5,39,0.2246563534746261,0.4775893286960641,44.95217084732711,0.0,0.6400266700614891,0.7366205465558022,0.5241584400477121
fixed_0.0,6,0,0.2270967414782261,0.47663163104209444,43.65069924228215,0.0,0.6338856994678298,0.7012623749563643,0.6090360615817402
fixed_0.0,6,1,0.22956647120514564,0.4703280155532792,44.70980307910476,0.0,0.6410933245177026,0.682989812569089,0.5940172528126105
fixed_0.0,6,2,0.2255771729915647,0.4756539845961096,49.8778642208728,0.0,0.663436897269343,0.7476714321460758,0.5952521855516546
fixed_0.0,6,3,0.24015012190709148,0.46071521328233933,41.99319385019305,0.0,0.6331531944402652,0.7133114094741192,0.5869324845323197
fixed_0.0,6,4,0.22552034837645366,0.4728239013663349,55.51699875310475,0.0,0.6917354688844377,0.7693135140765949,0.6239097164101062
fixed_0.0,6,5,0.22618959443551853,0.4774778418257721,50.3136337528237,0.0,0.6663778911536827,0.7317845648935016,0.5930935320432548
fixed_0.0,6,6,0.2397661271724131,0.47147603224999624,40.36652050042109,0.0,0.6227200300880047,0.7209518054196199,0.5223545787367166
fixed_0.0,6,7,0.21754098305589586,0.4867620167756548,41.27116281384545,0.0,0.6202050113522192,0.7301140069477869,0.4813035676807908
fixed_0.0,6,8,0.222232885294597,0.48603553392618964,44.9131922142492,0.0,0.6360067506435977,0.7134681102586092,0.5524393367898189
fixed_0.0,6,9,0.23442269556677658,0.46939167493496564,42.565189579934156,0.0,0.6325829965349832,0.6934208182975086,0.5887246188588134
fixed_0.0,6,10,0.23569559078874422,0.4722339511242294,46.790894288064436,0.0,0.6541164872822688,0.7409609587669143,0.5596987435455957
fixed_0.0,6,11,0.24257537611633517,0.4598883032947244,39.534145351534434,0.0,0.6232905354227036,0.7202564046464446,0.5511653364366114
fixed_0.0,6,12,0.22445111818313904,0.4763423998519707,49.29432533303443,0.0,0.6604328018526346,0.7537129520597562,0.5853190397769309
fixed_0.0,6,13,0.22969135016448977,0.4746213350050961,48.66762782634374,0.0,0.6595636716676545,0.762408857796986,0.5505607304530988
fixed_0.0,6,14,0.2388467311081797,0.4642440066204746,38.67102884013055,0.0,0.6180113668505073,0.7207751412718886,0.5250697900574092
fixed_0.0,6,15,0.23630092605140013,0.47061436846842325,47.399487924217865,0.0,0.653889054639301,0.7116013356975841,0.6252535020729805
fixed_0.0,6,16,0.23519723774052778,0.4694066591311105,50.57580478316639,0.0,0.6709214304332501,0.7509859536145184,0.5958381417826978
fixed_0.0,6,17,0.24341996444477607,0.459165922092492,41.084486680921614,0.0,0.6303094069797887,0.7393257151196795,0.5199491336407325
fixed_0.0,6,18,0.24153567579476673,0.4634444502754998,51.13240442142215,0.0,0.6773615454070208,0.7632738922784494,0.6257724348990429
fixed_0.0,6,19,0.22596556762565315,0.4818767209588062,42.155630888170165,0.0,0.6254557767453817,0.6952601252992738,0.5546044726951992
fixed_0.0,6,20,0.23068653047455392,0.46756796693991154,47.22169860665879,0.0,0.6563178775149675,0.7592628313247302,0.55350468466188
fixed_0.0,6,21,0.23684953443471782,0.4696159021625096,38.69796515913405,0.0,0.6144387632138207,0.7211381651908152,0.5152110989974995
fixed_0.0,6,22,0.22862066524805608,0.47820188132203595,54.42165533276539,0.0,0.6876940055205876,0.7775449995550128,0.5942192028008442
fixed_0.0,6,23,0.23418327419282362,0.46232762932761806,50.7711475094474,0.0,0.6733511999416527,0.745744333930149,0.6103426142873136
fixed_0.0,6,24,0.228769787623095,0.48099142596097766,48.57456785744825,0.0,0.6549906177696687,0.7384239096622225,0.590204429851081
fixed_0.0,6,25,0.23723319129267068,0.4671265280805764,45.12184992246899,0.0,0.6459851766871852,0.7487654906693564,0.5851960696989258
fixed_0.0,6,26,0.24102783076732134,0.4577242697173759,51.404637796626176,0.0,0.6788704220321379,0.7561790701517942,0.626761819624091
fixed_0.0,6,27,0.22622243032801775,0.4779812897847119,42.83696829280547,0.0,0.6303831827365687,0.747891753485725,0.4832281401354987
fixed_0.0,6,28,0.23827834920466595,0.46708752431922496,41.062213269897164,0.0,0.6254877895355602,0.7123341972896616,0.5508505506342857
fixed_0.0,6,29,0.22888249099992639,0.47918765157829935,42.03348424020328,0.0,0.6273612135265838,0.7092333892737145,0.5505782734075156
fixed_0.0,6,30,0.23129861891768058,0.4733913504304362,51.92160063849743,0.0,0.6740231109962322,0.7325987188390213,0.6455931572398654
fixed_0.0,6,31,0.24210827457836887,0.4634137131020224,46.11501456176542,0.0,0.653623639973676,0.7545780503304699,0.5597334644883046
fixed_0.0,6,32,0.24851426102004687,0.4531468366991001,39.47163951819273,0.0,0.6268703588877006,0.728892710494621,0.5523657106120087
fixed_0.0,6,33,0.23792628564855617,0.4671176433256868,44.9913188192103,0.0,0.6452943035200221,0.7429346032842482,0.5565476250667508
fixed_0.0,6,34,0.23020687557031752,0.47582458326207727,48.51493078336334,0.0,0.6587673883351978,0.7349774129003268,0.5884879664438435
fixed_0.0,6,35,0.24004838443788232,0.470385632048579,49.17254526826613,0.0,0.665874489152402,0.7437578404774898,0.6097682909648303
fixed_0.0,6,36,0.23775910984709128,0.4707393030677713,43.23029174438996,0.0,0.6367104093348365,0.7526000324603347,0.48717256567048883
fixed_0.0,6,37,0.23404251295961312,0.4675338224587939,50.07529728670316,0.0,0.6685546073614715,0.7515159515752089,0.5941062564344798
fixed_0.0,6,38,0.23703796188797188,0.4645654600749163,46.65018563367059,0.0,0.6545634307612144,0.7486667158865348,0.5583539719777203
fixed_0.0,6,39,0.22791071834642251,0.4739895613730424,47.61206199531891,0.0,0.6535918913103169,0.7449790788351478,0.5584113753219162
fixed_0.0,7,0,0.2275760227562274,0.4721142958316063,51.44467627552659,0.0,0.6701325464802579,0.734412415046661,0.6262223278977481
fixed_0.0,7,1,0.23316555291726274,0.4686669461589372,53.77662668698736,0.0,0.6848177315049233,0.7528367761084317,0.627396388775435
fixed_0.0,7,2,0.2362798404282587,0.4632299654742519,42.75871316499367,0.0,0.636331919066322,0.7122400881732089,0.5571475402732794
fixed_0.0,7,3,0.22989586679834548,0.47567104090929657,49.46110748598662,0.0,0.6630781489970627,0.7551943929961624,0.5563937992115949
fixed_0.0,7,4,0.22812341832179184,0.4762202780079956,46.08813090773112,0.0,0.6448845075427427,0.7124750939616276,0.5875043489851438
fixed_0.0,7,5,0.22910800942494547,0.46455311436058583,49.01754915359657,0.0,0.6624962638909179,0.7351881760252016,0.6017204899494056
fixed_0.0,7,6,0.24459154255977258,0.45850170129836026,48.58418148822114,0.0,0.6637081171805553,0.7330026468728345,0.656174050457921
fixed_0.0,7,7,0.23188637338674906,0.470872551258866,49.782006829251415,0.0,0.6660912405071634,0.7161975121940629,0.6428385286339019
fixed_0.0,7,8,0.24462010589251662,0.4590495831332656,43.0956662224864,0.0,0.6406174983241669,0.7480893562508312,0.5545209503882192
fixed_0.0,7,9,0.2391801646508492,0.4555850046403476,46.54003766817365,0.0,0.6545166675997364,0.7301969625875988,0.5900547020892082
fixed_0.0,7,10,0.22330934258020058,0.47649930143917024,50.186159623233074,0.0,0.665507487083993,0.7621241152920052,0.5577341571954048
fixed_0.0,7,11,0.24262579986639188,0.4616934000385946,47.724660138769906,0.0,0.6573406301252459,0.7015267438802494,0.6562239652006883
fixed_0.0,7,12,0.2377218244743099,0.4606304473391109,43.540799686351534,0.0,0.6432819766297531,0.7688414608366806,0.5179564065593146
fixed_0.0,7,13,0.2421511185794196,0.45350965806898264,44.486597382068425,0.0,0.6482507140539097,0.7450480596412157,0.590639466907092
fixed_0.0,7,14,0.2527007852514214,0.4467858676443503,45.84486842773621,0.0,0.6616652567834115,0.7749376250666165,0.59251701381351
fixed_0.0,7,15,0.2300317644754363,0.47421381373473315,43.93182078122627,0.0,0.639559436747512,0.7387418835508914,0.5260731306015306
fixed_0.0,7,16,0.22562713083411964,0.47852275055340737,53.797614269796235,0.0,0.682656008643144,0.7701392850053173,0.5628384838238109
fixed_0.0,7,17,0.23730033123406738,0.4590816989124557,51.048666347457036,0.0,0.6785346906319824,0.7691192513857588,0.608483543062167
fixed_0.0,7,18,0.22767130009131697,0.47454615660156024,49.72295619067069,0.0,0.665555814673332,0.732750238811217,0.6066315808552971
fixed_0.0,7,19,0.24616788856919603,0.4553089057467737,49.22674758876335,0.0,0.6703588120438955,0.7499602779502585,0.6281281937461675
fixed_0.0,7,20,0.22650850342578083,0.4724910975321566,55.29027559017279,0.0,0.6908055545060917,0.7683565033126996,0.629606055565996
fixed_0.0,7,21,0.22349551236011475,0.47624966461577545,51.14199568384315,0.0,0.6693483131013358,0.7590198105790467,0.5898355609643277
fixed_0.0,7,22,0.24372090121236067,0.45880068784093436,40.17642522586714,0.0,0.6262855705660413,0.719569133131385,0.5520756975420874
fixed_0.0,7,23,0.21829808718640806,0.48133093775844293,57.75434638556443,0.0,0.6974689987058645,0.7609905787845384,0.6056118183863184
fixed_0.0,7,24,0.22126948265922952,0.4821786262208375,51.186773430095464,0.0,0.6662221712225751,0.7150299456653503,0.5713159756857402
fixed_0.0,7,25,0.2330282895995903,0.47406294606821775,43.731051531715636,0.0,0.6366044002316499,0.686881086063598,0.6033224961787569
fixed_0.0,7,26,0.2439740947176037,0.460809310463329,42.14328337231434,0.0,0.6331434224921753,0.7325097225158165,0.5522928661667729
fixed_0.0,7,27,0.2323741360521136,0.47218472201736966,50.120158184007664,0.0,0.6692540468609344,0.7471225169829674,0.5941916722677668
fixed_0.0,7,28,0.23704095816987997,0.4641563654764356,47.2886866192748,0.0,0.658523859597922,0.7075843886473059,0.6290957071654343
fixed_0.0,7,29,0.2382789853027519,0.4676422060758908,40.611767931327364,0.0,0.6253253712584467,0.7423407456637539,0.48770561449502875
fixed_0.0,7,30,0.2246591997297616,0.47621270445381564,54.27414238013127,0.0,0.6840666985832571,0.7387482303972415,0.6570538267510234
fixed_0.0,7,31,0.22391954578573003,0.4812218856418482,56.19196252096042,0.0,0.6918666242269466,0.7653115492003888,0.5953833127141981
fixed_0.0,7,32,0.23831073975780626,0.4643794307159277,51.80206654931057,0.0,0.6804228598669064,0.7667605564619386,0.63243756802112
fixed_0.0,7,33,0.21880539291874943,0.4822918564594218,49.517079067363376,0.0,0.6606216429663951,0.7674109781989896,0.5170412060282167
fixed_0.0,7,34,0.228763197668151,0.47144838214896057,45.42270025179754,0.0,0.6455172337587929,0.7509296757123762,0.5194204732638824
fixed_0.0,7,35,0.23767070786579791,0.461612577120514,43.331094704247505,0.0,0.639232604902065,0.7422795910333178,0.5881529549295386
fixed_0.0,7,36,0.2253748745026342,0.47512667739298303,48.960490538536796,0.0,0.6598028451273948,0.7552577720131485,0.5563139609236593
fixed_0.0,7,37,0.23387987665597995,0.46408862514061533,42.66864267514071,0.0,0.6346283462208456,0.7308474844817303,0.5561858924436436
fixed_0.0,7,38,0.23999627096945442,0.4606620536540603,38.66730081980696,0.0,0.6179662624872103,0.6756623151118816,0.605336712045349
fixed_0.0,7,39,0.24922950142195244,0.45599003938365246,39.245203748314,0.0,0.6215733207526793,0.70363803412651,0.5518603604188442
fixed_0.0,8,0,0.23074132246675652,0.4739717600107173,49.84980292471101,0.0,0.6665647961975881,0.7646855648145214,0.5579159293627612
fixed_0.0,8,1,0.23266326011161498,0.4746399105153575,46.491568365172036,0.0,0.6486767622595457,0.7421677837916898,0.555205555083999
fixed_0.0,8,2,0.22497737797829948,0.480741708247501,55.323319948366056,0.0,0.6868866421763253,0.7243650753270728,0.6722677883958909
fixed_0.0,8,3,0.22320377297637273,0.4807507586763068,52.60813708415327,0.0,0.6766398189660633,0.7725705629116622,0.5587210607256627
fixed_0.0,8,4,0.22354137788329378,0.4784727773297073,46.761297646081076,0.0,0.648865881495451,0.758259501496081,0.48434149256077563
fixed_0.0,8,5,0.23449281500927727,0.4708623517668437,46.806277389933676,0.0,0.6517154499804022,0.7256387301336353,0.5560494826445691
fixed_0.0,8,6,0.23018964115606227,0.47257794541872034,56.1764679265377,0.0,0.6949855174859737,0.7616447458306017,0.6617537790346381
fixed_0.0,8,7,0.2324360044497388,0.4660812738735072,48.6798142942357,0.0,0.662695708928722,0.7468249772683664,0.5640043783336155
fixed_0.0,8,8,0.24470044348359837,0.45135184355903324,42.81380699137877,0.0,0.6424615956266433,0.7279091915899146,0.596089427103531
fixed_0.0,8,9,0.22766457139292248,0.4755336941494417,39.178495853675706,0.0,0.6138241972239303,0.6763500465720251,0.5260915934239895
fixed_0.0,8,10,0.22091264447942066,0.4858347516464757,49.43563068480487,0.0,0.6576286676089604,0.7575758299490902,0.5160576225085982
fixed_0.0,8,11,0.23816625730469862,0.46228800181232854,54.71582941771977,0.0,0.6924905424234521,0.7604974021014689,0.6613427995702423
fixed_0.0,8,12,0.2545603548350887,0.44732469934229663,38.40281667993624,0.0,0.6224253528457797,0.7276914271259414,0.5597871855920927
fixed_0.0,8,13,0.22421866078049874,0.4791245613335123,51.927668572631895,0.0,0.6719710175972402,0.7222376118618595,0.63712610177689
fixed_0.0,8,14,0.24778339025289245,0.4536553976608588,41.47251173681225,0.0,0.635022298684719,0.7471181831421339,0.5519879799740727
fixed_0.0,8,15,0.2224428489180954,0.4741406794877212,53.01504711376724,0.0,0.6787778428552961,0.7549990196284191,0.5647300868382459
fixed_0.0,8,16,0.21808203222221637,0.48350333285622077,52.8536359119611,0.0,0.673129717885134,0.7493472312215501,0.5592341853015413
fixed_0.0,8,17,0.22957447901657438,0.4717939945752965,45.51283269818986,0.0,0.6446137890966798,0.7352966708074696,0.5237377716326906
fixed_0.0,8,18,0.23430005870403953,0.4696910707342016,40.672126937759096,0.0,0.6247926200757,0.7444594768844883,0.5214540787113288
fixed_0.0,8,19,0.2165289676990844,0.47926058754157025,55.598180392673484,0.0,0.6876189147926015,0.7593428039717273,0.6250880716734559
fixed_0.0,8,20,0.23634240467020354,0.4690585801452019,47.18554971814993,0.0,0.654210593295916,0.7431349965361241,0.5908510133110242
fixed_0.0,8,21,0.22794644529407945,0.4700617400605824,52.75558117489162,0.0,0.6780412066938041,0.7306324251710294,0.6270218917798956
fixed_0.0,8,22,0.22399184122332766,0.47547044164130126,48.10771387953807,0.0,0.6571405483663469,0.768550737784831,0.5177030583723196
fixed_0.0,8,23,0.23517647960761892,0.45919236122864054,47.245950648956985,0.0,0.6576786361056983,0.7361594660525854,0.5970244165070826
fixed_0.0,8,24,0.21824573676584832,0.48566543132076107,47.434395048394435,0.0,0.6481962696209425,0.7145936819611616,0.5703606996661325
fixed_0.0,8,25,0.23147181108846585,0.46923571715233336,47.3224965732824,0.0,0.6551295572663869,0.7441377456502654,0.5695024173268991
fixed_0.0,8,26,0.2395309095499684,0.4608989972228132,40.52165562215338,0.0,0.6260402162600444,0.7047652885422697,0.5556457237400078
fixed_0.0,8,27,0.23150713465463355,0.4637415812868361,46.73719996854821,0.0,0.6525574700236574,0.739338448505218,0.5872109639774826
fixed_0.0,8,28,0.23505165517656276,0.4650587009026098,52.88722315107449,0.0,0.6835630721654805,0.7572920658716193,0.6331052874413915
fixed_0.0,8,29,0.22658440615231376,0.4754834659147009,47.52148159184242,0.0,0.6545447273690109,0.7632619795410418,0.5209573960546634
fixed_0.0,8,30,0.2349941836424402,0.4709259329754684,50.69378235690825,0.0,0.670820629762466,0.7561386385723724,0.6219149072088886
fixed_0.0,8,31,0.22071466605654333,0.4823678191962982,52.003051140897874,0.0,0.6707525746242896,0.753703538163534,0.5921074647510964
fixed_0.0,8,32,0.22059292150765736,0.47675948038953214,54.74870773189124,0.0,0.6880281780843489,0.7674736630177008,0.5796956346191986
fixed_0.0,8,33,0.22777446642317864,0.4833483398158791,44.04510728673237,0.0,0.6352768372956556,0.7490410273708739,0.4905865433542805
fixed_0.0,8,34,0.23218847449642188,0.4630118585894529,50.027946689386475,0.0,0.6674922894758634,0.7160265183910689,0.6589725874836928
fixed_0.0,8,35,0.2371801379960499,0.4719773833962063,49.76621177592826,0.0,0.6684243853247088,0.7531232069171866,0.6164763010580316
fixed_0.0,8,36,0.23569633286788988,0.46231635594646747,46.6767001271669,0.0,0.656429850744601,0.767240670075568,0.5532314033808995
fixed_0.0,8,37,0.23285783652938308,0.46843276984103843,46.133775241063155,0.0,0.6500339710103573,0.750914272906631,0.5210409213379511
fixed_0.0,8,38,0.22478390088122033,0.474282423712549,48.986823972563606,0.0,0.6605978467215804,0.7496496278686264,0.5574203823068363
fixed_0.0,8,39,0.2297311250385953,0.46393748550660197,48.59550104855969,0.0,0.6620167950098642,0.7487386507898841,0.5905752022230687
fixed_0.0,9,0,0.22984809398318828,0.4691523272749591,54.17065346277708,0.0,0.6880502487436939,0.7438330141665029,0.6345713118725085
fixed_0.0,9,1,0.22987136583982676,0.46884214980006056,48.579278050013926,0.0,0.6607321325401592,0.7456299522966648,0.5948892289637712
fixed_0.0,9,2,0.23086252739551566,0.4747024426006143,46.93623488967134,0.0,0.6504618619543308,0.742663327824277,0.5218284791989792
fixed_0.0,9,3,0.2355853895833645,0.4703548383355351,39.18201929640138,0.0,0.6154689116103828,0.7051687599802677,0.5541840152365486
fixed_0.0,9,4,0.23667754811699832,0.4617827368785827,45.510623154475844,0.0,0.647876767663356,0.7103239934108109,0.588694102499116
fixed_0.0,9,5,0.2190293884693536,0.48718781029616026,48.27688146950669,0.0,0.6510538621183369,0.7440407371579084,0.5180595863031316
fixed_0.0,9,6,0.2346046044265068,0.464253495247706,40.471412515675766,0.0,0.6261193469991814,0.7216097647857749,0.5217197710565633
fixed_0.0,9,7,0.23549096313054182,0.4728317955408148,48.954365426978484,0.0,0.6620621478356149,0.7520085564829014,0.5879981681012932
fixed_0.0,9,8,0.22422969881848603,0.47986936167928385,55.30198920968011,0.0,0.6877942515403119,0.7649555154121076,0.6292752867313886
fixed_0.0,9,9,0.24073962318452613,0.4616179233633881,50.82322364770976,0.0,0.6746304241988528,0.743765773804848,0.639491429364426
fixed_0.0,9,10,0.23897387024920352,0.4643992431122071,51.21645480684311,0.0,0.6758862685135585,0.7521967472145599,0.6280249524852567
fixed_0.0,9,11,0.22999492364205976,0.46361283746404336,56.86792178314135,0.0,0.7004631507383337,0.737466761188875,0.6758651923204056
fixed_0.0,9,12,0.2346717933196827,0.46504205666426685,49.358775930955396,0.0,0.6645690944030596,0.7467540567149115,0.5875875158774946
fixed_0.0,9,13,0.2274836355949043,0.47091302910359484,45.61710049979206,0.0,0.646939556644137,0.6762620211329218,0.6400367309096626
fixed_0.0,9,14,0.22493522059871068,0.47706638833214765,49.768244555279786,0.0,0.6637492887904549,0.7230547152734974,0.6056454249088664
fixed_0.0,9,15,0.23463376351926235,0.47567569608977184,39.153347441082175,0.0,0.6147355993856431,0.7085629970177331,0.5241509852993017
fixed_0.0,9,16,0.2324127752260423,0.4733648634650082,47.989270077419896,0.0,0.657135423298789,0.7307624449499212,0.5589680374411016
fixed_0.0,9,17,0.22363165753187375,0.4756118074871681,57.74767424443198,0.0,0.7010631396159913,0.7773880382702022,0.6309929872341168
fixed_0.0,9,18,0.23520110240358394,0.4630800045582801,43.77060033357041,0.0,0.6413108963808747,0.6932391769281024,0.6010752853844571
fixed_0.0,9,19,0.23834986602521993,0.46078499504698245,42.499055810226906,0.0,0.6349342603368598,0.7348555281650158,0.5537089502603768
fixed_0.0,9,20,0.232284793684298,0.4691125402254588,54.71078566677702,0.0,0.6895297829447922,0.7284395738757673,0.6793459649406769
fixed_0.0,9,21,0.23624703145921677,0.4607142915422854,49.14627720332148,0.0,0.6677708244694737,0.7586854604272761,0.5940138449892903
fixed_0.0,9,22,0.23478790166699823,0.47518267164788497,48.40884988216033,0.0,0.6582959972122278,0.7246311780289943,0.5922682806548024
fixed_0.0,9,23,0.2368627126693367,0.4600253143374745,49.91756565729897,0.0,0.6711322244631683,0.7688136328148005,0.5823646887444596
fixed_0.0,9,24,0.22780055336057106,0.4739789775055587,54.17065489059653,0.0,0.6813534759508636,0.7286793391707089,0.6336464773552276
fixed_0.0,9,25,0.22521668824409805,0.475923692761056,50.779698514077715,0.0,0.6677004808846643,0.7169418022368459,0.6081344559234666
fixed_0.0,9,26,0.24158372504238393,0.46054322923244106,44.8465204594403,0.0,0.6471183278931094,0.7173029101698227,0.5911160245854346
fixed_0.0,9,27,0.24906236307983354,0.4598365163778365,46.12265009645723,0.0,0.6551383626747839,0.7314120791194872,0.6178603322249776
fixed_0.0,9,28,0.22321137736514104,0.480980641734856,48.904415138237,0.0,0.6565434622011449,0.7537064670890661,0.5185459799994255
fixed_0.0,9,29,0.24659559417812837,0.4584257384004578,46.92059397554275,0.0,0.6578990436551096,0.7362822899163097,0.6350891903319186
fixed_0.0,9,30,0.23099636863311268,0.47774480773839567,46.48118198758099,0.0,0.6495674294322884,0.7384613204443671,0.5535761374631426
fixed_0.0,9,31,0.2255044745435808,0.47511122064084615,45.418610135978966,0.0,0.6438399397801865,0.7412276507483986,0.5659286479820183
fixed_0.0,9,32,0.23606637374986159,0.4700179542540481,47.20004996508448,0.0,0.6542627702575271,0.7115276355509274,0.6074322292602037
fixed_0.0,9,33,0.2332802424767083,0.4738858383888422,41.20532023790206,0.0,0.624554006006639,0.7185547555323969,0.5534357107582784
fixed_0.0,9,34,0.24272455476383975,0.4545904345991663,45.521393896062506,0.0,0.6512043438296882,0.7416398593658,0.586435360885415
fixed_0.0,9,35,0.24671888214666135,0.4570028863893552,35.81866711380568,0.0,0.6085635371633761,0.7305193813058807,0.517617440873668
fixed_0.0,9,36,0.2270266588056629,0.4768634973122574,50.6151353165907,0.0,0.6696529167766813,0.7623927570048139,0.5756645803174689
fixed_0.0,9,37,0.23239217360459688,0.47081814401591493,43.51576713691063,0.0,0.6381328367910265,0.7296842757748304,0.5240775869254398
fixed_0.0,9,38,0.23013953059060374,0.4726602270897144,46.98899910027218,0.0,0.6516954126369677,0.7230783959479702,0.5888341212388878
fixed_0.0,9,39,0.23860266770597605,0.4602899358376488,52.23346918507173,0.0,0.6808465935224354,0.7506424353416697,0.6277438113863288
fixed_0.4,0,0,0.2181524498427785,0.4838953212057639,48.8948835092109,0.4,0.699758165309815,0.7241019735857973,0.6975019666797873
fixed_0.4,0,1,0.23832355494880955,0.4548359191278144,45.29801880597075,0.4,0.6885778151913631,0.7339430555860313,0.7013139823233513
fixed_0.4,0,2,0.22286190361899352,0.475928282765445,47.42577714586491,0.4,0.6964002626975827,0.7704562313134168,0.6205765430558257
fixed_0.4,0,3,0.24086284387615214,0.45899823425794983,40.80460301035711,0.4,0.663512523986775,0.736412598912991,0.5997063742841884
fixed_0.4,0,4,0.2353802421278868,0.4714121888898062,40.93974893038892,0.4,0.6678118976536709,0.6997961881842222,0.6580629341829844
fixed_0.4,0,5,0.22770820082344823,0.47727656025134885,39.53079886302923,0.4,0.6657568526918757,0.7264638250778828,0.5913931940231573
fixed_0.4,0,6,0.24236287910387475,0.4529063316957907,38.65495162945848,0.4,0.6557331962645724,0.7496746263467026,0.5848931934231795
fixed_0.4,0,7,0.23385517878325407,0.4619988282652856,38.4733283546577,0.4,0.6544951043859686,0.7431143997923303,0.6005338117449235
fixed_0.4,0,8,0.24043845808519038,0.45648306564032115,37.820432816673375,0.4,0.6617437421347407,0.738499924858105,0.61656403208053
fixed_0.4,0,9,0.231320095077037,0.46685422759112866,33.565387133694905,0.4,0.6364045404388098,0.7190121127822474,0.5582030483770234
fixed_0.4,0,10,0.2314513131605448,0.4736212837272512,39.68802760727893,0.4,0.6670584117550442,0.7675318403084994,0.5676658225261207
fixed_0.4,0,11,0.2307170581162924,0.47622293321366027,37.15479200221529,0.4,0.6462586841368453,0.7006216084217918,0.5903322371545627
fixed_0.4,0,12,0.23736201653583147,0.4608917344155674,38.22522938574923,0.4,0.6512558143137397,0.7203454481278446,0.6295717708112302
fixed_0.4,0,13,0.235970216619208,0.453812096261297,46.441046086338766,0.4,0.6951475901982738,0.7617829974896645,0.6590815550868588
fixed_0.4,0,14,0.2370943341572559,0.46149396716998436,42.343943498105794,0.4,0.6667610893489974,0.7454697892303573,0.6266896773391647
fixed_0.4,0,15,0.23137445499700843,0.46989344381287695,35.30666359983871,0.4,0.6601885964307892,0.7184781247128851,0.5913061104416838
fixed_0.4,0,16,0.2250985263568573,0.4824277565419458,41.94336877180875,0.4,0.6867656335056718,0.7634129762804372,0.5609433084450128
fixed_0.4,0,17,0.23364676717474328,0.4685881577920226,48.785566169221866,0.4,0.6882552065265862,0.750623944918642,0.6354698928450643
fixed_0.4,0,18,0.21972238793955,0.4829730787847689,48.56713400899204,0.4,0.6983446790523196,0.7542678196585905,0.6049837823155182
fixed_0.4,0,19,0.23159466074225551,0.4677069052713108,54.606255644032856,0.4,0.7099419760988306,0.7637483822098047,0.6831716764532082
fixed_0.4,0,20,0.23213947480185487,0.47080757492396785,31.543831989088666,0.4,0.6456316355544227,0.7506933316332262,0.48262921847349305
fixed_0.4,0,21,0.22354698279954605,0.4818090054504387,44.539337536077426,0.4,0.6720610660195255,0.7641407141920312,0.5590761481352181
fixed_0.4,0,22,0.2310160455976784,0.4689768696314446,45.41819732796883,0.4,0.6894253783041301,0.7663025824245165,0.6185517864121304
fixed_0.4,0,23,0.23382566879159714,0.46982599303846145,40.92484946998075,0.4,0.660463482774749,0.7494650908352072,0.5946807074109787
fixed_0.4,0,24,0.2477840918153377,0.4512505984611713,44.61150743014833,0.4,0.6770074751078003,0.7419362633000912,0.6761648023222616
fixed_0.4,0,25,0.22598514582032028,0.48065713175992847,44.34662606571854,0.4,0.6954458999496913,0.7365891939619575,0.6497052496590059
fixed_0.4,0,26,0.22505535128989335,0.4719357141377047,43.669092345179486,0.4,0.6822429905759148,0.7378327796350638,0.6181384436876853
fixed_0.4,0,27,0.22407774522817211,0.475314519581518,47.986672773938416,0.4,0.6848203051853703,0.7531403047287719,0.606492137722093
fixed_0.4,0,28,0.22939410775313354,0.4793421735963387,37.877597701231025,0.4,0.6692065862937948,0.7528506183782739,0.540071237471997
fixed_0.4,0,29,0.22886655975889025,0.47153016434398126,49.44743629494081,0.4,0.7037719881919696,0.7541057206464341,0.6447421618952716
fixed_0.4,0,30,0.2274777635649923,0.47042464691227065,38.452085426862226,0.4,0.673009330357412,0.7428988525430924,0.5918152849524382
fixed_0.4,0,31,0.2274394857752819,0.47574344469142876,44.146006556827174,0.4,0.6833586183450752,0.7677058409565837,0.6101660616916103
fixed_0.4,0,32,0.2262326558605253,0.4751200496473538,42.20509397472138,0.4,0.6761980482297503,0.7572030888041286,0.5771889023749408
fixed_0.4,0,33,0.22734793327240163,0.4778618404681011,41.600145361581376,0.4,0.6611509706183748,0.7174757434622058,0.5962358073014103
fixed_0.4,0,34,0.2306555812236386,0.4708747189039437,40.72115322257675,0.4,0.6594736510321079,0.7444021547270805,0.5906201144209994
fixed_0.4,0,35,0.22146865350732062,0.4772028901826123,41.96453976111753,0.4,0.698997531462244,0.720111946225682,0.6929951716495445
fixed_0.4,0,36,0.22602385300968741,0.4817355515049811,52.63234316176679,0.4,0.7017158142645654,0.7694021776132433,0.647631446246996
fixed_0.4,0,37,0.2511148363146516,0.4548022069395605,33.54121329880925,0.4,0.6351846119504583,0.695482352604175,0.5995164513046154
fixed_0.4,0,38,0.22094928052315474,0.4806349893765393,52.10230681452915,0.4,0.7282143263697113,0.7782395410785448,0.6655905224537119
fixed_0.4,0,39,0.23401641758129096,0.4682760352835361,33.46456007581144,0.4,0.6447335375685077,0.693083293760454,0.5972381427583948
fixed_0.4,1,0,0.23697627201585209,0.46306059993815707,51.485575875463965,0.4,0.7134100922764882,0.7579317785381596,0.7317110818480379
fixed_0.4,1,1,0.2266663700634822,0.4807765940615635,36.72976931852405,0.4,0.653139481421127,0.7253101216074153,0.5284377917127853
fixed_0.4,1,2,0.23997581610388588,0.4541569652734318,42.599498918041746,0.4,0.6789247258115727,0.736088424664219,0.6553489060957475
fixed_0.4,1,3,0.23882149410148215,0.46145824070282115,41.416021654403295,0.4,0.6746550857667389,0.716390608609706,0.7082195356690807
fixed_0.4,1,4,0.22432685425027027,0.4826980520070575,43.032722111956765,0.4,0.6670660840481417,0.7040535275381644,0.615378470284162
fixed_0.4,1,5,0.22489627293020376,0.4753718717657089,48.696026326924596,0.4,0.7156822430990827,0.7644158257800782,0.6359551290026252
fixed_0.4,1,6,0.23102883662795645,0.4717340896938315,44.68601666647573,0.4,0.6746243454332773,0.7374179619421808,0.6018689714009646
fixed_0.4,1,7,0.23085218821449208,0.4725857288762716,28.45000348412042,0.4,0.6328250053788912,0.7125494517104074,0.4921265614727619
fixed_0.4,1,8,0.2386568375567548,0.4560144127703572,42.8642568085094,0.4,0.6911870989401133,0.7331314824077129,0.6971846642215938
fixed_0.4,1,9,0.23198235098476083,0.47346614846466467,38.46800711495115,0.4,0.662333240875805,0.7542342980281869,0.5376408234553789
fixed_0.4,1,10,0.2319902400885649,0.4716839412930587,36.42762233203989,0.4,0.6543002383497157,0.7568290365974275,0.5257089878902352
fixed_0.4,1,11,0.23106314279439227,0.4702826657496235,38.19574564163117,0.4,0.6513661907682019,0.7265266269311073,0.5900521720062294
fixed_0.4,1,12,0.23943174256754898,0.4643669945994701,34.77103173283312,0.4,0.640606783827588,0.7238290883980071,0.5928896201086209
fixed_0.4,1,13,0.24273311273431386,0.4568881882639846,44.41648364580371,0.4,0.6879177872613313,0.7636212592376219,0.6594520573750705
fixed_0.4,1,14,0.2429751670121891,0.45645313956704736,39.1427957553449,0.4,0.6673643948585694,0.7381236605486499,0.6320632292754992
fixed_0.4,1,15,0.23764677313129684,0.4556206985263662,37.173004078150655,0.4,0.6703528935124177,0.739691303129002,0.5929091992041943
fixed_0.4,1,16,0.22084695105027607,0.4865153459161024,42.69048051961792,0.4,0.6748997605391306,0.7420767106497688,0.5911455305688038
fixed_0.4,1,17,0.2328392247858471,0.4637062892719461,39.27715381547766,0.4,0.6550984219734326,0.717723120512788,0.6387878057291707
fixed_0.4,1,18,0.21973814336333308,0.4827546994665063,53.39629535392029,0.4,0.7156072093866884,0.756495870311766,0.6394044614766087
fixed_0.4,1,19,0.22339263595097417,0.47337629673690734,57.70100923413545,0.4,0.7174353269569125,0.7520794935890908,0.7082687693847444
fixed_0.4,1,20,0.23314585125107393,0.4606026616848879,42.73911409991115,0.4,0.6708952608979077,0.7549031722430357,0.5900942424646182
fixed_0.4,1,21,0.22267484457071593,0.4845383436686374,43.712813441407626,0.4,0.6934627497943276,0.7467210796098516,0.597908181955377
fixed_0.4,1,22,0.23121581790304965,0.4644829074445498,47.55402469310952,0.4,0.698282312216974,0.7598072576395158,0.6348515682432594
fixed_0.4,1,23,0.22937096597747703,0.47823982261629167,33.51945775057456,0.4,0.6510690783684502,0.71598660062434,0.5402371231151356
fixed_0.4,1,24,0.22982077690967187,0.4716547486755696,40.89865491970823,0.4,0.6691103483741346,0.7356690061563875,0.5741899269316523
fixed_0.4,1,25,0.23077137630217576,0.4701651336319019,40.543802757655165,0.4,0.6684789522052739,0.7426735717378895,0.5702415463433501
fixed_0.4,1,26,0.2267576800635686,0.477668030846298,39.546686008979556,0.4,0.6767901214001597,0.7503515246025168,0.5469676301708003
fixed_0.4,1,27,0.22826011910636324,0.4792765222770512,48.17231489209583,0.4,0.6838725184761774,0.7515737204338707,0.6318604635162239
fixed_0.4,1,28,0.21958782490100634,0.4834041895349168,38.72561751403633,0.4,0.6735054793364639,0.7388770520007646,0.543841909972345
fixed_0.4,1,29,0.22635636452818697,0.4827151568714704,32.224366094292336,0.4,0.6357250192228214,0.7423006061096604,0.4873390471626104
fixed_0.4,1,30,0.23617093466603245,0.4709892896137491,36.28474654267645,0.4,0.6641967156079822,0.7275936371635414,0.5914397628539446
fixed_0.4,1,31,0.22640448257209772,0.4693575309982008,50.88994157933265,0.4,0.6953692622615354,0.7570911066740387,0.6302427531516875
fixed_0.4,1,32,0.22964937547078618,0.4699624725723913,42.65134431695396,0.4,0.6780365674167799,0.7261833721244343,0.6556931299487723
fixed_0.4,1,33,0.24773163196178513,0.45829418111079234,36.989092281079365,0.4,0.6685415464891278,0.7362502233851064,0.6514202150892112
fixed_0.4,1,34,0.22679887921728448,0.4750905473084793,48.19700523131182,0.4,0.6968472828224243,0.7141304928624765,0.7210418409144831
fixed_0.4,1,35,0.22699948968230674,0.4693181781963574,37.10525076485831,0.4,0.6692089901396526,0.7487642053970041,0.5411410887752598
fixed_0.4,1,36,0.23060215322743613,0.47628291064413375,38.56554450373515,0.4,0.6630846970752126,0.7706366157446953,0.5343417582043206
fixed_0.4,1,37,0.2362115627261093,0.46645657642795785,21.31722766840498,0.4,0.6131618344690294,0.6405462506183555,0.5606395911341887
fixed_0.4,1,38,0.24089103240333906,0.45721813720107074,34.30620195326142,0.4,0.6488867380928314,0.7115217331588362,0.6242189496077234
fixed_0.4,1,39,0.23294395394224643,0.47221313501619916,49.5507439778298,0.4,0.6922889663468553,0.7814224903692522,0.6296705086156426
fixed_0.4,2,0,0.23760301649904517,0.4651954242544198,40.98992317885222,0.4,0.6616046415791639,0.7465212336098156,0.5939971504862304
fixed_0.4,2,1,0.23033869117491002,0.47036554424569915,41.9345332751825,0.4,0.688251887705642,0.758793128385547,0.6019109343799148
fixed_0.4,2,2,0.24079549279926316,0.45796053016256083,48.0289561085553,0.4,0.686694089924998,0.7468077325768238,0.6653621363848189
fixed_0.4,2,3,0.23949166344810152,0.45855674636923244,37.24763289967897,0.4,0.6581519199516234,0.7297086222192013,0.614050408003673
fixed_0.4,2,4,0.23189794786545181,0.4630182611091365,35.25315005610852,0.4,0.6446305158387785,0.7488283830680563,0.5401211692686816
fixed_0.4,2,5,0.21059492514548375,0.49221878991768775,49.92126806005928,0.4,0.7015088623692148,0.7563950738902985,0.5903648126340081
fixed_0.4,2,6,0.2452028838312954,0.4636745175163033,32.975660582339486,0.4,0.6430184378388815,0.7553678530493988,0.5729892937593183
fixed_0.4,2,7,0.23320762211145787,0.4710316544227987,39.36313757654868,0.4,0.6762093674226193,0.7459546345992676,0.5944555436398931
fixed_0.4,2,8,0.22594056969413964,0.4797040717837444,35.509048381597886,0.4,0.6498503402904265,0.729242115511289,0.5321837283808962
fixed_0.4,2,9,0.23565406485784468,0.46862797732849376,42.2873577036155,0.4,0.6667151065320525,0.739206990593318,0.6277333691524146
fixed_0.4,2,10,0.22391163680220036,0.4795069484490559,48.95121254043698,0.4,0.6990247464827728,0.7526374033667611,0.6217249449515343
fixed_0.4,2,11,0.24062919918476203,0.45980193556635546,42.8016877301178,0.4,0.6674104137019669,0.7323368923138172,0.6280046752823071
fixed_0.4,2,12,0.23139556314543244,0.47457873435518916,34.16160448074059,0.4,0.6457224431375989,0.7336777323168506,0.5282775776516176
fixed_0.4,2,13,0.22283559876345133,0.47472963491908904,47.6707235253889,0.4,0.6966299095984889,0.7405759734320809,0.6591242553270863
fixed_0.4,2,14,0.22849288109739896,0.47442857648283604,42.21830411074865,0.4,0.6647606891939629,0.7541360398608985,0.5556383110131415
fixed_0.4,2,15,0.21996969460195356,0.4785599832711675,52.62211461303334,0.4,0.7002703081861852,0.764811617801842,0.6296244568766124
fixed_0.4,2,16,0.2418431042129395,0.4655573557673058,37.368720486473514,0.4,0.6805640031591763,0.7357537347801633,0.6259494964818332
fixed_0.4,2,17,0.23389429734521913,0.4667400355146517,42.588052022118816,0.4,0.6785919459957837,0.764414608100736,0.5681637245613276
fixed_0.4,2,18,0.22960973525840725,0.47061810518321345,41.193626522949565,0.4,0.6844119570638902,0.7256169973385949,0.6507818074466853
fixed_0.4,2,19,0.22930146624208658,0.47745403202091663,35.226516959282144,0.4,0.6470720433239261,0.706396532495804,0.570809435100208
fixed_0.4,2,20,0.22342560763207844,0.4750553447653091,47.982417605930124,0.4,0.6855221179545707,0.7381553970787815,0.6460853892565038
fixed_0.4,2,21,0.22343813056540326,0.46820535283374726,49.89369848731148,0.4,0.7180362003303783,0.7429948240945311,0.717843579893313
fixed_0.4,2,22,0.23630549452143193,0.4619280655515365,41.99674565676447,0.4,0.6674594918219979,0.7565510025553708,0.5983947026239076
fixed_0.4,2,23,0.2352265788321687,0.46524989660434934,41.592416218517656,0.4,0.6733850486205484,0.7348558507190743,0.6225645910433885
fixed_0.4,2,24,0.2275204805882882,0.4720130157569121,39.81163183474869,0.4,0.6671194712516868,0.7487966892228455,0.5754260042742814
fixed_0.4,2,25,0.2440055999448087,0.45644154906027723,31.935582725026435,0.4,0.6378086418163695,0.6701257051048376,0.6550519469177153
fixed_0.4,2,26,0.23722896802383328,0.4617134139789578,49.81469626797009,0.4,0.693514019879323,0.7514352941850865,0.6821589362462456
fixed_0.4,2,27,0.23641113023756627,0.46632710571511937,40.62365119642385,0.4,0.6586652709765318,0.735060755793132,0.6292062824678423
fixed_0.4,2,28,0.23697954371955662,0.46760724754982247,37.78507189718317,0.4,0.6500153714559029,0.7340106347616291,0.572232695271253
fixed_0.4,2,29,0.23594031089636067,0.46693295627568054,39.44650192528618,0.4,0.6551086659726473,0.732873482326529,0.5960908497534677
fixed_0.4,2,30,0.23275341065304797,0.46419682113530775,41.61091763810835,0.4,0.6760650709096595,0.7614320263925023,0.5735476427721067
fixed_0.4,2,31,0.22723618112301058,0.4720543285578128,37.42622705256769,0.4,0.6683671885228577,0.7283112789802424,0.613237920653093
fixed_0.4,2,32,0.22425055066184296,0.48143905938941045,42.7589339599179,0.4,0.6634136688139612,0.7231706883680887,0.6031735735445067
fixed_0.4,2,33,0.21900099244842783,0.4807591152137703,44.8941267933689,0.4,0.7318304616774366,0.7684061373033855,0.6957678161148388
fixed_0.4,2,34,0.23304514924971176,0.4723820976208192,43.349181692808656,0.4,0.668541913745951,0.7521650270716718,0.5885163977440017
fixed_0.4,2,35,0.23954310622449998,0.45497177388803134,45.72703794732555,0.4,0.6913986780960667,0.7471324105369,0.6695405740077063
fixed_0.4,2,36,0.2147623772783596,0.4880187405020088,49.78552764286327,0.4,0.7148503043800045,0.7538292603789459,0.6478208866665134
fixed_0.4,2,37,0.21631643829103855,0.47887603633681375,48.91858770030711,0.4,0.7146149026219211,0.7548036589336747,0.6702649008459884
fixed_0.4,2,38,0.23349186640779546,0.4660960964674576,43.065809503230916,0.4,0.6694047801614842,0.7546865794549847,0.5944250964199461
fixed_0.4,2,39,0.23138922507490223,0.4688278973685317,43.76561704579627,0.4,0.6709382963066537,0.7477738996939391,0.594325299701523
fixed_0.4,3,0,0.2270075450774579,0.4710969296788464,40.72391114841127,0.4,0.682396891522764,0.7399150289504429,0.6596914735770322
fixed_0.4,3,1,0.23310197631612634,0.48022072094347157,41.11854818354206,0.4,0.683782898905196,0.737449254130478,0.6125965025269684
fixed_0.4,3,2,0.22969229874725644,0.45971765839284995,38.32477583411799,0.4,0.6635875305544034,0.7332153331057122,0.6545550081415847
fixed_0.4,3,3,0.22251850333702727,0.4738423912244447,58.54287318340021,0.4,0.7221998843534542,0.737233029041444,0.7281752655691616
fixed_0.4,3,4,0.2222238067022656,0.4734015552539966,43.055267657300156,0.4,0.6673158304051352,0.7374043334079903,0.5640827729180995
fixed_0.4,3,5,0.2383667561211649,0.4581400172656536,42.629047293219536,0.4,0.6700052404257043,0.7539786556044538,0.6064568763100414
fixed_0.4,3,6,0.2286311478213544,0.47558922225906053,41.36182673079295,0.4,0.6844823596505479,0.7320848140753046,0.6455571330309041
fixed_0.4,3,7,0.23530195665875897,0.4541729540538225,45.698395348712054,0.4,0.6917059614397338,0.7474866339650831,0.6650432229760136
fixed_0.4,3,8,0.22983950145361626,0.47959994141407036,31.839049665651626,0.4,0.6331319438566493,0.7033401006255345,0.5305028355885598
fixed_0.4,3,9,0.23737996626791077,0.46933962969657506,34.97709802995779,0.4,0.6494756587159507,0.7474677213730647,0.5329068142770629
fixed_0.4,3,10,0.21930954424919383,0.48366314982076963,53.90553378572871,0.4,0.7159141410426674,0.7542431334805377,0.6947902370018431
fixed_0.4,3,11,0.22436860500848282,0.48166269532010403,44.50373553498011,0.4,0.6968980697949617,0.7711093971837601,0.5896146737386823
fixed_0.4,3,12,0.22678938611338217,0.474763025122999,37.00183848926707,0.4,0.6682149448690315,0.7357947325000241,0.5429671439965352
fixed_0.4,3,13,0.21683770452237638,0.49508455409400426,46.27004802307508,0.4,0.7022350125968729,0.7763798588128963,0.5462563885122179
fixed_0.4,3,14,0.21972049909485505,0.4850888467304076,50.41114354188402,0.4,0.7066499438121366,0.7726456829853703,0.6360658359341498
fixed_0.4,3,15,0.23825899365018313,0.4544465838470594,39.32450798834139,0.4,0.6787171112239118,0.7373408758439925,0.6460567812364468
fixed_0.4,3,16,0.23471012360242383,0.465683395899557,46.455259120946266,0.4,0.6799145871493241,0.7468338909682426,0.6619013277996458
fixed_0.4,3,17,0.24869968481029547,0.44946119483965247,35.585027441351656,0.4,0.654987202009779,0.745154235799802,0.6148410250288909
fixed_0.4,3,18,0.23275998204262174,0.4650587085958695,51.693470815152004,0.4,0.7013567009062968,0.7798738726782538,0.6386529219359893
fixed_0.4,3,19,0.2337902649820004,0.46338494210433034,46.08530590769404,0.4,0.6917371550369465,0.72966204753219,0.7348625866308044
fixed_0.4,3,20,0.23728418133197032,0.4595559570404791,48.6516449439634,0.4,0.6899527921366205,0.7524299748066876,0.6725288821677444
fixed_0.4,3,21,0.22878030493831594,0.47012656571109845,41.979055515902736,0.4,0.674675846746012,0.7089740635608431,0.6667656081633669
fixed_0.4,3,22,0.2276741382294526,0.47412394557007276,41.65337868587028,0.4,0.6749611229481217,0.7646332594492079,0.5443425525877345
fixed_0.4,3,23,0.23290312670098512,0.4635095328392498,40.81890146403186,0.4,0.6628072284101837,0.72153292503494,0.6118747163215547
fixed_0.4,3,24,0.24117449577106528,0.45676579904435005,35.501596015493014,0.4,0.6527905865936392,0.6811183964691458,0.6703533314627231
fixed_0.4,3,25,0.23144512007333803,0.4704283961046763,43.175318415823135,0.4,0.6803495556570353,0.7440385877225916,0.6489917274529463
fixed_0.4,3,26,0.23311094745719563,0.46924789400661127,42.39252409726946,0.4,0.6652186755080386,0.6901359619590498,0.6715093600132201
fixed_0.4,3,27,0.22150485828311894,0.4767721496950573,42.97966698068767,0.4,0.7039994933270283,0.7490440987511283,0.6252580158333417
fixed_0.4,3,28,0.24045422945253034,0.4655678325595273,40.24780947796194,0.4,0.6586727401595721,0.727220378556903,0.627603244846687
fixed_0.4,3,29,0.23353304027277175,0.4592109924008323,37.82127381978026,0.4,0.6737416631847525,0.7381232354103435,0.6176076411483383
fixed_0.4,3,30,0.22870093679711276,0.4677668623536032,46.137318603248545,0.4,0.6919457561964724,0.7588440902427789,0.622012211941996
fixed_0.4,3,31,0.24797715812330132,0.44720558856422876,32.58891026902486,0.4,0.653121605944225,0.7242850610123099,0.6514359666286816
fixed_0.4,3,32,0.24166049912202817,0.4539806205567851,44.85210111198595,0.4,0.6894317281148884,0.7525554687422269,0.6728263382569405
fixed_0.4,3,33,0.23716790704464055,0.4622741998295037,43.26322024138121,0.4,0.6961579295184118,0.7729846346070747,0.5984594003160576
fixed_0.4,3,34,0.21533159243213965,0.48099555426011215,49.77902529188074,0.4,0.7030709474701627,0.7493916722229481,0.6447009184476665
fixed_0.4,3,35,0.22111250386142295,0.47693993647650934,54.85910163829242,0.4,0.7235283963689823,0.7773708627348441,0.6681581539674681
fixed_0.4,3,36,0.23340351272941273,0.46772444340126024,45.04937571025489,0.4,0.6872503763364449,0.7445642753657519,0.6766341136178926
fixed_0.4,3,37,0.23174762461920567,0.46934569565852496,37.79082845484145,0.4,0.6592971246029224,0.7401228696492342,0.5771662813501395
fixed_0.4,3,38,0.22434596915476704,0.47930464208107537,43.44706509343557,0.4,0.667810486376991,0.7191989841389774,0.6436743373216285
fixed_0.4,3,39,0.23245825297786793,0.4723584140632317,35.1808446961978,0.4,0.6494521435063242,0.701300780684989,0.573438508942291
fixed_0.4,4,0,0.23885397957628904,0.45909784975004625,37.871627559197876,0.4,0.6846297121320366,0.7410727250050514,0.622098435514639
fixed_0.4,4,1,0.23353622317122893,0.4682057525829446,36.757385243556755,0.4,0.645510624078177,0.7294759771993644,0.5597047723925609
fixed_0.4,4,2,0.22703082664171523,0.4764547285839302,46.66710342958546,0.4,0.6921420319020823,0.7253743650242608,0.6806056711425518
fixed_0.4,4,3,0.22595939178865435,0.48052578728920275,52.31066421276409,0.4,0.6979573585572219,0.7548562657834803,0.6326704722809238
fixed_0.4,4,4,0.2345437044078452,0.47037585899381473,42.3947283926298,0.4,0.6772608220308145,0.7673245343883195,0.5720157241309625
fixed_0.4,4,5,0.23293776128229982,0.4679349427333622,39.35210369654347,0.4,0.6770747497305152,0.7250116108198349,0.6444146375309971
fixed_0.4,4,6,0.22939259595642147,0.46699439162830864,46.88338096670857,0.4,0.6955547339604574,0.7687440091955724,0.6232629547621344
fixed_0.4,4,7,0.2342528323320407,0.47038237973520447,26.977116913214083,0.4,0.6255370352468888,0.7027587818259255,0.4899986728803049
fixed_0.4,4,8,0.2344701790661037,0.4704605078046102,47.96842895729601,0.4,0.6983211769618091,0.728858993183011,0.6866759126015102
fixed_0.4,4,9,0.23755078317322265,0.46858381316873665,41.02396690032432,0.4,0.6609227239735511,0.7241101067060476,0.6276838154068357
fixed_0.4,4,10,0.23661833305101376,0.46739406879856576,35.951801664363956,0.4,0.6507063110779034,0.7226572561292078,0.613706880503911
fixed_0.4,4,11,0.23461585906837928,0.4675861236364558,41.083203370722075,0.4,0.6601772631134182,0.7041241464956611,0.6645119935335083
fixed_0.4,4,12,0.2342590821020121,0.4700984937383854,54.55992988906354,0.4,0.7069786061806896,0.7370850485367852,0.7195297125289573
fixed_0.4,4,13,0.236427682167438,0.4585615308996173,42.93420577192276,0.4,0.6680386655618084,0.710896003099829,0.6573522926860622
fixed_0.4,4,14,0.23221552174331608,0.46717168243260665,43.49530618657847,0.4,0.6801897878005702,0.7436434275736707,0.6117978455927506
fixed_0.4,4,15,0.24136972618743002,0.4638400175607796,43.069742573136935,0.4,0.6697276037800872,0.7505587861700265,0.6307937216440807
fixed_0.4,4,16,0.23001194181465265,0.4671026927835957,42.73867150708893,0.4,0.6687824747489016,0.749448333638544,0.6060963376424006
fixed_0.4,4,17,0.22529179303508284,0.4838517541269048,42.39298426023616,0.4,0.6753457931709992,0.7641256268700849,0.5335969487898694
fixed_0.4,4,18,0.23989554747022854,0.4633050986120055,42.2711149746111,0.4,0.677371399206199,0.7560582587952164,0.6123809430959727
fixed_0.4,4,19,0.23465588049240726,0.4661902443324866,37.91058537005787,0.4,0.6612837971119483,0.7560759537536613,0.5279592441430236
fixed_0.4,4,20,0.23613083836089874,0.4583743973516134,43.90135065781581,0.4,0.6977574697133877,0.7608337698556977,0.6458788952690646
fixed_0.4,4,21,0.21893812514488303,0.4794596693267363,40.621886155320155,0.4,0.669758737332839,0.7349465273736472,0.5723773486618676
fixed_0.4,4,22,0.23589641311771273,0.4731316644551142,38.79290237299361,0.4,0.6627182302133343,0.7253091851975161,0.6221710077371547
fixed_0.4,4,23,0.24021806910191618,0.45839042459840934,39.7995301458128,0.4,0.669740954637682,0.7583486290927896,0.6165842730577213
fixed_0.4,4,24,0.23165209083175325,0.46898881552398536,38.58989528419287,0.4,0.6636629057030714,0.7351911896265698,0.5738908628618138
fixed_0.4,4,25,0.23820872242647265,0.4662438947738013,30.719218641024078,0.4,0.6327416281272074,0.7061883068858429,0.5365046943767664
fixed_0.4,4,26,0.2273478896088447,0.4800437786696718,46.44790961315919,0.4,0.6912161122239787,0.7614344578182151,0.58912824645903
fixed_0.4,4,27,0.21369197880894847,0.48136252477343566,45.38433075690743,0.4,0.6874567884250782,0.7396348390110412,0.6198321880904221
fixed_0.4,4,28,0.23618656708880825,0.47155280036685254,35.32751063188882,0.4,0.6501355256798969,0.7017982508230467,0.6235410325911197
fixed_0.4,4,29,0.23333582251738588,0.4634761571689545,52.116574822627086,0.4,0.7010050552170122,0.753192468132113,0.6802910427576802
fixed_0.4,4,30,0.22357107759398487,0.46735441744685846,57.30585332433547,0.4,0.7180096202251579,0.7439243626455602,0.7329152146549193
fixed_0.4,4,31,0.2346878733084181,0.46825786513181683,45.9843310684377,0.4,0.7022774140776835,0.7408466794145642,0.657141802126971
fixed_0.4,4,32,0.22524349195449048,0.4769879895737838,37.9303403119228,0.4,0.6692687795820765,0.7366683728543557,0.5936051529746145
fixed_0.4,4,33,0.23450776678772672,0.46479755015610275,37.559043048773994,0.4,0.6716388817384449,0.7553822210201345,0.5885511867984671
fixed_0.4,4,34,0.22078645330627422,0.4842984943717724,41.65251983878281,0.4,0.698497130965097,0.7620941669911836,0.5617251679747685
fixed_0.4,4,35,0.23022130859832646,0.4792684501136122,47.42465851383832,0.4,0.6819128088808447,0.7539223441639806,0.6066197608296867
fixed_0.4,4,36,0.2319900891261032,0.4752491005995952,39.37090583863589,0.4,0.6619275223472014,0.7023680650544295,0.6209958212465253
fixed_0.4,4,37,0.22427884074233662,0.48012481407672364,48.06843701420327,0.4,0.7110889727473353,0.7700221129673334,0.6444576564579921
fixed_0.4,4,38,0.22337912441303798,0.47510485608518094,50.74716405986732,0.4,0.6934775257720553,0.746576395515217,0.6665933207924513
fixed_0.4,4,39,0.22432369681942868,0.4803070816699249,42.16617132609824,0.4,0.6636046507909222,0.7465037158467829,0.5737684460239337
fixed_0.4,5,0,0.2305518357268277,0.47242911354445827,51.37170935606555,0.4,0.6985837972415037,0.7322455727997874,0.7053512700961061
fixed_0.4,5,1,0.2129481995074208,0.4858631625458504,57.25710320463706,0.4,0.7141723261107017,0.7527006511417974,0.6441345672988531
fixed_0.4,5,2,0.2354475150631119,0.46147853497683844,43.499537822228916,0.4,0.6722567779415204,0.7457155108537268,0.6151478443448889
fixed_0.4,5,3,0.22160468147152446,0.4717682421958056,51.947886635841506,0.4,0.7109998553576462,0.7534560811596882,0.6957951559451475
fixed_0.4,5,4,0.22511930425802731,0.47525376151691756,48.797463535762276,0.4,0.6985006269267539,0.7469704131734449,0.6600631427370279
fixed_0.4,5,5,0.23952277494442334,0.4592484661197013,42.72481032952492,0.4,0.6942394655190812,0.7553526828347583,0.6811813223763982
fixed_0.4,5,6,0.2340371671107067,0.47074551334957065,50.232979840036215,0.4,0.6953510058868577,0.7464795941235995,0.6830494972213709
fixed_0.4,5,7,0.23702568910614225,0.4662774465413759,41.13204037002655,0.4,0.6713840981803731,0.7045346086154921,0.6776919758669884
fixed_0.4,5,8,0.23165834849523317,0.47182597484355887,50.41263176564528,0.4,0.6936358721545367,0.762835966021565,0.6286436088515134
fixed_0.4,5,9,0.23433840018416208,0.46724749636601964,43.043711875504485,0.4,0.6937773696056811,0.753418795199019,0.6694807321549
fixed_0.4,5,10,0.2471942834087853,0.45718298046308586,34.32281525808767,0.4,0.6466739532694269,0.7264587261411859,0.5713473393952286
fixed_0.4,5,11,0.23474143803435127,0.4616826319557049,41.00997573570096,0.4,0.6853519525886997,0.7507482075111706,0.6451624930984438
fixed_0.4,5,12,0.23824184931296608,0.4648207128124355,35.144664160547585,0.4,0.6497031574197504,0.7359644145878358,0.6094834476810906
fixed_0.4,5,13,0.24731690500167533,0.46002110205481217,35.8679875071108,0.4,0.6642174984493223,0.7439130694290882,0.5976305301598331
fixed_0.4,5,14,0.2329002894554183,0.45986539802589294,44.54330193422459,0.4,0.7007729704446933,0.7694859317272669,0.6414309977420334
fixed_0.4,5,15,0.24017597805856133,0.46283964689870044,45.63464872159542,0.4,0.6788270837341661,0.7298113050959288,0.6732196395180577
fixed_0.4,5,16,0.2246822373043531,0.47757335364525755,42.77854619132622,0.4,0.6772446632863529,0.7583047162772171,0.5722352483355151
fixed_0.4,5,17,0.23045799388022142,0.473463071240216,40.01165818487768,0.4,0.6680856337111608,0.7506215957750788,0.5505642775070817
fixed_0.4,5,18,0.22721587388937048,0.4766062696344512,45.355995973203676,0.4,0.6994600846284063,0.7283767039374951,0.6994050831905058
fixed_0.4,5,19,0.22860911346075236,0.47419800846580185,40.39699505680285,0.4,0.6801989618342857,0.748811179697098,0.5451242858149762
fixed_0.4,5,20,0.22996347673955952,0.465229434215232,39.4450982292306,0.4,0.6661906674088263,0.7415970092479868,0.5691753588411248
fixed_0.4,5,21,0.22884011913013158,0.4748127963365776,36.62748937742078,0.4,0.6445431351801144,0.6902554520637564,0.5966166600971661
fixed_0.4,5,22,0.2470848310059391,0.4576587245155644,34.10767656194087,0.4,0.646672965088662,0.7333719105423997,0.5756626757259447
fixed_0.4,5,23,0.24206912819326623,0.4565189543267061,40.68119869793182,0.4,0.6723335678704764,0.7187311187197708,0.6666956551966134
fixed_0.4,5,24,0.240142469199105,0.4637807903275481,36.62638924535339,0.4,0.6563350329599243,0.7459713301311913,0.5864225349869143
fixed_0.4,5,25,0.23624210371348045,0.4612018288191174,41.05420375430737,0.4,0.6638308333757108,0.7429036888801528,0.6426856256437549
fixed_0.4,5,26,0.23638244442931391,0.4570290354327916,47.4385512066837,0.4,0.6983276933660015,0.7625309987136111,0.6639973749339305
fixed_0.4,5,27,0.2358940272791275,0.46664420871866075,41.03405790113207,0.4,0.6724437174368498,0.7563410798848729,0.6105027007511975
fixed_0.4,5,28,0.23501434700407628,0.4649519739148544,43.69186352930112,0.4,0.6719952582129528,0.7545975621622929,0.6043676185044035
fixed_0.4,5,29,0.23362559174438374,0.4693668236959006,34.31141729262179,0.4,0.6372985317392437,0.7344999424919327,0.5276186204585048
fixed_0.4,5,30,0.22977737938370738,0.46848939791337685,42.280540339866356,0.4,0.6891379171312851,0.7542549090686566,0.6464856602703977
fixed_0.4,5,31,0.2276781981118024,0.47234263114174746,43.86435610550664,0.4,0.6795402136282115,0.7325003459731946,0.6118916682844618
fixed_0.4,5,32,0.23016276749962722,0.4638931100068154,53.828165583044935,0.4,0.7079848178327973,0.7717194624140318,0.6739596693594231
fixed_0.4,5,33,0.234342612715894,0.46907426139638253,40.5164542540963,0.4,0.6693296371759203,0.7505745365005173,0.5681959827153343
fixed_0.4,5,34,0.23645642354833962,0.46632654562895054,40.973410373685546,0.4,0.6625061582320544,0.7497965171839442,0.6103434026721233
fixed_0.4,5,35,0.23773213641962407,0.4614527452859747,45.94216157631888,0.4,0.7045862704196291,0.7483470389061629,0.7109081387500533
fixed_0.4,5,36,0.22764833803848436,0.4727158577526531,47.70884680603047,0.4,0.7087168349563507,0.7474638290771635,0.6585599776323744
fixed_0.4,5,37,0.231268066184007,0.47176387554818927,46.668955108417116,0.4,0.7052252582614291,0.7461474305031525,0.6625744167195056
fixed_0.4,5,38,0.2375732686146105,0.4663100339483067,37.515938138461486,0.4,0.684708392394005,0.7616855077704102,0.5642020379861388
fixed_0.4,5,39,0.22814686618379743,0.4736364817522144,43.04574558833677,0.4,0.6692318961032229,0.7737619504130712,0.56235209718716
fixed_0.4,6,0,0.2293805312100984,0.4744950548377237,35.42823667992327,0.4,0.6477591420908482,0.7012623749563643,0.6171013582891018
fixed_0.4,6,1,0.23908766903540313,0.4566193273304584,40.71760340533448,0.4,0.6712192488103997,0.7064058396621485,0.6971795594311176
fixed_0.4,6,2,0.21909580596035383,0.4812810739840672,43.45340738480251,0.4,0.7057040262296357,0.7252221173689513,0.7012395665982716
fixed_0.4,6,3,0.23723185554318701,0.4600667671840495,45.290205241581695,0.4,0.6784225704730706,0.756872756971036,0.633876353747738
fixed_0.4,6,4,0.23456158472204436,0.4674354628222213,47.950659264474254,0.4,0.6836372092840669,0.7053386787374977,0.7068114478563411
fixed_0.4,6,5,0.2247003932312616,0.47207072245053644,52.774617792297846,0.4,0.7162907664624214,0.7644804134304121,0.6788861953096613
fixed_0.4,6,6,0.23884504370847356,0.4589071974488713,40.5590326141033,0.4,0.6817287105792218,0.7311659748715756,0.695586509083687
fixed_0.4,6,7,0.22099110982382197,0.485613621073255,43.96544625714955,0.4,0.6792846644200631,0.7272808479510465,0.6124969568418073
fixed_0.4,6,8,0.2349855066992078,0.471744399348604,45.504248894728356,0.4,0.6745968167589764,0.7178943065913695,0.6607532532956035
fixed_0.4,6,9,0.23334760783614084,0.46431764623626237,38.300238551279804,0.4,0.6630100604146935,0.7240864489641492,0.6195366219614497
fixed_0.4,6,10,0.2180397139601058,0.48435637874259874,50.081270710561526,0.4,0.7041172965991194,0.7781234065713297,0.5733436536734307
fixed_0.4,6,11,0.23699633373675544,0.4645241875201527,37.02509228892442,0.4,0.669205513013983,0.7385368130355057,0.6215982574884136
fixed_0.4,6,12,0.22172551669258833,0.4818511940530191,46.89339290234981,0.4,0.6922296272265154,0.7306688000990164,0.6349023241779712
fixed_0.4,6,13,0.22426715882944484,0.4825325745623332,39.916643977343576,0.4,0.6782983789993148,0.7517380096398241,0.6169215262952439
fixed_0.4,6,14,0.22343747646804682,0.4819838127484296,49.27425080023371,0.4,0.6881988245280745,0.7620298125831271,0.6276118084850627
fixed_0.4,6,15,0.23771752859156134,0.4634589108014508,28.03571534410265,0.4,0.6257276137615826,0.7041642369159251,0.5716499952446
fixed_0.4,6,16,0.2427451559108036,0.463926816967077,38.7918994237971,0.4,0.652871310271604,0.7103829170639806,0.628342982001877
fixed_0.4,6,17,0.23472666559054367,0.46849768219646776,47.71224854814979,0.4,0.7112159095406331,0.7625673025456602,0.6545980984891394
fixed_0.4,6,18,0.2369333648566242,0.46678404923466577,35.40934593950348,0.4,0.6505383375600189,0.74026599873015,0.5724340382944333
fixed_0.4,6,19,0.23212435880752175,0.46556533695331687,46.27867444792593,0.4,0.6930526406106952,0.770209745833225,0.6521442301099845
fixed_0.4,6,20,0.2433384374071039,0.46492593612749633,30.759532554116774,0.4,0.6249325473567722,0.7084047910231929,0.5589725174864256
fixed_0.4,6,21,0.24098879379652038,0.454703175059164,39.58745829402322,0.4,0.6696945111025724,0.7451552653762926,0.6596252771225688
fixed_0.4,6,22,0.2276453842726248,0.4763731395407837,46.56674062616033,0.4,0.6915413152695636,0.7478449657412782,0.6344692248955371
fixed_0.4,6,23,0.22650829308872286,0.4763847241343971,38.29722329726618,0.4,0.650425653176558,0.6906959445294588,0.6077232907740547
fixed_0.4,6,24,0.22907866347839917,0.46018452730264464,43.756939945186716,0.4,0.6956988657125146,0.739048937362077,0.6621872701878839
fixed_0.4,6,25,0.23860331444086189,0.46134540954782355,32.36500597650801,0.4,0.6604773772205518,0.7283584457268807,0.6345648080723507
fixed_0.4,6,26,0.2307913936950599,0.4726664306430321,41.71457342876861,0.4,0.6628586594102579,0.7232548708859676,0.5973652845385151
fixed_0.4,6,27,0.23552848185562733,0.4674868636379696,48.822356767680866,0.4,0.701861670335716,0.7646874311946383,0.6618382499683382
fixed_0.4,6,28,0.22663526888334234,0.46810182899953867,54.03132676608857,0.4,0.707050305341723,0.7604836627301701,0.6708944994255311
fixed_0.4,6,29,0.22546807071844122,0.478808504648229,33.63788522523976,0.4,0.6648049802996729,0.730572268233758,0.5532430316915183
fixed_0.4,6,30,0.23226182672433002,0.4746455586350509,43.33395193186845,0.4,0.6688536818933677,0.7563356042387575,0.6002188778052848
fixed_0.4,6,31,0.2251702251510169,0.47495715586123183,44.19723008574909,0.4,0.6719223910790496,0.7041211570122501,0.6709004814795384
fixed_0.4,6,32,0.22553187398268165,0.4794307041396893,45.164321390870555,0.4,0.6845748689911266,0.7494764077861812,0.61094346203827
fixed_0.4,6,33,0.24050484890367899,0.45832660456676566,39.62207307624471,0.4,0.6801693926136115,0.695785576350411,0.719236796673773
fixed_0.4,6,34,0.2525287437477335,0.449175029200189,37.45778577524978,0.4,0.6538931251688939,0.7570280309318828,0.5946806632301848
fixed_0.4,6,35,0.23101327626641632,0.48031035440308106,37.752982072411875,0.4,0.6673826103021626,0.7460706918496526,0.5387287372256605
fixed_0.4,6,36,0.23183627382873948,0.47125251884846064,38.69735642898882,0.4,0.6629734317854433,0.7254035390510107,0.6144421221149754
fixed_0.4,6,37,0.24950847384771302,0.4475664306269654,38.74580304964815,0.4,0.666572820409731,0.7373255317863577,0.6571358376477437
fixed_0.4,6,38,0.23816542326731516,0.46754863965059207,45.77644746529311,0.4,0.7033909967763609,0.7625898886534228,0.6443727995414569
fixed_0.4,6,39,0.2408729570806366,0.46056692634280166,40.969793780545864,0.4,0.6631755999312797,0.7385049175021039,0.616183590835915
fixed_0.4,7,0,0.22441900563032502,0.4817877174593204,41.04552128711628,0.4,0.6680390931510767,0.734412415046661,0.5788796782505987
fixed_0.4,7,1,0.25096007183604896,0.4514621278294849,34.35679033369669,0.4,0.6399365806051589,0.7291744978054793,0.5917550180793424
fixed_0.4,7,2,0.23682449138174877,0.46158079443449584,35.933423671480035,0.4,0.6439338033893398,0.731334900265751,0.5926953007841794
fixed_0.4,7,3,0.24112244295828625,0.4595512270886063,37.629364586765284,0.4,0.6604022940941553,0.7446553122551035,0.614458572006314
fixed_0.4,7,4,0.2232704913757337,0.48243420619254196,43.55409873286128,0.4,0.6681818122309443,0.7527329825748679,0.5687468028198788
fixed_0.4,7,5,0.21823349750881327,0.47366637357399904,52.690380416356604,0.4,0.7140998776949011,0.757951102388652,0.6628813210973066
fixed_0.4,7,6,0.23668820627726728,0.4596735547846338,39.2177689177355,0.4,0.6914878007876336,0.7521159589412445,0.6317024646046406
fixed_0.4,7,7,0.23202875466705206,0.47455368245280044,45.315213643272784,0.4,0.6874666027739907,0.7385361514435542,0.6203541267954027
fixed_0.4,7,8,0.2240029454605275,0.47247463929699696,43.44342481121118,0.4,0.6789710125409821,0.7426243410963165,0.5743736231040137
fixed_0.4,7,9,0.23403431839415798,0.45859441069908957,39.70904205021544,0.4,0.6676954507417514,0.713521413991974,0.6513001267298326
fixed_0.4,7,10,0.22994165083329374,0.47064193911197816,41.485839554051196,0.4,0.673408665241925,0.7511767896625928,0.5735652872435297
fixed_0.4,7,11,0.22931043188956524,0.47668870516689327,37.21580197543172,0.4,0.6475449859423207,0.7595576879233578,0.524023347217867
fixed_0.4,7,12,0.22895674925371226,0.47428847888001646,45.89649272037861,0.4,0.6761855549702845,0.7136823005171882,0.6654957493499337
fixed_0.4,7,13,0.2304253397113355,0.46679945190824,39.46929467242102,0.4,0.6567647927441732,0.7231477201595152,0.5956099953820612
fixed_0.4,7,14,0.23844019224401738,0.46303929353518275,32.13010753000949,0.4,0.6602699622951614,0.7199797401409089,0.6225301315346198
fixed_0.4,7,15,0.2483680806660299,0.4544463149192739,39.23768491696,0.4,0.656955603725788,0.7391217394763194,0.6314933790661101
fixed_0.4,7,16,0.23996832930502965,0.46667818053999516,38.990659631503306,0.4,0.6550290800734715,0.7019870062056275,0.6090788255106138
fixed_0.4,7,17,0.23059742651697335,0.47016372144821983,40.67962070972106,0.4,0.6596977051451087,0.7404682745163467,0.5648132274028178
fixed_0.4,7,18,0.22632870470936242,0.4736505005558268,37.940634695251795,0.4,0.6594876924780723,0.7111581407200082,0.5917072237798423
fixed_0.4,7,19,0.22162318307765183,0.47792442931806617,49.75110338098912,0.4,0.6907573382140361,0.7607738067847207,0.6303393393261832
fixed_0.4,7,20,0.24260210154844675,0.45979341276442176,32.64066760361356,0.4,0.6512917262751482,0.7108686478672184,0.6020991701911922
fixed_0.4,7,21,0.22823515233950667,0.4685768273468337,53.59314932474913,0.4,0.7053831304530253,0.7625074451916221,0.6681739898348783
fixed_0.4,7,22,0.22028621726909284,0.47741033684706835,50.92519002203437,0.4,0.7072497137451915,0.7590198105790467,0.662085829861362
fixed_0.4,7,23,0.24502797884874578,0.45800516673671837,33.12345944468868,0.4,0.6536824169690955,0.7195007317502078,0.5922089372414414
fixed_0.4,7,24,0.23231352987257997,0.46338693351364324,39.379666203051066,0.4,0.6785735982978733,0.7205635251030003,0.6609774825183442
fixed_0.4,7,25,0.22331368613633132,0.47232743354248197,50.51198426312383,0.4,0.7049937569866848,0.7351040934418982,0.6772919066320442
fixed_0.4,7,26,0.23715536937662104,0.4665792486751111,35.47272473688575,0.4,0.6423116580489753,0.7496587383037303,0.5563532231261656
fixed_0.4,7,27,0.23213952297181067,0.47133838115032023,40.034531125099036,0.4,0.6668593953531207,0.7411866223246026,0.6159012122865049
fixed_0.4,7,28,0.2441486613476155,0.45674891206714996,36.80189590859748,0.4,0.6492765925033829,0.7478594802311122,0.5609010518254766
fixed_0.4,7,29,0.23518286931048502,0.46165667831464463,37.904556288036275,0.4,0.6878743509704076,0.7371555787592688,0.6432564301113098
fixed_0.4,7,30,0.23339661002235473,0.47441276759796797,34.19230290152053,0.4,0.6361398788882041,0.7445234586856202,0.5596866808379753
fixed_0.4,7,31,0.2292001325788757,0.4757317639544646,43.37438006648869,0.4,0.667724651897657,0.7119767202654043,0.6414309548331819
fixed_0.4,7,32,0.22107049249627636,0.4813678530972174,49.91792361389901,0.4,0.6906787344359004,0.7650004378280896,0.5948735595923259
fixed_0.4,7,33,0.2262159619115415,0.47552993857129505,49.3212213338429,0.4,0.7016053866981727,0.7581001573308337,0.6586039554339749
fixed_0.4,7,34,0.23330899382501594,0.47055076167929816,41.542109649092005,0.4,0.660817084797142,0.7365653055993575,0.5908968765704742
fixed_0.4,7,35,0.22072660940403124,0.48426661537452637,42.64800603843398,0.4,0.6622422918804582,0.7280143782640847,0.5976934004151865
fixed_0.4,7,36,0.2407350514759228,0.457608772270394,40.74180562090873,0.4,0.6844635145952628,0.7512672866750192,0.6031991414877789
fixed_0.4,7,37,0.240782125217705,0.4604350396697675,31.618996036656892,0.4,0.6584977098545334,0.7191513427671896,0.5576138234772015
fixed_0.4,7,38,0.23564788247366095,0.4668400917458164,41.180912440105004,0.4,0.6632034309814121,0.7626717439813062,0.5636398950676499
fixed_0.4,7,39,0.23468343398968391,0.46391238207965524,33.99161340324225,0.4,0.6377406609384109,0.7308474844817303,0.5598347953383694
fixed_0.4,8,0,0.2286801895717798,0.4672332231306523,41.0368274989904,0.4,0.6859598946639665,0.7646855648145214,0.5433828976488226
fixed_0.4,8,1,0.2301752301053068,0.4759649637401196,41.80170296202558,0.4,0.6627326530531662,0.7456474073619657,0.5685400157681623
fixed_0.4,8,2,0.24090764940956338,0.4621164652388839,32.74519770386798,0.4,0.6320103226497437,0.6990247968612665,0.5911284204804788
fixed_0.4,8,3,0.23035159323900425,0.4722408404976824,47.565704800626804,0.4,0.6830709193364207,0.7469590230303168,0.6357062321833699
fixed_0.4,8,4,0.22888816353291053,0.4651392121989738,50.902564727494926,0.4,0.7088164062618698,0.7466948871872342,0.7160852885425415
fixed_0.4,8,5,0.23101750220267436,0.4655758874170156,38.511558952081465,0.4,0.6525885259430717,0.7288752000079525,0.5939841846566235
fixed_0.4,8,6,0.23755298357571586,0.4604742736310857,47.21032858908422,0.4,0.6966649773341291,0.7338198011566931,0.7053220917247084
fixed_0.4,8,7,0.23132902784356457,0.46487884328459333,39.97241479489835,0.4,0.6690540771668797,0.7487683611920641,0.5716399816470806
fixed_0.4,8,8,0.24648882878656736,0.45488497469757094,31.199175614762076,0.4,0.6284178031716007,0.7078154817413345,0.558396207993792
fixed_0.4,8,9,0.2337732152882431,0.46189640314215974,43.85127463418782,0.4,0.6837452841506569,0.745768809914482,0.6614478683942527
fixed_0.4,8,10,0.2229945274657445,0.47465203840404285,40.88812415595618,0.4,0.6710563568190674,0.7320106236495945,0.6115409478692992
fixed_0.4,8,11,0.24195869999767744,0.46133207827537354,47.733000100182,0.4,0.6849970542753885,0.7516361172695635,0.6615630620331124
fixed_0.4,8,12,0.2315991668120963,0.4723288745815886,35.28634197412552,0.4,0.6503186145425065,0.7214118230325709,0.5829858755651681
fixed_0.4,8,13,0.23581132093259427,0.4638593842262805,48.27326769655599,0.4,0.686878781696359,0.7557890153555779,0.635434261166468
fixed_0.4,8,14,0.23647173276860556,0.46965609374256945,37.236385946061965,0.4,0.6803600006311478,0.7087643488256735,0.6662175834937568
fixed_0.4,8,15,0.2469069098045227,0.4563080495467181,33.93309905840472,0.4,0.6471644358364177,0.7188641432665376,0.6183597827104406
fixed_0.4,8,16,0.23509543223632107,0.4560137602974158,43.15491601319173,0.4,0.6834735391391404,0.750315654764614,0.6342572206622578
fixed_0.4,8,17,0.2318021150640901,0.47379055268194087,52.41155171889628,0.4,0.7010775566393016,0.7621558568840938,0.6465707337550413
fixed_0.4,8,18,0.22822427018987715,0.47515459547215744,34.03762787434121,0.4,0.6445021774515093,0.7201196304865064,0.5348298469354738
fixed_0.4,8,19,0.23060574501735678,0.47093130764192603,43.70211749172525,0.4,0.681094634799782,0.7444686457175477,0.6240608990336813
fixed_0.4,8,20,0.22604423447271224,0.46881789443407257,39.109596460248916,0.4,0.6747827493970031,0.7064038016379297,0.6479439043545877
fixed_0.4,8,21,0.23793722658182265,0.4661575739634596,35.23317242971421,0.4,0.6496855011234147,0.7115856282166935,0.5768850229550155
fixed_0.4,8,22,0.22443789378326037,0.47460601216051157,49.2156277255641,0.4,0.6885510039873125,0.7460271137485782,0.6638938804086484
fixed_0.4,8,23,0.22226004087894952,0.4785112415465185,49.155087508029844,0.4,0.7008363667296457,0.7492636125808754,0.6423964327667183
fixed_0.4,8,24,0.2296753585517332,0.467072377505336,33.72152947695294,0.4,0.6452159689021947,0.6919638651579754,0.6145926414575851
fixed_0.4,8,25,0.22310327078332304,0.47369592303045743,44.81889773033893,0.4,0.6742626125600778,0.7458237977291934,0.597324504568596
fixed_0.4,8,26,0.23148452528442617,0.47225702261703073,44.17380369448079,0.4,0.6841838635339611,0.7599751928373147,0.6166268414369129
fixed_0.4,8,27,0.2299032774707564,0.46945906373021956,46.469006618560876,0.4,0.6801170686476182,0.7541265277380901,0.632122923775512
fixed_0.4,8,28,0.23278593444273993,0.45242102399654216,40.67861687746891,0.4,0.6743061767008273,0.7398884087131044,0.6644193795890233
fixed_0.4,8,29,0.2119019429765118,0.4929918404713641,56.725989951373684,0.4,0.7141492809527836,0.779382648421763,0.6200633174255082
fixed_0.4,8,30,0.23078786371256524,0.46357162916949224,55.212280984322234,0.4,0.7112656826412482,0.7578751502619152,0.7047426076176994
fixed_0.4,8,31,0.2251595238046467,0.4828996266035996,44.552413301774436,0.4,0.6702122237645735,0.7226862618578996,0.5961338461455571
fixed_0.4,8,32,0.2351912765052304,0.46864319181153063,36.73641235067755,0.4,0.6656726636884843,0.6860007955333711,0.7047953349558581
fixed_0.4,8,33,0.22555100345777698,0.4757304236046933,43.41900842305918,0.4,0.667409651231167,0.7366038722395564,0.5957061896174961
fixed_0.4,8,34,0.22887053880721342,0.4602839518092475,48.85854310809369,0.4,0.7012649327931687,0.7329209779261876,0.7191240246537207
fixed_0.4,8,35,0.23710911564193343,0.46700996598559297,31.310902077724744,0.4,0.6336291973441971,0.7279313012989752,0.5668204334611178
fixed_0.4,8,36,0.2088011149114284,0.48614592749381874,57.086340069067845,0.4,0.7304306441518442,0.7786743789597473,0.6347273796458549
fixed_0.4,8,37,0.2487794926968007,0.45623386890125955,45.283291638589766,0.4,0.6789834780604999,0.7400153892450366,0.6921961625032159
fixed_0.4,8,38,0.2291673786374894,0.47285656651590546,46.13546665167968,0.4,0.6802017794469621,0.7678487861101648,0.5993026595988514
fixed_0.4,8,39,0.23574115586483776,0.467085840828845,36.66379537588194,0.4,0.6558282025141804,0.7431601649354513,0.5323797397310345
fixed_0.4,9,0,0.2277590167074597,0.4631738068075926,45.42980174528455,0.4,0.719168984595837,0.7438330141665029,0.7140796530291945
fixed_0.4,9,1,0.2346349724366744,0.46488726707394956,37.55480421965041,0.4,0.6491432107948382,0.7291935465685488,0.5943080368546372
fixed_0.4,9,2,0.21013526914776323,0.5015964378950745,43.03517700412717,0.4,0.7010403616416507,0.7003797612402137,0.6633183471955136
fixed_0.4,9,3,0.24431724794644993,0.4568667378526776,22.599826914522453,0.4,0.6107154217733736,0.6988226894214752,0.5372180074525241
fixed_0.4,9,4,0.2405603026441257,0.46351497057819485,34.39200746867756,0.4,0.6396983299565073,0.7500550906696081,0.5262240449703871
fixed_0.4,9,5,0.22702042252191393,0.4768786890484397,42.45573758957113,0.4,0.6750491324056387,0.7457594373418169,0.5748796255917966
fixed_0.4,9,6,0.23310282644242292,0.4660710718211491,36.71517746691976,0.4,0.6464954800037802,0.6996248604920303,0.6413891045528038
fixed_0.4,9,7,0.23024494725740388,0.4715868714567029,42.72194359940963,0.4,0.6771219172778867,0.7437408238331442,0.6179579707514862
fixed_0.4,9,8,0.2335650687297317,0.465317229823637,49.344248558633446,0.4,0.7041156594188883,0.7615617119386866,0.6697494283934671
fixed_0.4,9,9,0.23272882362615063,0.47192671934882574,39.695939697709676,0.4,0.6661440222276724,0.7290372060872597,0.5712842900388215
fixed_0.4,9,10,0.2429059611106656,0.4568515658480139,38.19107280074368,0.4,0.6632763066169743,0.734763526872132,0.6278694731053893
fixed_0.4,9,11,0.238795852839867,0.4626076136288762,47.73397633671175,0.4,0.6992477703348371,0.7667300836207187,0.6608892302933986
fixed_0.4,9,12,0.23140983810026938,0.4635091962538735,44.254991661150115,0.4,0.6858206625686817,0.7556790531131979,0.6240807579829478
fixed_0.4,9,13,0.22459181824082067,0.4755606795261465,45.09795323436832,0.4,0.6862405543480268,0.7578743231094829,0.6193718858770435
fixed_0.4,9,14,0.23650358491072518,0.46635675736167853,45.096108688597475,0.4,0.6885462219418621,0.7380939204263446,0.6636661650779982
fixed_0.4,9,15,0.22500930519520113,0.473415006003444,51.6115596575618,0.4,0.711586899357909,0.7611524409454637,0.6468860474338469
fixed_0.4,9,16,0.24122242910027297,0.46623567885660117,39.180862056028225,0.4,0.6735998988009249,0.7008667350876504,0.6964959942135988
fixed_0.4,9,17,0.22444917807687761,0.4828899992721206,46.62204962092729,0.4,0.6893204649102437,0.7491388372158031,0.6160011956723084
fixed_0.4,9,18,0.22548426147144948,0.4849158113262424,44.38177854125609,0.4,0.6835940239048801,0.746993302448407,0.5862243096575702
fixed_0.4,9,19,0.2276996137968972,0.47373244692337674,37.759560521673976,0.4,0.6499195040812304,0.6929475462106027,0.610247710773007
fixed_0.4,9,20,0.22434314699646252,0.4768269311619913,31.087739873750095,0.4,0.6426954971987514,0.7200261464748128,0.485967917041382
fixed_0.4,9,21,0.2513560856071132,0.44612592177922505,37.03551819991876,0.4,0.6714298125464825,0.7334773216690637,0.6719809637821815
fixed_0.4,9,22,0.22671671381759773,0.47736093104349103,44.75724684821235,0.4,0.6738330922150084,0.7279037382468129,0.6455773919079012
fixed_0.4,9,23,0.24059711672118386,0.4569821467537791,46.47317515833373,0.4,0.6941197194568477,0.7538731535234734,0.6971885419457444
fixed_0.4,9,24,0.22490964113481687,0.4718116746466552,48.71968084887023,0.4,0.699263482582685,0.7263400324978949,0.70005032893506
fixed_0.4,9,25,0.23058667246161438,0.4626291097799198,42.546563208270925,0.4,0.6785397524030443,0.7365658760632344,0.6286818315954089
fixed_0.4,9,26,0.22920262865332264,0.4716193535830575,39.27799219673146,0.4,0.6872814441496776,0.7296789775536463,0.6268527547674659
fixed_0.4,9,27,0.23483036265906507,0.4637094239740761,48.32396684797263,0.4,0.6989254339160669,0.7438015662223603,0.7035976945742193
fixed_0.4,9,28,0.23186524363408814,0.4754488206835171,35.72939735632797,0.4,0.6492725511950326,0.7394823588807342,0.5709777445717463
fixed_0.4,9,29,0.23181512255441872,0.4728540195718651,47.11840962754966,0.4,0.681494973857406,0.7474345890277013,0.6370858924921708
fixed_0.4,9,30,0.23111279380096578,0.4789775320241457,42.90214317373247,0.4,0.7040256654040978,0.7438837340764595,0.6585711952717409
fixed_0.4,9,31,0.22951254103773755,0.4759660964643193,46.09141544241417,0.4,0.6897432104549226,0.7465509118329388,0.6757046190942695
fixed_0.4,9,32,0.22865151567143133,0.48134425588796753,48.28609016952732,0.4,0.6982873026312878,0.7716476709848062,0.6200886861673919
fixed_0.4,9,33,0.2231238309098862,0.4766854293659784,45.99110605643906,0.4,0.6989564354437519,0.7316338531528837,0.6892944181499454
fixed_0.4,9,34,0.23680925640489167,0.46234185221765983,38.567682436934966,0.4,0.6641174895484669,0.7179639192909901,0.6282982614648398
fixed_0.4,9,35,0.243560274352628,0.4587349654410705,37.8794746286743,0.4,0.6532243584231311,0.7249920889777329,0.607620700059818
fixed_0.4,9,36,0.22860233516658726,0.4768652312642039,36.736281937644996,0.4,0.6659370848422907,0.7396407361916769,0.5346995244613604
fixed_0.4,9,37,0.24501946603995786,0.4593113464813971,36.87618748199349,0.4,0.6478078864477161,0.742624338276892,0.5613710012589374
fixed_0.4,9,38,0.24369550913054672,0.4546248032855095,41.72602796349661,0.4,0.67918064031209,0.7651189812793314,0.6217953170518012
fixed_0.4,9,39,0.22987866269362203,0.46847746530228723,50.13622097655272,0.4,0.6959457386335158,0.7480244216430965,0.6915937198553754
adaptive,0,0,0.21922833474897413,0.48106865129131277,53.10225164290637,0.0,0.6765401241379081,0.7241019735857973,0.6447308428453297
adaptive,0,1,0.23004943776539866,0.4727033334662041,49.913614169159914,0.0,0.6675315066502571,0.7135003146128759,0.6400331536593139
adaptive,0,2,0.22084475541533566,0.4806516802479402,52.50370757336234,0.0,0.6750140471976106,0.7599237320333434,0.5719209206510377
adaptive,0,3,0.24739386240130595,0.45140347960352145,40.57881012272762,0.008448570233754407,0.6322318763710884,0.7204102333666976,0.5546598775602751
adaptive,0,4,0.22405970489797272,0.47526352072541245,47.65671147957864,0.004636032205639471,0.6531638855812958,0.7173760052362272,0.5915977418224813
adaptive,0,5,0.22944743058417885,0.47978523697621267,52.74780438060517,0.003462100079045483,0.6785937323287138,0.7681479463101727,0.5957214564830863
adaptive,0,6,0.23177761549376155,0.4755155195553975,49.28772301441384,0.003631021956618999,0.661231392606274,0.7459515315496565,0.5556678783372667
adaptive,0,7,0.24550785784322246,0.4566032926580666,44.24419824080741,0.012215850793245215,0.6479513738698953,0.7203971220066854,0.6253520463800083
adaptive,0,8,0.23781835290794803,0.4642858762125507,45.59931993857449,0.017737762453029018,0.6499792270073522,0.7386412055042362,0.5911189414085242
adaptive,0,9,0.2404153569807818,0.4666421494407948,43.92555255310567,0.025599711847307895,0.6429241056590196,0.691789226110425,0.5956494347300386
adaptive,0,10,0.24570020417493013,0.45892645896070267,36.080185742981655,0.037674105256153945,0.6127974709788532,0.6971861989545699,0.5558127793562702
adaptive,0,11,0.22674981660838328,0.47550686172753204,49.47081028187357,0.039948286542564895,0.666261139502922,0.7631611558286989,0.586310486645001
adaptive,0,12,0.22755583452473216,0.47770568588110013,45.64526435939115,0.0423810602396235,0.649036863289317,0.7410677783316463,0.5178880722733618
adaptive,0,13,0.23419140375451808,0.46597579340344375,54.493290070043834,0.04855075892702687,0.6920290956232701,0.7592233902756855,0.6268117719808496
adaptive,0,14,0.23232651082526293,0.4748812097233919,43.95764328156852,0.05402066223232896,0.6574332083460925,0.7288298577922985,0.6083851009311061
adaptive,0,15,0.23796309588706044,0.46590838769966575,49.19476191212684,0.06310516765723584,0.6688552265730063,0.7410920487764983,0.6222341066885392
adaptive,0,16,0.22822069936406802,0.4750003397244308,47.419226927043375,0.06714054475705332,0.6569875518691946,0.724915779884009,0.6336189997472852
adaptive,0,17,0.2385133646060051,0.46462987244515,43.51899557836321,0.07717359093843985,0.649201082886417,0.7635209907435409,0.5239592742001898
adaptive,0,18,0.23778706975864963,0.46430836949639265,51.15881403931638,0.08762219667201361,0.7000287736123693,0.7764638000530734,0.6531544387513455
adaptive,0,19,0.23849612639744522,0.46584476789207035,46.36584833213515,0.09927494336472968,0.660570840559273,0.7371235911624663,0.6007674037156242
adaptive,0,20,0.22706435651271054,0.47654299927206245,45.37457887346991,0.10491824076634947,0.6537998936692738,0.7242851773444636,0.563192455760064
adaptive,0,21,0.23543997833572786,0.46740656275324954,43.91156968667767,0.1152933469130507,0.6516034356655702,0.7516826831660981,0.5560320699154663
adaptive,0,22,0.2405211764121432,0.46389022676775815,44.097445911588125,0.12926116973917393,0.6551035225651113,0.7506888392664374,0.5968770378056888
adaptive,0,23,0.24059094515375426,0.46474977338257006,43.09136457127368,0.1443229714514781,0.6509674410569793,0.7409964183379293,0.5573604384301469
adaptive,0,24,0.23141825023666937,0.47229066684335114,51.0899161543998,0.15494025072890677,0.6819951275087163,0.7246399330534934,0.6736827596470215
adaptive,0,25,0.22943034702690948,0.4753122730329313,43.450314301503404,0.16450661310414644,0.6517415847148577,0.7362733624277499,0.5547235637041775
adaptive,0,26,0.22916161508095456,0.4749979116992032,41.48187249514424,0.17385477101450408,0.6441722751325912,0.737827654007742,0.5690227137326657
adaptive,0,27,0.23011856659557325,0.471800797128427,49.848552415573565,0.18369326134172842,0.6940563052945009,0.7594220507129528,0.6173324222208786
adaptive,0,28,0.23145980382968373,0.4711957700911479,55.75803912562175,0.19434835066897635,0.7057140934914965,0.7627409299453873,0.6572446931142376
adaptive,0,29,0.22940568024695412,0.47463678014113886,40.708247307170105,0.2039169462295549,0.6561729531118784,0.7262944033048141,0.5717196211069646
adaptive,0,30,0.23804652807173848,0.4587030285046324,52.541779781867376,0.21861061850969946,0.6969705428901053,0.7743979860856818,0.6305402516876619
adaptive,0,31,0.2385277454889867,0.46189034892879166,47.82700858823101,0.2343976740473668,0.6767923572074015,0.7299365642948047,0.6635869631822379
adaptive,0,32,0.23513088984858807,0.4663627265749217,44.76491204315818,0.24899939074969366,0.6638238527268456,0.7339353634401421,0.6032404898913105
adaptive,0,33,0.22731584786759995,0.4801955897906449,43.99642507440488,0.25942517124828646,0.6740725578003925,0.763414593230868,0.5495040239080391
adaptive,0,34,0.23252845002852554,0.4715540790811936,42.13127086702912,0.27271009783019456,0.6813222470624102,0.755619854987808,0.5438231209889941
adaptive,0,35,0.23904056560937711,0.47096623792737513,42.770681630878556,0.2901551387634662,0.67265326477924,0.7542096839035632,0.5899797115974235
adaptive,0,36,0.23896327082833038,0.4620721993333239,49.52191057671917,0.3084578593890475,0.68787529761056,0.7525673287648714,0.6384639213578766
adaptive,0,37,0.2276464824171446,0.4682115085105287,47.07827612741053,0.3208668340507504,0.6787112158807497,0.7550709346914292,0.627135116969242
adaptive,0,38,0.23351296889217335,0.468171871082402,37.24544247577149,0.33656034883918495,0.6629490211569108,0.7296244552919533,0.6391335565368158
adaptive,0,39,0.22554144670552667,0.4772719172834565,46.206351464357205,0.34782224720484883,0.6892314252081418,0.7684838723696692,0.5820289020643283
adaptive,1,0,0.23696046359605474,0.4705373095242841,49.02671912339781,0.00417627815763284,0.6650109302530527,0.7579317785381596,0.5907742726104738
adaptive,1,1,0.2329643148273212,0.46640524990740084,46.620295433346406,0.006650913413631021,0.6543210831117235,0.7342296179698509,0.5876583272125463
adaptive,1,2,0.2303239674986612,0.47283214756873637,46.760222313904784,0.007837771755165318,0.6514679956091547,0.741873238861834,0.5592332376964838
adaptive,1,3,0.2347791829957615,0.4679170961094155,44.268764502424425,0.011730156144825924,0.6443422338426394,0.7045940233626536,0.5632852526522266
adaptive,1,4,0.21974678097059394,0.48459015493605934,49.01573929297625,0.007081017618962141,0.6591056802953913,0.7704625117183989,0.5194492404356057
adaptive,1,5,0.2355917023085837,0.4607794799566683,45.731778422112974,0.010913509992951608,0.6530532567018881,0.7607815115675606,0.5544821963459489
adaptive,1,6,0.2314072801564936,0.47186407289087895,52.07020590000269,0.012794519306545377,0.6781521058727547,0.7598863516894568,0.5937613752451188
adaptive,1,7,0.22277920273117915,0.4769091313938381,51.40233883361101,0.009639410180599842,0.6699162427052073,0.7460636003282338,0.5891451945675752
adaptive,1,8,0.2369657170664291,0.4576420497512009,54.15189012034724,0.014274129928922191,0.690574291722964,0.7521806799002637,0.661680502733509
adaptive,1,9,0.22887795899275545,0.47279081317084054,53.539057819005166,0.014752766539683259,0.6805038018161668,0.7367258390452918,0.6270550994276084
adaptive,1,10,0.225771298090187,0.4751985861255042,53.15761274493817,0.013255202508178804,0.6791889846847121,0.7456209658958003,0.6284536285559422
adaptive,1,11,0.25095963508228153,0.444922149101109,34.666438875871265,0.02644777048094976,0.6219197508888302,0.6920583550873588,0.5673313459155288
adaptive,1,12,0.23833824530214043,0.4630433703269941,42.39915324162206,0.03416346809386421,0.6381835226106612,0.7394680849853629,0.5230535516617778
adaptive,1,13,0.2362998236612616,0.4648814019047415,49.49471132285524,0.0414899372524654,0.6707238959577901,0.7443595813369474,0.6431054643058444
adaptive,1,14,0.2431727366504577,0.45688951854713683,36.37167106911364,0.05357013657071041,0.6159529951308418,0.7150085660620812,0.5193563471790856
adaptive,1,15,0.22961423906445919,0.4770587520426013,46.50044817667255,0.05883251100240208,0.6550965625252455,0.7620334395733385,0.5230245329152672
adaptive,1,16,0.22315762204584438,0.48467337443939285,35.710905488599366,0.06018233912937079,0.6123996259122187,0.668493344090555,0.5748330710846012
adaptive,1,17,0.23190524174673427,0.4629548226541333,53.73225712629299,0.06609650128145787,0.6909356211442435,0.7657408483838342,0.6266859336882066
adaptive,1,18,0.22452011557907414,0.48011329713898304,52.467657018886605,0.0677701119076223,0.6794572249931293,0.7316118090226712,0.6056031967734218
adaptive,1,19,0.24584746764258408,0.4526205077005546,43.40998849490859,0.08169214532980011,0.6523129181247911,0.755396637731611,0.5904714805939492
adaptive,1,20,0.24173232148743698,0.4680997582495394,41.73819169598765,0.09472983782314806,0.6412427389501781,0.7274345111994553,0.5602072170916066
adaptive,1,21,0.23340924163632995,0.45868217139826706,48.47205062479723,0.1039469145545755,0.6846832277568365,0.7439790707024996,0.6109784995155106
adaptive,1,22,0.2290931311303911,0.4747303118674456,45.75954835206118,0.1109152491460726,0.6691789448980134,0.7195633526704291,0.6498372791927912
adaptive,1,23,0.22521979570790676,0.4773920749349649,51.1974355013303,0.11546889559711822,0.6793017893051002,0.7333069489184182,0.6111534877481275
adaptive,1,24,0.22766759104344506,0.4714286791238766,49.95649381530821,0.12101319882027749,0.6741181008057474,0.7536062284880951,0.5855472741749785
adaptive,1,25,0.22682213225472958,0.4700351255259358,48.58934808379801,0.12581698587455198,0.6713369238813177,0.7303833715012265,0.5996557530211265
adaptive,1,26,0.22050616290347588,0.47979346043907434,45.24212613589552,0.1265134045435472,0.6555471931497633,0.7424583820975891,0.5269329265061219
adaptive,1,27,0.2304230935432901,0.47547081188659557,41.55264683772783,0.13221059788677855,0.650709203485061,0.7068521478193062,0.5705281087680312
adaptive,1,28,0.24794799248796653,0.4586745376229259,39.625472812186224,0.14846503995114477,0.637383373106302,0.7104337412156042,0.5868329689277287
adaptive,1,29,0.23188386253080082,0.466630395516376,48.64033908738377,0.1568758032900082,0.674790058365924,0.7349403200796943,0.6317050080448082
adaptive,1,30,0.2274744288200844,0.47539523384683746,48.49266743865619,0.16282929265552185,0.6695232705131009,0.7044297477624408,0.671992719773589
adaptive,1,31,0.24783816581442808,0.4511334030885088,30.725012652721393,0.18074846709965015,0.6093029232075441,0.7459779998148653,0.4867643747654706
adaptive,1,32,0.23396669936780867,0.4731704341439418,45.391582638819465,0.19212857825724963,0.6635130399010039,0.7671534602065061,0.556804798179427
adaptive,1,33,0.2219737912081886,0.48023961802482934,34.586482962585144,0.19670961445585794,0.6279513281590522,0.6493635885989992,0.6143890651703028
adaptive,1,34,0.22602374898261515,0.4748245672930676,44.18457290700866,0.20291800443994104,0.6722281294545847,0.7719279906111264,0.5335716025057774
adaptive,1,35,0.22699202805722654,0.47700572343463904,40.63327518713806,0.20930973676705247,0.6537565410841137,0.712521252860268,0.5724904582870952
adaptive,1,36,0.2400023923431272,0.4562276639346464,42.585147695542865,0.22320689047142697,0.6573463832715774,0.7372496061603528,0.6282220108630752
adaptive,1,37,0.23781487503864163,0.46434548923851127,49.543022170312426,0.23679177302742282,0.6847942100882732,0.7693817020857584,0.6277581945296288
adaptive,1,38,0.22938945438730568,0.47128863613878086,41.5551282225064,0.24610289069648128,0.6527883865779991,0.7536704418488787,0.5618273055145024
adaptive,1,39,0.23072742761984194,0.4753004845993527,48.464942611119,0.2561557377437921,0.6928849944981194,0.7643562144250277,0.6203693632424331
adaptive,2,0,0.23721371157537263,0.4660261196144003,47.57620226695663,0.004328226945223573,0.6579304115113873,0.7465212336098156,0.5886064449531925
adaptive,2,1,0.2350450962473545,0.4741151270431046,45.18040496112729,0.008076655851173533,0.6464261219918693,0.758793128385547,0.5331755444031341
adaptive,2,2,0.22405069449684237,0.4814226642826821,52.322339658015366,0.005732953331551659,0.6716410615752432,0.7466279558030666,0.587143263277687
adaptive,2,3,0.2332725693934005,0.4637431105463185,46.45737183325728,0.008327445199548896,0.6546561788912392,0.7626906067350252,0.5545382133635613
adaptive,2,4,0.22792433375581048,0.47176006497620365,47.820099756008666,0.008040252624332172,0.6580669838749403,0.740592246584913,0.587623165459675
adaptive,2,5,0.22982254788456122,0.47069168172891485,53.23448327345637,0.00868442190194694,0.6838839771318044,0.7627858293928074,0.6098060812901077
adaptive,2,6,0.24303620292830366,0.45946469105874566,47.12528888556885,0.017239038994263295,0.6612419864344576,0.7544493129566731,0.5899177756743436
adaptive,2,7,0.22706609465101218,0.47762749995406734,51.468492966284956,0.01751521141303513,0.6734281761918905,0.7344678462390737,0.6329627672325687
adaptive,2,8,0.23408482778548934,0.46754564621177874,37.79075633035347,0.021709233177594472,0.6139628371956826,0.7139325243106852,0.5222618274880909
adaptive,2,9,0.23133694529238333,0.47162275994153624,47.65755463216706,0.02466300822483914,0.6718119522196225,0.7329576429853057,0.6175953244543628
adaptive,2,10,0.24162558880420043,0.46201044518952733,33.735072636436755,0.03392366390841241,0.600520842422711,0.6961757537439959,0.5627620074982446
adaptive,2,11,0.23212483814825471,0.4661635472986053,49.1292995852681,0.03864642807883828,0.6668730599370475,0.7599402246072859,0.5534727247195245
adaptive,2,12,0.23990283978962967,0.4604440909736774,46.04215093311074,0.0482484770489146,0.6564972397412929,0.743550932903285,0.5976450055026499
adaptive,2,13,0.24099340511706918,0.45718742070489155,48.61580120603942,0.05949514919441759,0.6713790059144933,0.7206667232181033,0.6779171315050586
adaptive,2,14,0.23729884777016905,0.4592777403794423,51.50449634042147,0.06962442744348742,0.6823275476634285,0.7401163402575083,0.6739878751229648
adaptive,2,15,0.23707044398825114,0.46953678358260936,42.35517518704698,0.0803465482004234,0.6416325535862414,0.7495869303480573,0.5247922994709738
adaptive,2,16,0.2376351608216902,0.46865541430115903,49.730319430205455,0.09211454345624794,0.676444679889764,0.7372916443220823,0.6416020384298026
adaptive,2,17,0.2365901878534599,0.46899943080119494,44.170607633054274,0.10401907101330331,0.6500682830362513,0.7355583700493988,0.59255959202691
adaptive,2,18,0.22666187061812318,0.4772670554002491,41.81826709424112,0.11062562701450264,0.6381124636851395,0.7150269932219552,0.5561247214865329
adaptive,2,19,0.2289155964825423,0.4732332439708116,49.18665776605102,0.11825060559616576,0.6865784670940984,0.7323801296413674,0.6554225979969197
adaptive,2,20,0.22356707580819435,0.4680764075909562,52.387107170256094,0.12255803142147434,0.7179233732429361,0.7429948240945311,0.7163768277565646
adaptive,2,21,0.23654421116307733,0.46168934890989105,46.637583590430374,0.13400844604053214,0.6672705078140287,0.7565510025553708,0.5965048625442151
adaptive,2,22,0.24230809644531828,0.46151012380666945,47.390315366618296,0.14957161294524224,0.6692357964917367,0.7348558507190743,0.6328582853862176
adaptive,2,23,0.22363563833035796,0.4825214392410166,42.212235866158146,0.15516211462550797,0.6436709658783625,0.7613379570234211,0.5156346045421578
adaptive,2,24,0.2445843982870877,0.4564182779922333,37.882803677008326,0.17268543611284734,0.6337040609149834,0.6529754555802617,0.6685803979640633
adaptive,2,25,0.2268468225022235,0.4728046653480122,53.58031474658003,0.18102465195797696,0.6943523999397745,0.7638065200086892,0.6304501273466895
adaptive,2,26,0.21918112956364805,0.4857069404557907,47.75611093435262,0.18444913429018367,0.6810754808784664,0.724750732106838,0.631416827331112
adaptive,2,27,0.24028992664447996,0.46423496468308,43.24073210401888,0.1994570078272543,0.655257206301827,0.7372420609381586,0.5923296601847731
adaptive,2,28,0.22731408643500814,0.48149761627835436,39.21049434196483,0.20770836990308988,0.6615710790392177,0.7381259137383996,0.5361142648704366
adaptive,2,29,0.21974828307454805,0.4853423490577477,43.85667185162497,0.2111516586061502,0.6675829573227604,0.7383192837591793,0.5752417484230944
adaptive,2,30,0.22842833010958208,0.47100674627778605,39.46826861141145,0.21877780383768575,0.6420448146640267,0.7299368559879515,0.5567693183084865
adaptive,2,31,0.21529802327549954,0.4863260654014652,42.58933016489018,0.21836859797972996,0.6509623087390976,0.7342743596342111,0.561610923717028
adaptive,2,32,0.2368726608645874,0.4668135368260597,50.86831137403411,0.22943397700277685,0.6892151958046199,0.7645461987904576,0.6373568026861808
adaptive,2,33,0.2253115758261703,0.47659696930632034,44.50086089169669,0.23424997108923223,0.6725605021796183,0.7517153143117086,0.5671781589960233
adaptive,2,34,0.23982761567863092,0.46828901140513957,43.28657766941353,0.247306746669781,0.6587097651835888,0.744842643415731,0.5927230329754284
adaptive,2,35,0.21934562436073538,0.4872536866295641,51.985848289279204,0.24905708902745555,0.7023457474309419,0.7606237484579866,0.6166959450162737
adaptive,2,36,0.22768146221585847,0.47130507812986494,39.06895770973762,0.25474349653427747,0.6544922682516753,0.7266962365236448,0.5346000280603734
adaptive,2,37,0.22984384800009486,0.47270868067170546,40.51980635531459,0.26149548173322706,0.660420208272545,0.6993541529573525,0.6265452556494513
adaptive,2,38,0.23716236637418253,0.46650946471418014,39.03367637257399,0.2726229627566388,0.6545407936028829,0.7299836661836722,0.5824163558348544
adaptive,2,39,0.22225481494482763,0.4842213042481358,45.9733105463721,0.27552214955985577,0.6687953915993419,0.7415010103512883,0.5934616570522654
adaptive,3,0,0.22660462280090563,0.4734737598591618,49.38894451168513,0.0,0.66291816656529,0.7399150289504429,0.6012490786357678
adaptive,3,1,0.23519182507755199,0.47071200465735036,46.36570000142685,0.002775557326621747,0.6510527737969217,0.7292019495514777,0.5915508487097101
adaptive,3,2,0.22506429785507523,0.4761514778781895,52.636926377711916,0.0,0.6757374775869687,0.7550108999534674,0.6230341162171983
adaptive,3,3,0.24074387600760602,0.46006251188549596,48.04454220401198,0.006132400177916888,0.6634097673495823,0.7524042715724999,0.5959451317003049
adaptive,3,4,0.22719146521602393,0.47089395400244244,52.812910411727124,0.005207741481645123,0.6786297439834876,0.7489694614350486,0.5931576992625218
adaptive,3,5,0.23740206729912014,0.4701164592642624,41.57723218402074,0.010128590556833475,0.6293982692426722,0.7464856468186114,0.4820485826370861
adaptive,3,6,0.24505982487985972,0.45214389612332045,44.1415440013149,0.02038430091037759,0.6494399326913655,0.7470881886285653,0.5550711382749994
adaptive,3,7,0.2289556783580066,0.4753209801470037,54.22512186523912,0.022483505838795798,0.6878631501162678,0.7678156520976114,0.6044810704291871
adaptive,3,8,0.2440865584214359,0.45766018377233475,37.583008397083276,0.033556806641072245,0.6186153864468636,0.7109840980736367,0.5597716640495733
adaptive,3,9,0.22781107133421422,0.4804284853709205,47.661978269360134,0.036273471033159276,0.65608537803448,0.7508324114789748,0.5591391983459999
adaptive,3,10,0.2237678962804147,0.4727238262538308,52.80580464111567,0.03634533752638802,0.6816873384688191,0.731584806371584,0.6450677247407113
adaptive,3,11,0.21872463600599448,0.4895876865962304,48.24016089700505,0.0327680374830061,0.654798544956646,0.7572071264837246,0.5222576996477932
adaptive,3,12,0.24306438438600908,0.45892029282691027,47.03826991171653,0.04266705006823239,0.6613272212750513,0.7459778971941725,0.6212688760752522
adaptive,3,13,0.23362545441474902,0.4685976649430486,49.19764370710326,0.04820914310930355,0.6687500320554491,0.7523725035767352,0.5969219240227258
adaptive,3,14,0.23685469935655032,0.46390789753181133,49.059111400841566,0.05605132855693039,0.6703637211370874,0.7547396870578545,0.6239335575174568
adaptive,3,15,0.2334259337784578,0.4672934577719489,52.07065222461142,0.06252172459335674,0.6809035989633515,0.7451038893933428,0.6281941888197992
adaptive,3,16,0.243690366444432,0.46238775522236714,45.20970630765959,0.07549337360721341,0.6561256199240552,0.7547811536006902,0.5887411063882824
adaptive,3,17,0.2374011837465335,0.4685441203734115,45.77511161381747,0.08606054964677416,0.6571763891694489,0.7255569970484005,0.5985630406574228
adaptive,3,18,0.23903924735232263,0.4617209829847594,43.766266794283794,0.09835068222446175,0.6493781817596939,0.7044216816420481,0.6347066725121803
adaptive,3,19,0.22900188290436368,0.47168456487963667,58.68806069753662,0.10552232086860623,0.7120375464856817,0.7739949672656427,0.662538378488559
adaptive,3,20,0.22410815231867004,0.48012702494032633,52.41361358334444,0.10965790945177088,0.6987285758159204,0.7665877619167796,0.610607809572787
adaptive,3,21,0.2265568588855825,0.46996067608924574,48.702502906914326,0.11467353720695002,0.6716183279617476,0.7582149286438582,0.5725513226919418
adaptive,3,22,0.24764261021440234,0.4509588521468319,35.804876771760235,0.13199630164797932,0.6355912584261502,0.7481242773239087,0.5638666845418838
adaptive,3,23,0.231767297219776,0.47297579987210703,41.765171108201216,0.14155813931367303,0.6421058228143288,0.7211840982284212,0.5881641885567666
adaptive,3,24,0.2375026835057492,0.4612248083731329,53.053238340529866,0.15473793847292827,0.693313595238281,0.7500996517525889,0.6685981866910636
adaptive,3,25,0.2290526895995844,0.4720627822630585,39.61424431141827,0.16359800963905954,0.6371961887592157,0.7312333904573909,0.5546767656894477
adaptive,3,26,0.24935375118344152,0.4460828171757943,38.93325639489831,0.18454398671546354,0.6691503495248269,0.7318439435786825,0.655406549806079
adaptive,3,27,0.23723008277190075,0.46690961223090566,34.369980197128385,0.20015113786328723,0.6188061201235701,0.697761777920642,0.5303549300915605
adaptive,3,28,0.23562508306646596,0.4665221260660345,49.70240207145289,0.2155182974650401,0.682733544871978,0.7555402322976197,0.6313151157311675
adaptive,3,29,0.2343165860600346,0.4644161255492953,40.943307796376615,0.23066286716958076,0.6495793825526416,0.7361570653204437,0.5987726433410551
adaptive,3,30,0.23906849126947527,0.45661876626756087,45.17059783462288,0.24909023860578927,0.6696077554770125,0.7531647224967404,0.6232256570489569
adaptive,3,31,0.22620625194841718,0.47938744568294606,49.01760074324273,0.26070711557631043,0.6924690920875116,0.750591015173986,0.6252246230558636
adaptive,3,32,0.22458888404688862,0.4733375684878341,43.38265942831926,0.2709741970007562,0.6610212035685515,0.724399732323536,0.5765438591038347
adaptive,3,33,0.2240733991658232,0.4692382535849752,49.341540867216786,0.28039087590125156,0.6963236828152971,0.7174277820165664,0.7125215558350824
adaptive,3,34,0.24855791754484102,0.45604337495772057,30.118873016462146,0.30390560574573994,0.6252157911722185,0.7423051183724502,0.5269846262965597
adaptive,3,35,0.23599242311317759,0.470099934618904,34.84972130288153,0.32173683068571435,0.6422852723872847,0.7221308610316406,0.5294130920945959
adaptive,3,36,0.231586853241135,0.4741323874567648,37.76827743920164,0.337523956013781,0.6541133747826805,0.7039330525559359,0.6103257320819582
adaptive,3,37,0.2317945068613255,0.4723431324945752,40.97813067002262,0.35359435883807544,0.657992095556607,0.7238448520851057,0.6071164958104723
adaptive,3,38,0.24232286220887073,0.4643415254899626,39.99350096829006,0.3761612255570296,0.6664671952841724,0.7431010867891378,0.611780391094676
adaptive,3,39,0.237289962548647,0.46341312427124914,39.04411142756054,0.39694063870073654,0.6545803084547283,0.7324280820894079,0.6333398788798251
adaptive,4,0,0.23792907378017011,0.45814238466561885,51.566363886975346,0.004757444268102063,0.6780781556977998,0.7410727250050514,0.6388764431685463
adaptive,4,1,0.2257564898848247,0.4732065198092649,43.318685841334144,0.003004245577013881,0.6322815541723958,0.7199368903889992,0.5546059029185689
adaptive,4,2,0.23373135352234858,0.473735564018544,42.52154512656111,0.005611614056922504,0.6320435700057306,0.7160534845785266,0.559697450960839
adaptive,4,3,0.22681199890607776,0.47989074001679805,52.79517022500879,0.004440505119303487,0.6772098530905627,0.7399547956879786,0.6228308567468258
adaptive,4,4,0.2373700498765216,0.4679270930206988,42.387347519852796,0.009285426654558554,0.6339499995427862,0.7475548089093451,0.5216696452006084
adaptive,4,5,0.23647699630563077,0.455122085917573,50.23760917562641,0.014331521034931276,0.6724985865108547,0.7371857874917479,0.6260071820358796
adaptive,4,6,0.22671464350483397,0.47826981428828585,51.43818290112125,0.014167903365389,0.6736458118517732,0.768416758694121,0.5973253172735257
adaptive,4,7,0.22816585074514736,0.47915236076615625,47.143689138232965,0.014546474390518153,0.6520460590633135,0.7556328806729191,0.5203623696666031
adaptive,4,8,0.23274693127271404,0.4731457085707025,52.16557715418367,0.017490278806702047,0.6765668079179012,0.7459473753162345,0.6235328974598106
adaptive,4,9,0.22644682934967406,0.47520069585249747,54.216888573995696,0.016928715196333353,0.6864330430773681,0.7653100696243089,0.5934623915686256
adaptive,4,10,0.2385069865942713,0.4637414323294185,42.536482582056045,0.023247928867690414,0.637828631451217,0.7167399458101428,0.5570237950251635
adaptive,4,11,0.22306556168437358,0.4829829833267255,39.86243271282547,0.02115298625253597,0.6159401105400513,0.7041620080292548,0.4866179572087495
adaptive,4,12,0.2320108956968816,0.46749275191765566,42.17504732119648,0.023731800213323696,0.6355328245931159,0.716320016451657,0.5713764985109939
adaptive,4,13,0.23418001993487922,0.47305883434366547,49.597592960988145,0.027813178286598152,0.6672660562435238,0.7526964262847939,0.5919476368885503
adaptive,4,14,0.24479823370858134,0.4569960032296748,48.26103415345508,0.0386834866175818,0.6676108656723977,0.7448022583343642,0.6257622413685363
adaptive,4,15,0.23860570281484136,0.45912699435063886,43.06601844057367,0.04731809978317959,0.6427864903112436,0.7355116506151913,0.5872010554972376
adaptive,4,16,0.22581489105578775,0.4759695129222467,48.30546768698739,0.04913879617482936,0.659159143321336,0.7139514582938771,0.622126932745341
adaptive,4,17,0.2356927023586493,0.4642288516130104,43.48839535811539,0.05646766845377483,0.6443815109746562,0.7188408722126195,0.5540757795341072
adaptive,4,18,0.2286085164467355,0.4742140829059999,56.19820751309066,0.060115299421436945,0.6963075870931479,0.7507109382427328,0.6642552529011703
adaptive,4,19,0.23816449479858837,0.4640424574203335,39.9826109268545,0.06935736904488433,0.6303568089323172,0.7056538287316839,0.5708701470042085
adaptive,4,20,0.22640185020720988,0.4722879914818335,44.875853338133105,0.07235830139336347,0.6639598660559359,0.7599493785938021,0.5284667403463197
adaptive,4,21,0.23137221748221443,0.4670554614513714,46.865046032792556,0.07798163912756631,0.659648174845799,0.7202919890295623,0.6220565969208229
adaptive,4,22,0.2414712227703936,0.46254459070528925,38.22314855387406,0.0898016017828981,0.6274744765297745,0.7608200304843992,0.5173442219253592
adaptive,4,23,0.23580540273318096,0.4692002769192131,46.91592883311328,0.09936919469294167,0.6625345372676562,0.7305791131565631,0.6302210878083123
adaptive,4,24,0.2473788867225339,0.45436526531568777,45.13779704753066,0.1164614182699151,0.6617480602143285,0.7212203335372688,0.6401046581445505
adaptive,4,25,0.2276084237417581,0.47565972503838244,47.25917336608309,0.12342925273067644,0.6653681381246058,0.7666003162011275,0.5569914990404504
adaptive,4,26,0.23119952254958556,0.4666149756234045,51.882614381635655,0.13231258885031005,0.6871428567163187,0.7754904325167424,0.6224724213428264
adaptive,4,27,0.22320282153086618,0.4809646774414316,48.43383105518095,0.1365178566136706,0.6823219739717097,0.7503645211892278,0.579459612658756
adaptive,4,28,0.2341517965564179,0.4673152969042512,41.73268611922499,0.14661279154544882,0.6451250850766505,0.6955035941963046,0.6326119346935722
adaptive,4,29,0.2406845442264429,0.46387784405884297,42.87011502477064,0.1610425547348838,0.6640548270829019,0.7191990128689771,0.6184799582236128
adaptive,4,30,0.23767479259280658,0.45933847727703925,47.75020910889322,0.1747349213667813,0.6742853325957608,0.729461377908981,0.6636919411682138
adaptive,4,31,0.22834596789806985,0.4680315697270844,52.110545020952664,0.18359747244111738,0.7047923792837752,0.7607865652447401,0.6369167024290721
adaptive,4,32,0.233299439843298,0.46956125763256384,41.51500196673654,0.19526670347239736,0.6618877794351475,0.7704293529510772,0.5287738474684497
adaptive,4,33,0.22097172106198112,0.48259396138063054,48.64602052000474,0.199869247219217,0.6885419111791506,0.7698977245907357,0.5753025677578808
adaptive,4,34,0.23383448614823196,0.47519176400264795,41.99316435540385,0.21128662212398527,0.6600959236726055,0.7122474045209476,0.6198535365149895
adaptive,4,35,0.2265060535570769,0.47643023003860224,55.22374012728664,0.2186903860888837,0.7020294119371328,0.7686950379363817,0.6309638686356576
adaptive,4,36,0.2247765065219993,0.47617208769989394,51.7905159868944,0.22470702718844324,0.6879252773996868,0.7550364276329623,0.6271965664611148
adaptive,4,37,0.21796034680248252,0.48360677976821115,51.34009971341012,0.22611162310849264,0.6853182972438753,0.7543792921333442,0.613880496989088
adaptive,4,38,0.23726540457765935,0.4670155445499132,36.55229967818563,0.2378952883738964,0.6549617774492837,0.7090630655991705,0.6164647555003138
adaptive,4,39,0.23788818207990728,0.4589494958589332,48.756779925982826,0.2507791605984149,0.6817956561447794,0.7179039075844278,0.7024380136148994
adaptive,5,0,0.23428459633560078,0.4670241150797411,53.86890117003465,0.0025707578013604627,0.687878051151109,0.7322455727997874,0.6842043239737391
adaptive,5,1,0.21119019653341944,0.4897517322121252,53.00609580697683,0.0,0.688235787030162,0.7527006511417974,0.5691847418345424
adaptive,5,2,0.2382443446442021,0.46038079907053125,44.53734711970634,0.0034940860734232774,0.6466604555881651,0.7514432598189454,0.5546311731779139
adaptive,5,3,0.22466458790270857,0.47067318148881415,56.41828013283866,0.0,0.692967605336749,0.7442115123882534,0.6602985391595101
adaptive,5,4,0.22186218043481,0.47907607155164655,57.54170379981769,0.0,0.6942995070436518,0.7423108256434245,0.6575537591551771
adaptive,5,5,0.23956120989646293,0.4593831373653035,49.89005045137874,0.003761316522951838,0.6723903554418539,0.7544123992242878,0.637412112769388
adaptive,5,6,0.24294253209333488,0.46203005134499137,46.14659176782746,0.010507547353673142,0.6569509567819171,0.7447812212704037,0.5907405406850242
adaptive,5,7,0.24014845862125248,0.467124950363133,49.00371266764555,0.016871587310478487,0.6664265513061208,0.7258745743907987,0.6343591099044544
adaptive,5,8,0.23680808841467285,0.46281755774029654,44.62719776836113,0.022246251005461307,0.6474875221502531,0.7476602663534183,0.5245303181653709
adaptive,5,9,0.23041466520094114,0.4738164124864695,54.1182169883488,0.024465669613672383,0.6866674626139267,0.752204659403406,0.6363289661178699
adaptive,5,10,0.250555729137742,0.4560957514138492,41.33043756116676,0.03881119310405808,0.6517094669878618,0.7473632134933561,0.570875077457235
adaptive,5,11,0.2247038739462576,0.4736254012821013,58.34495554751651,0.03970117639332734,0.7042523158614272,0.7538166782712652,0.6936916446525004
adaptive,5,12,0.2533287331660149,0.4564190930679989,29.30877286051579,0.057236462609076735,0.5831210918179522,0.7249105021511739,0.48576376679291206
adaptive,5,13,0.22693732795122754,0.48071225234992443,42.31122501797245,0.0612697790125552,0.6328549317800446,0.717379711212088,0.5531017355539366
adaptive,5,14,0.23197268097084886,0.47011238794454874,46.44455125644616,0.06801804002292922,0.6583344285087563,0.7666726255291713,0.5542496788825312
adaptive,5,15,0.23444922217521097,0.4658942509769793,45.983601524595294,0.07644949385300538,0.6568421192634939,0.7220651096066172,0.5909467913071876
adaptive,5,16,0.2331267509161582,0.4680895936711045,47.52993328801963,0.08453238714517099,0.6791064502705098,0.7531839152021067,0.6181091819354745
adaptive,5,17,0.22661693978694797,0.4769600228434228,45.42087501380256,0.08902206885142627,0.666918769399788,0.7310311541616855,0.575801173214727
adaptive,5,18,0.2320906469454433,0.47207119502818745,47.161876040174,0.09645766883147354,0.6616933341732145,0.748811179697098,0.5622182332891302
adaptive,5,19,0.23773868251036032,0.45744980084679887,42.744845770126695,0.10749115484501535,0.6601519869434792,0.7316672883337089,0.6099234554619251
adaptive,5,20,0.24877622503569505,0.448987926302987,35.760776732644224,0.12592103462479404,0.6349679726179958,0.7408559454026561,0.5684320438957254
adaptive,5,21,0.2448762621648784,0.46056282573983476,36.453791938077266,0.14388855918565224,0.6358708633132001,0.7395459040134498,0.5309270907811339
adaptive,5,22,0.2312503377919031,0.4720951170625356,55.17557165071486,0.1551681553392131,0.6979353946487166,0.7446543365392941,0.6740081095426417
adaptive,5,23,0.2309605642245013,0.4756181839346537,48.788666973524414,0.16639892113152321,0.673915798988568,0.7660098971923189,0.5910019009509946
adaptive,5,24,0.22959024174840148,0.47636417688725796,43.51223880273493,0.17690354986062354,0.651318714029784,0.7346606285886282,0.5623389258089656
adaptive,5,25,0.22239430396158477,0.48262379640894315,48.8505784384888,0.183049640092474,0.6730372068164775,0.7370173947634036,0.5955474220164565
adaptive,5,26,0.22791896254006516,0.4669469138569813,49.03998606367446,0.19174995586757115,0.6786916546885385,0.7533743780981202,0.6082305071597883
adaptive,5,27,0.22149396035040922,0.4846084626085734,53.31793093127033,0.19638716658288127,0.6896611548380189,0.7528604913062678,0.5966872718926238
adaptive,5,28,0.24361548039771258,0.463840957199415,42.68696020584712,0.21344668536161432,0.6558856455424141,0.7303915775363784,0.6259375264256203
adaptive,5,29,0.24821347192133753,0.4536756784172816,38.50595281173635,0.2346265470942936,0.6545703112749592,0.7410382042841338,0.5861484494430862
adaptive,5,30,0.2306263061777856,0.4593317503311897,47.897187214763925,0.24707545657297544,0.6914513433196019,0.7516694552003442,0.6561685658448934
adaptive,5,31,0.22999687161947152,0.4736049652356944,36.62523500248817,0.2592093359344474,0.656155780968102,0.7291159608514293,0.5391264209379979
adaptive,5,32,0.2381695075712276,0.46846485051824494,42.41332868558896,0.27624648402892016,0.6564259010621674,0.7393092639338606,0.6239007382849713
adaptive,5,33,0.2222766521944806,0.48048196311565883,45.098489474701395,0.2845648696544675,0.6790529446656965,0.7394587545377492,0.6117179176933896
adaptive,5,34,0.22795100528216058,0.471775185875278,47.380977191640376,0.29551553235207084,0.6776939575427838,0.736107028889614,0.6005576660978748
adaptive,5,35,0.23761285509644928,0.4688729260485947,37.64586439628488,0.3120584054664635,0.6412616390076639,0.739753452008936,0.5544905506516216
adaptive,5,36,0.24526192760219315,0.44650130957706785,50.75430054353503,0.33395200759394744,0.6952045644541978,0.7439213735957809,0.7030565433328676
adaptive,5,37,0.23884797066222624,0.4638278298916029,37.91993640814753,0.35352342831767053,0.6838473910225066,0.7585651662775006,0.6224902308103483
adaptive,5,38,0.2392207019482036,0.45925395415169784,42.45551168393047,0.3742032848792026,0.6651013909368594,0.7311823926870845,0.6319741927014988
adaptive,5,39,0.2332762771800284,0.4690284689368474,39.925924859938696,0.39223855677464997,0.6662176223335042,0.7391021457241819,0.6114267510197325
adaptive,6,0,0.2270967414782261,0.47663163104209444,43.65069924228215,0.0,0.6338856994678298,0.7012623749563643,0.6090360615817402
adaptive,6,1,0.22956647120514564,0.4703280155532792,44.70980307910476,0.0,0.6410933245177026,0.682989812569089,0.5940172528126105
adaptive,6,2,0.2255771729915647,0.4756539845961096,49.8778642208728,0.0,0.663436897269343,0.7476714321460758,0.5952521855516546
adaptive,6,3,0.24015012190709148,0.46071521328233933,41.87028611955212,0.005314111711748523,0.6331531944402652,0.7133114094741192,0.5869324845323197
adaptive,6,4,0.22552034837645366,0.4728239013663349,55.47497742324754,0.0028653714958234984,0.6917354688844377,0.7693135140765949,0.6239097164101062
adaptive,6,5,0.22618959443551853,0.4774778418257721,50.30660005403807,0.00037021375298276456,0.6663778911536827,0.7317845648935016,0.5930935320432548
adaptive,6,6,0.2397661271724131,0.47147603224999624,40.22612291384146,0.005639935095830629,0.6227200300880047,0.7209518054196199,0.5223545787367166
adaptive,6,7,0.21754098305589586,0.4867620167756548,41.27116281384545,0.0,0.6202050113522192,0.7301140069477869,0.4813035676807908
adaptive,6,8,0.222232885294597,0.48603553392618964,44.9131922142492,0.0,0.6360067506435977,0.7134681102586092,0.5524393367898189
adaptive,6,9,0.23442269556677658,0.46939167493496564,42.54083724681019,0.0010176619317565443,0.6325829965349832,0.6934208182975086,0.5887246188588134
adaptive,6,10,0.23569559078874422,0.4722339511242294,46.726644545757,0.0032413305533713272,0.6541164872822688,0.7409609587669143,0.5596987435455957
adaptive,6,11,0.24257537611633517,0.4598883032947244,39.284289536112176,0.010162429450415103,0.6232905354227036,0.7202564046464446,0.5511653364366114
adaptive,6,12,0.22445111818313904,0.4763423998519707,49.14258333616363,0.0074665111991747135,0.6604328018526346,0.7537129520597562,0.5853190397769309
adaptive,6,13,0.22969135016448977,0.4746213350050961,48.52248614550804,0.007359843955058667,0.6595636716676545,0.762408857796986,0.5505607304530988
adaptive,6,14,0.2388467311081797,0.4642440066204746,38.340242231721554,0.01271554029360555,0.6180113668505073,0.7207751412718886,0.5250697900574092
adaptive,6,15,0.23630092605140013,0.47061436846842325,47.05451612501948,0.017428426708902663,0.653889054639301,0.7116013356975841,0.6252535020729805
adaptive,6,16,0.23519723774052778,0.4694066591311105,50.201927422447795,0.022109192742816378,0.6709214304332501,0.7509859536145184,0.5958381417826978
adaptive,6,17,0.24328180120205725,0.4593040853352109,40.34003859907516,0.03216042062770055,0.6304095753307597,0.7393257151196795,0.5209508171504441
adaptive,6,18,0.24153567579476673,0.4634444502754998,50.50332582471412,0.04249215338841614,0.6773615454070208,0.7632738922784494,0.6257724348990429
adaptive,6,19,0.22596556762565315,0.4818767209588062,40.98662270433755,0.04463538882714024,0.6254557767453817,0.6952601252992738,0.5546044726951992
adaptive,6,20,0.23068653047455392,0.46756796693991154,46.22527198011514,0.049207758737770134,0.6563178775149675,0.7592628313247302,0.55350468466188
adaptive,6,21,0.23684953443471782,0.4696159021625096,37.15308759877335,0.057546584071953746,0.6144387632138207,0.7211381651908152,0.5152110989974995
adaptive,6,22,0.23339581206301074,0.45933676283220065,55.329750378618265,0.0644981294265849,0.7173895347763963,0.7775449995550128,0.6986716117911811
adaptive,6,23,0.22480082558911646,0.4717016446879293,45.700216846859114,0.06663226410318054,0.6533429161998351,0.7308491726473938,0.5598759778304818
adaptive,6,24,0.23384405895466584,0.4724309746449518,48.17710862036381,0.07367242135801748,0.6775751332994057,0.7332111207745757,0.6157485062530237
adaptive,6,25,0.24001488548469282,0.46172969943428493,43.38302839270605,0.08479948042633718,0.6484004371520217,0.7419737580409177,0.5974168894061205
adaptive,6,26,0.2530773697512978,0.44417676586613897,44.88217906274882,0.10476551860308915,0.6617887501243589,0.7382712930622584,0.6581155776825617
adaptive,6,27,0.22879724928815576,0.4777335281084585,38.86917416006656,0.11247122147708567,0.6239015795450695,0.7284801582475333,0.5188529442013745
adaptive,6,28,0.22792032001517046,0.4754106578033695,41.73805340514042,0.1195304917161066,0.6532270155339871,0.7231299114130203,0.538729723275424
adaptive,6,29,0.22863126208146994,0.4784898882291525,44.49145551619557,0.12680835919642425,0.6517462658612418,0.7635667745857044,0.5512054515903757
adaptive,6,30,0.23667560016977832,0.4676010839394737,46.309062682974236,0.1387759557378739,0.6620108316433357,0.7337807121897694,0.62659480145486
adaptive,6,31,0.22802288782665953,0.47434595357779263,52.3644790345943,0.14621948489043013,0.6889665702972267,0.7784330139381335,0.5969925761584305
adaptive,6,32,0.24081495443396272,0.45749358754066566,37.92243811466655,0.16114054279003423,0.6333743089923541,0.7191211001781204,0.5866495055008286
adaptive,6,33,0.23897543205219857,0.4657220282227409,45.592602041222065,0.1760393827039761,0.663999145401397,0.7527087170052542,0.5951618325657005
adaptive,6,34,0.2293850272051787,0.4722322658634431,37.76261522034356,0.1860815229149259,0.6441241872956848,0.7358556181137635,0.5301203688517253
adaptive,6,35,0.2488279635478331,0.4548577500478647,33.6156504275258,0.20772792765198622,0.6418312311521994,0.7046954584359041,0.605514465390473
adaptive,6,36,0.2315709730012329,0.4752207381960705,50.76380872607944,0.22090293441586972,0.7005403501136142,0.7664714015313018,0.6291355036529866
adaptive,6,37,0.2510801559427389,0.450968140654204,33.834355917417604,0.24594054824478012,0.6361778088937101,0.7359331265278478,0.5300560946459778
adaptive,6,38,0.23547940023578445,0.46092379741838624,37.36148548544708,0.26372572424379176,0.6416075871193125,0.7499221075101172,0.5722960189884269
adaptive,6,39,0.2322848894663698,0.4729550597603592,38.97421101355777,0.280142133804733,0.6536991586271151,0.7416441978737222,0.5733510410856314
adaptive,7,0,0.2275760227562274,0.4721142958316063,51.44467627552659,0.0,0.6701325464802579,0.734412415046661,0.6262223278977481
adaptive,7,1,0.23316555291726274,0.4686669461589372,53.75220599387393,0.001656934025980375,0.6848177315049233,0.7528367761084317,0.627396388775435
adaptive,7,2,0.2362798404282587,0.4632299654742519,42.63177531483723,0.005498995850284599,0.636331919066322,0.7122400881732089,0.5571475402732794
adaptive,7,3,0.22989586679834548,0.47567104090929657,49.34416417831153,0.00613865753946676,0.6630781489970627,0.7551943929961624,0.5563937992115949
adaptive,7,4,0.22812341832179184,0.4762202780079956,45.95955861598468,0.005704436822551284,0.6448845075427427,0.7124750939616276,0.5875043489851438
adaptive,7,5,0.22910800942494547,0.46455311436058583,48.90735917457863,0.00567331259970717,0.6624962638909179,0.7351881760252016,0.6017204899494056
adaptive,7,6,0.24459154255977258,0.45850170129836026,48.33371533310404,0.01484310920025387,0.6637081171805553,0.7330026468728345,0.656174050457921
adaptive,7,7,0.23188637338674906,0.470872551258866,49.45587544136461,0.01784895855296371,0.6660912405071634,0.7161975121940629,0.6428385286339019
adaptive,7,8,0.24449337322911763,0.4591763157966646,42.49289683346804,0.0286076451497696,0.6407125478217162,0.7480893562508312,0.5554714453637115
adaptive,7,9,0.24072202366919004,0.45237211634470564,44.05049168700461,0.0385528593335307,0.6623410942569444,0.7301969625875988,0.6131625913133578
adaptive,7,10,0.2350968227453863,0.4609431960094567,53.27523398315131,0.04619515532992855,0.6880793112530376,0.7631680950501235,0.6303473376768756
adaptive,7,11,0.25223848399534105,0.44839339293515573,46.049119836856384,0.06463213035083788,0.6618194490254208,0.7338710697901514,0.657521792553483
adaptive,7,12,0.23794918012539734,0.462929033979493,39.10670265811741,0.0767193714493151,0.630887593580413,0.7685685667357508,0.4850753339692094
adaptive,7,13,0.24167426855751475,0.4583094929393706,41.77086911419485,0.0918365836196025,0.6437483582076425,0.7529643343642591,0.5546057602121607
adaptive,7,14,0.2575023886809614,0.441889006388116,38.22325051219033,0.11761809471970937,0.6393901764951448,0.7734744269703566,0.556891599763093
adaptive,7,15,0.22638394546068252,0.4796715231824482,44.55445180087116,0.12747877875574504,0.6536981737437054,0.745595777737464,0.5298197869898771
adaptive,7,16,0.23795791047590611,0.4653308443318659,47.99434162154052,0.14392223634698312,0.6872567752564726,0.7658957759158203,0.6159511581980457
adaptive,7,17,0.24204055380504028,0.45257978871361965,51.288175036508584,0.1636110709832923,0.6900724778879168,0.7620851245181587,0.6672201063428779
adaptive,7,18,0.22026581985068933,0.4865099589877597,49.290951672344896,0.17143912062749495,0.674323689035296,0.7489642207615863,0.5731155232938624
adaptive,7,19,0.22726375434418772,0.47675321924238145,48.30010567735077,0.18249251295286556,0.6734126583136495,0.7667857799613771,0.5961595524471676
adaptive,7,20,0.23341493452520612,0.46403456512447677,43.8693485471086,0.19696298882126598,0.658310333612416,0.749763809687142,0.5559110365103027
adaptive,7,21,0.22517755776548376,0.46809108945702543,53.94970166882927,0.2068325320863536,0.6968072606583454,0.7485081589662094,0.6722769872754716
adaptive,7,22,0.23997208720514052,0.4589300975530784,44.09105141015031,0.22509654879178365,0.6780761096603812,0.7713681674789205,0.5772512574046328
adaptive,7,23,0.23243818022619891,0.46416197836497225,42.028724072695525,0.23983743003036279,0.6553893416689327,0.7222881443842292,0.5966695568550039
adaptive,7,24,0.2314393864820061,0.4672782155749908,37.5262070577762,0.2542228530450461,0.6889109176813477,0.7133896109498591,0.6886386776700326
adaptive,7,25,0.23268662785686145,0.47301809808616396,34.357918614145326,0.26950055953284324,0.6254079427172894,0.744944747951018,0.5180623337042437
adaptive,7,26,0.22709012866190662,0.4730613072543999,41.41551907946237,0.28168902928935363,0.677387876604032,0.7495093270694118,0.592651452052888
adaptive,7,27,0.24052470737759826,0.4569195194907635,50.05964832539151,0.30164725914146967,0.6909373646987872,0.7594937781153194,0.6701086363572243
adaptive,7,28,0.23234697928067308,0.46111673372465173,43.11286324023206,0.3177513228731904,0.6922781700143358,0.7505936507319819,0.6527479505224895
adaptive,7,29,0.23235503163323867,0.47193777269053994,42.00796300355876,0.33409491594451785,0.6614589695113898,0.765597982847711,0.5621942037386043
adaptive,7,30,0.22877882914410394,0.478693221079501,36.190291416857626,0.3485282906856883,0.6472738189692395,0.6892955123814508,0.5814202333069571
adaptive,7,31,0.23193224410031787,0.46641294030640196,52.099195268334434,0.3647315973149975,0.6981058148537219,0.7528103081383686,0.669248361028898
adaptive,7,32,0.22539821785452374,0.47859766556925565,54.688140192367804,0.377207712606862,0.7068004461898317,0.7708147500608169,0.6323141832508029
adaptive,7,33,0.23139871401007403,0.4762800432091159,41.95527365691688,0.39282394737750903,0.6614382762678749,0.7464350846432241,0.5900588244396062
adaptive,7,34,0.22177555953110936,0.4837484119637449,33.69737705951718,0.40280616086178467,0.6400106084792493,0.7263372917264337,0.5273846639707417
adaptive,7,35,0.23099294815991453,0.46770176888724246,41.99303208037748,0.41749636347645436,0.6880586687634473,0.7477638850147819,0.5987345162328517
adaptive,7,36,0.23554191411383274,0.4620569671415438,41.70713543385271,0.43501524047946644,0.6778224045471278,0.7236617817088663,0.6669077023066843
adaptive,7,37,0.2245351605402113,0.4784544755047037,41.241562047019805,0.44648425674968895,0.6638254618420245,0.7552577720131485,0.5589681214216072
adaptive,7,38,0.23468343398968391,0.46391238207965524,32.52780377626029,0.46349575314361613,0.6377406609384109,0.7308474844817303,0.5598347953383694
adaptive,7,39,0.23501587197245355,0.4673908811011713,27.000587683053478,0.4811750557261735,0.62727074341738,0.6756623151118816,0.6108085703158694
adaptive,8,0,0.23074132246675652,0.4739717600107173,49.84165317831676,0.00044479348005390664,0.6665647961975881,0.7646855648145214,0.5579159293627612
adaptive,8,1,0.23266326011161498,0.4746399105153575,46.44665004903631,0.0021168817936985385,0.6486767622595457,0.7421677837916898,0.555205555083999
adaptive,8,2,0.22497737797829948,0.480741708247501,55.323319948366056,0.0,0.6868866421763253,0.7243650753270728,0.6722677883958909
adaptive,8,3,0.22320377297637273,0.4807507586763068,52.60813708415327,0.0,0.6766398189660633,0.7725705629116622,0.5587210607256627
adaptive,8,4,0.22354137788329378,0.4784727773297073,46.761297646081076,0.0,0.648865881495451,0.758259501496081,0.48434149256077563
adaptive,8,5,0.23449281500927727,0.4708623517668437,46.781559202600185,0.0012084001472000977,0.6517154499804022,0.7256387301336353,0.5560494826445691
adaptive,8,6,0.23018964115606227,0.47257794541872034,56.17267342277852,0.00028417748339892575,0.6949855174859737,0.7616447458306017,0.6617537790346381
adaptive,8,7,0.2324360044497388,0.4660812738735072,48.66610806042152,0.0007267369114098975,0.662695708928722,0.7468249772683664,0.5640043783336155
adaptive,8,8,0.24470044348359837,0.45135184355903324,42.63064305513614,0.008771560204710491,0.6424615956266433,0.7279091915899146,0.596089427103531
adaptive,8,9,0.22752578268420193,0.4756724828581622,38.95509939001406,0.007981631366733053,0.613916723029744,0.6763500465720251,0.5270168514821267
adaptive,8,10,0.22091264447942066,0.4858347516464757,49.372523841379866,0.0029763978743070473,0.6576286676089604,0.7575758299490902,0.5160576225085982
adaptive,8,11,0.23816625730469862,0.46228800181232854,54.622344874839634,0.007414596524989881,0.6924905424234521,0.7604974021014689,0.6613427995702423
adaptive,8,12,0.2545603548350887,0.44732469934229663,37.88153084676629,0.02250587942437663,0.6224253528457797,0.7276914271259414,0.5597871855920927
adaptive,8,13,0.22421866078049874,0.4791245613335123,51.52813254521445,0.021848181374518265,0.6719710175972402,0.7222376118618595,0.63712610177689
adaptive,8,14,0.24778339025289245,0.4536553976608588,40.716860989815835,0.034751187086145996,0.635022298684719,0.7471181831421339,0.5519879799740727
adaptive,8,15,0.2224428489180954,0.4741406794877212,52.41897698330433,0.03422820702218475,0.6787778428552961,0.7549990196284191,0.5647300868382459
adaptive,8,16,0.21808203222221637,0.48350333285622077,52.27904339866124,0.030333021832505618,0.673129717885134,0.7493472312215501,0.5592341853015413
adaptive,8,17,0.22957447901657438,0.4717939945752965,44.791455406542276,0.03214150794166293,0.6446137890966798,0.7352966708074696,0.5237377716326906
adaptive,8,18,0.23725218911840373,0.46349109690739154,42.41958126116762,0.03851406801357529,0.6391501850396253,0.7444594768844883,0.555719132140937
adaptive,8,19,0.21891966756125508,0.47762694477112455,53.722712739490476,0.03461233406303883,0.6815747189447606,0.749265970570088,0.6250880716734559
adaptive,8,20,0.23634240467020354,0.4690585801452019,46.394390415759275,0.040056209133996955,0.654210593295916,0.7431349965361241,0.5908510133110242
adaptive,8,21,0.225251334863528,0.4744487002619067,55.425506294589205,0.03947968278797011,0.6917201425906383,0.7306324251710294,0.6364513784545099
adaptive,8,22,0.22399184122332766,0.47547044164130126,47.31719712688604,0.03767259374417586,0.6571405483663469,0.768550737784831,0.5177030583723196
adaptive,8,23,0.23517647960761892,0.45919236122864054,46.42984977639594,0.04197547185328913,0.6576786361056983,0.7361594660525854,0.5970244165070826
adaptive,8,24,0.21770652932558157,0.4859150979878548,47.634617338835994,0.03631402775394188,0.6527161112109905,0.7145936819611616,0.5710979582971841
adaptive,8,25,0.2318423872428099,0.46945701412868457,48.6293889685454,0.03790475133748978,0.6801344226080618,0.7441377456502654,0.6301741027597301
adaptive,8,26,0.22739494671103622,0.4817757988962595,44.94584260700856,0.037011249326254464,0.6441315069166279,0.7356124455455122,0.5187204579175663
adaptive,8,27,0.23023573476353323,0.4714097110064575,46.36074928953648,0.03756171481762098,0.6519118374848524,0.7317179067026365,0.5619177417037539
adaptive,8,28,0.2329372743955243,0.47306857433013116,48.03377422718252,0.039756677564535464,0.6606222963801962,0.73723215990367,0.6066667261460926
adaptive,8,29,0.22967254163047585,0.47600048476002355,45.28816189051473,0.0402865280919733,0.6640773501641617,0.7667199017797236,0.5326234380765571
adaptive,8,30,0.22724761052196876,0.47443842571852235,45.0539234480146,0.03932867411735447,0.646235475953092,0.7473688988912017,0.5540634443224628
adaptive,8,31,0.2399127679696554,0.46724552559802257,42.36767653783554,0.0456946756635445,0.6393821379175221,0.7559037439651944,0.488546002569271
adaptive,8,32,0.24341945481924757,0.4579245131649096,44.03481738477685,0.05515596611645537,0.6625424755129584,0.7106302299505804,0.6509731843582979
adaptive,8,33,0.2196594364026119,0.4881295064447991,56.385937245414695,0.05170319100130959,0.6949178999695482,0.7715843882021872,0.6386061955213449
adaptive,8,34,0.23224043519189322,0.4666107112695352,57.701687626699915,0.05476495879999379,0.7055448033055021,0.7609232586720879,0.6925808573224471
adaptive,8,35,0.23917430296179595,0.4607710298120002,40.86677183334666,0.06221109077980895,0.634113663839904,0.7309808702156007,0.5543267719722204
adaptive,8,36,0.22470706516690248,0.4768238706897001,40.54168621137384,0.06189431037886762,0.6560869671606725,0.7235409685246459,0.5455439012684787
adaptive,8,37,0.22627609128724055,0.4746906639182637,47.799185798065835,0.06198965216681938,0.6590069982658456,0.7377503752312982,0.5954200155894446
adaptive,8,38,0.23583821876091401,0.4614219296596841,52.2779107352502,0.06744987956769927,0.6872581262958053,0.7729127365117576,0.604567561898624
adaptive,8,39,0.23522302093372627,0.4682857630352935,43.17924450841622,0.07312481014835791,0.6438031569488228,0.7419318508365612,0.523556721718222
adaptive,9,0,0.22984809398318828,0.4691523272749591,54.17065346277708,0.0,0.6880502487436939,0.7438330141665029,0.6345713118725085
adaptive,9,1,0.22987136583982676,0.46884214980006056,48.579278050013926,0.0,0.6607321325401592,0.7456299522966648,0.5948892289637712
adaptive,9,2,0.23086252739551566,0.4747024426006143,46.925874463549114,0.0004894624196108921,0.6504618619543308,0.742663327824277,0.5218284791989792
adaptive,9,3,0.2355853895833645,0.4703548383355351,39.07742859996509,0.003898894891482654,0.6154689116103828,0.7051687599802677,0.5541840152365486
adaptive,9,4,0.23667754811699832,0.4617827368785827,45.332051415191806,0.008522161441871155,0.647876767663356,0.7103239934108109,0.588694102499116
adaptive,9,5,0.2190293884693536,0.48718781029616026,48.20401596729824,0.0032242870153726573,0.6510538621183369,0.7440407371579084,0.5180595863031316
adaptive,9,6,0.2346046044265068,0.464253495247706,40.31606941732879,0.006174481010101435,0.6261193469991814,0.7216097647857749,0.5217197710565633
adaptive,9,7,0.23645517300381133,0.4712590752169046,49.2794689542609,0.010695476593863613,0.6653658529926668,0.7520085564829014,0.589683624527085
adaptive,9,8,0.22422969881848603,0.47986936167928385,55.16990902064212,0.008526704966811745,0.6877942515403119,0.7649555154121076,0.6292752867313886
adaptive,9,9,0.24073962318452613,0.4616179233633881,50.58083242200863,0.015686857841232537,0.6746304241988528,0.743765773804848,0.639491429364426
adaptive,9,10,0.2392802737440215,0.462084728528176,52.49572162376674,0.02304536336980316,0.6837056048346158,0.7521967472145599,0.6617571584264005
adaptive,9,11,0.22999492364205976,0.46361283746404336,56.5463011691612,0.02576068621159889,0.7004631507383337,0.737466761188875,0.6758651923204056
adaptive,9,12,0.2346717933196827,0.46504205666426685,48.789683120437076,0.031281623224174354,0.6645690944030596,0.7467540567149115,0.5875875158774946
adaptive,9,13,0.22644103268434218,0.4729301124183612,46.08545025065829,0.03233128318751378,0.6513853549409145,0.6762620211329218,0.6430453563652877
adaptive,9,14,0.2245678581726041,0.47374977311847194,51.93560006493731,0.03190114171224458,0.6767342724277142,0.7230547152734974,0.6426955958788003
adaptive,9,15,0.23682700567955128,0.47157032253976194,40.68239949983384,0.03828327455840409,0.6256316502463515,0.6707146163021562,0.5970843995770899
adaptive,9,16,0.22916293736509008,0.47682656626324116,44.55826693586225,0.04074966698384201,0.643683311631379,0.6999728639843615,0.5599431756792006
adaptive,9,17,0.22363165753187375,0.4756118074871681,57.21872584769119,0.03981358524585914,0.7010631396159913,0.7773880382702022,0.6309929872341168
adaptive,9,18,0.23520110240358394,0.4630800045582801,42.76100123834649,0.045182336184089754,0.6413108963808747,0.6932391769281024,0.6010752853844571
adaptive,9,19,0.2349523494846779,0.4638801779299909,40.05912311440582,0.050921945611335145,0.6407940314269317,0.7348555281650158,0.5662524536680469
adaptive,9,20,0.2371568906091528,0.4635031007887868,50.096460169038586,0.058479514661733255,0.6740050150729964,0.7226738668610048,0.6639840699023918
adaptive,9,21,0.2388610848395453,0.45840993241536165,47.92386262358658,0.06777528931128214,0.6694569286773824,0.7688703128091814,0.5934769373574739
adaptive,9,22,0.23608500275063177,0.47517105210366056,45.06820958070705,0.07629152319143745,0.666335227620938,0.7324952067691108,0.6178161080641591
adaptive,9,23,0.22421283101392767,0.4707343573768627,53.766696683524124,0.07829295430463347,0.6894858701336475,0.7658489941461937,0.5967095584194445
adaptive,9,24,0.2301609350251973,0.4618815131909316,54.394644950048345,0.08328453092598403,0.6928588127763141,0.7444940189287105,0.6654832474296151
adaptive,9,25,0.22572352071651225,0.47242260211645837,57.50622390029953,0.0856297524646433,0.7034130889660191,0.7334281633844019,0.695909012795645
adaptive,9,26,0.24621734436844342,0.4577638408431939,45.45842915725015,0.09984362026611249,0.6622298874629178,0.7365163038731273,0.6271722817657831
adaptive,9,27,0.2459204566507205,0.46385826542495656,42.08567067130657,0.11550108987379226,0.6458459480834563,0.7174500940954663,0.606851251924147
adaptive,9,28,0.22001128841689177,0.48497287132713623,49.117448275037155,0.11720510420624684,0.6668283749401097,0.7518964896593938,0.524639591958497
adaptive,9,29,0.24416121366224072,0.4647606412012552,39.77768921735259,0.13240020252759999,0.6357756206941017,0.7198687538416233,0.5909663207687045
adaptive,9,30,0.22733554042779286,0.4788226831107052,47.953641358921054,0.13891601827450847,0.668919544898221,0.7476690316756742,0.5960249026034188
adaptive,9,31,0.21670838100130924,0.48699588415289147,44.387069725945686,0.13878909240830606,0.6493677508566457,0.7574490544660393,0.5165117557216108
adaptive,9,32,0.23986957143349175,0.47260336734140435,46.8634757549968,0.15122971890154407,0.6656097550982274,0.7559762988915049,0.5913899161216263
adaptive,9,33,0.24218673764256068,0.4597243211209754,37.40370640988738,0.16604760226357262,0.6428821820771954,0.7504531698248091,0.48696433912641224
adaptive,9,34,0.24730891000239688,0.4580575766265117,39.594380306926524,0.18515746280575898,0.6419938423128627,0.738712993679428,0.5896532311910796
adaptive,9,35,0.24685433358521372,0.44976010629974283,37.065834180469,0.20572546849787512,0.6369576389540194,0.749210798987249,0.5879220014527279
adaptive,9,36,0.2297246601923779,0.4768412659640317,42.07037317584981,0.21770110351281113,0.663837557226365,0.7649152476763937,0.536302118542704
adaptive,9,37,0.22866933570119916,0.47498901932094223,39.658498046376714,0.22901600985227769,0.6662850157951309,0.7497752540511289,0.5901347969084406
adaptive,9,38,0.23395353725433773,0.4623982280523701,44.70728995770342,0.2433683706937473,0.665860180000982,0.743688130326979,0.6104521218357181
adaptive,9,39,0.2443201941259285,0.45746521107661325,37.83832586316974,0.26433607938360515,0.6413135031049182,0.737644263899679,0.5584306215209146
