benchmark,task_type,gov_config,seed,adversarial_fraction,screening_strength,p,completion_rate,efficiency,fidelity,capability_ratio,safety_score,gov_audit_rate,gov_circuit_breaker_enabled,gov_circuit_breaker_sensitivity,gov_min_stake,gov_bandwidth_cap,gov_confirmation_gates,capability
distributed_allocation_v1,coordination,tight_uniform,0,0.2,0.0,0.7418361609732071,0.8772952012165088,0.2,0.8772952012165088,0.8772952012165088,0.17545904024330178,0.8,True,0.6,6.0,30,2,0.8095656810948579
distributed_allocation_v1,coordination,moderate_uniform,0,0.2,0.0,0.7397123368908398,0.8621404211135497,0.25,0.8621404211135497,0.8621404211135497,0.17242808422270994,0.5,True,0.4,4.0,50,1,0.8009263790021948
distributed_allocation_v1,coordination,light_uniform,0,0.2,0.0,0.9669517387509745,0.9586896734387182,1.0,0.9586896734387182,0.9586896734387182,0.19173793468774367,0.15,False,,1.0,85,0,0.9628207060948465
distributed_allocation_v1,coordination,tight_uniform,1,0.2,0.0,0.6883759213945112,0.8104699017431389,0.2,0.8104699017431389,0.8104699017431389,0.1620939803486278,0.8,True,0.6,6.0,30,2,0.749422911568825
distributed_allocation_v1,coordination,moderate_uniform,1,0.2,0.0,0.7108558333092667,0.8260697916365833,0.25,0.8260697916365833,0.8260697916365833,0.16521395832731667,0.5,True,0.4,4.0,50,1,0.768462812472925
distributed_allocation_v1,coordination,light_uniform,1,0.2,0.0,0.9620175444498857,0.9525219305623571,1.0,0.9525219305623571,0.9525219305623571,0.19050438611247145,0.15,False,,1.0,85,0,0.9572697375061213
distributed_allocation_v1,coordination,tight_uniform,2,0.2,0.0,0.5933013943173681,0.69162674289671,0.2,0.69162674289671,0.69162674289671,0.138325348579342,0.8,True,0.6,6.0,30,2,0.642464068607039
distributed_allocation_v1,coordination,moderate_uniform,2,0.2,0.0,0.6642490186579506,0.7678112733224381,0.25,0.7678112733224381,0.7678112733224381,0.15356225466448764,0.5,True,0.4,4.0,50,1,0.7160301459901943
distributed_allocation_v1,coordination,light_uniform,2,0.2,0.0,0.9595278976342099,0.9494098720427623,1.0,0.9494098720427623,0.9494098720427623,0.18988197440855248,0.15,False,,1.0,85,0,0.954468884838486
distributed_allocation_v1,coordination,tight_uniform,3,0.2,0.0,0.7176692437641177,0.8470865547051472,0.2,0.8470865547051472,0.8470865547051472,0.16941731094102944,0.8,True,0.6,6.0,30,2,0.7823778992346324
distributed_allocation_v1,coordination,moderate_uniform,3,0.2,0.0,0.7978773451187287,0.9348466813984108,0.25,0.9348466813984108,0.9348466813984108,0.18696933627968215,0.5,True,0.4,4.0,50,1,0.8663620132585698
distributed_allocation_v1,coordination,light_uniform,3,0.2,0.0,0.9788738489528108,0.9735923111910136,1.0,0.9735923111910136,0.9735923111910136,0.19471846223820274,0.15,False,,1.0,85,0,0.9762330800719122
distributed_allocation_v1,coordination,tight_uniform,4,0.2,0.0,0.6591143751593128,0.773892968949141,0.2,0.773892968949141,0.773892968949141,0.1547785937898282,0.8,True,0.6,6.0,30,2,0.7165036720542268
distributed_allocation_v1,coordination,moderate_uniform,4,0.2,0.0,0.7290162613890536,0.8487703267363169,0.25,0.8487703267363169,0.8487703267363169,0.1697540653472634,0.5,True,0.4,4.0,50,1,0.7888932940626853
distributed_allocation_v1,coordination,light_uniform,4,0.2,0.0,0.9785238514095744,0.973154814261968,1.0,0.973154814261968,0.973154814261968,0.19463096285239362,0.15,False,,1.0,85,0,0.9758393328357712
distributed_allocation_v1,coordination,tight_uniform,5,0.2,0.0,0.7020742770688898,0.8275928463361122,0.2,0.8275928463361122,0.8275928463361122,0.16551856926722244,0.8,True,0.6,6.0,30,2,0.7648335617025009
distributed_allocation_v1,coordination,moderate_uniform,5,0.2,0.0,0.7354203607781431,0.8567754509726788,0.25,0.8567754509726788,0.8567754509726788,0.17135509019453576,0.5,True,0.4,4.0,50,1,0.796097905875411
distributed_allocation_v1,coordination,light_uniform,5,0.2,0.0,0.9861273547044014,0.9826591933805018,1.0,0.9826591933805018,0.9826591933805018,0.19653183867610036,0.15,False,,1.0,85,0,0.9843932740424516
distributed_allocation_v1,coordination,tight_uniform,6,0.2,0.0,0.699000098976265,0.8237501237203312,0.2,0.8237501237203312,0.8237501237203312,0.16475002474406625,0.8,True,0.6,6.0,30,2,0.761375111348298
distributed_allocation_v1,coordination,moderate_uniform,6,0.2,0.0,0.7293394563776674,0.8491743204720842,0.25,0.8491743204720842,0.8491743204720842,0.16983486409441684,0.5,True,0.4,4.0,50,1,0.7892568884248757
distributed_allocation_v1,coordination,light_uniform,6,0.2,0.0,0.9551510741542308,0.9439388426927887,1.0,0.9439388426927887,0.9439388426927887,0.18878776853855775,0.15,False,,1.0,85,0,0.9495449584235097
distributed_allocation_v1,coordination,tight_uniform,7,0.2,0.0,0.714126465319447,0.8426580816493087,0.2,0.8426580816493087,0.8426580816493087,0.16853161632986174,0.8,True,0.6,6.0,30,2,0.7783922734843778
distributed_allocation_v1,coordination,moderate_uniform,7,0.2,0.0,0.7549971044530521,0.8812463805663151,0.25,0.8812463805663151,0.8812463805663151,0.17624927611326302,0.5,True,0.4,4.0,50,1,0.8181217425096836
distributed_allocation_v1,coordination,light_uniform,7,0.2,0.0,0.969625231188475,0.9620315389855938,1.0,0.9620315389855938,0.9620315389855938,0.19240630779711876,0.15,False,,1.0,85,0,0.9658283850870344
distributed_allocation_v1,coordination,tight_uniform,8,0.2,0.0,0.7171531899119108,0.8464414873898886,0.2,0.8464414873898886,0.8464414873898886,0.16928829747797772,0.8,True,0.6,6.0,30,2,0.7817973386508996
distributed_allocation_v1,coordination,moderate_uniform,8,0.2,0.0,0.720002639470505,0.8375032993381312,0.25,0.8375032993381312,0.8375032993381312,0.16750065986762624,0.5,True,0.4,4.0,50,1,0.778752969404318
distributed_allocation_v1,coordination,light_uniform,8,0.2,0.0,0.980275272295623,0.9753440903695287,1.0,0.9753440903695287,0.9753440903695287,0.19506881807390575,0.15,False,,1.0,85,0,0.9778096813325758
distributed_allocation_v1,coordination,tight_uniform,9,0.2,0.0,0.7017565030460775,0.8271956288075969,0.2,0.8271956288075969,0.8271956288075969,0.1654391257615194,0.8,True,0.6,6.0,30,2,0.7644760659268371
distributed_allocation_v1,coordination,moderate_uniform,9,0.2,0.0,0.7450247009548332,0.8687808761935414,0.25,0.8687808761935414,0.8687808761935414,0.1737561752387083,0.5,True,0.4,4.0,50,1,0.8069027885741872
distributed_allocation_v1,coordination,light_uniform,9,0.2,0.0,0.9627946964540925,0.9534933705676157,1.0,0.9534933705676157,0.9534933705676157,0.19069867411352315,0.15,False,,1.0,85,0,0.9581440335108541
distributed_allocation_v1,coordination,tight_uniform,10,0.2,0.0,0.7410238543247356,0.8762798179059195,0.2,0.8762798179059195,0.8762798179059195,0.1752559635811839,0.8,True,0.6,6.0,30,2,0.8086518361153275
distributed_allocation_v1,coordination,moderate_uniform,10,0.2,0.0,0.7174632022576524,0.8343290028220653,0.25,0.8343290028220653,0.8343290028220653,0.16686580056441308,0.5,True,0.4,4.0,50,1,0.7758961025398589
distributed_allocation_v1,coordination,light_uniform,10,0.2,0.0,0.9620136539368953,0.9525170674211192,1.0,0.9525170674211192,0.9525170674211192,0.19050341348422384,0.15,False,,1.0,85,0,0.9572653606790072
distributed_allocation_v1,coordination,tight_uniform,11,0.2,0.0,0.7153640087570221,0.8442050109462775,0.2,0.8442050109462775,0.8442050109462775,0.16884100218925552,0.8,True,0.6,6.0,30,2,0.7797845098516498
distributed_allocation_v1,coordination,moderate_uniform,11,0.2,0.0,0.7082498568384381,0.8228123210480476,0.25,0.8228123210480476,0.8228123210480476,0.16456246420960952,0.5,True,0.4,4.0,50,1,0.7655310889432428
distributed_allocation_v1,coordination,light_uniform,11,0.2,0.0,0.9722022202062353,0.9652527752577942,1.0,0.9652527752577942,0.9652527752577942,0.19305055505155885,0.15,False,,1.0,85,0,0.9687274977320147
distributed_allocation_v1,coordination,tight_uniform,12,0.2,0.0,0.6752517238813924,0.7940646548517405,0.2,0.7940646548517405,0.7940646548517405,0.1588129309703481,0.8,True,0.6,6.0,30,2,0.7346581893665665
distributed_allocation_v1,coordination,moderate_uniform,12,0.2,0.0,0.7285194449482675,0.8481493061853344,0.25,0.8481493061853344,0.8481493061853344,0.1696298612370669,0.5,True,0.4,4.0,50,1,0.788334375566801
distributed_allocation_v1,coordination,light_uniform,12,0.2,0.0,0.9844206654914329,0.9805258318642913,1.0,0.9805258318642913,0.9805258318642913,0.19610516637285827,0.15,False,,1.0,85,0,0.9824732486778621
distributed_allocation_v1,coordination,tight_uniform,13,0.2,0.0,0.646632103540443,0.7582901294255536,0.2,0.7582901294255536,0.7582901294255536,0.15165802588511074,0.8,True,0.6,6.0,30,2,0.7024611164829982
distributed_allocation_v1,coordination,moderate_uniform,13,0.2,0.0,0.7531699847632757,0.8789624809540946,0.25,0.8789624809540946,0.8789624809540946,0.17579249619081894,0.5,True,0.4,4.0,50,1,0.8160662328586851
distributed_allocation_v1,coordination,light_uniform,13,0.2,0.0,0.9519115655675172,0.9398894569593965,1.0,0.9398894569593965,0.9398894569593965,0.18797789139187931,0.15,False,,1.0,85,0,0.9459005112634568
distributed_allocation_v1,coordination,tight_uniform,14,0.2,0.0,0.6538407008263848,0.7673008760329809,0.2,0.7673008760329809,0.7673008760329809,0.1534601752065962,0.8,True,0.6,6.0,30,2,0.7105707884296828
distributed_allocation_v1,coordination,moderate_uniform,14,0.2,0.0,0.7796902654933132,0.9121128318666415,0.25,0.9121128318666415,0.9121128318666415,0.18242256637332832,0.5,True,0.4,4.0,50,1,0.8459015486799774
distributed_allocation_v1,coordination,light_uniform,14,0.2,0.0,0.9808301288677903,0.976037661084738,1.0,0.976037661084738,0.976037661084738,0.19520753221694762,0.15,False,,1.0,85,0,0.9784338949762642
distributed_allocation_v1,coordination,tight_uniform,15,0.2,0.0,0.709484394339547,0.8368554929244338,0.2,0.8368554929244338,0.8368554929244338,0.16737109858488677,0.8,True,0.6,6.0,30,2,0.7731699436319903
distributed_allocation_v1,coordination,moderate_uniform,15,0.2,0.0,0.6925523948112597,0.8031904935140746,0.25,0.8031904935140746,0.8031904935140746,0.16063809870281492,0.5,True,0.4,4.0,50,1,0.7478714441626672
distributed_allocation_v1,coordination,light_uniform,15,0.2,0.0,0.9696937082839867,0.9621171353549833,1.0,0.9621171353549833,0.9621171353549833,0.1924234270709967,0.15,False,,1.0,85,0,0.9659054218194849
distributed_allocation_v1,coordination,tight_uniform,16,0.2,0.0,0.6965365382761531,0.8206706728451914,0.2,0.8206706728451914,0.8206706728451914,0.16413413456903828,0.8,True,0.6,6.0,30,2,0.7586036055606722
distributed_allocation_v1,coordination,moderate_uniform,16,0.2,0.0,0.6920100044888908,0.8025125056111135,0.25,0.8025125056111135,0.8025125056111135,0.16050250112222272,0.5,True,0.4,4.0,50,1,0.7472612550500022
distributed_allocation_v1,coordination,light_uniform,16,0.2,0.0,0.96361438450092,0.9545179806261501,1.0,0.9545179806261501,0.9545179806261501,0.19090359612523003,0.15,False,,1.0,85,0,0.959066182563535
distributed_allocation_v1,coordination,tight_uniform,17,0.2,0.0,0.6677707055295238,0.7847133819119047,0.2,0.7847133819119047,0.7847133819119047,0.15694267638238094,0.8,True,0.6,6.0,30,2,0.7262420437207142
distributed_allocation_v1,coordination,moderate_uniform,17,0.2,0.0,0.7323027515048877,0.8528784393811095,0.25,0.8528784393811095,0.8528784393811095,0.1705756878762219,0.5,True,0.4,4.0,50,1,0.7925905954429986
distributed_allocation_v1,coordination,light_uniform,17,0.2,0.0,0.987794582219879,0.9847432277748488,1.0,0.9847432277748488,0.9847432277748488,0.19694864555496977,0.15,False,,1.0,85,0,0.9862689049973639
distributed_allocation_v1,coordination,tight_uniform,18,0.2,0.0,0.6903499490270948,0.8129374362838685,0.2,0.8129374362838685,0.8129374362838685,0.16258748725677372,0.8,True,0.6,6.0,30,2,0.7516436926554816
distributed_allocation_v1,coordination,moderate_uniform,18,0.2,0.0,0.7623094651264992,0.890386831408124,0.25,0.890386831408124,0.890386831408124,0.17807736628162482,0.5,True,0.4,4.0,50,1,0.8263481482673117
distributed_allocation_v1,coordination,light_uniform,18,0.2,0.0,0.9671861027720403,0.9589826284650504,1.0,0.9589826284650504,0.9589826284650504,0.1917965256930101,0.15,False,,1.0,85,0,0.9630843656185454
distributed_allocation_v1,coordination,tight_uniform,19,0.2,0.0,0.6562433703542357,0.7703042129427946,0.2,0.7703042129427946,0.7703042129427946,0.15406084258855893,0.8,True,0.6,6.0,30,2,0.7132737916485151
distributed_allocation_v1,coordination,moderate_uniform,19,0.2,0.0,0.7664855536089826,0.8956069420112283,0.25,0.8956069420112283,0.8956069420112283,0.17912138840224567,0.5,True,0.4,4.0,50,1,0.8310462478101054
distributed_allocation_v1,coordination,light_uniform,19,0.2,0.0,0.9538735411997654,0.9423419264997068,1.0,0.9423419264997068,0.9423419264997068,0.18846838529994137,0.15,False,,1.0,85,0,0.9481077338497361
distributed_allocation_v1,coordination,tight_uniform,20,0.2,0.0,0.5603216018878607,0.6504020023598258,0.2,0.6504020023598258,0.6504020023598258,0.13008040047196517,0.8,True,0.6,6.0,30,2,0.6053618021238432
distributed_allocation_v1,coordination,moderate_uniform,20,0.2,0.0,0.7739806085086913,0.9049757606358642,0.25,0.9049757606358642,0.9049757606358642,0.18099515212717285,0.5,True,0.4,4.0,50,1,0.8394781845722777
distributed_allocation_v1,coordination,light_uniform,20,0.2,0.0,0.9672463688587314,0.9590579610734143,1.0,0.9590579610734143,0.9590579610734143,0.19181159221468289,0.15,False,,1.0,85,0,0.9631521649660729
distributed_allocation_v1,coordination,tight_uniform,21,0.2,0.0,0.6070666980867122,0.7088333726083902,0.2,0.7088333726083902,0.7088333726083902,0.14176667452167804,0.8,True,0.6,6.0,30,2,0.6579500353475511
distributed_allocation_v1,coordination,moderate_uniform,21,0.2,0.0,0.6853381540780943,0.7941726925976178,0.25,0.7941726925976178,0.7941726925976178,0.15883453851952356,0.5,True,0.4,4.0,50,1,0.739755423337856
distributed_allocation_v1,coordination,light_uniform,21,0.2,0.0,0.9833790788798698,0.9792238485998372,1.0,0.9792238485998372,0.9792238485998372,0.19584476971996745,0.15,False,,1.0,85,0,0.9813014637398535
distributed_allocation_v1,coordination,tight_uniform,22,0.2,0.0,0.6409209747507416,0.751151218438427,0.2,0.751151218438427,0.751151218438427,0.15023024368768542,0.8,True,0.6,6.0,30,2,0.6960360965945843
distributed_allocation_v1,coordination,moderate_uniform,22,0.2,0.0,0.7491990780826623,0.8739988476033279,0.25,0.8739988476033279,0.8739988476033279,0.1747997695206656,0.5,True,0.4,4.0,50,1,0.811598962842995
distributed_allocation_v1,coordination,light_uniform,22,0.2,0.0,0.9620218522363309,0.9525273152954137,1.0,0.9525273152954137,0.9525273152954137,0.19050546305908275,0.15,False,,1.0,85,0,0.9572745837658724
distributed_allocation_v1,coordination,tight_uniform,23,0.2,0.0,0.7310358398918354,0.8637947998647942,0.2,0.8637947998647942,0.8637947998647942,0.17275895997295887,0.8,True,0.6,6.0,30,2,0.7974153198783147
distributed_allocation_v1,coordination,moderate_uniform,23,0.2,0.0,0.7847101171586972,0.9183876464483715,0.25,0.9183876464483715,0.9183876464483715,0.1836775292896743,0.5,True,0.4,4.0,50,1,0.8515488818035343
distributed_allocation_v1,coordination,light_uniform,23,0.2,0.0,0.9769194358034856,0.971149294754357,1.0,0.971149294754357,0.971149294754357,0.19422985895087141,0.15,False,,1.0,85,0,0.9740343652789212
distributed_allocation_v1,coordination,tight_uniform,24,0.2,0.0,0.628958639140291,0.7361982989253638,0.2,0.7361982989253638,0.7361982989253638,0.14723965978507278,0.8,True,0.6,6.0,30,2,0.6825784690328274
distributed_allocation_v1,coordination,moderate_uniform,24,0.2,0.0,0.745536219155527,0.8694202739444087,0.25,0.8694202739444087,0.8694202739444087,0.17388405478888175,0.5,True,0.4,4.0,50,1,0.8074782465499678
distributed_allocation_v1,coordination,light_uniform,24,0.2,0.0,0.963969618213657,0.9549620227670712,1.0,0.9549620227670712,0.9549620227670712,0.19099240455341426,0.15,False,,1.0,85,0,0.959465820490364
distributed_allocation_v1,coordination,tight_uniform,25,0.2,0.0,0.5725872967893736,0.6657341209867169,0.2,0.6657341209867169,0.6657341209867169,0.1331468241973434,0.8,True,0.6,6.0,30,2,0.6191607088880452
distributed_allocation_v1,coordination,moderate_uniform,25,0.2,0.0,0.7152121261121844,0.8315151576402304,0.25,0.8315151576402304,0.8315151576402304,0.1663030315280461,0.5,True,0.4,4.0,50,1,0.7733636418762074
distributed_allocation_v1,coordination,light_uniform,25,0.2,0.0,0.9765166419121527,0.9706458023901908,1.0,0.9706458023901908,0.9706458023901908,0.1941291604780382,0.15,False,,1.0,85,0,0.9735812221511716
distributed_allocation_v1,coordination,tight_uniform,26,0.2,0.0,0.7754292476067407,0.9192865595084259,0.2,0.9192865595084259,0.9192865595084259,0.1838573119016852,0.8,True,0.6,6.0,30,2,0.8473579035575832
distributed_allocation_v1,coordination,moderate_uniform,26,0.2,0.0,0.6832688496912513,0.7915860621140641,0.25,0.7915860621140641,0.7915860621140641,0.15831721242281283,0.5,True,0.4,4.0,50,1,0.7374274559026578
distributed_allocation_v1,coordination,light_uniform,26,0.2,0.0,0.9671874678927379,0.9589843348659224,1.0,0.9589843348659224,0.9589843348659224,0.1917968669731845,0.15,False,,1.0,85,0,0.9630859013793301
distributed_allocation_v1,coordination,tight_uniform,27,0.2,0.0,0.6592435181366676,0.7740543976708345,0.2,0.7740543976708345,0.7740543976708345,0.15481087953416692,0.8,True,0.6,6.0,30,2,0.716648957903751
distributed_allocation_v1,coordination,moderate_uniform,27,0.2,0.0,0.6653393817926084,0.7691742272407605,0.25,0.7691742272407605,0.7691742272407605,0.1538348454481521,0.5,True,0.4,4.0,50,1,0.7172568045166844
distributed_allocation_v1,coordination,light_uniform,27,0.2,0.0,0.9744049498968146,0.9680061873710184,1.0,0.9680061873710184,0.9680061873710184,0.19360123747420369,0.15,False,,1.0,85,0,0.9712055686339164
distributed_allocation_v1,coordination,tight_uniform,28,0.2,0.0,0.6729793522888127,0.7912241903610158,0.2,0.7912241903610158,0.7912241903610158,0.15824483807220316,0.8,True,0.6,6.0,30,2,0.7321017713249142
distributed_allocation_v1,coordination,moderate_uniform,28,0.2,0.0,0.7265874454884103,0.8457343068605128,0.25,0.8457343068605128,0.8457343068605128,0.16914686137210255,0.5,True,0.4,4.0,50,1,0.7861608761744615
distributed_allocation_v1,coordination,light_uniform,28,0.2,0.0,0.9568141041756044,0.9460176302195056,1.0,0.9460176302195056,0.9460176302195056,0.18920352604390112,0.15,False,,1.0,85,0,0.951415867197555
distributed_allocation_v1,coordination,tight_uniform,29,0.2,0.0,0.7049759817602128,0.831219977200266,0.2,0.831219977200266,0.831219977200266,0.1662439954400532,0.8,True,0.6,6.0,30,2,0.7680979794802394
distributed_allocation_v1,coordination,moderate_uniform,29,0.2,0.0,0.7686502204572779,0.8983127755715974,0.25,0.8983127755715974,0.8983127755715974,0.1796625551143195,0.5,True,0.4,4.0,50,1,0.8334814980144376
distributed_allocation_v1,coordination,light_uniform,29,0.2,0.0,0.9768980184144118,0.9711225230180147,1.0,0.9711225230180147,0.9711225230180147,0.19422450460360297,0.15,False,,1.0,85,0,0.9740102707162132
distributed_allocation_v1,coordination,tight_screen_0.1,0,0.2,0.1,0.7090085558546789,0.8362606948183486,0.2,0.8362606948183486,0.8362606948183486,0.16725213896366975,0.8,True,0.6,6.0,30,2,0.7726346253365137
distributed_allocation_v1,coordination,moderate_screen_0.1,0,0.2,0.1,0.7382405872617955,0.8603007340772444,0.25,0.8603007340772444,0.8603007340772444,0.1720601468154489,0.5,True,0.4,4.0,50,1,0.7992706606695199
distributed_allocation_v1,coordination,light_screen_0.1,0,0.2,0.1,0.9725638459962445,0.9657048074953056,1.0,0.9657048074953056,0.9657048074953056,0.19314096149906113,0.15,False,,1.0,85,0,0.969134326745775
distributed_allocation_v1,coordination,tight_screen_0.1,1,0.2,0.1,0.6474836753276587,0.7593545941595734,0.2,0.7593545941595734,0.7593545941595734,0.1518709188319147,0.8,True,0.6,6.0,30,2,0.7034191347436161
distributed_allocation_v1,coordination,moderate_screen_0.1,1,0.2,0.1,0.7717942861590738,0.9022428576988422,0.25,0.9022428576988422,0.9022428576988422,0.18044857153976845,0.5,True,0.4,4.0,50,1,0.8370185719289579
distributed_allocation_v1,coordination,light_screen_0.1,1,0.2,0.1,0.9843679048765537,0.9804598810956923,1.0,0.9804598810956923,0.9804598810956923,0.19609197621913846,0.15,False,,1.0,85,0,0.9824138929861229
distributed_allocation_v1,coordination,tight_screen_0.1,2,0.2,0.1,0.699480814572373,0.8243510182154662,0.2,0.8243510182154662,0.8243510182154662,0.16487020364309324,0.8,True,0.6,6.0,30,2,0.7619159163939195
distributed_allocation_v1,coordination,moderate_screen_0.1,2,0.2,0.1,0.6728037533953378,0.7785046917441723,0.25,0.7785046917441723,0.7785046917441723,0.15570093834883447,0.5,True,0.4,4.0,50,1,0.725654222569755
distributed_allocation_v1,coordination,light_screen_0.1,2,0.2,0.1,0.9731673560531888,0.966459195066486,1.0,0.966459195066486,0.966459195066486,0.19329183901329722,0.15,False,,1.0,85,0,0.9698132755598373
distributed_allocation_v1,coordination,tight_screen_0.1,3,0.2,0.1,0.735490384416422,0.8693629805205274,0.2,0.8693629805205274,0.8693629805205274,0.1738725961041055,0.8,True,0.6,6.0,30,2,0.8024266824684747
distributed_allocation_v1,coordination,moderate_screen_0.1,3,0.2,0.1,0.7731760551865006,0.9039700689831256,0.25,0.9039700689831256,0.9039700689831256,0.18079401379662513,0.5,True,0.4,4.0,50,1,0.838573062084813
distributed_allocation_v1,coordination,light_screen_0.1,3,0.2,0.1,0.963202044163892,0.954002555204865,1.0,0.954002555204865,0.954002555204865,0.190800511040973,0.15,False,,1.0,85,0,0.9586022996843785
distributed_allocation_v1,coordination,tight_screen_0.1,4,0.2,0.1,0.665150587522135,0.7814382344026687,0.2,0.7814382344026687,0.7814382344026687,0.15628764688053376,0.8,True,0.6,6.0,30,2,0.7232944109624018
distributed_allocation_v1,coordination,moderate_screen_0.1,4,0.2,0.1,0.7459778681909387,0.8699723352386733,0.25,0.8699723352386733,0.8699723352386733,0.1739944670477347,0.5,True,0.4,4.0,50,1,0.8079751017148059
distributed_allocation_v1,coordination,light_screen_0.1,4,0.2,0.1,0.9695160998665813,0.9618951248332266,1.0,0.9618951248332266,0.9618951248332266,0.19237902496664533,0.15,False,,1.0,85,0,0.9657056123499038
distributed_allocation_v1,coordination,tight_screen_0.1,5,0.2,0.1,0.7358427181199827,0.8698033976499784,0.2,0.8698033976499784,0.8698033976499784,0.1739606795299957,0.8,True,0.6,6.0,30,2,0.8028230578849807
distributed_allocation_v1,coordination,moderate_screen_0.1,5,0.2,0.1,0.7863894061181829,0.9204867576477285,0.25,0.9204867576477285,0.9204867576477285,0.1840973515295457,0.5,True,0.4,4.0,50,1,0.8534380818829556
distributed_allocation_v1,coordination,light_screen_0.1,5,0.2,0.1,0.9727439377145874,0.9659299221432343,1.0,0.9659299221432343,0.9659299221432343,0.19318598442864687,0.15,False,,1.0,85,0,0.9693369299289107
distributed_allocation_v1,coordination,tight_screen_0.1,6,0.2,0.1,0.5894287879772296,0.686785984971537,0.2,0.686785984971537,0.686785984971537,0.1373571969943074,0.8,True,0.6,6.0,30,2,0.6381073864743833
distributed_allocation_v1,coordination,moderate_screen_0.1,6,0.2,0.1,0.7684278127129684,0.8980347658912106,0.25,0.8980347658912106,0.8980347658912106,0.17960695317824213,0.5,True,0.4,4.0,50,1,0.8332312893020896
distributed_allocation_v1,coordination,light_screen_0.1,6,0.2,0.1,0.9732001185095955,0.9665001481369944,1.0,0.9665001481369944,0.9665001481369944,0.1933000296273989,0.15,False,,1.0,85,0,0.9698501333232948
distributed_allocation_v1,coordination,tight_screen_0.1,7,0.2,0.1,0.7518091554463536,0.889761444307942,0.2,0.889761444307942,0.889761444307942,0.17795228886158843,0.8,True,0.6,6.0,30,2,0.8207852998771478
distributed_allocation_v1,coordination,moderate_screen_0.1,7,0.2,0.1,0.6567281849238162,0.7584102311547702,0.25,0.7584102311547702,0.7584102311547702,0.15168204623095405,0.5,True,0.4,4.0,50,1,0.7075692080392932
distributed_allocation_v1,coordination,light_screen_0.1,7,0.2,0.1,0.9735663268681234,0.9669579085851543,1.0,0.9669579085851543,0.9669579085851543,0.19339158171703086,0.15,False,,1.0,85,0,0.9702621177266388
distributed_allocation_v1,coordination,tight_screen_0.1,8,0.2,0.1,0.6207860464028576,0.7259825580035719,0.2,0.7259825580035719,0.7259825580035719,0.1451965116007144,0.8,True,0.6,6.0,30,2,0.6733843022032147
distributed_allocation_v1,coordination,moderate_screen_0.1,8,0.2,0.1,0.7504219417464548,0.8755274271830685,0.25,0.8755274271830685,0.8755274271830685,0.17510548543661372,0.5,True,0.4,4.0,50,1,0.8129746844647617
distributed_allocation_v1,coordination,light_screen_0.1,8,0.2,0.1,0.9637145659523416,0.9546432074404272,1.0,0.9546432074404272,0.9546432074404272,0.19092864148808544,0.15,False,,1.0,85,0,0.9591788866963843
distributed_allocation_v1,coordination,tight_screen_0.1,9,0.2,0.1,0.7261543973909739,0.8576929967387172,0.2,0.8576929967387172,0.8576929967387172,0.17153859934774346,0.8,True,0.6,6.0,30,2,0.7919236970648456
distributed_allocation_v1,coordination,moderate_screen_0.1,9,0.2,0.1,0.6866551898490246,0.7958189873112808,0.25,0.7958189873112808,0.7958189873112808,0.15916379746225617,0.5,True,0.4,4.0,50,1,0.7412370885801526
distributed_allocation_v1,coordination,light_screen_0.1,9,0.2,0.1,0.9722399241593116,0.9652999051991396,1.0,0.9652999051991396,0.9652999051991396,0.1930599810398279,0.15,False,,1.0,85,0,0.9687699146792256
distributed_allocation_v1,coordination,tight_screen_0.1,10,0.2,0.1,0.6426787635814944,0.753348454476868,0.2,0.753348454476868,0.753348454476868,0.15066969089537363,0.8,True,0.6,6.0,30,2,0.6980136090291812
distributed_allocation_v1,coordination,moderate_screen_0.1,10,0.2,0.1,0.7173785916718529,0.8342232395898161,0.25,0.8342232395898161,0.8342232395898161,0.16684464791796325,0.5,True,0.4,4.0,50,1,0.7758009156308346
distributed_allocation_v1,coordination,light_screen_0.1,10,0.2,0.1,0.9846007284788487,0.9807509105985609,1.0,0.9807509105985609,0.9807509105985609,0.1961501821197122,0.15,False,,1.0,85,0,0.9826758195387048
distributed_allocation_v1,coordination,tight_screen_0.1,11,0.2,0.1,0.6004058473463212,0.7005073091829015,0.2,0.7005073091829015,0.7005073091829015,0.14010146183658032,0.8,True,0.6,6.0,30,2,0.6504565782646113
distributed_allocation_v1,coordination,moderate_screen_0.1,11,0.2,0.1,0.6763719953368715,0.7829649941710893,0.25,0.7829649941710893,0.7829649941710893,0.15659299883421787,0.5,True,0.4,4.0,50,1,0.7296684947539804
distributed_allocation_v1,coordination,light_screen_0.1,11,0.2,0.1,0.9817212489997433,0.9771515612496792,1.0,0.9771515612496792,0.9771515612496792,0.19543031224993584,0.15,False,,1.0,85,0,0.9794364051247112
distributed_allocation_v1,coordination,tight_screen_0.1,12,0.2,0.1,0.7429530086072094,0.8786912607590116,0.2,0.8786912607590116,0.8786912607590116,0.17573825215180233,0.8,True,0.6,6.0,30,2,0.8108221346831104
distributed_allocation_v1,coordination,moderate_screen_0.1,12,0.2,0.1,0.7229192930142623,0.8411491162678277,0.25,0.8411491162678277,0.8411491162678277,0.16822982325356556,0.5,True,0.4,4.0,50,1,0.782034204641045
distributed_allocation_v1,coordination,light_screen_0.1,12,0.2,0.1,0.9828977727033941,0.9786222158792427,1.0,0.9786222158792427,0.9786222158792427,0.19572444317584856,0.15,False,,1.0,85,0,0.9807599942913184
distributed_allocation_v1,coordination,tight_screen_0.1,13,0.2,0.1,0.6789715629866044,0.7987144537332556,0.2,0.7987144537332556,0.7987144537332556,0.15974289074665113,0.8,True,0.6,6.0,30,2,0.73884300835993
distributed_allocation_v1,coordination,moderate_screen_0.1,13,0.2,0.1,0.744002524835673,0.8675031560445912,0.25,0.8675031560445912,0.8675031560445912,0.17350063120891823,0.5,True,0.4,4.0,50,1,0.8057528404401321
distributed_allocation_v1,coordination,light_screen_0.1,13,0.2,0.1,0.9519090474764045,0.9398863093455058,1.0,0.9398863093455058,0.9398863093455058,0.18797726186910116,0.15,False,,1.0,85,0,0.9458976784109551
distributed_allocation_v1,coordination,tight_screen_0.1,14,0.2,0.1,0.7413295667986985,0.8766619584983733,0.2,0.8766619584983733,0.8766619584983733,0.17533239169967466,0.8,True,0.6,6.0,30,2,0.8089957626485358
distributed_allocation_v1,coordination,moderate_screen_0.1,14,0.2,0.1,0.8022468295369678,0.9403085369212096,0.25,0.9403085369212096,0.9403085369212096,0.18806170738424194,0.5,True,0.4,4.0,50,1,0.8712776832290886
distributed_allocation_v1,coordination,light_screen_0.1,14,0.2,0.1,0.9849517862828461,0.9811897328535577,1.0,0.9811897328535577,0.9811897328535577,0.19623794657071156,0.15,False,,1.0,85,0,0.9830707595682019
distributed_allocation_v1,coordination,tight_screen_0.1,15,0.2,0.1,0.6628547437169948,0.7785684296462435,0.2,0.7785684296462435,0.7785684296462435,0.15571368592924872,0.8,True,0.6,6.0,30,2,0.7207115866816192
distributed_allocation_v1,coordination,moderate_screen_0.1,15,0.2,0.1,0.7372438789763877,0.8590548487204845,0.25,0.8590548487204845,0.8590548487204845,0.17181096974409693,0.5,True,0.4,4.0,50,1,0.798149363848436
distributed_allocation_v1,coordination,light_screen_0.1,15,0.2,0.1,0.9661106307499929,0.9576382884374911,1.0,0.9576382884374911,0.9576382884374911,0.19152765768749824,0.15,False,,1.0,85,0,0.961874459593742
distributed_allocation_v1,coordination,tight_screen_0.1,16,0.2,0.1,0.6264839001328717,0.7331048751660896,0.2,0.7331048751660896,0.7331048751660896,0.14662097503321792,0.8,True,0.6,6.0,30,2,0.6797943876494806
distributed_allocation_v1,coordination,moderate_screen_0.1,16,0.2,0.1,0.7534758219105205,0.8793447773881506,0.25,0.8793447773881506,0.8793447773881506,0.17586895547763015,0.5,True,0.4,4.0,50,1,0.8164102996493355
distributed_allocation_v1,coordination,light_screen_0.1,16,0.2,0.1,0.9696340263530088,0.962042532941261,1.0,0.962042532941261,0.962042532941261,0.1924085065882522,0.15,False,,1.0,85,0,0.9658382796471349
distributed_allocation_v1,coordination,tight_screen_0.1,17,0.2,0.1,0.6116522424654203,0.7145653030817752,0.2,0.7145653030817752,0.7145653030817752,0.14291306061635506,0.8,True,0.6,6.0,30,2,0.6631087727735977
distributed_allocation_v1,coordination,moderate_screen_0.1,17,0.2,0.1,0.7411066937294319,0.8638833671617898,0.25,0.8638833671617898,0.8638833671617898,0.17277667343235797,0.5,True,0.4,4.0,50,1,0.8024950304456108
distributed_allocation_v1,coordination,light_screen_0.1,17,0.2,0.1,0.9495548294543115,0.9369435368178893,1.0,0.9369435368178893,0.9369435368178893,0.18738870736357788,0.15,False,,1.0,85,0,0.9432491831361004
distributed_allocation_v1,coordination,tight_screen_0.1,18,0.2,0.1,0.7211762747760546,0.8514703434700682,0.2,0.8514703434700682,0.8514703434700682,0.17029406869401364,0.8,True,0.6,6.0,30,2,0.7863233091230615
distributed_allocation_v1,coordination,moderate_screen_0.1,18,0.2,0.1,0.6921560532891562,0.8026950666114452,0.25,0.8026950666114452,0.8026950666114452,0.16053901332228904,0.5,True,0.4,4.0,50,1,0.7474255599503007
distributed_allocation_v1,coordination,light_screen_0.1,18,0.2,0.1,0.9752398017593515,0.9690497521991894,1.0,0.9690497521991894,0.9690497521991894,0.1938099504398379,0.15,False,,1.0,85,0,0.9721447769792705
distributed_allocation_v1,coordination,tight_screen_0.1,19,0.2,0.1,0.7527639943635316,0.8909549929544145,0.2,0.8909549929544145,0.8909549929544145,0.17819099859088292,0.8,True,0.6,6.0,30,2,0.8218594936589732
distributed_allocation_v1,coordination,moderate_screen_0.1,19,0.2,0.1,0.7197234142982503,0.8371542678728129,0.25,0.8371542678728129,0.8371542678728129,0.16743085357456258,0.5,True,0.4,4.0,50,1,0.7784388410855315
distributed_allocation_v1,coordination,light_screen_0.1,19,0.2,0.1,0.9659100143511476,0.9573875179389345,1.0,0.9573875179389345,0.9573875179389345,0.19147750358778692,0.15,False,,1.0,85,0,0.9616487661450409
distributed_allocation_v1,coordination,tight_screen_0.1,20,0.2,0.1,0.661320212807247,0.7766502660090586,0.2,0.7766502660090586,0.7766502660090586,0.15533005320181173,0.8,True,0.6,6.0,30,2,0.7189852394081527
distributed_allocation_v1,coordination,moderate_screen_0.1,20,0.2,0.1,0.7373370472966763,0.8591713091208453,0.25,0.8591713091208453,0.8591713091208453,0.17183426182416905,0.5,True,0.4,4.0,50,1,0.7982541782087608
distributed_allocation_v1,coordination,light_screen_0.1,20,0.2,0.1,0.9721682733061208,0.9652103416326511,1.0,0.9652103416326511,0.9652103416326511,0.19304206832653023,0.15,False,,1.0,85,0,0.968689307469386
distributed_allocation_v1,coordination,tight_screen_0.1,21,0.2,0.1,0.6182266354283289,0.7227832942854111,0.2,0.7227832942854111,0.7227832942854111,0.14455665885708222,0.8,True,0.6,6.0,30,2,0.6705049648568701
distributed_allocation_v1,coordination,moderate_screen_0.1,21,0.2,0.1,0.7038949454827087,0.8173686818533858,0.25,0.8173686818533858,0.8173686818533858,0.1634737363706772,0.5,True,0.4,4.0,50,1,0.7606318136680472
distributed_allocation_v1,coordination,light_screen_0.1,21,0.2,0.1,0.9701787745443486,0.962723468180436,1.0,0.962723468180436,0.962723468180436,0.1925446936360872,0.15,False,,1.0,85,0,0.9664511213623922
distributed_allocation_v1,coordination,tight_screen_0.1,22,0.2,0.1,0.7015995526590895,0.8269994408238618,0.2,0.8269994408238618,0.8269994408238618,0.16539988816477236,0.8,True,0.6,6.0,30,2,0.7642994967414756
distributed_allocation_v1,coordination,moderate_screen_0.1,22,0.2,0.1,0.7201701904282265,0.8377127380352831,0.25,0.8377127380352831,0.8377127380352831,0.16754254760705664,0.5,True,0.4,4.0,50,1,0.7789414642317548
distributed_allocation_v1,coordination,light_screen_0.1,22,0.2,0.1,0.9654558362833596,0.9568197953541995,1.0,0.9568197953541995,0.9568197953541995,0.19136395907083992,0.15,False,,1.0,85,0,0.9611378158187794
distributed_allocation_v1,coordination,tight_screen_0.1,23,0.2,0.1,0.5889230935869991,0.6861538669837488,0.2,0.6861538669837488,0.6861538669837488,0.13723077339674977,0.8,True,0.6,6.0,30,2,0.6375384802853739
distributed_allocation_v1,coordination,moderate_screen_0.1,23,0.2,0.1,0.6696754853568374,0.7745943566960467,0.25,0.7745943566960467,0.7745943566960467,0.15491887133920934,0.5,True,0.4,4.0,50,1,0.7221349210264421
distributed_allocation_v1,coordination,light_screen_0.1,23,0.2,0.1,0.971555665599096,0.9644445819988701,1.0,0.9644445819988701,0.9644445819988701,0.192888916399774,0.15,False,,1.0,85,0,0.968000123798983
distributed_allocation_v1,coordination,tight_screen_0.1,24,0.2,0.1,0.6570226915419879,0.7712783644274849,0.2,0.7712783644274849,0.7712783644274849,0.154255672885497,0.8,True,0.6,6.0,30,2,0.7141505279847363
distributed_allocation_v1,coordination,moderate_screen_0.1,24,0.2,0.1,0.7442635438340137,0.8678294297925171,0.25,0.8678294297925171,0.8678294297925171,0.17356588595850342,0.5,True,0.4,4.0,50,1,0.8060464868132654
distributed_allocation_v1,coordination,light_screen_0.1,24,0.2,0.1,0.9736928227480293,0.9671160284350366,1.0,0.9671160284350366,0.9671160284350366,0.19342320568700733,0.15,False,,1.0,85,0,0.970404425591533
distributed_allocation_v1,coordination,tight_screen_0.1,25,0.2,0.1,0.5553259066397254,0.6441573832996567,0.2,0.6441573832996567,0.6441573832996567,0.12883147665993133,0.8,True,0.6,6.0,30,2,0.5997416449696911
distributed_allocation_v1,coordination,moderate_screen_0.1,25,0.2,0.1,0.7378402050417854,0.8598002563022318,0.25,0.8598002563022318,0.8598002563022318,0.17196005126044636,0.5,True,0.4,4.0,50,1,0.7988202306720086
distributed_allocation_v1,coordination,light_screen_0.1,25,0.2,0.1,0.9734867652167316,0.9668584565209146,1.0,0.9668584565209146,0.9668584565209146,0.19337169130418294,0.15,False,,1.0,85,0,0.9701726108688232
distributed_allocation_v1,coordination,tight_screen_0.1,26,0.2,0.1,0.7406561236809601,0.8758201546012002,0.2,0.8758201546012002,0.8758201546012002,0.17516403092024005,0.8,True,0.6,6.0,30,2,0.8082381391410801
distributed_allocation_v1,coordination,moderate_screen_0.1,26,0.2,0.1,0.6505142488281588,0.7506428110351984,0.25,0.7506428110351984,0.7506428110351984,0.15012856220703968,0.5,True,0.4,4.0,50,1,0.7005785299316786
distributed_allocation_v1,coordination,light_screen_0.1,26,0.2,0.1,0.9583429464897799,0.9479286831122249,1.0,0.9479286831122249,0.9479286831122249,0.189585736622445,0.15,False,,1.0,85,0,0.9531358148010024
distributed_allocation_v1,coordination,tight_screen_0.1,27,0.2,0.1,0.5733767620983127,0.6667209526228908,0.2,0.6667209526228908,0.6667209526228908,0.13334419052457816,0.8,True,0.6,6.0,30,2,0.6200488573606017
distributed_allocation_v1,coordination,moderate_screen_0.1,27,0.2,0.1,0.765325164028418,0.8941564550355225,0.25,0.8941564550355225,0.8941564550355225,0.17883129100710451,0.5,True,0.4,4.0,50,1,0.8297408095319702
distributed_allocation_v1,coordination,light_screen_0.1,27,0.2,0.1,0.9604671298793797,0.9505839123492246,1.0,0.9505839123492246,0.9505839123492246,0.19011678246984492,0.15,False,,1.0,85,0,0.955525521114302
distributed_allocation_v1,coordination,tight_screen_0.1,28,0.2,0.1,0.7041356168426091,0.8301695210532613,0.2,0.8301695210532613,0.8301695210532613,0.16603390421065226,0.8,True,0.6,6.0,30,2,0.7671525689479352
distributed_allocation_v1,coordination,moderate_screen_0.1,28,0.2,0.1,0.7260495894211518,0.8450619867764397,0.25,0.8450619867764397,0.8450619867764397,0.16901239735528795,0.5,True,0.4,4.0,50,1,0.7855557880987958
distributed_allocation_v1,coordination,light_screen_0.1,28,0.2,0.1,0.963961880534624,0.9549523506682801,1.0,0.9549523506682801,0.9549523506682801,0.19099047013365603,0.15,False,,1.0,85,0,0.959457115601452
distributed_allocation_v1,coordination,tight_screen_0.1,29,0.2,0.1,0.6606719984958246,0.7758399981197807,0.2,0.7758399981197807,0.7758399981197807,0.15516799962395614,0.8,True,0.6,6.0,30,2,0.7182559983078026
distributed_allocation_v1,coordination,moderate_screen_0.1,29,0.2,0.1,0.7449083728209134,0.8686354660261417,0.25,0.8686354660261417,0.8686354660261417,0.17372709320522836,0.5,True,0.4,4.0,50,1,0.8067719194235276
distributed_allocation_v1,coordination,light_screen_0.1,29,0.2,0.1,0.980250452961483,0.975313066201854,1.0,0.975313066201854,0.975313066201854,0.1950626132403708,0.15,False,,1.0,85,0,0.9777817595816685
distributed_allocation_v1,coordination,tight_screen_0.2,0,0.2,0.2,0.597784533152006,0.6972306664400074,0.2,0.6972306664400074,0.6972306664400074,0.13944613328800148,0.8,True,0.6,6.0,30,2,0.6475075997960067
distributed_allocation_v1,coordination,moderate_screen_0.2,0,0.2,0.2,0.706459329226367,0.8205741615329587,0.25,0.8205741615329587,0.8205741615329587,0.16411483230659174,0.5,True,0.4,4.0,50,1,0.7635167453796629
distributed_allocation_v1,coordination,light_screen_0.2,0,0.2,0.2,0.9774253010686469,0.9717816263358088,1.0,0.9717816263358088,0.9717816263358088,0.19435632526716176,0.15,False,,1.0,85,0,0.9746034637022277
distributed_allocation_v1,coordination,tight_screen_0.2,1,0.2,0.2,0.6053957652385692,0.7067447065482114,0.2,0.7067447065482114,0.7067447065482114,0.1413489413096423,0.8,True,0.6,6.0,30,2,0.6560702358933903
distributed_allocation_v1,coordination,moderate_screen_0.2,1,0.2,0.2,0.7447485490654371,0.8684356863317964,0.25,0.8684356863317964,0.8684356863317964,0.1736871372663593,0.5,True,0.4,4.0,50,1,0.8065921176986167
distributed_allocation_v1,coordination,light_screen_0.2,1,0.2,0.2,0.9857132059676899,0.9821415074596123,1.0,0.9821415074596123,0.9821415074596123,0.19642830149192247,0.15,False,,1.0,85,0,0.983927356713651
distributed_allocation_v1,coordination,tight_screen_0.2,2,0.2,0.2,0.6568445639198656,0.7710557048998319,0.2,0.7710557048998319,0.7710557048998319,0.15421114097996638,0.8,True,0.6,6.0,30,2,0.7139501344098487
distributed_allocation_v1,coordination,moderate_screen_0.2,2,0.2,0.2,0.7628887627884862,0.8911109534856078,0.25,0.8911109534856078,0.8911109534856078,0.17822219069712156,0.5,True,0.4,4.0,50,1,0.8269998581370469
distributed_allocation_v1,coordination,light_screen_0.2,2,0.2,0.2,0.9702282999092109,0.9627853748865136,1.0,0.9627853748865136,0.9627853748865136,0.19255707497730273,0.15,False,,1.0,85,0,0.9665068373978621
distributed_allocation_v1,coordination,tight_screen_0.2,3,0.2,0.2,0.7413562456984109,0.8766953071230135,0.2,0.8766953071230135,0.8766953071230135,0.1753390614246027,0.8,True,0.6,6.0,30,2,0.809025776410712
distributed_allocation_v1,coordination,moderate_screen_0.2,3,0.2,0.2,0.7924773400959007,0.9280966751198758,0.25,0.9280966751198758,0.9280966751198758,0.18561933502397518,0.5,True,0.4,4.0,50,1,0.8602870076078882
distributed_allocation_v1,coordination,light_screen_0.2,3,0.2,0.2,0.9736482447697155,0.9670603059621443,1.0,0.9670603059621443,0.9670603059621443,0.19341206119242887,0.15,False,,1.0,85,0,0.9703542753659299
distributed_allocation_v1,coordination,tight_screen_0.2,4,0.2,0.2,0.6138130806088805,0.7172663507611006,0.2,0.7172663507611006,0.7172663507611006,0.14345327015222012,0.8,True,0.6,6.0,30,2,0.6655397156849905
distributed_allocation_v1,coordination,moderate_screen_0.2,4,0.2,0.2,0.7222293143830535,0.8402866429788168,0.25,0.8402866429788168,0.8402866429788168,0.1680573285957634,0.5,True,0.4,4.0,50,1,0.7812579786809352
distributed_allocation_v1,coordination,light_screen_0.2,4,0.2,0.2,0.9882793717851337,0.9853492147314171,1.0,0.9853492147314171,0.9853492147314171,0.19706984294628344,0.15,False,,1.0,85,0,0.9868142932582754
distributed_allocation_v1,coordination,tight_screen_0.2,5,0.2,0.2,0.7662408727784289,0.9078010909730361,0.2,0.9078010909730361,0.9078010909730361,0.18156021819460721,0.8,True,0.6,6.0,30,2,0.8370209818757325
distributed_allocation_v1,coordination,moderate_screen_0.2,5,0.2,0.2,0.7330784902423062,0.8538481128028826,0.25,0.8538481128028826,0.8538481128028826,0.17076962256057654,0.5,True,0.4,4.0,50,1,0.7934633015225944
distributed_allocation_v1,coordination,light_screen_0.2,5,0.2,0.2,0.9769159792609019,0.9711449740761273,1.0,0.9711449740761273,0.9711449740761273,0.1942289948152255,0.15,False,,1.0,85,0,0.9740304766685145
distributed_allocation_v1,coordination,tight_screen_0.2,6,0.2,0.2,0.7019808662582562,0.8274760828228201,0.2,0.8274760828228201,0.8274760828228201,0.16549521656456403,0.8,True,0.6,6.0,30,2,0.7647284745405382
distributed_allocation_v1,coordination,moderate_screen_0.2,6,0.2,0.2,0.7730488685543666,0.9038110856929582,0.25,0.9038110856929582,0.9038110856929582,0.18076221713859164,0.5,True,0.4,4.0,50,1,0.8384299771236624
distributed_allocation_v1,coordination,light_screen_0.2,6,0.2,0.2,0.980210063659239,0.9752625795740488,1.0,0.9752625795740488,0.9752625795740488,0.19505251591480977,0.15,False,,1.0,85,0,0.9777363216166439
distributed_allocation_v1,coordination,tight_screen_0.2,7,0.2,0.2,0.7794721115130734,0.9243401393913417,0.2,0.9243401393913417,0.9243401393913417,0.18486802787826837,0.8,True,0.6,6.0,30,2,0.8519061254522076
distributed_allocation_v1,coordination,moderate_screen_0.2,7,0.2,0.2,0.7437899157961607,0.8672373947452008,0.25,0.8672373947452008,0.8672373947452008,0.17344747894904017,0.5,True,0.4,4.0,50,1,0.8055136552706806
distributed_allocation_v1,coordination,light_screen_0.2,7,0.2,0.2,0.96123836514475,0.9515479564309377,1.0,0.9515479564309377,0.9515479564309377,0.19030959128618755,0.15,False,,1.0,85,0,0.9563931607878439
distributed_allocation_v1,coordination,tight_screen_0.2,8,0.2,0.2,0.7249005287867462,0.8561256609834327,0.2,0.8561256609834327,0.8561256609834327,0.17122513219668656,0.8,True,0.6,6.0,30,2,0.7905130948850894
distributed_allocation_v1,coordination,moderate_screen_0.2,8,0.2,0.2,0.6828899965589379,0.7911124956986723,0.25,0.7911124956986723,0.7911124956986723,0.15822249913973446,0.5,True,0.4,4.0,50,1,0.737001246128805
distributed_allocation_v1,coordination,light_screen_0.2,8,0.2,0.2,0.9776417807864421,0.9720522259830526,1.0,0.9720522259830526,0.9720522259830526,0.19441044519661055,0.15,False,,1.0,85,0,0.9748470033847473
distributed_allocation_v1,coordination,tight_screen_0.2,9,0.2,0.2,0.6997372173839509,0.8246715217299385,0.2,0.8246715217299385,0.8246715217299385,0.16493430434598771,0.8,True,0.6,6.0,30,2,0.7622043695569447
distributed_allocation_v1,coordination,moderate_screen_0.2,9,0.2,0.2,0.7815283140450431,0.9144103925563039,0.25,0.9144103925563039,0.9144103925563039,0.1828820785112608,0.5,True,0.4,4.0,50,1,0.8479693533006735
distributed_allocation_v1,coordination,light_screen_0.2,9,0.2,0.2,0.9833585455743987,0.9791981819679985,1.0,0.9791981819679985,0.9791981819679985,0.1958396363935997,0.15,False,,1.0,85,0,0.9812783637711986
distributed_allocation_v1,coordination,tight_screen_0.2,10,0.2,0.2,0.7582368543988609,0.8977960679985761,0.2,0.8977960679985761,0.8977960679985761,0.17955921359971524,0.8,True,0.6,6.0,30,2,0.8280164611987186
distributed_allocation_v1,coordination,moderate_screen_0.2,10,0.2,0.2,0.7532964257830448,0.879120532228806,0.25,0.879120532228806,0.879120532228806,0.1758241064457612,0.5,True,0.4,4.0,50,1,0.8162084790059253
distributed_allocation_v1,coordination,light_screen_0.2,10,0.2,0.2,0.9673574410526344,0.959196801315793,1.0,0.959196801315793,0.959196801315793,0.19183936026315862,0.15,False,,1.0,85,0,0.9632771211842136
distributed_allocation_v1,coordination,tight_screen_0.2,11,0.2,0.2,0.7403644317178752,0.875455539647344,0.2,0.875455539647344,0.875455539647344,0.1750911079294688,0.8,True,0.6,6.0,30,2,0.8079099856826096
distributed_allocation_v1,coordination,moderate_screen_0.2,11,0.2,0.2,0.7720056682236596,0.9025070852795744,0.25,0.9025070852795744,0.9025070852795744,0.18050141705591488,0.5,True,0.4,4.0,50,1,0.8372563767516169
distributed_allocation_v1,coordination,light_screen_0.2,11,0.2,0.2,0.9649380299390697,0.9561725374238372,1.0,0.9561725374238372,0.9561725374238372,0.19123450748476745,0.15,False,,1.0,85,0,0.9605552836814535
distributed_allocation_v1,coordination,tight_screen_0.2,12,0.2,0.2,0.7521881243485866,0.8902351554357333,0.2,0.8902351554357333,0.8902351554357333,0.17804703108714667,0.8,True,0.6,6.0,30,2,0.8212116398921601
distributed_allocation_v1,coordination,moderate_screen_0.2,12,0.2,0.2,0.7406385151378492,0.8632981439223115,0.25,0.8632981439223115,0.8632981439223115,0.1726596287844623,0.5,True,0.4,4.0,50,1,0.8019683295300802
distributed_allocation_v1,coordination,light_screen_0.2,12,0.2,0.2,0.975593808472474,0.9694922605905926,1.0,0.9694922605905926,0.9694922605905926,0.19389845211811851,0.15,False,,1.0,85,0,0.9725430345315332
distributed_allocation_v1,coordination,tight_screen_0.2,13,0.2,0.2,0.7544983848447216,0.893122981055902,0.2,0.893122981055902,0.893122981055902,0.17862459621118043,0.8,True,0.6,6.0,30,2,0.8238106829503118
distributed_allocation_v1,coordination,moderate_screen_0.2,13,0.2,0.2,0.7129502702633504,0.828687837829188,0.25,0.828687837829188,0.828687837829188,0.1657375675658376,0.5,True,0.4,4.0,50,1,0.7708190540462692
distributed_allocation_v1,coordination,light_screen_0.2,13,0.2,0.2,0.9856013099105816,0.982001637388227,1.0,0.982001637388227,0.982001637388227,0.1964003274776454,0.15,False,,1.0,85,0,0.9838014736494042
distributed_allocation_v1,coordination,tight_screen_0.2,14,0.2,0.2,0.7174727756334777,0.8468409695418471,0.2,0.8468409695418471,0.8468409695418471,0.16936819390836944,0.8,True,0.6,6.0,30,2,0.7821568725876623
distributed_allocation_v1,coordination,moderate_screen_0.2,14,0.2,0.2,0.7398892999734195,0.8623616249667743,0.25,0.8623616249667743,0.8623616249667743,0.17247232499335485,0.5,True,0.4,4.0,50,1,0.8011254624700969
distributed_allocation_v1,coordination,light_screen_0.2,14,0.2,0.2,0.9665553308014825,0.9581941635018532,1.0,0.9581941635018532,0.9581941635018532,0.19163883270037063,0.15,False,,1.0,85,0,0.9623747471516678
distributed_allocation_v1,coordination,tight_screen_0.2,15,0.2,0.2,0.624931936969595,0.7311649212119937,0.2,0.7311649212119937,0.7311649212119937,0.14623298424239875,0.8,True,0.6,6.0,30,2,0.6780484290907943
distributed_allocation_v1,coordination,moderate_screen_0.2,15,0.2,0.2,0.7618401216197093,0.8898001520246366,0.25,0.8898001520246366,0.8898001520246366,0.17796003040492733,0.5,True,0.4,4.0,50,1,0.825820136822173
distributed_allocation_v1,coordination,light_screen_0.2,15,0.2,0.2,0.9692873031159075,0.9616091288948845,1.0,0.9616091288948845,0.9616091288948845,0.1923218257789769,0.15,False,,1.0,85,0,0.965448216005396
distributed_allocation_v1,coordination,tight_screen_0.2,16,0.2,0.2,0.6109919384418634,0.7137399230523291,0.2,0.7137399230523291,0.7137399230523291,0.14274798461046584,0.8,True,0.6,6.0,30,2,0.6623659307470962
distributed_allocation_v1,coordination,moderate_screen_0.2,16,0.2,0.2,0.60067323406252,0.68834154257815,0.25,0.68834154257815,0.68834154257815,0.13766830851563,0.5,True,0.4,4.0,50,1,0.6445073883203349
distributed_allocation_v1,coordination,light_screen_0.2,16,0.2,0.2,0.9772673983977287,0.9715842479971609,1.0,0.9715842479971609,0.9715842479971609,0.19431684959943218,0.15,False,,1.0,85,0,0.9744258231974449
distributed_allocation_v1,coordination,tight_screen_0.2,17,0.2,0.2,0.6736655376485661,0.7920819220607075,0.2,0.7920819220607075,0.7920819220607075,0.1584163844121415,0.8,True,0.6,6.0,30,2,0.7328737298546367
distributed_allocation_v1,coordination,moderate_screen_0.2,17,0.2,0.2,0.7814157365054017,0.9142696706317522,0.25,0.9142696706317522,0.9142696706317522,0.18285393412635045,0.5,True,0.4,4.0,50,1,0.8478427035685769
distributed_allocation_v1,coordination,light_screen_0.2,17,0.2,0.2,0.974839442445667,0.9685493030570838,1.0,0.9685493030570838,0.9685493030570838,0.19370986061141676,0.15,False,,1.0,85,0,0.9716943727513753
distributed_allocation_v1,coordination,tight_screen_0.2,18,0.2,0.2,0.665927266401632,0.78240908300204,0.2,0.78240908300204,0.78240908300204,0.15648181660040802,0.8,True,0.6,6.0,30,2,0.724168174701836
distributed_allocation_v1,coordination,moderate_screen_0.2,18,0.2,0.2,0.7508179313964287,0.8760224142455358,0.25,0.8760224142455358,0.8760224142455358,0.17520448284910717,0.5,True,0.4,4.0,50,1,0.8134201728209823
distributed_allocation_v1,coordination,light_screen_0.2,18,0.2,0.2,0.9755754839256083,0.9694693549070104,1.0,0.9694693549070104,0.9694693549070104,0.1938938709814021,0.15,False,,1.0,85,0,0.9725224194163092
distributed_allocation_v1,coordination,tight_screen_0.2,19,0.2,0.2,0.7809542799883471,0.9261928499854339,0.2,0.9261928499854339,0.9261928499854339,0.1852385699970868,0.8,True,0.6,6.0,30,2,0.8535735649868905
distributed_allocation_v1,coordination,moderate_screen_0.2,19,0.2,0.2,0.7453617257912186,0.8692021572390232,0.25,0.8692021572390232,0.8692021572390232,0.17384043144780464,0.5,True,0.4,4.0,50,1,0.8072819415151208
distributed_allocation_v1,coordination,light_screen_0.2,19,0.2,0.2,0.9548123451560546,0.9435154314450682,1.0,0.9435154314450682,0.9435154314450682,0.18870308628901367,0.15,False,,1.0,85,0,0.9491638883005613
distributed_allocation_v1,coordination,tight_screen_0.2,20,0.2,0.2,0.5829862595138906,0.6787328243923632,0.2,0.6787328243923632,0.6787328243923632,0.13574656487847264,0.8,True,0.6,6.0,30,2,0.6308595419531269
distributed_allocation_v1,coordination,moderate_screen_0.2,20,0.2,0.2,0.6950444872805559,0.8063056091006948,0.25,0.8063056091006948,0.8063056091006948,0.16126112182013896,0.5,True,0.4,4.0,50,1,0.7506750481906254
distributed_allocation_v1,coordination,light_screen_0.2,20,0.2,0.2,0.9707246520239381,0.9634058150299226,1.0,0.9634058150299226,0.9634058150299226,0.19268116300598453,0.15,False,,1.0,85,0,0.9670652335269303
distributed_allocation_v1,coordination,tight_screen_0.2,21,0.2,0.2,0.7300783443255532,0.8625979304069415,0.2,0.8625979304069415,0.8625979304069415,0.17251958608138832,0.8,True,0.6,6.0,30,2,0.7963381373662473
distributed_allocation_v1,coordination,moderate_screen_0.2,21,0.2,0.2,0.7688521231956318,0.8985651539945397,0.25,0.8985651539945397,0.8985651539945397,0.17971303079890796,0.5,True,0.4,4.0,50,1,0.8337086385950858
distributed_allocation_v1,coordination,light_screen_0.2,21,0.2,0.2,0.9732559965163048,0.966569995645381,1.0,0.966569995645381,0.966569995645381,0.1933139991290762,0.15,False,,1.0,85,0,0.9699129960808429
distributed_allocation_v1,coordination,tight_screen_0.2,22,0.2,0.2,0.6862971737549914,0.8078714671937393,0.2,0.8078714671937393,0.8078714671937393,0.16157429343874785,0.8,True,0.6,6.0,30,2,0.7470843204743653
distributed_allocation_v1,coordination,moderate_screen_0.2,22,0.2,0.2,0.764343811681174,0.8929297646014676,0.25,0.8929297646014676,0.8929297646014676,0.17858595292029353,0.5,True,0.4,4.0,50,1,0.8286367881413209
distributed_allocation_v1,coordination,light_screen_0.2,22,0.2,0.2,0.968686147402442,0.9608576842530525,1.0,0.9608576842530525,0.9608576842530525,0.1921715368506105,0.15,False,,1.0,85,0,0.9647719158277472
distributed_allocation_v1,coordination,tight_screen_0.2,23,0.2,0.2,0.7066246616051831,0.8332808270064789,0.2,0.8332808270064789,0.8332808270064789,0.1666561654012958,0.8,True,0.6,6.0,30,2,0.7699527443058309
distributed_allocation_v1,coordination,moderate_screen_0.2,23,0.2,0.2,0.7354498802425429,0.8568123503031786,0.25,0.8568123503031786,0.8568123503031786,0.17136247006063574,0.5,True,0.4,4.0,50,1,0.7961311152728608
distributed_allocation_v1,coordination,light_screen_0.2,23,0.2,0.2,0.981339056144632,0.9766738201807901,1.0,0.9766738201807901,0.9766738201807901,0.19533476403615802,0.15,False,,1.0,85,0,0.979006438162711
distributed_allocation_v1,coordination,tight_screen_0.2,24,0.2,0.2,0.7310923772899101,0.8638654716123875,0.2,0.8638654716123875,0.8638654716123875,0.1727730943224775,0.8,True,0.6,6.0,30,2,0.7974789244511487
distributed_allocation_v1,coordination,moderate_screen_0.2,24,0.2,0.2,0.7457233545820606,0.8696541932275758,0.25,0.8696541932275758,0.8696541932275758,0.17393083864551517,0.5,True,0.4,4.0,50,1,0.8076887739048181
distributed_allocation_v1,coordination,light_screen_0.2,24,0.2,0.2,0.9793704764560309,0.9742130955700388,1.0,0.9742130955700388,0.9742130955700388,0.19484261911400777,0.15,False,,1.0,85,0,0.976791786013035
distributed_allocation_v1,coordination,tight_screen_0.2,25,0.2,0.2,0.6625783702047541,0.7782229627559425,0.2,0.7782229627559425,0.7782229627559425,0.1556445925511885,0.8,True,0.6,6.0,30,2,0.7204006664803482
distributed_allocation_v1,coordination,moderate_screen_0.2,25,0.2,0.2,0.682061204888419,0.7900765061105237,0.25,0.7900765061105237,0.7900765061105237,0.15801530122210475,0.5,True,0.4,4.0,50,1,0.7360688554994713
distributed_allocation_v1,coordination,light_screen_0.2,25,0.2,0.2,0.9856595058437305,0.9820743823046632,1.0,0.9820743823046632,0.9820743823046632,0.19641487646093264,0.15,False,,1.0,85,0,0.9838669440741968
distributed_allocation_v1,coordination,tight_screen_0.2,26,0.2,0.2,0.6135402163031767,0.7169252703789708,0.2,0.7169252703789708,0.7169252703789708,0.14338505407579416,0.8,True,0.6,6.0,30,2,0.6652327433410737
distributed_allocation_v1,coordination,moderate_screen_0.2,26,0.2,0.2,0.6955366536119943,0.8069208170149929,0.25,0.8069208170149929,0.8069208170149929,0.16138416340299858,0.5,True,0.4,4.0,50,1,0.7512287353134935
distributed_allocation_v1,coordination,light_screen_0.2,26,0.2,0.2,0.9793936839355661,0.9742421049194576,1.0,0.9742421049194576,0.9742421049194576,0.19484842098389155,0.15,False,,1.0,85,0,0.9768178944275118
distributed_allocation_v1,coordination,tight_screen_0.2,27,0.2,0.2,0.6697031748472972,0.7871289685591215,0.2,0.7871289685591215,0.7871289685591215,0.1574257937118243,0.8,True,0.6,6.0,30,2,0.7284160717032093
distributed_allocation_v1,coordination,moderate_screen_0.2,27,0.2,0.2,0.7471000114319912,0.871375014289989,0.25,0.871375014289989,0.871375014289989,0.1742750028579978,0.5,True,0.4,4.0,50,1,0.8092375128609901
distributed_allocation_v1,coordination,light_screen_0.2,27,0.2,0.2,0.9831939861059604,0.9789924826324505,1.0,0.9789924826324505,0.9789924826324505,0.19579849652649012,0.15,False,,1.0,85,0,0.9810932343692055
distributed_allocation_v1,coordination,tight_screen_0.2,28,0.2,0.2,0.721335894350334,0.8516698679379174,0.2,0.8516698679379174,0.8516698679379174,0.1703339735875835,0.8,True,0.6,6.0,30,2,0.7865028811441257
distributed_allocation_v1,coordination,moderate_screen_0.2,28,0.2,0.2,0.6367066760834508,0.7333833451043135,0.25,0.7333833451043135,0.7333833451043135,0.1466766690208627,0.5,True,0.4,4.0,50,1,0.6850450105938821
distributed_allocation_v1,coordination,light_screen_0.2,28,0.2,0.2,0.9872639448977065,0.9840799311221333,1.0,0.9840799311221333,0.9840799311221333,0.19681598622442667,0.15,False,,1.0,85,0,0.9856719380099198
distributed_allocation_v1,coordination,tight_screen_0.2,29,0.2,0.2,0.6509941317976992,0.7637426647471239,0.2,0.7637426647471239,0.7637426647471239,0.1527485329494248,0.8,True,0.6,6.0,30,2,0.7073683982724115
distributed_allocation_v1,coordination,moderate_screen_0.2,29,0.2,0.2,0.7592800697262267,0.8866000871577835,0.25,0.8866000871577835,0.8866000871577835,0.1773200174315567,0.5,True,0.4,4.0,50,1,0.822940078442005
distributed_allocation_v1,coordination,light_screen_0.2,29,0.2,0.2,0.9822773519902905,0.9778466899878633,1.0,0.9778466899878633,0.9778466899878633,0.19556933799757267,0.15,False,,1.0,85,0,0.980062020989077
distributed_allocation_v1,coordination,tight_screen_0.3,0,0.2,0.3,0.6458358243433953,0.757294780429244,0.2,0.757294780429244,0.757294780429244,0.1514589560858488,0.8,True,0.6,6.0,30,2,0.7015653023863196
distributed_allocation_v1,coordination,moderate_screen_0.3,0,0.2,0.3,0.7969934924523328,0.9337418655654159,0.25,0.9337418655654159,0.9337418655654159,0.1867483731130832,0.5,True,0.4,4.0,50,1,0.8653676790088743
distributed_allocation_v1,coordination,light_screen_0.3,0,0.2,0.3,0.98169850994668,0.9771231374333499,1.0,0.9771231374333499,0.9771231374333499,0.19542462748667,0.15,False,,1.0,85,0,0.9794108236900149
distributed_allocation_v1,coordination,tight_screen_0.3,1,0.2,0.3,0.7306722313548548,0.8633402891935685,0.2,0.8633402891935685,0.8633402891935685,0.17266805783871372,0.8,True,0.6,6.0,30,2,0.7970062602742117
distributed_allocation_v1,coordination,moderate_screen_0.3,1,0.2,0.3,0.7502352010389688,0.8752940012987109,0.25,0.8752940012987109,0.8752940012987109,0.1750588002597422,0.5,True,0.4,4.0,50,1,0.8127646011688399
distributed_allocation_v1,coordination,light_screen_0.3,1,0.2,0.3,0.971016384522102,0.9637704806526275,1.0,0.9637704806526275,0.9637704806526275,0.19275409613052552,0.15,False,,1.0,85,0,0.9673934325873647
distributed_allocation_v1,coordination,tight_screen_0.3,2,0.2,0.3,0.7089319062380935,0.8361648827976169,0.2,0.8361648827976169,0.8361648827976169,0.1672329765595234,0.8,True,0.6,6.0,30,2,0.7725483945178552
distributed_allocation_v1,coordination,moderate_screen_0.3,2,0.2,0.3,0.7832829114877868,0.9166036393597334,0.25,0.9166036393597334,0.9166036393597334,0.1833207278719467,0.5,True,0.4,4.0,50,1,0.84994327542376
distributed_allocation_v1,coordination,light_screen_0.3,2,0.2,0.3,0.9605427607009067,0.9506784508761333,1.0,0.9506784508761333,0.9506784508761333,0.1901356901752267,0.15,False,,1.0,85,0,0.95561060578852
distributed_allocation_v1,coordination,tight_screen_0.3,3,0.2,0.3,0.7229275593026647,0.8536594491283309,0.2,0.8536594491283309,0.8536594491283309,0.1707318898256662,0.8,True,0.6,6.0,30,2,0.7882935042154979
distributed_allocation_v1,coordination,moderate_screen_0.3,3,0.2,0.3,0.6934598942494641,0.8043248678118301,0.25,0.8043248678118301,0.8043248678118301,0.16086497356236604,0.5,True,0.4,4.0,50,1,0.748892381030647
distributed_allocation_v1,coordination,light_screen_0.3,3,0.2,0.3,0.974166735819703,0.967708419774629,1.0,0.967708419774629,0.967708419774629,0.1935416839549258,0.15,False,,1.0,85,0,0.9709375777971659
distributed_allocation_v1,coordination,tight_screen_0.3,4,0.2,0.3,0.7209237754889746,0.8511547193612181,0.2,0.8511547193612181,0.8511547193612181,0.17023094387224363,0.8,True,0.6,6.0,30,2,0.7860392474250963
distributed_allocation_v1,coordination,moderate_screen_0.3,4,0.2,0.3,0.7636492044811616,0.8920615056014519,0.25,0.8920615056014519,0.8920615056014519,0.17841230112029038,0.5,True,0.4,4.0,50,1,0.8278553550413067
distributed_allocation_v1,coordination,light_screen_0.3,4,0.2,0.3,0.9784978093881453,0.9731222617351818,1.0,0.9731222617351818,0.9731222617351818,0.19462445234703638,0.15,False,,1.0,85,0,0.9758100355616636
distributed_allocation_v1,coordination,tight_screen_0.3,5,0.2,0.3,0.7585550769412597,0.8981938461765746,0.2,0.8981938461765746,0.8981938461765746,0.17963876923531494,0.8,True,0.6,6.0,30,2,0.8283744615589173
distributed_allocation_v1,coordination,moderate_screen_0.3,5,0.2,0.3,0.7732554276945038,0.9040692846181299,0.25,0.9040692846181299,0.9040692846181299,0.18081385692362598,0.5,True,0.4,4.0,50,1,0.8386623561563168
distributed_allocation_v1,coordination,light_screen_0.3,5,0.2,0.3,0.9532474807495619,0.9415593509369524,1.0,0.9415593509369524,0.9415593509369524,0.18831187018739048,0.15,False,,1.0,85,0,0.9474034158432572
distributed_allocation_v1,coordination,tight_screen_0.3,6,0.2,0.3,0.7108705096136325,0.8385881370170406,0.2,0.8385881370170406,0.8385881370170406,0.16771762740340812,0.8,True,0.6,6.0,30,2,0.7747293233153365
distributed_allocation_v1,coordination,moderate_screen_0.3,6,0.2,0.3,0.7096089230935924,0.8245111538669904,0.25,0.8245111538669904,0.8245111538669904,0.16490223077339808,0.5,True,0.4,4.0,50,1,0.7670600384802914
distributed_allocation_v1,coordination,light_screen_0.3,6,0.2,0.3,0.9813109049987425,0.9766386312484283,1.0,0.9766386312484283,0.9766386312484283,0.19532772624968567,0.15,False,,1.0,85,0,0.9789747681235853
distributed_allocation_v1,coordination,tight_screen_0.3,7,0.2,0.3,0.7452409623848584,0.881551202981073,0.2,0.881551202981073,0.881551202981073,0.1763102405962146,0.8,True,0.6,6.0,30,2,0.8133960826829656
distributed_allocation_v1,coordination,moderate_screen_0.3,7,0.2,0.3,0.7823760774569755,0.9154700968212194,0.25,0.9154700968212194,0.9154700968212194,0.18309401936424388,0.5,True,0.4,4.0,50,1,0.8489230871390974
distributed_allocation_v1,coordination,light_screen_0.3,7,0.2,0.3,0.9803652138799688,0.975456517349961,1.0,0.975456517349961,0.975456517349961,0.1950913034699922,0.15,False,,1.0,85,0,0.9779108656149648
distributed_allocation_v1,coordination,tight_screen_0.3,8,0.2,0.3,0.7110233506966964,0.8387791883708705,0.2,0.8387791883708705,0.8387791883708705,0.16775583767417412,0.8,True,0.6,6.0,30,2,0.7749012695337834
distributed_allocation_v1,coordination,moderate_screen_0.3,8,0.2,0.3,0.7667117546258357,0.8958896932822946,0.25,0.8958896932822946,0.8958896932822946,0.17917793865645892,0.5,True,0.4,4.0,50,1,0.8313007239540652
distributed_allocation_v1,coordination,light_screen_0.3,8,0.2,0.3,0.9761838085331249,0.9702297606664063,1.0,0.9702297606664063,0.9702297606664063,0.19404595213328127,0.15,False,,1.0,85,0,0.9732067845997655
distributed_allocation_v1,coordination,tight_screen_0.3,9,0.2,0.3,0.6879663000277196,0.8099578750346494,0.2,0.8099578750346494,0.8099578750346494,0.1619915750069299,0.8,True,0.6,6.0,30,2,0.7489620875311844
distributed_allocation_v1,coordination,moderate_screen_0.3,9,0.2,0.3,0.7046210615638788,0.8182763269548484,0.25,0.8182763269548484,0.8182763269548484,0.1636552653909697,0.5,True,0.4,4.0,50,1,0.7614486942593636
distributed_allocation_v1,coordination,light_screen_0.3,9,0.2,0.3,0.9600611109320825,0.9500763886651031,1.0,0.9500763886651031,0.9500763886651031,0.19001527773302063,0.15,False,,1.0,85,0,0.9550687497985928
distributed_allocation_v1,coordination,tight_screen_0.3,10,0.2,0.3,0.7497499952785689,0.8871874940982112,0.2,0.8871874940982112,0.8871874940982112,0.17743749881964224,0.8,True,0.6,6.0,30,2,0.81846874468839
distributed_allocation_v1,coordination,moderate_screen_0.3,10,0.2,0.3,0.7377915306299236,0.8597394132874046,0.25,0.8597394132874046,0.8597394132874046,0.17194788265748093,0.5,True,0.4,4.0,50,1,0.7987654719586642
distributed_allocation_v1,coordination,light_screen_0.3,10,0.2,0.3,0.9660105878085796,0.9575132347607245,1.0,0.9575132347607245,0.9575132347607245,0.19150264695214492,0.15,False,,1.0,85,0,0.9617619112846519
distributed_allocation_v1,coordination,tight_screen_0.3,11,0.2,0.3,0.5967432258193193,0.695929032274149,0.2,0.695929032274149,0.695929032274149,0.1391858064548298,0.8,True,0.6,6.0,30,2,0.6463361290467342
distributed_allocation_v1,coordination,moderate_screen_0.3,11,0.2,0.3,0.7217782710994977,0.839722838874372,0.25,0.839722838874372,0.839722838874372,0.16794456777487443,0.5,True,0.4,4.0,50,1,0.7807505549869348
distributed_allocation_v1,coordination,light_screen_0.3,11,0.2,0.3,0.982786977683056,0.9784837221038201,1.0,0.9784837221038201,0.9784837221038201,0.195696744420764,0.15,False,,1.0,85,0,0.980635349893438
distributed_allocation_v1,coordination,tight_screen_0.3,12,0.2,0.3,0.7388607321351074,0.8735759151688842,0.2,0.8735759151688842,0.8735759151688842,0.17471518303377687,0.8,True,0.6,6.0,30,2,0.8062183236519957
distributed_allocation_v1,coordination,moderate_screen_0.3,12,0.2,0.3,0.7492372990132742,0.8740466237665927,0.25,0.8740466237665927,0.8740466237665927,0.17480932475331856,0.5,True,0.4,4.0,50,1,0.8116419613899334
distributed_allocation_v1,coordination,light_screen_0.3,12,0.2,0.3,0.9658471650541065,0.9573089563176331,1.0,0.9573089563176331,0.9573089563176331,0.19146179126352664,0.15,False,,1.0,85,0,0.9615780606858698
distributed_allocation_v1,coordination,tight_screen_0.3,13,0.2,0.3,0.717859286223107,0.8473241077788837,0.2,0.8473241077788837,0.8473241077788837,0.16946482155577675,0.8,True,0.6,6.0,30,2,0.7825916970009953
distributed_allocation_v1,coordination,moderate_screen_0.3,13,0.2,0.3,0.726403802595345,0.8455047532441812,0.25,0.8455047532441812,0.8455047532441812,0.16910095064883623,0.5,True,0.4,4.0,50,1,0.7859542779197631
distributed_allocation_v1,coordination,light_screen_0.3,13,0.2,0.3,0.9669469141752771,0.9586836427190966,1.0,0.9586836427190966,0.9586836427190966,0.19173672854381932,0.15,False,,1.0,85,0,0.9628152784471867
distributed_allocation_v1,coordination,tight_screen_0.3,14,0.2,0.3,0.6966664843470849,0.820833105433856,0.2,0.820833105433856,0.820833105433856,0.16416662108677121,0.8,True,0.6,6.0,30,2,0.7587497948904705
distributed_allocation_v1,coordination,moderate_screen_0.3,14,0.2,0.3,0.7568848196450344,0.8836060245562929,0.25,0.8836060245562929,0.8836060245562929,0.1767212049112586,0.5,True,0.4,4.0,50,1,0.8202454221006635
distributed_allocation_v1,coordination,light_screen_0.3,14,0.2,0.3,0.9794202728571699,0.9742753410714624,1.0,0.9742753410714624,0.9742753410714624,0.1948550682142925,0.15,False,,1.0,85,0,0.9768478069643162
distributed_allocation_v1,coordination,tight_screen_0.3,15,0.2,0.3,0.6875471445128143,0.8094339306410179,0.2,0.8094339306410179,0.8094339306410179,0.1618867861282036,0.8,True,0.6,6.0,30,2,0.7484905375769161
distributed_allocation_v1,coordination,moderate_screen_0.3,15,0.2,0.3,0.7699438029078409,0.8999297536348011,0.25,0.8999297536348011,0.8999297536348011,0.17998595072696022,0.5,True,0.4,4.0,50,1,0.834936778271321
distributed_allocation_v1,coordination,light_screen_0.3,15,0.2,0.3,0.9799015649985261,0.9748769562481576,1.0,0.9748769562481576,0.9748769562481576,0.19497539124963154,0.15,False,,1.0,85,0,0.9773892606233417
distributed_allocation_v1,coordination,tight_screen_0.3,16,0.2,0.3,0.6648765961113551,0.7810957451391938,0.2,0.7810957451391938,0.7810957451391938,0.15621914902783876,0.8,True,0.6,6.0,30,2,0.7229861706252744
distributed_allocation_v1,coordination,moderate_screen_0.3,16,0.2,0.3,0.7314246422259754,0.8517808027824691,0.25,0.8517808027824691,0.8517808027824691,0.17035616055649383,0.5,True,0.4,4.0,50,1,0.7916027225042223
distributed_allocation_v1,coordination,light_screen_0.3,16,0.2,0.3,0.9721414628720124,0.9651768285900156,1.0,0.9651768285900156,0.9651768285900156,0.19303536571800314,0.15,False,,1.0,85,0,0.9686591457310141
distributed_allocation_v1,coordination,tight_screen_0.3,17,0.2,0.3,0.702644403853536,0.8283055048169199,0.2,0.8283055048169199,0.8283055048169199,0.165661100963384,0.8,True,0.6,6.0,30,2,0.7654749543352279
distributed_allocation_v1,coordination,moderate_screen_0.3,17,0.2,0.3,0.7342855710557217,0.855356963819652,0.25,0.855356963819652,0.855356963819652,0.1710713927639304,0.5,True,0.4,4.0,50,1,0.7948212674376868
distributed_allocation_v1,coordination,light_screen_0.3,17,0.2,0.3,0.9741146975778896,0.967643371972362,1.0,0.967643371972362,0.967643371972362,0.1935286743944724,0.15,False,,1.0,85,0,0.9708790347751258
distributed_allocation_v1,coordination,tight_screen_0.3,18,0.2,0.3,0.7536781526911479,0.8920976908639349,0.2,0.8920976908639349,0.8920976908639349,0.178419538172787,0.8,True,0.6,6.0,30,2,0.8228879217775413
distributed_allocation_v1,coordination,moderate_screen_0.3,18,0.2,0.3,0.7195187655495967,0.8368984569369959,0.25,0.8368984569369959,0.8368984569369959,0.1673796913873992,0.5,True,0.4,4.0,50,1,0.7782086112432963
distributed_allocation_v1,coordination,light_screen_0.3,18,0.2,0.3,0.9747727294426507,0.9684659118033133,1.0,0.9684659118033133,0.9684659118033133,0.19369318236066269,0.15,False,,1.0,85,0,0.9716193206229818
distributed_allocation_v1,coordination,tight_screen_0.3,19,0.2,0.3,0.7237154954708103,0.8546443693385128,0.2,0.8546443693385128,0.8546443693385128,0.17092887386770259,0.8,True,0.6,6.0,30,2,0.7891799324046616
distributed_allocation_v1,coordination,moderate_screen_0.3,19,0.2,0.3,0.7589481130304159,0.8861851412880197,0.25,0.8861851412880197,0.8861851412880197,0.17723702825760396,0.5,True,0.4,4.0,50,1,0.8225666271592177
distributed_allocation_v1,coordination,light_screen_0.3,19,0.2,0.3,0.9589419161172037,0.9486773951465047,1.0,0.9486773951465047,0.9486773951465047,0.18973547902930096,0.15,False,,1.0,85,0,0.9538096556318543
distributed_allocation_v1,coordination,tight_screen_0.3,20,0.2,0.3,0.7575072127899833,0.8968840159874791,0.2,0.8968840159874791,0.8968840159874791,0.17937680319749583,0.8,True,0.6,6.0,30,2,0.8271956143887312
distributed_allocation_v1,coordination,moderate_screen_0.3,20,0.2,0.3,0.7735066692827173,0.9043833366033966,0.25,0.9043833366033966,0.9043833366033966,0.18087666732067934,0.5,True,0.4,4.0,50,1,0.8389450029430569
distributed_allocation_v1,coordination,light_screen_0.3,20,0.2,0.3,0.9532631215056511,0.941578901882064,1.0,0.941578901882064,0.941578901882064,0.1883157803764128,0.15,False,,1.0,85,0,0.9474210116938576
distributed_allocation_v1,coordination,tight_screen_0.3,21,0.2,0.3,0.7399636511364951,0.8749545639206189,0.2,0.8749545639206189,0.8749545639206189,0.1749909127841238,0.8,True,0.6,6.0,30,2,0.8074591075285571
distributed_allocation_v1,coordination,moderate_screen_0.3,21,0.2,0.3,0.6869675443127747,0.7962094303909684,0.25,0.7962094303909684,0.7962094303909684,0.15924188607819367,0.5,True,0.4,4.0,50,1,0.7415884873518716
distributed_allocation_v1,coordination,light_screen_0.3,21,0.2,0.3,0.9807677329736271,0.9759596662170338,1.0,0.9759596662170338,0.9759596662170338,0.19519193324340678,0.15,False,,1.0,85,0,0.9783636995953303
distributed_allocation_v1,coordination,tight_screen_0.3,22,0.2,0.3,0.7551266801690293,0.8939083502112867,0.2,0.8939083502112867,0.8939083502112867,0.17878167004225734,0.8,True,0.6,6.0,30,2,0.8245175151901579
distributed_allocation_v1,coordination,moderate_screen_0.3,22,0.2,0.3,0.7691255417215956,0.8989069271519945,0.25,0.8989069271519945,0.8989069271519945,0.1797813854303989,0.5,True,0.4,4.0,50,1,0.8340162344367951
distributed_allocation_v1,coordination,light_screen_0.3,22,0.2,0.3,0.9815007236793158,0.9768759045991449,1.0,0.9768759045991449,0.9768759045991449,0.19537518091982897,0.15,False,,1.0,85,0,0.9791883141392304
distributed_allocation_v1,coordination,tight_screen_0.3,23,0.2,0.3,0.69802031632712,0.8225253954089,0.2,0.8225253954089,0.8225253954089,0.16450507908178003,0.8,True,0.6,6.0,30,2,0.76027285586801
distributed_allocation_v1,coordination,moderate_screen_0.3,23,0.2,0.3,0.740541227138958,0.8631765339236974,0.25,0.8631765339236974,0.8631765339236974,0.17263530678473948,0.5,True,0.4,4.0,50,1,0.8018588805313277
distributed_allocation_v1,coordination,light_screen_0.3,23,0.2,0.3,0.9822777766769237,0.9778472208461546,1.0,0.9778472208461546,0.9778472208461546,0.19556944416923094,0.15,False,,1.0,85,0,0.9800624987615391
distributed_allocation_v1,coordination,tight_screen_0.3,24,0.2,0.3,0.7541649724776537,0.8927062155970671,0.2,0.8927062155970671,0.8927062155970671,0.17854124311941344,0.8,True,0.6,6.0,30,2,0.8234355940373603
distributed_allocation_v1,coordination,moderate_screen_0.3,24,0.2,0.3,0.7533259507058819,0.8791574383823524,0.25,0.8791574383823524,0.8791574383823524,0.1758314876764705,0.5,True,0.4,4.0,50,1,0.8162416945441171
distributed_allocation_v1,coordination,light_screen_0.3,24,0.2,0.3,0.9638073325637984,0.954759165704748,1.0,0.954759165704748,0.954759165704748,0.1909518331409496,0.15,False,,1.0,85,0,0.9592832491342731
distributed_allocation_v1,coordination,tight_screen_0.3,25,0.2,0.3,0.7067877584234115,0.8334846980292643,0.2,0.8334846980292643,0.8334846980292643,0.16669693960585286,0.8,True,0.6,6.0,30,2,0.7701362282263379
distributed_allocation_v1,coordination,moderate_screen_0.3,25,0.2,0.3,0.752153644398947,0.8776920554986838,0.25,0.8776920554986838,0.8776920554986838,0.17553841109973678,0.5,True,0.4,4.0,50,1,0.8149228499488154
distributed_allocation_v1,coordination,light_screen_0.3,25,0.2,0.3,0.9827791700575301,0.9784739625719128,1.0,0.9784739625719128,0.9784739625719128,0.19569479251438257,0.15,False,,1.0,85,0,0.9806265663147214
distributed_allocation_v1,coordination,tight_screen_0.3,26,0.2,0.3,0.6845371772425484,0.8056714715531854,0.2,0.8056714715531854,0.8056714715531854,0.16113429431063708,0.8,True,0.6,6.0,30,2,0.7451043243978669
distributed_allocation_v1,coordination,moderate_screen_0.3,26,0.2,0.3,0.7786557409623587,0.9108196762029483,0.25,0.9108196762029483,0.9108196762029483,0.18216393524058969,0.5,True,0.4,4.0,50,1,0.8447377085826536
distributed_allocation_v1,coordination,light_screen_0.3,26,0.2,0.3,0.9588974229110829,0.9486217786388537,1.0,0.9486217786388537,0.9486217786388537,0.18972435572777074,0.15,False,,1.0,85,0,0.9537596007749682
distributed_allocation_v1,coordination,tight_screen_0.3,27,0.2,0.3,0.7320550019852987,0.8650687524816234,0.2,0.8650687524816234,0.8650687524816234,0.1730137504963247,0.8,True,0.6,6.0,30,2,0.7985618772334611
distributed_allocation_v1,coordination,moderate_screen_0.3,27,0.2,0.3,0.6838678433600228,0.7923348042000284,0.25,0.7923348042000284,0.7923348042000284,0.1584669608400057,0.5,True,0.4,4.0,50,1,0.7381013237800256
distributed_allocation_v1,coordination,light_screen_0.3,27,0.2,0.3,0.979096311814134,0.9738703897676676,1.0,0.9738703897676676,0.9738703897676676,0.19477407795353352,0.15,False,,1.0,85,0,0.9764833507909009
distributed_allocation_v1,coordination,tight_screen_0.3,28,0.2,0.3,0.6864894595591243,0.8081118244489054,0.2,0.8081118244489054,0.8081118244489054,0.1616223648897811,0.8,True,0.6,6.0,30,2,0.7473006420040148
distributed_allocation_v1,coordination,moderate_screen_0.3,28,0.2,0.3,0.7157516326221047,0.8321895407776309,0.25,0.8321895407776309,0.8321895407776309,0.16643790815552617,0.5,True,0.4,4.0,50,1,0.7739705866998677
distributed_allocation_v1,coordination,light_screen_0.3,28,0.2,0.3,0.9793943736851045,0.9742429671063807,1.0,0.9742429671063807,0.9742429671063807,0.19484859342127614,0.15,False,,1.0,85,0,0.9768186703957425
distributed_allocation_v1,coordination,tight_screen_0.3,29,0.2,0.3,0.7702529036041075,0.9128161295051342,0.2,0.9128161295051342,0.9128161295051342,0.18256322590102686,0.8,True,0.6,6.0,30,2,0.8415345165546209
distributed_allocation_v1,coordination,moderate_screen_0.3,29,0.2,0.3,0.7015498583123775,0.8144373228904718,0.25,0.8144373228904718,0.8144373228904718,0.16288746457809436,0.5,True,0.4,4.0,50,1,0.7579935906014246
distributed_allocation_v1,coordination,light_screen_0.3,29,0.2,0.3,0.9850044769204636,0.9812555961505796,1.0,0.9812555961505796,0.9812555961505796,0.19625111923011593,0.15,False,,1.0,85,0,0.9831300365355217
distributed_allocation_v1,coordination,tight_screen_0.4,0,0.2,0.4,0.7158958042259209,0.8448697552824012,0.2,0.8448697552824012,0.8448697552824012,0.16897395105648025,0.8,True,0.6,6.0,30,2,0.7803827797541611
distributed_allocation_v1,coordination,moderate_screen_0.4,0,0.2,0.4,0.7565270315943033,0.8831587894928792,0.25,0.8831587894928792,0.8831587894928792,0.17663175789857585,0.5,True,0.4,4.0,50,1,0.8198429105435913
distributed_allocation_v1,coordination,light_screen_0.4,0,0.2,0.4,0.9713140057435532,0.9641425071794416,1.0,0.9641425071794416,0.9641425071794416,0.19282850143588834,0.15,False,,1.0,85,0,0.9677282564614974
distributed_allocation_v1,coordination,tight_screen_0.4,1,0.2,0.4,0.7303361543080182,0.8629201928850228,0.2,0.8629201928850228,0.8629201928850228,0.17258403857700455,0.8,True,0.6,6.0,30,2,0.7966281735965205
distributed_allocation_v1,coordination,moderate_screen_0.4,1,0.2,0.4,0.7294745067957868,0.8493431334947336,0.25,0.8493431334947336,0.8493431334947336,0.16986862669894673,0.5,True,0.4,4.0,50,1,0.7894088201452603
distributed_allocation_v1,coordination,light_screen_0.4,1,0.2,0.4,0.941433367874416,0.9267917098430202,1.0,0.9267917098430202,0.9267917098430202,0.18535834196860404,0.15,False,,1.0,85,0,0.934112538858718
distributed_allocation_v1,coordination,tight_screen_0.4,2,0.2,0.4,0.695578172474435,0.8194727155930437,0.2,0.8194727155930437,0.8194727155930437,0.16389454311860874,0.8,True,0.6,6.0,30,2,0.7575254440337393
distributed_allocation_v1,coordination,moderate_screen_0.4,2,0.2,0.4,0.7709343021132671,0.9011678776415839,0.25,0.9011678776415839,0.9011678776415839,0.1802335755283168,0.5,True,0.4,4.0,50,1,0.8360510898774255
distributed_allocation_v1,coordination,light_screen_0.4,2,0.2,0.4,0.988491031535079,0.9856137894188487,1.0,0.9856137894188487,0.9856137894188487,0.19712275788376976,0.15,False,,1.0,85,0,0.9870524104769637
distributed_allocation_v1,coordination,tight_screen_0.4,3,0.2,0.4,0.7173342575066095,0.846667821883262,0.2,0.846667821883262,0.846667821883262,0.1693335643766524,0.8,True,0.6,6.0,30,2,0.7820010396949357
distributed_allocation_v1,coordination,moderate_screen_0.4,3,0.2,0.4,0.7178039449739717,0.8347549312174647,0.25,0.8347549312174647,0.8347549312174647,0.16695098624349294,0.5,True,0.4,4.0,50,1,0.7762794380957182
distributed_allocation_v1,coordination,light_screen_0.4,3,0.2,0.4,0.975356176099901,0.9691952201248764,1.0,0.9691952201248764,0.9691952201248764,0.1938390440249753,0.15,False,,1.0,85,0,0.9722756981123887
distributed_allocation_v1,coordination,tight_screen_0.4,4,0.2,0.4,0.735926806302117,0.8699085078776463,0.2,0.8699085078776463,0.8699085078776463,0.17398170157552928,0.8,True,0.6,6.0,30,2,0.8029176570898816
distributed_allocation_v1,coordination,moderate_screen_0.4,4,0.2,0.4,0.7963029981647451,0.9328787477059314,0.25,0.9328787477059314,0.9328787477059314,0.18657574954118628,0.5,True,0.4,4.0,50,1,0.8645908729353383
distributed_allocation_v1,coordination,light_screen_0.4,4,0.2,0.4,0.9809205718340164,0.9761507147925205,1.0,0.9761507147925205,0.9761507147925205,0.1952301429585041,0.15,False,,1.0,85,0,0.9785356433132684
distributed_allocation_v1,coordination,tight_screen_0.4,5,0.2,0.4,0.6766519798691959,0.7958149748364949,0.2,0.7958149748364949,0.7958149748364949,0.159162994967299,0.8,True,0.6,6.0,30,2,0.7362334773528454
distributed_allocation_v1,coordination,moderate_screen_0.4,5,0.2,0.4,0.729455639338229,0.8493195491727863,0.25,0.8493195491727863,0.8493195491727863,0.16986390983455726,0.5,True,0.4,4.0,50,1,0.7893875942555076
distributed_allocation_v1,coordination,light_screen_0.4,5,0.2,0.4,0.9805261761503854,0.9756577201879817,1.0,0.9756577201879817,0.9756577201879817,0.19513154403759636,0.15,False,,1.0,85,0,0.9780919481691834
distributed_allocation_v1,coordination,tight_screen_0.4,6,0.2,0.4,0.7320667614154889,0.8650834517693611,0.2,0.8650834517693611,0.8650834517693611,0.17301669035387224,0.8,True,0.6,6.0,30,2,0.7985751065924249
distributed_allocation_v1,coordination,moderate_screen_0.4,6,0.2,0.4,0.728446233318637,0.8480577916482963,0.25,0.8480577916482963,0.8480577916482963,0.16961155832965927,0.5,True,0.4,4.0,50,1,0.7882520124834665
distributed_allocation_v1,coordination,light_screen_0.4,6,0.2,0.4,0.9786825348417729,0.9733531685522163,1.0,0.9733531685522163,0.9733531685522163,0.19467063371044327,0.15,False,,1.0,85,0,0.9760178516969945
distributed_allocation_v1,coordination,tight_screen_0.4,7,0.2,0.4,0.7738552993076526,0.9173191241345658,0.2,0.9173191241345658,0.9173191241345658,0.18346382482691317,0.8,True,0.6,6.0,30,2,0.8455872117211092
distributed_allocation_v1,coordination,moderate_screen_0.4,7,0.2,0.4,0.7734967799737984,0.9043709749672479,0.25,0.9043709749672479,0.9043709749672479,0.1808741949934496,0.5,True,0.4,4.0,50,1,0.8389338774705232
distributed_allocation_v1,coordination,light_screen_0.4,7,0.2,0.4,0.9786910175401426,0.9733637719251783,1.0,0.9733637719251783,0.9733637719251783,0.19467275438503567,0.15,False,,1.0,85,0,0.9760273947326604
distributed_allocation_v1,coordination,tight_screen_0.4,8,0.2,0.4,0.7390871620425561,0.8738589525531951,0.2,0.8738589525531951,0.8738589525531951,0.17477179051063904,0.8,True,0.6,6.0,30,2,0.8064730572978757
distributed_allocation_v1,coordination,moderate_screen_0.4,8,0.2,0.4,0.7410784076627914,0.8638480095784892,0.25,0.8638480095784892,0.8638480095784892,0.17276960191569785,0.5,True,0.4,4.0,50,1,0.8024632086206402
distributed_allocation_v1,coordination,light_screen_0.4,8,0.2,0.4,0.9798536034890237,0.9748170043612798,1.0,0.9748170043612798,0.9748170043612798,0.19496340087225597,0.15,False,,1.0,85,0,0.9773353039251517
distributed_allocation_v1,coordination,tight_screen_0.4,9,0.2,0.4,0.7655563468704132,0.9069454335880164,0.2,0.9069454335880164,0.9069454335880164,0.1813890867176033,0.8,True,0.6,6.0,30,2,0.8362508902292147
distributed_allocation_v1,coordination,moderate_screen_0.4,9,0.2,0.4,0.7421620235446946,0.8652025294308683,0.25,0.8652025294308683,0.8652025294308683,0.17304050588617367,0.5,True,0.4,4.0,50,1,0.8036822764877815
distributed_allocation_v1,coordination,light_screen_0.4,9,0.2,0.4,0.9912212938940639,0.9890266173675799,1.0,0.9890266173675799,0.9890266173675799,0.19780532347351598,0.15,False,,1.0,85,0,0.9901239556308219
distributed_allocation_v1,coordination,tight_screen_0.4,10,0.2,0.4,0.7148323048709748,0.8435403810887185,0.2,0.8435403810887185,0.8435403810887185,0.16870807621774372,0.8,True,0.6,6.0,30,2,0.7791863429798467
distributed_allocation_v1,coordination,moderate_screen_0.4,10,0.2,0.4,0.7343804959900326,0.8554756199875408,0.25,0.8554756199875408,0.8554756199875408,0.17109512399750818,0.5,True,0.4,4.0,50,1,0.7949280579887866
distributed_allocation_v1,coordination,light_screen_0.4,10,0.2,0.4,0.9826679687627309,0.9783349609534138,1.0,0.9783349609534138,0.9783349609534138,0.19566699219068276,0.15,False,,1.0,85,0,0.9805014648580722
distributed_allocation_v1,coordination,tight_screen_0.4,11,0.2,0.4,0.726081533781659,0.8576019172270737,0.2,0.8576019172270737,0.8576019172270737,0.17152038344541476,0.8,True,0.6,6.0,30,2,0.7918417255043663
distributed_allocation_v1,coordination,moderate_screen_0.4,11,0.2,0.4,0.7404021150397362,0.8630026437996703,0.25,0.8630026437996703,0.8630026437996703,0.17260052875993406,0.5,True,0.4,4.0,50,1,0.8017023794197032
distributed_allocation_v1,coordination,light_screen_0.4,11,0.2,0.4,0.9770420749089976,0.9713025936362472,1.0,0.9713025936362472,0.9713025936362472,0.19426051872724945,0.15,False,,1.0,85,0,0.9741723342726224
distributed_allocation_v1,coordination,tight_screen_0.4,12,0.2,0.4,0.7628157444826082,0.9035196806032604,0.2,0.9035196806032604,0.9035196806032604,0.18070393612065208,0.8,True,0.6,6.0,30,2,0.8331677125429342
distributed_allocation_v1,coordination,moderate_screen_0.4,12,0.2,0.4,0.7364169515272574,0.8580211894090717,0.25,0.8580211894090717,0.8580211894090717,0.17160423788181434,0.5,True,0.4,4.0,50,1,0.7972190704681645
distributed_allocation_v1,coordination,light_screen_0.4,12,0.2,0.4,0.9835177942330107,0.9793972427912635,1.0,0.9793972427912635,0.9793972427912635,0.1958794485582527,0.15,False,,1.0,85,0,0.981457518512137
distributed_allocation_v1,coordination,tight_screen_0.4,13,0.2,0.4,0.6771212235148385,0.796401529393548,0.2,0.796401529393548,0.796401529393548,0.15928030587870962,0.8,True,0.6,6.0,30,2,0.7367613764541932
distributed_allocation_v1,coordination,moderate_screen_0.4,13,0.2,0.4,0.8126010579833706,0.9532513224792132,0.25,0.9532513224792132,0.9532513224792132,0.19065026449584266,0.5,True,0.4,4.0,50,1,0.8829261902312918
distributed_allocation_v1,coordination,light_screen_0.4,13,0.2,0.4,0.97250628610757,0.9656328576344626,1.0,0.9656328576344626,0.9656328576344626,0.19312657152689253,0.15,False,,1.0,85,0,0.9690695718710162
distributed_allocation_v1,coordination,tight_screen_0.4,14,0.2,0.4,0.7417098300244236,0.8771372875305294,0.2,0.8771372875305294,0.8771372875305294,0.1754274575061059,0.8,True,0.6,6.0,30,2,0.8094235587774765
distributed_allocation_v1,coordination,moderate_screen_0.4,14,0.2,0.4,0.7737822010598254,0.9047277513247817,0.25,0.9047277513247817,0.9047277513247817,0.18094555026495635,0.5,True,0.4,4.0,50,1,0.8392549761923035
distributed_allocation_v1,coordination,light_screen_0.4,14,0.2,0.4,0.9870960427234221,0.9838700534042777,1.0,0.9838700534042777,0.9838700534042777,0.19677401068085554,0.15,False,,1.0,85,0,0.9854830480638499
distributed_allocation_v1,coordination,tight_screen_0.4,15,0.2,0.4,0.7645429905277061,0.9056787381596326,0.2,0.9056787381596326,0.9056787381596326,0.18113574763192652,0.8,True,0.6,6.0,30,2,0.8351108643436693
distributed_allocation_v1,coordination,moderate_screen_0.4,15,0.2,0.4,0.7638106203445432,0.8922632754306788,0.25,0.8922632754306788,0.8922632754306788,0.17845265508613578,0.5,True,0.4,4.0,50,1,0.828036947887611
distributed_allocation_v1,coordination,light_screen_0.4,15,0.2,0.4,0.9832785240859245,0.9790981551074057,1.0,0.9790981551074057,0.9790981551074057,0.19581963102148114,0.15,False,,1.0,85,0,0.9811883395966651
distributed_allocation_v1,coordination,tight_screen_0.4,16,0.2,0.4,0.6773497608783892,0.7966872010979864,0.2,0.7966872010979864,0.7966872010979864,0.15933744021959728,0.8,True,0.6,6.0,30,2,0.7370184809881878
distributed_allocation_v1,coordination,moderate_screen_0.4,16,0.2,0.4,0.7881564688831515,0.9226955861039394,0.25,0.9226955861039394,0.9226955861039394,0.1845391172207879,0.5,True,0.4,4.0,50,1,0.8554260274935453
distributed_allocation_v1,coordination,light_screen_0.4,16,0.2,0.4,0.9887521709163445,0.9859402136454307,1.0,0.9859402136454307,0.9859402136454307,0.19718804272908616,0.15,False,,1.0,85,0,0.9873461922808876
distributed_allocation_v1,coordination,tight_screen_0.4,17,0.2,0.4,0.7226097807560768,0.853262225945096,0.2,0.853262225945096,0.853262225945096,0.17065244518901923,0.8,True,0.6,6.0,30,2,0.7879360033505864
distributed_allocation_v1,coordination,moderate_screen_0.4,17,0.2,0.4,0.7967980150669329,0.9334975188336662,0.25,0.9334975188336662,0.9334975188336662,0.18669950376673325,0.5,True,0.4,4.0,50,1,0.8651477669502996
distributed_allocation_v1,coordination,light_screen_0.4,17,0.2,0.4,0.988050264708028,0.9850628308850351,1.0,0.9850628308850351,0.9850628308850351,0.19701256617700702,0.15,False,,1.0,85,0,0.9865565477965316
distributed_allocation_v1,coordination,tight_screen_0.4,18,0.2,0.4,0.7258327129229991,0.8572908911537489,0.2,0.8572908911537489,0.8572908911537489,0.1714581782307498,0.8,True,0.6,6.0,30,2,0.7915618020383741
distributed_allocation_v1,coordination,moderate_screen_0.4,18,0.2,0.4,0.7690749700875976,0.898843712609497,0.25,0.898843712609497,0.898843712609497,0.17976874252189942,0.5,True,0.4,4.0,50,1,0.8339593413485474
distributed_allocation_v1,coordination,light_screen_0.4,18,0.2,0.4,0.9863230032438137,0.9829037540547672,1.0,0.9829037540547672,0.9829037540547672,0.19658075081095344,0.15,False,,1.0,85,0,0.9846133786492904
distributed_allocation_v1,coordination,tight_screen_0.4,19,0.2,0.4,0.6951810266970979,0.8189762833713723,0.2,0.8189762833713723,0.8189762833713723,0.16379525667427447,0.8,True,0.6,6.0,30,2,0.757078655034235
distributed_allocation_v1,coordination,moderate_screen_0.4,19,0.2,0.4,0.7383851963041179,0.8604814953801474,0.25,0.8604814953801474,0.8604814953801474,0.1720962990760295,0.5,True,0.4,4.0,50,1,0.7994333458421327
distributed_allocation_v1,coordination,light_screen_0.4,19,0.2,0.4,0.9726350286047865,0.9657937857559832,1.0,0.9657937857559832,0.9657937857559832,0.19315875715119665,0.15,False,,1.0,85,0,0.9692144071803849
distributed_allocation_v1,coordination,tight_screen_0.4,20,0.2,0.4,0.6914674048260234,0.8143342560325293,0.2,0.8143342560325293,0.8143342560325293,0.16286685120650587,0.8,True,0.6,6.0,30,2,0.7529008304292764
distributed_allocation_v1,coordination,moderate_screen_0.4,20,0.2,0.4,0.7975822090670441,0.9344777613338051,0.25,0.9344777613338051,0.9344777613338051,0.18689555226676102,0.5,True,0.4,4.0,50,1,0.8660299852004246
distributed_allocation_v1,coordination,light_screen_0.4,20,0.2,0.4,0.9823186771933541,0.9778983464916926,1.0,0.9778983464916926,0.9778983464916926,0.19557966929833853,0.15,False,,1.0,85,0,0.9801085118425233
distributed_allocation_v1,coordination,tight_screen_0.4,21,0.2,0.4,0.7142283239958129,0.8427854049947661,0.2,0.8427854049947661,0.8427854049947661,0.16855708099895322,0.8,True,0.6,6.0,30,2,0.7785068644952895
distributed_allocation_v1,coordination,moderate_screen_0.4,21,0.2,0.4,0.7920331625081146,0.9275414531351432,0.25,0.9275414531351432,0.9275414531351432,0.18550829062702867,0.5,True,0.4,4.0,50,1,0.8597873078216288
distributed_allocation_v1,coordination,light_screen_0.4,21,0.2,0.4,0.9879510016419031,0.9849387520523789,1.0,0.9849387520523789,0.9849387520523789,0.19698775041047578,0.15,False,,1.0,85,0,0.986444876847141
distributed_allocation_v1,coordination,tight_screen_0.4,22,0.2,0.4,0.66523499114586,0.781543738932325,0.2,0.781543738932325,0.781543738932325,0.156308747786465,0.8,True,0.6,6.0,30,2,0.7233893650390925
distributed_allocation_v1,coordination,moderate_screen_0.4,22,0.2,0.4,0.762392924875096,0.89049115609387,0.25,0.89049115609387,0.89049115609387,0.178098231218774,0.5,True,0.4,4.0,50,1,0.826442040484483
distributed_allocation_v1,coordination,light_screen_0.4,22,0.2,0.4,0.9768918586055308,0.9711148232569137,1.0,0.9711148232569137,0.9711148232569137,0.19422296465138275,0.15,False,,1.0,85,0,0.9740033409312223
distributed_allocation_v1,coordination,tight_screen_0.4,23,0.2,0.4,0.7126854849353152,0.840856856169144,0.2,0.840856856169144,0.840856856169144,0.1681713712338288,0.8,True,0.6,6.0,30,2,0.7767711705522296
distributed_allocation_v1,coordination,moderate_screen_0.4,23,0.2,0.4,0.789450583751125,0.9243132296889062,0.25,0.9243132296889062,0.9243132296889062,0.18486264593778123,0.5,True,0.4,4.0,50,1,0.8568819067200156
distributed_allocation_v1,coordination,light_screen_0.4,23,0.2,0.4,0.9847669561154069,0.9809586951442587,1.0,0.9809586951442587,0.9809586951442587,0.19619173902885176,0.15,False,,1.0,85,0,0.9828628256298328
distributed_allocation_v1,coordination,tight_screen_0.4,24,0.2,0.4,0.7786539023050836,0.9233173778813544,0.2,0.9233173778813544,0.9233173778813544,0.18466347557627089,0.8,True,0.6,6.0,30,2,0.850985640093219
distributed_allocation_v1,coordination,moderate_screen_0.4,24,0.2,0.4,0.7741726660028663,0.9052158325035828,0.25,0.9052158325035828,0.9052158325035828,0.18104316650071658,0.5,True,0.4,4.0,50,1,0.8396942492532246
distributed_allocation_v1,coordination,light_screen_0.4,24,0.2,0.4,0.9758210068836624,0.969776258604578,1.0,0.969776258604578,0.969776258604578,0.1939552517209156,0.15,False,,1.0,85,0,0.9727986327441202
distributed_allocation_v1,coordination,tight_screen_0.4,25,0.2,0.4,0.6916501874125415,0.8145627342656768,0.2,0.8145627342656768,0.8145627342656768,0.1629125468531354,0.8,True,0.6,6.0,30,2,0.7531064608391091
distributed_allocation_v1,coordination,moderate_screen_0.4,25,0.2,0.4,0.7422485386901552,0.865310673362694,0.25,0.865310673362694,0.865310673362694,0.1730621346725388,0.5,True,0.4,4.0,50,1,0.8037796060264246
distributed_allocation_v1,coordination,light_screen_0.4,25,0.2,0.4,0.9825608563949162,0.9782010704936452,1.0,0.9782010704936452,0.9782010704936452,0.19564021409872906,0.15,False,,1.0,85,0,0.9803809634442807
distributed_allocation_v1,coordination,tight_screen_0.4,26,0.2,0.4,0.6437126277350422,0.7546407846688028,0.2,0.7546407846688028,0.7546407846688028,0.15092815693376058,0.8,True,0.6,6.0,30,2,0.6991767062019225
distributed_allocation_v1,coordination,moderate_screen_0.4,26,0.2,0.4,0.787950678272651,0.9224383478408137,0.25,0.9224383478408137,0.9224383478408137,0.18448766956816276,0.5,True,0.4,4.0,50,1,0.8551945130567323
distributed_allocation_v1,coordination,light_screen_0.4,26,0.2,0.4,0.9726700768342575,0.965837596042822,1.0,0.965837596042822,0.965837596042822,0.19316751920856443,0.15,False,,1.0,85,0,0.9692538364385398
distributed_allocation_v1,coordination,tight_screen_0.4,27,0.2,0.4,0.7377450288794669,0.8721812860993337,0.2,0.8721812860993337,0.8721812860993337,0.17443625721986675,0.8,True,0.6,6.0,30,2,0.8049631574894003
distributed_allocation_v1,coordination,moderate_screen_0.4,27,0.2,0.4,0.7319315968056301,0.8524144960070377,0.25,0.8524144960070377,0.8524144960070377,0.17048289920140755,0.5,True,0.4,4.0,50,1,0.792173046406334
distributed_allocation_v1,coordination,light_screen_0.4,27,0.2,0.4,0.9778152097743826,0.9722690122179782,1.0,0.9722690122179782,0.9722690122179782,0.19445380244359567,0.15,False,,1.0,85,0,0.9750421109961803
distributed_allocation_v1,coordination,tight_screen_0.4,28,0.2,0.4,0.6531157308050874,0.7663946635063593,0.2,0.7663946635063593,0.7663946635063593,0.15327893270127188,0.8,True,0.6,6.0,30,2,0.7097551971557233
distributed_allocation_v1,coordination,moderate_screen_0.4,28,0.2,0.4,0.7406901763591254,0.8633627204489067,0.25,0.8633627204489067,0.8633627204489067,0.17267254408978136,0.5,True,0.4,4.0,50,1,0.8020264484040162
distributed_allocation_v1,coordination,light_screen_0.4,28,0.2,0.4,0.9782993364271471,0.9728741705339339,1.0,0.9728741705339339,0.9728741705339339,0.19457483410678678,0.15,False,,1.0,85,0,0.9755867534805405
distributed_allocation_v1,coordination,tight_screen_0.4,29,0.2,0.4,0.7744359566409076,0.9180449458011345,0.2,0.9180449458011345,0.9180449458011345,0.18360898916022692,0.8,True,0.6,6.0,30,2,0.8462404512210211
distributed_allocation_v1,coordination,moderate_screen_0.4,29,0.2,0.4,0.7903074874284656,0.9253843592855819,0.25,0.9253843592855819,0.9253843592855819,0.1850768718571164,0.5,True,0.4,4.0,50,1,0.8578459233570237
distributed_allocation_v1,coordination,light_screen_0.4,29,0.2,0.4,0.9676951807863465,0.9596189759829332,1.0,0.9596189759829332,0.9596189759829332,0.19192379519658664,0.15,False,,1.0,85,0,0.9636570783846399
distributed_allocation_v1,coordination,tight_screen_0.5,0,0.2,0.5,0.636287763156494,0.7453597039456176,0.2,0.7453597039456176,0.7453597039456176,0.14907194078912353,0.8,True,0.6,6.0,30,2,0.6908237335510558
distributed_allocation_v1,coordination,moderate_screen_0.5,0,0.2,0.5,0.7174647102830495,0.8343308878538118,0.25,0.8343308878538118,0.8343308878538118,0.1668661775707624,0.5,True,0.4,4.0,50,1,0.7758977990684306
distributed_allocation_v1,coordination,light_screen_0.5,0,0.2,0.5,0.9848959633432333,0.9811199541790417,1.0,0.9811199541790417,0.9811199541790417,0.19622399083580835,0.15,False,,1.0,85,0,0.9830079587611374
distributed_allocation_v1,coordination,tight_screen_0.5,1,0.2,0.5,0.7244602535091127,0.8555753168863909,0.2,0.8555753168863909,0.8555753168863909,0.1711150633772782,0.8,True,0.6,6.0,30,2,0.7900177851977519
distributed_allocation_v1,coordination,moderate_screen_0.5,1,0.2,0.5,0.7690646496241064,0.8988308120301329,0.25,0.8988308120301329,0.8988308120301329,0.1797661624060266,0.5,True,0.4,4.0,50,1,0.8339477308271196
distributed_allocation_v1,coordination,light_screen_0.5,1,0.2,0.5,0.9865768778833353,0.9832210973541691,1.0,0.9832210973541691,0.9832210973541691,0.19664421947083383,0.15,False,,1.0,85,0,0.984898987618752
distributed_allocation_v1,coordination,tight_screen_0.5,2,0.2,0.5,0.7005533578193105,0.825691697274138,0.2,0.825691697274138,0.825691697274138,0.16513833945482762,0.8,True,0.6,6.0,30,2,0.7631225275467243
distributed_allocation_v1,coordination,moderate_screen_0.5,2,0.2,0.5,0.7500165653710852,0.8750207067138565,0.25,0.8750207067138565,0.8750207067138565,0.1750041413427713,0.5,True,0.4,4.0,50,1,0.8125186360424708
distributed_allocation_v1,coordination,light_screen_0.5,2,0.2,0.5,0.9672671995596045,0.9590839994495057,1.0,0.9590839994495057,0.9590839994495057,0.19181679988990116,0.15,False,,1.0,85,0,0.9631755995045551
distributed_allocation_v1,coordination,tight_screen_0.5,3,0.2,0.5,0.6926712126674317,0.8158390158342896,0.2,0.8158390158342896,0.8158390158342896,0.16316780316685794,0.8,True,0.6,6.0,30,2,0.7542551142508607
distributed_allocation_v1,coordination,moderate_screen_0.5,3,0.2,0.5,0.7239739426680829,0.8424674283351037,0.25,0.8424674283351037,0.8424674283351037,0.16849348566702074,0.5,True,0.4,4.0,50,1,0.7832206855015932
distributed_allocation_v1,coordination,light_screen_0.5,3,0.2,0.5,0.9821909917676648,0.9777387397095811,1.0,0.9777387397095811,0.9777387397095811,0.19554774794191623,0.15,False,,1.0,85,0,0.979964865738623
distributed_allocation_v1,coordination,tight_screen_0.5,4,0.2,0.5,0.7111274880528142,0.8389093600660177,0.2,0.8389093600660177,0.8389093600660177,0.16778187201320355,0.8,True,0.6,6.0,30,2,0.7750184240594159
distributed_allocation_v1,coordination,moderate_screen_0.5,4,0.2,0.5,0.7766914566669312,0.908364320833664,0.25,0.908364320833664,0.908364320833664,0.1816728641667328,0.5,True,0.4,4.0,50,1,0.8425278887502975
distributed_allocation_v1,coordination,light_screen_0.5,4,0.2,0.5,0.9715303933703971,0.9644129917129965,1.0,0.9644129917129965,0.9644129917129965,0.19288259834259933,0.15,False,,1.0,85,0,0.9679716925416969
distributed_allocation_v1,coordination,tight_screen_0.5,5,0.2,0.5,0.6554251516118818,0.7692814395148522,0.2,0.7692814395148522,0.7692814395148522,0.15385628790297046,0.8,True,0.6,6.0,30,2,0.7123532955633669
distributed_allocation_v1,coordination,moderate_screen_0.5,5,0.2,0.5,0.7716009892863318,0.9020012366079146,0.25,0.9020012366079146,0.9020012366079146,0.18040024732158294,0.5,True,0.4,4.0,50,1,0.8368011129471232
distributed_allocation_v1,coordination,light_screen_0.5,5,0.2,0.5,0.9752766227371412,0.9690957784214265,1.0,0.9690957784214265,0.9690957784214265,0.19381915568428532,0.15,False,,1.0,85,0,0.9721862005792837
distributed_allocation_v1,coordination,tight_screen_0.5,6,0.2,0.5,0.7551277929777842,0.8939097412222303,0.2,0.8939097412222303,0.8939097412222303,0.17878194824444607,0.8,True,0.6,6.0,30,2,0.8245187671000072
distributed_allocation_v1,coordination,moderate_screen_0.5,6,0.2,0.5,0.7776405452976547,0.9095506816220684,0.25,0.9095506816220684,0.9095506816220684,0.1819101363244137,0.5,True,0.4,4.0,50,1,0.8435956134598616
distributed_allocation_v1,coordination,light_screen_0.5,6,0.2,0.5,0.9760901961927613,0.9701127452409517,1.0,0.9701127452409517,0.9701127452409517,0.19402254904819036,0.15,False,,1.0,85,0,0.9731014707168565
distributed_allocation_v1,coordination,tight_screen_0.5,7,0.2,0.5,0.7069316924028866,0.8336646155036083,0.2,0.8336646155036083,0.8336646155036083,0.16673292310072166,0.8,True,0.6,6.0,30,2,0.7702981539532474
distributed_allocation_v1,coordination,moderate_screen_0.5,7,0.2,0.5,0.7600814009396717,0.8876017511745895,0.25,0.8876017511745895,0.8876017511745895,0.1775203502349179,0.5,True,0.4,4.0,50,1,0.8238415760571306
distributed_allocation_v1,coordination,light_screen_0.5,7,0.2,0.5,0.9794747802791035,0.9743434753488794,1.0,0.9743434753488794,0.9743434753488794,0.1948686950697759,0.15,False,,1.0,85,0,0.9769091278139915
distributed_allocation_v1,coordination,tight_screen_0.5,8,0.2,0.5,0.7716257418003343,0.9145321772504179,0.2,0.9145321772504179,0.9145321772504179,0.1829064354500836,0.8,True,0.6,6.0,30,2,0.843078959525376
distributed_allocation_v1,coordination,moderate_screen_0.5,8,0.2,0.5,0.7286682993928034,0.8483353742410042,0.25,0.8483353742410042,0.8483353742410042,0.16966707484820087,0.5,True,0.4,4.0,50,1,0.7885018368169038
distributed_allocation_v1,coordination,light_screen_0.5,8,0.2,0.5,0.9706736776165068,0.9633420970206337,1.0,0.9633420970206337,0.9633420970206337,0.19266841940412674,0.15,False,,1.0,85,0,0.9670078873185702
distributed_allocation_v1,coordination,tight_screen_0.5,9,0.2,0.5,0.7194748921337494,0.8493436151671867,0.2,0.8493436151671867,0.8493436151671867,0.16986872303343736,0.8,True,0.6,6.0,30,2,0.784409253650468
distributed_allocation_v1,coordination,moderate_screen_0.5,9,0.2,0.5,0.6990997921186234,0.8113747401482791,0.25,0.8113747401482791,0.8113747401482791,0.16227494802965584,0.5,True,0.4,4.0,50,1,0.7552372661334512
distributed_allocation_v1,coordination,light_screen_0.5,9,0.2,0.5,0.9814172591793917,0.9767715739742397,1.0,0.9767715739742397,0.9767715739742397,0.19535431479484797,0.15,False,,1.0,85,0,0.9790944165768157
distributed_allocation_v1,coordination,tight_screen_0.5,10,0.2,0.5,0.7367787073338835,0.8709733841673544,0.2,0.8709733841673544,0.8709733841673544,0.1741946768334709,0.8,True,0.6,6.0,30,2,0.8038760457506189
distributed_allocation_v1,coordination,moderate_screen_0.5,10,0.2,0.5,0.7678888536956623,0.8973610671195777,0.25,0.8973610671195777,0.8973610671195777,0.17947221342391556,0.5,True,0.4,4.0,50,1,0.83262496040762
distributed_allocation_v1,coordination,light_screen_0.5,10,0.2,0.5,0.9889981275851842,0.9862476594814804,1.0,0.9862476594814804,0.9862476594814804,0.1972495318962961,0.15,False,,1.0,85,0,0.9876228935333323
distributed_allocation_v1,coordination,tight_screen_0.5,11,0.2,0.5,0.775052632052943,0.9188157900661788,0.2,0.9188157900661788,0.9188157900661788,0.18376315801323576,0.8,True,0.6,6.0,30,2,0.8469342110595608
distributed_allocation_v1,coordination,moderate_screen_0.5,11,0.2,0.5,0.7691405692716515,0.8989257115895644,0.25,0.8989257115895644,0.8989257115895644,0.17978514231791287,0.5,True,0.4,4.0,50,1,0.8340331404306079
distributed_allocation_v1,coordination,light_screen_0.5,11,0.2,0.5,0.9831973224875081,0.9789966531093852,1.0,0.9789966531093852,0.9789966531093852,0.19579933062187704,0.15,False,,1.0,85,0,0.9810969877984467
distributed_allocation_v1,coordination,tight_screen_0.5,12,0.2,0.5,0.7536693277552828,0.8920866596941035,0.2,0.8920866596941035,0.8920866596941035,0.1784173319388207,0.8,True,0.6,6.0,30,2,0.8228779937246932
distributed_allocation_v1,coordination,moderate_screen_0.5,12,0.2,0.5,0.7661137059683676,0.8951421324604594,0.25,0.8951421324604594,0.8951421324604594,0.17902842649209189,0.5,True,0.4,4.0,50,1,0.8306279192144134
distributed_allocation_v1,coordination,light_screen_0.5,12,0.2,0.5,0.9872914787591631,0.9841143484489541,1.0,0.9841143484489541,0.9841143484489541,0.19682286968979082,0.15,False,,1.0,85,0,0.9857029136040586
distributed_allocation_v1,coordination,tight_screen_0.5,13,0.2,0.5,0.7260402341921538,0.8575502927401922,0.2,0.8575502927401922,0.8575502927401922,0.17151005854803847,0.8,True,0.6,6.0,30,2,0.7917952634661729
distributed_allocation_v1,coordination,moderate_screen_0.5,13,0.2,0.5,0.7812232561688552,0.9140290702110689,0.25,0.9140290702110689,0.9140290702110689,0.1828058140422138,0.5,True,0.4,4.0,50,1,0.8476261631899621
distributed_allocation_v1,coordination,light_screen_0.5,13,0.2,0.5,0.9646157775144706,0.9557697218930883,1.0,0.9557697218930883,0.9557697218930883,0.19115394437861766,0.15,False,,1.0,85,0,0.9601927497037794
distributed_allocation_v1,coordination,tight_screen_0.5,14,0.2,0.5,0.742586357111457,0.8782329463893213,0.2,0.8782329463893213,0.8782329463893213,0.17564658927786425,0.8,True,0.6,6.0,30,2,0.8104096517503891
distributed_allocation_v1,coordination,moderate_screen_0.5,14,0.2,0.5,0.7374810372858356,0.8593512966072944,0.25,0.8593512966072944,0.8593512966072944,0.17187025932145888,0.5,True,0.4,4.0,50,1,0.7984161669465649
distributed_allocation_v1,coordination,light_screen_0.5,14,0.2,0.5,0.9810310111827469,0.9762887639784337,1.0,0.9762887639784337,0.9762887639784337,0.19525775279568675,0.15,False,,1.0,85,0,0.9786598875805902
distributed_allocation_v1,coordination,tight_screen_0.5,15,0.2,0.5,0.7175808114707167,0.8469760143383959,0.2,0.8469760143383959,0.8469760143383959,0.16939520286767917,0.8,True,0.6,6.0,30,2,0.7822784129045564
distributed_allocation_v1,coordination,moderate_screen_0.5,15,0.2,0.5,0.7255585403935538,0.8444481754919423,0.25,0.8444481754919423,0.8444481754919423,0.16888963509838847,0.5,True,0.4,4.0,50,1,0.7850033579427481
distributed_allocation_v1,coordination,light_screen_0.5,15,0.2,0.5,0.9844338237453432,0.980542279681679,1.0,0.980542279681679,0.980542279681679,0.1961084559363358,0.15,False,,1.0,85,0,0.982488051713511
distributed_allocation_v1,coordination,tight_screen_0.5,16,0.2,0.5,0.6672129576076772,0.7840161970095965,0.2,0.7840161970095965,0.7840161970095965,0.15680323940191931,0.8,True,0.6,6.0,30,2,0.7256145773086368
distributed_allocation_v1,coordination,moderate_screen_0.5,16,0.2,0.5,0.7800792473848039,0.9125990592310049,0.25,0.9125990592310049,0.9125990592310049,0.182519811846201,0.5,True,0.4,4.0,50,1,0.8463391533079044
distributed_allocation_v1,coordination,light_screen_0.5,16,0.2,0.5,0.9755953301163682,0.9694941626454603,1.0,0.9694941626454603,0.9694941626454603,0.19389883252909207,0.15,False,,1.0,85,0,0.9725447463809141
distributed_allocation_v1,coordination,tight_screen_0.5,17,0.2,0.5,0.7603611959442786,0.9004514949303484,0.2,0.9004514949303484,0.9004514949303484,0.18009029898606968,0.8,True,0.6,6.0,30,2,0.8304063454373134
distributed_allocation_v1,coordination,moderate_screen_0.5,17,0.2,0.5,0.7853183022271197,0.9191478777838997,0.25,0.9191478777838997,0.9191478777838997,0.18382957555677995,0.5,True,0.4,4.0,50,1,0.8522330900055096
distributed_allocation_v1,coordination,light_screen_0.5,17,0.2,0.5,0.9927912581099507,0.9909890726374384,1.0,0.9909890726374384,0.9909890726374384,0.1981978145274877,0.15,False,,1.0,85,0,0.9918901653736946
distributed_allocation_v1,coordination,tight_screen_0.5,18,0.2,0.5,0.719625362650339,0.8495317033129237,0.2,0.8495317033129237,0.8495317033129237,0.16990634066258475,0.8,True,0.6,6.0,30,2,0.7845785329816313
distributed_allocation_v1,coordination,moderate_screen_0.5,18,0.2,0.5,0.7851169657412265,0.8980628738431997,0.3333333333333333,0.8980628738431997,0.8980628738431997,0.17961257476863995,0.5,True,0.4,4.0,50,1,0.8415899197922131
distributed_allocation_v1,coordination,light_screen_0.5,18,0.2,0.5,0.9897037862644347,0.9871297328305435,1.0,0.9871297328305435,0.9871297328305435,0.1974259465661087,0.15,False,,1.0,85,0,0.988416759547489
distributed_allocation_v1,coordination,tight_screen_0.5,19,0.2,0.5,0.7619075451863873,0.902384431482984,0.2,0.902384431482984,0.902384431482984,0.1804768862965968,0.8,True,0.6,6.0,30,2,0.8321459883346856
distributed_allocation_v1,coordination,moderate_screen_0.5,19,0.2,0.5,0.7452158370933281,0.86901979636666,0.25,0.86901979636666,0.86901979636666,0.17380395927333203,0.5,True,0.4,4.0,50,1,0.807117816729994
distributed_allocation_v1,coordination,light_screen_0.5,19,0.2,0.5,0.973020600573449,0.9662757507168112,1.0,0.9662757507168112,0.9662757507168112,0.19325515014336225,0.15,False,,1.0,85,0,0.96964817564513
distributed_allocation_v1,coordination,tight_screen_0.5,20,0.2,0.5,0.6809203149111015,0.8011503936388769,0.2,0.8011503936388769,0.8011503936388769,0.1602300787277754,0.8,True,0.6,6.0,30,2,0.7410353542749891
distributed_allocation_v1,coordination,moderate_screen_0.5,20,0.2,0.5,0.7843301928777584,0.917912741097198,0.25,0.917912741097198,0.917912741097198,0.18358254821943962,0.5,True,0.4,4.0,50,1,0.8511214669874783
distributed_allocation_v1,coordination,light_screen_0.5,20,0.2,0.5,0.9593932195604213,0.9492415244505268,1.0,0.9492415244505268,0.9492415244505268,0.18984830489010537,0.15,False,,1.0,85,0,0.9543173720054742
distributed_allocation_v1,coordination,tight_screen_0.5,21,0.2,0.5,0.7015255472553642,0.8269069340692052,0.2,0.8269069340692052,0.8269069340692052,0.16538138681384107,0.8,True,0.6,6.0,30,2,0.7642162406622847
distributed_allocation_v1,coordination,moderate_screen_0.5,21,0.2,0.5,0.7914036634250698,0.9267545792813372,0.25,0.9267545792813372,0.9267545792813372,0.18535091585626745,0.5,True,0.4,4.0,50,1,0.8590791213532035
distributed_allocation_v1,coordination,light_screen_0.5,21,0.2,0.5,0.9805526477803299,0.9756908097254124,1.0,0.9756908097254124,0.9756908097254124,0.1951381619450825,0.15,False,,1.0,85,0,0.9781217287528712
distributed_allocation_v1,coordination,tight_screen_0.5,22,0.2,0.5,0.6360188283873025,0.745023535484128,0.2,0.745023535484128,0.745023535484128,0.14900470709682562,0.8,True,0.6,6.0,30,2,0.6905211819357152
distributed_allocation_v1,coordination,moderate_screen_0.5,22,0.2,0.5,0.7954438681003244,0.9318048351254056,0.25,0.9318048351254056,0.9318048351254056,0.18636096702508112,0.5,True,0.4,4.0,50,1,0.8636243516128649
distributed_allocation_v1,coordination,light_screen_0.5,22,0.2,0.5,0.9818536038510699,0.9773170048138373,1.0,0.9773170048138373,0.9773170048138373,0.1954634009627675,0.15,False,,1.0,85,0,0.9795853043324535
distributed_allocation_v1,coordination,tight_screen_0.5,23,0.2,0.5,0.6123276399570441,0.7154095499463051,0.2,0.7154095499463051,0.7154095499463051,0.14308190998926104,0.8,True,0.6,6.0,30,2,0.6638685949516746
distributed_allocation_v1,coordination,moderate_screen_0.5,23,0.2,0.5,0.7740198244860462,0.9050247806075578,0.25,0.9050247806075578,0.9050247806075578,0.18100495612151157,0.5,True,0.4,4.0,50,1,0.8395223025468019
distributed_allocation_v1,coordination,light_screen_0.5,23,0.2,0.5,0.9763596248929669,0.9704495311162086,1.0,0.9704495311162086,0.9704495311162086,0.19408990622324174,0.15,False,,1.0,85,0,0.9734045780045876
distributed_allocation_v1,coordination,tight_screen_0.5,24,0.2,0.5,0.7584441131428281,0.8980551414285352,0.2,0.8980551414285352,0.8980551414285352,0.17961102828570705,0.8,True,0.6,6.0,30,2,0.8282496272856816
distributed_allocation_v1,coordination,moderate_screen_0.5,24,0.2,0.5,0.726642285522257,0.8458028569028211,0.25,0.8458028569028211,0.8458028569028211,0.16916057138056423,0.5,True,0.4,4.0,50,1,0.7862225712125389
distributed_allocation_v1,coordination,light_screen_0.5,24,0.2,0.5,0.9913348875848795,0.9891686094810994,1.0,0.9891686094810994,0.9891686094810994,0.1978337218962199,0.15,False,,1.0,85,0,0.9902517485329895
distributed_allocation_v1,coordination,tight_screen_0.5,25,0.2,0.5,0.7334033808964993,0.866754226120624,0.2,0.866754226120624,0.866754226120624,0.1733508452241248,0.8,True,0.6,6.0,30,2,0.8000788035085616
distributed_allocation_v1,coordination,moderate_screen_0.5,25,0.2,0.5,0.760826316598141,0.8885328957476762,0.25,0.8885328957476762,0.8885328957476762,0.17770657914953525,0.5,True,0.4,4.0,50,1,0.8246796061729086
distributed_allocation_v1,coordination,light_screen_0.5,25,0.2,0.5,0.9816576083653676,0.9770720104567097,1.0,0.9770720104567097,0.9770720104567097,0.19541440209134195,0.15,False,,1.0,85,0,0.9793648094110387
distributed_allocation_v1,coordination,tight_screen_0.5,26,0.2,0.5,0.6604518994137185,0.775564874267148,0.2,0.775564874267148,0.775564874267148,0.15511297485342962,0.8,True,0.6,6.0,30,2,0.7180083868404332
distributed_allocation_v1,coordination,moderate_screen_0.5,26,0.2,0.5,0.7628492273717176,0.8910615342146468,0.25,0.8910615342146468,0.8910615342146468,0.17821230684292938,0.5,True,0.4,4.0,50,1,0.8269553807931821
distributed_allocation_v1,coordination,light_screen_0.5,26,0.2,0.5,0.9757676559228932,0.9697095699036165,1.0,0.9697095699036165,0.9697095699036165,0.1939419139807233,0.15,False,,1.0,85,0,0.9727386129132548
distributed_allocation_v1,coordination,tight_screen_0.5,27,0.2,0.5,0.7417319532867908,0.8771649416084883,0.2,0.8771649416084883,0.8771649416084883,0.17543298832169768,0.8,True,0.6,6.0,30,2,0.8094484474476396
distributed_allocation_v1,coordination,moderate_screen_0.5,27,0.2,0.5,0.7900990868961575,0.9251238586201969,0.25,0.9251238586201969,0.9251238586201969,0.1850247717240394,0.5,True,0.4,4.0,50,1,0.8576114727581773
distributed_allocation_v1,coordination,light_screen_0.5,27,0.2,0.5,0.9783449520819267,0.9729311901024084,1.0,0.9729311901024084,0.9729311901024084,0.1945862380204817,0.15,False,,1.0,85,0,0.9756380710921674
distributed_allocation_v1,coordination,tight_screen_0.5,28,0.2,0.5,0.7128750854211123,0.8410938567763904,0.2,0.8410938567763904,0.8410938567763904,0.16821877135527807,0.8,True,0.6,6.0,30,2,0.7769844710987514
distributed_allocation_v1,coordination,moderate_screen_0.5,28,0.2,0.5,0.7497961578621963,0.8747451973277454,0.25,0.8747451973277454,0.8747451973277454,0.17494903946554907,0.5,True,0.4,4.0,50,1,0.8122706775949708
distributed_allocation_v1,coordination,light_screen_0.5,28,0.2,0.5,0.9885822022191895,0.9857277527739868,1.0,0.9857277527739868,0.9857277527739868,0.19714555055479738,0.15,False,,1.0,85,0,0.9871549774965881
distributed_allocation_v1,coordination,tight_screen_0.5,29,0.2,0.5,0.7152631566207573,0.8440789457759467,0.2,0.8440789457759467,0.8440789457759467,0.16881578915518936,0.8,True,0.6,6.0,30,2,0.779671051198352
distributed_allocation_v1,coordination,moderate_screen_0.5,29,0.2,0.5,0.773747864812268,0.9046848310153349,0.25,0.9046848310153349,0.9046848310153349,0.18093696620306698,0.5,True,0.4,4.0,50,1,0.8392163479138014
distributed_allocation_v1,coordination,light_screen_0.5,29,0.2,0.5,0.9820940351373644,0.9776175439217056,1.0,0.9776175439217056,0.9776175439217056,0.19552350878434113,0.15,False,,1.0,85,0,0.9798557895295349
distributed_allocation_v1,coordination,tight_screen_0.6,0,0.2,0.6,0.7403854194951016,0.8754817743688771,0.2,0.8754817743688771,0.8754817743688771,0.17509635487377542,0.8,True,0.6,6.0,30,2,0.8079335969319893
distributed_allocation_v1,coordination,moderate_screen_0.6,0,0.2,0.6,0.7897244183253476,0.9246555229066844,0.25,0.9246555229066844,0.9246555229066844,0.18493110458133688,0.5,True,0.4,4.0,50,1,0.857189970616016
distributed_allocation_v1,coordination,light_screen_0.6,0,0.2,0.6,0.9941649496298852,0.9927061870373567,1.0,0.9927061870373567,0.9927061870373567,0.19854123740747134,0.15,False,,1.0,85,0,0.9934355683336209
distributed_allocation_v1,coordination,tight_screen_0.6,1,0.2,0.6,0.7020493772357834,0.8275617215447293,0.2,0.8275617215447293,0.8275617215447293,0.16551234430894587,0.8,True,0.6,6.0,30,2,0.7648055493902564
distributed_allocation_v1,coordination,moderate_screen_0.6,1,0.2,0.6,0.7609552039844707,0.8886940049805884,0.25,0.8886940049805884,0.8886940049805884,0.1777388009961177,0.5,True,0.4,4.0,50,1,0.8248246044825296
distributed_allocation_v1,coordination,light_screen_0.6,1,0.2,0.6,0.986403485229993,0.9830043565374913,1.0,0.9830043565374913,0.9830043565374913,0.19660087130749826,0.15,False,,1.0,85,0,0.9847039208837421
distributed_allocation_v1,coordination,tight_screen_0.6,2,0.2,0.6,0.7329085152523998,0.8661356440654997,0.2,0.8661356440654997,0.8661356440654997,0.17322712881309996,0.8,True,0.6,6.0,30,2,0.7995220796589497
distributed_allocation_v1,coordination,moderate_screen_0.6,2,0.2,0.6,0.7980863893304715,0.9351079866630893,0.25,0.9351079866630893,0.9351079866630893,0.18702159733261786,0.5,True,0.4,4.0,50,1,0.8665971879967803
distributed_allocation_v1,coordination,light_screen_0.6,2,0.2,0.6,0.9831663226143796,0.9789579032679745,1.0,0.9789579032679745,0.9789579032679745,0.19579158065359492,0.15,False,,1.0,85,0,0.981062112941177
distributed_allocation_v1,coordination,tight_screen_0.6,3,0.2,0.6,0.7163382896163902,0.8454228620204878,0.2,0.8454228620204878,0.8454228620204878,0.16908457240409758,0.8,True,0.6,6.0,30,2,0.780880575818439
distributed_allocation_v1,coordination,moderate_screen_0.6,3,0.2,0.6,0.7887088782189096,0.923386097773637,0.25,0.923386097773637,0.923386097773637,0.1846772195547274,0.5,True,0.4,4.0,50,1,0.8560474879962733
distributed_allocation_v1,coordination,light_screen_0.6,3,0.2,0.6,0.9838024136503103,0.9797530170628879,1.0,0.9797530170628879,0.9797530170628879,0.19595060341257758,0.15,False,,1.0,85,0,0.9817777153565991
distributed_allocation_v1,coordination,tight_screen_0.6,4,0.2,0.6,0.7245435318416695,0.855679414802087,0.2,0.855679414802087,0.855679414802087,0.1711358829604174,0.8,True,0.6,6.0,30,2,0.7901114733218781
distributed_allocation_v1,coordination,moderate_screen_0.6,4,0.2,0.6,0.7772483178837098,0.9090603973546373,0.25,0.9090603973546373,0.9090603973546373,0.18181207947092748,0.5,True,0.4,4.0,50,1,0.8431543576191735
distributed_allocation_v1,coordination,light_screen_0.6,4,0.2,0.6,0.9797949658133029,0.9747437072666286,1.0,0.9747437072666286,0.9747437072666286,0.19494874145332575,0.15,False,,1.0,85,0,0.9772693365399657
distributed_allocation_v1,coordination,tight_screen_0.6,5,0.2,0.6,0.7500725852559091,0.8875907315698863,0.2,0.8875907315698863,0.8875907315698863,0.17751814631397728,0.8,True,0.6,6.0,30,2,0.8188316584128976
distributed_allocation_v1,coordination,moderate_screen_0.6,5,0.2,0.6,0.7653475173510227,0.8941843966887784,0.25,0.8941843966887784,0.8941843966887784,0.1788368793377557,0.5,True,0.4,4.0,50,1,0.8297659570199006
distributed_allocation_v1,coordination,light_screen_0.6,5,0.2,0.6,0.9915621750275934,0.9894527187844917,1.0,0.9894527187844917,0.9894527187844917,0.19789054375689835,0.15,False,,1.0,85,0,0.9905074469060425
distributed_allocation_v1,coordination,tight_screen_0.6,6,0.2,0.6,0.7468810036110971,0.8836012545138714,0.2,0.8836012545138714,0.8836012545138714,0.1767202509027743,0.8,True,0.6,6.0,30,2,0.8152411290624844
distributed_allocation_v1,coordination,moderate_screen_0.6,6,0.2,0.6,0.7814465566126731,0.9143081957658414,0.25,0.9143081957658414,0.9143081957658414,0.1828616391531683,0.5,True,0.4,4.0,50,1,0.8478773761892574
distributed_allocation_v1,coordination,light_screen_0.6,6,0.2,0.6,0.9873649943649403,0.9842062429561755,1.0,0.9842062429561755,0.9842062429561755,0.1968412485912351,0.15,False,,1.0,85,0,0.9857856186605579
distributed_allocation_v1,coordination,tight_screen_0.6,7,0.2,0.6,0.7895180416044989,0.9368975520056235,0.2,0.9368975520056235,0.9368975520056235,0.18737951040112472,0.8,True,0.6,6.0,30,2,0.8632077968050611
distributed_allocation_v1,coordination,moderate_screen_0.6,7,0.2,0.6,0.7788009697660243,0.9110012122075304,0.25,0.9110012122075304,0.9110012122075304,0.1822002424415061,0.5,True,0.4,4.0,50,1,0.8449010909867775
distributed_allocation_v1,coordination,light_screen_0.6,7,0.2,0.6,0.9802698107200682,0.9753372634000854,1.0,0.9753372634000854,0.9753372634000854,0.1950674526800171,0.15,False,,1.0,85,0,0.9778035370600769
distributed_allocation_v1,coordination,tight_screen_0.6,8,0.2,0.6,0.7636133689831133,0.9045167112288917,0.2,0.9045167112288917,0.9045167112288917,0.18090334224577834,0.8,True,0.6,6.0,30,2,0.8340650401060024
distributed_allocation_v1,coordination,moderate_screen_0.6,8,0.2,0.6,0.7921067294073476,0.9276334117591846,0.25,0.9276334117591846,0.9276334117591846,0.18552668235183692,0.5,True,0.4,4.0,50,1,0.859870070583266
distributed_allocation_v1,coordination,light_screen_0.6,8,0.2,0.6,0.9887947751386232,0.9859934689232791,1.0,0.9859934689232791,0.9859934689232791,0.19719869378465582,0.15,False,,1.0,85,0,0.9873941220309511
distributed_allocation_v1,coordination,tight_screen_0.6,9,0.2,0.6,0.7098474660511784,0.8373093325639731,0.2,0.8373093325639731,0.8373093325639731,0.16746186651279463,0.8,True,0.6,6.0,30,2,0.7735783993075758
distributed_allocation_v1,coordination,moderate_screen_0.6,9,0.2,0.6,0.737171832530867,0.8589647906635838,0.25,0.8589647906635838,0.8589647906635838,0.17179295813271678,0.5,True,0.4,4.0,50,1,0.7980683115972254
distributed_allocation_v1,coordination,light_screen_0.6,9,0.2,0.6,0.9897727936858614,0.9872159921073267,1.0,0.9872159921073267,0.9872159921073267,0.19744319842146535,0.15,False,,1.0,85,0,0.988494392896594
distributed_allocation_v1,coordination,tight_screen_0.6,10,0.2,0.6,0.6431278211689062,0.7539097764611327,0.2,0.7539097764611327,0.7539097764611327,0.15078195529222654,0.8,True,0.6,6.0,30,2,0.6985187988150194
distributed_allocation_v1,coordination,moderate_screen_0.6,10,0.2,0.6,0.7620114209912725,0.8900142762390906,0.25,0.8900142762390906,0.8900142762390906,0.17800285524781811,0.5,True,0.4,4.0,50,1,0.8260128486151815
distributed_allocation_v1,coordination,light_screen_0.6,10,0.2,0.6,0.9839891085064267,0.9799863856330334,1.0,0.9799863856330334,0.9799863856330334,0.1959972771266067,0.15,False,,1.0,85,0,0.98198774706973
distributed_allocation_v1,coordination,tight_screen_0.6,11,0.2,0.6,0.6895481520743495,0.8119351900929368,0.2,0.8119351900929368,0.8119351900929368,0.16238703801858737,0.8,True,0.6,6.0,30,2,0.7507416710836431
distributed_allocation_v1,coordination,moderate_screen_0.6,11,0.2,0.6,0.7848786692957269,0.9185983366196586,0.25,0.9185983366196586,0.9185983366196586,0.18371966732393175,0.5,True,0.4,4.0,50,1,0.8517385029576927
distributed_allocation_v1,coordination,light_screen_0.6,11,0.2,0.6,0.9877646761986674,0.9847058452483342,1.0,0.9847058452483342,0.9847058452483342,0.19694116904966685,0.15,False,,1.0,85,0,0.9862352607235007
distributed_allocation_v1,coordination,tight_screen_0.6,12,0.2,0.6,0.7657751336771041,0.9072189170963801,0.2,0.9072189170963801,0.9072189170963801,0.18144378341927603,0.8,True,0.6,6.0,30,2,0.8364970253867421
distributed_allocation_v1,coordination,moderate_screen_0.6,12,0.2,0.6,0.6867744999026577,0.7959681248783221,0.25,0.7959681248783221,0.7959681248783221,0.15919362497566444,0.5,True,0.4,4.0,50,1,0.7413713123904899
distributed_allocation_v1,coordination,light_screen_0.6,12,0.2,0.6,0.9827495904452812,0.9784369880566016,1.0,0.9784369880566016,0.9784369880566016,0.19568739761132034,0.15,False,,1.0,85,0,0.9805932892509415
distributed_allocation_v1,coordination,tight_screen_0.6,13,0.2,0.6,0.6256119762489674,0.7320149703112091,0.2,0.7320149703112091,0.7320149703112091,0.14640299406224183,0.8,True,0.6,6.0,30,2,0.6788134732800881
distributed_allocation_v1,coordination,moderate_screen_0.6,13,0.2,0.6,0.7939282659790918,0.9299103324738647,0.25,0.9299103324738647,0.9299103324738647,0.18598206649477295,0.5,True,0.4,4.0,50,1,0.8619192992264783
distributed_allocation_v1,coordination,light_screen_0.6,13,0.2,0.6,0.9833108291889718,0.9791385364862147,1.0,0.9791385364862147,0.9791385364862147,0.19582770729724297,0.15,False,,1.0,85,0,0.9812246828375931
distributed_allocation_v1,coordination,tight_screen_0.6,14,0.2,0.6,0.774763304737335,0.9184541309216687,0.2,0.9184541309216687,0.9184541309216687,0.18369082618433374,0.8,True,0.6,6.0,30,2,0.8466087178295019
distributed_allocation_v1,coordination,moderate_screen_0.6,14,0.2,0.6,0.7836400891756028,0.9170501114695034,0.25,0.9170501114695034,0.9170501114695034,0.1834100222939007,0.5,True,0.4,4.0,50,1,0.8503451003225532
distributed_allocation_v1,coordination,light_screen_0.6,14,0.2,0.6,0.9927442059264269,0.9909302574080335,1.0,0.9909302574080335,0.9909302574080335,0.19818605148160673,0.15,False,,1.0,85,0,0.99183723166723
distributed_allocation_v1,coordination,tight_screen_0.6,15,0.2,0.6,0.7115270717965937,0.8394088397457421,0.2,0.8394088397457421,0.8394088397457421,0.16788176794914844,0.8,True,0.6,6.0,30,2,0.7754679557711679
distributed_allocation_v1,coordination,moderate_screen_0.6,15,0.2,0.6,0.788317001036585,0.9228962512957312,0.25,0.9228962512957312,0.9228962512957312,0.18457925025914623,0.5,True,0.4,4.0,50,1,0.855606626166158
distributed_allocation_v1,coordination,light_screen_0.6,15,0.2,0.6,0.9807445910541419,0.9759307388176774,1.0,0.9759307388176774,0.9759307388176774,0.1951861477635355,0.15,False,,1.0,85,0,0.9783376649359097
distributed_allocation_v1,coordination,tight_screen_0.6,16,0.2,0.6,0.7035033394799131,0.8293791743498913,0.2,0.8293791743498913,0.8293791743498913,0.16587583486997826,0.8,True,0.6,6.0,30,2,0.7664412569149022
distributed_allocation_v1,coordination,moderate_screen_0.6,16,0.2,0.6,0.7880992906745684,0.9226241133432105,0.25,0.9226241133432105,0.9226241133432105,0.18452482266864212,0.5,True,0.4,4.0,50,1,0.8553617020088894
distributed_allocation_v1,coordination,light_screen_0.6,16,0.2,0.6,0.9857129816796235,0.9821412270995296,1.0,0.9821412270995296,0.9821412270995296,0.19642824541990592,0.15,False,,1.0,85,0,0.9839271043895764
distributed_allocation_v1,coordination,tight_screen_0.6,17,0.2,0.6,0.6195528703739803,0.7244410879674753,0.2,0.7244410879674753,0.7244410879674753,0.14488821759349507,0.8,True,0.6,6.0,30,2,0.6719969791707278
distributed_allocation_v1,coordination,moderate_screen_0.6,17,0.2,0.6,0.7624950837354125,0.8906188546692656,0.25,0.8906188546692656,0.8906188546692656,0.17812377093385312,0.5,True,0.4,4.0,50,1,0.826556969202339
distributed_allocation_v1,coordination,light_screen_0.6,17,0.2,0.6,0.9833924971101586,0.9792406213876983,1.0,0.9792406213876983,0.9792406213876983,0.19584812427753967,0.15,False,,1.0,85,0,0.9813165592489285
distributed_allocation_v1,coordination,tight_screen_0.6,18,0.2,0.6,0.7581601679049526,0.8852002098811906,0.25,0.8852002098811906,0.8852002098811906,0.17704004197623813,0.8,True,0.6,6.0,30,2,0.8216801888930716
distributed_allocation_v1,coordination,moderate_screen_0.6,18,0.2,0.6,0.7797017792436018,0.8912938907211689,0.3333333333333333,0.8912938907211689,0.8912938907211689,0.1782587781442338,0.5,True,0.4,4.0,50,1,0.8354978349823853
distributed_allocation_v1,coordination,light_screen_0.6,18,0.2,0.6,0.9821020013280481,0.9776275016600602,1.0,0.9776275016600602,0.9776275016600602,0.19552550033201205,0.15,False,,1.0,85,0,0.979864751494054
distributed_allocation_v1,coordination,tight_screen_0.6,19,0.2,0.6,0.7308117988546167,0.8635147485682708,0.2,0.8635147485682708,0.8635147485682708,0.17270294971365419,0.8,True,0.6,6.0,30,2,0.7971632737114437
distributed_allocation_v1,coordination,moderate_screen_0.6,19,0.2,0.6,0.7896465907787451,0.9245582384734314,0.25,0.9245582384734314,0.9245582384734314,0.1849116476946863,0.5,True,0.4,4.0,50,1,0.8571024146260883
distributed_allocation_v1,coordination,light_screen_0.6,19,0.2,0.6,0.9828214129331307,0.9785267661664134,1.0,0.9785267661664134,0.9785267661664134,0.1957053532332827,0.15,False,,1.0,85,0,0.980674089549772
distributed_allocation_v1,coordination,tight_screen_0.6,20,0.2,0.6,0.702461851168598,0.8280773139607476,0.2,0.8280773139607476,0.8280773139607476,0.16561546279214953,0.8,True,0.6,6.0,30,2,0.7652695825646728
distributed_allocation_v1,coordination,moderate_screen_0.6,20,0.2,0.6,0.7654181889395877,0.8942727361744847,0.25,0.8942727361744847,0.8942727361744847,0.17885454723489694,0.5,True,0.4,4.0,50,1,0.8298454625570361
distributed_allocation_v1,coordination,light_screen_0.6,20,0.2,0.6,0.9826937110873384,0.9783671388591731,1.0,0.9783671388591731,0.9783671388591731,0.19567342777183463,0.15,False,,1.0,85,0,0.9805304249732557
distributed_allocation_v1,coordination,tight_screen_0.6,21,0.2,0.6,0.6056871169962026,0.7071088962452532,0.2,0.7071088962452532,0.7071088962452532,0.14142177924905064,0.8,True,0.6,6.0,30,2,0.6563980066207279
distributed_allocation_v1,coordination,moderate_screen_0.6,21,0.2,0.6,0.7928974994729563,0.9286218743411954,0.25,0.9286218743411954,0.9286218743411954,0.1857243748682391,0.5,True,0.4,4.0,50,1,0.8607596869070758
distributed_allocation_v1,coordination,light_screen_0.6,21,0.2,0.6,0.9824720715161139,0.9780900893951425,1.0,0.9780900893951425,0.9780900893951425,0.19561801787902852,0.15,False,,1.0,85,0,0.9802810804556282
distributed_allocation_v1,coordination,tight_screen_0.6,22,0.2,0.6,0.7256267117110665,0.8570333896388331,0.2,0.8570333896388331,0.8570333896388331,0.17140667792776665,0.8,True,0.6,6.0,30,2,0.7913300506749498
distributed_allocation_v1,coordination,moderate_screen_0.6,22,0.2,0.6,0.7874617449423693,0.9218271811779617,0.25,0.9218271811779617,0.9218271811779617,0.18436543623559234,0.5,True,0.4,4.0,50,1,0.8546444630601654
distributed_allocation_v1,coordination,light_screen_0.6,22,0.2,0.6,0.9761003532632311,0.9701254415790389,1.0,0.9701254415790389,0.9701254415790389,0.19402508831580778,0.15,False,,1.0,85,0,0.973112897421135
distributed_allocation_v1,coordination,tight_screen_0.6,23,0.2,0.6,0.7723120373651142,0.9153900467063927,0.2,0.9153900467063927,0.9153900467063927,0.18307800934127855,0.8,True,0.6,6.0,30,2,0.8438510420357535
distributed_allocation_v1,coordination,moderate_screen_0.6,23,0.2,0.6,0.8078077576239708,0.9472596970299636,0.25,0.9472596970299636,0.9472596970299636,0.18945193940599273,0.5,True,0.4,4.0,50,1,0.8775337273269671
distributed_allocation_v1,coordination,light_screen_0.6,23,0.2,0.6,0.9852021943204223,0.9815027429005281,1.0,0.9815027429005281,0.9815027429005281,0.19630054858010562,0.15,False,,1.0,85,0,0.9833524686104752
distributed_allocation_v1,coordination,tight_screen_0.6,24,0.2,0.6,0.7270844680532971,0.8588555850666213,0.2,0.8588555850666213,0.8588555850666213,0.17177111701332426,0.8,True,0.6,6.0,30,2,0.7929700265599592
distributed_allocation_v1,coordination,moderate_screen_0.6,24,0.2,0.6,0.7358467954980243,0.8573084943725304,0.25,0.8573084943725304,0.8573084943725304,0.1714616988745061,0.5,True,0.4,4.0,50,1,0.7965776449352774
distributed_allocation_v1,coordination,light_screen_0.6,24,0.2,0.6,0.9869352555222848,0.983669069402856,1.0,0.983669069402856,0.983669069402856,0.1967338138805712,0.15,False,,1.0,85,0,0.9853021624625704
distributed_allocation_v1,coordination,tight_screen_0.6,25,0.2,0.6,0.7730898042632116,0.9163622553290145,0.2,0.9163622553290145,0.9163622553290145,0.18327245106580292,0.8,True,0.6,6.0,30,2,0.844726029796113
distributed_allocation_v1,coordination,moderate_screen_0.6,25,0.2,0.6,0.8020190417316093,0.9400238021645115,0.25,0.9400238021645115,0.9400238021645115,0.18800476043290232,0.5,True,0.4,4.0,50,1,0.8710214219480604
distributed_allocation_v1,coordination,light_screen_0.6,25,0.2,0.6,0.9907724937665414,0.9884656172081769,1.0,0.9884656172081769,0.9884656172081769,0.1976931234416354,0.15,False,,1.0,85,0,0.9896190554873591
distributed_allocation_v1,coordination,tight_screen_0.6,26,0.2,0.6,0.7622903361488452,0.9028629201860565,0.2,0.9028629201860565,0.9028629201860565,0.18057258403721133,0.8,True,0.6,6.0,30,2,0.8325766281674508
distributed_allocation_v1,coordination,moderate_screen_0.6,26,0.2,0.6,0.7792359953359426,0.9115449941699282,0.25,0.9115449941699282,0.9115449941699282,0.18230899883398566,0.5,True,0.4,4.0,50,1,0.8453904947529353
distributed_allocation_v1,coordination,light_screen_0.6,26,0.2,0.6,0.9893159096424087,0.9866448870530108,1.0,0.9866448870530108,0.9866448870530108,0.19732897741060218,0.15,False,,1.0,85,0,0.9879803983477097
distributed_allocation_v1,coordination,tight_screen_0.6,27,0.2,0.6,0.6973710180507968,0.821713772563496,0.2,0.821713772563496,0.821713772563496,0.1643427545126992,0.8,True,0.6,6.0,30,2,0.7595423953071464
distributed_allocation_v1,coordination,moderate_screen_0.6,27,0.2,0.6,0.7902263236705278,0.9252829045881596,0.25,0.9252829045881596,0.9252829045881596,0.18505658091763194,0.5,True,0.4,4.0,50,1,0.8577546141293436
distributed_allocation_v1,coordination,light_screen_0.6,27,0.2,0.6,0.9828495415257914,0.9785619269072392,1.0,0.9785619269072392,0.9785619269072392,0.19571238538144786,0.15,False,,1.0,85,0,0.9807057342165152
distributed_allocation_v1,coordination,tight_screen_0.6,28,0.2,0.6,0.7512857214070164,0.8891071517587705,0.2,0.8891071517587705,0.8891071517587705,0.17782143035175413,0.8,True,0.6,6.0,30,2,0.8201964365828934
distributed_allocation_v1,coordination,moderate_screen_0.6,28,0.2,0.6,0.7878207652205022,0.9222759565256277,0.25,0.9222759565256277,0.9222759565256277,0.18445519130512555,0.5,True,0.4,4.0,50,1,0.8550483608730649
distributed_allocation_v1,coordination,light_screen_0.6,28,0.2,0.6,0.9848616499201466,0.9810770624001832,1.0,0.9810770624001832,0.9810770624001832,0.19621541248003666,0.15,False,,1.0,85,0,0.9829693561601648
distributed_allocation_v1,coordination,tight_screen_0.6,29,0.2,0.6,0.7709383487649228,0.9136729359561535,0.2,0.9136729359561535,0.9136729359561535,0.1827345871912307,0.8,True,0.6,6.0,30,2,0.8423056423605382
distributed_allocation_v1,coordination,moderate_screen_0.6,29,0.2,0.6,0.7728256648006278,0.9035320810007847,0.25,0.9035320810007847,0.9035320810007847,0.18070641620015696,0.5,True,0.4,4.0,50,1,0.8381788729007061
distributed_allocation_v1,coordination,light_screen_0.6,29,0.2,0.6,0.9905676450952243,0.9882095563690305,1.0,0.9882095563690305,0.9882095563690305,0.19764191127380612,0.15,False,,1.0,85,0,0.9893886007321274
distributed_allocation_v1,coordination,tight_screen_0.7,0,0.2,0.7,0.7525915783473336,0.8907394729341669,0.2,0.8907394729341669,0.8907394729341669,0.1781478945868334,0.8,True,0.6,6.0,30,2,0.8216655256407501
distributed_allocation_v1,coordination,moderate_screen_0.7,0,0.2,0.7,0.7881940857839267,0.9227426072299083,0.25,0.9227426072299083,0.9227426072299083,0.18454852144598166,0.5,True,0.4,4.0,50,1,0.8554683465069175
distributed_allocation_v1,coordination,light_screen_0.7,0,0.2,0.7,0.989440072210338,0.9868000902629225,1.0,0.9868000902629225,0.9868000902629225,0.19736001805258452,0.15,False,,1.0,85,0,0.9881200812366301
distributed_allocation_v1,coordination,tight_screen_0.7,1,0.2,0.7,0.6828588347707946,0.8035735434634932,0.2,0.8035735434634932,0.8035735434634932,0.16071470869269866,0.8,True,0.6,6.0,30,2,0.7432161891171438
distributed_allocation_v1,coordination,moderate_screen_0.7,1,0.2,0.7,0.7216904473854837,0.8396130592318547,0.25,0.8396130592318547,0.8396130592318547,0.16792261184637094,0.5,True,0.4,4.0,50,1,0.7806517533086691
distributed_allocation_v1,coordination,light_screen_0.7,1,0.2,0.7,0.9754961196042347,0.9693701495052933,1.0,0.9693701495052933,0.9693701495052933,0.19387402990105868,0.15,False,,1.0,85,0,0.972433134554764
distributed_allocation_v1,coordination,tight_screen_0.7,2,0.2,0.7,0.7371744840729528,0.871468105091191,0.2,0.871468105091191,0.871468105091191,0.1742936210182382,0.8,True,0.6,6.0,30,2,0.8043212945820719
distributed_allocation_v1,coordination,moderate_screen_0.7,2,0.2,0.7,0.8102427524680225,0.9503034405850281,0.25,0.9503034405850281,0.9503034405850281,0.19006068811700563,0.5,True,0.4,4.0,50,1,0.8802730965265252
distributed_allocation_v1,coordination,light_screen_0.7,2,0.2,0.7,0.9774362006907575,0.9717952508634469,1.0,0.9717952508634469,0.9717952508634469,0.1943590501726894,0.15,False,,1.0,85,0,0.9746157257771021
distributed_allocation_v1,coordination,tight_screen_0.7,3,0.2,0.7,0.7870193475127206,0.9337741843909008,0.2,0.9337741843909008,0.9337741843909008,0.18675483687818017,0.8,True,0.6,6.0,30,2,0.8603967659518106
distributed_allocation_v1,coordination,moderate_screen_0.7,3,0.2,0.7,0.8052911864221275,0.9441139830276593,0.25,0.9441139830276593,0.9441139830276593,0.18882279660553186,0.5,True,0.4,4.0,50,1,0.8747025847248934
distributed_allocation_v1,coordination,light_screen_0.7,3,0.2,0.7,0.9856812538015198,0.9821015672518999,1.0,0.9821015672518999,0.9821015672518999,0.19642031345038,0.15,False,,1.0,85,0,0.9838914105267099
distributed_allocation_v1,coordination,tight_screen_0.7,4,0.2,0.7,0.7636424234339545,0.9045530292924431,0.2,0.9045530292924431,0.9045530292924431,0.18091060585848862,0.8,True,0.6,6.0,30,2,0.8340977263631988
distributed_allocation_v1,coordination,moderate_screen_0.7,4,0.2,0.7,0.7775586131430338,0.9094482664287922,0.25,0.9094482664287922,0.9094482664287922,0.18188965328575846,0.5,True,0.4,4.0,50,1,0.8435034397859129
distributed_allocation_v1,coordination,light_screen_0.7,4,0.2,0.7,0.9829461724520157,0.9786827155650195,1.0,0.9786827155650195,0.9786827155650195,0.19573654311300392,0.15,False,,1.0,85,0,0.9808144440085175
distributed_allocation_v1,coordination,tight_screen_0.7,5,0.2,0.7,0.7761934750195463,0.9202418437744329,0.2,0.9202418437744329,0.9202418437744329,0.1840483687548866,0.8,True,0.6,6.0,30,2,0.8482176593969897
distributed_allocation_v1,coordination,moderate_screen_0.7,5,0.2,0.7,0.7201734259921575,0.8377167824901968,0.25,0.8377167824901968,0.8377167824901968,0.16754335649803936,0.5,True,0.4,4.0,50,1,0.7789451042411771
distributed_allocation_v1,coordination,light_screen_0.7,5,0.2,0.7,0.9882617129302429,0.9853271411628037,1.0,0.9853271411628037,0.9853271411628037,0.19706542823256076,0.15,False,,1.0,85,0,0.9867944270465233
distributed_allocation_v1,coordination,tight_screen_0.7,6,0.2,0.7,0.6901081618624303,0.8126352023280379,0.2,0.8126352023280379,0.8126352023280379,0.1625270404656076,0.8,True,0.6,6.0,30,2,0.7513716820952341
distributed_allocation_v1,coordination,moderate_screen_0.7,6,0.2,0.7,0.804571559146682,0.9432144489333525,0.25,0.9432144489333525,0.9432144489333525,0.18864288978667051,0.5,True,0.4,4.0,50,1,0.8738930040400174
distributed_allocation_v1,coordination,light_screen_0.7,6,0.2,0.7,0.9914625644531585,0.9893282055664481,1.0,0.9893282055664481,0.9893282055664481,0.19786564111328964,0.15,False,,1.0,85,0,0.9903953850098032
distributed_allocation_v1,coordination,tight_screen_0.7,7,0.2,0.7,0.7711514209563719,0.9139392761954649,0.2,0.9139392761954649,0.9139392761954649,0.182787855239093,0.8,True,0.6,6.0,30,2,0.8425453485759185
distributed_allocation_v1,coordination,moderate_screen_0.7,7,0.2,0.7,0.8130051742388733,0.9537564677985917,0.25,0.9537564677985917,0.9537564677985917,0.19075129355971834,0.5,True,0.4,4.0,50,1,0.8833808210187325
distributed_allocation_v1,coordination,light_screen_0.7,7,0.2,0.7,0.9720297173132855,0.965037146641607,1.0,0.965037146641607,0.965037146641607,0.1930074293283214,0.15,False,,1.0,85,0,0.9685334319774462
distributed_allocation_v1,coordination,tight_screen_0.7,8,0.2,0.7,0.6982556081760373,0.8228195102200465,0.2,0.8228195102200465,0.8228195102200465,0.1645639020440093,0.8,True,0.6,6.0,30,2,0.7605375591980419
distributed_allocation_v1,coordination,moderate_screen_0.7,8,0.2,0.7,0.7762948292651065,0.9078685365813831,0.25,0.9078685365813831,0.9078685365813831,0.18157370731627664,0.5,True,0.4,4.0,50,1,0.8420816829232448
distributed_allocation_v1,coordination,light_screen_0.7,8,0.2,0.7,0.9929631237462302,0.9912039046827877,1.0,0.9912039046827877,0.9912039046827877,0.19824078093655756,0.15,False,,1.0,85,0,0.9920835142145089
distributed_allocation_v1,coordination,tight_screen_0.7,9,0.2,0.7,0.736436348917948,0.870545436147435,0.2,0.870545436147435,0.870545436147435,0.174109087229487,0.8,True,0.6,6.0,30,2,0.8034908925326916
distributed_allocation_v1,coordination,moderate_screen_0.7,9,0.2,0.7,0.7226528966822516,0.8408161208528145,0.25,0.8408161208528145,0.8408161208528145,0.16816322417056292,0.5,True,0.4,4.0,50,1,0.7817345087675331
distributed_allocation_v1,coordination,light_screen_0.7,9,0.2,0.7,0.9739083915048228,0.9673854893810285,1.0,0.9673854893810285,0.9673854893810285,0.1934770978762057,0.15,False,,1.0,85,0,0.9706469404429257
distributed_allocation_v1,coordination,tight_screen_0.7,10,0.2,0.7,0.7137266145285424,0.842158268160678,0.2,0.842158268160678,0.842158268160678,0.1684316536321356,0.8,True,0.6,6.0,30,2,0.7779424413446102
distributed_allocation_v1,coordination,moderate_screen_0.7,10,0.2,0.7,0.8120417171416199,0.9525521464270248,0.25,0.9525521464270248,0.9525521464270248,0.19051042928540496,0.5,True,0.4,4.0,50,1,0.8822969317843223
distributed_allocation_v1,coordination,light_screen_0.7,10,0.2,0.7,0.9872752197719208,0.984094024714901,1.0,0.984094024714901,0.984094024714901,0.1968188049429802,0.15,False,,1.0,85,0,0.9856846222434109
distributed_allocation_v1,coordination,tight_screen_0.7,11,0.2,0.7,0.7531775782695813,0.8914719728369767,0.2,0.8914719728369767,0.8914719728369767,0.17829439456739535,0.8,True,0.6,6.0,30,2,0.822324775553279
distributed_allocation_v1,coordination,moderate_screen_0.7,11,0.2,0.7,0.7874095578928408,0.921761947366051,0.25,0.921761947366051,0.921761947366051,0.1843523894732102,0.5,True,0.4,4.0,50,1,0.8545857526294459
distributed_allocation_v1,coordination,light_screen_0.7,11,0.2,0.7,0.9775764054410512,0.9719705068013141,1.0,0.9719705068013141,0.9719705068013141,0.19439410136026283,0.15,False,,1.0,85,0,0.9747734561211826
distributed_allocation_v1,coordination,tight_screen_0.7,12,0.2,0.7,0.792001951199753,0.9400024389996913,0.2,0.9400024389996913,0.9400024389996913,0.18800048779993828,0.8,True,0.6,6.0,30,2,0.8660021950997221
distributed_allocation_v1,coordination,moderate_screen_0.7,12,0.2,0.7,0.7905194164842959,0.92564927060537,0.25,0.92564927060537,0.92564927060537,0.185129854121074,0.5,True,0.4,4.0,50,1,0.8580843435448329
distributed_allocation_v1,coordination,light_screen_0.7,12,0.2,0.7,0.9852567676213912,0.9815709595267392,1.0,0.9815709595267392,0.9815709595267392,0.19631419190534785,0.15,False,,1.0,85,0,0.9834138635740651
distributed_allocation_v1,coordination,tight_screen_0.7,13,0.2,0.7,0.7394903265520525,0.8743629081900656,0.2,0.8743629081900656,0.8743629081900656,0.1748725816380131,0.8,True,0.6,6.0,30,2,0.806926617371059
distributed_allocation_v1,coordination,moderate_screen_0.7,13,0.2,0.7,0.7031084844537072,0.8163856055671339,0.25,0.8163856055671339,0.8163856055671339,0.1632771211134268,0.5,True,0.4,4.0,50,1,0.7597470450104206
distributed_allocation_v1,coordination,light_screen_0.7,13,0.2,0.7,0.9883183627755192,0.9853979534693992,1.0,0.9853979534693992,0.9853979534693992,0.19707959069387984,0.15,False,,1.0,85,0,0.9868581581224591
distributed_allocation_v1,coordination,tight_screen_0.7,14,0.2,0.7,0.7939703914537724,0.9424629893172154,0.2,0.9424629893172154,0.9424629893172154,0.18849259786344308,0.8,True,0.6,6.0,30,2,0.8682166903854939
distributed_allocation_v1,coordination,moderate_screen_0.7,14,0.2,0.7,0.7539520125281116,0.8799400156601395,0.25,0.8799400156601395,0.8799400156601395,0.1759880031320279,0.5,True,0.4,4.0,50,1,0.8169460140941255
distributed_allocation_v1,coordination,light_screen_0.7,14,0.2,0.7,0.9841574732940319,0.98019684161754,1.0,0.98019684161754,0.98019684161754,0.196039368323508,0.15,False,,1.0,85,0,0.9821771574557859
distributed_allocation_v1,coordination,tight_screen_0.7,15,0.2,0.7,0.7149959062621143,0.8437448828276428,0.2,0.8437448828276428,0.8437448828276428,0.16874897656552856,0.8,True,0.6,6.0,30,2,0.7793703945448786
distributed_allocation_v1,coordination,moderate_screen_0.7,15,0.2,0.7,0.724157628466193,0.8426970355827413,0.25,0.8426970355827413,0.8426970355827413,0.16853940711654827,0.5,True,0.4,4.0,50,1,0.7834273320244671
distributed_allocation_v1,coordination,light_screen_0.7,15,0.2,0.7,0.979542608732056,0.9744282609150701,1.0,0.9744282609150701,0.9744282609150701,0.194885652183014,0.15,False,,1.0,85,0,0.976985434823563
distributed_allocation_v1,coordination,tight_screen_0.7,16,0.2,0.7,0.7559694199637519,0.8949617749546899,0.2,0.8949617749546899,0.8949617749546899,0.178992354990938,0.8,True,0.6,6.0,30,2,0.8254655974592209
distributed_allocation_v1,coordination,moderate_screen_0.7,16,0.2,0.7,0.7666599592658903,0.8958249490823629,0.25,0.8958249490823629,0.8958249490823629,0.17916498981647258,0.5,True,0.4,4.0,50,1,0.8312424541741265
distributed_allocation_v1,coordination,light_screen_0.7,16,0.2,0.7,0.9722931349414794,0.9653664186768494,1.0,0.9653664186768494,0.9653664186768494,0.1930732837353699,0.15,False,,1.0,85,0,0.9688297768091644
distributed_allocation_v1,coordination,tight_screen_0.7,17,0.2,0.7,0.7819945403903705,0.9274931754879632,0.2,0.9274931754879632,0.9274931754879632,0.18549863509759265,0.8,True,0.6,6.0,30,2,0.8547438579391669
distributed_allocation_v1,coordination,moderate_screen_0.7,17,0.2,0.7,0.809790363290114,0.9497379541126425,0.25,0.9497379541126425,0.9497379541126425,0.18994759082252852,0.5,True,0.4,4.0,50,1,0.8797641587013784
distributed_allocation_v1,coordination,light_screen_0.7,17,0.2,0.7,0.9680452095363254,0.960056511920407,1.0,0.960056511920407,0.960056511920407,0.1920113023840814,0.15,False,,1.0,85,0,0.9640508607283661
distributed_allocation_v1,coordination,tight_screen_0.7,18,0.2,0.7,0.7723982440573514,0.9029978050716891,0.25,0.9029978050716891,0.9029978050716891,0.18059956101433783,0.8,True,0.6,6.0,30,2,0.8376980245645202
distributed_allocation_v1,coordination,moderate_screen_0.7,18,0.2,0.7,0.8072952637190576,0.9257857463154886,0.3333333333333333,0.9257857463154886,0.9257857463154886,0.18515714926309773,0.5,True,0.4,4.0,50,1,0.8665405050172731
distributed_allocation_v1,coordination,light_screen_0.7,18,0.2,0.7,0.9874443503970469,0.9843054379963088,1.0,0.9843054379963088,0.9843054379963088,0.19686108759926177,0.15,False,,1.0,85,0,0.9858748941966778
distributed_allocation_v1,coordination,tight_screen_0.7,19,0.2,0.7,0.7866456397414059,0.9333070496767573,0.2,0.9333070496767573,0.9333070496767573,0.18666140993535146,0.8,True,0.6,6.0,30,2,0.8599763447090816
distributed_allocation_v1,coordination,moderate_screen_0.7,19,0.2,0.7,0.7723157881143838,0.9028947351429797,0.25,0.9028947351429797,0.9028947351429797,0.18057894702859595,0.5,True,0.4,4.0,50,1,0.8376052616286817
distributed_allocation_v1,coordination,light_screen_0.7,19,0.2,0.7,0.9866620338874901,0.9833275423593626,1.0,0.9833275423593626,0.9833275423593626,0.19666550847187253,0.15,False,,1.0,85,0,0.9849947881234263
distributed_allocation_v1,coordination,tight_screen_0.7,20,0.2,0.7,0.7080956638836455,0.835119579854557,0.2,0.835119579854557,0.835119579854557,0.1670239159709114,0.8,True,0.6,6.0,30,2,0.7716076218691013
distributed_allocation_v1,coordination,moderate_screen_0.7,20,0.2,0.7,0.7681450145118516,0.8976812681398145,0.25,0.8976812681398145,0.8976812681398145,0.1795362536279629,0.5,True,0.4,4.0,50,1,0.8329131413258329
distributed_allocation_v1,coordination,light_screen_0.7,20,0.2,0.7,0.9801512136155792,0.975189017019474,1.0,0.975189017019474,0.975189017019474,0.19503780340389482,0.15,False,,1.0,85,0,0.9776701153175266
distributed_allocation_v1,coordination,tight_screen_0.7,21,0.2,0.7,0.7488449384126662,0.8860561730158327,0.2,0.8860561730158327,0.8860561730158327,0.17721123460316657,0.8,True,0.6,6.0,30,2,0.8174505557142494
distributed_allocation_v1,coordination,moderate_screen_0.7,21,0.2,0.7,0.7624238324274715,0.8905297905343392,0.25,0.8905297905343392,0.8905297905343392,0.17810595810686786,0.5,True,0.4,4.0,50,1,0.8264768114809052
distributed_allocation_v1,coordination,light_screen_0.7,21,0.2,0.7,0.977171548282856,0.9714644353535701,1.0,0.9714644353535701,0.9714644353535701,0.19429288707071402,0.15,False,,1.0,85,0,0.9743179918182131
distributed_allocation_v1,coordination,tight_screen_0.7,22,0.2,0.7,0.7618780850306051,0.9023476062882563,0.2,0.9023476062882563,0.9023476062882563,0.18046952125765126,0.8,True,0.6,6.0,30,2,0.8321128456594307
distributed_allocation_v1,coordination,moderate_screen_0.7,22,0.2,0.7,0.8108210209375177,0.9510262761718971,0.25,0.9510262761718971,0.9510262761718971,0.19020525523437942,0.5,True,0.4,4.0,50,1,0.8809236485547073
distributed_allocation_v1,coordination,light_screen_0.7,22,0.2,0.7,0.9846285323409214,0.9807856654261519,1.0,0.9807856654261519,0.9807856654261519,0.1961571330852304,0.15,False,,1.0,85,0,0.9827070988835367
distributed_allocation_v1,coordination,tight_screen_0.7,23,0.2,0.7,0.7465629763269586,0.8832037204086982,0.2,0.8832037204086982,0.8832037204086982,0.17664074408173966,0.8,True,0.6,6.0,30,2,0.8148833483678284
distributed_allocation_v1,coordination,moderate_screen_0.7,23,0.2,0.7,0.7476726684778271,0.8720908355972838,0.25,0.8720908355972838,0.8720908355972838,0.1744181671194568,0.5,True,0.4,4.0,50,1,0.8098817520375554
distributed_allocation_v1,coordination,light_screen_0.7,23,0.2,0.7,0.9882169098148381,0.9852711372685478,1.0,0.9852711372685478,0.9852711372685478,0.19705422745370957,0.15,False,,1.0,85,0,0.986744023541693
distributed_allocation_v1,coordination,tight_screen_0.7,24,0.2,0.7,0.766500011310687,0.9081250141383588,0.2,0.9081250141383588,0.9081250141383588,0.18162500282767177,0.8,True,0.6,6.0,30,2,0.8373125127245229
distributed_allocation_v1,coordination,moderate_screen_0.7,24,0.2,0.7,0.787438707897355,0.9217983848716939,0.25,0.9217983848716939,0.9217983848716939,0.18435967697433878,0.5,True,0.4,4.0,50,1,0.8546185463845244
distributed_allocation_v1,coordination,light_screen_0.7,24,0.2,0.7,0.9863686215837906,0.9829607769797382,1.0,0.9829607769797382,0.9829607769797382,0.19659215539594765,0.15,False,,1.0,85,0,0.9846646992817643
distributed_allocation_v1,coordination,tight_screen_0.7,25,0.2,0.7,0.7740522200051101,0.9175652750063875,0.2,0.9175652750063875,0.9175652750063875,0.18351305500127751,0.8,True,0.6,6.0,30,2,0.8458087475057487
distributed_allocation_v1,coordination,moderate_screen_0.7,25,0.2,0.7,0.7449245883535216,0.8686557354419019,0.25,0.8686557354419019,0.8686557354419019,0.1737311470883804,0.5,True,0.4,4.0,50,1,0.8067901618977117
distributed_allocation_v1,coordination,light_screen_0.7,25,0.2,0.7,0.9779154048904393,0.9723942561130492,1.0,0.9723942561130492,0.9723942561130492,0.19447885122260986,0.15,False,,1.0,85,0,0.9751548305017442
distributed_allocation_v1,coordination,tight_screen_0.7,26,0.2,0.7,0.756780587946261,0.8959757349328263,0.2,0.8959757349328263,0.8959757349328263,0.17919514698656527,0.8,True,0.6,6.0,30,2,0.8263781614395436
distributed_allocation_v1,coordination,moderate_screen_0.7,26,0.2,0.7,0.7991430268997728,0.9155954502913828,0.3333333333333333,0.9155954502913828,0.9155954502913828,0.18311909005827656,0.5,True,0.4,4.0,50,1,0.8573692385955777
distributed_allocation_v1,coordination,light_screen_0.7,26,0.2,0.7,0.9929341858890093,0.9911677323612618,1.0,0.9911677323612618,0.9911677323612618,0.19823354647225236,0.15,False,,1.0,85,0,0.9920509591251355
distributed_allocation_v1,coordination,tight_screen_0.7,27,0.2,0.7,0.6863589803949706,0.8079487254937132,0.2,0.8079487254937132,0.8079487254937132,0.16158974509874266,0.8,True,0.6,6.0,30,2,0.7471538529443419
distributed_allocation_v1,coordination,moderate_screen_0.7,27,0.2,0.7,0.7596733953585035,0.8870917441981294,0.25,0.8870917441981294,0.8870917441981294,0.1774183488396259,0.5,True,0.4,4.0,50,1,0.8233825697783165
distributed_allocation_v1,coordination,light_screen_0.7,27,0.2,0.7,0.9795268482094361,0.9744085602617953,1.0,0.9744085602617953,0.9744085602617953,0.19488171205235907,0.15,False,,1.0,85,0,0.9769677042356156
distributed_allocation_v1,coordination,tight_screen_0.7,28,0.2,0.7,0.7197274576537542,0.8496593220671929,0.2,0.8496593220671929,0.8496593220671929,0.16993186441343858,0.8,True,0.6,6.0,30,2,0.7846933898604735
distributed_allocation_v1,coordination,moderate_screen_0.7,28,0.2,0.7,0.7352265970197063,0.8565332462746328,0.25,0.8565332462746328,0.8565332462746328,0.17130664925492656,0.5,True,0.4,4.0,50,1,0.7958799216471696
distributed_allocation_v1,coordination,light_screen_0.7,28,0.2,0.7,0.9770113853059086,0.9712642316323857,1.0,0.9712642316323857,0.9712642316323857,0.19425284632647716,0.15,False,,1.0,85,0,0.9741378084691471
distributed_allocation_v1,coordination,tight_screen_0.7,29,0.2,0.7,0.7376141740606419,0.8720177175758024,0.2,0.8720177175758024,0.8720177175758024,0.1744035435151605,0.8,True,0.6,6.0,30,2,0.8048159458182222
distributed_allocation_v1,coordination,moderate_screen_0.7,29,0.2,0.7,0.8016655051137557,0.9395818813921946,0.25,0.9395818813921946,0.9395818813921946,0.18791637627843893,0.5,True,0.4,4.0,50,1,0.8706236932529751
distributed_allocation_v1,coordination,light_screen_0.7,29,0.2,0.7,0.9726447940653042,0.9658059925816305,1.0,0.9658059925816305,0.9658059925816305,0.1931611985163261,0.15,False,,1.0,85,0,0.9692253933234672
distributed_allocation_v1,coordination,tight_screen_0.8,0,0.2,0.8,0.7971217466696645,0.9464021833370806,0.2,0.9464021833370806,0.9464021833370806,0.18928043666741612,0.8,True,0.6,6.0,30,2,0.8717619650033726
distributed_allocation_v1,coordination,moderate_screen_0.8,0,0.2,0.8,0.7712894157157569,0.9016117696446961,0.25,0.9016117696446961,0.9016117696446961,0.18032235392893925,0.5,True,0.4,4.0,50,1,0.8364505926802265
distributed_allocation_v1,coordination,light_screen_0.8,0,0.2,0.8,0.9840532148826946,0.9800665186033684,1.0,0.9800665186033684,0.9800665186033684,0.1960133037206737,0.15,False,,1.0,85,0,0.9820598667430315
distributed_allocation_v1,coordination,tight_screen_0.8,1,0.2,0.8,0.7882833207111766,0.9353541508889708,0.2,0.9353541508889708,0.9353541508889708,0.18707083017779416,0.8,True,0.6,6.0,30,2,0.8618187358000736
distributed_allocation_v1,coordination,moderate_screen_0.8,1,0.2,0.8,0.8162685009206175,0.9370022928174386,0.3333333333333333,0.9370022928174386,0.9370022928174386,0.18740045856348775,0.5,True,0.4,4.0,50,1,0.876635396869028
distributed_allocation_v1,coordination,light_screen_0.8,1,0.2,0.8,0.9792249144753675,0.9740311430942094,1.0,0.9740311430942094,0.9740311430942094,0.1948062286188419,0.15,False,,1.0,85,0,0.9766280287847883
distributed_allocation_v1,coordination,tight_screen_0.8,2,0.2,0.8,0.7701068910164917,0.9126336137706146,0.2,0.9126336137706146,0.9126336137706146,0.18252672275412293,0.8,True,0.6,6.0,30,2,0.8413702523935531
distributed_allocation_v1,coordination,moderate_screen_0.8,2,0.2,0.8,0.8080018349685762,0.9475022937107204,0.25,0.9475022937107204,0.9475022937107204,0.18950045874214408,0.5,True,0.4,4.0,50,1,0.8777520643396483
distributed_allocation_v1,coordination,light_screen_0.8,2,0.2,0.8,0.9871736529512272,0.9839670661890341,1.0,0.9839670661890341,0.9839670661890341,0.19679341323780683,0.15,False,,1.0,85,0,0.9855703595701307
distributed_allocation_v1,coordination,tight_screen_0.8,3,0.2,0.8,0.744505539188016,0.88063192398502,0.2,0.88063192398502,0.88063192398502,0.17612638479700402,0.8,True,0.6,6.0,30,2,0.812568731586518
distributed_allocation_v1,coordination,moderate_screen_0.8,3,0.2,0.8,0.7878521502775095,0.9223151878468868,0.25,0.9223151878468868,0.9223151878468868,0.18446303756937737,0.5,True,0.4,4.0,50,1,0.8550836690621981
distributed_allocation_v1,coordination,light_screen_0.8,3,0.2,0.8,0.9884032083660519,0.9855040104575649,1.0,0.9855040104575649,0.9855040104575649,0.19710080209151298,0.15,False,,1.0,85,0,0.9869536094118083
distributed_allocation_v1,coordination,tight_screen_0.8,4,0.2,0.8,0.7424457124429582,0.8780571405536977,0.2,0.8780571405536977,0.8780571405536977,0.17561142811073954,0.8,True,0.6,6.0,30,2,0.8102514264983278
distributed_allocation_v1,coordination,moderate_screen_0.8,4,0.2,0.8,0.8065129956902797,0.9456412446128495,0.25,0.9456412446128495,0.9456412446128495,0.1891282489225699,0.5,True,0.4,4.0,50,1,0.8760771201515646
distributed_allocation_v1,coordination,light_screen_0.8,4,0.2,0.8,0.9921212019612782,0.9901515024515979,1.0,0.9901515024515979,0.9901515024515979,0.19803030049031958,0.15,False,,1.0,85,0,0.9911363522064379
distributed_allocation_v1,coordination,tight_screen_0.8,5,0.2,0.8,0.7174412538534065,0.8468015673167582,0.2,0.8468015673167582,0.8468015673167582,0.16936031346335165,0.8,True,0.6,6.0,30,2,0.7821214105850824
distributed_allocation_v1,coordination,moderate_screen_0.8,5,0.2,0.8,0.8010316295897804,0.9387895369872254,0.25,0.9387895369872254,0.9387895369872254,0.1877579073974451,0.5,True,0.4,4.0,50,1,0.8699105832885029
distributed_allocation_v1,coordination,light_screen_0.8,5,0.2,0.8,0.9884469078933111,0.9855586348666391,1.0,0.9855586348666391,0.9855586348666391,0.19711172697332782,0.15,False,,1.0,85,0,0.987002771379975
distributed_allocation_v1,coordination,tight_screen_0.8,6,0.2,0.8,0.7732196298276974,0.9165245372846218,0.2,0.9165245372846218,0.9165245372846218,0.18330490745692438,0.8,True,0.6,6.0,30,2,0.8448720835561596
distributed_allocation_v1,coordination,moderate_screen_0.8,6,0.2,0.8,0.8117762931544737,0.9522203664430922,0.25,0.9522203664430922,0.9522203664430922,0.19044407328861845,0.5,True,0.4,4.0,50,1,0.8819983297987829
distributed_allocation_v1,coordination,light_screen_0.8,6,0.2,0.8,0.9876518466576742,0.9845648083220929,1.0,0.9845648083220929,0.9845648083220929,0.1969129616644186,0.15,False,,1.0,85,0,0.9861083274898836
distributed_allocation_v1,coordination,tight_screen_0.8,7,0.2,0.8,0.7786961871542657,0.923370233942832,0.2,0.923370233942832,0.923370233942832,0.18467404678856641,0.8,True,0.6,6.0,30,2,0.8510332105485487
distributed_allocation_v1,coordination,moderate_screen_0.8,7,0.2,0.8,0.7878838325150135,0.9223547906437669,0.25,0.9223547906437669,0.9223547906437669,0.1844709581287534,0.5,True,0.4,4.0,50,1,0.8551193115793901
distributed_allocation_v1,coordination,light_screen_0.8,7,0.2,0.8,0.988291475430582,0.9853643442882276,1.0,0.9853643442882276,0.9853643442882276,0.19707286885764552,0.15,False,,1.0,85,0,0.9868279098594048
distributed_allocation_v1,coordination,tight_screen_0.8,8,0.2,0.8,0.722406594577502,0.8530082432218775,0.2,0.8530082432218775,0.8530082432218775,0.17060164864437552,0.8,True,0.6,6.0,30,2,0.7877074188996898
distributed_allocation_v1,coordination,moderate_screen_0.8,8,0.2,0.8,0.7944635071984174,0.9305793839980216,0.25,0.9305793839980216,0.9305793839980216,0.18611587679960434,0.5,True,0.4,4.0,50,1,0.8625214455982194
distributed_allocation_v1,coordination,light_screen_0.8,8,0.2,0.8,0.9915364805881814,0.989420600735227,1.0,0.989420600735227,0.989420600735227,0.1978841201470454,0.15,False,,1.0,85,0,0.9904785406617042
distributed_allocation_v1,coordination,tight_screen_0.8,9,0.2,0.8,0.7746102004017907,0.9182627505022385,0.2,0.9182627505022385,0.9182627505022385,0.1836525501004477,0.8,True,0.6,6.0,30,2,0.8464364754520146
distributed_allocation_v1,coordination,moderate_screen_0.8,9,0.2,0.8,0.7378998762050979,0.8598748452563724,0.25,0.8598748452563724,0.8598748452563724,0.1719749690512745,0.5,True,0.4,4.0,50,1,0.7988873607307352
distributed_allocation_v1,coordination,light_screen_0.8,9,0.2,0.8,0.9783990248131929,0.9729987810164912,1.0,0.9729987810164912,0.9729987810164912,0.19459975620329825,0.15,False,,1.0,85,0,0.9756989029148421
distributed_allocation_v1,coordination,tight_screen_0.8,10,0.2,0.8,0.7215338585039257,0.8519173231299071,0.2,0.8519173231299071,0.8519173231299071,0.17038346462598142,0.8,True,0.6,6.0,30,2,0.7867255908169164
distributed_allocation_v1,coordination,moderate_screen_0.8,10,0.2,0.8,0.80365390529201,0.9420673816150124,0.25,0.9420673816150124,0.9420673816150124,0.18841347632300248,0.5,True,0.4,4.0,50,1,0.8728606434535111
distributed_allocation_v1,coordination,light_screen_0.8,10,0.2,0.8,0.9929501802536287,0.991187725317036,1.0,0.991187725317036,0.991187725317036,0.1982375450634072,0.15,False,,1.0,85,0,0.9920689527853322
distributed_allocation_v1,coordination,tight_screen_0.8,11,0.2,0.8,0.680281507529582,0.8003518844119775,0.2,0.8003518844119775,0.8003518844119775,0.1600703768823955,0.8,True,0.6,6.0,30,2,0.7403166959707796
distributed_allocation_v1,coordination,moderate_screen_0.8,11,0.2,0.8,0.8120990664150458,0.9526238330188073,0.25,0.9526238330188073,0.9526238330188073,0.19052476660376147,0.5,True,0.4,4.0,50,1,0.8823614497169266
distributed_allocation_v1,coordination,light_screen_0.8,11,0.2,0.8,0.9906339993285489,0.9882924991606863,1.0,0.9882924991606863,0.9882924991606863,0.19765849983213726,0.15,False,,1.0,85,0,0.9894632492446175
distributed_allocation_v1,coordination,tight_screen_0.8,12,0.2,0.8,0.7353963021568475,0.8692453776960594,0.2,0.8692453776960594,0.8692453776960594,0.1738490755392119,0.8,True,0.6,6.0,30,2,0.8023208399264534
distributed_allocation_v1,coordination,moderate_screen_0.8,12,0.2,0.8,0.811913612541715,0.9523920156771438,0.25,0.9523920156771438,0.9523920156771438,0.19047840313542877,0.5,True,0.4,4.0,50,1,0.8821528141094294
distributed_allocation_v1,coordination,light_screen_0.8,12,0.2,0.8,0.9885273999130066,0.9856592498912584,1.0,0.9856592498912584,0.9856592498912584,0.1971318499782517,0.15,False,,1.0,85,0,0.9870933249021326
distributed_allocation_v1,coordination,tight_screen_0.8,13,0.2,0.8,0.7740002044504792,0.9175002555630991,0.2,0.9175002555630991,0.9175002555630991,0.18350005111261983,0.8,True,0.6,6.0,30,2,0.8457502300067892
distributed_allocation_v1,coordination,moderate_screen_0.8,13,0.2,0.8,0.7948764884724404,0.9310956105905506,0.25,0.9310956105905506,0.9310956105905506,0.18621912211811012,0.5,True,0.4,4.0,50,1,0.8629860495314955
distributed_allocation_v1,coordination,light_screen_0.8,13,0.2,0.8,0.9804962411780205,0.9756203014725255,1.0,0.9756203014725255,0.9756203014725255,0.19512406029450513,0.15,False,,1.0,85,0,0.9780582713252729
distributed_allocation_v1,coordination,tight_screen_0.8,14,0.2,0.8,0.7942851983500925,0.9428564979376156,0.2,0.9428564979376156,0.9428564979376156,0.18857129958752314,0.8,True,0.6,6.0,30,2,0.8685708481438541
distributed_allocation_v1,coordination,moderate_screen_0.8,14,0.2,0.8,0.7790706887625758,0.9113383609532197,0.25,0.9113383609532197,0.9113383609532197,0.18226767219064396,0.5,True,0.4,4.0,50,1,0.8452045248578978
distributed_allocation_v1,coordination,light_screen_0.8,14,0.2,0.8,0.979629266655557,0.9745365833194464,1.0,0.9745365833194464,0.9745365833194464,0.19490731666388927,0.15,False,,1.0,85,0,0.9770829249875017
distributed_allocation_v1,coordination,tight_screen_0.8,15,0.2,0.8,0.6796281645424054,0.7995352056780066,0.2,0.7995352056780066,0.7995352056780066,0.15990704113560134,0.8,True,0.6,6.0,30,2,0.7395816851102059
distributed_allocation_v1,coordination,moderate_screen_0.8,15,0.2,0.8,0.7745021723905658,0.9056277154882073,0.25,0.9056277154882073,0.9056277154882073,0.18112554309764148,0.5,True,0.4,4.0,50,1,0.8400649439393867
distributed_allocation_v1,coordination,light_screen_0.8,15,0.2,0.8,0.9839866939561317,0.9799833674451647,1.0,0.9799833674451647,0.9799833674451647,0.19599667348903294,0.15,False,,1.0,85,0,0.9819850307006482
distributed_allocation_v1,coordination,tight_screen_0.8,16,0.2,0.8,0.7880049321924595,0.9350061652405743,0.2,0.9350061652405743,0.9350061652405743,0.1870012330481149,0.8,True,0.6,6.0,30,2,0.8615055487165169
distributed_allocation_v1,coordination,moderate_screen_0.8,16,0.2,0.8,0.8001592462462885,0.9376990578078606,0.25,0.9376990578078606,0.9376990578078606,0.18753981156157212,0.5,True,0.4,4.0,50,1,0.8689291520270744
distributed_allocation_v1,coordination,light_screen_0.8,16,0.2,0.8,0.9916059698193458,0.9895074622741824,1.0,0.9895074622741824,0.9895074622741824,0.1979014924548365,0.15,False,,1.0,85,0,0.990556716046764
distributed_allocation_v1,coordination,tight_screen_0.8,17,0.2,0.8,0.7759111044890523,0.9198888806113155,0.2,0.9198888806113155,0.9198888806113155,0.1839777761222631,0.8,True,0.6,6.0,30,2,0.8478999925501838
distributed_allocation_v1,coordination,moderate_screen_0.8,17,0.2,0.8,0.8130565863956514,0.9538207329945643,0.25,0.9538207329945643,0.9538207329945643,0.19076414659891286,0.5,True,0.4,4.0,50,1,0.8834386596951077
distributed_allocation_v1,coordination,light_screen_0.8,17,0.2,0.8,0.9920944168188328,0.9901180210235411,1.0,0.9901180210235411,0.9901180210235411,0.19802360420470821,0.15,False,,1.0,85,0,0.9911062189211869
distributed_allocation_v1,coordination,tight_screen_0.8,18,0.2,0.8,0.8068953428650532,0.9461191785813164,0.25,0.9461191785813164,0.9461191785813164,0.1892238357162633,0.8,True,0.6,6.0,30,2,0.8765072607231849
distributed_allocation_v1,coordination,moderate_screen_0.8,18,0.2,0.8,0.7821480177916678,0.8943516889062515,0.3333333333333333,0.8943516889062515,0.8943516889062515,0.1788703377812503,0.5,True,0.4,4.0,50,1,0.8382498533489596
distributed_allocation_v1,coordination,light_screen_0.8,18,0.2,0.8,0.9851079697319076,0.9813849621648847,1.0,0.9813849621648847,0.9813849621648847,0.19627699243297694,0.15,False,,1.0,85,0,0.983246465948396
distributed_allocation_v1,coordination,tight_screen_0.8,19,0.2,0.8,0.8024200964700832,0.953025120587604,0.2,0.953025120587604,0.953025120587604,0.1906050241175208,0.8,True,0.6,6.0,30,2,0.8777226085288435
distributed_allocation_v1,coordination,moderate_screen_0.8,19,0.2,0.8,0.7754648592808141,0.9068310741010176,0.25,0.9068310741010176,0.9068310741010176,0.18136621482020354,0.5,True,0.4,4.0,50,1,0.8411479666909157
distributed_allocation_v1,coordination,light_screen_0.8,19,0.2,0.8,0.9886560759255951,0.9858200949069938,1.0,0.9858200949069938,0.9858200949069938,0.1971640189813988,0.15,False,,1.0,85,0,0.9872380854162944
distributed_allocation_v1,coordination,tight_screen_0.8,20,0.2,0.8,0.7238852508951203,0.8548565636189005,0.2,0.8548565636189005,0.8548565636189005,0.1709713127237801,0.8,True,0.6,6.0,30,2,0.7893709072570103
distributed_allocation_v1,coordination,moderate_screen_0.8,20,0.2,0.8,0.8115203696474618,0.9519004620593272,0.25,0.9519004620593272,0.9519004620593272,0.19038009241186546,0.5,True,0.4,4.0,50,1,0.8817104158533945
distributed_allocation_v1,coordination,light_screen_0.8,20,0.2,0.8,0.9765158309404698,0.9706447886755872,1.0,0.9706447886755872,0.9706447886755872,0.19412895773511746,0.15,False,,1.0,85,0,0.9735803098080285
distributed_allocation_v1,coordination,tight_screen_0.8,21,0.2,0.8,0.7728966707888112,0.916120838486014,0.2,0.916120838486014,0.916120838486014,0.18322416769720282,0.8,True,0.6,6.0,30,2,0.8445087546374126
distributed_allocation_v1,coordination,moderate_screen_0.8,21,0.2,0.8,0.7922749075560718,0.9278436344450898,0.25,0.9278436344450898,0.9278436344450898,0.18556872688901796,0.5,True,0.4,4.0,50,1,0.8600592710005807
distributed_allocation_v1,coordination,light_screen_0.8,21,0.2,0.8,0.9836921249478097,0.9796151561847621,1.0,0.9796151561847621,0.9796151561847621,0.19592303123695243,0.15,False,,1.0,85,0,0.9816536405662859
distributed_allocation_v1,coordination,tight_screen_0.8,22,0.2,0.8,0.7283911504231166,0.8604889380288958,0.2,0.8604889380288958,0.8604889380288958,0.17209778760577918,0.8,True,0.6,6.0,30,2,0.7944400442260062
distributed_allocation_v1,coordination,moderate_screen_0.8,22,0.2,0.8,0.7846571979120182,0.9183214973900227,0.25,0.9183214973900227,0.9183214973900227,0.18366429947800456,0.5,True,0.4,4.0,50,1,0.8514893476510204
distributed_allocation_v1,coordination,light_screen_0.8,22,0.2,0.8,0.993984503918951,0.9924806298986887,1.0,0.9924806298986887,0.9924806298986887,0.19849612597973776,0.15,False,,1.0,85,0,0.9932325669088197
distributed_allocation_v1,coordination,tight_screen_0.8,23,0.2,0.8,0.6945732747911688,0.8182165934889609,0.2,0.8182165934889609,0.8182165934889609,0.1636433186977922,0.8,True,0.6,6.0,30,2,0.7563949341400649
distributed_allocation_v1,coordination,moderate_screen_0.8,23,0.2,0.8,0.8008497447932128,0.938562180991516,0.25,0.938562180991516,0.938562180991516,0.18771243619830322,0.5,True,0.4,4.0,50,1,0.8697059628923645
distributed_allocation_v1,coordination,light_screen_0.8,23,0.2,0.8,0.9848500633773332,0.9810625792216666,1.0,0.9810625792216666,0.9810625792216666,0.19621251584433333,0.15,False,,1.0,85,0,0.9829563212994998
distributed_allocation_v1,coordination,tight_screen_0.8,24,0.2,0.8,0.7844695409954487,0.9305869262443109,0.2,0.9305869262443109,0.9305869262443109,0.1861173852488622,0.8,True,0.6,6.0,30,2,0.85752823361988
distributed_allocation_v1,coordination,moderate_screen_0.8,24,0.2,0.8,0.7765637122854832,0.9082046403568539,0.25,0.9082046403568539,0.9082046403568539,0.18164092807137078,0.5,True,0.4,4.0,50,1,0.8423841763211685
distributed_allocation_v1,coordination,light_screen_0.8,24,0.2,0.8,0.9885288155800533,0.9856610194750667,1.0,0.9856610194750667,0.9856610194750667,0.19713220389501335,0.15,False,,1.0,85,0,0.98709491752756
distributed_allocation_v1,coordination,tight_screen_0.8,25,0.2,0.8,0.7732674383314593,0.9165842979143242,0.2,0.9165842979143242,0.9165842979143242,0.18331685958286484,0.8,True,0.6,6.0,30,2,0.8449258681228917
distributed_allocation_v1,coordination,moderate_screen_0.8,25,0.2,0.8,0.7774610028532762,0.9093262535665952,0.25,0.9093262535665952,0.9093262535665952,0.18186525071331905,0.5,True,0.4,4.0,50,1,0.8433936282099358
distributed_allocation_v1,coordination,light_screen_0.8,25,0.2,0.8,0.9909768536749253,0.9887210670936567,1.0,0.9887210670936567,0.9887210670936567,0.19774421341873136,0.15,False,,1.0,85,0,0.989848960384291
distributed_allocation_v1,coordination,tight_screen_0.8,26,0.2,0.8,0.8008740141497648,0.9385925176872059,0.25,0.9385925176872059,0.9385925176872059,0.18771850353744118,0.8,True,0.6,6.0,30,2,0.8697332659184852
distributed_allocation_v1,coordination,moderate_screen_0.8,26,0.2,0.8,0.8245002193228741,0.9472919408202592,0.3333333333333333,0.9472919408202592,0.9472919408202592,0.18945838816405186,0.5,True,0.4,4.0,50,1,0.8858960800715666
distributed_allocation_v1,coordination,light_screen_0.8,26,0.2,0.8,0.9727932264231727,0.9659915330289659,1.0,0.9659915330289659,0.9659915330289659,0.19319830660579318,0.15,False,,1.0,85,0,0.9693923797260693
distributed_allocation_v1,coordination,tight_screen_0.8,27,0.2,0.8,0.742722117889178,0.8784026473614724,0.2,0.8784026473614724,0.8784026473614724,0.1756805294722945,0.8,True,0.6,6.0,30,2,0.8105623826253252
distributed_allocation_v1,coordination,moderate_screen_0.8,27,0.2,0.8,0.8127004352925362,0.9533755441156702,0.25,0.9533755441156702,0.9533755441156702,0.19067510882313404,0.5,True,0.4,4.0,50,1,0.8830379897041031
distributed_allocation_v1,coordination,light_screen_0.8,27,0.2,0.8,0.9891427378209272,0.986428422276159,1.0,0.986428422276159,0.986428422276159,0.1972856844552318,0.15,False,,1.0,85,0,0.987785580048543
distributed_allocation_v1,coordination,tight_screen_0.8,28,0.2,0.8,0.7054447595529114,0.8318059494411392,0.2,0.8318059494411392,0.8318059494411392,0.16636118988822785,0.8,True,0.6,6.0,30,2,0.7686253544970252
distributed_allocation_v1,coordination,moderate_screen_0.8,28,0.2,0.8,0.8037349949832737,0.9421687437290922,0.25,0.9421687437290922,0.9421687437290922,0.18843374874581845,0.5,True,0.4,4.0,50,1,0.872951869356183
distributed_allocation_v1,coordination,light_screen_0.8,28,0.2,0.8,0.9805361449155401,0.9756701811444253,1.0,0.9756701811444253,0.9756701811444253,0.19513403622888506,0.15,False,,1.0,85,0,0.9781031630299827
distributed_allocation_v1,coordination,tight_screen_0.8,29,0.2,0.8,0.7882669487581355,0.9353336859476694,0.2,0.9353336859476694,0.9353336859476694,0.1870667371895339,0.8,True,0.6,6.0,30,2,0.8618003173529025
distributed_allocation_v1,coordination,moderate_screen_0.8,29,0.2,0.8,0.7988129005241216,0.936016125655152,0.25,0.936016125655152,0.936016125655152,0.1872032251310304,0.5,True,0.4,4.0,50,1,0.8674145130896368
distributed_allocation_v1,coordination,light_screen_0.8,29,0.2,0.8,0.9781594903499571,0.9726993629374463,1.0,0.9726993629374463,0.9726993629374463,0.19453987258748928,0.15,False,,1.0,85,0,0.9754294266437016
distributed_allocation_v1,coordination,tight_screen_0.9,0,0.2,0.9,0.8013643205421306,0.9517054006776633,0.2,0.9517054006776633,0.9517054006776633,0.19034108013553266,0.8,True,0.6,6.0,30,2,0.8765348606098968
distributed_allocation_v1,coordination,moderate_screen_0.9,0,0.2,0.9,0.8062681323737853,0.9453351654672316,0.25,0.9453351654672316,0.9453351654672316,0.18906703309344633,0.5,True,0.4,4.0,50,1,0.8758016489205084
distributed_allocation_v1,coordination,light_screen_0.9,0,0.2,0.9,0.9850274522164897,0.9812843152706122,1.0,0.9812843152706122,0.9812843152706122,0.19625686305412246,0.15,False,,1.0,85,0,0.983155883743551
distributed_allocation_v1,coordination,tight_screen_0.9,1,0.2,0.9,0.7926617232994545,0.9283271541243181,0.25,0.9283271541243181,0.9283271541243181,0.18566543082486364,0.8,True,0.6,6.0,30,2,0.8604944387118862
distributed_allocation_v1,coordination,moderate_screen_0.9,1,0.2,0.9,0.8260186709512395,0.9491900053557161,0.3333333333333333,0.9491900053557161,0.9491900053557161,0.18983800107114324,0.5,True,0.4,4.0,50,1,0.8876043381534777
distributed_allocation_v1,coordination,light_screen_0.9,1,0.2,0.9,0.9902964162581451,0.9878705203226814,1.0,0.9878705203226814,0.9878705203226814,0.1975741040645363,0.15,False,,1.0,85,0,0.9890834682904132
distributed_allocation_v1,coordination,tight_screen_0.9,2,0.2,0.9,0.7532613136270938,0.8915766420338672,0.2,0.8915766420338672,0.8915766420338672,0.17831532840677344,0.8,True,0.6,6.0,30,2,0.8224189778304805
distributed_allocation_v1,coordination,moderate_screen_0.9,2,0.2,0.9,0.773620374741584,0.9045254684269799,0.25,0.9045254684269799,0.9045254684269799,0.18090509368539598,0.5,True,0.4,4.0,50,1,0.8390729215842819
distributed_allocation_v1,coordination,light_screen_0.9,2,0.2,0.9,0.9793783983723685,0.9742229979654606,1.0,0.9742229979654606,0.9742229979654606,0.19484459959309214,0.15,False,,1.0,85,0,0.9768006981689145
distributed_allocation_v1,coordination,tight_screen_0.9,3,0.2,0.9,0.7836441474882281,0.9295551843602852,0.2,0.9295551843602852,0.9295551843602852,0.18591103687205704,0.8,True,0.6,6.0,30,2,0.8565996659242565
distributed_allocation_v1,coordination,moderate_screen_0.9,3,0.2,0.9,0.774749454411008,0.9059368180137599,0.25,0.9059368180137599,0.9059368180137599,0.181187363602752,0.5,True,0.4,4.0,50,1,0.8403431362123839
distributed_allocation_v1,coordination,light_screen_0.9,3,0.2,0.9,0.9808068602417508,0.9760085753021887,1.0,0.9760085753021887,0.9760085753021887,0.19520171506043774,0.15,False,,1.0,85,0,0.9784077177719697
distributed_allocation_v1,coordination,tight_screen_0.9,4,0.2,0.9,0.8020120391526444,0.9525150489408054,0.2,0.9525150489408054,0.9525150489408054,0.1905030097881611,0.8,True,0.6,6.0,30,2,0.8772635440467249
distributed_allocation_v1,coordination,moderate_screen_0.9,4,0.2,0.9,0.8103380288711804,0.9504225360889755,0.25,0.9504225360889755,0.9504225360889755,0.19008450721779513,0.5,True,0.4,4.0,50,1,0.8803802824800779
distributed_allocation_v1,coordination,light_screen_0.9,4,0.2,0.9,0.9887936206089545,0.9859920257611932,1.0,0.9859920257611932,0.9859920257611932,0.19719840515223863,0.15,False,,1.0,85,0,0.9873928231850738
distributed_allocation_v1,coordination,tight_screen_0.9,5,0.2,0.9,0.6677045343551867,0.7846306679439834,0.2,0.7846306679439834,0.7846306679439834,0.1569261335887967,0.8,True,0.6,6.0,30,2,0.726167601149585
distributed_allocation_v1,coordination,moderate_screen_0.9,5,0.2,0.9,0.7795354026311119,0.9119192532888899,0.25,0.9119192532888899,0.9119192532888899,0.18238385065777798,0.5,True,0.4,4.0,50,1,0.8457273279600008
distributed_allocation_v1,coordination,light_screen_0.9,5,0.2,0.9,0.98821838541915,0.9852729817739376,1.0,0.9852729817739376,0.9852729817739376,0.19705459635478753,0.15,False,,1.0,85,0,0.9867456835965437
distributed_allocation_v1,coordination,tight_screen_0.9,6,0.2,0.9,0.7959174925243229,0.9448968656554035,0.2,0.9448968656554035,0.9448968656554035,0.1889793731310807,0.8,True,0.6,6.0,30,2,0.8704071790898632
distributed_allocation_v1,coordination,moderate_screen_0.9,6,0.2,0.9,0.7906480597840432,0.925810074730054,0.25,0.925810074730054,0.925810074730054,0.1851620149460108,0.5,True,0.4,4.0,50,1,0.8582290672570485
distributed_allocation_v1,coordination,light_screen_0.9,6,0.2,0.9,0.9859788282355735,0.982473535294467,1.0,0.982473535294467,0.982473535294467,0.1964947070588934,0.15,False,,1.0,85,0,0.9842261817650202
distributed_allocation_v1,coordination,tight_screen_0.9,7,0.2,0.9,0.7999695032617249,0.949961879077156,0.2,0.949961879077156,0.949961879077156,0.1899923758154312,0.8,True,0.6,6.0,30,2,0.8749656911694403
distributed_allocation_v1,coordination,moderate_screen_0.9,7,0.2,0.9,0.7979439264462816,0.934929908057852,0.25,0.934929908057852,0.934929908057852,0.18698598161157043,0.5,True,0.4,4.0,50,1,0.8664369172520668
distributed_allocation_v1,coordination,light_screen_0.9,7,0.2,0.9,0.9846780294968409,0.9808475368710512,1.0,0.9808475368710512,0.9808475368710512,0.19616950737421024,0.15,False,,1.0,85,0,0.982762783183946
distributed_allocation_v1,coordination,tight_screen_0.9,8,0.2,0.9,0.8024706166736418,0.9530882708420523,0.2,0.9530882708420523,0.9530882708420523,0.19061765416841048,0.8,True,0.6,6.0,30,2,0.877779443757847
distributed_allocation_v1,coordination,moderate_screen_0.9,8,0.2,0.9,0.7413556756758317,0.8641945945947895,0.25,0.8641945945947895,0.8641945945947895,0.17283891891895792,0.5,True,0.4,4.0,50,1,0.8027751351353106
distributed_allocation_v1,coordination,light_screen_0.9,8,0.2,0.9,0.9926242935359804,0.9907803669199755,1.0,0.9907803669199755,0.9907803669199755,0.1981560733839951,0.15,False,,1.0,85,0,0.9917023302279779
distributed_allocation_v1,coordination,tight_screen_0.9,9,0.2,0.9,0.7695733777434448,0.9119667221793061,0.2,0.9119667221793061,0.9119667221793061,0.18239334443586122,0.8,True,0.6,6.0,30,2,0.8407700499613754
distributed_allocation_v1,coordination,moderate_screen_0.9,9,0.2,0.9,0.797239011383925,0.9340487642299062,0.25,0.9340487642299062,0.9340487642299062,0.18680975284598125,0.5,True,0.4,4.0,50,1,0.8656438878069156
distributed_allocation_v1,coordination,light_screen_0.9,9,0.2,0.9,0.9847895274224032,0.9809869092780041,1.0,0.9809869092780041,0.9809869092780041,0.19619738185560084,0.15,False,,1.0,85,0,0.9828882183502038
distributed_allocation_v1,coordination,tight_screen_0.9,10,0.2,0.9,0.764211911297014,0.9052648891212675,0.2,0.9052648891212675,0.9052648891212675,0.1810529778242535,0.8,True,0.6,6.0,30,2,0.8347384002091407
distributed_allocation_v1,coordination,moderate_screen_0.9,10,0.2,0.9,0.7793693538784608,0.911711692348076,0.25,0.911711692348076,0.911711692348076,0.18234233846961523,0.5,True,0.4,4.0,50,1,0.8455405231132683
distributed_allocation_v1,coordination,light_screen_0.9,10,0.2,0.9,0.9916442212410763,0.9895552765513453,1.0,0.9895552765513453,0.9895552765513453,0.1979110553102691,0.15,False,,1.0,85,0,0.9905997488962107
distributed_allocation_v1,coordination,tight_screen_0.9,11,0.2,0.9,0.7733875399288331,0.9167344249110414,0.2,0.9167344249110414,0.9167344249110414,0.1833468849822083,0.8,True,0.6,6.0,30,2,0.8450609824199372
distributed_allocation_v1,coordination,moderate_screen_0.9,11,0.2,0.9,0.8193959558148256,0.961744944768532,0.25,0.961744944768532,0.961744944768532,0.19234898895370642,0.5,True,0.4,4.0,50,1,0.8905704502916788
distributed_allocation_v1,coordination,light_screen_0.9,11,0.2,0.9,0.9890236422758243,0.9862795528447804,1.0,0.9862795528447804,0.9862795528447804,0.19725591056895608,0.15,False,,1.0,85,0,0.9876515975603023
distributed_allocation_v1,coordination,tight_screen_0.9,12,0.2,0.9,0.8003088093129932,0.9503860116412415,0.2,0.9503860116412415,0.9503860116412415,0.19007720232824832,0.8,True,0.6,6.0,30,2,0.8753474104771173
distributed_allocation_v1,coordination,moderate_screen_0.9,12,0.2,0.9,0.7993095251570201,0.9366369064462751,0.25,0.9366369064462751,0.9366369064462751,0.18732738128925502,0.5,True,0.4,4.0,50,1,0.8679732158016475
distributed_allocation_v1,coordination,light_screen_0.9,12,0.2,0.9,0.984320029413005,0.9804000367662564,1.0,0.9804000367662564,0.9804000367662564,0.1960800073532513,0.15,False,,1.0,85,0,0.9823600330896306
distributed_allocation_v1,coordination,tight_screen_0.9,13,0.2,0.9,0.8097253025651701,0.9621566282064626,0.2,0.9621566282064626,0.9621566282064626,0.19243132564129253,0.8,True,0.6,6.0,30,2,0.8859409653858163
distributed_allocation_v1,coordination,moderate_screen_0.9,13,0.2,0.9,0.7985143638471337,0.9356429548089171,0.25,0.9356429548089171,0.9356429548089171,0.18712859096178344,0.5,True,0.4,4.0,50,1,0.8670786593280254
distributed_allocation_v1,coordination,light_screen_0.9,13,0.2,0.9,0.9876382771474241,0.9845478464342803,1.0,0.9845478464342803,0.9845478464342803,0.19690956928685607,0.15,False,,1.0,85,0,0.9860930617908522
distributed_allocation_v1,coordination,tight_screen_0.9,14,0.2,0.9,0.7843637303053148,0.9304546628816435,0.2,0.9304546628816435,0.9304546628816435,0.1860909325763287,0.8,True,0.6,6.0,30,2,0.8574091965934791
distributed_allocation_v1,coordination,moderate_screen_0.9,14,0.2,0.9,0.794666489830715,0.9308331122883936,0.25,0.9308331122883936,0.9308331122883936,0.18616662245767873,0.5,True,0.4,4.0,50,1,0.8627498010595542
distributed_allocation_v1,coordination,light_screen_0.9,14,0.2,0.9,0.9867441011720521,0.9834301264650653,1.0,0.9834301264650653,0.9834301264650653,0.19668602529301307,0.15,False,,1.0,85,0,0.9850871138185587
distributed_allocation_v1,coordination,tight_screen_0.9,15,0.2,0.9,0.7556095974496889,0.8945119968121111,0.2,0.8945119968121111,0.8945119968121111,0.17890239936242225,0.8,True,0.6,6.0,30,2,0.8250607971309
distributed_allocation_v1,coordination,moderate_screen_0.9,15,0.2,0.9,0.8249868081479947,0.9687335101849934,0.25,0.9687335101849934,0.9687335101849934,0.1937467020369987,0.5,True,0.4,4.0,50,1,0.8968601591664941
distributed_allocation_v1,coordination,light_screen_0.9,15,0.2,0.9,0.9835103059504295,0.9793878824380371,1.0,0.9793878824380371,0.9793878824380371,0.19587757648760742,0.15,False,,1.0,85,0,0.9814490941942332
distributed_allocation_v1,coordination,tight_screen_0.9,16,0.2,0.9,0.7483121309452997,0.8853901636816246,0.2,0.8853901636816246,0.8853901636816246,0.17707803273632494,0.8,True,0.6,6.0,30,2,0.8168511473134621
distributed_allocation_v1,coordination,moderate_screen_0.9,16,0.2,0.9,0.7873347509164448,0.921668438645556,0.25,0.921668438645556,0.921668438645556,0.1843336877291112,0.5,True,0.4,4.0,50,1,0.8545015947810003
distributed_allocation_v1,coordination,light_screen_0.9,16,0.2,0.9,0.9876645285477288,0.984580660684661,1.0,0.984580660684661,0.984580660684661,0.1969161321369322,0.15,False,,1.0,85,0,0.9861225946161948
distributed_allocation_v1,coordination,tight_screen_0.9,17,0.2,0.9,0.7432115240067344,0.879014405008418,0.2,0.879014405008418,0.879014405008418,0.17580288100168362,0.8,True,0.6,6.0,30,2,0.8111129645075761
distributed_allocation_v1,coordination,moderate_screen_0.9,17,0.2,0.9,0.8141842522247775,0.9552303152809718,0.25,0.9552303152809718,0.9552303152809718,0.19104606305619437,0.5,True,0.4,4.0,50,1,0.8847072837528746
distributed_allocation_v1,coordination,light_screen_0.9,17,0.2,0.9,0.9875699180711923,0.9844623975889906,1.0,0.9844623975889906,0.9844623975889906,0.19689247951779812,0.15,False,,1.0,85,0,0.9860161578300913
distributed_allocation_v1,coordination,tight_screen_0.9,18,0.2,0.9,0.7509340591269544,0.8761675739086929,0.25,0.8761675739086929,0.8761675739086929,0.1752335147817386,0.8,True,0.6,6.0,30,2,0.8135508165178237
distributed_allocation_v1,coordination,moderate_screen_0.9,18,0.2,0.9,0.8091010484010064,0.9280429771679246,0.3333333333333333,0.9280429771679246,0.9280429771679246,0.18560859543358493,0.5,True,0.4,4.0,50,1,0.8685720127844655
distributed_allocation_v1,coordination,light_screen_0.9,18,0.2,0.9,0.9818406592891018,0.9773008241113772,1.0,0.9773008241113772,0.9773008241113772,0.19546016482227546,0.15,False,,1.0,85,0,0.9795707417002394
distributed_allocation_v1,coordination,tight_screen_0.9,19,0.2,0.9,0.7952931592601978,0.9441164490752473,0.2,0.9441164490752473,0.9441164490752473,0.18882328981504948,0.8,True,0.6,6.0,30,2,0.8697048041677224
distributed_allocation_v1,coordination,moderate_screen_0.9,19,0.2,0.9,0.8314032820425483,0.9559207692198521,0.3333333333333333,0.9559207692198521,0.9559207692198521,0.19118415384397044,0.5,True,0.4,4.0,50,1,0.8936620256312003
distributed_allocation_v1,coordination,light_screen_0.9,19,0.2,0.9,0.9903029285380371,0.9878786606725466,1.0,0.9878786606725466,0.9878786606725466,0.19757573213450932,0.15,False,,1.0,85,0,0.9890907946052918
distributed_allocation_v1,coordination,tight_screen_0.9,20,0.2,0.9,0.7690200385849149,0.9112750482311436,0.2,0.9112750482311436,0.9112750482311436,0.18225500964622873,0.8,True,0.6,6.0,30,2,0.8401475434080292
distributed_allocation_v1,coordination,moderate_screen_0.9,20,0.2,0.9,0.7963424826060395,0.9329281032575494,0.25,0.9329281032575494,0.9329281032575494,0.18658562065150988,0.5,True,0.4,4.0,50,1,0.8646352929317943
distributed_allocation_v1,coordination,light_screen_0.9,20,0.2,0.9,0.9902446323589191,0.987805790448649,1.0,0.987805790448649,0.987805790448649,0.19756115808972982,0.15,False,,1.0,85,0,0.9890252114037842
distributed_allocation_v1,coordination,tight_screen_0.9,21,0.2,0.9,0.787256300985123,0.9340703762314037,0.2,0.9340703762314037,0.9340703762314037,0.18681407524628074,0.8,True,0.6,6.0,30,2,0.8606633386082633
distributed_allocation_v1,coordination,moderate_screen_0.9,21,0.2,0.9,0.7972247100236768,0.934030887529596,0.25,0.934030887529596,0.934030887529596,0.1868061775059192,0.5,True,0.4,4.0,50,1,0.8656277987766363
distributed_allocation_v1,coordination,light_screen_0.9,21,0.2,0.9,0.9941698733951791,0.9927123417439739,1.0,0.9927123417439739,0.9927123417439739,0.1985424683487948,0.15,False,,1.0,85,0,0.9934411075695765
distributed_allocation_v1,coordination,tight_screen_0.9,22,0.2,0.9,0.7441833461518111,0.8802291826897639,0.2,0.8802291826897639,0.8802291826897639,0.1760458365379528,0.8,True,0.6,6.0,30,2,0.8122062644207875
distributed_allocation_v1,coordination,moderate_screen_0.9,22,0.2,0.9,0.7900384041315751,0.925048005164469,0.25,0.925048005164469,0.925048005164469,0.1850096010328938,0.5,True,0.4,4.0,50,1,0.8575432046480219
distributed_allocation_v1,coordination,light_screen_0.9,22,0.2,0.9,0.9908706922012211,0.9885883652515264,1.0,0.9885883652515264,0.9885883652515264,0.1977176730503053,0.15,False,,1.0,85,0,0.9897295287263737
distributed_allocation_v1,coordination,tight_screen_0.9,23,0.2,0.9,0.8029344302900174,0.9536680378625219,0.2,0.9536680378625219,0.9536680378625219,0.19073360757250438,0.8,True,0.6,6.0,30,2,0.8783012340762696
distributed_allocation_v1,coordination,moderate_screen_0.9,23,0.2,0.9,0.8083713829382813,0.9479642286728515,0.25,0.9479642286728515,0.9479642286728515,0.1895928457345703,0.5,True,0.4,4.0,50,1,0.8781678058055663
distributed_allocation_v1,coordination,light_screen_0.9,23,0.2,0.9,0.9942023269760993,0.9927529087201243,1.0,0.9927529087201243,0.9927529087201243,0.19855058174402487,0.15,False,,1.0,85,0,0.9934776178481118
distributed_allocation_v1,coordination,tight_screen_0.9,24,0.2,0.9,0.7901671700959388,0.9377089626199235,0.2,0.9377089626199235,0.9377089626199235,0.18754179252398473,0.8,True,0.6,6.0,30,2,0.8639380663579311
distributed_allocation_v1,coordination,moderate_screen_0.9,24,0.2,0.9,0.8019325122842327,0.9399156403552908,0.25,0.9399156403552908,0.9399156403552908,0.1879831280710582,0.5,True,0.4,4.0,50,1,0.8709240763197618
distributed_allocation_v1,coordination,light_screen_0.9,24,0.2,0.9,0.9904939564678363,0.9881174455847954,1.0,0.9881174455847954,0.9881174455847954,0.1976234891169591,0.15,False,,1.0,85,0,0.9893057010263159
distributed_allocation_v1,coordination,tight_screen_0.9,25,0.2,0.9,0.7784783958566004,0.9230979948207505,0.2,0.9230979948207505,0.9230979948207505,0.18461959896415012,0.8,True,0.6,6.0,30,2,0.8507881953386756
distributed_allocation_v1,coordination,moderate_screen_0.9,25,0.2,0.9,0.7873352686190975,0.9216690857738719,0.25,0.9216690857738719,0.9216690857738719,0.18433381715477437,0.5,True,0.4,4.0,50,1,0.8545021771964847
distributed_allocation_v1,coordination,light_screen_0.9,25,0.2,0.9,0.9911681566005701,0.9889601957507128,1.0,0.9889601957507128,0.9889601957507128,0.19779203915014257,0.15,False,,1.0,85,0,0.9900641761756414
distributed_allocation_v1,coordination,tight_screen_0.9,26,0.2,0.9,0.8052520068146232,0.944065008518279,0.25,0.944065008518279,0.944065008518279,0.1888130017036558,0.8,True,0.6,6.0,30,2,0.874658507666451
distributed_allocation_v1,coordination,moderate_screen_0.9,26,0.2,0.9,0.8445573039909786,0.9723632966553899,0.3333333333333333,0.9723632966553899,0.9723632966553899,0.194472659331078,0.5,True,0.4,4.0,50,1,0.9084603003231843
distributed_allocation_v1,coordination,light_screen_0.9,26,0.2,0.9,0.9843346424162052,0.9804183030202565,1.0,0.9804183030202565,0.9804183030202565,0.1960836606040513,0.15,False,,1.0,85,0,0.9823764727182308
distributed_allocation_v1,coordination,tight_screen_0.9,27,0.2,0.9,0.7485396521937913,0.8856745652422391,0.2,0.8856745652422391,0.8856745652422391,0.17713491304844783,0.8,True,0.6,6.0,30,2,0.8171071087180153
distributed_allocation_v1,coordination,moderate_screen_0.9,27,0.2,0.9,0.7953753469391951,0.9317191836739939,0.25,0.9317191836739939,0.9317191836739939,0.1863438367347988,0.5,True,0.4,4.0,50,1,0.8635472653065945
distributed_allocation_v1,coordination,light_screen_0.9,27,0.2,0.9,0.9913313365521117,0.9891641706901397,1.0,0.9891641706901397,0.9891641706901397,0.19783283413802796,0.15,False,,1.0,85,0,0.9902477536211257
distributed_allocation_v1,coordination,tight_screen_0.9,28,0.2,0.9,0.7761010457209367,0.9201263071511708,0.2,0.9201263071511708,0.9201263071511708,0.18402526143023418,0.8,True,0.6,6.0,30,2,0.8481136764360537
distributed_allocation_v1,coordination,moderate_screen_0.9,28,0.2,0.9,0.7972739973289964,0.9340924966612455,0.25,0.9340924966612455,0.9340924966612455,0.18681849933224912,0.5,True,0.4,4.0,50,1,0.865683246995121
distributed_allocation_v1,coordination,light_screen_0.9,28,0.2,0.9,0.9941134229217308,0.9926417786521635,1.0,0.9926417786521635,0.9926417786521635,0.1985283557304327,0.15,False,,1.0,85,0,0.9933776007869471
distributed_allocation_v1,coordination,tight_screen_0.9,29,0.2,0.9,0.7340079191788407,0.8675098989735508,0.2,0.8675098989735508,0.8675098989735508,0.17350197979471016,0.8,True,0.6,6.0,30,2,0.8007589090761957
distributed_allocation_v1,coordination,moderate_screen_0.9,29,0.2,0.9,0.8039083093562283,0.9423853866952853,0.25,0.9423853866952853,0.9423853866952853,0.18847707733905705,0.5,True,0.4,4.0,50,1,0.8731468480257568
distributed_allocation_v1,coordination,light_screen_0.9,29,0.2,0.9,0.9872426496708215,0.984053312088527,1.0,0.984053312088527,0.984053312088527,0.1968106624177054,0.15,False,,1.0,85,0,0.9856479808796742
distributed_allocation_v1,coordination,tight_screen_1.0,0,0.2,1.0,0.7735414066832653,0.9169267583540817,0.2,0.9169267583540817,0.9169267583540817,0.18338535167081635,0.8,True,0.6,6.0,30,2,0.8452340825186735
distributed_allocation_v1,coordination,moderate_screen_1.0,0,0.2,1.0,0.7728297707521167,0.9035372134401458,0.25,0.9035372134401458,0.9035372134401458,0.18070744268802919,0.5,True,0.4,4.0,50,1,0.8381834920961312
distributed_allocation_v1,coordination,light_screen_1.0,0,0.2,1.0,0.9938831862552855,0.992353982819107,1.0,0.992353982819107,0.992353982819107,0.1984707965638214,0.15,False,,1.0,85,0,0.9931185845371963
distributed_allocation_v1,coordination,tight_screen_1.0,1,0.2,1.0,0.7283042145537687,0.8478802681922109,0.25,0.8478802681922109,0.8478802681922109,0.1695760536384422,0.8,True,0.6,6.0,30,2,0.7880922413729897
distributed_allocation_v1,coordination,moderate_screen_1.0,1,0.2,1.0,0.8198499106882924,0.9414790550270322,0.3333333333333333,0.9414790550270322,0.9414790550270322,0.18829581100540646,0.5,True,0.4,4.0,50,1,0.8806644828576623
distributed_allocation_v1,coordination,light_screen_1.0,1,0.2,1.0,0.9857549744805585,0.9821937181006982,1.0,0.9821937181006982,0.9821937181006982,0.19643874362013966,0.15,False,,1.0,85,0,0.9839743462906284
distributed_allocation_v1,coordination,tight_screen_1.0,2,0.2,1.0,0.7887525711740467,0.9359407139675584,0.2,0.9359407139675584,0.9359407139675584,0.1871881427935117,0.8,True,0.6,6.0,30,2,0.8623466425708025
distributed_allocation_v1,coordination,moderate_screen_1.0,2,0.2,1.0,0.8044071639646968,0.9430089549558709,0.25,0.9430089549558709,0.9430089549558709,0.1886017909911742,0.5,True,0.4,4.0,50,1,0.8737080594602838
distributed_allocation_v1,coordination,light_screen_1.0,2,0.2,1.0,0.9924030041412888,0.9905037551766109,1.0,0.9905037551766109,0.9905037551766109,0.1981007510353222,0.15,False,,1.0,85,0,0.9914533796589498
distributed_allocation_v1,coordination,tight_screen_1.0,3,0.2,1.0,0.7864514482291083,0.9330643102863853,0.2,0.9330643102863853,0.9330643102863853,0.18661286205727706,0.8,True,0.6,6.0,30,2,0.8597578792577467
distributed_allocation_v1,coordination,moderate_screen_1.0,3,0.2,1.0,0.8201124633262361,0.9626405791577951,0.25,0.9626405791577951,0.9626405791577951,0.19252811583155904,0.5,True,0.4,4.0,50,1,0.8913765212420156
distributed_allocation_v1,coordination,light_screen_1.0,3,0.2,1.0,0.9927496725565541,0.9909370906956927,1.0,0.9909370906956927,0.9909370906956927,0.19818741813913854,0.15,False,,1.0,85,0,0.9918433816261234
distributed_allocation_v1,coordination,tight_screen_1.0,4,0.2,1.0,0.7663292389038585,0.907911548629823,0.2,0.907911548629823,0.907911548629823,0.18158230972596462,0.8,True,0.6,6.0,30,2,0.8371203937668408
distributed_allocation_v1,coordination,moderate_screen_1.0,4,0.2,1.0,0.7812539294570007,0.9140674118212507,0.25,0.9140674118212507,0.9140674118212507,0.18281348236425016,0.5,True,0.4,4.0,50,1,0.8476606706391256
distributed_allocation_v1,coordination,light_screen_1.0,4,0.2,1.0,0.9937271325362793,0.9921589156703492,1.0,0.9921589156703492,0.9921589156703492,0.19843178313406984,0.15,False,,1.0,85,0,0.9929430241033143
distributed_allocation_v1,coordination,tight_screen_1.0,5,0.2,1.0,0.7861309451817304,0.9326636814771629,0.2,0.9326636814771629,0.9326636814771629,0.1865327362954326,0.8,True,0.6,6.0,30,2,0.8593973133294466
distributed_allocation_v1,coordination,moderate_screen_1.0,5,0.2,1.0,0.8037787326441619,0.9422234158052023,0.25,0.9422234158052023,0.9422234158052023,0.18844468316104046,0.5,True,0.4,4.0,50,1,0.8730010742246821
distributed_allocation_v1,coordination,light_screen_1.0,5,0.2,1.0,0.9915732235339403,0.9894665294174254,1.0,0.9894665294174254,0.9894665294174254,0.19789330588348508,0.15,False,,1.0,85,0,0.9905198764756828
distributed_allocation_v1,coordination,tight_screen_1.0,6,0.2,1.0,0.8049485052544786,0.9561856315680982,0.2,0.9561856315680982,0.9561856315680982,0.19123712631361967,0.8,True,0.6,6.0,30,2,0.8805670684112883
distributed_allocation_v1,coordination,moderate_screen_1.0,6,0.2,1.0,0.8087261744527159,0.9484077180658947,0.25,0.9484077180658947,0.9484077180658947,0.18968154361317896,0.5,True,0.4,4.0,50,1,0.8785669462593052
distributed_allocation_v1,coordination,light_screen_1.0,6,0.2,1.0,0.9874987500799575,0.984373437599947,1.0,0.984373437599947,0.984373437599947,0.1968746875199894,0.15,False,,1.0,85,0,0.9859360938399522
distributed_allocation_v1,coordination,tight_screen_1.0,7,0.2,1.0,0.7711547411409556,0.9139434264261945,0.2,0.9139434264261945,0.9139434264261945,0.18278868528523892,0.8,True,0.6,6.0,30,2,0.8425490837835752
distributed_allocation_v1,coordination,moderate_screen_1.0,7,0.2,1.0,0.8036423400638544,0.942052925079818,0.25,0.942052925079818,0.942052925079818,0.1884105850159636,0.5,True,0.4,4.0,50,1,0.8728476325718363
distributed_allocation_v1,coordination,light_screen_1.0,7,0.2,1.0,0.9781606921530586,0.9727008651913233,1.0,0.9727008651913233,0.9727008651913233,0.19454017303826465,0.15,False,,1.0,85,0,0.9754307786721909
distributed_allocation_v1,coordination,tight_screen_1.0,8,0.2,1.0,0.769892410670256,0.9123655133378201,0.2,0.9123655133378201,0.9123655133378201,0.18247310266756403,0.8,True,0.6,6.0,30,2,0.8411289620040381
distributed_allocation_v1,coordination,moderate_screen_1.0,8,0.2,1.0,0.7956910592023642,0.9321138240029552,0.25,0.9321138240029552,0.9321138240029552,0.18642276480059106,0.5,True,0.4,4.0,50,1,0.8639024416026596
distributed_allocation_v1,coordination,light_screen_1.0,8,0.2,1.0,0.979914039992249,0.9748925499903114,1.0,0.9748925499903114,0.9748925499903114,0.1949785099980623,0.15,False,,1.0,85,0,0.9774032949912802
distributed_allocation_v1,coordination,tight_screen_1.0,9,0.2,1.0,0.790735380987434,0.9384192262342924,0.2,0.9384192262342924,0.9384192262342924,0.1876838452468585,0.8,True,0.6,6.0,30,2,0.8645773036108632
distributed_allocation_v1,coordination,moderate_screen_1.0,9,0.2,1.0,0.7946320611277301,0.9307900764096626,0.25,0.9307900764096626,0.9307900764096626,0.18615801528193254,0.5,True,0.4,4.0,50,1,0.8627110687686963
distributed_allocation_v1,coordination,light_screen_1.0,9,0.2,1.0,0.9933504410375669,0.9916880512969586,1.0,0.9916880512969586,0.9916880512969586,0.19833761025939173,0.15,False,,1.0,85,0,0.9925192461672626
distributed_allocation_v1,coordination,tight_screen_1.0,10,0.2,1.0,0.6812627662315449,0.8015784577894312,0.2,0.8015784577894312,0.8015784577894312,0.16031569155788625,0.8,True,0.6,6.0,30,2,0.741420612010488
distributed_allocation_v1,coordination,moderate_screen_1.0,10,0.2,1.0,0.7624623400316799,0.8905779250395998,0.25,0.8905779250395998,0.8905779250395998,0.17811558500791996,0.5,True,0.4,4.0,50,1,0.8265201325356398
distributed_allocation_v1,coordination,light_screen_1.0,10,0.2,1.0,0.9897094435347142,0.9871368044183928,1.0,0.9871368044183928,0.9871368044183928,0.19742736088367857,0.15,False,,1.0,85,0,0.9884231239765534
distributed_allocation_v1,coordination,tight_screen_1.0,11,0.2,1.0,0.7931987955789923,0.9414984944737403,0.2,0.9414984944737403,0.9414984944737403,0.18829969889474807,0.8,True,0.6,6.0,30,2,0.8673486450263663
distributed_allocation_v1,coordination,moderate_screen_1.0,11,0.2,1.0,0.8082786304568339,0.9478482880710424,0.25,0.9478482880710424,0.9478482880710424,0.1895696576142085,0.5,True,0.4,4.0,50,1,0.8780634592639381
distributed_allocation_v1,coordination,light_screen_1.0,11,0.2,1.0,0.9946119338330615,0.9932649172913269,1.0,0.9932649172913269,0.9932649172913269,0.1986529834582654,0.15,False,,1.0,85,0,0.9939384255621942
distributed_allocation_v1,coordination,tight_screen_1.0,12,0.2,1.0,0.790305452042096,0.93788181505262,0.2,0.93788181505262,0.93788181505262,0.18757636301052402,0.8,True,0.6,6.0,30,2,0.8640936335473581
distributed_allocation_v1,coordination,moderate_screen_1.0,12,0.2,1.0,0.8181635741125719,0.9602044676407149,0.25,0.9602044676407149,0.9602044676407149,0.192040893528143,0.5,True,0.4,4.0,50,1,0.8891840208766434
distributed_allocation_v1,coordination,light_screen_1.0,12,0.2,1.0,0.9871117062745804,0.9838896328432257,1.0,0.9838896328432257,0.9838896328432257,0.19677792656864515,0.15,False,,1.0,85,0,0.985500669558903
distributed_allocation_v1,coordination,tight_screen_1.0,13,0.2,1.0,0.7913405497387653,0.9391756871734567,0.2,0.9391756871734567,0.9391756871734567,0.18783513743469135,0.8,True,0.6,6.0,30,2,0.865258118456111
distributed_allocation_v1,coordination,moderate_screen_1.0,13,0.2,1.0,0.8200934947701575,0.9626168684626968,0.25,0.9626168684626968,0.9626168684626968,0.19252337369253936,0.5,True,0.4,4.0,50,1,0.8913551816164271
distributed_allocation_v1,coordination,light_screen_1.0,13,0.2,1.0,0.9941075116173395,0.9926343895216743,1.0,0.9926343895216743,0.9926343895216743,0.19852687790433488,0.15,False,,1.0,85,0,0.9933709505695067
distributed_allocation_v1,coordination,tight_screen_1.0,14,0.2,1.0,0.8044612842883625,0.9555766053604532,0.2,0.9555766053604532,0.9555766053604532,0.19111532107209064,0.8,True,0.6,6.0,30,2,0.8800189448244078
distributed_allocation_v1,coordination,moderate_screen_1.0,14,0.2,1.0,0.8196071224111738,0.9620089030139672,0.25,0.9620089030139672,0.9620089030139672,0.19240178060279345,0.5,True,0.4,4.0,50,1,0.8908080127125705
distributed_allocation_v1,coordination,light_screen_1.0,14,0.2,1.0,0.9875556610179062,0.9844445762723828,1.0,0.9844445762723828,0.9844445762723828,0.19688891525447658,0.15,False,,1.0,85,0,0.9860001186451445
distributed_allocation_v1,coordination,tight_screen_1.0,15,0.2,1.0,0.8211896445778917,0.9764870557223646,0.2,0.9764870557223646,0.9764870557223646,0.19529741114447294,0.8,True,0.6,6.0,30,2,0.8988383501501283
distributed_allocation_v1,coordination,moderate_screen_1.0,15,0.2,1.0,0.8381079241096155,0.9643015718036861,0.3333333333333333,0.9643015718036861,0.9643015718036861,0.19286031436073725,0.5,True,0.4,4.0,50,1,0.9012047479566508
distributed_allocation_v1,coordination,light_screen_1.0,15,0.2,1.0,0.9929422464078488,0.991177808009811,1.0,0.991177808009811,0.991177808009811,0.1982355616019622,0.15,False,,1.0,85,0,0.9920600272088299
distributed_allocation_v1,coordination,tight_screen_1.0,16,0.2,1.0,0.7964163671023574,0.9455204588779467,0.2,0.9455204588779467,0.9455204588779467,0.18910409177558934,0.8,True,0.6,6.0,30,2,0.870968412990152
distributed_allocation_v1,coordination,moderate_screen_1.0,16,0.2,1.0,0.7865190837789677,0.9206488547237097,0.25,0.9206488547237097,0.9206488547237097,0.18412977094474195,0.5,True,0.4,4.0,50,1,0.8535839692513386
distributed_allocation_v1,coordination,light_screen_1.0,16,0.2,1.0,0.9885759140547192,0.9857198925683992,1.0,0.9857198925683992,0.9857198925683992,0.19714397851367985,0.15,False,,1.0,85,0,0.9871479033115592
distributed_allocation_v1,coordination,tight_screen_1.0,17,0.2,1.0,0.7975922609757798,0.9469903262197248,0.2,0.9469903262197248,0.9469903262197248,0.18939806524394498,0.8,True,0.6,6.0,30,2,0.8722912935977523
distributed_allocation_v1,coordination,moderate_screen_1.0,17,0.2,1.0,0.7869311129440716,0.9211638911800895,0.25,0.9211638911800895,0.9211638911800895,0.1842327782360179,0.5,True,0.4,4.0,50,1,0.8540475020620805
distributed_allocation_v1,coordination,light_screen_1.0,17,0.2,1.0,0.9931768522938158,0.9914710653672697,1.0,0.9914710653672697,0.9914710653672697,0.19829421307345396,0.15,False,,1.0,85,0,0.9923239588305427
distributed_allocation_v1,coordination,tight_screen_1.0,18,0.2,1.0,0.8243768064458183,0.967971008057273,0.25,0.967971008057273,0.967971008057273,0.1935942016114546,0.8,True,0.6,6.0,30,2,0.8961739072515457
distributed_allocation_v1,coordination,moderate_screen_1.0,18,0.2,1.0,0.8053959195801514,0.923411566141856,0.3333333333333333,0.923411566141856,0.923411566141856,0.18468231322837123,0.5,True,0.4,4.0,50,1,0.8644037428610037
distributed_allocation_v1,coordination,light_screen_1.0,18,0.2,1.0,0.9896729377316711,0.987091172164589,1.0,0.987091172164589,0.987091172164589,0.1974182344329178,0.15,False,,1.0,85,0,0.98838205494813
distributed_allocation_v1,coordination,tight_screen_1.0,19,0.2,1.0,0.7583326664170014,0.8854158330212517,0.25,0.8854158330212517,0.8854158330212517,0.17708316660425036,0.8,True,0.6,6.0,30,2,0.8218742497191266
distributed_allocation_v1,coordination,moderate_screen_1.0,19,0.2,1.0,0.8078673144953676,0.9265008097858762,0.3333333333333333,0.9265008097858762,0.9265008097858762,0.18530016195717525,0.5,True,0.4,4.0,50,1,0.8671840621406219
distributed_allocation_v1,coordination,light_screen_1.0,19,0.2,1.0,0.9822076096234351,0.9777595120292939,1.0,0.9777595120292939,0.9777595120292939,0.1955519024058588,0.15,False,,1.0,85,0,0.9799835608263644
distributed_allocation_v1,coordination,tight_screen_1.0,20,0.2,1.0,0.7741063458804617,0.9176329323505771,0.2,0.9176329323505771,0.9176329323505771,0.18352658647011544,0.8,True,0.6,6.0,30,2,0.8458696391155194
distributed_allocation_v1,coordination,moderate_screen_1.0,20,0.2,1.0,0.8244141697938869,0.9680177122423586,0.25,0.9680177122423586,0.9680177122423586,0.19360354244847172,0.5,True,0.4,4.0,50,1,0.8962159410181226
distributed_allocation_v1,coordination,light_screen_1.0,20,0.2,1.0,0.985943347119983,0.9824291838999789,1.0,0.9824291838999789,0.9824291838999789,0.1964858367799958,0.15,False,,1.0,85,0,0.9841862655099809
distributed_allocation_v1,coordination,tight_screen_1.0,21,0.2,1.0,0.7806446502405255,0.925805812800657,0.2,0.925805812800657,0.925805812800657,0.1851611625601314,0.8,True,0.6,6.0,30,2,0.8532252315205913
distributed_allocation_v1,coordination,moderate_screen_1.0,21,0.2,1.0,0.7418547040324862,0.8648183800406077,0.25,0.8648183800406077,0.8648183800406077,0.17296367600812157,0.5,True,0.4,4.0,50,1,0.8033365420365469
distributed_allocation_v1,coordination,light_screen_1.0,21,0.2,1.0,0.9846014395455271,0.9807517994319089,1.0,0.9807517994319089,0.9807517994319089,0.1961503598863818,0.15,False,,1.0,85,0,0.982676619488718
distributed_allocation_v1,coordination,tight_screen_1.0,22,0.2,1.0,0.8017068797820306,0.9521335997275382,0.2,0.9521335997275382,0.9521335997275382,0.19042671994550764,0.8,True,0.6,6.0,30,2,0.8769202397547844
distributed_allocation_v1,coordination,moderate_screen_1.0,22,0.2,1.0,0.8202231532566118,0.9627789415707646,0.25,0.9627789415707646,0.9627789415707646,0.19255578831415293,0.5,True,0.4,4.0,50,1,0.8915010474136881
distributed_allocation_v1,coordination,light_screen_1.0,22,0.2,1.0,0.9902449158193003,0.9878061447741253,1.0,0.9878061447741253,0.9878061447741253,0.19756122895482509,0.15,False,,1.0,85,0,0.9890255302967127
distributed_allocation_v1,coordination,tight_screen_1.0,23,0.2,1.0,0.805887374597309,0.9573592182466362,0.2,0.9573592182466362,0.9573592182466362,0.19147184364932723,0.8,True,0.6,6.0,30,2,0.8816232964219726
distributed_allocation_v1,coordination,moderate_screen_1.0,23,0.2,1.0,0.8234365190829385,0.966795648853673,0.25,0.966795648853673,0.966795648853673,0.1933591297707346,0.5,True,0.4,4.0,50,1,0.8951160839683057
distributed_allocation_v1,coordination,light_screen_1.0,23,0.2,1.0,0.997648944659365,0.9970611808242063,1.0,0.9970611808242063,0.9970611808242063,0.19941223616484127,0.15,False,,1.0,85,0,0.9973550627417855
distributed_allocation_v1,coordination,tight_screen_1.0,24,0.2,1.0,0.7995042251322779,0.9493802814153474,0.2,0.9493802814153474,0.9493802814153474,0.18987605628306947,0.8,True,0.6,6.0,30,2,0.8744422532738126
distributed_allocation_v1,coordination,moderate_screen_1.0,24,0.2,1.0,0.8287603067070775,0.9734503833838467,0.25,0.9734503833838467,0.9734503833838467,0.19469007667676935,0.5,True,0.4,4.0,50,1,0.901105345045462
distributed_allocation_v1,coordination,light_screen_1.0,24,0.2,1.0,0.9926130462672946,0.9907663078341185,1.0,0.9907663078341185,0.9907663078341185,0.1981532615668237,0.15,False,,1.0,85,0,0.9916896770507065
distributed_allocation_v1,coordination,tight_screen_1.0,25,0.2,1.0,0.8008585338562478,0.9510731673203098,0.2,0.9510731673203098,0.9510731673203098,0.19021463346406198,0.8,True,0.6,6.0,30,2,0.8759658505882788
distributed_allocation_v1,coordination,moderate_screen_1.0,25,0.2,1.0,0.7947692139954243,0.9309615174942805,0.25,0.9309615174942805,0.9309615174942805,0.1861923034988561,0.5,True,0.4,4.0,50,1,0.8628653657448523
distributed_allocation_v1,coordination,light_screen_1.0,25,0.2,1.0,0.9948367666653457,0.9935459583316821,1.0,0.9935459583316821,0.9935459583316821,0.19870919166633644,0.15,False,,1.0,85,0,0.9941913624985138
distributed_allocation_v1,coordination,tight_screen_1.0,26,0.2,1.0,0.8083763403954755,0.9479704254943443,0.25,0.9479704254943443,0.9479704254943443,0.18959408509886888,0.8,True,0.6,6.0,30,2,0.8781733829449098
distributed_allocation_v1,coordination,moderate_screen_1.0,26,0.2,1.0,0.8242987151126951,0.9470400605575356,0.3333333333333333,0.9470400605575356,0.9470400605575356,0.18940801211150715,0.5,True,0.4,4.0,50,1,0.8856693878351153
distributed_allocation_v1,coordination,light_screen_1.0,26,0.2,1.0,0.9956647254942486,0.9945809068678106,1.0,0.9945809068678106,0.9945809068678106,0.19891618137356215,0.15,False,,1.0,85,0,0.9951228161810295
distributed_allocation_v1,coordination,tight_screen_1.0,27,0.2,1.0,0.8037516323167129,0.954689540395891,0.2,0.954689540395891,0.954689540395891,0.1909379080791782,0.8,True,0.6,6.0,30,2,0.879220586356302
distributed_allocation_v1,coordination,moderate_screen_1.0,27,0.2,1.0,0.8198092805968735,0.9622616007460918,0.25,0.9622616007460918,0.9622616007460918,0.19245232014921837,0.5,True,0.4,4.0,50,1,0.8910354406714825
distributed_allocation_v1,coordination,light_screen_1.0,27,0.2,1.0,0.9930825641378929,0.9913532051723661,1.0,0.9913532051723661,0.9913532051723661,0.19827064103447323,0.15,False,,1.0,85,0,0.9922178846551295
distributed_allocation_v1,coordination,tight_screen_1.0,28,0.2,1.0,0.7776221088295534,0.9220276360369417,0.2,0.9220276360369417,0.9220276360369417,0.18440552720738834,0.8,True,0.6,6.0,30,2,0.8498248724332476
distributed_allocation_v1,coordination,moderate_screen_1.0,28,0.2,1.0,0.8125293361769041,0.9531616702211302,0.25,0.9531616702211302,0.9531616702211302,0.19063233404422605,0.5,True,0.4,4.0,50,1,0.8828455031990172
distributed_allocation_v1,coordination,light_screen_1.0,28,0.2,1.0,0.9966430762003842,0.9958038452504804,1.0,0.9958038452504804,0.9958038452504804,0.19916076905009608,0.15,False,,1.0,85,0,0.9962234607254322
distributed_allocation_v1,coordination,tight_screen_1.0,29,0.2,1.0,0.7490567544736746,0.8863209430920933,0.2,0.8863209430920933,0.8863209430920933,0.17726418861841867,0.8,True,0.6,6.0,30,2,0.817688848782884
distributed_allocation_v1,coordination,moderate_screen_1.0,29,0.2,1.0,0.8243626643023254,0.9679533303779067,0.25,0.9679533303779067,0.9679533303779067,0.19359066607558134,0.5,True,0.4,4.0,50,1,0.896157997340116
distributed_allocation_v1,coordination,light_screen_1.0,29,0.2,1.0,0.9922566803772015,0.990320850471502,1.0,0.990320850471502,0.990320850471502,0.1980641700943004,0.15,False,,1.0,85,0,0.9912887654243517
