benchmark,task_type,gov_config,seed,adversarial_fraction,screening_strength,p,completion_rate,efficiency,fidelity,capability_ratio,safety_score,gov_audit_rate,gov_circuit_breaker_enabled,gov_circuit_breaker_sensitivity,gov_min_stake,gov_bandwidth_cap,gov_confirmation_gates,capability
message_routing_v1,routing,tight_uniform,0,0.2,0.0,0.10666666666666669,0.0,0.16666666666666666,0.3,0.0,0.0,0.8,True,0.6,6.0,30,2,0.10666666666666666
message_routing_v1,routing,moderate_uniform,0,0.2,0.0,0.11000000000000001,0.0,0.2,0.3,0.0,0.0,0.5,True,0.4,4.0,50,1,0.11
message_routing_v1,routing,light_uniform,0,0.2,0.0,1.0,1.0,1.0,1.0,1.0,0.2,0.15,False,,1.0,85,0,0.9999999999999999
message_routing_v1,routing,tight_uniform,1,0.2,0.0,0.923529411764706,1.0,0.23529411764705882,1.0,1.0,0.2,0.8,True,0.6,6.0,30,2,0.9235294117647058
message_routing_v1,routing,moderate_uniform,1,0.2,0.0,0.11857142857142858,0.0,0.2857142857142857,0.3,0.0,0.0,0.5,True,0.4,4.0,50,1,0.11857142857142856
message_routing_v1,routing,light_uniform,1,0.2,0.0,0.9666666666666668,1.0,0.6666666666666666,1.0,1.0,0.2,0.15,False,,1.0,85,0,0.9666666666666666
message_routing_v1,routing,tight_uniform,2,0.2,0.0,0.10666666666666669,0.0,0.16666666666666666,0.3,0.0,0.0,0.8,True,0.6,6.0,30,2,0.10666666666666666
message_routing_v1,routing,moderate_uniform,2,0.2,0.0,0.9200000000000002,1.0,0.2,1.0,1.0,0.2,0.5,True,0.4,4.0,50,1,0.9199999999999999
message_routing_v1,routing,light_uniform,2,0.2,0.0,1.0,1.0,1.0,1.0,1.0,0.2,0.15,False,,1.0,85,0,0.9999999999999999
message_routing_v1,routing,tight_uniform,3,0.2,0.0,0.11000000000000001,0.0,0.2,0.3,0.0,0.0,0.8,True,0.6,6.0,30,2,0.11
message_routing_v1,routing,moderate_uniform,3,0.2,0.0,0.9250000000000002,1.0,0.25,1.0,1.0,0.2,0.5,True,0.4,4.0,50,1,0.9249999999999999
message_routing_v1,routing,light_uniform,3,0.2,0.0,0.9666666666666668,1.0,0.6666666666666666,1.0,1.0,0.2,0.15,False,,1.0,85,0,0.9666666666666666
message_routing_v1,routing,tight_uniform,4,0.2,0.0,0.9200000000000002,1.0,0.2,1.0,1.0,0.2,0.8,True,0.6,6.0,30,2,0.9199999999999999
message_routing_v1,routing,moderate_uniform,4,0.2,0.0,0.9250000000000002,1.0,0.25,1.0,1.0,0.2,0.5,True,0.4,4.0,50,1,0.9249999999999999
message_routing_v1,routing,light_uniform,4,0.2,0.0,0.9666666666666668,1.0,0.6666666666666666,1.0,1.0,0.2,0.15,False,,1.0,85,0,0.9666666666666666
message_routing_v1,routing,tight_uniform,5,0.2,0.0,0.11142857142857145,0.0,0.21428571428571427,0.3,0.0,0.0,0.8,True,0.6,6.0,30,2,0.11142857142857143
message_routing_v1,routing,moderate_uniform,5,0.2,0.0,0.9272727272727274,1.0,0.2727272727272727,1.0,1.0,0.2,0.5,True,0.4,4.0,50,1,0.9272727272727271
message_routing_v1,routing,light_uniform,5,0.2,0.0,0.9750000000000001,1.0,0.75,1.0,1.0,0.2,0.15,False,,1.0,85,0,0.9749999999999999
message_routing_v1,routing,tight_uniform,6,0.2,0.0,0.11000000000000001,0.0,0.2,0.3,0.0,0.0,0.8,True,0.6,6.0,30,2,0.11
message_routing_v1,routing,moderate_uniform,6,0.2,0.0,0.9250000000000002,1.0,0.25,1.0,1.0,0.2,0.5,True,0.4,4.0,50,1,0.9249999999999999
message_routing_v1,routing,light_uniform,6,0.2,0.0,0.9666666666666668,1.0,0.6666666666666666,1.0,1.0,0.2,0.15,False,,1.0,85,0,0.9666666666666666
message_routing_v1,routing,tight_uniform,7,0.2,0.0,0.11000000000000001,0.0,0.2,0.3,0.0,0.0,0.8,True,0.6,6.0,30,2,0.11
message_routing_v1,routing,moderate_uniform,7,0.2,0.0,0.11500000000000002,0.0,0.25,0.3,0.0,0.0,0.5,True,0.4,4.0,50,1,0.11499999999999999
message_routing_v1,routing,light_uniform,7,0.2,0.0,0.9666666666666668,1.0,0.6666666666666666,1.0,1.0,0.2,0.15,False,,1.0,85,0,0.9666666666666666
message_routing_v1,routing,tight_uniform,8,0.2,0.0,0.11000000000000001,0.0,0.2,0.3,0.0,0.0,0.8,True,0.6,6.0,30,2,0.11
message_routing_v1,routing,moderate_uniform,8,0.2,0.0,0.9250000000000002,1.0,0.25,1.0,1.0,0.2,0.5,True,0.4,4.0,50,1,0.9249999999999999
message_routing_v1,routing,light_uniform,8,0.2,0.0,0.9666666666666668,1.0,0.6666666666666666,1.0,1.0,0.2,0.15,False,,1.0,85,0,0.9666666666666666
message_routing_v1,routing,tight_uniform,9,0.2,0.0,0.9200000000000002,1.0,0.2,1.0,1.0,0.2,0.8,True,0.6,6.0,30,2,0.9199999999999999
message_routing_v1,routing,moderate_uniform,9,0.2,0.0,0.11500000000000002,0.0,0.25,0.3,0.0,0.0,0.5,True,0.4,4.0,50,1,0.11499999999999999
message_routing_v1,routing,light_uniform,9,0.2,0.0,0.9666666666666668,1.0,0.6666666666666666,1.0,1.0,0.2,0.15,False,,1.0,85,0,0.9666666666666666
message_routing_v1,routing,tight_uniform,10,0.2,0.0,0.9214285714285716,1.0,0.21428571428571427,1.0,1.0,0.2,0.8,True,0.6,6.0,30,2,0.9214285714285714
message_routing_v1,routing,moderate_uniform,10,0.2,0.0,0.9272727272727274,1.0,0.2727272727272727,1.0,1.0,0.2,0.5,True,0.4,4.0,50,1,0.9272727272727271
message_routing_v1,routing,light_uniform,10,0.2,0.0,0.9750000000000001,1.0,0.75,1.0,1.0,0.2,0.15,False,,1.0,85,0,0.9749999999999999
message_routing_v1,routing,tight_uniform,11,0.2,0.0,0.10666666666666669,0.0,0.16666666666666666,0.3,0.0,0.0,0.8,True,0.6,6.0,30,2,0.10666666666666666
message_routing_v1,routing,moderate_uniform,11,0.2,0.0,0.11000000000000001,0.0,0.2,0.3,0.0,0.0,0.5,True,0.4,4.0,50,1,0.11
message_routing_v1,routing,light_uniform,11,0.2,0.0,1.0,1.0,1.0,1.0,1.0,0.2,0.15,False,,1.0,85,0,0.9999999999999999
message_routing_v1,routing,tight_uniform,12,0.2,0.0,0.11000000000000001,0.0,0.2,0.3,0.0,0.0,0.8,True,0.6,6.0,30,2,0.11
message_routing_v1,routing,moderate_uniform,12,0.2,0.0,0.11500000000000002,0.0,0.25,0.3,0.0,0.0,0.5,True,0.4,4.0,50,1,0.11499999999999999
message_routing_v1,routing,light_uniform,12,0.2,0.0,0.9666666666666668,1.0,0.6666666666666666,1.0,1.0,0.2,0.15,False,,1.0,85,0,0.9666666666666666
message_routing_v1,routing,tight_uniform,13,0.2,0.0,0.9200000000000002,1.0,0.2,1.0,1.0,0.2,0.8,True,0.6,6.0,30,2,0.9199999999999999
message_routing_v1,routing,moderate_uniform,13,0.2,0.0,0.9250000000000002,1.0,0.25,1.0,1.0,0.2,0.5,True,0.4,4.0,50,1,0.9249999999999999
message_routing_v1,routing,light_uniform,13,0.2,0.0,0.9666666666666668,1.0,0.6666666666666666,1.0,1.0,0.2,0.15,False,,1.0,85,0,0.9666666666666666
message_routing_v1,routing,tight_uniform,14,0.2,0.0,0.11000000000000001,0.0,0.2,0.3,0.0,0.0,0.8,True,0.6,6.0,30,2,0.11
message_routing_v1,routing,moderate_uniform,14,0.2,0.0,0.11500000000000002,0.0,0.25,0.3,0.0,0.0,0.5,True,0.4,4.0,50,1,0.11499999999999999
message_routing_v1,routing,light_uniform,14,0.2,0.0,0.9666666666666668,1.0,0.6666666666666666,1.0,1.0,0.2,0.15,False,,1.0,85,0,0.9666666666666666
message_routing_v1,routing,tight_uniform,15,0.2,0.0,0.9200000000000002,1.0,0.2,1.0,1.0,0.2,0.8,True,0.6,6.0,30,2,0.9199999999999999
message_routing_v1,routing,moderate_uniform,15,0.2,0.0,0.9250000000000002,1.0,0.25,1.0,1.0,0.2,0.5,True,0.4,4.0,50,1,0.9249999999999999
message_routing_v1,routing,light_uniform,15,0.2,0.0,0.9666666666666668,1.0,0.6666666666666666,1.0,1.0,0.2,0.15,False,,1.0,85,0,0.9666666666666666
message_routing_v1,routing,tight_uniform,16,0.2,0.0,0.9200000000000002,1.0,0.2,1.0,1.0,0.2,0.8,True,0.6,6.0,30,2,0.9199999999999999
message_routing_v1,routing,moderate_uniform,16,0.2,0.0,0.11500000000000002,0.0,0.25,0.3,0.0,0.0,0.5,True,0.4,4.0,50,1,0.11499999999999999
message_routing_v1,routing,light_uniform,16,0.2,0.0,0.15666666666666668,0.0,0.6666666666666666,0.3,0.0,0.0,0.15,False,,1.0,85,0,0.15666666666666668
message_routing_v1,routing,tight_uniform,17,0.2,0.0,0.10666666666666669,0.0,0.16666666666666666,0.3,0.0,0.0,0.8,True,0.6,6.0,30,2,0.10666666666666666
message_routing_v1,routing,moderate_uniform,17,0.2,0.0,0.9200000000000002,1.0,0.2,1.0,1.0,0.2,0.5,True,0.4,4.0,50,1,0.9199999999999999
message_routing_v1,routing,light_uniform,17,0.2,0.0,1.0,1.0,1.0,1.0,1.0,0.2,0.15,False,,1.0,85,0,0.9999999999999999
message_routing_v1,routing,tight_uniform,18,0.2,0.0,0.9200000000000002,1.0,0.2,1.0,1.0,0.2,0.8,True,0.6,6.0,30,2,0.9199999999999999
message_routing_v1,routing,moderate_uniform,18,0.2,0.0,0.11500000000000002,0.0,0.25,0.3,0.0,0.0,0.5,True,0.4,4.0,50,1,0.11499999999999999
message_routing_v1,routing,light_uniform,18,0.2,0.0,0.9666666666666668,1.0,0.6666666666666666,1.0,1.0,0.2,0.15,False,,1.0,85,0,0.9666666666666666
message_routing_v1,routing,tight_uniform,19,0.2,0.0,0.9214285714285716,1.0,0.21428571428571427,1.0,1.0,0.2,0.8,True,0.6,6.0,30,2,0.9214285714285714
message_routing_v1,routing,moderate_uniform,19,0.2,0.0,0.9272727272727274,1.0,0.2727272727272727,1.0,1.0,0.2,0.5,True,0.4,4.0,50,1,0.9272727272727271
message_routing_v1,routing,light_uniform,19,0.2,0.0,0.9750000000000001,1.0,0.75,1.0,1.0,0.2,0.15,False,,1.0,85,0,0.9749999999999999
message_routing_v1,routing,tight_uniform,20,0.2,0.0,0.9214285714285716,1.0,0.21428571428571427,1.0,1.0,0.2,0.8,True,0.6,6.0,30,2,0.9214285714285714
message_routing_v1,routing,moderate_uniform,20,0.2,0.0,0.11727272727272728,0.0,0.2727272727272727,0.3,0.0,0.0,0.5,True,0.4,4.0,50,1,0.11727272727272726
message_routing_v1,routing,light_uniform,20,0.2,0.0,0.9750000000000001,1.0,0.75,1.0,1.0,0.2,0.15,False,,1.0,85,0,0.9749999999999999
message_routing_v1,routing,tight_uniform,21,0.2,0.0,0.9214285714285716,1.0,0.21428571428571427,1.0,1.0,0.2,0.8,True,0.6,6.0,30,2,0.9214285714285714
message_routing_v1,routing,moderate_uniform,21,0.2,0.0,0.9272727272727274,1.0,0.2727272727272727,1.0,1.0,0.2,0.5,True,0.4,4.0,50,1,0.9272727272727271
message_routing_v1,routing,light_uniform,21,0.2,0.0,0.9750000000000001,1.0,0.75,1.0,1.0,0.2,0.15,False,,1.0,85,0,0.9749999999999999
message_routing_v1,routing,tight_uniform,22,0.2,0.0,0.9214285714285716,1.0,0.21428571428571427,1.0,1.0,0.2,0.8,True,0.6,6.0,30,2,0.9214285714285714
message_routing_v1,routing,moderate_uniform,22,0.2,0.0,0.9272727272727274,1.0,0.2727272727272727,1.0,1.0,0.2,0.5,True,0.4,4.0,50,1,0.9272727272727271
message_routing_v1,routing,light_uniform,22,0.2,0.0,0.9750000000000001,1.0,0.75,1.0,1.0,0.2,0.15,False,,1.0,85,0,0.9749999999999999
message_routing_v1,routing,tight_uniform,23,0.2,0.0,0.9200000000000002,1.0,0.2,1.0,1.0,0.2,0.8,True,0.6,6.0,30,2,0.9199999999999999
message_routing_v1,routing,moderate_uniform,23,0.2,0.0,0.9250000000000002,1.0,0.25,1.0,1.0,0.2,0.5,True,0.4,4.0,50,1,0.9249999999999999
message_routing_v1,routing,light_uniform,23,0.2,0.0,0.9666666666666668,1.0,0.6666666666666666,1.0,1.0,0.2,0.15,False,,1.0,85,0,0.9666666666666666
message_routing_v1,routing,tight_uniform,24,0.2,0.0,0.9214285714285716,1.0,0.21428571428571427,1.0,1.0,0.2,0.8,True,0.6,6.0,30,2,0.9214285714285714
message_routing_v1,routing,moderate_uniform,24,0.2,0.0,0.11727272727272728,0.0,0.2727272727272727,0.3,0.0,0.0,0.5,True,0.4,4.0,50,1,0.11727272727272726
message_routing_v1,routing,light_uniform,24,0.2,0.0,0.9750000000000001,1.0,0.75,1.0,1.0,0.2,0.15,False,,1.0,85,0,0.9749999999999999
message_routing_v1,routing,tight_uniform,25,0.2,0.0,0.9200000000000002,1.0,0.2,1.0,1.0,0.2,0.8,True,0.6,6.0,30,2,0.9199999999999999
message_routing_v1,routing,moderate_uniform,25,0.2,0.0,0.11500000000000002,0.0,0.25,0.3,0.0,0.0,0.5,True,0.4,4.0,50,1,0.11499999999999999
message_routing_v1,routing,light_uniform,25,0.2,0.0,0.9666666666666668,1.0,0.6666666666666666,1.0,1.0,0.2,0.15,False,,1.0,85,0,0.9666666666666666
message_routing_v1,routing,tight_uniform,26,0.2,0.0,0.9200000000000002,1.0,0.2,1.0,1.0,0.2,0.8,True,0.6,6.0,30,2,0.9199999999999999
message_routing_v1,routing,moderate_uniform,26,0.2,0.0,0.9250000000000002,1.0,0.25,1.0,1.0,0.2,0.5,True,0.4,4.0,50,1,0.9249999999999999
message_routing_v1,routing,light_uniform,26,0.2,0.0,0.9666666666666668,1.0,0.6666666666666666,1.0,1.0,0.2,0.15,False,,1.0,85,0,0.9666666666666666
message_routing_v1,routing,tight_uniform,27,0.2,0.0,0.9166666666666669,1.0,0.16666666666666666,1.0,1.0,0.2,0.8,True,0.6,6.0,30,2,0.9166666666666666
message_routing_v1,routing,moderate_uniform,27,0.2,0.0,0.9200000000000002,1.0,0.2,1.0,1.0,0.2,0.5,True,0.4,4.0,50,1,0.9199999999999999
message_routing_v1,routing,light_uniform,27,0.2,0.0,1.0,1.0,1.0,1.0,1.0,0.2,0.15,False,,1.0,85,0,0.9999999999999999
message_routing_v1,routing,tight_uniform,28,0.2,0.0,0.9214285714285716,1.0,0.21428571428571427,1.0,1.0,0.2,0.8,True,0.6,6.0,30,2,0.9214285714285714
message_routing_v1,routing,moderate_uniform,28,0.2,0.0,0.9272727272727274,1.0,0.2727272727272727,1.0,1.0,0.2,0.5,True,0.4,4.0,50,1,0.9272727272727271
message_routing_v1,routing,light_uniform,28,0.2,0.0,0.9750000000000001,1.0,0.75,1.0,1.0,0.2,0.15,False,,1.0,85,0,0.9749999999999999
message_routing_v1,routing,tight_uniform,29,0.2,0.0,0.9166666666666669,1.0,0.16666666666666666,1.0,1.0,0.2,0.8,True,0.6,6.0,30,2,0.9166666666666666
message_routing_v1,routing,moderate_uniform,29,0.2,0.0,0.9200000000000002,1.0,0.2,1.0,1.0,0.2,0.5,True,0.4,4.0,50,1,0.9199999999999999
message_routing_v1,routing,light_uniform,29,0.2,0.0,1.0,1.0,1.0,1.0,1.0,0.2,0.15,False,,1.0,85,0,0.9999999999999999
message_routing_v1,routing,tight_screen_0.1,0,0.2,0.1,0.9200000000000002,1.0,0.2,1.0,1.0,0.2,0.8,True,0.6,6.0,30,2,0.9199999999999999
message_routing_v1,routing,moderate_screen_0.1,0,0.2,0.1,0.9333333333333335,1.0,0.3333333333333333,1.0,1.0,0.2,0.5,True,0.4,4.0,50,1,0.9333333333333332
message_routing_v1,routing,light_screen_0.1,0,0.2,0.1,1.0,1.0,1.0,1.0,1.0,0.2,0.15,False,,1.0,85,0,0.9999999999999999
message_routing_v1,routing,tight_screen_0.1,1,0.2,0.1,0.11857142857142858,0.0,0.2857142857142857,0.3,0.0,0.0,0.8,True,0.6,6.0,30,2,0.11857142857142856
message_routing_v1,routing,moderate_screen_0.1,1,0.2,0.1,0.9444444444444446,1.0,0.4444444444444444,1.0,1.0,0.2,0.5,True,0.4,4.0,50,1,0.9444444444444443
message_routing_v1,routing,light_screen_0.1,1,0.2,0.1,1.0,1.0,1.0,1.0,1.0,0.2,0.15,False,,1.0,85,0,0.9999999999999999
message_routing_v1,routing,tight_screen_0.1,2,0.2,0.1,0.9200000000000002,1.0,0.2,1.0,1.0,0.2,0.8,True,0.6,6.0,30,2,0.9199999999999999
message_routing_v1,routing,moderate_screen_0.1,2,0.2,0.1,0.11500000000000002,0.0,0.25,0.3,0.0,0.0,0.5,True,0.4,4.0,50,1,0.11499999999999999
message_routing_v1,routing,light_screen_0.1,2,0.2,0.1,1.0,1.0,1.0,1.0,1.0,0.2,0.15,False,,1.0,85,0,0.9999999999999999
message_routing_v1,routing,tight_screen_0.1,3,0.2,0.1,0.11500000000000002,0.0,0.25,0.3,0.0,0.0,0.8,True,0.6,6.0,30,2,0.11499999999999999
message_routing_v1,routing,moderate_screen_0.1,3,0.2,0.1,0.13,0.0,0.4,0.3,0.0,0.0,0.5,True,0.4,4.0,50,1,0.13
message_routing_v1,routing,light_screen_0.1,3,0.2,0.1,1.0,1.0,1.0,1.0,1.0,0.2,0.15,False,,1.0,85,0,0.9999999999999999
message_routing_v1,routing,tight_screen_0.1,4,0.2,0.1,0.11500000000000002,0.0,0.25,0.3,0.0,0.0,0.8,True,0.6,6.0,30,2,0.11499999999999999
message_routing_v1,routing,moderate_screen_0.1,4,0.2,0.1,0.9285714285714287,1.0,0.2857142857142857,1.0,1.0,0.2,0.5,True,0.4,4.0,50,1,0.9285714285714285
message_routing_v1,routing,light_screen_0.1,4,0.2,0.1,1.0,1.0,1.0,1.0,1.0,0.2,0.15,False,,1.0,85,0,0.9999999999999999
message_routing_v1,routing,tight_screen_0.1,5,0.2,0.1,0.9272727272727274,1.0,0.2727272727272727,1.0,1.0,0.2,0.8,True,0.6,6.0,30,2,0.9272727272727271
message_routing_v1,routing,moderate_screen_0.1,5,0.2,0.1,0.13285714285714287,0.0,0.42857142857142855,0.3,0.0,0.0,0.5,True,0.4,4.0,50,1,0.13285714285714284
message_routing_v1,routing,light_screen_0.1,5,0.2,0.1,1.0,1.0,1.0,1.0,1.0,0.2,0.15,False,,1.0,85,0,0.9999999999999999
message_routing_v1,routing,tight_screen_0.1,6,0.2,0.1,0.11500000000000002,0.0,0.25,0.3,0.0,0.0,0.8,True,0.6,6.0,30,2,0.11499999999999999
message_routing_v1,routing,moderate_screen_0.1,6,0.2,0.1,0.13,0.0,0.4,0.3,0.0,0.0,0.5,True,0.4,4.0,50,1,0.13
message_routing_v1,routing,light_screen_0.1,6,0.2,0.1,0.19000000000000003,0.0,1.0,0.3,0.0,0.0,0.15,False,,1.0,85,0,0.19
message_routing_v1,routing,tight_screen_0.1,7,0.2,0.1,0.11500000000000002,0.0,0.25,0.3,0.0,0.0,0.8,True,0.6,6.0,30,2,0.11499999999999999
message_routing_v1,routing,moderate_screen_0.1,7,0.2,0.1,0.12333333333333335,0.0,0.3333333333333333,0.3,0.0,0.0,0.5,True,0.4,4.0,50,1,0.12333333333333332
message_routing_v1,routing,light_screen_0.1,7,0.2,0.1,1.0,1.0,1.0,1.0,1.0,0.2,0.15,False,,1.0,85,0,0.9999999999999999
message_routing_v1,routing,tight_screen_0.1,8,0.2,0.1,0.9250000000000002,1.0,0.25,1.0,1.0,0.2,0.8,True,0.6,6.0,30,2,0.9249999999999999
message_routing_v1,routing,moderate_screen_0.1,8,0.2,0.1,0.9333333333333335,1.0,0.3333333333333333,1.0,1.0,0.2,0.5,True,0.4,4.0,50,1,0.9333333333333332
message_routing_v1,routing,light_screen_0.1,8,0.2,0.1,1.0,1.0,1.0,1.0,1.0,0.2,0.15,False,,1.0,85,0,0.9999999999999999
message_routing_v1,routing,tight_screen_0.1,9,0.2,0.1,0.11500000000000002,0.0,0.25,0.3,0.0,0.0,0.8,True,0.6,6.0,30,2,0.11499999999999999
message_routing_v1,routing,moderate_screen_0.1,9,0.2,0.1,0.13,0.0,0.4,0.3,0.0,0.0,0.5,True,0.4,4.0,50,1,0.13
message_routing_v1,routing,light_screen_0.1,9,0.2,0.1,0.19000000000000003,0.0,1.0,0.3,0.0,0.0,0.15,False,,1.0,85,0,0.19
message_routing_v1,routing,tight_screen_0.1,10,0.2,0.1,0.11727272727272728,0.0,0.2727272727272727,0.3,0.0,0.0,0.8,True,0.6,6.0,30,2,0.11727272727272726
message_routing_v1,routing,moderate_screen_0.1,10,0.2,0.1,0.1275,0.0,0.375,0.3,0.0,0.0,0.5,True,0.4,4.0,50,1,0.1275
message_routing_v1,routing,light_screen_0.1,10,0.2,0.1,1.0,1.0,1.0,1.0,1.0,0.2,0.15,False,,1.0,85,0,0.9999999999999999
message_routing_v1,routing,tight_screen_0.1,11,0.2,0.1,0.11000000000000001,0.0,0.2,0.3,0.0,0.0,0.8,True,0.6,6.0,30,2,0.11
message_routing_v1,routing,moderate_screen_0.1,11,0.2,0.1,0.9333333333333335,1.0,0.3333333333333333,1.0,1.0,0.2,0.5,True,0.4,4.0,50,1,0.9333333333333332
message_routing_v1,routing,light_screen_0.1,11,0.2,0.1,1.0,1.0,1.0,1.0,1.0,0.2,0.15,False,,1.0,85,0,0.9999999999999999
message_routing_v1,routing,tight_screen_0.1,12,0.2,0.1,0.11500000000000002,0.0,0.25,0.3,0.0,0.0,0.8,True,0.6,6.0,30,2,0.11499999999999999
message_routing_v1,routing,moderate_screen_0.1,12,0.2,0.1,0.9333333333333335,1.0,0.3333333333333333,1.0,1.0,0.2,0.5,True,0.4,4.0,50,1,0.9333333333333332
message_routing_v1,routing,light_screen_0.1,12,0.2,0.1,1.0,1.0,1.0,1.0,1.0,0.2,0.15,False,,1.0,85,0,0.9999999999999999
message_routing_v1,routing,tight_screen_0.1,13,0.2,0.1,0.11500000000000002,0.0,0.25,0.3,0.0,0.0,0.8,True,0.6,6.0,30,2,0.11499999999999999
message_routing_v1,routing,moderate_screen_0.1,13,0.2,0.1,0.13,0.0,0.4,0.3,0.0,0.0,0.5,True,0.4,4.0,50,1,0.13
message_routing_v1,routing,light_screen_0.1,13,0.2,0.1,1.0,1.0,1.0,1.0,1.0,0.2,0.15,False,,1.0,85,0,0.9999999999999999
message_routing_v1,routing,tight_screen_0.1,14,0.2,0.1,0.11500000000000002,0.0,0.25,0.3,0.0,0.0,0.8,True,0.6,6.0,30,2,0.11499999999999999
message_routing_v1,routing,moderate_screen_0.1,14,0.2,0.1,0.12333333333333335,0.0,0.3333333333333333,0.3,0.0,0.0,0.5,True,0.4,4.0,50,1,0.12333333333333332
message_routing_v1,routing,light_screen_0.1,14,0.2,0.1,1.0,1.0,1.0,1.0,1.0,0.2,0.15,False,,1.0,85,0,0.9999999999999999
message_routing_v1,routing,tight_screen_0.1,15,0.2,0.1,0.11500000000000002,0.0,0.25,0.3,0.0,0.0,0.8,True,0.6,6.0,30,2,0.11499999999999999
message_routing_v1,routing,moderate_screen_0.1,15,0.2,0.1,0.9400000000000002,1.0,0.4,1.0,1.0,0.2,0.5,True,0.4,4.0,50,1,0.94
message_routing_v1,routing,light_screen_0.1,15,0.2,0.1,1.0,1.0,1.0,1.0,1.0,0.2,0.15,False,,1.0,85,0,0.9999999999999999
message_routing_v1,routing,tight_screen_0.1,16,0.2,0.1,0.9250000000000002,1.0,0.25,1.0,1.0,0.2,0.8,True,0.6,6.0,30,2,0.9249999999999999
message_routing_v1,routing,moderate_screen_0.1,16,0.2,0.1,0.12333333333333335,0.0,0.3333333333333333,0.3,0.0,0.0,0.5,True,0.4,4.0,50,1,0.12333333333333332
message_routing_v1,routing,light_screen_0.1,16,0.2,0.1,1.0,1.0,1.0,1.0,1.0,0.2,0.15,False,,1.0,85,0,0.9999999999999999
message_routing_v1,routing,tight_screen_0.1,17,0.2,0.1,0.9200000000000002,1.0,0.2,1.0,1.0,0.2,0.8,True,0.6,6.0,30,2,0.9199999999999999
message_routing_v1,routing,moderate_screen_0.1,17,0.2,0.1,0.11500000000000002,0.0,0.25,0.3,0.0,0.0,0.5,True,0.4,4.0,50,1,0.11499999999999999
message_routing_v1,routing,light_screen_0.1,17,0.2,0.1,1.0,1.0,1.0,1.0,1.0,0.2,0.15,False,,1.0,85,0,0.9999999999999999
message_routing_v1,routing,tight_screen_0.1,18,0.2,0.1,0.9250000000000002,1.0,0.25,1.0,1.0,0.2,0.8,True,0.6,6.0,30,2,0.9249999999999999
message_routing_v1,routing,moderate_screen_0.1,18,0.2,0.1,0.9400000000000002,1.0,0.4,1.0,1.0,0.2,0.5,True,0.4,4.0,50,1,0.94
message_routing_v1,routing,light_screen_0.1,18,0.2,0.1,1.0,1.0,1.0,1.0,1.0,0.2,0.15,False,,1.0,85,0,0.9999999999999999
message_routing_v1,routing,tight_screen_0.1,19,0.2,0.1,0.11727272727272728,0.0,0.2727272727272727,0.3,0.0,0.0,0.8,True,0.6,6.0,30,2,0.11727272727272726
message_routing_v1,routing,moderate_screen_0.1,19,0.2,0.1,0.1275,0.0,0.375,0.3,0.0,0.0,0.5,True,0.4,4.0,50,1,0.1275
message_routing_v1,routing,light_screen_0.1,19,0.2,0.1,1.0,1.0,1.0,1.0,1.0,0.2,0.15,False,,1.0,85,0,0.9999999999999999
message_routing_v1,routing,tight_screen_0.1,20,0.2,0.1,0.9272727272727274,1.0,0.2727272727272727,1.0,1.0,0.2,0.8,True,0.6,6.0,30,2,0.9272727272727271
message_routing_v1,routing,moderate_screen_0.1,20,0.2,0.1,0.1275,0.0,0.375,0.3,0.0,0.0,0.5,True,0.4,4.0,50,1,0.1275
message_routing_v1,routing,light_screen_0.1,20,0.2,0.1,0.19000000000000003,0.0,1.0,0.3,0.0,0.0,0.15,False,,1.0,85,0,0.19
message_routing_v1,routing,tight_screen_0.1,21,0.2,0.1,0.11727272727272728,0.0,0.2727272727272727,0.3,0.0,0.0,0.8,True,0.6,6.0,30,2,0.11727272727272726
message_routing_v1,routing,moderate_screen_0.1,21,0.2,0.1,0.9333333333333335,1.0,0.3333333333333333,1.0,1.0,0.2,0.5,True,0.4,4.0,50,1,0.9333333333333332
message_routing_v1,routing,light_screen_0.1,21,0.2,0.1,1.0,1.0,1.0,1.0,1.0,0.2,0.15,False,,1.0,85,0,0.9999999999999999
message_routing_v1,routing,tight_screen_0.1,22,0.2,0.1,0.11727272727272728,0.0,0.2727272727272727,0.3,0.0,0.0,0.8,True,0.6,6.0,30,2,0.11727272727272726
message_routing_v1,routing,moderate_screen_0.1,22,0.2,0.1,0.12333333333333335,0.0,0.3333333333333333,0.3,0.0,0.0,0.5,True,0.4,4.0,50,1,0.12333333333333332
message_routing_v1,routing,light_screen_0.1,22,0.2,0.1,1.0,1.0,1.0,1.0,1.0,0.2,0.15,False,,1.0,85,0,0.9999999999999999
message_routing_v1,routing,tight_screen_0.1,23,0.2,0.1,0.11500000000000002,0.0,0.25,0.3,0.0,0.0,0.8,True,0.6,6.0,30,2,0.11499999999999999
message_routing_v1,routing,moderate_screen_0.1,23,0.2,0.1,0.13,0.0,0.4,0.3,0.0,0.0,0.5,True,0.4,4.0,50,1,0.13
message_routing_v1,routing,light_screen_0.1,23,0.2,0.1,1.0,1.0,1.0,1.0,1.0,0.2,0.15,False,,1.0,85,0,0.9999999999999999
message_routing_v1,routing,tight_screen_0.1,24,0.2,0.1,0.11727272727272728,0.0,0.2727272727272727,0.3,0.0,0.0,0.8,True,0.6,6.0,30,2,0.11727272727272726
message_routing_v1,routing,moderate_screen_0.1,24,0.2,0.1,0.1275,0.0,0.375,0.3,0.0,0.0,0.5,True,0.4,4.0,50,1,0.1275
message_routing_v1,routing,light_screen_0.1,24,0.2,0.1,0.19000000000000003,0.0,1.0,0.3,0.0,0.0,0.15,False,,1.0,85,0,0.19
message_routing_v1,routing,tight_screen_0.1,25,0.2,0.1,0.9250000000000002,1.0,0.25,1.0,1.0,0.2,0.8,True,0.6,6.0,30,2,0.9249999999999999
message_routing_v1,routing,moderate_screen_0.1,25,0.2,0.1,0.9333333333333335,1.0,0.3333333333333333,1.0,1.0,0.2,0.5,True,0.4,4.0,50,1,0.9333333333333332
message_routing_v1,routing,light_screen_0.1,25,0.2,0.1,0.19000000000000003,0.0,1.0,0.3,0.0,0.0,0.15,False,,1.0,85,0,0.19
message_routing_v1,routing,tight_screen_0.1,26,0.2,0.1,0.11500000000000002,0.0,0.25,0.3,0.0,0.0,0.8,True,0.6,6.0,30,2,0.11499999999999999
message_routing_v1,routing,moderate_screen_0.1,26,0.2,0.1,0.9400000000000002,1.0,0.4,1.0,1.0,0.2,0.5,True,0.4,4.0,50,1,0.94
message_routing_v1,routing,light_screen_0.1,26,0.2,0.1,1.0,1.0,1.0,1.0,1.0,0.2,0.15,False,,1.0,85,0,0.9999999999999999
message_routing_v1,routing,tight_screen_0.1,27,0.2,0.1,0.9200000000000002,1.0,0.2,1.0,1.0,0.2,0.8,True,0.6,6.0,30,2,0.9199999999999999
message_routing_v1,routing,moderate_screen_0.1,27,0.2,0.1,0.9250000000000002,1.0,0.25,1.0,1.0,0.2,0.5,True,0.4,4.0,50,1,0.9249999999999999
message_routing_v1,routing,light_screen_0.1,27,0.2,0.1,1.0,1.0,1.0,1.0,1.0,0.2,0.15,False,,1.0,85,0,0.9999999999999999
message_routing_v1,routing,tight_screen_0.1,28,0.2,0.1,0.11727272727272728,0.0,0.2727272727272727,0.3,0.0,0.0,0.8,True,0.6,6.0,30,2,0.11727272727272726
message_routing_v1,routing,moderate_screen_0.1,28,0.2,0.1,0.1275,0.0,0.375,0.3,0.0,0.0,0.5,True,0.4,4.0,50,1,0.1275
message_routing_v1,routing,light_screen_0.1,28,0.2,0.1,1.0,1.0,1.0,1.0,1.0,0.2,0.15,False,,1.0,85,0,0.9999999999999999
message_routing_v1,routing,tight_screen_0.1,29,0.2,0.1,0.9200000000000002,1.0,0.2,1.0,1.0,0.2,0.8,True,0.6,6.0,30,2,0.9199999999999999
message_routing_v1,routing,moderate_screen_0.1,29,0.2,0.1,0.9333333333333335,1.0,0.3333333333333333,1.0,1.0,0.2,0.5,True,0.4,4.0,50,1,0.9333333333333332
message_routing_v1,routing,light_screen_0.1,29,0.2,0.1,1.0,1.0,1.0,1.0,1.0,0.2,0.15,False,,1.0,85,0,0.9999999999999999
message_routing_v1,routing,tight_screen_0.2,0,0.2,0.2,0.11000000000000001,0.0,0.2,0.3,0.0,0.0,0.8,True,0.6,6.0,30,2,0.11
message_routing_v1,routing,moderate_screen_0.2,0,0.2,0.2,0.9333333333333335,1.0,0.3333333333333333,1.0,1.0,0.2,0.5,True,0.4,4.0,50,1,0.9333333333333332
message_routing_v1,routing,light_screen_0.2,0,0.2,0.2,1.0,1.0,1.0,1.0,1.0,0.2,0.15,False,,1.0,85,0,0.9999999999999999
message_routing_v1,routing,tight_screen_0.2,1,0.2,0.2,0.11857142857142858,0.0,0.2857142857142857,0.3,0.0,0.0,0.8,True,0.6,6.0,30,2,0.11857142857142856
message_routing_v1,routing,moderate_screen_0.2,1,0.2,0.2,0.13444444444444448,0.0,0.4444444444444444,0.3,0.0,0.0,0.5,True,0.4,4.0,50,1,0.13444444444444445
message_routing_v1,routing,light_screen_0.2,1,0.2,0.2,0.19000000000000003,0.0,1.0,0.3,0.0,0.0,0.15,False,,1.0,85,0,0.19
message_routing_v1,routing,tight_screen_0.2,2,0.2,0.2,0.9200000000000002,1.0,0.2,1.0,1.0,0.2,0.8,True,0.6,6.0,30,2,0.9199999999999999
message_routing_v1,routing,moderate_screen_0.2,2,0.2,0.2,0.9333333333333335,1.0,0.3333333333333333,1.0,1.0,0.2,0.5,True,0.4,4.0,50,1,0.9333333333333332
message_routing_v1,routing,light_screen_0.2,2,0.2,0.2,1.0,1.0,1.0,1.0,1.0,0.2,0.15,False,,1.0,85,0,0.9999999999999999
message_routing_v1,routing,tight_screen_0.2,3,0.2,0.2,0.11500000000000002,0.0,0.25,0.3,0.0,0.0,0.8,True,0.6,6.0,30,2,0.11499999999999999
message_routing_v1,routing,moderate_screen_0.2,3,0.2,0.2,0.13,0.0,0.4,0.3,0.0,0.0,0.5,True,0.4,4.0,50,1,0.13
message_routing_v1,routing,light_screen_0.2,3,0.2,0.2,1.0,1.0,1.0,1.0,1.0,0.2,0.15,False,,1.0,85,0,0.9999999999999999
message_routing_v1,routing,tight_screen_0.2,4,0.2,0.2,0.11500000000000002,0.0,0.25,0.3,0.0,0.0,0.8,True,0.6,6.0,30,2,0.11499999999999999
message_routing_v1,routing,moderate_screen_0.2,4,0.2,0.2,0.9285714285714287,1.0,0.2857142857142857,1.0,1.0,0.2,0.5,True,0.4,4.0,50,1,0.9285714285714285
message_routing_v1,routing,light_screen_0.2,4,0.2,0.2,0.19000000000000003,0.0,1.0,0.3,0.0,0.0,0.15,False,,1.0,85,0,0.19
message_routing_v1,routing,tight_screen_0.2,5,0.2,0.2,0.11727272727272728,0.0,0.2727272727272727,0.3,0.0,0.0,0.8,True,0.6,6.0,30,2,0.11727272727272726
message_routing_v1,routing,moderate_screen_0.2,5,0.2,0.2,0.13285714285714287,0.0,0.42857142857142855,0.3,0.0,0.0,0.5,True,0.4,4.0,50,1,0.13285714285714284
message_routing_v1,routing,light_screen_0.2,5,0.2,0.2,0.19000000000000003,0.0,1.0,0.3,0.0,0.0,0.15,False,,1.0,85,0,0.19
message_routing_v1,routing,tight_screen_0.2,6,0.2,0.2,0.11500000000000002,0.0,0.25,0.3,0.0,0.0,0.8,True,0.6,6.0,30,2,0.11499999999999999
message_routing_v1,routing,moderate_screen_0.2,6,0.2,0.2,0.13,0.0,0.4,0.3,0.0,0.0,0.5,True,0.4,4.0,50,1,0.13
message_routing_v1,routing,light_screen_0.2,6,0.2,0.2,1.0,1.0,1.0,1.0,1.0,0.2,0.15,False,,1.0,85,0,0.9999999999999999
message_routing_v1,routing,tight_screen_0.2,7,0.2,0.2,0.11500000000000002,0.0,0.25,0.3,0.0,0.0,0.8,True,0.6,6.0,30,2,0.11499999999999999
message_routing_v1,routing,moderate_screen_0.2,7,0.2,0.2,0.13,0.0,0.4,0.3,0.0,0.0,0.5,True,0.4,4.0,50,1,0.13
message_routing_v1,routing,light_screen_0.2,7,0.2,0.2,0.19000000000000003,0.0,1.0,0.3,0.0,0.0,0.15,False,,1.0,85,0,0.19
message_routing_v1,routing,tight_screen_0.2,8,0.2,0.2,0.11500000000000002,0.0,0.25,0.3,0.0,0.0,0.8,True,0.6,6.0,30,2,0.11499999999999999
message_routing_v1,routing,moderate_screen_0.2,8,0.2,0.2,0.12333333333333335,0.0,0.3333333333333333,0.3,0.0,0.0,0.5,True,0.4,4.0,50,1,0.12333333333333332
message_routing_v1,routing,light_screen_0.2,8,0.2,0.2,1.0,1.0,1.0,1.0,1.0,0.2,0.15,False,,1.0,85,0,0.9999999999999999
message_routing_v1,routing,tight_screen_0.2,9,0.2,0.2,0.11500000000000002,0.0,0.25,0.3,0.0,0.0,0.8,True,0.6,6.0,30,2,0.11499999999999999
message_routing_v1,routing,moderate_screen_0.2,9,0.2,0.2,0.13,0.0,0.4,0.3,0.0,0.0,0.5,True,0.4,4.0,50,1,0.13
message_routing_v1,routing,light_screen_0.2,9,0.2,0.2,1.0,1.0,1.0,1.0,1.0,0.2,0.15,False,,1.0,85,0,0.9999999999999999
message_routing_v1,routing,tight_screen_0.2,10,0.2,0.2,0.11727272727272728,0.0,0.2727272727272727,0.3,0.0,0.0,0.8,True,0.6,6.0,30,2,0.11727272727272726
message_routing_v1,routing,moderate_screen_0.2,10,0.2,0.2,0.13285714285714287,0.0,0.42857142857142855,0.3,0.0,0.0,0.5,True,0.4,4.0,50,1,0.13285714285714284
message_routing_v1,routing,light_screen_0.2,10,0.2,0.2,0.19000000000000003,0.0,1.0,0.3,0.0,0.0,0.15,False,,1.0,85,0,0.19
message_routing_v1,routing,tight_screen_0.2,11,0.2,0.2,0.9200000000000002,1.0,0.2,1.0,1.0,0.2,0.8,True,0.6,6.0,30,2,0.9199999999999999
message_routing_v1,routing,moderate_screen_0.2,11,0.2,0.2,0.12333333333333335,0.0,0.3333333333333333,0.3,0.0,0.0,0.5,True,0.4,4.0,50,1,0.12333333333333332
message_routing_v1,routing,light_screen_0.2,11,0.2,0.2,1.0,1.0,1.0,1.0,1.0,0.2,0.15,False,,1.0,85,0,0.9999999999999999
message_routing_v1,routing,tight_screen_0.2,12,0.2,0.2,0.11500000000000002,0.0,0.25,0.3,0.0,0.0,0.8,True,0.6,6.0,30,2,0.11499999999999999
message_routing_v1,routing,moderate_screen_0.2,12,0.2,0.2,0.9400000000000002,1.0,0.4,1.0,1.0,0.2,0.5,True,0.4,4.0,50,1,0.94
message_routing_v1,routing,light_screen_0.2,12,0.2,0.2,1.0,1.0,1.0,1.0,1.0,0.2,0.15,False,,1.0,85,0,0.9999999999999999
message_routing_v1,routing,tight_screen_0.2,13,0.2,0.2,0.9250000000000002,1.0,0.25,1.0,1.0,0.2,0.8,True,0.6,6.0,30,2,0.9249999999999999
message_routing_v1,routing,moderate_screen_0.2,13,0.2,0.2,0.9400000000000002,1.0,0.4,1.0,1.0,0.2,0.5,True,0.4,4.0,50,1,0.94
message_routing_v1,routing,light_screen_0.2,13,0.2,0.2,0.19000000000000003,0.0,1.0,0.3,0.0,0.0,0.15,False,,1.0,85,0,0.19
message_routing_v1,routing,tight_screen_0.2,14,0.2,0.2,0.9250000000000002,1.0,0.25,1.0,1.0,0.2,0.8,True,0.6,6.0,30,2,0.9249999999999999
message_routing_v1,routing,moderate_screen_0.2,14,0.2,0.2,0.9333333333333335,1.0,0.3333333333333333,1.0,1.0,0.2,0.5,True,0.4,4.0,50,1,0.9333333333333332
message_routing_v1,routing,light_screen_0.2,14,0.2,0.2,1.0,1.0,1.0,1.0,1.0,0.2,0.15,False,,1.0,85,0,0.9999999999999999
message_routing_v1,routing,tight_screen_0.2,15,0.2,0.2,0.9250000000000002,1.0,0.25,1.0,1.0,0.2,0.8,True,0.6,6.0,30,2,0.9249999999999999
message_routing_v1,routing,moderate_screen_0.2,15,0.2,0.2,0.13,0.0,0.4,0.3,0.0,0.0,0.5,True,0.4,4.0,50,1,0.13
message_routing_v1,routing,light_screen_0.2,15,0.2,0.2,1.0,1.0,1.0,1.0,1.0,0.2,0.15,False,,1.0,85,0,0.9999999999999999
message_routing_v1,routing,tight_screen_0.2,16,0.2,0.2,0.11500000000000002,0.0,0.25,0.3,0.0,0.0,0.8,True,0.6,6.0,30,2,0.11499999999999999
message_routing_v1,routing,moderate_screen_0.2,16,0.2,0.2,0.9400000000000002,1.0,0.4,1.0,1.0,0.2,0.5,True,0.4,4.0,50,1,0.94
message_routing_v1,routing,light_screen_0.2,16,0.2,0.2,1.0,1.0,1.0,1.0,1.0,0.2,0.15,False,,1.0,85,0,0.9999999999999999
message_routing_v1,routing,tight_screen_0.2,17,0.2,0.2,0.11000000000000001,0.0,0.2,0.3,0.0,0.0,0.8,True,0.6,6.0,30,2,0.11
message_routing_v1,routing,moderate_screen_0.2,17,0.2,0.2,0.9250000000000002,1.0,0.25,1.0,1.0,0.2,0.5,True,0.4,4.0,50,1,0.9249999999999999
message_routing_v1,routing,light_screen_0.2,17,0.2,0.2,1.0,1.0,1.0,1.0,1.0,0.2,0.15,False,,1.0,85,0,0.9999999999999999
message_routing_v1,routing,tight_screen_0.2,18,0.2,0.2,0.9250000000000002,1.0,0.25,1.0,1.0,0.2,0.8,True,0.6,6.0,30,2,0.9249999999999999
message_routing_v1,routing,moderate_screen_0.2,18,0.2,0.2,0.9400000000000002,1.0,0.4,1.0,1.0,0.2,0.5,True,0.4,4.0,50,1,0.94
message_routing_v1,routing,light_screen_0.2,18,0.2,0.2,1.0,1.0,1.0,1.0,1.0,0.2,0.15,False,,1.0,85,0,0.9999999999999999
message_routing_v1,routing,tight_screen_0.2,19,0.2,0.2,0.11727272727272728,0.0,0.2727272727272727,0.3,0.0,0.0,0.8,True,0.6,6.0,30,2,0.11727272727272726
message_routing_v1,routing,moderate_screen_0.2,19,0.2,0.2,0.13285714285714287,0.0,0.42857142857142855,0.3,0.0,0.0,0.5,True,0.4,4.0,50,1,0.13285714285714284
message_routing_v1,routing,light_screen_0.2,19,0.2,0.2,1.0,1.0,1.0,1.0,1.0,0.2,0.15,False,,1.0,85,0,0.9999999999999999
message_routing_v1,routing,tight_screen_0.2,20,0.2,0.2,0.9272727272727274,1.0,0.2727272727272727,1.0,1.0,0.2,0.8,True,0.6,6.0,30,2,0.9272727272727271
message_routing_v1,routing,moderate_screen_0.2,20,0.2,0.2,0.13285714285714287,0.0,0.42857142857142855,0.3,0.0,0.0,0.5,True,0.4,4.0,50,1,0.13285714285714284
message_routing_v1,routing,light_screen_0.2,20,0.2,0.2,1.0,1.0,1.0,1.0,1.0,0.2,0.15,False,,1.0,85,0,0.9999999999999999
message_routing_v1,routing,tight_screen_0.2,21,0.2,0.2,0.11727272727272728,0.0,0.2727272727272727,0.3,0.0,0.0,0.8,True,0.6,6.0,30,2,0.11727272727272726
message_routing_v1,routing,moderate_screen_0.2,21,0.2,0.2,0.1275,0.0,0.375,0.3,0.0,0.0,0.5,True,0.4,4.0,50,1,0.1275
message_routing_v1,routing,light_screen_0.2,21,0.2,0.2,1.0,1.0,1.0,1.0,1.0,0.2,0.15,False,,1.0,85,0,0.9999999999999999
message_routing_v1,routing,tight_screen_0.2,22,0.2,0.2,0.11727272727272728,0.0,0.2727272727272727,0.3,0.0,0.0,0.8,True,0.6,6.0,30,2,0.11727272727272726
message_routing_v1,routing,moderate_screen_0.2,22,0.2,0.2,0.1275,0.0,0.375,0.3,0.0,0.0,0.5,True,0.4,4.0,50,1,0.1275
message_routing_v1,routing,light_screen_0.2,22,0.2,0.2,1.0,1.0,1.0,1.0,1.0,0.2,0.15,False,,1.0,85,0,0.9999999999999999
message_routing_v1,routing,tight_screen_0.2,23,0.2,0.2,0.11500000000000002,0.0,0.25,0.3,0.0,0.0,0.8,True,0.6,6.0,30,2,0.11499999999999999
message_routing_v1,routing,moderate_screen_0.2,23,0.2,0.2,0.13,0.0,0.4,0.3,0.0,0.0,0.5,True,0.4,4.0,50,1,0.13
message_routing_v1,routing,light_screen_0.2,23,0.2,0.2,1.0,1.0,1.0,1.0,1.0,0.2,0.15,False,,1.0,85,0,0.9999999999999999
message_routing_v1,routing,tight_screen_0.2,24,0.2,0.2,0.11727272727272728,0.0,0.2727272727272727,0.3,0.0,0.0,0.8,True,0.6,6.0,30,2,0.11727272727272726
message_routing_v1,routing,moderate_screen_0.2,24,0.2,0.2,0.13285714285714287,0.0,0.42857142857142855,0.3,0.0,0.0,0.5,True,0.4,4.0,50,1,0.13285714285714284
message_routing_v1,routing,light_screen_0.2,24,0.2,0.2,1.0,1.0,1.0,1.0,1.0,0.2,0.15,False,,1.0,85,0,0.9999999999999999
message_routing_v1,routing,tight_screen_0.2,25,0.2,0.2,0.9250000000000002,1.0,0.25,1.0,1.0,0.2,0.8,True,0.6,6.0,30,2,0.9249999999999999
message_routing_v1,routing,moderate_screen_0.2,25,0.2,0.2,0.9333333333333335,1.0,0.3333333333333333,1.0,1.0,0.2,0.5,True,0.4,4.0,50,1,0.9333333333333332
message_routing_v1,routing,light_screen_0.2,25,0.2,0.2,1.0,1.0,1.0,1.0,1.0,0.2,0.15,False,,1.0,85,0,0.9999999999999999
message_routing_v1,routing,tight_screen_0.2,26,0.2,0.2,0.9250000000000002,1.0,0.25,1.0,1.0,0.2,0.8,True,0.6,6.0,30,2,0.9249999999999999
message_routing_v1,routing,moderate_screen_0.2,26,0.2,0.2,0.9400000000000002,1.0,0.4,1.0,1.0,0.2,0.5,True,0.4,4.0,50,1,0.94
message_routing_v1,routing,light_screen_0.2,26,0.2,0.2,1.0,1.0,1.0,1.0,1.0,0.2,0.15,False,,1.0,85,0,0.9999999999999999
message_routing_v1,routing,tight_screen_0.2,27,0.2,0.2,0.9200000000000002,1.0,0.2,1.0,1.0,0.2,0.8,True,0.6,6.0,30,2,0.9199999999999999
message_routing_v1,routing,moderate_screen_0.2,27,0.2,0.2,0.9250000000000002,1.0,0.25,1.0,1.0,0.2,0.5,True,0.4,4.0,50,1,0.9249999999999999
message_routing_v1,routing,light_screen_0.2,27,0.2,0.2,1.0,1.0,1.0,1.0,1.0,0.2,0.15,False,,1.0,85,0,0.9999999999999999
message_routing_v1,routing,tight_screen_0.2,28,0.2,0.2,0.11727272727272728,0.0,0.2727272727272727,0.3,0.0,0.0,0.8,True,0.6,6.0,30,2,0.11727272727272726
message_routing_v1,routing,moderate_screen_0.2,28,0.2,0.2,0.9375000000000001,1.0,0.375,1.0,1.0,0.2,0.5,True,0.4,4.0,50,1,0.9374999999999999
message_routing_v1,routing,light_screen_0.2,28,0.2,0.2,0.19000000000000003,0.0,1.0,0.3,0.0,0.0,0.15,False,,1.0,85,0,0.19
message_routing_v1,routing,tight_screen_0.2,29,0.2,0.2,0.11000000000000001,0.0,0.2,0.3,0.0,0.0,0.8,True,0.6,6.0,30,2,0.11
message_routing_v1,routing,moderate_screen_0.2,29,0.2,0.2,0.9333333333333335,1.0,0.3333333333333333,1.0,1.0,0.2,0.5,True,0.4,4.0,50,1,0.9333333333333332
message_routing_v1,routing,light_screen_0.2,29,0.2,0.2,1.0,1.0,1.0,1.0,1.0,0.2,0.15,False,,1.0,85,0,0.9999999999999999
message_routing_v1,routing,tight_screen_0.3,0,0.2,0.3,0.11000000000000001,0.0,0.2,0.3,0.0,0.0,0.8,True,0.6,6.0,30,2,0.11
message_routing_v1,routing,moderate_screen_0.3,0,0.2,0.3,0.9333333333333335,1.0,0.3333333333333333,1.0,1.0,0.2,0.5,True,0.4,4.0,50,1,0.9333333333333332
message_routing_v1,routing,light_screen_0.3,0,0.2,0.3,1.0,1.0,1.0,1.0,1.0,0.2,0.15,False,,1.0,85,0,0.9999999999999999
message_routing_v1,routing,tight_screen_0.3,1,0.2,0.3,0.11857142857142858,0.0,0.2857142857142857,0.3,0.0,0.0,0.8,True,0.6,6.0,30,2,0.11857142857142856
message_routing_v1,routing,moderate_screen_0.3,1,0.2,0.3,0.9444444444444446,1.0,0.4444444444444444,1.0,1.0,0.2,0.5,True,0.4,4.0,50,1,0.9444444444444443
message_routing_v1,routing,light_screen_0.3,1,0.2,0.3,1.0,1.0,1.0,1.0,1.0,0.2,0.15,False,,1.0,85,0,0.9999999999999999
message_routing_v1,routing,tight_screen_0.3,2,0.2,0.3,0.9200000000000002,1.0,0.2,1.0,1.0,0.2,0.8,True,0.6,6.0,30,2,0.9199999999999999
message_routing_v1,routing,moderate_screen_0.3,2,0.2,0.3,0.12333333333333335,0.0,0.3333333333333333,0.3,0.0,0.0,0.5,True,0.4,4.0,50,1,0.12333333333333332
message_routing_v1,routing,light_screen_0.3,2,0.2,0.3,1.0,1.0,1.0,1.0,1.0,0.2,0.15,False,,1.0,85,0,0.9999999999999999
message_routing_v1,routing,tight_screen_0.3,3,0.2,0.3,0.11500000000000002,0.0,0.25,0.3,0.0,0.0,0.8,True,0.6,6.0,30,2,0.11499999999999999
message_routing_v1,routing,moderate_screen_0.3,3,0.2,0.3,0.13,0.0,0.4,0.3,0.0,0.0,0.5,True,0.4,4.0,50,1,0.13
message_routing_v1,routing,light_screen_0.3,3,0.2,0.3,1.0,1.0,1.0,1.0,1.0,0.2,0.15,False,,1.0,85,0,0.9999999999999999
message_routing_v1,routing,tight_screen_0.3,4,0.2,0.3,0.9285714285714287,1.0,0.2857142857142857,1.0,1.0,0.2,0.8,True,0.6,6.0,30,2,0.9285714285714285
message_routing_v1,routing,moderate_screen_0.3,4,0.2,0.3,0.9333333333333335,1.0,0.3333333333333333,1.0,1.0,0.2,0.5,True,0.4,4.0,50,1,0.9333333333333332
message_routing_v1,routing,light_screen_0.3,4,0.2,0.3,1.0,1.0,1.0,1.0,1.0,0.2,0.15,False,,1.0,85,0,0.9999999999999999
message_routing_v1,routing,tight_screen_0.3,5,0.2,0.3,0.12000000000000002,0.0,0.3,0.3,0.0,0.0,0.8,True,0.6,6.0,30,2,0.12
message_routing_v1,routing,moderate_screen_0.3,5,0.2,0.3,0.942857142857143,1.0,0.42857142857142855,1.0,1.0,0.2,0.5,True,0.4,4.0,50,1,0.9428571428571427
message_routing_v1,routing,light_screen_0.3,5,0.2,0.3,1.0,1.0,1.0,1.0,1.0,0.2,0.15,False,,1.0,85,0,0.9999999999999999
message_routing_v1,routing,tight_screen_0.3,6,0.2,0.3,0.11500000000000002,0.0,0.25,0.3,0.0,0.0,0.8,True,0.6,6.0,30,2,0.11499999999999999
message_routing_v1,routing,moderate_screen_0.3,6,0.2,0.3,0.9400000000000002,1.0,0.4,1.0,1.0,0.2,0.5,True,0.4,4.0,50,1,0.94
message_routing_v1,routing,light_screen_0.3,6,0.2,0.3,1.0,1.0,1.0,1.0,1.0,0.2,0.15,False,,1.0,85,0,0.9999999999999999
message_routing_v1,routing,tight_screen_0.3,7,0.2,0.3,0.11857142857142858,0.0,0.2857142857142857,0.3,0.0,0.0,0.8,True,0.6,6.0,30,2,0.11857142857142856
message_routing_v1,routing,moderate_screen_0.3,7,0.2,0.3,0.13,0.0,0.4,0.3,0.0,0.0,0.5,True,0.4,4.0,50,1,0.13
message_routing_v1,routing,light_screen_0.3,7,0.2,0.3,1.0,1.0,1.0,1.0,1.0,0.2,0.15,False,,1.0,85,0,0.9999999999999999
message_routing_v1,routing,tight_screen_0.3,8,0.2,0.3,0.11500000000000002,0.0,0.25,0.3,0.0,0.0,0.8,True,0.6,6.0,30,2,0.11499999999999999
message_routing_v1,routing,moderate_screen_0.3,8,0.2,0.3,0.9333333333333335,1.0,0.3333333333333333,1.0,1.0,0.2,0.5,True,0.4,4.0,50,1,0.9333333333333332
message_routing_v1,routing,light_screen_0.3,8,0.2,0.3,1.0,1.0,1.0,1.0,1.0,0.2,0.15,False,,1.0,85,0,0.9999999999999999
message_routing_v1,routing,tight_screen_0.3,9,0.2,0.3,0.11500000000000002,0.0,0.25,0.3,0.0,0.0,0.8,True,0.6,6.0,30,2,0.11499999999999999
message_routing_v1,routing,moderate_screen_0.3,9,0.2,0.3,0.13,0.0,0.4,0.3,0.0,0.0,0.5,True,0.4,4.0,50,1,0.13
message_routing_v1,routing,light_screen_0.3,9,0.2,0.3,1.0,1.0,1.0,1.0,1.0,0.2,0.15,False,,1.0,85,0,0.9999999999999999
message_routing_v1,routing,tight_screen_0.3,10,0.2,0.3,0.12000000000000002,0.0,0.3,0.3,0.0,0.0,0.8,True,0.6,6.0,30,2,0.12
message_routing_v1,routing,moderate_screen_0.3,10,0.2,0.3,0.942857142857143,1.0,0.42857142857142855,1.0,1.0,0.2,0.5,True,0.4,4.0,50,1,0.9428571428571427
message_routing_v1,routing,light_screen_0.3,10,0.2,0.3,1.0,1.0,1.0,1.0,1.0,0.2,0.15,False,,1.0,85,0,0.9999999999999999
message_routing_v1,routing,tight_screen_0.3,11,0.2,0.3,0.11000000000000001,0.0,0.2,0.3,0.0,0.0,0.8,True,0.6,6.0,30,2,0.11
message_routing_v1,routing,moderate_screen_0.3,11,0.2,0.3,0.12333333333333335,0.0,0.3333333333333333,0.3,0.0,0.0,0.5,True,0.4,4.0,50,1,0.12333333333333332
message_routing_v1,routing,light_screen_0.3,11,0.2,0.3,1.0,1.0,1.0,1.0,1.0,0.2,0.15,False,,1.0,85,0,0.9999999999999999
message_routing_v1,routing,tight_screen_0.3,12,0.2,0.3,0.9285714285714287,1.0,0.2857142857142857,1.0,1.0,0.2,0.8,True,0.6,6.0,30,2,0.9285714285714285
message_routing_v1,routing,moderate_screen_0.3,12,0.2,0.3,0.13,0.0,0.4,0.3,0.0,0.0,0.5,True,0.4,4.0,50,1,0.13
message_routing_v1,routing,light_screen_0.3,12,0.2,0.3,1.0,1.0,1.0,1.0,1.0,0.2,0.15,False,,1.0,85,0,0.9999999999999999
message_routing_v1,routing,tight_screen_0.3,13,0.2,0.3,0.11857142857142858,0.0,0.2857142857142857,0.3,0.0,0.0,0.8,True,0.6,6.0,30,2,0.11857142857142856
message_routing_v1,routing,moderate_screen_0.3,13,0.2,0.3,0.9400000000000002,1.0,0.4,1.0,1.0,0.2,0.5,True,0.4,4.0,50,1,0.94
message_routing_v1,routing,light_screen_0.3,13,0.2,0.3,1.0,1.0,1.0,1.0,1.0,0.2,0.15,False,,1.0,85,0,0.9999999999999999
message_routing_v1,routing,tight_screen_0.3,14,0.2,0.3,0.11500000000000002,0.0,0.25,0.3,0.0,0.0,0.8,True,0.6,6.0,30,2,0.11499999999999999
message_routing_v1,routing,moderate_screen_0.3,14,0.2,0.3,0.12333333333333335,0.0,0.3333333333333333,0.3,0.0,0.0,0.5,True,0.4,4.0,50,1,0.12333333333333332
message_routing_v1,routing,light_screen_0.3,14,0.2,0.3,1.0,1.0,1.0,1.0,1.0,0.2,0.15,False,,1.0,85,0,0.9999999999999999
message_routing_v1,routing,tight_screen_0.3,15,0.2,0.3,0.9333333333333335,1.0,0.3333333333333333,1.0,1.0,0.2,0.8,True,0.6,6.0,30,2,0.9333333333333332
message_routing_v1,routing,moderate_screen_0.3,15,0.2,0.3,0.9400000000000002,1.0,0.4,1.0,1.0,0.2,0.5,True,0.4,4.0,50,1,0.94
message_routing_v1,routing,light_screen_0.3,15,0.2,0.3,1.0,1.0,1.0,1.0,1.0,0.2,0.15,False,,1.0,85,0,0.9999999999999999
message_routing_v1,routing,tight_screen_0.3,16,0.2,0.3,0.9250000000000002,1.0,0.25,1.0,1.0,0.2,0.8,True,0.6,6.0,30,2,0.9249999999999999
message_routing_v1,routing,moderate_screen_0.3,16,0.2,0.3,0.9400000000000002,1.0,0.4,1.0,1.0,0.2,0.5,True,0.4,4.0,50,1,0.94
message_routing_v1,routing,light_screen_0.3,16,0.2,0.3,1.0,1.0,1.0,1.0,1.0,0.2,0.15,False,,1.0,85,0,0.9999999999999999
message_routing_v1,routing,tight_screen_0.3,17,0.2,0.3,0.9200000000000002,1.0,0.2,1.0,1.0,0.2,0.8,True,0.6,6.0,30,2,0.9199999999999999
message_routing_v1,routing,moderate_screen_0.3,17,0.2,0.3,0.9333333333333335,1.0,0.3333333333333333,1.0,1.0,0.2,0.5,True,0.4,4.0,50,1,0.9333333333333332
message_routing_v1,routing,light_screen_0.3,17,0.2,0.3,1.0,1.0,1.0,1.0,1.0,0.2,0.15,False,,1.0,85,0,0.9999999999999999
message_routing_v1,routing,tight_screen_0.3,18,0.2,0.3,0.9285714285714287,1.0,0.2857142857142857,1.0,1.0,0.2,0.8,True,0.6,6.0,30,2,0.9285714285714285
message_routing_v1,routing,moderate_screen_0.3,18,0.2,0.3,0.13,0.0,0.4,0.3,0.0,0.0,0.5,True,0.4,4.0,50,1,0.13
message_routing_v1,routing,light_screen_0.3,18,0.2,0.3,1.0,1.0,1.0,1.0,1.0,0.2,0.15,False,,1.0,85,0,0.9999999999999999
message_routing_v1,routing,tight_screen_0.3,19,0.2,0.3,0.9272727272727274,1.0,0.2727272727272727,1.0,1.0,0.2,0.8,True,0.6,6.0,30,2,0.9272727272727271
message_routing_v1,routing,moderate_screen_0.3,19,0.2,0.3,0.942857142857143,1.0,0.42857142857142855,1.0,1.0,0.2,0.5,True,0.4,4.0,50,1,0.9428571428571427
message_routing_v1,routing,light_screen_0.3,19,0.2,0.3,1.0,1.0,1.0,1.0,1.0,0.2,0.15,False,,1.0,85,0,0.9999999999999999
message_routing_v1,routing,tight_screen_0.3,20,0.2,0.3,0.11727272727272728,0.0,0.2727272727272727,0.3,0.0,0.0,0.8,True,0.6,6.0,30,2,0.11727272727272726
message_routing_v1,routing,moderate_screen_0.3,20,0.2,0.3,0.942857142857143,1.0,0.42857142857142855,1.0,1.0,0.2,0.5,True,0.4,4.0,50,1,0.9428571428571427
message_routing_v1,routing,light_screen_0.3,20,0.2,0.3,0.19000000000000003,0.0,1.0,0.3,0.0,0.0,0.15,False,,1.0,85,0,0.19
message_routing_v1,routing,tight_screen_0.3,21,0.2,0.3,0.11727272727272728,0.0,0.2727272727272727,0.3,0.0,0.0,0.8,True,0.6,6.0,30,2,0.11727272727272726
message_routing_v1,routing,moderate_screen_0.3,21,0.2,0.3,0.13285714285714287,0.0,0.42857142857142855,0.3,0.0,0.0,0.5,True,0.4,4.0,50,1,0.13285714285714284
message_routing_v1,routing,light_screen_0.3,21,0.2,0.3,0.19000000000000003,0.0,1.0,0.3,0.0,0.0,0.15,False,,1.0,85,0,0.19
message_routing_v1,routing,tight_screen_0.3,22,0.2,0.3,0.12000000000000002,0.0,0.3,0.3,0.0,0.0,0.8,True,0.6,6.0,30,2,0.12
message_routing_v1,routing,moderate_screen_0.3,22,0.2,0.3,0.9375000000000001,1.0,0.375,1.0,1.0,0.2,0.5,True,0.4,4.0,50,1,0.9374999999999999
message_routing_v1,routing,light_screen_0.3,22,0.2,0.3,1.0,1.0,1.0,1.0,1.0,0.2,0.15,False,,1.0,85,0,0.9999999999999999
message_routing_v1,routing,tight_screen_0.3,23,0.2,0.3,0.9285714285714287,1.0,0.2857142857142857,1.0,1.0,0.2,0.8,True,0.6,6.0,30,2,0.9285714285714285
message_routing_v1,routing,moderate_screen_0.3,23,0.2,0.3,0.13,0.0,0.4,0.3,0.0,0.0,0.5,True,0.4,4.0,50,1,0.13
message_routing_v1,routing,light_screen_0.3,23,0.2,0.3,1.0,1.0,1.0,1.0,1.0,0.2,0.15,False,,1.0,85,0,0.9999999999999999
message_routing_v1,routing,tight_screen_0.3,24,0.2,0.3,0.12000000000000002,0.0,0.3,0.3,0.0,0.0,0.8,True,0.6,6.0,30,2,0.12
message_routing_v1,routing,moderate_screen_0.3,24,0.2,0.3,0.942857142857143,1.0,0.42857142857142855,1.0,1.0,0.2,0.5,True,0.4,4.0,50,1,0.9428571428571427
message_routing_v1,routing,light_screen_0.3,24,0.2,0.3,0.19000000000000003,0.0,1.0,0.3,0.0,0.0,0.15,False,,1.0,85,0,0.19
message_routing_v1,routing,tight_screen_0.3,25,0.2,0.3,0.9333333333333335,1.0,0.3333333333333333,1.0,1.0,0.2,0.8,True,0.6,6.0,30,2,0.9333333333333332
message_routing_v1,routing,moderate_screen_0.3,25,0.2,0.3,0.9400000000000002,1.0,0.4,1.0,1.0,0.2,0.5,True,0.4,4.0,50,1,0.94
message_routing_v1,routing,light_screen_0.3,25,0.2,0.3,1.0,1.0,1.0,1.0,1.0,0.2,0.15,False,,1.0,85,0,0.9999999999999999
message_routing_v1,routing,tight_screen_0.3,26,0.2,0.3,0.11857142857142858,0.0,0.2857142857142857,0.3,0.0,0.0,0.8,True,0.6,6.0,30,2,0.11857142857142856
message_routing_v1,routing,moderate_screen_0.3,26,0.2,0.3,0.9400000000000002,1.0,0.4,1.0,1.0,0.2,0.5,True,0.4,4.0,50,1,0.94
message_routing_v1,routing,light_screen_0.3,26,0.2,0.3,1.0,1.0,1.0,1.0,1.0,0.2,0.15,False,,1.0,85,0,0.9999999999999999
message_routing_v1,routing,tight_screen_0.3,27,0.2,0.3,0.11000000000000001,0.0,0.2,0.3,0.0,0.0,0.8,True,0.6,6.0,30,2,0.11
message_routing_v1,routing,moderate_screen_0.3,27,0.2,0.3,0.9250000000000002,1.0,0.25,1.0,1.0,0.2,0.5,True,0.4,4.0,50,1,0.9249999999999999
message_routing_v1,routing,light_screen_0.3,27,0.2,0.3,0.19000000000000003,0.0,1.0,0.3,0.0,0.0,0.15,False,,1.0,85,0,0.19
message_routing_v1,routing,tight_screen_0.3,28,0.2,0.3,0.1275,0.0,0.375,0.3,0.0,0.0,0.8,True,0.6,6.0,30,2,0.1275
message_routing_v1,routing,moderate_screen_0.3,28,0.2,0.3,0.1275,0.0,0.375,0.3,0.0,0.0,0.5,True,0.4,4.0,50,1,0.1275
message_routing_v1,routing,light_screen_0.3,28,0.2,0.3,1.0,1.0,1.0,1.0,1.0,0.2,0.15,False,,1.0,85,0,0.9999999999999999
message_routing_v1,routing,tight_screen_0.3,29,0.2,0.3,0.9200000000000002,1.0,0.2,1.0,1.0,0.2,0.8,True,0.6,6.0,30,2,0.9199999999999999
message_routing_v1,routing,moderate_screen_0.3,29,0.2,0.3,0.12333333333333335,0.0,0.3333333333333333,0.3,0.0,0.0,0.5,True,0.4,4.0,50,1,0.12333333333333332
message_routing_v1,routing,light_screen_0.3,29,0.2,0.3,0.19000000000000003,0.0,1.0,0.3,0.0,0.0,0.15,False,,1.0,85,0,0.19
message_routing_v1,routing,tight_screen_0.4,0,0.2,0.4,0.12333333333333335,0.0,0.3333333333333333,0.3,0.0,0.0,0.8,True,0.6,6.0,30,2,0.12333333333333332
message_routing_v1,routing,moderate_screen_0.4,0,0.2,0.4,0.9333333333333335,1.0,0.3333333333333333,1.0,1.0,0.2,0.5,True,0.4,4.0,50,1,0.9333333333333332
message_routing_v1,routing,light_screen_0.4,0,0.2,0.4,1.0,1.0,1.0,1.0,1.0,0.2,0.15,False,,1.0,85,0,0.9999999999999999
message_routing_v1,routing,tight_screen_0.4,1,0.2,0.4,0.13444444444444448,0.0,0.4444444444444444,0.3,0.0,0.0,0.8,True,0.6,6.0,30,2,0.13444444444444445
message_routing_v1,routing,moderate_screen_0.4,1,0.2,0.4,0.13444444444444448,0.0,0.4444444444444444,0.3,0.0,0.0,0.5,True,0.4,4.0,50,1,0.13444444444444445
message_routing_v1,routing,light_screen_0.4,1,0.2,0.4,1.0,1.0,1.0,1.0,1.0,0.2,0.15,False,,1.0,85,0,0.9999999999999999
message_routing_v1,routing,tight_screen_0.4,2,0.2,0.4,0.11500000000000002,0.0,0.25,0.3,0.0,0.0,0.8,True,0.6,6.0,30,2,0.11499999999999999
message_routing_v1,routing,moderate_screen_0.4,2,0.2,0.4,0.9333333333333335,1.0,0.3333333333333333,1.0,1.0,0.2,0.5,True,0.4,4.0,50,1,0.9333333333333332
message_routing_v1,routing,light_screen_0.4,2,0.2,0.4,1.0,1.0,1.0,1.0,1.0,0.2,0.15,False,,1.0,85,0,0.9999999999999999
message_routing_v1,routing,tight_screen_0.4,3,0.2,0.4,0.9400000000000002,1.0,0.4,1.0,1.0,0.2,0.8,True,0.6,6.0,30,2,0.94
message_routing_v1,routing,moderate_screen_0.4,3,0.2,0.4,0.13,0.0,0.4,0.3,0.0,0.0,0.5,True,0.4,4.0,50,1,0.13
message_routing_v1,routing,light_screen_0.4,3,0.2,0.4,1.0,1.0,1.0,1.0,1.0,0.2,0.15,False,,1.0,85,0,0.9999999999999999
message_routing_v1,routing,tight_screen_0.4,4,0.2,0.4,0.9285714285714287,1.0,0.2857142857142857,1.0,1.0,0.2,0.8,True,0.6,6.0,30,2,0.9285714285714285
message_routing_v1,routing,moderate_screen_0.4,4,0.2,0.4,0.9400000000000002,1.0,0.4,1.0,1.0,0.2,0.5,True,0.4,4.0,50,1,0.94
message_routing_v1,routing,light_screen_0.4,4,0.2,0.4,1.0,1.0,1.0,1.0,1.0,0.2,0.15,False,,1.0,85,0,0.9999999999999999
message_routing_v1,routing,tight_screen_0.4,5,0.2,0.4,0.13285714285714287,0.0,0.42857142857142855,0.3,0.0,0.0,0.8,True,0.6,6.0,30,2,0.13285714285714284
message_routing_v1,routing,moderate_screen_0.4,5,0.2,0.4,0.13285714285714287,0.0,0.42857142857142855,0.3,0.0,0.0,0.5,True,0.4,4.0,50,1,0.13285714285714284
message_routing_v1,routing,light_screen_0.4,5,0.2,0.4,1.0,1.0,1.0,1.0,1.0,0.2,0.15,False,,1.0,85,0,0.9999999999999999
message_routing_v1,routing,tight_screen_0.4,6,0.2,0.4,0.13,0.0,0.4,0.3,0.0,0.0,0.8,True,0.6,6.0,30,2,0.13
message_routing_v1,routing,moderate_screen_0.4,6,0.2,0.4,0.13,0.0,0.4,0.3,0.0,0.0,0.5,True,0.4,4.0,50,1,0.13
message_routing_v1,routing,light_screen_0.4,6,0.2,0.4,1.0,1.0,1.0,1.0,1.0,0.2,0.15,False,,1.0,85,0,0.9999999999999999
message_routing_v1,routing,tight_screen_0.4,7,0.2,0.4,0.12333333333333335,0.0,0.3333333333333333,0.3,0.0,0.0,0.8,True,0.6,6.0,30,2,0.12333333333333332
message_routing_v1,routing,moderate_screen_0.4,7,0.2,0.4,0.13,0.0,0.4,0.3,0.0,0.0,0.5,True,0.4,4.0,50,1,0.13
message_routing_v1,routing,light_screen_0.4,7,0.2,0.4,1.0,1.0,1.0,1.0,1.0,0.2,0.15,False,,1.0,85,0,0.9999999999999999
message_routing_v1,routing,tight_screen_0.4,8,0.2,0.4,0.9333333333333335,1.0,0.3333333333333333,1.0,1.0,0.2,0.8,True,0.6,6.0,30,2,0.9333333333333332
message_routing_v1,routing,moderate_screen_0.4,8,0.2,0.4,0.12333333333333335,0.0,0.3333333333333333,0.3,0.0,0.0,0.5,True,0.4,4.0,50,1,0.12333333333333332
message_routing_v1,routing,light_screen_0.4,8,0.2,0.4,1.0,1.0,1.0,1.0,1.0,0.2,0.15,False,,1.0,85,0,0.9999999999999999
message_routing_v1,routing,tight_screen_0.4,9,0.2,0.4,0.13,0.0,0.4,0.3,0.0,0.0,0.8,True,0.6,6.0,30,2,0.13
message_routing_v1,routing,moderate_screen_0.4,9,0.2,0.4,0.9400000000000002,1.0,0.4,1.0,1.0,0.2,0.5,True,0.4,4.0,50,1,0.94
message_routing_v1,routing,light_screen_0.4,9,0.2,0.4,1.0,1.0,1.0,1.0,1.0,0.2,0.15,False,,1.0,85,0,0.9999999999999999
message_routing_v1,routing,tight_screen_0.4,10,0.2,0.4,0.1275,0.0,0.375,0.3,0.0,0.0,0.8,True,0.6,6.0,30,2,0.1275
message_routing_v1,routing,moderate_screen_0.4,10,0.2,0.4,0.13285714285714287,0.0,0.42857142857142855,0.3,0.0,0.0,0.5,True,0.4,4.0,50,1,0.13285714285714284
message_routing_v1,routing,light_screen_0.4,10,0.2,0.4,1.0,1.0,1.0,1.0,1.0,0.2,0.15,False,,1.0,85,0,0.9999999999999999
message_routing_v1,routing,tight_screen_0.4,11,0.2,0.4,0.9333333333333335,1.0,0.3333333333333333,1.0,1.0,0.2,0.8,True,0.6,6.0,30,2,0.9333333333333332
message_routing_v1,routing,moderate_screen_0.4,11,0.2,0.4,0.9333333333333335,1.0,0.3333333333333333,1.0,1.0,0.2,0.5,True,0.4,4.0,50,1,0.9333333333333332
message_routing_v1,routing,light_screen_0.4,11,0.2,0.4,1.0,1.0,1.0,1.0,1.0,0.2,0.15,False,,1.0,85,0,0.9999999999999999
message_routing_v1,routing,tight_screen_0.4,12,0.2,0.4,0.12333333333333335,0.0,0.3333333333333333,0.3,0.0,0.0,0.8,True,0.6,6.0,30,2,0.12333333333333332
message_routing_v1,routing,moderate_screen_0.4,12,0.2,0.4,0.13,0.0,0.4,0.3,0.0,0.0,0.5,True,0.4,4.0,50,1,0.13
message_routing_v1,routing,light_screen_0.4,12,0.2,0.4,1.0,1.0,1.0,1.0,1.0,0.2,0.15,False,,1.0,85,0,0.9999999999999999
message_routing_v1,routing,tight_screen_0.4,13,0.2,0.4,0.9333333333333335,1.0,0.3333333333333333,1.0,1.0,0.2,0.8,True,0.6,6.0,30,2,0.9333333333333332
message_routing_v1,routing,moderate_screen_0.4,13,0.2,0.4,0.13,0.0,0.4,0.3,0.0,0.0,0.5,True,0.4,4.0,50,1,0.13
message_routing_v1,routing,light_screen_0.4,13,0.2,0.4,1.0,1.0,1.0,1.0,1.0,0.2,0.15,False,,1.0,85,0,0.9999999999999999
message_routing_v1,routing,tight_screen_0.4,14,0.2,0.4,0.12333333333333335,0.0,0.3333333333333333,0.3,0.0,0.0,0.8,True,0.6,6.0,30,2,0.12333333333333332
message_routing_v1,routing,moderate_screen_0.4,14,0.2,0.4,0.12333333333333335,0.0,0.3333333333333333,0.3,0.0,0.0,0.5,True,0.4,4.0,50,1,0.12333333333333332
message_routing_v1,routing,light_screen_0.4,14,0.2,0.4,0.19000000000000003,0.0,1.0,0.3,0.0,0.0,0.15,False,,1.0,85,0,0.19
message_routing_v1,routing,tight_screen_0.4,15,0.2,0.4,0.13,0.0,0.4,0.3,0.0,0.0,0.8,True,0.6,6.0,30,2,0.13
message_routing_v1,routing,moderate_screen_0.4,15,0.2,0.4,0.9400000000000002,1.0,0.4,1.0,1.0,0.2,0.5,True,0.4,4.0,50,1,0.94
message_routing_v1,routing,light_screen_0.4,15,0.2,0.4,1.0,1.0,1.0,1.0,1.0,0.2,0.15,False,,1.0,85,0,0.9999999999999999
message_routing_v1,routing,tight_screen_0.4,16,0.2,0.4,0.9333333333333335,1.0,0.3333333333333333,1.0,1.0,0.2,0.8,True,0.6,6.0,30,2,0.9333333333333332
message_routing_v1,routing,moderate_screen_0.4,16,0.2,0.4,0.13,0.0,0.4,0.3,0.0,0.0,0.5,True,0.4,4.0,50,1,0.13
message_routing_v1,routing,light_screen_0.4,16,0.2,0.4,1.0,1.0,1.0,1.0,1.0,0.2,0.15,False,,1.0,85,0,0.9999999999999999
message_routing_v1,routing,tight_screen_0.4,17,0.2,0.4,0.9250000000000002,1.0,0.25,1.0,1.0,0.2,0.8,True,0.6,6.0,30,2,0.9249999999999999
message_routing_v1,routing,moderate_screen_0.4,17,0.2,0.4,0.12333333333333335,0.0,0.3333333333333333,0.3,0.0,0.0,0.5,True,0.4,4.0,50,1,0.12333333333333332
message_routing_v1,routing,light_screen_0.4,17,0.2,0.4,1.0,1.0,1.0,1.0,1.0,0.2,0.15,False,,1.0,85,0,0.9999999999999999
message_routing_v1,routing,tight_screen_0.4,18,0.2,0.4,0.12333333333333335,0.0,0.3333333333333333,0.3,0.0,0.0,0.8,True,0.6,6.0,30,2,0.12333333333333332
message_routing_v1,routing,moderate_screen_0.4,18,0.2,0.4,0.9400000000000002,1.0,0.4,1.0,1.0,0.2,0.5,True,0.4,4.0,50,1,0.94
message_routing_v1,routing,light_screen_0.4,18,0.2,0.4,1.0,1.0,1.0,1.0,1.0,0.2,0.15,False,,1.0,85,0,0.9999999999999999
message_routing_v1,routing,tight_screen_0.4,19,0.2,0.4,0.1275,0.0,0.375,0.3,0.0,0.0,0.8,True,0.6,6.0,30,2,0.1275
message_routing_v1,routing,moderate_screen_0.4,19,0.2,0.4,0.13285714285714287,0.0,0.42857142857142855,0.3,0.0,0.0,0.5,True,0.4,4.0,50,1,0.13285714285714284
message_routing_v1,routing,light_screen_0.4,19,0.2,0.4,1.0,1.0,1.0,1.0,1.0,0.2,0.15,False,,1.0,85,0,0.9999999999999999
message_routing_v1,routing,tight_screen_0.4,20,0.2,0.4,0.9375000000000001,1.0,0.375,1.0,1.0,0.2,0.8,True,0.6,6.0,30,2,0.9374999999999999
message_routing_v1,routing,moderate_screen_0.4,20,0.2,0.4,0.13285714285714287,0.0,0.42857142857142855,0.3,0.0,0.0,0.5,True,0.4,4.0,50,1,0.13285714285714284
message_routing_v1,routing,light_screen_0.4,20,0.2,0.4,1.0,1.0,1.0,1.0,1.0,0.2,0.15,False,,1.0,85,0,0.9999999999999999
message_routing_v1,routing,tight_screen_0.4,21,0.2,0.4,0.12333333333333335,0.0,0.3333333333333333,0.3,0.0,0.0,0.8,True,0.6,6.0,30,2,0.12333333333333332
message_routing_v1,routing,moderate_screen_0.4,21,0.2,0.4,0.13285714285714287,0.0,0.42857142857142855,0.3,0.0,0.0,0.5,True,0.4,4.0,50,1,0.13285714285714284
message_routing_v1,routing,light_screen_0.4,21,0.2,0.4,1.0,1.0,1.0,1.0,1.0,0.2,0.15,False,,1.0,85,0,0.9999999999999999
message_routing_v1,routing,tight_screen_0.4,22,0.2,0.4,0.12333333333333335,0.0,0.3333333333333333,0.3,0.0,0.0,0.8,True,0.6,6.0,30,2,0.12333333333333332
message_routing_v1,routing,moderate_screen_0.4,22,0.2,0.4,0.9375000000000001,1.0,0.375,1.0,1.0,0.2,0.5,True,0.4,4.0,50,1,0.9374999999999999
message_routing_v1,routing,light_screen_0.4,22,0.2,0.4,0.19000000000000003,0.0,1.0,0.3,0.0,0.0,0.15,False,,1.0,85,0,0.19
message_routing_v1,routing,tight_screen_0.4,23,0.2,0.4,0.13,0.0,0.4,0.3,0.0,0.0,0.8,True,0.6,6.0,30,2,0.13
message_routing_v1,routing,moderate_screen_0.4,23,0.2,0.4,0.13,0.0,0.4,0.3,0.0,0.0,0.5,True,0.4,4.0,50,1,0.13
message_routing_v1,routing,light_screen_0.4,23,0.2,0.4,1.0,1.0,1.0,1.0,1.0,0.2,0.15,False,,1.0,85,0,0.9999999999999999
message_routing_v1,routing,tight_screen_0.4,24,0.2,0.4,0.9375000000000001,1.0,0.375,1.0,1.0,0.2,0.8,True,0.6,6.0,30,2,0.9374999999999999
message_routing_v1,routing,moderate_screen_0.4,24,0.2,0.4,0.942857142857143,1.0,0.42857142857142855,1.0,1.0,0.2,0.5,True,0.4,4.0,50,1,0.9428571428571427
message_routing_v1,routing,light_screen_0.4,24,0.2,0.4,1.0,1.0,1.0,1.0,1.0,0.2,0.15,False,,1.0,85,0,0.9999999999999999
message_routing_v1,routing,tight_screen_0.4,25,0.2,0.4,0.12333333333333335,0.0,0.3333333333333333,0.3,0.0,0.0,0.8,True,0.6,6.0,30,2,0.12333333333333332
message_routing_v1,routing,moderate_screen_0.4,25,0.2,0.4,0.9400000000000002,1.0,0.4,1.0,1.0,0.2,0.5,True,0.4,4.0,50,1,0.94
message_routing_v1,routing,light_screen_0.4,25,0.2,0.4,1.0,1.0,1.0,1.0,1.0,0.2,0.15,False,,1.0,85,0,0.9999999999999999
message_routing_v1,routing,tight_screen_0.4,26,0.2,0.4,0.13,0.0,0.4,0.3,0.0,0.0,0.8,True,0.6,6.0,30,2,0.13
message_routing_v1,routing,moderate_screen_0.4,26,0.2,0.4,0.9400000000000002,1.0,0.4,1.0,1.0,0.2,0.5,True,0.4,4.0,50,1,0.94
message_routing_v1,routing,light_screen_0.4,26,0.2,0.4,1.0,1.0,1.0,1.0,1.0,0.2,0.15,False,,1.0,85,0,0.9999999999999999
message_routing_v1,routing,tight_screen_0.4,27,0.2,0.4,0.11500000000000002,0.0,0.25,0.3,0.0,0.0,0.8,True,0.6,6.0,30,2,0.11499999999999999
message_routing_v1,routing,moderate_screen_0.4,27,0.2,0.4,0.9333333333333335,1.0,0.3333333333333333,1.0,1.0,0.2,0.5,True,0.4,4.0,50,1,0.9333333333333332
message_routing_v1,routing,light_screen_0.4,27,0.2,0.4,0.19000000000000003,0.0,1.0,0.3,0.0,0.0,0.15,False,,1.0,85,0,0.19
message_routing_v1,routing,tight_screen_0.4,28,0.2,0.4,0.1275,0.0,0.375,0.3,0.0,0.0,0.8,True,0.6,6.0,30,2,0.1275
message_routing_v1,routing,moderate_screen_0.4,28,0.2,0.4,0.9375000000000001,1.0,0.375,1.0,1.0,0.2,0.5,True,0.4,4.0,50,1,0.9374999999999999
message_routing_v1,routing,light_screen_0.4,28,0.2,0.4,1.0,1.0,1.0,1.0,1.0,0.2,0.15,False,,1.0,85,0,0.9999999999999999
message_routing_v1,routing,tight_screen_0.4,29,0.2,0.4,0.12333333333333335,0.0,0.3333333333333333,0.3,0.0,0.0,0.8,True,0.6,6.0,30,2,0.12333333333333332
message_routing_v1,routing,moderate_screen_0.4,29,0.2,0.4,0.9333333333333335,1.0,0.3333333333333333,1.0,1.0,0.2,0.5,True,0.4,4.0,50,1,0.9333333333333332
message_routing_v1,routing,light_screen_0.4,29,0.2,0.4,1.0,1.0,1.0,1.0,1.0,0.2,0.15,False,,1.0,85,0,0.9999999999999999
message_routing_v1,routing,tight_screen_0.5,0,0.2,0.5,0.12333333333333335,0.0,0.3333333333333333,0.3,0.0,0.0,0.8,True,0.6,6.0,30,2,0.12333333333333332
message_routing_v1,routing,moderate_screen_0.5,0,0.2,0.5,0.9333333333333335,1.0,0.3333333333333333,1.0,1.0,0.2,0.5,True,0.4,4.0,50,1,0.9333333333333332
message_routing_v1,routing,light_screen_0.5,0,0.2,0.5,1.0,1.0,1.0,1.0,1.0,0.2,0.15,False,,1.0,85,0,0.9999999999999999
message_routing_v1,routing,tight_screen_0.5,1,0.2,0.5,0.9444444444444446,1.0,0.4444444444444444,1.0,1.0,0.2,0.8,True,0.6,6.0,30,2,0.9444444444444443
message_routing_v1,routing,moderate_screen_0.5,1,0.2,0.5,0.9444444444444446,1.0,0.4444444444444444,1.0,1.0,0.2,0.5,True,0.4,4.0,50,1,0.9444444444444443
message_routing_v1,routing,light_screen_0.5,1,0.2,0.5,1.0,1.0,1.0,1.0,1.0,0.2,0.15,False,,1.0,85,0,0.9999999999999999
message_routing_v1,routing,tight_screen_0.5,2,0.2,0.5,0.9250000000000002,1.0,0.25,1.0,1.0,0.2,0.8,True,0.6,6.0,30,2,0.9249999999999999
message_routing_v1,routing,moderate_screen_0.5,2,0.2,0.5,0.9333333333333335,1.0,0.3333333333333333,1.0,1.0,0.2,0.5,True,0.4,4.0,50,1,0.9333333333333332
message_routing_v1,routing,light_screen_0.5,2,0.2,0.5,1.0,1.0,1.0,1.0,1.0,0.2,0.15,False,,1.0,85,0,0.9999999999999999
message_routing_v1,routing,tight_screen_0.5,3,0.2,0.5,0.13,0.0,0.4,0.3,0.0,0.0,0.8,True,0.6,6.0,30,2,0.13
message_routing_v1,routing,moderate_screen_0.5,3,0.2,0.5,0.13,0.0,0.4,0.3,0.0,0.0,0.5,True,0.4,4.0,50,1,0.13
message_routing_v1,routing,light_screen_0.5,3,0.2,0.5,1.0,1.0,1.0,1.0,1.0,0.2,0.15,False,,1.0,85,0,0.9999999999999999
message_routing_v1,routing,tight_screen_0.5,4,0.2,0.5,0.11857142857142858,0.0,0.2857142857142857,0.3,0.0,0.0,0.8,True,0.6,6.0,30,2,0.11857142857142856
message_routing_v1,routing,moderate_screen_0.5,4,0.2,0.5,0.13,0.0,0.4,0.3,0.0,0.0,0.5,True,0.4,4.0,50,1,0.13
message_routing_v1,routing,light_screen_0.5,4,0.2,0.5,1.0,1.0,1.0,1.0,1.0,0.2,0.15,False,,1.0,85,0,0.9999999999999999
message_routing_v1,routing,tight_screen_0.5,5,0.2,0.5,0.942857142857143,1.0,0.42857142857142855,1.0,1.0,0.2,0.8,True,0.6,6.0,30,2,0.9428571428571427
message_routing_v1,routing,moderate_screen_0.5,5,0.2,0.5,0.13285714285714287,0.0,0.42857142857142855,0.3,0.0,0.0,0.5,True,0.4,4.0,50,1,0.13285714285714284
message_routing_v1,routing,light_screen_0.5,5,0.2,0.5,1.0,1.0,1.0,1.0,1.0,0.2,0.15,False,,1.0,85,0,0.9999999999999999
message_routing_v1,routing,tight_screen_0.5,6,0.2,0.5,0.9400000000000002,1.0,0.4,1.0,1.0,0.2,0.8,True,0.6,6.0,30,2,0.94
message_routing_v1,routing,moderate_screen_0.5,6,0.2,0.5,0.13,0.0,0.4,0.3,0.0,0.0,0.5,True,0.4,4.0,50,1,0.13
message_routing_v1,routing,light_screen_0.5,6,0.2,0.5,1.0,1.0,1.0,1.0,1.0,0.2,0.15,False,,1.0,85,0,0.9999999999999999
message_routing_v1,routing,tight_screen_0.5,7,0.2,0.5,0.12333333333333335,0.0,0.3333333333333333,0.3,0.0,0.0,0.8,True,0.6,6.0,30,2,0.12333333333333332
message_routing_v1,routing,moderate_screen_0.5,7,0.2,0.5,0.9400000000000002,1.0,0.4,1.0,1.0,0.2,0.5,True,0.4,4.0,50,1,0.94
message_routing_v1,routing,light_screen_0.5,7,0.2,0.5,1.0,1.0,1.0,1.0,1.0,0.2,0.15,False,,1.0,85,0,0.9999999999999999
message_routing_v1,routing,tight_screen_0.5,8,0.2,0.5,0.9333333333333335,1.0,0.3333333333333333,1.0,1.0,0.2,0.8,True,0.6,6.0,30,2,0.9333333333333332
message_routing_v1,routing,moderate_screen_0.5,8,0.2,0.5,0.9333333333333335,1.0,0.3333333333333333,1.0,1.0,0.2,0.5,True,0.4,4.0,50,1,0.9333333333333332
message_routing_v1,routing,light_screen_0.5,8,0.2,0.5,1.0,1.0,1.0,1.0,1.0,0.2,0.15,False,,1.0,85,0,0.9999999999999999
message_routing_v1,routing,tight_screen_0.5,9,0.2,0.5,0.9400000000000002,1.0,0.4,1.0,1.0,0.2,0.8,True,0.6,6.0,30,2,0.94
message_routing_v1,routing,moderate_screen_0.5,9,0.2,0.5,0.9400000000000002,1.0,0.4,1.0,1.0,0.2,0.5,True,0.4,4.0,50,1,0.94
message_routing_v1,routing,light_screen_0.5,9,0.2,0.5,1.0,1.0,1.0,1.0,1.0,0.2,0.15,False,,1.0,85,0,0.9999999999999999
message_routing_v1,routing,tight_screen_0.5,10,0.2,0.5,0.1275,0.0,0.375,0.3,0.0,0.0,0.8,True,0.6,6.0,30,2,0.1275
message_routing_v1,routing,moderate_screen_0.5,10,0.2,0.5,0.13285714285714287,0.0,0.42857142857142855,0.3,0.0,0.0,0.5,True,0.4,4.0,50,1,0.13285714285714284
message_routing_v1,routing,light_screen_0.5,10,0.2,0.5,1.0,1.0,1.0,1.0,1.0,0.2,0.15,False,,1.0,85,0,0.9999999999999999
message_routing_v1,routing,tight_screen_0.5,11,0.2,0.5,0.9333333333333335,1.0,0.3333333333333333,1.0,1.0,0.2,0.8,True,0.6,6.0,30,2,0.9333333333333332
message_routing_v1,routing,moderate_screen_0.5,11,0.2,0.5,0.12333333333333335,0.0,0.3333333333333333,0.3,0.0,0.0,0.5,True,0.4,4.0,50,1,0.12333333333333332
message_routing_v1,routing,light_screen_0.5,11,0.2,0.5,1.0,1.0,1.0,1.0,1.0,0.2,0.15,False,,1.0,85,0,0.9999999999999999
message_routing_v1,routing,tight_screen_0.5,12,0.2,0.5,0.12333333333333335,0.0,0.3333333333333333,0.3,0.0,0.0,0.8,True,0.6,6.0,30,2,0.12333333333333332
message_routing_v1,routing,moderate_screen_0.5,12,0.2,0.5,0.13,0.0,0.4,0.3,0.0,0.0,0.5,True,0.4,4.0,50,1,0.13
message_routing_v1,routing,light_screen_0.5,12,0.2,0.5,1.0,1.0,1.0,1.0,1.0,0.2,0.15,False,,1.0,85,0,0.9999999999999999
message_routing_v1,routing,tight_screen_0.5,13,0.2,0.5,0.9333333333333335,1.0,0.3333333333333333,1.0,1.0,0.2,0.8,True,0.6,6.0,30,2,0.9333333333333332
message_routing_v1,routing,moderate_screen_0.5,13,0.2,0.5,0.13,0.0,0.4,0.3,0.0,0.0,0.5,True,0.4,4.0,50,1,0.13
message_routing_v1,routing,light_screen_0.5,13,0.2,0.5,1.0,1.0,1.0,1.0,1.0,0.2,0.15,False,,1.0,85,0,0.9999999999999999
message_routing_v1,routing,tight_screen_0.5,14,0.2,0.5,0.9333333333333335,1.0,0.3333333333333333,1.0,1.0,0.2,0.8,True,0.6,6.0,30,2,0.9333333333333332
message_routing_v1,routing,moderate_screen_0.5,14,0.2,0.5,0.12333333333333335,0.0,0.3333333333333333,0.3,0.0,0.0,0.5,True,0.4,4.0,50,1,0.12333333333333332
message_routing_v1,routing,light_screen_0.5,14,0.2,0.5,1.0,1.0,1.0,1.0,1.0,0.2,0.15,False,,1.0,85,0,0.9999999999999999
message_routing_v1,routing,tight_screen_0.5,15,0.2,0.5,0.9400000000000002,1.0,0.4,1.0,1.0,0.2,0.8,True,0.6,6.0,30,2,0.94
message_routing_v1,routing,moderate_screen_0.5,15,0.2,0.5,0.9400000000000002,1.0,0.4,1.0,1.0,0.2,0.5,True,0.4,4.0,50,1,0.94
message_routing_v1,routing,light_screen_0.5,15,0.2,0.5,1.0,1.0,1.0,1.0,1.0,0.2,0.15,False,,1.0,85,0,0.9999999999999999
message_routing_v1,routing,tight_screen_0.5,16,0.2,0.5,0.12333333333333335,0.0,0.3333333333333333,0.3,0.0,0.0,0.8,True,0.6,6.0,30,2,0.12333333333333332
message_routing_v1,routing,moderate_screen_0.5,16,0.2,0.5,0.13,0.0,0.4,0.3,0.0,0.0,0.5,True,0.4,4.0,50,1,0.13
message_routing_v1,routing,light_screen_0.5,16,0.2,0.5,1.0,1.0,1.0,1.0,1.0,0.2,0.15,False,,1.0,85,0,0.9999999999999999
message_routing_v1,routing,tight_screen_0.5,17,0.2,0.5,0.11500000000000002,0.0,0.25,0.3,0.0,0.0,0.8,True,0.6,6.0,30,2,0.11499999999999999
message_routing_v1,routing,moderate_screen_0.5,17,0.2,0.5,0.12333333333333335,0.0,0.3333333333333333,0.3,0.0,0.0,0.5,True,0.4,4.0,50,1,0.12333333333333332
message_routing_v1,routing,light_screen_0.5,17,0.2,0.5,1.0,1.0,1.0,1.0,1.0,0.2,0.15,False,,1.0,85,0,0.9999999999999999
message_routing_v1,routing,tight_screen_0.5,18,0.2,0.5,0.12333333333333335,0.0,0.3333333333333333,0.3,0.0,0.0,0.8,True,0.6,6.0,30,2,0.12333333333333332
message_routing_v1,routing,moderate_screen_0.5,18,0.2,0.5,0.9400000000000002,1.0,0.4,1.0,1.0,0.2,0.5,True,0.4,4.0,50,1,0.94
message_routing_v1,routing,light_screen_0.5,18,0.2,0.5,1.0,1.0,1.0,1.0,1.0,0.2,0.15,False,,1.0,85,0,0.9999999999999999
message_routing_v1,routing,tight_screen_0.5,19,0.2,0.5,0.9375000000000001,1.0,0.375,1.0,1.0,0.2,0.8,True,0.6,6.0,30,2,0.9374999999999999
message_routing_v1,routing,moderate_screen_0.5,19,0.2,0.5,0.13285714285714287,0.0,0.42857142857142855,0.3,0.0,0.0,0.5,True,0.4,4.0,50,1,0.13285714285714284
message_routing_v1,routing,light_screen_0.5,19,0.2,0.5,1.0,1.0,1.0,1.0,1.0,0.2,0.15,False,,1.0,85,0,0.9999999999999999
message_routing_v1,routing,tight_screen_0.5,20,0.2,0.5,0.1275,0.0,0.375,0.3,0.0,0.0,0.8,True,0.6,6.0,30,2,0.1275
message_routing_v1,routing,moderate_screen_0.5,20,0.2,0.5,0.13285714285714287,0.0,0.42857142857142855,0.3,0.0,0.0,0.5,True,0.4,4.0,50,1,0.13285714285714284
message_routing_v1,routing,light_screen_0.5,20,0.2,0.5,1.0,1.0,1.0,1.0,1.0,0.2,0.15,False,,1.0,85,0,0.9999999999999999
message_routing_v1,routing,tight_screen_0.5,21,0.2,0.5,0.12333333333333335,0.0,0.3333333333333333,0.3,0.0,0.0,0.8,True,0.6,6.0,30,2,0.12333333333333332
message_routing_v1,routing,moderate_screen_0.5,21,0.2,0.5,0.13285714285714287,0.0,0.42857142857142855,0.3,0.0,0.0,0.5,True,0.4,4.0,50,1,0.13285714285714284
message_routing_v1,routing,light_screen_0.5,21,0.2,0.5,1.0,1.0,1.0,1.0,1.0,0.2,0.15,False,,1.0,85,0,0.9999999999999999
message_routing_v1,routing,tight_screen_0.5,22,0.2,0.5,0.12333333333333335,0.0,0.3333333333333333,0.3,0.0,0.0,0.8,True,0.6,6.0,30,2,0.12333333333333332
message_routing_v1,routing,moderate_screen_0.5,22,0.2,0.5,0.1275,0.0,0.375,0.3,0.0,0.0,0.5,True,0.4,4.0,50,1,0.1275
message_routing_v1,routing,light_screen_0.5,22,0.2,0.5,1.0,1.0,1.0,1.0,1.0,0.2,0.15,False,,1.0,85,0,0.9999999999999999
message_routing_v1,routing,tight_screen_0.5,23,0.2,0.5,0.9400000000000002,1.0,0.4,1.0,1.0,0.2,0.8,True,0.6,6.0,30,2,0.94
message_routing_v1,routing,moderate_screen_0.5,23,0.2,0.5,0.9400000000000002,1.0,0.4,1.0,1.0,0.2,0.5,True,0.4,4.0,50,1,0.94
message_routing_v1,routing,light_screen_0.5,23,0.2,0.5,1.0,1.0,1.0,1.0,1.0,0.2,0.15,False,,1.0,85,0,0.9999999999999999
message_routing_v1,routing,tight_screen_0.5,24,0.2,0.5,0.1275,0.0,0.375,0.3,0.0,0.0,0.8,True,0.6,6.0,30,2,0.1275
message_routing_v1,routing,moderate_screen_0.5,24,0.2,0.5,0.13285714285714287,0.0,0.42857142857142855,0.3,0.0,0.0,0.5,True,0.4,4.0,50,1,0.13285714285714284
message_routing_v1,routing,light_screen_0.5,24,0.2,0.5,1.0,1.0,1.0,1.0,1.0,0.2,0.15,False,,1.0,85,0,0.9999999999999999
message_routing_v1,routing,tight_screen_0.5,25,0.2,0.5,0.9333333333333335,1.0,0.3333333333333333,1.0,1.0,0.2,0.8,True,0.6,6.0,30,2,0.9333333333333332
message_routing_v1,routing,moderate_screen_0.5,25,0.2,0.5,0.9400000000000002,1.0,0.4,1.0,1.0,0.2,0.5,True,0.4,4.0,50,1,0.94
message_routing_v1,routing,light_screen_0.5,25,0.2,0.5,1.0,1.0,1.0,1.0,1.0,0.2,0.15,False,,1.0,85,0,0.9999999999999999
message_routing_v1,routing,tight_screen_0.5,26,0.2,0.5,0.9400000000000002,1.0,0.4,1.0,1.0,0.2,0.8,True,0.6,6.0,30,2,0.94
message_routing_v1,routing,moderate_screen_0.5,26,0.2,0.5,0.9400000000000002,1.0,0.4,1.0,1.0,0.2,0.5,True,0.4,4.0,50,1,0.94
message_routing_v1,routing,light_screen_0.5,26,0.2,0.5,1.0,1.0,1.0,1.0,1.0,0.2,0.15,False,,1.0,85,0,0.9999999999999999
message_routing_v1,routing,tight_screen_0.5,27,0.2,0.5,0.11500000000000002,0.0,0.25,0.3,0.0,0.0,0.8,True,0.6,6.0,30,2,0.11499999999999999
message_routing_v1,routing,moderate_screen_0.5,27,0.2,0.5,0.9333333333333335,1.0,0.3333333333333333,1.0,1.0,0.2,0.5,True,0.4,4.0,50,1,0.9333333333333332
message_routing_v1,routing,light_screen_0.5,27,0.2,0.5,1.0,1.0,1.0,1.0,1.0,0.2,0.15,False,,1.0,85,0,0.9999999999999999
message_routing_v1,routing,tight_screen_0.5,28,0.2,0.5,0.1275,0.0,0.375,0.3,0.0,0.0,0.8,True,0.6,6.0,30,2,0.1275
message_routing_v1,routing,moderate_screen_0.5,28,0.2,0.5,0.1275,0.0,0.375,0.3,0.0,0.0,0.5,True,0.4,4.0,50,1,0.1275
message_routing_v1,routing,light_screen_0.5,28,0.2,0.5,1.0,1.0,1.0,1.0,1.0,0.2,0.15,False,,1.0,85,0,0.9999999999999999
message_routing_v1,routing,tight_screen_0.5,29,0.2,0.5,0.12333333333333335,0.0,0.3333333333333333,0.3,0.0,0.0,0.8,True,0.6,6.0,30,2,0.12333333333333332
message_routing_v1,routing,moderate_screen_0.5,29,0.2,0.5,0.12333333333333335,0.0,0.3333333333333333,0.3,0.0,0.0,0.5,True,0.4,4.0,50,1,0.12333333333333332
message_routing_v1,routing,light_screen_0.5,29,0.2,0.5,1.0,1.0,1.0,1.0,1.0,0.2,0.15,False,,1.0,85,0,0.9999999999999999
message_routing_v1,routing,tight_screen_0.6,0,0.2,0.6,0.12333333333333335,0.0,0.3333333333333333,0.3,0.0,0.0,0.8,True,0.6,6.0,30,2,0.12333333333333332
message_routing_v1,routing,moderate_screen_0.6,0,0.2,0.6,0.9333333333333335,1.0,0.3333333333333333,1.0,1.0,0.2,0.5,True,0.4,4.0,50,1,0.9333333333333332
message_routing_v1,routing,light_screen_0.6,0,0.2,0.6,1.0,1.0,1.0,1.0,1.0,0.2,0.15,False,,1.0,85,0,0.9999999999999999
message_routing_v1,routing,tight_screen_0.6,1,0.2,0.6,0.9444444444444446,1.0,0.4444444444444444,1.0,1.0,0.2,0.8,True,0.6,6.0,30,2,0.9444444444444443
message_routing_v1,routing,moderate_screen_0.6,1,0.2,0.6,0.9666666666666668,1.0,0.6666666666666666,1.0,1.0,0.2,0.5,True,0.4,4.0,50,1,0.9666666666666666
message_routing_v1,routing,light_screen_0.6,1,0.2,0.6,1.0,1.0,1.0,1.0,1.0,0.2,0.15,False,,1.0,85,0,0.9999999999999999
message_routing_v1,routing,tight_screen_0.6,2,0.2,0.6,0.9250000000000002,1.0,0.25,1.0,1.0,0.2,0.8,True,0.6,6.0,30,2,0.9249999999999999
message_routing_v1,routing,moderate_screen_0.6,2,0.2,0.6,0.9333333333333335,1.0,0.3333333333333333,1.0,1.0,0.2,0.5,True,0.4,4.0,50,1,0.9333333333333332
message_routing_v1,routing,light_screen_0.6,2,0.2,0.6,1.0,1.0,1.0,1.0,1.0,0.2,0.15,False,,1.0,85,0,0.9999999999999999
message_routing_v1,routing,tight_screen_0.6,3,0.2,0.6,0.13,0.0,0.4,0.3,0.0,0.0,0.8,True,0.6,6.0,30,2,0.13
message_routing_v1,routing,moderate_screen_0.6,3,0.2,0.6,0.9500000000000002,1.0,0.5,1.0,1.0,0.2,0.5,True,0.4,4.0,50,1,0.95
message_routing_v1,routing,light_screen_0.6,3,0.2,0.6,1.0,1.0,1.0,1.0,1.0,0.2,0.15,False,,1.0,85,0,0.9999999999999999
message_routing_v1,routing,tight_screen_0.6,4,0.2,0.6,0.11857142857142858,0.0,0.2857142857142857,0.3,0.0,0.0,0.8,True,0.6,6.0,30,2,0.11857142857142856
message_routing_v1,routing,moderate_screen_0.6,4,0.2,0.6,0.9500000000000002,1.0,0.5,1.0,1.0,0.2,0.5,True,0.4,4.0,50,1,0.95
message_routing_v1,routing,light_screen_0.6,4,0.2,0.6,1.0,1.0,1.0,1.0,1.0,0.2,0.15,False,,1.0,85,0,0.9999999999999999
message_routing_v1,routing,tight_screen_0.6,5,0.2,0.6,0.942857142857143,1.0,0.42857142857142855,1.0,1.0,0.2,0.8,True,0.6,6.0,30,2,0.9428571428571427
message_routing_v1,routing,moderate_screen_0.6,5,0.2,0.6,0.15000000000000002,0.0,0.6,0.3,0.0,0.0,0.5,True,0.4,4.0,50,1,0.15
message_routing_v1,routing,light_screen_0.6,5,0.2,0.6,1.0,1.0,1.0,1.0,1.0,0.2,0.15,False,,1.0,85,0,0.9999999999999999
message_routing_v1,routing,tight_screen_0.6,6,0.2,0.6,0.13,0.0,0.4,0.3,0.0,0.0,0.8,True,0.6,6.0,30,2,0.13
message_routing_v1,routing,moderate_screen_0.6,6,0.2,0.6,0.9500000000000002,1.0,0.5,1.0,1.0,0.2,0.5,True,0.4,4.0,50,1,0.95
message_routing_v1,routing,light_screen_0.6,6,0.2,0.6,1.0,1.0,1.0,1.0,1.0,0.2,0.15,False,,1.0,85,0,0.9999999999999999
message_routing_v1,routing,tight_screen_0.6,7,0.2,0.6,0.9333333333333335,1.0,0.3333333333333333,1.0,1.0,0.2,0.8,True,0.6,6.0,30,2,0.9333333333333332
message_routing_v1,routing,moderate_screen_0.6,7,0.2,0.6,0.15666666666666668,0.0,0.6666666666666666,0.3,0.0,0.0,0.5,True,0.4,4.0,50,1,0.15666666666666668
message_routing_v1,routing,light_screen_0.6,7,0.2,0.6,1.0,1.0,1.0,1.0,1.0,0.2,0.15,False,,1.0,85,0,0.9999999999999999
message_routing_v1,routing,tight_screen_0.6,8,0.2,0.6,0.12333333333333335,0.0,0.3333333333333333,0.3,0.0,0.0,0.8,True,0.6,6.0,30,2,0.12333333333333332
message_routing_v1,routing,moderate_screen_0.6,8,0.2,0.6,0.9333333333333335,1.0,0.3333333333333333,1.0,1.0,0.2,0.5,True,0.4,4.0,50,1,0.9333333333333332
message_routing_v1,routing,light_screen_0.6,8,0.2,0.6,1.0,1.0,1.0,1.0,1.0,0.2,0.15,False,,1.0,85,0,0.9999999999999999
message_routing_v1,routing,tight_screen_0.6,9,0.2,0.6,0.13,0.0,0.4,0.3,0.0,0.0,0.8,True,0.6,6.0,30,2,0.13
message_routing_v1,routing,moderate_screen_0.6,9,0.2,0.6,0.9400000000000002,1.0,0.4,1.0,1.0,0.2,0.5,True,0.4,4.0,50,1,0.94
message_routing_v1,routing,light_screen_0.6,9,0.2,0.6,1.0,1.0,1.0,1.0,1.0,0.2,0.15,False,,1.0,85,0,0.9999999999999999
message_routing_v1,routing,tight_screen_0.6,10,0.2,0.6,0.9375000000000001,1.0,0.375,1.0,1.0,0.2,0.8,True,0.6,6.0,30,2,0.9374999999999999
message_routing_v1,routing,moderate_screen_0.6,10,0.2,0.6,0.15000000000000002,0.0,0.6,0.3,0.0,0.0,0.5,True,0.4,4.0,50,1,0.15
message_routing_v1,routing,light_screen_0.6,10,0.2,0.6,1.0,1.0,1.0,1.0,1.0,0.2,0.15,False,,1.0,85,0,0.9999999999999999
message_routing_v1,routing,tight_screen_0.6,11,0.2,0.6,0.12333333333333335,0.0,0.3333333333333333,0.3,0.0,0.0,0.8,True,0.6,6.0,30,2,0.12333333333333332
message_routing_v1,routing,moderate_screen_0.6,11,0.2,0.6,0.14,0.0,0.5,0.3,0.0,0.0,0.5,True,0.4,4.0,50,1,0.14
message_routing_v1,routing,light_screen_0.6,11,0.2,0.6,1.0,1.0,1.0,1.0,1.0,0.2,0.15,False,,1.0,85,0,0.9999999999999999
message_routing_v1,routing,tight_screen_0.6,12,0.2,0.6,0.9333333333333335,1.0,0.3333333333333333,1.0,1.0,0.2,0.8,True,0.6,6.0,30,2,0.9333333333333332
message_routing_v1,routing,moderate_screen_0.6,12,0.2,0.6,0.9500000000000002,1.0,0.5,1.0,1.0,0.2,0.5,True,0.4,4.0,50,1,0.95
message_routing_v1,routing,light_screen_0.6,12,0.2,0.6,1.0,1.0,1.0,1.0,1.0,0.2,0.15,False,,1.0,85,0,0.9999999999999999
message_routing_v1,routing,tight_screen_0.6,13,0.2,0.6,0.12333333333333335,0.0,0.3333333333333333,0.3,0.0,0.0,0.8,True,0.6,6.0,30,2,0.12333333333333332
message_routing_v1,routing,moderate_screen_0.6,13,0.2,0.6,0.15666666666666668,0.0,0.6666666666666666,0.3,0.0,0.0,0.5,True,0.4,4.0,50,1,0.15666666666666668
message_routing_v1,routing,light_screen_0.6,13,0.2,0.6,0.19000000000000003,0.0,1.0,0.3,0.0,0.0,0.15,False,,1.0,85,0,0.19
message_routing_v1,routing,tight_screen_0.6,14,0.2,0.6,0.12333333333333335,0.0,0.3333333333333333,0.3,0.0,0.0,0.8,True,0.6,6.0,30,2,0.12333333333333332
message_routing_v1,routing,moderate_screen_0.6,14,0.2,0.6,0.14,0.0,0.5,0.3,0.0,0.0,0.5,True,0.4,4.0,50,1,0.14
message_routing_v1,routing,light_screen_0.6,14,0.2,0.6,0.19000000000000003,0.0,1.0,0.3,0.0,0.0,0.15,False,,1.0,85,0,0.19
message_routing_v1,routing,tight_screen_0.6,15,0.2,0.6,0.13,0.0,0.4,0.3,0.0,0.0,0.8,True,0.6,6.0,30,2,0.13
message_routing_v1,routing,moderate_screen_0.6,15,0.2,0.6,0.9666666666666668,1.0,0.6666666666666666,1.0,1.0,0.2,0.5,True,0.4,4.0,50,1,0.9666666666666666
message_routing_v1,routing,light_screen_0.6,15,0.2,0.6,1.0,1.0,1.0,1.0,1.0,0.2,0.15,False,,1.0,85,0,0.9999999999999999
message_routing_v1,routing,tight_screen_0.6,16,0.2,0.6,0.12333333333333335,0.0,0.3333333333333333,0.3,0.0,0.0,0.8,True,0.6,6.0,30,2,0.12333333333333332
message_routing_v1,routing,moderate_screen_0.6,16,0.2,0.6,0.13,0.0,0.4,0.3,0.0,0.0,0.5,True,0.4,4.0,50,1,0.13
message_routing_v1,routing,light_screen_0.6,16,0.2,0.6,1.0,1.0,1.0,1.0,1.0,0.2,0.15,False,,1.0,85,0,0.9999999999999999
message_routing_v1,routing,tight_screen_0.6,17,0.2,0.6,0.9250000000000002,1.0,0.25,1.0,1.0,0.2,0.8,True,0.6,6.0,30,2,0.9249999999999999
message_routing_v1,routing,moderate_screen_0.6,17,0.2,0.6,0.9333333333333335,1.0,0.3333333333333333,1.0,1.0,0.2,0.5,True,0.4,4.0,50,1,0.9333333333333332
message_routing_v1,routing,light_screen_0.6,17,0.2,0.6,1.0,1.0,1.0,1.0,1.0,0.2,0.15,False,,1.0,85,0,0.9999999999999999
message_routing_v1,routing,tight_screen_0.6,18,0.2,0.6,0.12333333333333335,0.0,0.3333333333333333,0.3,0.0,0.0,0.8,True,0.6,6.0,30,2,0.12333333333333332
message_routing_v1,routing,moderate_screen_0.6,18,0.2,0.6,0.9500000000000002,1.0,0.5,1.0,1.0,0.2,0.5,True,0.4,4.0,50,1,0.95
message_routing_v1,routing,light_screen_0.6,18,0.2,0.6,1.0,1.0,1.0,1.0,1.0,0.2,0.15,False,,1.0,85,0,0.9999999999999999
message_routing_v1,routing,tight_screen_0.6,19,0.2,0.6,0.9375000000000001,1.0,0.375,1.0,1.0,0.2,0.8,True,0.6,6.0,30,2,0.9374999999999999
message_routing_v1,routing,moderate_screen_0.6,19,0.2,0.6,0.9750000000000001,1.0,0.75,1.0,1.0,0.2,0.5,True,0.4,4.0,50,1,0.9749999999999999
message_routing_v1,routing,light_screen_0.6,19,0.2,0.6,1.0,1.0,1.0,1.0,1.0,0.2,0.15,False,,1.0,85,0,0.9999999999999999
message_routing_v1,routing,tight_screen_0.6,20,0.2,0.6,0.9375000000000001,1.0,0.375,1.0,1.0,0.2,0.8,True,0.6,6.0,30,2,0.9374999999999999
message_routing_v1,routing,moderate_screen_0.6,20,0.2,0.6,0.15000000000000002,0.0,0.6,0.3,0.0,0.0,0.5,True,0.4,4.0,50,1,0.15
message_routing_v1,routing,light_screen_0.6,20,0.2,0.6,1.0,1.0,1.0,1.0,1.0,0.2,0.15,False,,1.0,85,0,0.9999999999999999
message_routing_v1,routing,tight_screen_0.6,21,0.2,0.6,0.12333333333333335,0.0,0.3333333333333333,0.3,0.0,0.0,0.8,True,0.6,6.0,30,2,0.12333333333333332
message_routing_v1,routing,moderate_screen_0.6,21,0.2,0.6,0.14,0.0,0.5,0.3,0.0,0.0,0.5,True,0.4,4.0,50,1,0.14
message_routing_v1,routing,light_screen_0.6,21,0.2,0.6,1.0,1.0,1.0,1.0,1.0,0.2,0.15,False,,1.0,85,0,0.9999999999999999
message_routing_v1,routing,tight_screen_0.6,22,0.2,0.6,0.12333333333333335,0.0,0.3333333333333333,0.3,0.0,0.0,0.8,True,0.6,6.0,30,2,0.12333333333333332
message_routing_v1,routing,moderate_screen_0.6,22,0.2,0.6,0.9500000000000002,1.0,0.5,1.0,1.0,0.2,0.5,True,0.4,4.0,50,1,0.95
message_routing_v1,routing,light_screen_0.6,22,0.2,0.6,1.0,1.0,1.0,1.0,1.0,0.2,0.15,False,,1.0,85,0,0.9999999999999999
message_routing_v1,routing,tight_screen_0.6,23,0.2,0.6,0.13,0.0,0.4,0.3,0.0,0.0,0.8,True,0.6,6.0,30,2,0.13
message_routing_v1,routing,moderate_screen_0.6,23,0.2,0.6,0.19000000000000003,0.0,1.0,0.3,0.0,0.0,0.5,True,0.4,4.0,50,1,0.19
message_routing_v1,routing,light_screen_0.6,23,0.2,0.6,1.0,1.0,1.0,1.0,1.0,0.2,0.15,False,,1.0,85,0,0.9999999999999999
message_routing_v1,routing,tight_screen_0.6,24,0.2,0.6,0.9375000000000001,1.0,0.375,1.0,1.0,0.2,0.8,True,0.6,6.0,30,2,0.9374999999999999
message_routing_v1,routing,moderate_screen_0.6,24,0.2,0.6,0.9600000000000002,1.0,0.6,1.0,1.0,0.2,0.5,True,0.4,4.0,50,1,0.96
message_routing_v1,routing,light_screen_0.6,24,0.2,0.6,1.0,1.0,1.0,1.0,1.0,0.2,0.15,False,,1.0,85,0,0.9999999999999999
message_routing_v1,routing,tight_screen_0.6,25,0.2,0.6,0.9333333333333335,1.0,0.3333333333333333,1.0,1.0,0.2,0.8,True,0.6,6.0,30,2,0.9333333333333332
message_routing_v1,routing,moderate_screen_0.6,25,0.2,0.6,0.9666666666666668,1.0,0.6666666666666666,1.0,1.0,0.2,0.5,True,0.4,4.0,50,1,0.9666666666666666
message_routing_v1,routing,light_screen_0.6,25,0.2,0.6,1.0,1.0,1.0,1.0,1.0,0.2,0.15,False,,1.0,85,0,0.9999999999999999
message_routing_v1,routing,tight_screen_0.6,26,0.2,0.6,0.9400000000000002,1.0,0.4,1.0,1.0,0.2,0.8,True,0.6,6.0,30,2,0.94
message_routing_v1,routing,moderate_screen_0.6,26,0.2,0.6,0.9666666666666668,1.0,0.6666666666666666,1.0,1.0,0.2,0.5,True,0.4,4.0,50,1,0.9666666666666666
message_routing_v1,routing,light_screen_0.6,26,0.2,0.6,1.0,1.0,1.0,1.0,1.0,0.2,0.15,False,,1.0,85,0,0.9999999999999999
message_routing_v1,routing,tight_screen_0.6,27,0.2,0.6,0.9250000000000002,1.0,0.25,1.0,1.0,0.2,0.8,True,0.6,6.0,30,2,0.9249999999999999
message_routing_v1,routing,moderate_screen_0.6,27,0.2,0.6,0.9500000000000002,1.0,0.5,1.0,1.0,0.2,0.5,True,0.4,4.0,50,1,0.95
message_routing_v1,routing,light_screen_0.6,27,0.2,0.6,1.0,1.0,1.0,1.0,1.0,0.2,0.15,False,,1.0,85,0,0.9999999999999999
message_routing_v1,routing,tight_screen_0.6,28,0.2,0.6,0.1275,0.0,0.375,0.3,0.0,0.0,0.8,True,0.6,6.0,30,2,0.1275
message_routing_v1,routing,moderate_screen_0.6,28,0.2,0.6,0.15000000000000002,0.0,0.6,0.3,0.0,0.0,0.5,True,0.4,4.0,50,1,0.15
message_routing_v1,routing,light_screen_0.6,28,0.2,0.6,1.0,1.0,1.0,1.0,1.0,0.2,0.15,False,,1.0,85,0,0.9999999999999999
message_routing_v1,routing,tight_screen_0.6,29,0.2,0.6,0.9333333333333335,1.0,0.3333333333333333,1.0,1.0,0.2,0.8,True,0.6,6.0,30,2,0.9333333333333332
message_routing_v1,routing,moderate_screen_0.6,29,0.2,0.6,0.9500000000000002,1.0,0.5,1.0,1.0,0.2,0.5,True,0.4,4.0,50,1,0.95
message_routing_v1,routing,light_screen_0.6,29,0.2,0.6,1.0,1.0,1.0,1.0,1.0,0.2,0.15,False,,1.0,85,0,0.9999999999999999
message_routing_v1,routing,tight_screen_0.7,0,0.2,0.7,0.9333333333333335,1.0,0.3333333333333333,1.0,1.0,0.2,0.8,True,0.6,6.0,30,2,0.9333333333333332
message_routing_v1,routing,moderate_screen_0.7,0,0.2,0.7,1.0,1.0,1.0,1.0,1.0,0.2,0.5,True,0.4,4.0,50,1,0.9999999999999999
message_routing_v1,routing,light_screen_0.7,0,0.2,0.7,1.0,1.0,1.0,1.0,1.0,0.2,0.15,False,,1.0,85,0,0.9999999999999999
message_routing_v1,routing,tight_screen_0.7,1,0.2,0.7,0.14,0.0,0.5,0.3,0.0,0.0,0.8,True,0.6,6.0,30,2,0.14
message_routing_v1,routing,moderate_screen_0.7,1,0.2,0.7,1.0,1.0,1.0,1.0,1.0,0.2,0.5,True,0.4,4.0,50,1,0.9999999999999999
message_routing_v1,routing,light_screen_0.7,1,0.2,0.7,1.0,1.0,1.0,1.0,1.0,0.2,0.15,False,,1.0,85,0,0.9999999999999999
message_routing_v1,routing,tight_screen_0.7,2,0.2,0.7,0.9250000000000002,1.0,0.25,1.0,1.0,0.2,0.8,True,0.6,6.0,30,2,0.9249999999999999
message_routing_v1,routing,moderate_screen_0.7,2,0.2,0.7,0.9500000000000002,1.0,0.5,1.0,1.0,0.2,0.5,True,0.4,4.0,50,1,0.95
message_routing_v1,routing,light_screen_0.7,2,0.2,0.7,1.0,1.0,1.0,1.0,1.0,0.2,0.15,False,,1.0,85,0,0.9999999999999999
message_routing_v1,routing,tight_screen_0.7,3,0.2,0.7,0.9500000000000002,1.0,0.5,1.0,1.0,0.2,0.8,True,0.6,6.0,30,2,0.95
message_routing_v1,routing,moderate_screen_0.7,3,0.2,0.7,1.0,1.0,1.0,1.0,1.0,0.2,0.5,True,0.4,4.0,50,1,0.9999999999999999
message_routing_v1,routing,light_screen_0.7,3,0.2,0.7,1.0,1.0,1.0,1.0,1.0,0.2,0.15,False,,1.0,85,0,0.9999999999999999
message_routing_v1,routing,tight_screen_0.7,4,0.2,0.7,0.12333333333333335,0.0,0.3333333333333333,0.3,0.0,0.0,0.8,True,0.6,6.0,30,2,0.12333333333333332
message_routing_v1,routing,moderate_screen_0.7,4,0.2,0.7,0.14,0.0,0.5,0.3,0.0,0.0,0.5,True,0.4,4.0,50,1,0.14
message_routing_v1,routing,light_screen_0.7,4,0.2,0.7,1.0,1.0,1.0,1.0,1.0,0.2,0.15,False,,1.0,85,0,0.9999999999999999
message_routing_v1,routing,tight_screen_0.7,5,0.2,0.7,0.9500000000000002,1.0,0.5,1.0,1.0,0.2,0.8,True,0.6,6.0,30,2,0.95
message_routing_v1,routing,moderate_screen_0.7,5,0.2,0.7,1.0,1.0,1.0,1.0,1.0,0.2,0.5,True,0.4,4.0,50,1,0.9999999999999999
message_routing_v1,routing,light_screen_0.7,5,0.2,0.7,1.0,1.0,1.0,1.0,1.0,0.2,0.15,False,,1.0,85,0,0.9999999999999999
message_routing_v1,routing,tight_screen_0.7,6,0.2,0.7,0.13,0.0,0.4,0.3,0.0,0.0,0.8,True,0.6,6.0,30,2,0.13
message_routing_v1,routing,moderate_screen_0.7,6,0.2,0.7,0.19000000000000003,0.0,1.0,0.3,0.0,0.0,0.5,True,0.4,4.0,50,1,0.19
message_routing_v1,routing,light_screen_0.7,6,0.2,0.7,1.0,1.0,1.0,1.0,1.0,0.2,0.15,False,,1.0,85,0,0.9999999999999999
message_routing_v1,routing,tight_screen_0.7,7,0.2,0.7,0.9400000000000002,1.0,0.4,1.0,1.0,0.2,0.8,True,0.6,6.0,30,2,0.94
message_routing_v1,routing,moderate_screen_0.7,7,0.2,0.7,0.15666666666666668,0.0,0.6666666666666666,0.3,0.0,0.0,0.5,True,0.4,4.0,50,1,0.15666666666666668
message_routing_v1,routing,light_screen_0.7,7,0.2,0.7,1.0,1.0,1.0,1.0,1.0,0.2,0.15,False,,1.0,85,0,0.9999999999999999
message_routing_v1,routing,tight_screen_0.7,8,0.2,0.7,0.9333333333333335,1.0,0.3333333333333333,1.0,1.0,0.2,0.8,True,0.6,6.0,30,2,0.9333333333333332
message_routing_v1,routing,moderate_screen_0.7,8,0.2,0.7,0.9500000000000002,1.0,0.5,1.0,1.0,0.2,0.5,True,0.4,4.0,50,1,0.95
message_routing_v1,routing,light_screen_0.7,8,0.2,0.7,1.0,1.0,1.0,1.0,1.0,0.2,0.15,False,,1.0,85,0,0.9999999999999999
message_routing_v1,routing,tight_screen_0.7,9,0.2,0.7,0.9400000000000002,1.0,0.4,1.0,1.0,0.2,0.8,True,0.6,6.0,30,2,0.94
message_routing_v1,routing,moderate_screen_0.7,9,0.2,0.7,0.9666666666666668,1.0,0.6666666666666666,1.0,1.0,0.2,0.5,True,0.4,4.0,50,1,0.9666666666666666
message_routing_v1,routing,light_screen_0.7,9,0.2,0.7,1.0,1.0,1.0,1.0,1.0,0.2,0.15,False,,1.0,85,0,0.9999999999999999
message_routing_v1,routing,tight_screen_0.7,10,0.2,0.7,0.13285714285714287,0.0,0.42857142857142855,0.3,0.0,0.0,0.8,True,0.6,6.0,30,2,0.13285714285714284
message_routing_v1,routing,moderate_screen_0.7,10,0.2,0.7,0.16500000000000004,0.0,0.75,0.3,0.0,0.0,0.5,True,0.4,4.0,50,1,0.165
message_routing_v1,routing,light_screen_0.7,10,0.2,0.7,0.19000000000000003,0.0,1.0,0.3,0.0,0.0,0.15,False,,1.0,85,0,0.19
message_routing_v1,routing,tight_screen_0.7,11,0.2,0.7,0.9500000000000002,1.0,0.5,1.0,1.0,0.2,0.8,True,0.6,6.0,30,2,0.95
message_routing_v1,routing,moderate_screen_0.7,11,0.2,0.7,0.9500000000000002,1.0,0.5,1.0,1.0,0.2,0.5,True,0.4,4.0,50,1,0.95
message_routing_v1,routing,light_screen_0.7,11,0.2,0.7,1.0,1.0,1.0,1.0,1.0,0.2,0.15,False,,1.0,85,0,0.9999999999999999
message_routing_v1,routing,tight_screen_0.7,12,0.2,0.7,0.13,0.0,0.4,0.3,0.0,0.0,0.8,True,0.6,6.0,30,2,0.13
message_routing_v1,routing,moderate_screen_0.7,12,0.2,0.7,0.9666666666666668,1.0,0.6666666666666666,1.0,1.0,0.2,0.5,True,0.4,4.0,50,1,0.9666666666666666
message_routing_v1,routing,light_screen_0.7,12,0.2,0.7,1.0,1.0,1.0,1.0,1.0,0.2,0.15,False,,1.0,85,0,0.9999999999999999
message_routing_v1,routing,tight_screen_0.7,13,0.2,0.7,0.13,0.0,0.4,0.3,0.0,0.0,0.8,True,0.6,6.0,30,2,0.13
message_routing_v1,routing,moderate_screen_0.7,13,0.2,0.7,0.15666666666666668,0.0,0.6666666666666666,0.3,0.0,0.0,0.5,True,0.4,4.0,50,1,0.15666666666666668
message_routing_v1,routing,light_screen_0.7,13,0.2,0.7,1.0,1.0,1.0,1.0,1.0,0.2,0.15,False,,1.0,85,0,0.9999999999999999
message_routing_v1,routing,tight_screen_0.7,14,0.2,0.7,0.12333333333333335,0.0,0.3333333333333333,0.3,0.0,0.0,0.8,True,0.6,6.0,30,2,0.12333333333333332
message_routing_v1,routing,moderate_screen_0.7,14,0.2,0.7,0.14,0.0,0.5,0.3,0.0,0.0,0.5,True,0.4,4.0,50,1,0.14
message_routing_v1,routing,light_screen_0.7,14,0.2,0.7,1.0,1.0,1.0,1.0,1.0,0.2,0.15,False,,1.0,85,0,0.9999999999999999
message_routing_v1,routing,tight_screen_0.7,15,0.2,0.7,0.9666666666666668,1.0,0.6666666666666666,1.0,1.0,0.2,0.8,True,0.6,6.0,30,2,0.9666666666666666
message_routing_v1,routing,moderate_screen_0.7,15,0.2,0.7,0.19000000000000003,0.0,1.0,0.3,0.0,0.0,0.5,True,0.4,4.0,50,1,0.19
message_routing_v1,routing,light_screen_0.7,15,0.2,0.7,1.0,1.0,1.0,1.0,1.0,0.2,0.15,False,,1.0,85,0,0.9999999999999999
message_routing_v1,routing,tight_screen_0.7,16,0.2,0.7,0.12333333333333335,0.0,0.3333333333333333,0.3,0.0,0.0,0.8,True,0.6,6.0,30,2,0.12333333333333332
message_routing_v1,routing,moderate_screen_0.7,16,0.2,0.7,0.15666666666666668,0.0,0.6666666666666666,0.3,0.0,0.0,0.5,True,0.4,4.0,50,1,0.15666666666666668
message_routing_v1,routing,light_screen_0.7,16,0.2,0.7,1.0,1.0,1.0,1.0,1.0,0.2,0.15,False,,1.0,85,0,0.9999999999999999
message_routing_v1,routing,tight_screen_0.7,17,0.2,0.7,0.11500000000000002,0.0,0.25,0.3,0.0,0.0,0.8,True,0.6,6.0,30,2,0.11499999999999999
message_routing_v1,routing,moderate_screen_0.7,17,0.2,0.7,0.9500000000000002,1.0,0.5,1.0,1.0,0.2,0.5,True,0.4,4.0,50,1,0.95
message_routing_v1,routing,light_screen_0.7,17,0.2,0.7,1.0,1.0,1.0,1.0,1.0,0.2,0.15,False,,1.0,85,0,0.9999999999999999
message_routing_v1,routing,tight_screen_0.7,18,0.2,0.7,0.13,0.0,0.4,0.3,0.0,0.0,0.8,True,0.6,6.0,30,2,0.13
message_routing_v1,routing,moderate_screen_0.7,18,0.2,0.7,0.9666666666666668,1.0,0.6666666666666666,1.0,1.0,0.2,0.5,True,0.4,4.0,50,1,0.9666666666666666
message_routing_v1,routing,light_screen_0.7,18,0.2,0.7,1.0,1.0,1.0,1.0,1.0,0.2,0.15,False,,1.0,85,0,0.9999999999999999
message_routing_v1,routing,tight_screen_0.7,19,0.2,0.7,0.1275,0.0,0.375,0.3,0.0,0.0,0.8,True,0.6,6.0,30,2,0.1275
message_routing_v1,routing,moderate_screen_0.7,19,0.2,0.7,0.9750000000000001,1.0,0.75,1.0,1.0,0.2,0.5,True,0.4,4.0,50,1,0.9749999999999999
message_routing_v1,routing,light_screen_0.7,19,0.2,0.7,1.0,1.0,1.0,1.0,1.0,0.2,0.15,False,,1.0,85,0,0.9999999999999999
message_routing_v1,routing,tight_screen_0.7,20,0.2,0.7,0.1275,0.0,0.375,0.3,0.0,0.0,0.8,True,0.6,6.0,30,2,0.1275
message_routing_v1,routing,moderate_screen_0.7,20,0.2,0.7,0.16500000000000004,0.0,0.75,0.3,0.0,0.0,0.5,True,0.4,4.0,50,1,0.165
message_routing_v1,routing,light_screen_0.7,20,0.2,0.7,1.0,1.0,1.0,1.0,1.0,0.2,0.15,False,,1.0,85,0,0.9999999999999999
message_routing_v1,routing,tight_screen_0.7,21,0.2,0.7,0.9333333333333335,1.0,0.3333333333333333,1.0,1.0,0.2,0.8,True,0.6,6.0,30,2,0.9333333333333332
message_routing_v1,routing,moderate_screen_0.7,21,0.2,0.7,0.14,0.0,0.5,0.3,0.0,0.0,0.5,True,0.4,4.0,50,1,0.14
message_routing_v1,routing,light_screen_0.7,21,0.2,0.7,1.0,1.0,1.0,1.0,1.0,0.2,0.15,False,,1.0,85,0,0.9999999999999999
message_routing_v1,routing,tight_screen_0.7,22,0.2,0.7,0.942857142857143,1.0,0.42857142857142855,1.0,1.0,0.2,0.8,True,0.6,6.0,30,2,0.9428571428571427
message_routing_v1,routing,moderate_screen_0.7,22,0.2,0.7,0.14,0.0,0.5,0.3,0.0,0.0,0.5,True,0.4,4.0,50,1,0.14
message_routing_v1,routing,light_screen_0.7,22,0.2,0.7,0.19000000000000003,0.0,1.0,0.3,0.0,0.0,0.15,False,,1.0,85,0,0.19
message_routing_v1,routing,tight_screen_0.7,23,0.2,0.7,0.9666666666666668,1.0,0.6666666666666666,1.0,1.0,0.2,0.8,True,0.6,6.0,30,2,0.9666666666666666
message_routing_v1,routing,moderate_screen_0.7,23,0.2,0.7,1.0,1.0,1.0,1.0,1.0,0.2,0.5,True,0.4,4.0,50,1,0.9999999999999999
message_routing_v1,routing,light_screen_0.7,23,0.2,0.7,1.0,1.0,1.0,1.0,1.0,0.2,0.15,False,,1.0,85,0,0.9999999999999999
message_routing_v1,routing,tight_screen_0.7,24,0.2,0.7,0.13285714285714287,0.0,0.42857142857142855,0.3,0.0,0.0,0.8,True,0.6,6.0,30,2,0.13285714285714284
message_routing_v1,routing,moderate_screen_0.7,24,0.2,0.7,0.9750000000000001,1.0,0.75,1.0,1.0,0.2,0.5,True,0.4,4.0,50,1,0.9749999999999999
message_routing_v1,routing,light_screen_0.7,24,0.2,0.7,1.0,1.0,1.0,1.0,1.0,0.2,0.15,False,,1.0,85,0,0.9999999999999999
message_routing_v1,routing,tight_screen_0.7,25,0.2,0.7,0.14,0.0,0.5,0.3,0.0,0.0,0.8,True,0.6,6.0,30,2,0.14
message_routing_v1,routing,moderate_screen_0.7,25,0.2,0.7,0.15666666666666668,0.0,0.6666666666666666,0.3,0.0,0.0,0.5,True,0.4,4.0,50,1,0.15666666666666668
message_routing_v1,routing,light_screen_0.7,25,0.2,0.7,1.0,1.0,1.0,1.0,1.0,0.2,0.15,False,,1.0,85,0,0.9999999999999999
message_routing_v1,routing,tight_screen_0.7,26,0.2,0.7,0.9500000000000002,1.0,0.5,1.0,1.0,0.2,0.8,True,0.6,6.0,30,2,0.95
message_routing_v1,routing,moderate_screen_0.7,26,0.2,0.7,1.0,1.0,1.0,1.0,1.0,0.2,0.5,True,0.4,4.0,50,1,0.9999999999999999
message_routing_v1,routing,light_screen_0.7,26,0.2,0.7,1.0,1.0,1.0,1.0,1.0,0.2,0.15,False,,1.0,85,0,0.9999999999999999
message_routing_v1,routing,tight_screen_0.7,27,0.2,0.7,0.11500000000000002,0.0,0.25,0.3,0.0,0.0,0.8,True,0.6,6.0,30,2,0.11499999999999999
message_routing_v1,routing,moderate_screen_0.7,27,0.2,0.7,0.9500000000000002,1.0,0.5,1.0,1.0,0.2,0.5,True,0.4,4.0,50,1,0.95
message_routing_v1,routing,light_screen_0.7,27,0.2,0.7,1.0,1.0,1.0,1.0,1.0,0.2,0.15,False,,1.0,85,0,0.9999999999999999
message_routing_v1,routing,tight_screen_0.7,28,0.2,0.7,0.9600000000000002,1.0,0.6,1.0,1.0,0.2,0.8,True,0.6,6.0,30,2,0.96
message_routing_v1,routing,moderate_screen_0.7,28,0.2,0.7,0.9600000000000002,1.0,0.6,1.0,1.0,0.2,0.5,True,0.4,4.0,50,1,0.96
message_routing_v1,routing,light_screen_0.7,28,0.2,0.7,1.0,1.0,1.0,1.0,1.0,0.2,0.15,False,,1.0,85,0,0.9999999999999999
message_routing_v1,routing,tight_screen_0.7,29,0.2,0.7,0.9333333333333335,1.0,0.3333333333333333,1.0,1.0,0.2,0.8,True,0.6,6.0,30,2,0.9333333333333332
message_routing_v1,routing,moderate_screen_0.7,29,0.2,0.7,0.19000000000000003,0.0,1.0,0.3,0.0,0.0,0.5,True,0.4,4.0,50,1,0.19
message_routing_v1,routing,light_screen_0.7,29,0.2,0.7,1.0,1.0,1.0,1.0,1.0,0.2,0.15,False,,1.0,85,0,0.9999999999999999
message_routing_v1,routing,tight_screen_0.8,0,0.2,0.8,0.9333333333333335,1.0,0.3333333333333333,1.0,1.0,0.2,0.8,True,0.6,6.0,30,2,0.9333333333333332
message_routing_v1,routing,moderate_screen_0.8,0,0.2,0.8,1.0,1.0,1.0,1.0,1.0,0.2,0.5,True,0.4,4.0,50,1,0.9999999999999999
message_routing_v1,routing,light_screen_0.8,0,0.2,0.8,1.0,1.0,1.0,1.0,1.0,0.2,0.15,False,,1.0,85,0,0.9999999999999999
message_routing_v1,routing,tight_screen_0.8,1,0.2,0.8,0.17000000000000004,0.0,0.8,0.3,0.0,0.0,0.8,True,0.6,6.0,30,2,0.17
message_routing_v1,routing,moderate_screen_0.8,1,0.2,0.8,1.0,1.0,1.0,1.0,1.0,0.2,0.5,True,0.4,4.0,50,1,0.9999999999999999
message_routing_v1,routing,light_screen_0.8,1,0.2,0.8,1.0,1.0,1.0,1.0,1.0,0.2,0.15,False,,1.0,85,0,0.9999999999999999
message_routing_v1,routing,tight_screen_0.8,2,0.2,0.8,0.11500000000000002,0.0,0.25,0.3,0.0,0.0,0.8,True,0.6,6.0,30,2,0.11499999999999999
message_routing_v1,routing,moderate_screen_0.8,2,0.2,0.8,0.9500000000000002,1.0,0.5,1.0,1.0,0.2,0.5,True,0.4,4.0,50,1,0.95
message_routing_v1,routing,light_screen_0.8,2,0.2,0.8,1.0,1.0,1.0,1.0,1.0,0.2,0.15,False,,1.0,85,0,0.9999999999999999
message_routing_v1,routing,tight_screen_0.8,3,0.2,0.8,0.15666666666666668,0.0,0.6666666666666666,0.3,0.0,0.0,0.8,True,0.6,6.0,30,2,0.15666666666666668
message_routing_v1,routing,moderate_screen_0.8,3,0.2,0.8,1.0,1.0,1.0,1.0,1.0,0.2,0.5,True,0.4,4.0,50,1,0.9999999999999999
message_routing_v1,routing,light_screen_0.8,3,0.2,0.8,1.0,1.0,1.0,1.0,1.0,0.2,0.15,False,,1.0,85,0,0.9999999999999999
message_routing_v1,routing,tight_screen_0.8,4,0.2,0.8,0.9333333333333335,1.0,0.3333333333333333,1.0,1.0,0.2,0.8,True,0.6,6.0,30,2,0.9333333333333332
message_routing_v1,routing,moderate_screen_0.8,4,0.2,0.8,0.14,0.0,0.5,0.3,0.0,0.0,0.5,True,0.4,4.0,50,1,0.14
message_routing_v1,routing,light_screen_0.8,4,0.2,0.8,1.0,1.0,1.0,1.0,1.0,0.2,0.15,False,,1.0,85,0,0.9999999999999999
message_routing_v1,routing,tight_screen_0.8,5,0.2,0.8,0.15000000000000002,0.0,0.6,0.3,0.0,0.0,0.8,True,0.6,6.0,30,2,0.15
message_routing_v1,routing,moderate_screen_0.8,5,0.2,0.8,1.0,1.0,1.0,1.0,1.0,0.2,0.5,True,0.4,4.0,50,1,0.9999999999999999
message_routing_v1,routing,light_screen_0.8,5,0.2,0.8,1.0,1.0,1.0,1.0,1.0,0.2,0.15,False,,1.0,85,0,0.9999999999999999
message_routing_v1,routing,tight_screen_0.8,6,0.2,0.8,0.9500000000000002,1.0,0.5,1.0,1.0,0.2,0.8,True,0.6,6.0,30,2,0.95
message_routing_v1,routing,moderate_screen_0.8,6,0.2,0.8,1.0,1.0,1.0,1.0,1.0,0.2,0.5,True,0.4,4.0,50,1,0.9999999999999999
message_routing_v1,routing,light_screen_0.8,6,0.2,0.8,1.0,1.0,1.0,1.0,1.0,0.2,0.15,False,,1.0,85,0,0.9999999999999999
message_routing_v1,routing,tight_screen_0.8,7,0.2,0.8,0.14,0.0,0.5,0.3,0.0,0.0,0.8,True,0.6,6.0,30,2,0.14
message_routing_v1,routing,moderate_screen_0.8,7,0.2,0.8,0.15666666666666668,0.0,0.6666666666666666,0.3,0.0,0.0,0.5,True,0.4,4.0,50,1,0.15666666666666668
message_routing_v1,routing,light_screen_0.8,7,0.2,0.8,1.0,1.0,1.0,1.0,1.0,0.2,0.15,False,,1.0,85,0,0.9999999999999999
message_routing_v1,routing,tight_screen_0.8,8,0.2,0.8,0.12333333333333335,0.0,0.3333333333333333,0.3,0.0,0.0,0.8,True,0.6,6.0,30,2,0.12333333333333332
message_routing_v1,routing,moderate_screen_0.8,8,0.2,0.8,0.9500000000000002,1.0,0.5,1.0,1.0,0.2,0.5,True,0.4,4.0,50,1,0.95
message_routing_v1,routing,light_screen_0.8,8,0.2,0.8,1.0,1.0,1.0,1.0,1.0,0.2,0.15,False,,1.0,85,0,0.9999999999999999
message_routing_v1,routing,tight_screen_0.8,9,0.2,0.8,0.9500000000000002,1.0,0.5,1.0,1.0,0.2,0.8,True,0.6,6.0,30,2,0.95
message_routing_v1,routing,moderate_screen_0.8,9,0.2,0.8,0.19000000000000003,0.0,1.0,0.3,0.0,0.0,0.5,True,0.4,4.0,50,1,0.19
message_routing_v1,routing,light_screen_0.8,9,0.2,0.8,1.0,1.0,1.0,1.0,1.0,0.2,0.15,False,,1.0,85,0,0.9999999999999999
message_routing_v1,routing,tight_screen_0.8,10,0.2,0.8,0.14,0.0,0.5,0.3,0.0,0.0,0.8,True,0.6,6.0,30,2,0.14
message_routing_v1,routing,moderate_screen_0.8,10,0.2,0.8,0.9750000000000001,1.0,0.75,1.0,1.0,0.2,0.5,True,0.4,4.0,50,1,0.9749999999999999
message_routing_v1,routing,light_screen_0.8,10,0.2,0.8,1.0,1.0,1.0,1.0,1.0,0.2,0.15,False,,1.0,85,0,0.9999999999999999
message_routing_v1,routing,tight_screen_0.8,11,0.2,0.8,0.14,0.0,0.5,0.3,0.0,0.0,0.8,True,0.6,6.0,30,2,0.14
message_routing_v1,routing,moderate_screen_0.8,11,0.2,0.8,1.0,1.0,1.0,1.0,1.0,0.2,0.5,True,0.4,4.0,50,1,0.9999999999999999
message_routing_v1,routing,light_screen_0.8,11,0.2,0.8,1.0,1.0,1.0,1.0,1.0,0.2,0.15,False,,1.0,85,0,0.9999999999999999
message_routing_v1,routing,tight_screen_0.8,12,0.2,0.8,0.14,0.0,0.5,0.3,0.0,0.0,0.8,True,0.6,6.0,30,2,0.14
message_routing_v1,routing,moderate_screen_0.8,12,0.2,0.8,0.9666666666666668,1.0,0.6666666666666666,1.0,1.0,0.2,0.5,True,0.4,4.0,50,1,0.9666666666666666
message_routing_v1,routing,light_screen_0.8,12,0.2,0.8,1.0,1.0,1.0,1.0,1.0,0.2,0.15,False,,1.0,85,0,0.9999999999999999
message_routing_v1,routing,tight_screen_0.8,13,0.2,0.8,0.9500000000000002,1.0,0.5,1.0,1.0,0.2,0.8,True,0.6,6.0,30,2,0.95
message_routing_v1,routing,moderate_screen_0.8,13,0.2,0.8,0.9666666666666668,1.0,0.6666666666666666,1.0,1.0,0.2,0.5,True,0.4,4.0,50,1,0.9666666666666666
message_routing_v1,routing,light_screen_0.8,13,0.2,0.8,1.0,1.0,1.0,1.0,1.0,0.2,0.15,False,,1.0,85,0,0.9999999999999999
message_routing_v1,routing,tight_screen_0.8,14,0.2,0.8,0.9500000000000002,1.0,0.5,1.0,1.0,0.2,0.8,True,0.6,6.0,30,2,0.95
message_routing_v1,routing,moderate_screen_0.8,14,0.2,0.8,0.14,0.0,0.5,0.3,0.0,0.0,0.5,True,0.4,4.0,50,1,0.14
message_routing_v1,routing,light_screen_0.8,14,0.2,0.8,1.0,1.0,1.0,1.0,1.0,0.2,0.15,False,,1.0,85,0,0.9999999999999999
message_routing_v1,routing,tight_screen_0.8,15,0.2,0.8,0.9666666666666668,1.0,0.6666666666666666,1.0,1.0,0.2,0.8,True,0.6,6.0,30,2,0.9666666666666666
message_routing_v1,routing,moderate_screen_0.8,15,0.2,0.8,1.0,1.0,1.0,1.0,1.0,0.2,0.5,True,0.4,4.0,50,1,0.9999999999999999
message_routing_v1,routing,light_screen_0.8,15,0.2,0.8,1.0,1.0,1.0,1.0,1.0,0.2,0.15,False,,1.0,85,0,0.9999999999999999
message_routing_v1,routing,tight_screen_0.8,16,0.2,0.8,0.9400000000000002,1.0,0.4,1.0,1.0,0.2,0.8,True,0.6,6.0,30,2,0.94
message_routing_v1,routing,moderate_screen_0.8,16,0.2,0.8,0.15666666666666668,0.0,0.6666666666666666,0.3,0.0,0.0,0.5,True,0.4,4.0,50,1,0.15666666666666668
message_routing_v1,routing,light_screen_0.8,16,0.2,0.8,1.0,1.0,1.0,1.0,1.0,0.2,0.15,False,,1.0,85,0,0.9999999999999999
message_routing_v1,routing,tight_screen_0.8,17,0.2,0.8,0.12333333333333335,0.0,0.3333333333333333,0.3,0.0,0.0,0.8,True,0.6,6.0,30,2,0.12333333333333332
message_routing_v1,routing,moderate_screen_0.8,17,0.2,0.8,0.14,0.0,0.5,0.3,0.0,0.0,0.5,True,0.4,4.0,50,1,0.14
message_routing_v1,routing,light_screen_0.8,17,0.2,0.8,1.0,1.0,1.0,1.0,1.0,0.2,0.15,False,,1.0,85,0,0.9999999999999999
message_routing_v1,routing,tight_screen_0.8,18,0.2,0.8,0.9400000000000002,1.0,0.4,1.0,1.0,0.2,0.8,True,0.6,6.0,30,2,0.94
message_routing_v1,routing,moderate_screen_0.8,18,0.2,0.8,0.9666666666666668,1.0,0.6666666666666666,1.0,1.0,0.2,0.5,True,0.4,4.0,50,1,0.9666666666666666
message_routing_v1,routing,light_screen_0.8,18,0.2,0.8,1.0,1.0,1.0,1.0,1.0,0.2,0.15,False,,1.0,85,0,0.9999999999999999
message_routing_v1,routing,tight_screen_0.8,19,0.2,0.8,0.9600000000000002,1.0,0.6,1.0,1.0,0.2,0.8,True,0.6,6.0,30,2,0.96
message_routing_v1,routing,moderate_screen_0.8,19,0.2,0.8,0.9750000000000001,1.0,0.75,1.0,1.0,0.2,0.5,True,0.4,4.0,50,1,0.9749999999999999
message_routing_v1,routing,light_screen_0.8,19,0.2,0.8,1.0,1.0,1.0,1.0,1.0,0.2,0.15,False,,1.0,85,0,0.9999999999999999
message_routing_v1,routing,tight_screen_0.8,20,0.2,0.8,0.9500000000000002,1.0,0.5,1.0,1.0,0.2,0.8,True,0.6,6.0,30,2,0.95
message_routing_v1,routing,moderate_screen_0.8,20,0.2,0.8,0.16500000000000004,0.0,0.75,0.3,0.0,0.0,0.5,True,0.4,4.0,50,1,0.165
message_routing_v1,routing,light_screen_0.8,20,0.2,0.8,1.0,1.0,1.0,1.0,1.0,0.2,0.15,False,,1.0,85,0,0.9999999999999999
message_routing_v1,routing,tight_screen_0.8,21,0.2,0.8,0.1275,0.0,0.375,0.3,0.0,0.0,0.8,True,0.6,6.0,30,2,0.1275
message_routing_v1,routing,moderate_screen_0.8,21,0.2,0.8,0.9600000000000002,1.0,0.6,1.0,1.0,0.2,0.5,True,0.4,4.0,50,1,0.96
message_routing_v1,routing,light_screen_0.8,21,0.2,0.8,1.0,1.0,1.0,1.0,1.0,0.2,0.15,False,,1.0,85,0,0.9999999999999999
message_routing_v1,routing,tight_screen_0.8,22,0.2,0.8,0.13285714285714287,0.0,0.42857142857142855,0.3,0.0,0.0,0.8,True,0.6,6.0,30,2,0.13285714285714284
message_routing_v1,routing,moderate_screen_0.8,22,0.2,0.8,0.14,0.0,0.5,0.3,0.0,0.0,0.5,True,0.4,4.0,50,1,0.14
message_routing_v1,routing,light_screen_0.8,22,0.2,0.8,1.0,1.0,1.0,1.0,1.0,0.2,0.15,False,,1.0,85,0,0.9999999999999999
message_routing_v1,routing,tight_screen_0.8,23,0.2,0.8,1.0,1.0,1.0,1.0,1.0,0.2,0.8,True,0.6,6.0,30,2,0.9999999999999999
message_routing_v1,routing,moderate_screen_0.8,23,0.2,0.8,1.0,1.0,1.0,1.0,1.0,0.2,0.5,True,0.4,4.0,50,1,0.9999999999999999
message_routing_v1,routing,light_screen_0.8,23,0.2,0.8,1.0,1.0,1.0,1.0,1.0,0.2,0.15,False,,1.0,85,0,0.9999999999999999
message_routing_v1,routing,tight_screen_0.8,24,0.2,0.8,0.9500000000000002,1.0,0.5,1.0,1.0,0.2,0.8,True,0.6,6.0,30,2,0.95
message_routing_v1,routing,moderate_screen_0.8,24,0.2,0.8,0.9750000000000001,1.0,0.75,1.0,1.0,0.2,0.5,True,0.4,4.0,50,1,0.9749999999999999
message_routing_v1,routing,light_screen_0.8,24,0.2,0.8,1.0,1.0,1.0,1.0,1.0,0.2,0.15,False,,1.0,85,0,0.9999999999999999
message_routing_v1,routing,tight_screen_0.8,25,0.2,0.8,0.9500000000000002,1.0,0.5,1.0,1.0,0.2,0.8,True,0.6,6.0,30,2,0.95
message_routing_v1,routing,moderate_screen_0.8,25,0.2,0.8,0.9666666666666668,1.0,0.6666666666666666,1.0,1.0,0.2,0.5,True,0.4,4.0,50,1,0.9666666666666666
message_routing_v1,routing,light_screen_0.8,25,0.2,0.8,1.0,1.0,1.0,1.0,1.0,0.2,0.15,False,,1.0,85,0,0.9999999999999999
message_routing_v1,routing,tight_screen_0.8,26,0.2,0.8,0.15666666666666668,0.0,0.6666666666666666,0.3,0.0,0.0,0.8,True,0.6,6.0,30,2,0.15666666666666668
message_routing_v1,routing,moderate_screen_0.8,26,0.2,0.8,1.0,1.0,1.0,1.0,1.0,0.2,0.5,True,0.4,4.0,50,1,0.9999999999999999
message_routing_v1,routing,light_screen_0.8,26,0.2,0.8,1.0,1.0,1.0,1.0,1.0,0.2,0.15,False,,1.0,85,0,0.9999999999999999
message_routing_v1,routing,tight_screen_0.8,27,0.2,0.8,0.12333333333333335,0.0,0.3333333333333333,0.3,0.0,0.0,0.8,True,0.6,6.0,30,2,0.12333333333333332
message_routing_v1,routing,moderate_screen_0.8,27,0.2,0.8,0.9500000000000002,1.0,0.5,1.0,1.0,0.2,0.5,True,0.4,4.0,50,1,0.95
message_routing_v1,routing,light_screen_0.8,27,0.2,0.8,1.0,1.0,1.0,1.0,1.0,0.2,0.15,False,,1.0,85,0,0.9999999999999999
message_routing_v1,routing,tight_screen_0.8,28,0.2,0.8,0.9600000000000002,1.0,0.6,1.0,1.0,0.2,0.8,True,0.6,6.0,30,2,0.96
message_routing_v1,routing,moderate_screen_0.8,28,0.2,0.8,0.9600000000000002,1.0,0.6,1.0,1.0,0.2,0.5,True,0.4,4.0,50,1,0.96
message_routing_v1,routing,light_screen_0.8,28,0.2,0.8,1.0,1.0,1.0,1.0,1.0,0.2,0.15,False,,1.0,85,0,0.9999999999999999
message_routing_v1,routing,tight_screen_0.8,29,0.2,0.8,0.9500000000000002,1.0,0.5,1.0,1.0,0.2,0.8,True,0.6,6.0,30,2,0.95
message_routing_v1,routing,moderate_screen_0.8,29,0.2,0.8,0.19000000000000003,0.0,1.0,0.3,0.0,0.0,0.5,True,0.4,4.0,50,1,0.19
message_routing_v1,routing,light_screen_0.8,29,0.2,0.8,1.0,1.0,1.0,1.0,1.0,0.2,0.15,False,,1.0,85,0,0.9999999999999999
message_routing_v1,routing,tight_screen_0.9,0,0.2,0.9,0.19000000000000003,0.0,1.0,0.3,0.0,0.0,0.8,True,0.6,6.0,30,2,0.19
message_routing_v1,routing,moderate_screen_0.9,0,0.2,0.9,0.19000000000000003,0.0,1.0,0.3,0.0,0.0,0.5,True,0.4,4.0,50,1,0.19
message_routing_v1,routing,light_screen_0.9,0,0.2,0.9,1.0,1.0,1.0,1.0,1.0,0.2,0.15,False,,1.0,85,0,0.9999999999999999
message_routing_v1,routing,tight_screen_0.9,1,0.2,0.9,0.19000000000000003,0.0,1.0,0.3,0.0,0.0,0.8,True,0.6,6.0,30,2,0.19
message_routing_v1,routing,moderate_screen_0.9,1,0.2,0.9,1.0,1.0,1.0,1.0,1.0,0.2,0.5,True,0.4,4.0,50,1,0.9999999999999999
message_routing_v1,routing,light_screen_0.9,1,0.2,0.9,1.0,1.0,1.0,1.0,1.0,0.2,0.15,False,,1.0,85,0,0.9999999999999999
message_routing_v1,routing,tight_screen_0.9,2,0.2,0.9,0.12333333333333335,0.0,0.3333333333333333,0.3,0.0,0.0,0.8,True,0.6,6.0,30,2,0.12333333333333332
message_routing_v1,routing,moderate_screen_0.9,2,0.2,0.9,0.9500000000000002,1.0,0.5,1.0,1.0,0.2,0.5,True,0.4,4.0,50,1,0.95
message_routing_v1,routing,light_screen_0.9,2,0.2,0.9,1.0,1.0,1.0,1.0,1.0,0.2,0.15,False,,1.0,85,0,0.9999999999999999
message_routing_v1,routing,tight_screen_0.9,3,0.2,0.9,0.19000000000000003,0.0,1.0,0.3,0.0,0.0,0.8,True,0.6,6.0,30,2,0.19
message_routing_v1,routing,moderate_screen_0.9,3,0.2,0.9,1.0,1.0,1.0,1.0,1.0,0.2,0.5,True,0.4,4.0,50,1,0.9999999999999999
message_routing_v1,routing,light_screen_0.9,3,0.2,0.9,1.0,1.0,1.0,1.0,1.0,0.2,0.15,False,,1.0,85,0,0.9999999999999999
message_routing_v1,routing,tight_screen_0.9,4,0.2,0.9,0.12333333333333335,0.0,0.3333333333333333,0.3,0.0,0.0,0.8,True,0.6,6.0,30,2,0.12333333333333332
message_routing_v1,routing,moderate_screen_0.9,4,0.2,0.9,0.9500000000000002,1.0,0.5,1.0,1.0,0.2,0.5,True,0.4,4.0,50,1,0.95
message_routing_v1,routing,light_screen_0.9,4,0.2,0.9,1.0,1.0,1.0,1.0,1.0,0.2,0.15,False,,1.0,85,0,0.9999999999999999
message_routing_v1,routing,tight_screen_0.9,5,0.2,0.9,1.0,1.0,1.0,1.0,1.0,0.2,0.8,True,0.6,6.0,30,2,0.9999999999999999
message_routing_v1,routing,moderate_screen_0.9,5,0.2,0.9,1.0,1.0,1.0,1.0,1.0,0.2,0.5,True,0.4,4.0,50,1,0.9999999999999999
message_routing_v1,routing,light_screen_0.9,5,0.2,0.9,1.0,1.0,1.0,1.0,1.0,0.2,0.15,False,,1.0,85,0,0.9999999999999999
message_routing_v1,routing,tight_screen_0.9,6,0.2,0.9,1.0,1.0,1.0,1.0,1.0,0.2,0.8,True,0.6,6.0,30,2,0.9999999999999999
message_routing_v1,routing,moderate_screen_0.9,6,0.2,0.9,1.0,1.0,1.0,1.0,1.0,0.2,0.5,True,0.4,4.0,50,1,0.9999999999999999
message_routing_v1,routing,light_screen_0.9,6,0.2,0.9,1.0,1.0,1.0,1.0,1.0,0.2,0.15,False,,1.0,85,0,0.9999999999999999
message_routing_v1,routing,tight_screen_0.9,7,0.2,0.9,0.14,0.0,0.5,0.3,0.0,0.0,0.8,True,0.6,6.0,30,2,0.14
message_routing_v1,routing,moderate_screen_0.9,7,0.2,0.9,0.9666666666666668,1.0,0.6666666666666666,1.0,1.0,0.2,0.5,True,0.4,4.0,50,1,0.9666666666666666
message_routing_v1,routing,light_screen_0.9,7,0.2,0.9,1.0,1.0,1.0,1.0,1.0,0.2,0.15,False,,1.0,85,0,0.9999999999999999
message_routing_v1,routing,tight_screen_0.9,8,0.2,0.9,0.14,0.0,0.5,0.3,0.0,0.0,0.8,True,0.6,6.0,30,2,0.14
message_routing_v1,routing,moderate_screen_0.9,8,0.2,0.9,0.14,0.0,0.5,0.3,0.0,0.0,0.5,True,0.4,4.0,50,1,0.14
message_routing_v1,routing,light_screen_0.9,8,0.2,0.9,1.0,1.0,1.0,1.0,1.0,0.2,0.15,False,,1.0,85,0,0.9999999999999999
message_routing_v1,routing,tight_screen_0.9,9,0.2,0.9,0.15666666666666668,0.0,0.6666666666666666,0.3,0.0,0.0,0.8,True,0.6,6.0,30,2,0.15666666666666668
message_routing_v1,routing,moderate_screen_0.9,9,0.2,0.9,1.0,1.0,1.0,1.0,1.0,0.2,0.5,True,0.4,4.0,50,1,0.9999999999999999
message_routing_v1,routing,light_screen_0.9,9,0.2,0.9,1.0,1.0,1.0,1.0,1.0,0.2,0.15,False,,1.0,85,0,0.9999999999999999
message_routing_v1,routing,tight_screen_0.9,10,0.2,0.9,0.15000000000000002,0.0,0.6,0.3,0.0,0.0,0.8,True,0.6,6.0,30,2,0.15
message_routing_v1,routing,moderate_screen_0.9,10,0.2,0.9,0.9750000000000001,1.0,0.75,1.0,1.0,0.2,0.5,True,0.4,4.0,50,1,0.9749999999999999
message_routing_v1,routing,light_screen_0.9,10,0.2,0.9,1.0,1.0,1.0,1.0,1.0,0.2,0.15,False,,1.0,85,0,0.9999999999999999
message_routing_v1,routing,tight_screen_0.9,11,0.2,0.9,1.0,1.0,1.0,1.0,1.0,0.2,0.8,True,0.6,6.0,30,2,0.9999999999999999
message_routing_v1,routing,moderate_screen_0.9,11,0.2,0.9,1.0,1.0,1.0,1.0,1.0,0.2,0.5,True,0.4,4.0,50,1,0.9999999999999999
message_routing_v1,routing,light_screen_0.9,11,0.2,0.9,1.0,1.0,1.0,1.0,1.0,0.2,0.15,False,,1.0,85,0,0.9999999999999999
message_routing_v1,routing,tight_screen_0.9,12,0.2,0.9,0.14,0.0,0.5,0.3,0.0,0.0,0.8,True,0.6,6.0,30,2,0.14
message_routing_v1,routing,moderate_screen_0.9,12,0.2,0.9,0.15666666666666668,0.0,0.6666666666666666,0.3,0.0,0.0,0.5,True,0.4,4.0,50,1,0.15666666666666668
message_routing_v1,routing,light_screen_0.9,12,0.2,0.9,1.0,1.0,1.0,1.0,1.0,0.2,0.15,False,,1.0,85,0,0.9999999999999999
message_routing_v1,routing,tight_screen_0.9,13,0.2,0.9,0.14,0.0,0.5,0.3,0.0,0.0,0.8,True,0.6,6.0,30,2,0.14
message_routing_v1,routing,moderate_screen_0.9,13,0.2,0.9,0.15666666666666668,0.0,0.6666666666666666,0.3,0.0,0.0,0.5,True,0.4,4.0,50,1,0.15666666666666668
message_routing_v1,routing,light_screen_0.9,13,0.2,0.9,1.0,1.0,1.0,1.0,1.0,0.2,0.15,False,,1.0,85,0,0.9999999999999999
message_routing_v1,routing,tight_screen_0.9,14,0.2,0.9,0.14,0.0,0.5,0.3,0.0,0.0,0.8,True,0.6,6.0,30,2,0.14
message_routing_v1,routing,moderate_screen_0.9,14,0.2,0.9,0.9666666666666668,1.0,0.6666666666666666,1.0,1.0,0.2,0.5,True,0.4,4.0,50,1,0.9666666666666666
message_routing_v1,routing,light_screen_0.9,14,0.2,0.9,1.0,1.0,1.0,1.0,1.0,0.2,0.15,False,,1.0,85,0,0.9999999999999999
message_routing_v1,routing,tight_screen_0.9,15,0.2,0.9,1.0,1.0,1.0,1.0,1.0,0.2,0.8,True,0.6,6.0,30,2,0.9999999999999999
message_routing_v1,routing,moderate_screen_0.9,15,0.2,0.9,0.19000000000000003,0.0,1.0,0.3,0.0,0.0,0.5,True,0.4,4.0,50,1,0.19
message_routing_v1,routing,light_screen_0.9,15,0.2,0.9,1.0,1.0,1.0,1.0,1.0,0.2,0.15,False,,1.0,85,0,0.9999999999999999
message_routing_v1,routing,tight_screen_0.9,16,0.2,0.9,0.9500000000000002,1.0,0.5,1.0,1.0,0.2,0.8,True,0.6,6.0,30,2,0.95
message_routing_v1,routing,moderate_screen_0.9,16,0.2,0.9,0.9666666666666668,1.0,0.6666666666666666,1.0,1.0,0.2,0.5,True,0.4,4.0,50,1,0.9666666666666666
message_routing_v1,routing,light_screen_0.9,16,0.2,0.9,1.0,1.0,1.0,1.0,1.0,0.2,0.15,False,,1.0,85,0,0.9999999999999999
message_routing_v1,routing,tight_screen_0.9,17,0.2,0.9,0.9333333333333335,1.0,0.3333333333333333,1.0,1.0,0.2,0.8,True,0.6,6.0,30,2,0.9333333333333332
message_routing_v1,routing,moderate_screen_0.9,17,0.2,0.9,0.9500000000000002,1.0,0.5,1.0,1.0,0.2,0.5,True,0.4,4.0,50,1,0.95
message_routing_v1,routing,light_screen_0.9,17,0.2,0.9,1.0,1.0,1.0,1.0,1.0,0.2,0.15,False,,1.0,85,0,0.9999999999999999
message_routing_v1,routing,tight_screen_0.9,18,0.2,0.9,0.14,0.0,0.5,0.3,0.0,0.0,0.8,True,0.6,6.0,30,2,0.14
message_routing_v1,routing,moderate_screen_0.9,18,0.2,0.9,0.15666666666666668,0.0,0.6666666666666666,0.3,0.0,0.0,0.5,True,0.4,4.0,50,1,0.15666666666666668
message_routing_v1,routing,light_screen_0.9,18,0.2,0.9,1.0,1.0,1.0,1.0,1.0,0.2,0.15,False,,1.0,85,0,0.9999999999999999
message_routing_v1,routing,tight_screen_0.9,19,0.2,0.9,0.9600000000000002,1.0,0.6,1.0,1.0,0.2,0.8,True,0.6,6.0,30,2,0.96
message_routing_v1,routing,moderate_screen_0.9,19,0.2,0.9,0.9750000000000001,1.0,0.75,1.0,1.0,0.2,0.5,True,0.4,4.0,50,1,0.9749999999999999
message_routing_v1,routing,light_screen_0.9,19,0.2,0.9,1.0,1.0,1.0,1.0,1.0,0.2,0.15,False,,1.0,85,0,0.9999999999999999
message_routing_v1,routing,tight_screen_0.9,20,0.2,0.9,0.15000000000000002,0.0,0.6,0.3,0.0,0.0,0.8,True,0.6,6.0,30,2,0.15
message_routing_v1,routing,moderate_screen_0.9,20,0.2,0.9,0.9750000000000001,1.0,0.75,1.0,1.0,0.2,0.5,True,0.4,4.0,50,1,0.9749999999999999
message_routing_v1,routing,light_screen_0.9,20,0.2,0.9,1.0,1.0,1.0,1.0,1.0,0.2,0.15,False,,1.0,85,0,0.9999999999999999
message_routing_v1,routing,tight_screen_0.9,21,0.2,0.9,0.13285714285714287,0.0,0.42857142857142855,0.3,0.0,0.0,0.8,True,0.6,6.0,30,2,0.13285714285714284
message_routing_v1,routing,moderate_screen_0.9,21,0.2,0.9,0.15000000000000002,0.0,0.6,0.3,0.0,0.0,0.5,True,0.4,4.0,50,1,0.15
message_routing_v1,routing,light_screen_0.9,21,0.2,0.9,1.0,1.0,1.0,1.0,1.0,0.2,0.15,False,,1.0,85,0,0.9999999999999999
message_routing_v1,routing,tight_screen_0.9,22,0.2,0.9,0.942857142857143,1.0,0.42857142857142855,1.0,1.0,0.2,0.8,True,0.6,6.0,30,2,0.9428571428571427
message_routing_v1,routing,moderate_screen_0.9,22,0.2,0.9,0.9600000000000002,1.0,0.6,1.0,1.0,0.2,0.5,True,0.4,4.0,50,1,0.96
message_routing_v1,routing,light_screen_0.9,22,0.2,0.9,1.0,1.0,1.0,1.0,1.0,0.2,0.15,False,,1.0,85,0,0.9999999999999999
message_routing_v1,routing,tight_screen_0.9,23,0.2,0.9,1.0,1.0,1.0,1.0,1.0,0.2,0.8,True,0.6,6.0,30,2,0.9999999999999999
message_routing_v1,routing,moderate_screen_0.9,23,0.2,0.9,1.0,1.0,1.0,1.0,1.0,0.2,0.5,True,0.4,4.0,50,1,0.9999999999999999
message_routing_v1,routing,light_screen_0.9,23,0.2,0.9,1.0,1.0,1.0,1.0,1.0,0.2,0.15,False,,1.0,85,0,0.9999999999999999
message_routing_v1,routing,tight_screen_0.9,24,0.2,0.9,0.9600000000000002,1.0,0.6,1.0,1.0,0.2,0.8,True,0.6,6.0,30,2,0.96
message_routing_v1,routing,moderate_screen_0.9,24,0.2,0.9,0.9750000000000001,1.0,0.75,1.0,1.0,0.2,0.5,True,0.4,4.0,50,1,0.9749999999999999
message_routing_v1,routing,light_screen_0.9,24,0.2,0.9,1.0,1.0,1.0,1.0,1.0,0.2,0.15,False,,1.0,85,0,0.9999999999999999
message_routing_v1,routing,tight_screen_0.9,25,0.2,0.9,0.14,0.0,0.5,0.3,0.0,0.0,0.8,True,0.6,6.0,30,2,0.14
message_routing_v1,routing,moderate_screen_0.9,25,0.2,0.9,0.9666666666666668,1.0,0.6666666666666666,1.0,1.0,0.2,0.5,True,0.4,4.0,50,1,0.9666666666666666
message_routing_v1,routing,light_screen_0.9,25,0.2,0.9,1.0,1.0,1.0,1.0,1.0,0.2,0.15,False,,1.0,85,0,0.9999999999999999
message_routing_v1,routing,tight_screen_0.9,26,0.2,0.9,1.0,1.0,1.0,1.0,1.0,0.2,0.8,True,0.6,6.0,30,2,0.9999999999999999
message_routing_v1,routing,moderate_screen_0.9,26,0.2,0.9,1.0,1.0,1.0,1.0,1.0,0.2,0.5,True,0.4,4.0,50,1,0.9999999999999999
message_routing_v1,routing,light_screen_0.9,26,0.2,0.9,0.19000000000000003,0.0,1.0,0.3,0.0,0.0,0.15,False,,1.0,85,0,0.19
message_routing_v1,routing,tight_screen_0.9,27,0.2,0.9,0.9333333333333335,1.0,0.3333333333333333,1.0,1.0,0.2,0.8,True,0.6,6.0,30,2,0.9333333333333332
message_routing_v1,routing,moderate_screen_0.9,27,0.2,0.9,0.9500000000000002,1.0,0.5,1.0,1.0,0.2,0.5,True,0.4,4.0,50,1,0.95
message_routing_v1,routing,light_screen_0.9,27,0.2,0.9,1.0,1.0,1.0,1.0,1.0,0.2,0.15,False,,1.0,85,0,0.9999999999999999
message_routing_v1,routing,tight_screen_0.9,28,0.2,0.9,0.15000000000000002,0.0,0.6,0.3,0.0,0.0,0.8,True,0.6,6.0,30,2,0.15
message_routing_v1,routing,moderate_screen_0.9,28,0.2,0.9,0.15000000000000002,0.0,0.6,0.3,0.0,0.0,0.5,True,0.4,4.0,50,1,0.15
message_routing_v1,routing,light_screen_0.9,28,0.2,0.9,1.0,1.0,1.0,1.0,1.0,0.2,0.15,False,,1.0,85,0,0.9999999999999999
message_routing_v1,routing,tight_screen_0.9,29,0.2,0.9,1.0,1.0,1.0,1.0,1.0,0.2,0.8,True,0.6,6.0,30,2,0.9999999999999999
message_routing_v1,routing,moderate_screen_0.9,29,0.2,0.9,0.19000000000000003,0.0,1.0,0.3,0.0,0.0,0.5,True,0.4,4.0,50,1,0.19
message_routing_v1,routing,light_screen_0.9,29,0.2,0.9,1.0,1.0,1.0,1.0,1.0,0.2,0.15,False,,1.0,85,0,0.9999999999999999
message_routing_v1,routing,tight_screen_1.0,0,0.2,1.0,1.0,1.0,1.0,1.0,1.0,0.2,0.8,True,0.6,6.0,30,2,0.9999999999999999
message_routing_v1,routing,moderate_screen_1.0,0,0.2,1.0,1.0,1.0,1.0,1.0,1.0,0.2,0.5,True,0.4,4.0,50,1,0.9999999999999999
message_routing_v1,routing,light_screen_1.0,0,0.2,1.0,1.0,1.0,1.0,1.0,1.0,0.2,0.15,False,,1.0,85,0,0.9999999999999999
message_routing_v1,routing,tight_screen_1.0,1,0.2,1.0,1.0,1.0,1.0,1.0,1.0,0.2,0.8,True,0.6,6.0,30,2,0.9999999999999999
message_routing_v1,routing,moderate_screen_1.0,1,0.2,1.0,0.19000000000000003,0.0,1.0,0.3,0.0,0.0,0.5,True,0.4,4.0,50,1,0.19
message_routing_v1,routing,light_screen_1.0,1,0.2,1.0,1.0,1.0,1.0,1.0,1.0,0.2,0.15,False,,1.0,85,0,0.9999999999999999
message_routing_v1,routing,tight_screen_1.0,2,0.2,1.0,0.9333333333333335,1.0,0.3333333333333333,1.0,1.0,0.2,0.8,True,0.6,6.0,30,2,0.9333333333333332
message_routing_v1,routing,moderate_screen_1.0,2,0.2,1.0,0.9500000000000002,1.0,0.5,1.0,1.0,0.2,0.5,True,0.4,4.0,50,1,0.95
message_routing_v1,routing,light_screen_1.0,2,0.2,1.0,1.0,1.0,1.0,1.0,1.0,0.2,0.15,False,,1.0,85,0,0.9999999999999999
message_routing_v1,routing,tight_screen_1.0,3,0.2,1.0,1.0,1.0,1.0,1.0,1.0,0.2,0.8,True,0.6,6.0,30,2,0.9999999999999999
message_routing_v1,routing,moderate_screen_1.0,3,0.2,1.0,1.0,1.0,1.0,1.0,1.0,0.2,0.5,True,0.4,4.0,50,1,0.9999999999999999
message_routing_v1,routing,light_screen_1.0,3,0.2,1.0,1.0,1.0,1.0,1.0,1.0,0.2,0.15,False,,1.0,85,0,0.9999999999999999
message_routing_v1,routing,tight_screen_1.0,4,0.2,1.0,0.9333333333333335,1.0,0.3333333333333333,1.0,1.0,0.2,0.8,True,0.6,6.0,30,2,0.9333333333333332
message_routing_v1,routing,moderate_screen_1.0,4,0.2,1.0,0.9500000000000002,1.0,0.5,1.0,1.0,0.2,0.5,True,0.4,4.0,50,1,0.95
message_routing_v1,routing,light_screen_1.0,4,0.2,1.0,1.0,1.0,1.0,1.0,1.0,0.2,0.15,False,,1.0,85,0,0.9999999999999999
message_routing_v1,routing,tight_screen_1.0,5,0.2,1.0,1.0,1.0,1.0,1.0,1.0,0.2,0.8,True,0.6,6.0,30,2,0.9999999999999999
message_routing_v1,routing,moderate_screen_1.0,5,0.2,1.0,1.0,1.0,1.0,1.0,1.0,0.2,0.5,True,0.4,4.0,50,1,0.9999999999999999
message_routing_v1,routing,light_screen_1.0,5,0.2,1.0,1.0,1.0,1.0,1.0,1.0,0.2,0.15,False,,1.0,85,0,0.9999999999999999
message_routing_v1,routing,tight_screen_1.0,6,0.2,1.0,1.0,1.0,1.0,1.0,1.0,0.2,0.8,True,0.6,6.0,30,2,0.9999999999999999
message_routing_v1,routing,moderate_screen_1.0,6,0.2,1.0,1.0,1.0,1.0,1.0,1.0,0.2,0.5,True,0.4,4.0,50,1,0.9999999999999999
message_routing_v1,routing,light_screen_1.0,6,0.2,1.0,1.0,1.0,1.0,1.0,1.0,0.2,0.15,False,,1.0,85,0,0.9999999999999999
message_routing_v1,routing,tight_screen_1.0,7,0.2,1.0,0.9500000000000002,1.0,0.5,1.0,1.0,0.2,0.8,True,0.6,6.0,30,2,0.95
message_routing_v1,routing,moderate_screen_1.0,7,0.2,1.0,0.9666666666666668,1.0,0.6666666666666666,1.0,1.0,0.2,0.5,True,0.4,4.0,50,1,0.9666666666666666
message_routing_v1,routing,light_screen_1.0,7,0.2,1.0,1.0,1.0,1.0,1.0,1.0,0.2,0.15,False,,1.0,85,0,0.9999999999999999
message_routing_v1,routing,tight_screen_1.0,8,0.2,1.0,0.14,0.0,0.5,0.3,0.0,0.0,0.8,True,0.6,6.0,30,2,0.14
message_routing_v1,routing,moderate_screen_1.0,8,0.2,1.0,0.9666666666666668,1.0,0.6666666666666666,1.0,1.0,0.2,0.5,True,0.4,4.0,50,1,0.9666666666666666
message_routing_v1,routing,light_screen_1.0,8,0.2,1.0,1.0,1.0,1.0,1.0,1.0,0.2,0.15,False,,1.0,85,0,0.9999999999999999
message_routing_v1,routing,tight_screen_1.0,9,0.2,1.0,1.0,1.0,1.0,1.0,1.0,0.2,0.8,True,0.6,6.0,30,2,0.9999999999999999
message_routing_v1,routing,moderate_screen_1.0,9,0.2,1.0,0.19000000000000003,0.0,1.0,0.3,0.0,0.0,0.5,True,0.4,4.0,50,1,0.19
message_routing_v1,routing,light_screen_1.0,9,0.2,1.0,1.0,1.0,1.0,1.0,1.0,0.2,0.15,False,,1.0,85,0,0.9999999999999999
message_routing_v1,routing,tight_screen_1.0,10,0.2,1.0,0.9600000000000002,1.0,0.6,1.0,1.0,0.2,0.8,True,0.6,6.0,30,2,0.96
message_routing_v1,routing,moderate_screen_1.0,10,0.2,1.0,0.16500000000000004,0.0,0.75,0.3,0.0,0.0,0.5,True,0.4,4.0,50,1,0.165
message_routing_v1,routing,light_screen_1.0,10,0.2,1.0,1.0,1.0,1.0,1.0,1.0,0.2,0.15,False,,1.0,85,0,0.9999999999999999
message_routing_v1,routing,tight_screen_1.0,11,0.2,1.0,1.0,1.0,1.0,1.0,1.0,0.2,0.8,True,0.6,6.0,30,2,0.9999999999999999
message_routing_v1,routing,moderate_screen_1.0,11,0.2,1.0,1.0,1.0,1.0,1.0,1.0,0.2,0.5,True,0.4,4.0,50,1,0.9999999999999999
message_routing_v1,routing,light_screen_1.0,11,0.2,1.0,1.0,1.0,1.0,1.0,1.0,0.2,0.15,False,,1.0,85,0,0.9999999999999999
message_routing_v1,routing,tight_screen_1.0,12,0.2,1.0,0.14,0.0,0.5,0.3,0.0,0.0,0.8,True,0.6,6.0,30,2,0.14
message_routing_v1,routing,moderate_screen_1.0,12,0.2,1.0,0.9666666666666668,1.0,0.6666666666666666,1.0,1.0,0.2,0.5,True,0.4,4.0,50,1,0.9666666666666666
message_routing_v1,routing,light_screen_1.0,12,0.2,1.0,1.0,1.0,1.0,1.0,1.0,0.2,0.15,False,,1.0,85,0,0.9999999999999999
message_routing_v1,routing,tight_screen_1.0,13,0.2,1.0,0.14,0.0,0.5,0.3,0.0,0.0,0.8,True,0.6,6.0,30,2,0.14
message_routing_v1,routing,moderate_screen_1.0,13,0.2,1.0,0.9666666666666668,1.0,0.6666666666666666,1.0,1.0,0.2,0.5,True,0.4,4.0,50,1,0.9666666666666666
message_routing_v1,routing,light_screen_1.0,13,0.2,1.0,1.0,1.0,1.0,1.0,1.0,0.2,0.15,False,,1.0,85,0,0.9999999999999999
message_routing_v1,routing,tight_screen_1.0,14,0.2,1.0,0.14,0.0,0.5,0.3,0.0,0.0,0.8,True,0.6,6.0,30,2,0.14
message_routing_v1,routing,moderate_screen_1.0,14,0.2,1.0,0.15666666666666668,0.0,0.6666666666666666,0.3,0.0,0.0,0.5,True,0.4,4.0,50,1,0.15666666666666668
message_routing_v1,routing,light_screen_1.0,14,0.2,1.0,1.0,1.0,1.0,1.0,1.0,0.2,0.15,False,,1.0,85,0,0.9999999999999999
message_routing_v1,routing,tight_screen_1.0,15,0.2,1.0,1.0,1.0,1.0,1.0,1.0,0.2,0.8,True,0.6,6.0,30,2,0.9999999999999999
message_routing_v1,routing,moderate_screen_1.0,15,0.2,1.0,1.0,1.0,1.0,1.0,1.0,0.2,0.5,True,0.4,4.0,50,1,0.9999999999999999
message_routing_v1,routing,light_screen_1.0,15,0.2,1.0,1.0,1.0,1.0,1.0,1.0,0.2,0.15,False,,1.0,85,0,0.9999999999999999
message_routing_v1,routing,tight_screen_1.0,16,0.2,1.0,0.14,0.0,0.5,0.3,0.0,0.0,0.8,True,0.6,6.0,30,2,0.14
message_routing_v1,routing,moderate_screen_1.0,16,0.2,1.0,0.9666666666666668,1.0,0.6666666666666666,1.0,1.0,0.2,0.5,True,0.4,4.0,50,1,0.9666666666666666
message_routing_v1,routing,light_screen_1.0,16,0.2,1.0,1.0,1.0,1.0,1.0,1.0,0.2,0.15,False,,1.0,85,0,0.9999999999999999
message_routing_v1,routing,tight_screen_1.0,17,0.2,1.0,0.9333333333333335,1.0,0.3333333333333333,1.0,1.0,0.2,0.8,True,0.6,6.0,30,2,0.9333333333333332
message_routing_v1,routing,moderate_screen_1.0,17,0.2,1.0,0.9500000000000002,1.0,0.5,1.0,1.0,0.2,0.5,True,0.4,4.0,50,1,0.95
message_routing_v1,routing,light_screen_1.0,17,0.2,1.0,1.0,1.0,1.0,1.0,1.0,0.2,0.15,False,,1.0,85,0,0.9999999999999999
message_routing_v1,routing,tight_screen_1.0,18,0.2,1.0,0.9500000000000002,1.0,0.5,1.0,1.0,0.2,0.8,True,0.6,6.0,30,2,0.95
message_routing_v1,routing,moderate_screen_1.0,18,0.2,1.0,0.9666666666666668,1.0,0.6666666666666666,1.0,1.0,0.2,0.5,True,0.4,4.0,50,1,0.9666666666666666
message_routing_v1,routing,light_screen_1.0,18,0.2,1.0,1.0,1.0,1.0,1.0,1.0,0.2,0.15,False,,1.0,85,0,0.9999999999999999
message_routing_v1,routing,tight_screen_1.0,19,0.2,1.0,0.9600000000000002,1.0,0.6,1.0,1.0,0.2,0.8,True,0.6,6.0,30,2,0.96
message_routing_v1,routing,moderate_screen_1.0,19,0.2,1.0,0.16500000000000004,0.0,0.75,0.3,0.0,0.0,0.5,True,0.4,4.0,50,1,0.165
message_routing_v1,routing,light_screen_1.0,19,0.2,1.0,1.0,1.0,1.0,1.0,1.0,0.2,0.15,False,,1.0,85,0,0.9999999999999999
message_routing_v1,routing,tight_screen_1.0,20,0.2,1.0,0.9600000000000002,1.0,0.6,1.0,1.0,0.2,0.8,True,0.6,6.0,30,2,0.96
message_routing_v1,routing,moderate_screen_1.0,20,0.2,1.0,0.16500000000000004,0.0,0.75,0.3,0.0,0.0,0.5,True,0.4,4.0,50,1,0.165
message_routing_v1,routing,light_screen_1.0,20,0.2,1.0,1.0,1.0,1.0,1.0,1.0,0.2,0.15,False,,1.0,85,0,0.9999999999999999
message_routing_v1,routing,tight_screen_1.0,21,0.2,1.0,0.942857142857143,1.0,0.42857142857142855,1.0,1.0,0.2,0.8,True,0.6,6.0,30,2,0.9428571428571427
message_routing_v1,routing,moderate_screen_1.0,21,0.2,1.0,0.15000000000000002,0.0,0.6,0.3,0.0,0.0,0.5,True,0.4,4.0,50,1,0.15
message_routing_v1,routing,light_screen_1.0,21,0.2,1.0,0.19000000000000003,0.0,1.0,0.3,0.0,0.0,0.15,False,,1.0,85,0,0.19
message_routing_v1,routing,tight_screen_1.0,22,0.2,1.0,0.942857142857143,1.0,0.42857142857142855,1.0,1.0,0.2,0.8,True,0.6,6.0,30,2,0.9428571428571427
message_routing_v1,routing,moderate_screen_1.0,22,0.2,1.0,0.15000000000000002,0.0,0.6,0.3,0.0,0.0,0.5,True,0.4,4.0,50,1,0.15
message_routing_v1,routing,light_screen_1.0,22,0.2,1.0,1.0,1.0,1.0,1.0,1.0,0.2,0.15,False,,1.0,85,0,0.9999999999999999
message_routing_v1,routing,tight_screen_1.0,23,0.2,1.0,1.0,1.0,1.0,1.0,1.0,0.2,0.8,True,0.6,6.0,30,2,0.9999999999999999
message_routing_v1,routing,moderate_screen_1.0,23,0.2,1.0,0.19000000000000003,0.0,1.0,0.3,0.0,0.0,0.5,True,0.4,4.0,50,1,0.19
message_routing_v1,routing,light_screen_1.0,23,0.2,1.0,1.0,1.0,1.0,1.0,1.0,0.2,0.15,False,,1.0,85,0,0.9999999999999999
message_routing_v1,routing,tight_screen_1.0,24,0.2,1.0,0.15000000000000002,0.0,0.6,0.3,0.0,0.0,0.8,True,0.6,6.0,30,2,0.15
message_routing_v1,routing,moderate_screen_1.0,24,0.2,1.0,0.9750000000000001,1.0,0.75,1.0,1.0,0.2,0.5,True,0.4,4.0,50,1,0.9749999999999999
message_routing_v1,routing,light_screen_1.0,24,0.2,1.0,1.0,1.0,1.0,1.0,1.0,0.2,0.15,False,,1.0,85,0,0.9999999999999999
message_routing_v1,routing,tight_screen_1.0,25,0.2,1.0,0.14,0.0,0.5,0.3,0.0,0.0,0.8,True,0.6,6.0,30,2,0.14
message_routing_v1,routing,moderate_screen_1.0,25,0.2,1.0,0.15666666666666668,0.0,0.6666666666666666,0.3,0.0,0.0,0.5,True,0.4,4.0,50,1,0.15666666666666668
message_routing_v1,routing,light_screen_1.0,25,0.2,1.0,0.19000000000000003,0.0,1.0,0.3,0.0,0.0,0.15,False,,1.0,85,0,0.19
message_routing_v1,routing,tight_screen_1.0,26,0.2,1.0,1.0,1.0,1.0,1.0,1.0,0.2,0.8,True,0.6,6.0,30,2,0.9999999999999999
message_routing_v1,routing,moderate_screen_1.0,26,0.2,1.0,1.0,1.0,1.0,1.0,1.0,0.2,0.5,True,0.4,4.0,50,1,0.9999999999999999
message_routing_v1,routing,light_screen_1.0,26,0.2,1.0,1.0,1.0,1.0,1.0,1.0,0.2,0.15,False,,1.0,85,0,0.9999999999999999
message_routing_v1,routing,tight_screen_1.0,27,0.2,1.0,0.9333333333333335,1.0,0.3333333333333333,1.0,1.0,0.2,0.8,True,0.6,6.0,30,2,0.9333333333333332
message_routing_v1,routing,moderate_screen_1.0,27,0.2,1.0,0.9500000000000002,1.0,0.5,1.0,1.0,0.2,0.5,True,0.4,4.0,50,1,0.95
message_routing_v1,routing,light_screen_1.0,27,0.2,1.0,1.0,1.0,1.0,1.0,1.0,0.2,0.15,False,,1.0,85,0,0.9999999999999999
message_routing_v1,routing,tight_screen_1.0,28,0.2,1.0,0.9600000000000002,1.0,0.6,1.0,1.0,0.2,0.8,True,0.6,6.0,30,2,0.96
message_routing_v1,routing,moderate_screen_1.0,28,0.2,1.0,0.9600000000000002,1.0,0.6,1.0,1.0,0.2,0.5,True,0.4,4.0,50,1,0.96
message_routing_v1,routing,light_screen_1.0,28,0.2,1.0,1.0,1.0,1.0,1.0,1.0,0.2,0.15,False,,1.0,85,0,0.9999999999999999
message_routing_v1,routing,tight_screen_1.0,29,0.2,1.0,1.0,1.0,1.0,1.0,1.0,0.2,0.8,True,0.6,6.0,30,2,0.9999999999999999
message_routing_v1,routing,moderate_screen_1.0,29,0.2,1.0,1.0,1.0,1.0,1.0,1.0,0.2,0.5,True,0.4,4.0,50,1,0.9999999999999999
message_routing_v1,routing,light_screen_1.0,29,0.2,1.0,1.0,1.0,1.0,1.0,1.0,0.2,0.15,False,,1.0,85,0,0.9999999999999999
