able_rate,bond,default_rate,gift,involuntary_default_rate,mean_borrower_mana,mean_lender_loss,n,principal_sigma,rho,rho_star,strategic_default_rate,total_lender_loss,w_rep
0.4,0.0,1.0,0.0,0.6,5150.19869705177,5150.0,200,0.0,0.0,1.0,0.4,1030000.0,0.0
1.0,0.0,1.0,5010.0,0.0,10160.198697051768,5150.0,200,0.0,0.0,1.0,1.0,1030000.0,0.0
0.4,0.0,1.0,0.0,0.6,5150.19869705177,5150.0,200,0.0,0.1,1.0,0.4,1030000.0,0.0
1.0,0.0,1.0,5010.0,0.0,10160.198697051768,5150.0,200,0.0,0.1,1.0,1.0,1030000.0,0.0
0.4,0.0,1.0,0.0,0.6,5150.19869705177,5150.0,200,0.0,0.2,1.0,0.4,1030000.0,0.0
1.0,0.0,1.0,5010.0,0.0,10160.198697051768,5150.0,200,0.0,0.2,1.0,1.0,1030000.0,0.0
0.4,0.0,1.0,0.0,0.6,5150.19869705177,5150.0,200,0.0,0.3,1.0,0.4,1030000.0,0.0
1.0,0.0,1.0,5010.0,0.0,10160.198697051768,5150.0,200,0.0,0.3,1.0,1.0,1030000.0,0.0
0.4,0.0,1.0,0.0,0.6,5150.19869705177,5150.0,200,0.0,0.4,1.0,0.4,1030000.0,0.0
1.0,0.0,1.0,5010.0,0.0,10160.198697051768,5150.0,200,0.0,0.4,1.0,1.0,1030000.0,0.0
0.4,0.0,1.0,0.0,0.6,5150.19869705177,5150.0,200,0.0,0.5,1.0,0.4,1030000.0,0.0
1.0,0.0,1.0,5010.0,0.0,10160.198697051768,5150.0,200,0.0,0.5,1.0,1.0,1030000.0,0.0
0.4,0.0,1.0,0.0,0.6,5150.19869705177,5150.0,200,0.0,0.6,1.0,0.4,1030000.0,0.0
1.0,0.0,1.0,5010.0,0.0,10160.198697051768,5150.0,200,0.0,0.6,1.0,1.0,1030000.0,0.0
0.4,0.0,1.0,0.0,0.6,5150.19869705177,5150.0,200,0.0,0.7,1.0,0.4,1030000.0,0.0
1.0,0.0,1.0,5010.0,0.0,10160.198697051768,5150.0,200,0.0,0.7,1.0,1.0,1030000.0,0.0
0.4,0.0,1.0,0.0,0.6,5150.19869705177,5150.0,200,0.0,0.8,1.0,0.4,1030000.0,0.0
1.0,0.0,1.0,5010.0,0.0,10160.198697051768,5150.0,200,0.0,0.8,1.0,1.0,1030000.0,0.0
0.4,0.0,1.0,0.0,0.6,5150.19869705177,5150.0,200,0.0,0.9,1.0,0.4,1030000.0,0.0
1.0,0.0,1.0,5010.0,0.0,10160.198697051768,5150.0,200,0.0,0.9,1.0,1.0,1030000.0,0.0
0.4,0.0,0.6,0.0,0.6,993.6905929091561,993.4918958573858,200,0.0,1.0,1.0,0.0,198698.37917147717,0.0
1.0,0.0,0.0,5010.0,0.0,5010.19869705177,0.0,200,0.0,1.0,1.0,0.0,0.0,0.0
0.4,0.0,1.0,0.0,0.6,5150.19869705177,5150.0,200,0.0,0.0,0.9029126213592233,0.4,1030000.0,500.0
1.0,0.0,1.0,5010.0,0.0,10160.198697051768,5150.0,200,0.0,0.0,0.9029126213592233,1.0,1030000.0,500.0
0.4,0.0,1.0,0.0,0.6,5150.19869705177,5150.0,200,0.0,0.1,0.9029126213592233,0.4,1030000.0,500.0
1.0,0.0,1.0,5010.0,0.0,10160.198697051768,5150.0,200,0.0,0.1,0.9029126213592233,1.0,1030000.0,500.0
0.4,0.0,1.0,0.0,0.6,5150.19869705177,5150.0,200,0.0,0.2,0.9029126213592233,0.4,1030000.0,500.0
1.0,0.0,1.0,5010.0,0.0,10160.198697051768,5150.0,200,0.0,0.2,0.9029126213592233,1.0,1030000.0,500.0
0.4,0.0,1.0,0.0,0.6,5150.19869705177,5150.0,200,0.0,0.3,0.9029126213592233,0.4,1030000.0,500.0
1.0,0.0,1.0,5010.0,0.0,10160.198697051768,5150.0,200,0.0,0.3,0.9029126213592233,1.0,1030000.0,500.0
0.4,0.0,1.0,0.0,0.6,5150.19869705177,5150.0,200,0.0,0.4,0.9029126213592233,0.4,1030000.0,500.0
1.0,0.0,1.0,5010.0,0.0,10160.198697051768,5150.0,200,0.0,0.4,0.9029126213592233,1.0,1030000.0,500.0
0.4,0.0,1.0,0.0,0.6,5150.19869705177,5150.0,200,0.0,0.5,0.9029126213592233,0.4,1030000.0,500.0
1.0,0.0,1.0,5010.0,0.0,10160.198697051768,5150.0,200,0.0,0.5,0.9029126213592233,1.0,1030000.0,500.0
0.4,0.0,1.0,0.0,0.6,5150.19869705177,5150.0,200,0.0,0.6,0.9029126213592233,0.4,1030000.0,500.0
1.0,0.0,1.0,5010.0,0.0,10160.198697051768,5150.0,200,0.0,0.6,0.9029126213592233,1.0,1030000.0,500.0
0.4,0.0,1.0,0.0,0.6,5150.19869705177,5150.0,200,0.0,0.7,0.9029126213592233,0.4,1030000.0,500.0
1.0,0.0,1.0,5010.0,0.0,10160.198697051768,5150.0,200,0.0,0.7,0.9029126213592233,1.0,1030000.0,500.0
0.4,0.0,1.0,0.0,0.6,5150.19869705177,5150.0,200,0.0,0.8,0.9029126213592233,0.4,1030000.0,500.0
1.0,0.0,1.0,5010.0,0.0,10160.198697051768,5150.0,200,0.0,0.8,0.9029126213592233,1.0,1030000.0,500.0
0.4,0.0,1.0,0.0,0.6,5150.19869705177,5150.0,200,0.0,0.9,0.9029126213592233,0.4,1030000.0,500.0
1.0,0.0,1.0,5010.0,0.0,10160.198697051768,5150.0,200,0.0,0.9,0.9029126213592233,1.0,1030000.0,500.0
0.4,0.0,0.6,0.0,0.6,993.6905929091561,993.4918958573858,200,0.0,1.0,0.9029126213592233,0.0,198698.37917147717,500.0
1.0,0.0,0.0,5010.0,0.0,5010.19869705177,0.0,200,0.0,1.0,0.9029126213592233,0.0,0.0,500.0
0.4,0.0,1.0,0.0,0.6,5150.19869705177,5150.0,200,0.0,0.0,0.8058252427184466,0.4,1030000.0,1000.0
1.0,0.0,1.0,5010.0,0.0,10160.198697051768,5150.0,200,0.0,0.0,0.8058252427184466,1.0,1030000.0,1000.0
0.4,0.0,1.0,0.0,0.6,5150.19869705177,5150.0,200,0.0,0.1,0.8058252427184466,0.4,1030000.0,1000.0
1.0,0.0,1.0,5010.0,0.0,10160.198697051768,5150.0,200,0.0,0.1,0.8058252427184466,1.0,1030000.0,1000.0
0.4,0.0,1.0,0.0,0.6,5150.19869705177,5150.0,200,0.0,0.2,0.8058252427184466,0.4,1030000.0,1000.0
1.0,0.0,1.0,5010.0,0.0,10160.198697051768,5150.0,200,0.0,0.2,0.8058252427184466,1.0,1030000.0,1000.0
0.4,0.0,1.0,0.0,0.6,5150.19869705177,5150.0,200,0.0,0.3,0.8058252427184466,0.4,1030000.0,1000.0
1.0,0.0,1.0,5010.0,0.0,10160.198697051768,5150.0,200,0.0,0.3,0.8058252427184466,1.0,1030000.0,1000.0
0.4,0.0,1.0,0.0,0.6,5150.19869705177,5150.0,200,0.0,0.4,0.8058252427184466,0.4,1030000.0,1000.0
1.0,0.0,1.0,5010.0,0.0,10160.198697051768,5150.0,200,0.0,0.4,0.8058252427184466,1.0,1030000.0,1000.0
0.4,0.0,1.0,0.0,0.6,5150.19869705177,5150.0,200,0.0,0.5,0.8058252427184466,0.4,1030000.0,1000.0
1.0,0.0,1.0,5010.0,0.0,10160.198697051768,5150.0,200,0.0,0.5,0.8058252427184466,1.0,1030000.0,1000.0
0.4,0.0,1.0,0.0,0.6,5150.19869705177,5150.0,200,0.0,0.6,0.8058252427184466,0.4,1030000.0,1000.0
1.0,0.0,1.0,5010.0,0.0,10160.198697051768,5150.0,200,0.0,0.6,0.8058252427184466,1.0,1030000.0,1000.0
0.4,0.0,1.0,0.0,0.6,5150.19869705177,5150.0,200,0.0,0.7,0.8058252427184466,0.4,1030000.0,1000.0
1.0,0.0,1.0,5010.0,0.0,10160.198697051768,5150.0,200,0.0,0.7,0.8058252427184466,1.0,1030000.0,1000.0
0.4,0.0,1.0,0.0,0.6,5150.19869705177,5150.0,200,0.0,0.8,0.8058252427184466,0.4,1030000.0,1000.0
1.0,0.0,1.0,5010.0,0.0,10160.198697051768,5150.0,200,0.0,0.8,0.8058252427184466,1.0,1030000.0,1000.0
0.4,0.0,0.6,0.0,0.6,3090.19869705177,3090.0,200,0.0,0.9,0.8058252427184466,0.0,618000.0,1000.0
1.0,0.0,0.0,5010.0,0.0,5010.19869705177,0.0,200,0.0,0.9,0.8058252427184466,0.0,0.0,1000.0
0.4,0.0,0.6,0.0,0.6,993.6905929091561,993.4918958573858,200,0.0,1.0,0.8058252427184466,0.0,198698.37917147717,1000.0
1.0,0.0,0.0,5010.0,0.0,5010.19869705177,0.0,200,0.0,1.0,0.8058252427184466,0.0,0.0,1000.0
0.4,0.0,1.0,0.0,0.6,5150.19869705177,5150.0,200,0.0,0.0,0.5145631067961165,0.4,1030000.0,2500.0
1.0,0.0,1.0,5010.0,0.0,10160.198697051768,5150.0,200,0.0,0.0,0.5145631067961165,1.0,1030000.0,2500.0
0.4,0.0,1.0,0.0,0.6,5150.19869705177,5150.0,200,0.0,0.1,0.5145631067961165,0.4,1030000.0,2500.0
1.0,0.0,1.0,5010.0,0.0,10160.198697051768,5150.0,200,0.0,0.1,0.5145631067961165,1.0,1030000.0,2500.0
0.4,0.0,1.0,0.0,0.6,5150.19869705177,5150.0,200,0.0,0.2,0.5145631067961165,0.4,1030000.0,2500.0
1.0,0.0,1.0,5010.0,0.0,10160.198697051768,5150.0,200,0.0,0.2,0.5145631067961165,1.0,1030000.0,2500.0
0.4,0.0,1.0,0.0,0.6,5150.19869705177,5150.0,200,0.0,0.3,0.5145631067961165,0.4,1030000.0,2500.0
1.0,0.0,1.0,5010.0,0.0,10160.198697051768,5150.0,200,0.0,0.3,0.5145631067961165,1.0,1030000.0,2500.0
0.4,0.0,1.0,0.0,0.6,5150.19869705177,5150.0,200,0.0,0.4,0.5145631067961165,0.4,1030000.0,2500.0
1.0,0.0,1.0,5010.0,0.0,10160.198697051768,5150.0,200,0.0,0.4,0.5145631067961165,1.0,1030000.0,2500.0
0.4,0.0,1.0,0.0,0.6,5150.19869705177,5150.0,200,0.0,0.5,0.5145631067961165,0.4,1030000.0,2500.0
1.0,0.0,1.0,5010.0,0.0,10160.198697051768,5150.0,200,0.0,0.5,0.5145631067961165,1.0,1030000.0,2500.0
0.4,0.0,0.6,0.0,0.6,3090.19869705177,3090.0,200,0.0,0.6,0.5145631067961165,0.0,618000.0,2500.0
1.0,0.0,0.0,5010.0,0.0,5010.19869705177,0.0,200,0.0,0.6,0.5145631067961165,0.0,0.0,2500.0
0.4,0.0,0.6,0.0,0.6,3090.19869705177,3090.0,200,0.0,0.7,0.5145631067961165,0.0,618000.0,2500.0
1.0,0.0,0.0,5010.0,0.0,5010.19869705177,0.0,200,0.0,0.7,0.5145631067961165,0.0,0.0,2500.0
0.4,0.0,0.6,0.0,0.6,3090.19869705177,3090.0,200,0.0,0.8,0.5145631067961165,0.0,618000.0,2500.0
1.0,0.0,0.0,5010.0,0.0,5010.19869705177,0.0,200,0.0,0.8,0.5145631067961165,0.0,0.0,2500.0
0.4,0.0,0.6,0.0,0.6,3090.19869705177,3090.0,200,0.0,0.9,0.5145631067961165,0.0,618000.0,2500.0
1.0,0.0,0.0,5010.0,0.0,5010.19869705177,0.0,200,0.0,0.9,0.5145631067961165,0.0,0.0,2500.0
0.4,0.0,0.6,0.0,0.6,993.6905929091561,993.4918958573858,200,0.0,1.0,0.5145631067961165,0.0,198698.37917147717,2500.0
1.0,0.0,0.0,5010.0,0.0,5010.19869705177,0.0,200,0.0,1.0,0.5145631067961165,0.0,0.0,2500.0
0.4,0.0,1.0,0.0,0.6,5150.19869705177,5150.0,200,0.0,0.0,0.029126213592232997,0.4,1030000.0,5000.0
1.0,0.0,1.0,5010.0,0.0,10160.198697051768,5150.0,200,0.0,0.0,0.029126213592232997,1.0,1030000.0,5000.0
0.4,0.0,0.6,0.0,0.6,3090.19869705177,3090.0,200,0.0,0.1,0.029126213592232997,0.0,618000.0,5000.0
1.0,0.0,0.0,5010.0,0.0,5010.19869705177,0.0,200,0.0,0.1,0.029126213592232997,0.0,0.0,5000.0
0.4,0.0,0.6,0.0,0.6,3090.19869705177,3090.0,200,0.0,0.2,0.029126213592232997,0.0,618000.0,5000.0
1.0,0.0,0.0,5010.0,0.0,5010.19869705177,0.0,200,0.0,0.2,0.029126213592232997,0.0,0.0,5000.0
0.4,0.0,0.6,0.0,0.6,3090.19869705177,3090.0,200,0.0,0.3,0.029126213592232997,0.0,618000.0,5000.0
1.0,0.0,0.0,5010.0,0.0,5010.19869705177,0.0,200,0.0,0.3,0.029126213592232997,0.0,0.0,5000.0
0.4,0.0,0.6,0.0,0.6,3090.19869705177,3090.0,200,0.0,0.4,0.029126213592232997,0.0,618000.0,5000.0
1.0,0.0,0.0,5010.0,0.0,5010.19869705177,0.0,200,0.0,0.4,0.029126213592232997,0.0,0.0,5000.0
0.4,0.0,0.6,0.0,0.6,3090.19869705177,3090.0,200,0.0,0.5,0.029126213592232997,0.0,618000.0,5000.0
1.0,0.0,0.0,5010.0,0.0,5010.19869705177,0.0,200,0.0,0.5,0.029126213592232997,0.0,0.0,5000.0
0.4,0.0,0.6,0.0,0.6,3090.19869705177,3090.0,200,0.0,0.6,0.029126213592232997,0.0,618000.0,5000.0
1.0,0.0,0.0,5010.0,0.0,5010.19869705177,0.0,200,0.0,0.6,0.029126213592232997,0.0,0.0,5000.0
0.4,0.0,0.6,0.0,0.6,3090.19869705177,3090.0,200,0.0,0.7,0.029126213592232997,0.0,618000.0,5000.0
1.0,0.0,0.0,5010.0,0.0,5010.19869705177,0.0,200,0.0,0.7,0.029126213592232997,0.0,0.0,5000.0
0.4,0.0,0.6,0.0,0.6,3090.19869705177,3090.0,200,0.0,0.8,0.029126213592232997,0.0,618000.0,5000.0
1.0,0.0,0.0,5010.0,0.0,5010.19869705177,0.0,200,0.0,0.8,0.029126213592232997,0.0,0.0,5000.0
0.4,0.0,0.6,0.0,0.6,3090.19869705177,3090.0,200,0.0,0.9,0.029126213592232997,0.0,618000.0,5000.0
1.0,0.0,0.0,5010.0,0.0,5010.19869705177,0.0,200,0.0,0.9,0.029126213592232997,0.0,0.0,5000.0
0.4,0.0,0.6,0.0,0.6,993.6905929091561,993.4918958573858,200,0.0,1.0,0.029126213592232997,0.0,198698.37917147717,5000.0
1.0,0.0,0.0,5010.0,0.0,5010.19869705177,0.0,200,0.0,1.0,0.029126213592232997,0.0,0.0,5000.0
0.4,2500.0,1.0,0.0,0.6,5179.073973593896,2678.8752765421254,200,0.0,0.0,1.0,0.4,535775.0553084251,0.0
1.0,2500.0,1.0,5010.0,0.0,10160.198697051768,2650.0,200,0.0,0.0,1.0,1.0,530000.0,0.0
0.4,2500.0,1.0,0.0,0.6,5179.073973593896,2678.8752765421254,200,0.0,0.1,1.0,0.4,535775.0553084251,0.0
1.0,2500.0,1.0,5010.0,0.0,10160.198697051768,2650.0,200,0.0,0.1,1.0,1.0,530000.0,0.0
0.4,2500.0,1.0,0.0,0.6,5179.073973593896,2678.8752765421254,200,0.0,0.2,1.0,0.4,535775.0553084251,0.0
1.0,2500.0,1.0,5010.0,0.0,10160.198697051768,2650.0,200,0.0,0.2,1.0,1.0,530000.0,0.0
0.4,2500.0,1.0,0.0,0.6,5179.073973593896,2678.8752765421254,200,0.0,0.3,1.0,0.4,535775.0553084251,0.0
1.0,2500.0,1.0,5010.0,0.0,10160.198697051768,2650.0,200,0.0,0.3,1.0,1.0,530000.0,0.0
0.4,2500.0,1.0,0.0,0.6,5179.073973593896,2678.8752765421254,200,0.0,0.4,1.0,0.4,535775.0553084251,0.0
1.0,2500.0,1.0,5010.0,0.0,10160.198697051768,2650.0,200,0.0,0.4,1.0,1.0,530000.0,0.0
0.4,2500.0,1.0,0.0,0.6,5179.073973593896,2678.8752765421254,200,0.0,0.5,1.0,0.4,535775.0553084251,0.0
1.0,2500.0,1.0,5010.0,0.0,10160.198697051768,2650.0,200,0.0,0.5,1.0,1.0,530000.0,0.0
0.4,2500.0,1.0,0.0,0.6,5179.073973593896,2678.8752765421254,200,0.0,0.6,1.0,0.4,535775.0553084251,0.0
1.0,2500.0,1.0,5010.0,0.0,10160.198697051768,2650.0,200,0.0,0.6,1.0,1.0,530000.0,0.0
0.4,2500.0,1.0,0.0,0.6,5179.073973593896,2678.8752765421254,200,0.0,0.7,1.0,0.4,535775.0553084251,0.0
1.0,2500.0,1.0,5010.0,0.0,10160.198697051768,2650.0,200,0.0,0.7,1.0,1.0,530000.0,0.0
0.4,2500.0,1.0,0.0,0.6,5179.073973593896,2678.8752765421254,200,0.0,0.8,1.0,0.4,535775.0553084251,0.0
1.0,2500.0,1.0,5010.0,0.0,10160.198697051768,2650.0,200,0.0,0.8,1.0,1.0,530000.0,0.0
0.4,2500.0,1.0,0.0,0.6,5179.073973593896,2678.8752765421254,200,0.0,0.9,1.0,0.4,535775.0553084251,0.0
1.0,2500.0,1.0,5010.0,0.0,10160.198697051768,2650.0,200,0.0,0.9,1.0,1.0,530000.0,0.0
0.4,2500.0,0.6,0.0,0.6,3493.6905929091563,993.4918958573858,200,0.0,1.0,1.0,0.0,198698.37917147717,0.0
1.0,2500.0,0.0,5010.0,0.0,7510.19869705177,0.0,200,0.0,1.0,1.0,0.0,0.0,0.0
0.4,2500.0,1.0,0.0,0.6,5179.073973593896,2678.8752765421254,200,0.0,0.0,0.8113207547169812,0.4,535775.0553084251,500.0
1.0,2500.0,1.0,5010.0,0.0,10160.198697051768,2650.0,200,0.0,0.0,0.8113207547169812,1.0,530000.0,500.0
0.4,2500.0,1.0,0.0,0.6,5179.073973593896,2678.8752765421254,200,0.0,0.1,0.8113207547169812,0.4,535775.0553084251,500.0
1.0,2500.0,1.0,5010.0,0.0,10160.198697051768,2650.0,200,0.0,0.1,0.8113207547169812,1.0,530000.0,500.0
0.4,2500.0,1.0,0.0,0.6,5179.073973593896,2678.8752765421254,200,0.0,0.2,0.8113207547169812,0.4,535775.0553084251,500.0
1.0,2500.0,1.0,5010.0,0.0,10160.198697051768,2650.0,200,0.0,0.2,0.8113207547169812,1.0,530000.0,500.0
0.4,2500.0,1.0,0.0,0.6,5179.073973593896,2678.8752765421254,200,0.0,0.3,0.8113207547169812,0.4,535775.0553084251,500.0
1.0,2500.0,1.0,5010.0,0.0,10160.198697051768,2650.0,200,0.0,0.3,0.8113207547169812,1.0,530000.0,500.0
0.4,2500.0,1.0,0.0,0.6,5179.073973593896,2678.8752765421254,200,0.0,0.4,0.8113207547169812,0.4,535775.0553084251,500.0
1.0,2500.0,1.0,5010.0,0.0,10160.198697051768,2650.0,200,0.0,0.4,0.8113207547169812,1.0,530000.0,500.0
0.4,2500.0,1.0,0.0,0.6,5179.073973593896,2678.8752765421254,200,0.0,0.5,0.8113207547169812,0.4,535775.0553084251,500.0
1.0,2500.0,1.0,5010.0,0.0,10160.198697051768,2650.0,200,0.0,0.5,0.8113207547169812,1.0,530000.0,500.0
0.4,2500.0,1.0,0.0,0.6,5179.073973593896,2678.8752765421254,200,0.0,0.6,0.8113207547169812,0.4,535775.0553084251,500.0
1.0,2500.0,1.0,5010.0,0.0,10160.198697051768,2650.0,200,0.0,0.6,0.8113207547169812,1.0,530000.0,500.0
0.4,2500.0,1.0,0.0,0.6,5179.073973593896,2678.8752765421254,200,0.0,0.7,0.8113207547169812,0.4,535775.0553084251,500.0
1.0,2500.0,1.0,5010.0,0.0,10160.198697051768,2650.0,200,0.0,0.7,0.8113207547169812,1.0,530000.0,500.0
0.4,2500.0,1.0,0.0,0.6,5179.073973593896,2678.8752765421254,200,0.0,0.8,0.8113207547169812,0.4,535775.0553084251,500.0
1.0,2500.0,1.0,5010.0,0.0,10160.198697051768,2650.0,200,0.0,0.8,0.8113207547169812,1.0,530000.0,500.0
0.4,2500.0,0.6,0.0,0.6,4119.073973593896,1618.8752765421254,200,0.0,0.9,0.8113207547169812,0.0,323775.0553084251,500.0
1.0,2500.0,0.0,5010.0,0.0,7510.19869705177,0.0,200,0.0,0.9,0.8113207547169812,0.0,0.0,500.0
0.4,2500.0,0.6,0.0,0.6,3493.6905929091563,993.4918958573858,200,0.0,1.0,0.8113207547169812,0.0,198698.37917147717,500.0
1.0,2500.0,0.0,5010.0,0.0,7510.19869705177,0.0,200,0.0,1.0,0.8113207547169812,0.0,0.0,500.0
0.4,2500.0,1.0,0.0,0.6,5179.073973593896,2678.8752765421254,200,0.0,0.0,0.6226415094339622,0.4,535775.0553084251,1000.0
1.0,2500.0,1.0,5010.0,0.0,10160.198697051768,2650.0,200,0.0,0.0,0.6226415094339622,1.0,530000.0,1000.0
0.4,2500.0,1.0,0.0,0.6,5179.073973593896,2678.8752765421254,200,0.0,0.1,0.6226415094339622,0.4,535775.0553084251,1000.0
1.0,2500.0,1.0,5010.0,0.0,10160.198697051768,2650.0,200,0.0,0.1,0.6226415094339622,1.0,530000.0,1000.0
0.4,2500.0,1.0,0.0,0.6,5179.073973593896,2678.8752765421254,200,0.0,0.2,0.6226415094339622,0.4,535775.0553084251,1000.0
1.0,2500.0,1.0,5010.0,0.0,10160.198697051768,2650.0,200,0.0,0.2,0.6226415094339622,1.0,530000.0,1000.0
0.4,2500.0,1.0,0.0,0.6,5179.073973593896,2678.8752765421254,200,0.0,0.3,0.6226415094339622,0.4,535775.0553084251,1000.0
1.0,2500.0,1.0,5010.0,0.0,10160.198697051768,2650.0,200,0.0,0.3,0.6226415094339622,1.0,530000.0,1000.0
0.4,2500.0,1.0,0.0,0.6,5179.073973593896,2678.8752765421254,200,0.0,0.4,0.6226415094339622,0.4,535775.0553084251,1000.0
1.0,2500.0,1.0,5010.0,0.0,10160.198697051768,2650.0,200,0.0,0.4,0.6226415094339622,1.0,530000.0,1000.0
0.4,2500.0,1.0,0.0,0.6,5179.073973593896,2678.8752765421254,200,0.0,0.5,0.6226415094339622,0.4,535775.0553084251,1000.0
1.0,2500.0,1.0,5010.0,0.0,10160.198697051768,2650.0,200,0.0,0.5,0.6226415094339622,1.0,530000.0,1000.0
0.4,2500.0,1.0,0.0,0.6,5179.073973593896,2678.8752765421254,200,0.0,0.6,0.6226415094339622,0.4,535775.0553084251,1000.0
1.0,2500.0,1.0,5010.0,0.0,10160.198697051768,2650.0,200,0.0,0.6,0.6226415094339622,1.0,530000.0,1000.0
0.4,2500.0,0.6,0.0,0.6,4119.073973593896,1618.8752765421254,200,0.0,0.7,0.6226415094339622,0.0,323775.0553084251,1000.0
1.0,2500.0,0.0,5010.0,0.0,7510.19869705177,0.0,200,0.0,0.7,0.6226415094339622,0.0,0.0,1000.0
0.4,2500.0,0.6,0.0,0.6,4119.073973593896,1618.8752765421254,200,0.0,0.8,0.6226415094339622,0.0,323775.0553084251,1000.0
1.0,2500.0,0.0,5010.0,0.0,7510.19869705177,0.0,200,0.0,0.8,0.6226415094339622,0.0,0.0,1000.0
0.4,2500.0,0.6,0.0,0.6,4119.073973593896,1618.8752765421254,200,0.0,0.9,0.6226415094339622,0.0,323775.0553084251,1000.0
1.0,2500.0,0.0,5010.0,0.0,7510.19869705177,0.0,200,0.0,0.9,0.6226415094339622,0.0,0.0,1000.0
0.4,2500.0,0.6,0.0,0.6,3493.6905929091563,993.4918958573858,200,0.0,1.0,0.6226415094339622,0.0,198698.37917147717,1000.0
1.0,2500.0,0.0,5010.0,0.0,7510.19869705177,0.0,200,0.0,1.0,0.6226415094339622,0.0,0.0,1000.0
0.4,2500.0,1.0,0.0,0.6,5179.073973593896,2678.8752765421254,200,0.0,0.0,0.05660377358490565,0.4,535775.0553084251,2500.0
1.0,2500.0,1.0,5010.0,0.0,10160.198697051768,2650.0,200,0.0,0.0,0.05660377358490565,1.0,530000.0,2500.0
0.4,2500.0,0.6,0.0,0.6,4119.073973593896,1618.8752765421254,200,0.0,0.1,0.05660377358490565,0.0,323775.0553084251,2500.0
1.0,2500.0,0.0,5010.0,0.0,7510.19869705177,0.0,200,0.0,0.1,0.05660377358490565,0.0,0.0,2500.0
0.4,2500.0,0.6,0.0,0.6,4119.073973593896,1618.8752765421254,200,0.0,0.2,0.05660377358490565,0.0,323775.0553084251,2500.0
1.0,2500.0,0.0,5010.0,0.0,7510.19869705177,0.0,200,0.0,0.2,0.05660377358490565,0.0,0.0,2500.0
0.4,2500.0,0.6,0.0,0.6,4119.073973593896,1618.8752765421254,200,0.0,0.3,0.05660377358490565,0.0,323775.0553084251,2500.0
1.0,2500.0,0.0,5010.0,0.0,7510.19869705177,0.0,200,0.0,0.3,0.05660377358490565,0.0,0.0,2500.0
0.4,2500.0,0.6,0.0,0.6,4119.073973593896,1618.8752765421254,200,0.0,0.4,0.05660377358490565,0.0,323775.0553084251,2500.0
1.0,2500.0,0.0,5010.0,0.0,7510.19869705177,0.0,200,0.0,0.4,0.05660377358490565,0.0,0.0,2500.0
0.4,2500.0,0.6,0.0,0.6,4119.073973593896,1618.8752765421254,200,0.0,0.5,0.05660377358490565,0.0,323775.0553084251,2500.0
1.0,2500.0,0.0,5010.0,0.0,7510.19869705177,0.0,200,0.0,0.5,0.05660377358490565,0.0,0.0,2500.0
0.4,2500.0,0.6,0.0,0.6,4119.073973593896,1618.8752765421254,200,0.0,0.6,0.05660377358490565,0.0,323775.0553084251,2500.0
1.0,2500.0,0.0,5010.0,0.0,7510.19869705177,0.0,200,0.0,0.6,0.05660377358490565,0.0,0.0,2500.0
0.4,2500.0,0.6,0.0,0.6,4119.073973593896,1618.8752765421254,200,0.0,0.7,0.05660377358490565,0.0,323775.0553084251,2500.0
1.0,2500.0,0.0,5010.0,0.0,7510.19869705177,0.0,200,0.0,0.7,0.05660377358490565,0.0,0.0,2500.0
0.4,2500.0,0.6,0.0,0.6,4119.073973593896,1618.8752765421254,200,0.0,0.8,0.05660377358490565,0.0,323775.0553084251,2500.0
1.0,2500.0,0.0,5010.0,0.0,7510.19869705177,0.0,200,0.0,0.8,0.05660377358490565,0.0,0.0,2500.0
0.4,2500.0,0.6,0.0,0.6,4119.073973593896,1618.8752765421254,200,0.0,0.9,0.05660377358490565,0.0,323775.0553084251,2500.0
1.0,2500.0,0.0,5010.0,0.0,7510.19869705177,0.0,200,0.0,0.9,0.05660377358490565,0.0,0.0,2500.0
0.4,2500.0,0.6,0.0,0.6,3493.6905929091563,993.4918958573858,200,0.0,1.0,0.05660377358490565,0.0,198698.37917147717,2500.0
1.0,2500.0,0.0,5010.0,0.0,7510.19869705177,0.0,200,0.0,1.0,0.05660377358490565,0.0,0.0,2500.0
0.4,2500.0,0.6,0.0,0.6,4119.073973593896,1618.8752765421254,200,0.0,0.0,0.0,0.0,323775.0553084251,5000.0
1.0,2500.0,0.0,5010.0,0.0,7510.19869705177,0.0,200,0.0,0.0,0.0,0.0,0.0,5000.0
0.4,2500.0,0.6,0.0,0.6,4119.073973593896,1618.8752765421254,200,0.0,0.1,0.0,0.0,323775.0553084251,5000.0
1.0,2500.0,0.0,5010.0,0.0,7510.19869705177,0.0,200,0.0,0.1,0.0,0.0,0.0,5000.0
0.4,2500.0,0.6,0.0,0.6,4119.073973593896,1618.8752765421254,200,0.0,0.2,0.0,0.0,323775.0553084251,5000.0
1.0,2500.0,0.0,5010.0,0.0,7510.19869705177,0.0,200,0.0,0.2,0.0,0.0,0.0,5000.0
0.4,2500.0,0.6,0.0,0.6,4119.073973593896,1618.8752765421254,200,0.0,0.3,0.0,0.0,323775.0553084251,5000.0
1.0,2500.0,0.0,5010.0,0.0,7510.19869705177,0.0,200,0.0,0.3,0.0,0.0,0.0,5000.0
0.4,2500.0,0.6,0.0,0.6,4119.073973593896,1618.8752765421254,200,0.0,0.4,0.0,0.0,323775.0553084251,5000.0
1.0,2500.0,0.0,5010.0,0.0,7510.19869705177,0.0,200,0.0,0.4,0.0,0.0,0.0,5000.0
0.4,2500.0,0.6,0.0,0.6,4119.073973593896,1618.8752765421254,200,0.0,0.5,0.0,0.0,323775.0553084251,5000.0
1.0,2500.0,0.0,5010.0,0.0,7510.19869705177,0.0,200,0.0,0.5,0.0,0.0,0.0,5000.0
0.4,2500.0,0.6,0.0,0.6,4119.073973593896,1618.8752765421254,200,0.0,0.6,0.0,0.0,323775.0553084251,5000.0
1.0,2500.0,0.0,5010.0,0.0,7510.19869705177,0.0,200,0.0,0.6,0.0,0.0,0.0,5000.0
0.4,2500.0,0.6,0.0,0.6,4119.073973593896,1618.8752765421254,200,0.0,0.7,0.0,0.0,323775.0553084251,5000.0
1.0,2500.0,0.0,5010.0,0.0,7510.19869705177,0.0,200,0.0,0.7,0.0,0.0,0.0,5000.0
0.4,2500.0,0.6,0.0,0.6,4119.073973593896,1618.8752765421254,200,0.0,0.8,0.0,0.0,323775.0553084251,5000.0
1.0,2500.0,0.0,5010.0,0.0,7510.19869705177,0.0,200,0.0,0.8,0.0,0.0,0.0,5000.0
0.4,2500.0,0.6,0.0,0.6,4119.073973593896,1618.8752765421254,200,0.0,0.9,0.0,0.0,323775.0553084251,5000.0
1.0,2500.0,0.0,5010.0,0.0,7510.19869705177,0.0,200,0.0,0.9,0.0,0.0,0.0,5000.0
0.4,2500.0,0.6,0.0,0.6,3493.6905929091563,993.4918958573858,200,0.0,1.0,0.0,0.0,198698.37917147717,5000.0
1.0,2500.0,0.0,5010.0,0.0,7510.19869705177,0.0,200,0.0,1.0,0.0,0.0,0.0,5000.0
0.4,5150.0,0.6,0.0,0.6,6143.690592909157,993.4918958573858,200,0.0,0.0,0.0,0.0,198698.37917147717,0.0
1.0,5150.0,0.0,5010.0,0.0,10160.198697051768,0.0,200,0.0,0.0,0.0,0.0,0.0,0.0
0.4,5150.0,0.6,0.0,0.6,6143.690592909157,993.4918958573858,200,0.0,0.1,0.0,0.0,198698.37917147717,0.0
1.0,5150.0,0.0,5010.0,0.0,10160.198697051768,0.0,200,0.0,0.1,0.0,0.0,0.0,0.0
0.4,5150.0,0.6,0.0,0.6,6143.690592909157,993.4918958573858,200,0.0,0.2,0.0,0.0,198698.37917147717,0.0
1.0,5150.0,0.0,5010.0,0.0,10160.198697051768,0.0,200,0.0,0.2,0.0,0.0,0.0,0.0
0.4,5150.0,0.6,0.0,0.6,6143.690592909157,993.4918958573858,200,0.0,0.3,0.0,0.0,198698.37917147717,0.0
1.0,5150.0,0.0,5010.0,0.0,10160.198697051768,0.0,200,0.0,0.3,0.0,0.0,0.0,0.0
0.4,5150.0,0.6,0.0,0.6,6143.690592909157,993.4918958573858,200,0.0,0.4,0.0,0.0,198698.37917147717,0.0
1.0,5150.0,0.0,5010.0,0.0,10160.198697051768,0.0,200,0.0,0.4,0.0,0.0,0.0,0.0
0.4,5150.0,0.6,0.0,0.6,6143.690592909157,993.4918958573858,200,0.0,0.5,0.0,0.0,198698.37917147717,0.0
1.0,5150.0,0.0,5010.0,0.0,10160.198697051768,0.0,200,0.0,0.5,0.0,0.0,0.0,0.0
0.4,5150.0,0.6,0.0,0.6,6143.690592909157,993.4918958573858,200,0.0,0.6,0.0,0.0,198698.37917147717,0.0
1.0,5150.0,0.0,5010.0,0.0,10160.198697051768,0.0,200,0.0,0.6,0.0,0.0,0.0,0.0
0.4,5150.0,0.6,0.0,0.6,6143.690592909157,993.4918958573858,200,0.0,0.7,0.0,0.0,198698.37917147717,0.0
1.0,5150.0,0.0,5010.0,0.0,10160.198697051768,0.0,200,0.0,0.7,0.0,0.0,0.0,0.0
0.4,5150.0,0.6,0.0,0.6,6143.690592909157,993.4918958573858,200,0.0,0.8,0.0,0.0,198698.37917147717,0.0
1.0,5150.0,0.0,5010.0,0.0,10160.198697051768,0.0,200,0.0,0.8,0.0,0.0,0.0,0.0
0.4,5150.0,0.6,0.0,0.6,6143.690592909157,993.4918958573858,200,0.0,0.9,0.0,0.0,198698.37917147717,0.0
1.0,5150.0,0.0,5010.0,0.0,10160.198697051768,0.0,200,0.0,0.9,0.0,0.0,0.0,0.0
0.4,5150.0,0.6,0.0,0.6,6143.690592909157,993.4918958573858,200,0.0,1.0,0.0,0.0,198698.37917147717,0.0
1.0,5150.0,0.0,5010.0,0.0,10160.198697051768,0.0,200,0.0,1.0,0.0,0.0,0.0,0.0
0.4,5150.0,0.6,0.0,0.6,6143.690592909157,993.4918958573858,200,0.0,0.0,0.0,0.0,198698.37917147717,500.0
1.0,5150.0,0.0,5010.0,0.0,10160.198697051768,0.0,200,0.0,0.0,0.0,0.0,0.0,500.0
0.4,5150.0,0.6,0.0,0.6,6143.690592909157,993.4918958573858,200,0.0,0.1,0.0,0.0,198698.37917147717,500.0
1.0,5150.0,0.0,5010.0,0.0,10160.198697051768,0.0,200,0.0,0.1,0.0,0.0,0.0,500.0
0.4,5150.0,0.6,0.0,0.6,6143.690592909157,993.4918958573858,200,0.0,0.2,0.0,0.0,198698.37917147717,500.0
1.0,5150.0,0.0,5010.0,0.0,10160.198697051768,0.0,200,0.0,0.2,0.0,0.0,0.0,500.0
0.4,5150.0,0.6,0.0,0.6,6143.690592909157,993.4918958573858,200,0.0,0.3,0.0,0.0,198698.37917147717,500.0
1.0,5150.0,0.0,5010.0,0.0,10160.198697051768,0.0,200,0.0,0.3,0.0,0.0,0.0,500.0
0.4,5150.0,0.6,0.0,0.6,6143.690592909157,993.4918958573858,200,0.0,0.4,0.0,0.0,198698.37917147717,500.0
1.0,5150.0,0.0,5010.0,0.0,10160.198697051768,0.0,200,0.0,0.4,0.0,0.0,0.0,500.0
0.4,5150.0,0.6,0.0,0.6,6143.690592909157,993.4918958573858,200,0.0,0.5,0.0,0.0,198698.37917147717,500.0
1.0,5150.0,0.0,5010.0,0.0,10160.198697051768,0.0,200,0.0,0.5,0.0,0.0,0.0,500.0
0.4,5150.0,0.6,0.0,0.6,6143.690592909157,993.4918958573858,200,0.0,0.6,0.0,0.0,198698.37917147717,500.0
1.0,5150.0,0.0,5010.0,0.0,10160.198697051768,0.0,200,0.0,0.6,0.0,0.0,0.0,500.0
0.4,5150.0,0.6,0.0,0.6,6143.690592909157,993.4918958573858,200,0.0,0.7,0.0,0.0,198698.37917147717,500.0
1.0,5150.0,0.0,5010.0,0.0,10160.198697051768,0.0,200,0.0,0.7,0.0,0.0,0.0,500.0
0.4,5150.0,0.6,0.0,0.6,6143.690592909157,993.4918958573858,200,0.0,0.8,0.0,0.0,198698.37917147717,500.0
1.0,5150.0,0.0,5010.0,0.0,10160.198697051768,0.0,200,0.0,0.8,0.0,0.0,0.0,500.0
0.4,5150.0,0.6,0.0,0.6,6143.690592909157,993.4918958573858,200,0.0,0.9,0.0,0.0,198698.37917147717,500.0
1.0,5150.0,0.0,5010.0,0.0,10160.198697051768,0.0,200,0.0,0.9,0.0,0.0,0.0,500.0
0.4,5150.0,0.6,0.0,0.6,6143.690592909157,993.4918958573858,200,0.0,1.0,0.0,0.0,198698.37917147717,500.0
1.0,5150.0,0.0,5010.0,0.0,10160.198697051768,0.0,200,0.0,1.0,0.0,0.0,0.0,500.0
0.4,5150.0,0.6,0.0,0.6,6143.690592909157,993.4918958573858,200,0.0,0.0,0.0,0.0,198698.37917147717,1000.0
1.0,5150.0,0.0,5010.0,0.0,10160.198697051768,0.0,200,0.0,0.0,0.0,0.0,0.0,1000.0
0.4,5150.0,0.6,0.0,0.6,6143.690592909157,993.4918958573858,200,0.0,0.1,0.0,0.0,198698.37917147717,1000.0
1.0,5150.0,0.0,5010.0,0.0,10160.198697051768,0.0,200,0.0,0.1,0.0,0.0,0.0,1000.0
0.4,5150.0,0.6,0.0,0.6,6143.690592909157,993.4918958573858,200,0.0,0.2,0.0,0.0,198698.37917147717,1000.0
1.0,5150.0,0.0,5010.0,0.0,10160.198697051768,0.0,200,0.0,0.2,0.0,0.0,0.0,1000.0
0.4,5150.0,0.6,0.0,0.6,6143.690592909157,993.4918958573858,200,0.0,0.3,0.0,0.0,198698.37917147717,1000.0
1.0,5150.0,0.0,5010.0,0.0,10160.198697051768,0.0,200,0.0,0.3,0.0,0.0,0.0,1000.0
0.4,5150.0,0.6,0.0,0.6,6143.690592909157,993.4918958573858,200,0.0,0.4,0.0,0.0,198698.37917147717,1000.0
1.0,5150.0,0.0,5010.0,0.0,10160.198697051768,0.0,200,0.0,0.4,0.0,0.0,0.0,1000.0
0.4,5150.0,0.6,0.0,0.6,6143.690592909157,993.4918958573858,200,0.0,0.5,0.0,0.0,198698.37917147717,1000.0
1.0,5150.0,0.0,5010.0,0.0,10160.198697051768,0.0,200,0.0,0.5,0.0,0.0,0.0,1000.0
0.4,5150.0,0.6,0.0,0.6,6143.690592909157,993.4918958573858,200,0.0,0.6,0.0,0.0,198698.37917147717,1000.0
1.0,5150.0,0.0,5010.0,0.0,10160.198697051768,0.0,200,0.0,0.6,0.0,0.0,0.0,1000.0
0.4,5150.0,0.6,0.0,0.6,6143.690592909157,993.4918958573858,200,0.0,0.7,0.0,0.0,198698.37917147717,1000.0
1.0,5150.0,0.0,5010.0,0.0,10160.198697051768,0.0,200,0.0,0.7,0.0,0.0,0.0,1000.0
0.4,5150.0,0.6,0.0,0.6,6143.690592909157,993.4918958573858,200,0.0,0.8,0.0,0.0,198698.37917147717,1000.0
1.0,5150.0,0.0,5010.0,0.0,10160.198697051768,0.0,200,0.0,0.8,0.0,0.0,0.0,1000.0
0.4,5150.0,0.6,0.0,0.6,6143.690592909157,993.4918958573858,200,0.0,0.9,0.0,0.0,198698.37917147717,1000.0
1.0,5150.0,0.0,5010.0,0.0,10160.198697051768,0.0,200,0.0,0.9,0.0,0.0,0.0,1000.0
0.4,5150.0,0.6,0.0,0.6,6143.690592909157,993.4918958573858,200,0.0,1.0,0.0,0.0,198698.37917147717,1000.0
1.0,5150.0,0.0,5010.0,0.0,10160.198697051768,0.0,200,0.0,1.0,0.0,0.0,0.0,1000.0
0.4,5150.0,0.6,0.0,0.6,6143.690592909157,993.4918958573858,200,0.0,0.0,0.0,0.0,198698.37917147717,2500.0
1.0,5150.0,0.0,5010.0,0.0,10160.198697051768,0.0,200,0.0,0.0,0.0,0.0,0.0,2500.0
0.4,5150.0,0.6,0.0,0.6,6143.690592909157,993.4918958573858,200,0.0,0.1,0.0,0.0,198698.37917147717,2500.0
1.0,5150.0,0.0,5010.0,0.0,10160.198697051768,0.0,200,0.0,0.1,0.0,0.0,0.0,2500.0
0.4,5150.0,0.6,0.0,0.6,6143.690592909157,993.4918958573858,200,0.0,0.2,0.0,0.0,198698.37917147717,2500.0
1.0,5150.0,0.0,5010.0,0.0,10160.198697051768,0.0,200,0.0,0.2,0.0,0.0,0.0,2500.0
0.4,5150.0,0.6,0.0,0.6,6143.690592909157,993.4918958573858,200,0.0,0.3,0.0,0.0,198698.37917147717,2500.0
1.0,5150.0,0.0,5010.0,0.0,10160.198697051768,0.0,200,0.0,0.3,0.0,0.0,0.0,2500.0
0.4,5150.0,0.6,0.0,0.6,6143.690592909157,993.4918958573858,200,0.0,0.4,0.0,0.0,198698.37917147717,2500.0
1.0,5150.0,0.0,5010.0,0.0,10160.198697051768,0.0,200,0.0,0.4,0.0,0.0,0.0,2500.0
0.4,5150.0,0.6,0.0,0.6,6143.690592909157,993.4918958573858,200,0.0,0.5,0.0,0.0,198698.37917147717,2500.0
1.0,5150.0,0.0,5010.0,0.0,10160.198697051768,0.0,200,0.0,0.5,0.0,0.0,0.0,2500.0
0.4,5150.0,0.6,0.0,0.6,6143.690592909157,993.4918958573858,200,0.0,0.6,0.0,0.0,198698.37917147717,2500.0
1.0,5150.0,0.0,5010.0,0.0,10160.198697051768,0.0,200,0.0,0.6,0.0,0.0,0.0,2500.0
0.4,5150.0,0.6,0.0,0.6,6143.690592909157,993.4918958573858,200,0.0,0.7,0.0,0.0,198698.37917147717,2500.0
1.0,5150.0,0.0,5010.0,0.0,10160.198697051768,0.0,200,0.0,0.7,0.0,0.0,0.0,2500.0
0.4,5150.0,0.6,0.0,0.6,6143.690592909157,993.4918958573858,200,0.0,0.8,0.0,0.0,198698.37917147717,2500.0
1.0,5150.0,0.0,5010.0,0.0,10160.198697051768,0.0,200,0.0,0.8,0.0,0.0,0.0,2500.0
0.4,5150.0,0.6,0.0,0.6,6143.690592909157,993.4918958573858,200,0.0,0.9,0.0,0.0,198698.37917147717,2500.0
1.0,5150.0,0.0,5010.0,0.0,10160.198697051768,0.0,200,0.0,0.9,0.0,0.0,0.0,2500.0
0.4,5150.0,0.6,0.0,0.6,6143.690592909157,993.4918958573858,200,0.0,1.0,0.0,0.0,198698.37917147717,2500.0
1.0,5150.0,0.0,5010.0,0.0,10160.198697051768,0.0,200,0.0,1.0,0.0,0.0,0.0,2500.0
0.4,5150.0,0.6,0.0,0.6,6143.690592909157,993.4918958573858,200,0.0,0.0,0.0,0.0,198698.37917147717,5000.0
1.0,5150.0,0.0,5010.0,0.0,10160.198697051768,0.0,200,0.0,0.0,0.0,0.0,0.0,5000.0
0.4,5150.0,0.6,0.0,0.6,6143.690592909157,993.4918958573858,200,0.0,0.1,0.0,0.0,198698.37917147717,5000.0
1.0,5150.0,0.0,5010.0,0.0,10160.198697051768,0.0,200,0.0,0.1,0.0,0.0,0.0,5000.0
0.4,5150.0,0.6,0.0,0.6,6143.690592909157,993.4918958573858,200,0.0,0.2,0.0,0.0,198698.37917147717,5000.0
1.0,5150.0,0.0,5010.0,0.0,10160.198697051768,0.0,200,0.0,0.2,0.0,0.0,0.0,5000.0
0.4,5150.0,0.6,0.0,0.6,6143.690592909157,993.4918958573858,200,0.0,0.3,0.0,0.0,198698.37917147717,5000.0
1.0,5150.0,0.0,5010.0,0.0,10160.198697051768,0.0,200,0.0,0.3,0.0,0.0,0.0,5000.0
0.4,5150.0,0.6,0.0,0.6,6143.690592909157,993.4918958573858,200,0.0,0.4,0.0,0.0,198698.37917147717,5000.0
1.0,5150.0,0.0,5010.0,0.0,10160.198697051768,0.0,200,0.0,0.4,0.0,0.0,0.0,5000.0
0.4,5150.0,0.6,0.0,0.6,6143.690592909157,993.4918958573858,200,0.0,0.5,0.0,0.0,198698.37917147717,5000.0
1.0,5150.0,0.0,5010.0,0.0,10160.198697051768,0.0,200,0.0,0.5,0.0,0.0,0.0,5000.0
0.4,5150.0,0.6,0.0,0.6,6143.690592909157,993.4918958573858,200,0.0,0.6,0.0,0.0,198698.37917147717,5000.0
1.0,5150.0,0.0,5010.0,0.0,10160.198697051768,0.0,200,0.0,0.6,0.0,0.0,0.0,5000.0
0.4,5150.0,0.6,0.0,0.6,6143.690592909157,993.4918958573858,200,0.0,0.7,0.0,0.0,198698.37917147717,5000.0
1.0,5150.0,0.0,5010.0,0.0,10160.198697051768,0.0,200,0.0,0.7,0.0,0.0,0.0,5000.0
0.4,5150.0,0.6,0.0,0.6,6143.690592909157,993.4918958573858,200,0.0,0.8,0.0,0.0,198698.37917147717,5000.0
1.0,5150.0,0.0,5010.0,0.0,10160.198697051768,0.0,200,0.0,0.8,0.0,0.0,0.0,5000.0
0.4,5150.0,0.6,0.0,0.6,6143.690592909157,993.4918958573858,200,0.0,0.9,0.0,0.0,198698.37917147717,5000.0
1.0,5150.0,0.0,5010.0,0.0,10160.198697051768,0.0,200,0.0,0.9,0.0,0.0,0.0,5000.0
0.4,5150.0,0.6,0.0,0.6,6143.690592909157,993.4918958573858,200,0.0,1.0,0.0,0.0,198698.37917147717,5000.0
1.0,5150.0,0.0,5010.0,0.0,10160.198697051768,0.0,200,0.0,1.0,0.0,0.0,0.0,5000.0
0.395,0.0,1.0,0.0,0.605,5144.004998023345,5189.080498282745,200,0.3,0.0,1.0,0.395,1037816.0996565489,0.0
0.99,0.0,1.0,5010.0,0.01,10154.004998023345,5189.080498282745,200,0.3,0.0,1.0,0.99,1037816.0996565489,0.0
0.395,0.0,1.0,0.0,0.605,5144.004998023345,5189.080498282745,200,0.3,0.1,1.0,0.395,1037816.0996565489,0.0
0.99,0.0,1.0,5010.0,0.01,10154.004998023345,5189.080498282745,200,0.3,0.1,1.0,0.99,1037816.0996565489,0.0
0.395,0.0,1.0,0.0,0.605,5144.004998023345,5189.080498282745,200,0.3,0.2,1.0,0.395,1037816.0996565489,0.0
0.99,0.0,1.0,5010.0,0.01,10154.004998023345,5189.080498282745,200,0.3,0.2,1.0,0.99,1037816.0996565489,0.0
0.395,0.0,1.0,0.0,0.605,5144.004998023345,5189.080498282745,200,0.3,0.3,1.0,0.395,1037816.0996565489,0.0
0.99,0.0,1.0,5010.0,0.01,10154.004998023345,5189.080498282745,200,0.3,0.3,1.0,0.99,1037816.0996565489,0.0
0.395,0.0,1.0,0.0,0.605,5144.004998023345,5189.080498282745,200,0.3,0.4,1.0,0.395,1037816.0996565489,0.0
0.99,0.0,1.0,5010.0,0.01,10154.004998023345,5189.080498282745,200,0.3,0.4,1.0,0.99,1037816.0996565489,0.0
0.395,0.0,1.0,0.0,0.605,5144.004998023345,5189.080498282745,200,0.3,0.5,1.0,0.395,1037816.0996565489,0.0
0.99,0.0,1.0,5010.0,0.01,10154.004998023345,5189.080498282745,200,0.3,0.5,1.0,0.99,1037816.0996565489,0.0
0.395,0.0,1.0,0.0,0.605,5144.004998023345,5189.080498282745,200,0.3,0.6,1.0,0.395,1037816.0996565489,0.0
0.99,0.0,1.0,5010.0,0.01,10154.004998023345,5189.080498282745,200,0.3,0.6,1.0,0.99,1037816.0996565489,0.0
0.395,0.0,1.0,0.0,0.605,5144.004998023345,5189.080498282745,200,0.3,0.7,1.0,0.395,1037816.0996565489,0.0
0.99,0.0,1.0,5010.0,0.01,10154.004998023345,5189.080498282745,200,0.3,0.7,1.0,0.99,1037816.0996565489,0.0
0.395,0.0,1.0,0.0,0.605,5144.004998023345,5189.080498282745,200,0.3,0.8,1.0,0.395,1037816.0996565489,0.0
0.99,0.0,1.0,5010.0,0.01,10154.004998023345,5189.080498282745,200,0.3,0.8,1.0,0.99,1037816.0996565489,0.0
0.395,0.0,1.0,0.0,0.605,5144.004998023345,5189.080498282745,200,0.3,0.9,1.0,0.395,1037816.0996565489,0.0
0.99,0.0,1.0,5010.0,0.01,10154.004998023345,5189.080498282745,200,0.3,0.9,1.0,0.99,1037816.0996565489,0.0
0.395,0.0,0.605,0.0,0.605,968.5228576708083,1013.5983579302073,200,0.3,1.0,1.0,0.0,202719.67158604146,0.0
0.99,0.0,0.01,5010.0,0.01,4967.184274181805,2.259774441203863,200,0.3,1.0,1.0,0.0,451.95488824077256,0.0
0.395,0.0,1.0,0.0,0.605,5144.004998023345,5189.080498282745,200,0.3,0.0,0.9029126213592233,0.395,1037816.0996565489,500.0
0.99,0.0,1.0,5010.0,0.01,10154.004998023345,5189.080498282745,200,0.3,0.0,0.9029126213592233,0.99,1037816.0996565489,500.0
0.395,0.0,1.0,0.0,0.605,5144.004998023345,5189.080498282745,200,0.3,0.1,0.9029126213592233,0.395,1037816.0996565489,500.0
0.99,0.0,1.0,5010.0,0.01,10154.004998023345,5189.080498282745,200,0.3,0.1,0.9029126213592233,0.99,1037816.0996565489,500.0
0.395,0.0,1.0,0.0,0.605,5144.004998023345,5189.080498282745,200,0.3,0.2,0.9029126213592233,0.395,1037816.0996565489,500.0
0.99,0.0,1.0,5010.0,0.01,10154.004998023345,5189.080498282745,200,0.3,0.2,0.9029126213592233,0.99,1037816.0996565489,500.0
0.395,0.0,1.0,0.0,0.605,5144.004998023345,5189.080498282745,200,0.3,0.3,0.9029126213592233,0.395,1037816.0996565489,500.0
0.99,0.0,1.0,5010.0,0.01,10154.004998023345,5189.080498282745,200,0.3,0.3,0.9029126213592233,0.99,1037816.0996565489,500.0
0.395,0.0,1.0,0.0,0.605,5144.004998023345,5189.080498282745,200,0.3,0.4,0.9029126213592233,0.395,1037816.0996565489,500.0
0.99,0.0,1.0,5010.0,0.01,10154.004998023345,5189.080498282745,200,0.3,0.4,0.9029126213592233,0.99,1037816.0996565489,500.0
0.395,0.0,1.0,0.0,0.605,5144.004998023345,5189.080498282745,200,0.3,0.5,0.9029126213592233,0.395,1037816.0996565489,500.0
0.99,0.0,1.0,5010.0,0.01,10154.004998023345,5189.080498282745,200,0.3,0.5,0.9029126213592233,0.99,1037816.0996565489,500.0
0.395,0.0,1.0,0.0,0.605,5144.004998023345,5189.080498282745,200,0.3,0.6,0.9029126213592233,0.395,1037816.0996565489,500.0
0.99,0.0,1.0,5010.0,0.01,10154.004998023345,5189.080498282745,200,0.3,0.6,0.9029126213592233,0.99,1037816.0996565489,500.0
0.395,0.0,1.0,0.0,0.605,5144.004998023345,5189.080498282745,200,0.3,0.7,0.9029126213592233,0.395,1037816.0996565489,500.0
0.99,0.0,1.0,5010.0,0.01,10154.004998023345,5189.080498282745,200,0.3,0.7,0.9029126213592233,0.99,1037816.0996565489,500.0
0.395,0.0,0.99,0.0,0.605,5119.315527751082,5164.391028010482,200,0.3,0.8,0.9029126213592233,0.385,1032878.2056020964,500.0
0.99,0.0,0.985,5010.0,0.01,10117.917536944506,5152.993037203905,200,0.3,0.8,0.9029126213592233,0.975,1030598.607440781,500.0
0.395,0.0,0.785,0.0,0.605,4323.05801976768,4368.133520027079,200,0.3,0.9,0.9029126213592233,0.18,873626.7040054158,500.0
0.99,0.0,0.515,5010.0,0.01,8248.914503693568,3283.990003952966,200,0.3,0.9,0.9029126213592233,0.505,656798.0007905932,500.0
0.395,0.0,0.605,0.0,0.605,968.5228576708083,1013.5983579302073,200,0.3,1.0,0.9029126213592233,0.0,202719.67158604146,500.0
0.99,0.0,0.01,5010.0,0.01,4967.184274181805,2.259774441203863,200,0.3,1.0,0.9029126213592233,0.0,451.95488824077256,500.0
0.395,0.0,1.0,0.0,0.605,5144.004998023345,5189.080498282745,200,0.3,0.0,0.8058252427184466,0.395,1037816.0996565489,1000.0
0.99,0.0,1.0,5010.0,0.01,10154.004998023345,5189.080498282745,200,0.3,0.0,0.8058252427184466,0.99,1037816.0996565489,1000.0
0.395,0.0,1.0,0.0,0.605,5144.004998023345,5189.080498282745,200,0.3,0.1,0.8058252427184466,0.395,1037816.0996565489,1000.0
0.99,0.0,1.0,5010.0,0.01,10154.004998023345,5189.080498282745,200,0.3,0.1,0.8058252427184466,0.99,1037816.0996565489,1000.0
0.395,0.0,1.0,0.0,0.605,5144.004998023345,5189.080498282745,200,0.3,0.2,0.8058252427184466,0.395,1037816.0996565489,1000.0
0.99,0.0,1.0,5010.0,0.01,10154.004998023345,5189.080498282745,200,0.3,0.2,0.8058252427184466,0.99,1037816.0996565489,1000.0
0.395,0.0,1.0,0.0,0.605,5144.004998023345,5189.080498282745,200,0.3,0.3,0.8058252427184466,0.395,1037816.0996565489,1000.0
0.99,0.0,1.0,5010.0,0.01,10154.004998023345,5189.080498282745,200,0.3,0.3,0.8058252427184466,0.99,1037816.0996565489,1000.0
0.395,0.0,1.0,0.0,0.605,5144.004998023345,5189.080498282745,200,0.3,0.4,0.8058252427184466,0.395,1037816.0996565489,1000.0
0.99,0.0,1.0,5010.0,0.01,10154.004998023345,5189.080498282745,200,0.3,0.4,0.8058252427184466,0.99,1037816.0996565489,1000.0
0.395,0.0,1.0,0.0,0.605,5144.004998023345,5189.080498282745,200,0.3,0.5,0.8058252427184466,0.395,1037816.0996565489,1000.0
0.99,0.0,1.0,5010.0,0.01,10154.004998023345,5189.080498282745,200,0.3,0.5,0.8058252427184466,0.99,1037816.0996565489,1000.0
0.395,0.0,0.99,0.0,0.605,5119.315527751082,5164.391028010482,200,0.3,0.6,0.8058252427184466,0.385,1032878.2056020964,1000.0
0.99,0.0,0.985,5010.0,0.01,10117.917536944506,5152.993037203905,200,0.3,0.6,0.8058252427184466,0.975,1030598.607440781,1000.0
0.395,0.0,0.935,0.0,0.605,4949.177547300942,4994.253047560341,200,0.3,0.7,0.8058252427184466,0.33,998850.6095120682,1000.0
0.99,0.0,0.9,5010.0,0.01,9863.952322858873,4899.027823118271,200,0.3,0.7,0.8058252427184466,0.89,979805.5646236541,1000.0
0.395,0.0,0.785,0.0,0.605,4323.05801976768,4368.133520027079,200,0.3,0.8,0.8058252427184466,0.18,873626.7040054158,1000.0
0.99,0.0,0.515,5010.0,0.01,8248.914503693568,3283.990003952966,200,0.3,0.8,0.8058252427184466,0.505,656798.0007905932,1000.0
0.395,0.0,0.615,0.0,0.605,3277.2098315521375,3322.285331811537,200,0.3,0.9,0.8058252427184466,0.01,664457.0663623074,1000.0
0.99,0.0,0.02,5010.0,0.01,5158.9027785907665,193.97827885016596,200,0.3,0.9,0.8058252427184466,0.01,38795.65577003319,1000.0
0.395,0.0,0.605,0.0,0.605,968.5228576708083,1013.5983579302073,200,0.3,1.0,0.8058252427184466,0.0,202719.67158604146,1000.0
0.99,0.0,0.01,5010.0,0.01,4967.184274181805,2.259774441203863,200,0.3,1.0,0.8058252427184466,0.0,451.95488824077256,1000.0
0.395,0.0,0.99,0.0,0.605,5119.315527751082,5164.391028010482,200,0.3,0.0,0.5145631067961165,0.385,1032878.2056020964,2500.0
0.99,0.0,0.985,5010.0,0.01,10117.917536944506,5152.993037203905,200,0.3,0.0,0.5145631067961165,0.975,1030598.607440781,2500.0
0.395,0.0,0.985,0.0,0.605,5105.8197356655355,5150.895235924934,200,0.3,0.1,0.5145631067961165,0.38,1030179.0471849869,2500.0
0.99,0.0,0.965,5010.0,0.01,10064.931247416145,5100.006747675545,200,0.3,0.1,0.5145631067961165,0.955,1020001.349535109,2500.0
0.395,0.0,0.96,0.0,0.605,5029.84452263941,5074.920022898808,200,0.3,0.2,0.5145631067961165,0.355,1014984.0045797616,2500.0
0.99,0.0,0.925,5010.0,0.01,9944.619298197338,4979.694798456738,200,0.3,0.2,0.5145631067961165,0.915,995938.9596913476,2500.0
0.395,0.0,0.915,0.0,0.605,4880.1901791688715,4925.265679428271,200,0.3,0.3,0.5145631067961165,0.31,985053.1358856543,2500.0
0.99,0.0,0.845,5010.0,0.01,9673.44615798959,4708.521658248989,200,0.3,0.3,0.5145631067961165,0.835,941704.3316497979,2500.0
0.395,0.0,0.87,0.0,0.605,4703.78146860272,4748.85696886212,200,0.3,0.4,0.5145631067961165,0.265,949771.393772424,2500.0
0.99,0.0,0.72,5010.0,0.01,9188.51199338361,4223.58749364301,200,0.3,0.4,0.5145631067961165,0.71,844717.498728602,2500.0
0.395,0.0,0.785,0.0,0.605,4323.05801976768,4368.133520027079,200,0.3,0.5,0.5145631067961165,0.18,873626.7040054158,2500.0
0.99,0.0,0.515,5010.0,0.01,8248.914503693568,3283.990003952966,200,0.3,0.5,0.5145631067961165,0.505,656798.0007905932,2500.0
0.395,0.0,0.67,0.0,0.605,3682.9074857576425,3727.982986017041,200,0.3,0.6,0.5145631067961165,0.065,745596.5972034083,2500.0
0.99,0.0,0.215,5010.0,0.01,6598.32419140975,1633.3996916691494,200,0.3,0.6,0.5145631067961165,0.205,326679.93833382986,2500.0
0.395,0.0,0.63,0.0,0.605,3409.0694851076382,3454.144985367037,200,0.3,0.7,0.5145631067961165,0.025,690828.9970734074,2500.0
0.99,0.0,0.05,5010.0,0.01,5429.592029719169,464.6675299785675,200,0.3,0.7,0.5145631067961165,0.04,92933.5059957135,2500.0
0.395,0.0,0.605,0.0,0.605,3165.9740499190534,3211.0495501784526,200,0.3,0.8,0.5145631067961165,0.0,642209.9100356905,2500.0
0.99,0.0,0.01,5010.0,0.01,5047.6669969576815,82.74249721708128,200,0.3,0.8,0.5145631067961165,0.0,16548.499443416255,2500.0
0.395,0.0,0.605,0.0,0.605,3165.9740499190534,3211.0495501784526,200,0.3,0.9,0.5145631067961165,0.0,642209.9100356905,2500.0
0.99,0.0,0.01,5010.0,0.01,5047.6669969576815,82.74249721708128,200,0.3,0.9,0.5145631067961165,0.0,16548.499443416255,2500.0
0.395,0.0,0.605,0.0,0.605,968.5228576708083,1013.5983579302073,200,0.3,1.0,0.5145631067961165,0.0,202719.67158604146,2500.0
0.99,0.0,0.01,5010.0,0.01,4967.184274181805,2.259774441203863,200,0.3,1.0,0.5145631067961165,0.0,451.95488824077256,2500.0
0.395,0.0,0.785,0.0,0.605,4323.05801976768,4368.133520027079,200,0.3,0.0,0.029126213592232997,0.18,873626.7040054158,5000.0
0.99,0.0,0.515,5010.0,0.01,8248.914503693568,3283.990003952966,200,0.3,0.0,0.029126213592232997,0.505,656798.0007905932,5000.0
0.395,0.0,0.73,0.0,0.605,4033.9752867645775,4079.0507870239776,200,0.3,0.1,0.029126213592232997,0.125,815810.1574047955,5000.0
0.99,0.0,0.335,5010.0,0.01,7300.353932035732,2335.4294322951305,200,0.3,0.1,0.029126213592232997,0.325,467085.88645902614,5000.0
0.395,0.0,0.67,0.0,0.605,3682.9074857576425,3727.982986017041,200,0.3,0.2,0.029126213592232997,0.065,745596.5972034083,5000.0
0.99,0.0,0.215,5010.0,0.01,6598.32419140975,1633.3996916691494,200,0.3,0.2,0.029126213592232997,0.205,326679.93833382986,5000.0
0.395,0.0,0.635,0.0,0.605,3445.7454929582536,3490.8209932176524,200,0.3,0.3,0.029126213592232997,0.03,698164.1986435305,5000.0
0.99,0.0,0.12,5010.0,0.01,5969.294184359008,1004.3696846184072,200,0.3,0.3,0.029126213592232997,0.11,200873.93692368144,5000.0
0.395,0.0,0.63,0.0,0.605,3409.0694851076382,3454.144985367037,200,0.3,0.4,0.029126213592232997,0.025,690828.9970734074,5000.0
0.99,0.0,0.05,5010.0,0.01,5429.592029719169,464.6675299785675,200,0.3,0.4,0.029126213592232997,0.04,92933.5059957135,5000.0
0.395,0.0,0.615,0.0,0.605,3277.2098315521375,3322.285331811537,200,0.3,0.5,0.029126213592232997,0.01,664457.0663623074,5000.0
0.99,0.0,0.02,5010.0,0.01,5158.9027785907665,193.97827885016596,200,0.3,0.5,0.029126213592232997,0.01,38795.65577003319,5000.0
0.395,0.0,0.605,0.0,0.605,3165.9740499190534,3211.0495501784526,200,0.3,0.6,0.029126213592232997,0.0,642209.9100356905,5000.0
0.99,0.0,0.01,5010.0,0.01,5047.6669969576815,82.74249721708128,200,0.3,0.6,0.029126213592232997,0.0,16548.499443416255,5000.0
0.395,0.0,0.605,0.0,0.605,3165.9740499190534,3211.0495501784526,200,0.3,0.7,0.029126213592232997,0.0,642209.9100356905,5000.0
0.99,0.0,0.01,5010.0,0.01,5047.6669969576815,82.74249721708128,200,0.3,0.7,0.029126213592232997,0.0,16548.499443416255,5000.0
0.395,0.0,0.605,0.0,0.605,3165.9740499190534,3211.0495501784526,200,0.3,0.8,0.029126213592232997,0.0,642209.9100356905,5000.0
0.99,0.0,0.01,5010.0,0.01,5047.6669969576815,82.74249721708128,200,0.3,0.8,0.029126213592232997,0.0,16548.499443416255,5000.0
0.395,0.0,0.605,0.0,0.605,3165.9740499190534,3211.0495501784526,200,0.3,0.9,0.029126213592232997,0.0,642209.9100356905,5000.0
0.99,0.0,0.01,5010.0,0.01,5047.6669969576815,82.74249721708128,200,0.3,0.9,0.029126213592232997,0.0,16548.499443416255,5000.0
0.395,0.0,0.605,0.0,0.605,968.5228576708083,1013.5983579302073,200,0.3,1.0,0.029126213592232997,0.0,202719.67158604146,5000.0
0.99,0.0,0.01,5010.0,0.01,4967.184274181805,2.259774441203863,200,0.3,1.0,0.029126213592232997,0.0,451.95488824077256,5000.0
0.395,2500.0,1.0,0.0,0.605,5174.985783509794,2701.0901680979573,200,0.3,0.0,1.0,0.395,540218.0336195915,0.0
0.99,2500.0,1.0,5010.0,0.01,10154.004998023345,2670.10938261151,200,0.3,0.0,1.0,0.99,534021.8765223019,0.0
0.395,2500.0,1.0,0.0,0.605,5174.985783509794,2701.0901680979573,200,0.3,0.1,1.0,0.395,540218.0336195915,0.0
0.99,2500.0,1.0,5010.0,0.01,10154.004998023345,2670.10938261151,200,0.3,0.1,1.0,0.99,534021.8765223019,0.0
0.395,2500.0,1.0,0.0,0.605,5174.985783509794,2701.0901680979573,200,0.3,0.2,1.0,0.395,540218.0336195915,0.0
0.99,2500.0,1.0,5010.0,0.01,10154.004998023345,2670.10938261151,200,0.3,0.2,1.0,0.99,534021.8765223019,0.0
0.395,2500.0,1.0,0.0,0.605,5174.985783509794,2701.0901680979573,200,0.3,0.3,1.0,0.395,540218.0336195915,0.0
0.99,2500.0,1.0,5010.0,0.01,10154.004998023345,2670.10938261151,200,0.3,0.3,1.0,0.99,534021.8765223019,0.0
0.395,2500.0,1.0,0.0,0.605,5174.985783509794,2701.0901680979573,200,0.3,0.4,1.0,0.395,540218.0336195915,0.0
0.99,2500.0,1.0,5010.0,0.01,10154.004998023345,2670.10938261151,200,0.3,0.4,1.0,0.99,534021.8765223019,0.0
0.395,2500.0,1.0,0.0,0.605,5174.985783509794,2701.0901680979573,200,0.3,0.5,1.0,0.395,540218.0336195915,0.0
0.99,2500.0,1.0,5010.0,0.01,10154.004998023345,2670.10938261151,200,0.3,0.5,1.0,0.99,534021.8765223019,0.0
0.395,2500.0,1.0,0.0,0.605,5174.985783509794,2701.0901680979573,200,0.3,0.6,1.0,0.395,540218.0336195915,0.0
0.99,2500.0,1.0,5010.0,0.01,10154.004998023345,2670.10938261151,200,0.3,0.6,1.0,0.99,534021.8765223019,0.0
0.395,2500.0,1.0,0.0,0.605,5174.985783509794,2701.0901680979573,200,0.3,0.7,1.0,0.395,540218.0336195915,0.0
0.99,2500.0,1.0,5010.0,0.01,10154.004998023345,2670.10938261151,200,0.3,0.7,1.0,0.99,534021.8765223019,0.0
0.395,2500.0,1.0,0.0,0.605,5174.985783509794,2701.0901680979573,200,0.3,0.8,1.0,0.395,540218.0336195915,0.0
0.99,2500.0,1.0,5010.0,0.01,10154.004998023345,2670.10938261151,200,0.3,0.8,1.0,0.99,534021.8765223019,0.0
0.395,2500.0,1.0,0.0,0.605,5174.985783509794,2701.0901680979573,200,0.3,0.9,1.0,0.395,540218.0336195915,0.0
0.99,2500.0,1.0,5010.0,0.01,10154.004998023345,2670.10938261151,200,0.3,0.9,1.0,0.99,534021.8765223019,0.0
0.395,2500.0,0.605,0.0,0.605,3487.493973342043,1013.5983579302073,200,0.3,1.0,1.0,0.0,202719.67158604146,0.0
0.99,2500.0,0.01,5010.0,0.01,7486.155389853039,2.259774441203863,200,0.3,1.0,1.0,0.0,451.95488824077256,0.0
0.395,2500.0,1.0,0.0,0.605,5174.985783509794,2701.0901680979573,200,0.3,0.0,0.8113207547169812,0.395,540218.0336195915,500.0
0.99,2500.0,1.0,5010.0,0.01,10154.004998023345,2670.10938261151,200,0.3,0.0,0.8113207547169812,0.99,534021.8765223019,500.0
0.395,2500.0,1.0,0.0,0.605,5174.985783509794,2701.0901680979573,200,0.3,0.1,0.8113207547169812,0.395,540218.0336195915,500.0
0.99,2500.0,1.0,5010.0,0.01,10154.004998023345,2670.10938261151,200,0.3,0.1,0.8113207547169812,0.99,534021.8765223019,500.0
0.395,2500.0,1.0,0.0,0.605,5174.985783509794,2701.0901680979573,200,0.3,0.2,0.8113207547169812,0.395,540218.0336195915,500.0
0.99,2500.0,1.0,5010.0,0.01,10154.004998023345,2670.10938261151,200,0.3,0.2,0.8113207547169812,0.99,534021.8765223019,500.0
0.395,2500.0,1.0,0.0,0.605,5174.985783509794,2701.0901680979573,200,0.3,0.3,0.8113207547169812,0.395,540218.0336195915,500.0
0.99,2500.0,1.0,5010.0,0.01,10154.004998023345,2670.10938261151,200,0.3,0.3,0.8113207547169812,0.99,534021.8765223019,500.0
0.395,2500.0,1.0,0.0,0.605,5174.985783509794,2701.0901680979573,200,0.3,0.4,0.8113207547169812,0.395,540218.0336195915,500.0
0.99,2500.0,1.0,5010.0,0.01,10154.004998023345,2670.10938261151,200,0.3,0.4,0.8113207547169812,0.99,534021.8765223019,500.0
0.395,2500.0,1.0,0.0,0.605,5174.985783509794,2701.0901680979573,200,0.3,0.5,0.8113207547169812,0.395,540218.0336195915,500.0
0.99,2500.0,1.0,5010.0,0.01,10154.004998023345,2670.10938261151,200,0.3,0.5,0.8113207547169812,0.99,534021.8765223019,500.0
0.395,2500.0,1.0,0.0,0.605,5174.985783509794,2701.0901680979573,200,0.3,0.6,0.8113207547169812,0.395,540218.0336195915,500.0
0.99,2500.0,0.995,5010.0,0.01,10148.14001246268,2664.244397050844,200,0.3,0.6,0.8113207547169812,0.985,532848.8794101687,500.0
0.395,2500.0,0.945,0.0,0.605,5091.629092766944,2617.7334773551074,200,0.3,0.7,0.8113207547169812,0.34,523546.69547102146,500.0
0.99,2500.0,0.91,5010.0,0.01,10021.648919946227,2537.75330453439,200,0.3,0.7,0.8113207547169812,0.9,507550.660906878,500.0
0.395,2500.0,0.785,0.0,0.605,4752.556755863675,2278.661140451838,200,0.3,0.8,0.8113207547169812,0.18,455732.22809036763,500.0
0.99,2500.0,0.535,5010.0,0.01,9224.669524715724,1740.7739093038895,200,0.3,0.8,0.8113207547169812,0.525,348154.7818607779,500.0
0.395,2500.0,0.615,0.0,0.605,4214.401862898395,1740.5062474865597,200,0.3,0.9,0.8113207547169812,0.01,348101.24949731195,500.0
0.99,2500.0,0.025,5010.0,0.01,7609.174388947428,125.27877353559217,200,0.3,0.9,0.8113207547169812,0.015,25055.754707118434,500.0
0.395,2500.0,0.605,0.0,0.605,3487.493973342043,1013.5983579302073,200,0.3,1.0,0.8113207547169812,0.0,202719.67158604146,500.0
0.99,2500.0,0.01,5010.0,0.01,7486.155389853039,2.259774441203863,200,0.3,1.0,0.8113207547169812,0.0,451.95488824077256,500.0
0.395,2500.0,1.0,0.0,0.605,5174.985783509794,2701.0901680979573,200,0.3,0.0,0.6226415094339622,0.395,540218.0336195915,1000.0
0.99,2500.0,1.0,5010.0,0.01,10154.004998023345,2670.10938261151,200,0.3,0.0,0.6226415094339622,0.99,534021.8765223019,1000.0
0.395,2500.0,1.0,0.0,0.605,5174.985783509794,2701.0901680979573,200,0.3,0.1,0.6226415094339622,0.395,540218.0336195915,1000.0
0.99,2500.0,1.0,5010.0,0.01,10154.004998023345,2670.10938261151,200,0.3,0.1,0.6226415094339622,0.99,534021.8765223019,1000.0
0.395,2500.0,1.0,0.0,0.605,5174.985783509794,2701.0901680979573,200,0.3,0.2,0.6226415094339622,0.395,540218.0336195915,1000.0
0.99,2500.0,0.995,5010.0,0.01,10148.14001246268,2664.244397050844,200,0.3,0.2,0.6226415094339622,0.985,532848.8794101687,1000.0
0.395,2500.0,0.985,0.0,0.605,5155.337056277133,2681.4414408652974,200,0.3,0.3,0.6226415094339622,0.38,536288.2881730595,1000.0
0.99,2500.0,0.965,5010.0,0.01,10108.170932176923,2624.2753167650867,200,0.3,0.3,0.6226415094339622,0.955,524855.0633530173,1000.0
0.395,2500.0,0.945,0.0,0.605,5091.629092766944,2617.7334773551074,200,0.3,0.4,0.6226415094339622,0.34,523546.69547102146,1000.0
0.99,2500.0,0.91,5010.0,0.01,10021.648919946227,2537.75330453439,200,0.3,0.4,0.6226415094339622,0.9,507550.660906878,1000.0
0.395,2500.0,0.895,0.0,0.605,4999.813422797315,2525.9178073854796,200,0.3,0.5,0.6226415094339622,0.29,505183.56147709594,1000.0
0.99,2500.0,0.785,5010.0,0.01,9791.525486484757,2307.629871072921,200,0.3,0.5,0.6226415094339622,0.775,461525.9742145842,1000.0
0.395,2500.0,0.785,0.0,0.605,4752.556755863675,2278.661140451838,200,0.3,0.6,0.6226415094339622,0.18,455732.22809036763,1000.0
0.99,2500.0,0.535,5010.0,0.01,9224.669524715724,1740.7739093038895,200,0.3,0.6,0.6226415094339622,0.525,348154.7818607779,1000.0
0.395,2500.0,0.67,0.0,0.605,4423.158908266276,1949.2632928544406,200,0.3,0.7,0.6226415094339622,0.065,389852.6585708881,1000.0
0.99,2500.0,0.18,5010.0,0.01,8210.226534590818,726.3309191789813,200,0.3,0.7,0.6226415094339622,0.17,145266.18383579626,1000.0
0.395,2500.0,0.615,0.0,0.605,4214.401862898395,1740.5062474865597,200,0.3,0.8,0.6226415094339622,0.01,348101.24949731195,1000.0
0.99,2500.0,0.025,5010.0,0.01,7609.174388947428,125.27877353559217,200,0.3,0.8,0.6226415094339622,0.015,25055.754707118434,1000.0
0.395,2500.0,0.605,0.0,0.605,4157.164033514381,1683.2684181025452,200,0.3,0.9,0.6226415094339622,0.0,336653.68362050905,1000.0
0.99,2500.0,0.01,5010.0,0.01,7526.471851843926,42.576236432090376,200,0.3,0.9,0.6226415094339622,0.0,8515.247286418075,1000.0
0.395,2500.0,0.605,0.0,0.605,3487.493973342043,1013.5983579302073,200,0.3,1.0,0.6226415094339622,0.0,202719.67158604146,1000.0
0.99,2500.0,0.01,5010.0,0.01,7486.155389853039,2.259774441203863,200,0.3,1.0,0.6226415094339622,0.0,451.95488824077256,1000.0
0.395,2500.0,0.785,0.0,0.605,4752.556755863675,2278.661140451838,200,0.3,0.0,0.05660377358490565,0.18,455732.22809036763,2500.0
0.99,2500.0,0.535,5010.0,0.01,9224.669524715724,1740.7739093038895,200,0.3,0.0,0.05660377358490565,0.525,348154.7818607779,2500.0
0.395,2500.0,0.75,0.0,0.605,4659.987516152581,2186.0919007407447,200,0.3,0.1,0.05660377358490565,0.145,437218.3801481489,2500.0
0.99,2500.0,0.385,5010.0,0.01,8826.068569283336,1342.1729538715,200,0.3,0.1,0.05660377358490565,0.375,268434.59077430004,2500.0
0.395,2500.0,0.685,0.0,0.605,4470.709501825813,1996.8138864139776,200,0.3,0.2,0.05660377358490565,0.08,399362.7772827955,2500.0
0.99,2500.0,0.245,5010.0,0.01,8419.581144956115,935.6855295442788,200,0.3,0.2,0.05660377358490565,0.235,187137.10590885577,2500.0
0.395,2500.0,0.65,0.0,0.605,4355.179327909329,1881.2837124974933,200,0.3,0.3,0.05660377358490565,0.045,376256.74249949865,2500.0
0.99,2500.0,0.145,5010.0,0.01,8090.950278050359,607.0546626385233,200,0.3,0.3,0.05660377358490565,0.135,121410.93252770466,2500.0
0.395,2500.0,0.63,0.0,0.605,4282.251975892973,1808.3563604811372,200,0.3,0.4,0.05660377358490565,0.025,361671.27209622745,2500.0
0.99,2500.0,0.06,5010.0,0.01,7765.638419730602,281.7428043187665,200,0.3,0.4,0.05660377358490565,0.05,56348.5608637533,2500.0
0.395,2500.0,0.615,0.0,0.605,4214.401862898395,1740.5062474865597,200,0.3,0.5,0.05660377358490565,0.01,348101.24949731195,2500.0
0.99,2500.0,0.025,5010.0,0.01,7609.174388947428,125.27877353559217,200,0.3,0.5,0.05660377358490565,0.015,25055.754707118434,2500.0
0.395,2500.0,0.605,0.0,0.605,4157.164033514381,1683.2684181025452,200,0.3,0.6,0.05660377358490565,0.0,336653.68362050905,2500.0
0.99,2500.0,0.01,5010.0,0.01,7526.471851843926,42.576236432090376,200,0.3,0.6,0.05660377358490565,0.0,8515.247286418075,2500.0
0.395,2500.0,0.605,0.0,0.605,4157.164033514381,1683.2684181025452,200,0.3,0.7,0.05660377358490565,0.0,336653.68362050905,2500.0
0.99,2500.0,0.01,5010.0,0.01,7526.471851843926,42.576236432090376,200,0.3,0.7,0.05660377358490565,0.0,8515.247286418075,2500.0
0.395,2500.0,0.605,0.0,0.605,4157.164033514381,1683.2684181025452,200,0.3,0.8,0.05660377358490565,0.0,336653.68362050905,2500.0
0.99,2500.0,0.01,5010.0,0.01,7526.471851843926,42.576236432090376,200,0.3,0.8,0.05660377358490565,0.0,8515.247286418075,2500.0
0.395,2500.0,0.605,0.0,0.605,4157.164033514381,1683.2684181025452,200,0.3,0.9,0.05660377358490565,0.0,336653.68362050905,2500.0
0.99,2500.0,0.01,5010.0,0.01,7526.471851843926,42.576236432090376,200,0.3,0.9,0.05660377358490565,0.0,8515.247286418075,2500.0
0.395,2500.0,0.605,0.0,0.605,3487.493973342043,1013.5983579302073,200,0.3,1.0,0.05660377358490565,0.0,202719.67158604146,2500.0
0.99,2500.0,0.01,5010.0,0.01,7486.155389853039,2.259774441203863,200,0.3,1.0,0.05660377358490565,0.0,451.95488824077256,2500.0
0.395,2500.0,0.615,0.0,0.605,4214.401862898395,1740.5062474865597,200,0.3,0.0,0.0,0.01,348101.24949731195,5000.0
0.99,2500.0,0.025,5010.0,0.01,7609.174388947428,125.27877353559217,200,0.3,0.0,0.0,0.015,25055.754707118434,5000.0
0.395,2500.0,0.61,0.0,0.605,4187.4449502442085,1713.5493348323728,200,0.3,0.1,0.0,0.005,342709.86696647457,5000.0
0.99,2500.0,0.015,5010.0,0.01,7556.752768573754,72.85715316191813,200,0.3,0.1,0.0,0.005,14571.430632383628,5000.0
0.395,2500.0,0.605,0.0,0.605,4157.164033514381,1683.2684181025452,200,0.3,0.2,0.0,0.0,336653.68362050905,5000.0
0.99,2500.0,0.01,5010.0,0.01,7526.471851843926,42.576236432090376,200,0.3,0.2,0.0,0.0,8515.247286418075,5000.0
0.395,2500.0,0.605,0.0,0.605,4157.164033514381,1683.2684181025452,200,0.3,0.3,0.0,0.0,336653.68362050905,5000.0
0.99,2500.0,0.01,5010.0,0.01,7526.471851843926,42.576236432090376,200,0.3,0.3,0.0,0.0,8515.247286418075,5000.0
0.395,2500.0,0.605,0.0,0.605,4157.164033514381,1683.2684181025452,200,0.3,0.4,0.0,0.0,336653.68362050905,5000.0
0.99,2500.0,0.01,5010.0,0.01,7526.471851843926,42.576236432090376,200,0.3,0.4,0.0,0.0,8515.247286418075,5000.0
0.395,2500.0,0.605,0.0,0.605,4157.164033514381,1683.2684181025452,200,0.3,0.5,0.0,0.0,336653.68362050905,5000.0
0.99,2500.0,0.01,5010.0,0.01,7526.471851843926,42.576236432090376,200,0.3,0.5,0.0,0.0,8515.247286418075,5000.0
0.395,2500.0,0.605,0.0,0.605,4157.164033514381,1683.2684181025452,200,0.3,0.6,0.0,0.0,336653.68362050905,5000.0
0.99,2500.0,0.01,5010.0,0.01,7526.471851843926,42.576236432090376,200,0.3,0.6,0.0,0.0,8515.247286418075,5000.0
0.395,2500.0,0.605,0.0,0.605,4157.164033514381,1683.2684181025452,200,0.3,0.7,0.0,0.0,336653.68362050905,5000.0
0.99,2500.0,0.01,5010.0,0.01,7526.471851843926,42.576236432090376,200,0.3,0.7,0.0,0.0,8515.247286418075,5000.0
0.395,2500.0,0.605,0.0,0.605,4157.164033514381,1683.2684181025452,200,0.3,0.8,0.0,0.0,336653.68362050905,5000.0
0.99,2500.0,0.01,5010.0,0.01,7526.471851843926,42.576236432090376,200,0.3,0.8,0.0,0.0,8515.247286418075,5000.0
0.395,2500.0,0.605,0.0,0.605,4157.164033514381,1683.2684181025452,200,0.3,0.9,0.0,0.0,336653.68362050905,5000.0
0.99,2500.0,0.01,5010.0,0.01,7526.471851843926,42.576236432090376,200,0.3,0.9,0.0,0.0,8515.247286418075,5000.0
0.395,2500.0,0.605,0.0,0.605,3487.493973342043,1013.5983579302073,200,0.3,1.0,0.0,0.0,202719.67158604146,5000.0
0.99,2500.0,0.01,5010.0,0.01,7486.155389853039,2.259774441203863,200,0.3,1.0,0.0,0.0,451.95488824077256,5000.0
0.395,5150.0,0.605,0.0,0.605,6157.603355953552,1013.5983579302073,200,0.3,0.0,0.0,0.0,202719.67158604146,0.0
0.99,5150.0,0.01,5010.0,0.01,10156.264772464549,2.259774441203863,200,0.3,0.0,0.0,0.0,451.95488824077256,0.0
0.395,5150.0,0.605,0.0,0.605,6157.603355953552,1013.5983579302073,200,0.3,0.1,0.0,0.0,202719.67158604146,0.0
0.99,5150.0,0.01,5010.0,0.01,10156.264772464549,2.259774441203863,200,0.3,0.1,0.0,0.0,451.95488824077256,0.0
0.395,5150.0,0.605,0.0,0.605,6157.603355953552,1013.5983579302073,200,0.3,0.2,0.0,0.0,202719.67158604146,0.0
0.99,5150.0,0.01,5010.0,0.01,10156.264772464549,2.259774441203863,200,0.3,0.2,0.0,0.0,451.95488824077256,0.0
0.395,5150.0,0.605,0.0,0.605,6157.603355953552,1013.5983579302073,200,0.3,0.3,0.0,0.0,202719.67158604146,0.0
0.99,5150.0,0.01,5010.0,0.01,10156.264772464549,2.259774441203863,200,0.3,0.3,0.0,0.0,451.95488824077256,0.0
0.395,5150.0,0.605,0.0,0.605,6157.603355953552,1013.5983579302073,200,0.3,0.4,0.0,0.0,202719.67158604146,0.0
0.99,5150.0,0.01,5010.0,0.01,10156.264772464549,2.259774441203863,200,0.3,0.4,0.0,0.0,451.95488824077256,0.0
0.395,5150.0,0.605,0.0,0.605,6157.603355953552,1013.5983579302073,200,0.3,0.5,0.0,0.0,202719.67158604146,0.0
0.99,5150.0,0.01,5010.0,0.01,10156.264772464549,2.259774441203863,200,0.3,0.5,0.0,0.0,451.95488824077256,0.0
0.395,5150.0,0.605,0.0,0.605,6157.603355953552,1013.5983579302073,200,0.3,0.6,0.0,0.0,202719.67158604146,0.0
0.99,5150.0,0.01,5010.0,0.01,10156.264772464549,2.259774441203863,200,0.3,0.6,0.0,0.0,451.95488824077256,0.0
0.395,5150.0,0.605,0.0,0.605,6157.603355953552,1013.5983579302073,200,0.3,0.7,0.0,0.0,202719.67158604146,0.0
0.99,5150.0,0.01,5010.0,0.01,10156.264772464549,2.259774441203863,200,0.3,0.7,0.0,0.0,451.95488824077256,0.0
0.395,5150.0,0.605,0.0,0.605,6157.603355953552,1013.5983579302073,200,0.3,0.8,0.0,0.0,202719.67158604146,0.0
0.99,5150.0,0.01,5010.0,0.01,10156.264772464549,2.259774441203863,200,0.3,0.8,0.0,0.0,451.95488824077256,0.0
0.395,5150.0,0.605,0.0,0.605,6157.603355953552,1013.5983579302073,200,0.3,0.9,0.0,0.0,202719.67158604146,0.0
0.99,5150.0,0.01,5010.0,0.01,10156.264772464549,2.259774441203863,200,0.3,0.9,0.0,0.0,451.95488824077256,0.0
0.395,5150.0,0.605,0.0,0.605,6157.603355953552,1013.5983579302073,200,0.3,1.0,0.0,0.0,202719.67158604146,0.0
0.99,5150.0,0.01,5010.0,0.01,10156.264772464549,2.259774441203863,200,0.3,1.0,0.0,0.0,451.95488824077256,0.0
0.395,5150.0,0.605,0.0,0.605,6157.603355953552,1013.5983579302073,200,0.3,0.0,0.0,0.0,202719.67158604146,500.0
0.99,5150.0,0.01,5010.0,0.01,10156.264772464549,2.259774441203863,200,0.3,0.0,0.0,0.0,451.95488824077256,500.0
0.395,5150.0,0.605,0.0,0.605,6157.603355953552,1013.5983579302073,200,0.3,0.1,0.0,0.0,202719.67158604146,500.0
0.99,5150.0,0.01,5010.0,0.01,10156.264772464549,2.259774441203863,200,0.3,0.1,0.0,0.0,451.95488824077256,500.0
0.395,5150.0,0.605,0.0,0.605,6157.603355953552,1013.5983579302073,200,0.3,0.2,0.0,0.0,202719.67158604146,500.0
0.99,5150.0,0.01,5010.0,0.01,10156.264772464549,2.259774441203863,200,0.3,0.2,0.0,0.0,451.95488824077256,500.0
0.395,5150.0,0.605,0.0,0.605,6157.603355953552,1013.5983579302073,200,0.3,0.3,0.0,0.0,202719.67158604146,500.0
0.99,5150.0,0.01,5010.0,0.01,10156.264772464549,2.259774441203863,200,0.3,0.3,0.0,0.0,451.95488824077256,500.0
0.395,5150.0,0.605,0.0,0.605,6157.603355953552,1013.5983579302073,200,0.3,0.4,0.0,0.0,202719.67158604146,500.0
0.99,5150.0,0.01,5010.0,0.01,10156.264772464549,2.259774441203863,200,0.3,0.4,0.0,0.0,451.95488824077256,500.0
0.395,5150.0,0.605,0.0,0.605,6157.603355953552,1013.5983579302073,200,0.3,0.5,0.0,0.0,202719.67158604146,500.0
0.99,5150.0,0.01,5010.0,0.01,10156.264772464549,2.259774441203863,200,0.3,0.5,0.0,0.0,451.95488824077256,500.0
0.395,5150.0,0.605,0.0,0.605,6157.603355953552,1013.5983579302073,200,0.3,0.6,0.0,0.0,202719.67158604146,500.0
0.99,5150.0,0.01,5010.0,0.01,10156.264772464549,2.259774441203863,200,0.3,0.6,0.0,0.0,451.95488824077256,500.0
0.395,5150.0,0.605,0.0,0.605,6157.603355953552,1013.5983579302073,200,0.3,0.7,0.0,0.0,202719.67158604146,500.0
0.99,5150.0,0.01,5010.0,0.01,10156.264772464549,2.259774441203863,200,0.3,0.7,0.0,0.0,451.95488824077256,500.0
0.395,5150.0,0.605,0.0,0.605,6157.603355953552,1013.5983579302073,200,0.3,0.8,0.0,0.0,202719.67158604146,500.0
0.99,5150.0,0.01,5010.0,0.01,10156.264772464549,2.259774441203863,200,0.3,0.8,0.0,0.0,451.95488824077256,500.0
0.395,5150.0,0.605,0.0,0.605,6157.603355953552,1013.5983579302073,200,0.3,0.9,0.0,0.0,202719.67158604146,500.0
0.99,5150.0,0.01,5010.0,0.01,10156.264772464549,2.259774441203863,200,0.3,0.9,0.0,0.0,451.95488824077256,500.0
0.395,5150.0,0.605,0.0,0.605,6157.603355953552,1013.5983579302073,200,0.3,1.0,0.0,0.0,202719.67158604146,500.0
0.99,5150.0,0.01,5010.0,0.01,10156.264772464549,2.259774441203863,200,0.3,1.0,0.0,0.0,451.95488824077256,500.0
0.395,5150.0,0.605,0.0,0.605,6157.603355953552,1013.5983579302073,200,0.3,0.0,0.0,0.0,202719.67158604146,1000.0
0.99,5150.0,0.01,5010.0,0.01,10156.264772464549,2.259774441203863,200,0.3,0.0,0.0,0.0,451.95488824077256,1000.0
0.395,5150.0,0.605,0.0,0.605,6157.603355953552,1013.5983579302073,200,0.3,0.1,0.0,0.0,202719.67158604146,1000.0
0.99,5150.0,0.01,5010.0,0.01,10156.264772464549,2.259774441203863,200,0.3,0.1,0.0,0.0,451.95488824077256,1000.0
0.395,5150.0,0.605,0.0,0.605,6157.603355953552,1013.5983579302073,200,0.3,0.2,0.0,0.0,202719.67158604146,1000.0
0.99,5150.0,0.01,5010.0,0.01,10156.264772464549,2.259774441203863,200,0.3,0.2,0.0,0.0,451.95488824077256,1000.0
0.395,5150.0,0.605,0.0,0.605,6157.603355953552,1013.5983579302073,200,0.3,0.3,0.0,0.0,202719.67158604146,1000.0
0.99,5150.0,0.01,5010.0,0.01,10156.264772464549,2.259774441203863,200,0.3,0.3,0.0,0.0,451.95488824077256,1000.0
0.395,5150.0,0.605,0.0,0.605,6157.603355953552,1013.5983579302073,200,0.3,0.4,0.0,0.0,202719.67158604146,1000.0
0.99,5150.0,0.01,5010.0,0.01,10156.264772464549,2.259774441203863,200,0.3,0.4,0.0,0.0,451.95488824077256,1000.0
0.395,5150.0,0.605,0.0,0.605,6157.603355953552,1013.5983579302073,200,0.3,0.5,0.0,0.0,202719.67158604146,1000.0
0.99,5150.0,0.01,5010.0,0.01,10156.264772464549,2.259774441203863,200,0.3,0.5,0.0,0.0,451.95488824077256,1000.0
0.395,5150.0,0.605,0.0,0.605,6157.603355953552,1013.5983579302073,200,0.3,0.6,0.0,0.0,202719.67158604146,1000.0
0.99,5150.0,0.01,5010.0,0.01,10156.264772464549,2.259774441203863,200,0.3,0.6,0.0,0.0,451.95488824077256,1000.0
0.395,5150.0,0.605,0.0,0.605,6157.603355953552,1013.5983579302073,200,0.3,0.7,0.0,0.0,202719.67158604146,1000.0
0.99,5150.0,0.01,5010.0,0.01,10156.264772464549,2.259774441203863,200,0.3,0.7,0.0,0.0,451.95488824077256,1000.0
0.395,5150.0,0.605,0.0,0.605,6157.603355953552,1013.5983579302073,200,0.3,0.8,0.0,0.0,202719.67158604146,1000.0
0.99,5150.0,0.01,5010.0,0.01,10156.264772464549,2.259774441203863,200,0.3,0.8,0.0,0.0,451.95488824077256,1000.0
0.395,5150.0,0.605,0.0,0.605,6157.603355953552,1013.5983579302073,200,0.3,0.9,0.0,0.0,202719.67158604146,1000.0
0.99,5150.0,0.01,5010.0,0.01,10156.264772464549,2.259774441203863,200,0.3,0.9,0.0,0.0,451.95488824077256,1000.0
0.395,5150.0,0.605,0.0,0.605,6157.603355953552,1013.5983579302073,200,0.3,1.0,0.0,0.0,202719.67158604146,1000.0
0.99,5150.0,0.01,5010.0,0.01,10156.264772464549,2.259774441203863,200,0.3,1.0,0.0,0.0,451.95488824077256,1000.0
0.395,5150.0,0.605,0.0,0.605,6157.603355953552,1013.5983579302073,200,0.3,0.0,0.0,0.0,202719.67158604146,2500.0
0.99,5150.0,0.01,5010.0,0.01,10156.264772464549,2.259774441203863,200,0.3,0.0,0.0,0.0,451.95488824077256,2500.0
0.395,5150.0,0.605,0.0,0.605,6157.603355953552,1013.5983579302073,200,0.3,0.1,0.0,0.0,202719.67158604146,2500.0
0.99,5150.0,0.01,5010.0,0.01,10156.264772464549,2.259774441203863,200,0.3,0.1,0.0,0.0,451.95488824077256,2500.0
0.395,5150.0,0.605,0.0,0.605,6157.603355953552,1013.5983579302073,200,0.3,0.2,0.0,0.0,202719.67158604146,2500.0
0.99,5150.0,0.01,5010.0,0.01,10156.264772464549,2.259774441203863,200,0.3,0.2,0.0,0.0,451.95488824077256,2500.0
0.395,5150.0,0.605,0.0,0.605,6157.603355953552,1013.5983579302073,200,0.3,0.3,0.0,0.0,202719.67158604146,2500.0
0.99,5150.0,0.01,5010.0,0.01,10156.264772464549,2.259774441203863,200,0.3,0.3,0.0,0.0,451.95488824077256,2500.0
0.395,5150.0,0.605,0.0,0.605,6157.603355953552,1013.5983579302073,200,0.3,0.4,0.0,0.0,202719.67158604146,2500.0
0.99,5150.0,0.01,5010.0,0.01,10156.264772464549,2.259774441203863,200,0.3,0.4,0.0,0.0,451.95488824077256,2500.0
0.395,5150.0,0.605,0.0,0.605,6157.603355953552,1013.5983579302073,200,0.3,0.5,0.0,0.0,202719.67158604146,2500.0
0.99,5150.0,0.01,5010.0,0.01,10156.264772464549,2.259774441203863,200,0.3,0.5,0.0,0.0,451.95488824077256,2500.0
0.395,5150.0,0.605,0.0,0.605,6157.603355953552,1013.5983579302073,200,0.3,0.6,0.0,0.0,202719.67158604146,2500.0
0.99,5150.0,0.01,5010.0,0.01,10156.264772464549,2.259774441203863,200,0.3,0.6,0.0,0.0,451.95488824077256,2500.0
0.395,5150.0,0.605,0.0,0.605,6157.603355953552,1013.5983579302073,200,0.3,0.7,0.0,0.0,202719.67158604146,2500.0
0.99,5150.0,0.01,5010.0,0.01,10156.264772464549,2.259774441203863,200,0.3,0.7,0.0,0.0,451.95488824077256,2500.0
0.395,5150.0,0.605,0.0,0.605,6157.603355953552,1013.5983579302073,200,0.3,0.8,0.0,0.0,202719.67158604146,2500.0
0.99,5150.0,0.01,5010.0,0.01,10156.264772464549,2.259774441203863,200,0.3,0.8,0.0,0.0,451.95488824077256,2500.0
0.395,5150.0,0.605,0.0,0.605,6157.603355953552,1013.5983579302073,200,0.3,0.9,0.0,0.0,202719.67158604146,2500.0
0.99,5150.0,0.01,5010.0,0.01,10156.264772464549,2.259774441203863,200,0.3,0.9,0.0,0.0,451.95488824077256,2500.0
0.395,5150.0,0.605,0.0,0.605,6157.603355953552,1013.5983579302073,200,0.3,1.0,0.0,0.0,202719.67158604146,2500.0
0.99,5150.0,0.01,5010.0,0.01,10156.264772464549,2.259774441203863,200,0.3,1.0,0.0,0.0,451.95488824077256,2500.0
0.395,5150.0,0.605,0.0,0.605,6157.603355953552,1013.5983579302073,200,0.3,0.0,0.0,0.0,202719.67158604146,5000.0
0.99,5150.0,0.01,5010.0,0.01,10156.264772464549,2.259774441203863,200,0.3,0.0,0.0,0.0,451.95488824077256,5000.0
0.395,5150.0,0.605,0.0,0.605,6157.603355953552,1013.5983579302073,200,0.3,0.1,0.0,0.0,202719.67158604146,5000.0
0.99,5150.0,0.01,5010.0,0.01,10156.264772464549,2.259774441203863,200,0.3,0.1,0.0,0.0,451.95488824077256,5000.0
0.395,5150.0,0.605,0.0,0.605,6157.603355953552,1013.5983579302073,200,0.3,0.2,0.0,0.0,202719.67158604146,5000.0
0.99,5150.0,0.01,5010.0,0.01,10156.264772464549,2.259774441203863,200,0.3,0.2,0.0,0.0,451.95488824077256,5000.0
0.395,5150.0,0.605,0.0,0.605,6157.603355953552,1013.5983579302073,200,0.3,0.3,0.0,0.0,202719.67158604146,5000.0
0.99,5150.0,0.01,5010.0,0.01,10156.264772464549,2.259774441203863,200,0.3,0.3,0.0,0.0,451.95488824077256,5000.0
0.395,5150.0,0.605,0.0,0.605,6157.603355953552,1013.5983579302073,200,0.3,0.4,0.0,0.0,202719.67158604146,5000.0
0.99,5150.0,0.01,5010.0,0.01,10156.264772464549,2.259774441203863,200,0.3,0.4,0.0,0.0,451.95488824077256,5000.0
0.395,5150.0,0.605,0.0,0.605,6157.603355953552,1013.5983579302073,200,0.3,0.5,0.0,0.0,202719.67158604146,5000.0
0.99,5150.0,0.01,5010.0,0.01,10156.264772464549,2.259774441203863,200,0.3,0.5,0.0,0.0,451.95488824077256,5000.0
0.395,5150.0,0.605,0.0,0.605,6157.603355953552,1013.5983579302073,200,0.3,0.6,0.0,0.0,202719.67158604146,5000.0
0.99,5150.0,0.01,5010.0,0.01,10156.264772464549,2.259774441203863,200,0.3,0.6,0.0,0.0,451.95488824077256,5000.0
0.395,5150.0,0.605,0.0,0.605,6157.603355953552,1013.5983579302073,200,0.3,0.7,0.0,0.0,202719.67158604146,5000.0
0.99,5150.0,0.01,5010.0,0.01,10156.264772464549,2.259774441203863,200,0.3,0.7,0.0,0.0,451.95488824077256,5000.0
0.395,5150.0,0.605,0.0,0.605,6157.603355953552,1013.5983579302073,200,0.3,0.8,0.0,0.0,202719.67158604146,5000.0
0.99,5150.0,0.01,5010.0,0.01,10156.264772464549,2.259774441203863,200,0.3,0.8,0.0,0.0,451.95488824077256,5000.0
0.395,5150.0,0.605,0.0,0.605,6157.603355953552,1013.5983579302073,200,0.3,0.9,0.0,0.0,202719.67158604146,5000.0
0.99,5150.0,0.01,5010.0,0.01,10156.264772464549,2.259774441203863,200,0.3,0.9,0.0,0.0,451.95488824077256,5000.0
0.395,5150.0,0.605,0.0,0.605,6157.603355953552,1013.5983579302073,200,0.3,1.0,0.0,0.0,202719.67158604146,5000.0
0.99,5150.0,0.01,5010.0,0.01,10156.264772464549,2.259774441203863,200,0.3,1.0,0.0,0.0,451.95488824077256,5000.0
0.425,0.0,1.0,0.0,0.575,5176.862213868752,5243.008901968931,200,0.6,0.0,1.0,0.425,1048601.7803937863,0.0
0.975,0.0,1.0,5010.0,0.025,10186.862213868753,5243.008901968931,200,0.6,0.0,1.0,0.975,1048601.7803937863,0.0
0.425,0.0,1.0,0.0,0.575,5176.862213868752,5243.008901968931,200,0.6,0.1,1.0,0.425,1048601.7803937863,0.0
0.975,0.0,1.0,5010.0,0.025,10186.862213868753,5243.008901968931,200,0.6,0.1,1.0,0.975,1048601.7803937863,0.0
0.425,0.0,1.0,0.0,0.575,5176.862213868752,5243.008901968931,200,0.6,0.2,1.0,0.425,1048601.7803937863,0.0
0.975,0.0,1.0,5010.0,0.025,10186.862213868753,5243.008901968931,200,0.6,0.2,1.0,0.975,1048601.7803937863,0.0
0.425,0.0,1.0,0.0,0.575,5176.862213868752,5243.008901968931,200,0.6,0.3,1.0,0.425,1048601.7803937863,0.0
0.975,0.0,1.0,5010.0,0.025,10186.862213868753,5243.008901968931,200,0.6,0.3,1.0,0.975,1048601.7803937863,0.0
0.425,0.0,1.0,0.0,0.575,5176.862213868752,5243.008901968931,200,0.6,0.4,1.0,0.425,1048601.7803937863,0.0
0.975,0.0,1.0,5010.0,0.025,10186.862213868753,5243.008901968931,200,0.6,0.4,1.0,0.975,1048601.7803937863,0.0
0.425,0.0,1.0,0.0,0.575,5176.862213868752,5243.008901968931,200,0.6,0.5,1.0,0.425,1048601.7803937863,0.0
0.975,0.0,1.0,5010.0,0.025,10186.862213868753,5243.008901968931,200,0.6,0.5,1.0,0.975,1048601.7803937863,0.0
0.425,0.0,1.0,0.0,0.575,5176.862213868752,5243.008901968931,200,0.6,0.6,1.0,0.425,1048601.7803937863,0.0
0.975,0.0,1.0,5010.0,0.025,10186.862213868753,5243.008901968931,200,0.6,0.6,1.0,0.975,1048601.7803937863,0.0
0.425,0.0,1.0,0.0,0.575,5176.862213868752,5243.008901968931,200,0.6,0.7,1.0,0.425,1048601.7803937863,0.0
0.975,0.0,1.0,5010.0,0.025,10186.862213868753,5243.008901968931,200,0.6,0.7,1.0,0.975,1048601.7803937863,0.0
0.425,0.0,1.0,0.0,0.575,5176.862213868752,5243.008901968931,200,0.6,0.8,1.0,0.425,1048601.7803937863,0.0
0.975,0.0,1.0,5010.0,0.025,10186.862213868753,5243.008901968931,200,0.6,0.8,1.0,0.975,1048601.7803937863,0.0
0.425,0.0,1.0,0.0,0.575,5176.862213868752,5243.008901968931,200,0.6,0.9,1.0,0.425,1048601.7803937863,0.0
0.975,0.0,1.0,5010.0,0.025,10186.862213868753,5243.008901968931,200,0.6,0.9,1.0,0.975,1048601.7803937863,0.0
0.425,0.0,0.575,0.0,0.575,949.2578475510232,1015.4045356512029,200,0.6,1.0,1.0,0.0,203080.90713024058,0.0
0.975,0.0,0.025,5010.0,0.025,4976.22445645611,32.371144556289075,200,0.6,1.0,1.0,0.0,6474.228911257815,0.0
0.425,0.0,1.0,0.0,0.575,5176.862213868752,5243.008901968931,200,0.6,0.0,0.9029126213592233,0.425,1048601.7803937863,500.0
0.975,0.0,1.0,5010.0,0.025,10186.862213868753,5243.008901968931,200,0.6,0.0,0.9029126213592233,0.975,1048601.7803937863,500.0
0.425,0.0,1.0,0.0,0.575,5176.862213868752,5243.008901968931,200,0.6,0.1,0.9029126213592233,0.425,1048601.7803937863,500.0
0.975,0.0,1.0,5010.0,0.025,10186.862213868753,5243.008901968931,200,0.6,0.1,0.9029126213592233,0.975,1048601.7803937863,500.0
0.425,0.0,1.0,0.0,0.575,5176.862213868752,5243.008901968931,200,0.6,0.2,0.9029126213592233,0.425,1048601.7803937863,500.0
0.975,0.0,1.0,5010.0,0.025,10186.862213868753,5243.008901968931,200,0.6,0.2,0.9029126213592233,0.975,1048601.7803937863,500.0
0.425,0.0,1.0,0.0,0.575,5176.862213868752,5243.008901968931,200,0.6,0.3,0.9029126213592233,0.425,1048601.7803937863,500.0
0.975,0.0,1.0,5010.0,0.025,10186.862213868753,5243.008901968931,200,0.6,0.3,0.9029126213592233,0.975,1048601.7803937863,500.0
0.425,0.0,1.0,0.0,0.575,5176.862213868752,5243.008901968931,200,0.6,0.4,0.9029126213592233,0.425,1048601.7803937863,500.0
0.975,0.0,1.0,5010.0,0.025,10186.862213868753,5243.008901968931,200,0.6,0.4,0.9029126213592233,0.975,1048601.7803937863,500.0
0.425,0.0,0.995,0.0,0.575,5172.251237802886,5238.397925903065,200,0.6,0.5,0.9029126213592233,0.42,1047679.585180613,500.0
0.975,0.0,0.995,5010.0,0.025,10182.251237802886,5238.397925903065,200,0.6,0.5,0.9029126213592233,0.97,1047679.585180613,500.0
0.425,0.0,0.975,0.0,0.575,5149.266407461941,5215.413095562119,200,0.6,0.6,0.9029126213592233,0.4,1043082.619112424,500.0
0.975,0.0,0.975,5010.0,0.025,10159.266407461939,5215.413095562119,200,0.6,0.6,0.9029126213592233,0.95,1043082.619112424,500.0
0.425,0.0,0.955,0.0,0.575,5118.749878701746,5184.8965668019255,200,0.6,0.7,0.9029126213592233,0.38,1036979.313360385,500.0
0.975,0.0,0.935,5010.0,0.025,10099.196919021753,5155.343607121932,200,0.6,0.7,0.9029126213592233,0.91,1031068.7214243865,500.0
0.425,0.0,0.895,0.0,0.575,5002.698198186767,5068.844886286946,200,0.6,0.8,0.9029126213592233,0.32,1013768.9772573892,500.0
0.975,0.0,0.82,5010.0,0.025,9861.100263186781,4917.246951286962,200,0.6,0.8,0.9029126213592233,0.795,983449.3902573924,500.0
0.425,0.0,0.725,0.0,0.575,4405.669691488088,4471.816379588267,200,0.6,0.9,0.9029126213592233,0.15,894363.2759176535,500.0
0.975,0.0,0.415,5010.0,0.025,8347.492005150045,3403.6386932502246,200,0.6,0.9,0.9029126213592233,0.39,680727.7386500449,500.0
0.425,0.0,0.575,0.0,0.575,949.2578475510232,1015.4045356512029,200,0.6,1.0,0.9029126213592233,0.0,203080.90713024058,500.0
0.975,0.0,0.025,5010.0,0.025,4976.22445645611,32.371144556289075,200,0.6,1.0,0.9029126213592233,0.0,6474.228911257815,500.0
0.425,0.0,0.995,0.0,0.575,5172.251237802886,5238.397925903065,200,0.6,0.0,0.8058252427184466,0.42,1047679.585180613,1000.0
0.975,0.0,0.995,5010.0,0.025,10182.251237802886,5238.397925903065,200,0.6,0.0,0.8058252427184466,0.97,1047679.585180613,1000.0
0.425,0.0,0.985,0.0,0.575,5161.433579225027,5227.5802673252065,200,0.6,0.1,0.8058252427184466,0.41,1045516.0534650413,1000.0
0.975,0.0,0.985,5010.0,0.025,10171.433579225028,5227.5802673252065,200,0.6,0.1,0.8058252427184466,0.96,1045516.0534650413,1000.0
0.425,0.0,0.975,0.0,0.575,5149.266407461941,5215.413095562119,200,0.6,0.2,0.8058252427184466,0.4,1043082.619112424,1000.0
0.975,0.0,0.975,5010.0,0.025,10159.266407461939,5215.413095562119,200,0.6,0.2,0.8058252427184466,0.95,1043082.619112424,1000.0
0.425,0.0,0.97,0.0,0.575,5142.801936021021,5208.948624121201,200,0.6,0.3,0.8058252427184466,0.395,1041789.7248242402,1000.0
0.975,0.0,0.965,5010.0,0.025,10146.515895613755,5202.662583713935,200,0.6,0.3,0.8058252427184466,0.94,1040532.5167427871,1000.0
0.425,0.0,0.955,0.0,0.575,5118.749878701746,5184.8965668019255,200,0.6,0.4,0.8058252427184466,0.38,1036979.313360385,1000.0
0.975,0.0,0.935,5010.0,0.025,10099.196919021753,5155.343607121932,200,0.6,0.4,0.8058252427184466,0.91,1031068.7214243865,1000.0
0.425,0.0,0.915,0.0,0.575,5045.669301663702,5111.815989763881,200,0.6,0.5,0.8058252427184466,0.34,1022363.1979527762,1000.0
0.975,0.0,0.895,5010.0,0.025,10026.11634198371,5082.263030083888,200,0.6,0.5,0.8058252427184466,0.87,1016452.6060167777,1000.0
0.425,0.0,0.895,0.0,0.575,5002.698198186767,5068.844886286946,200,0.6,0.6,0.8058252427184466,0.32,1013768.9772573892,1000.0
0.975,0.0,0.82,5010.0,0.025,9861.100263186781,4917.246951286962,200,0.6,0.6,0.8058252427184466,0.795,983449.3902573924,1000.0
0.425,0.0,0.82,0.0,0.575,4787.236541396979,4853.383229497159,200,0.6,0.7,0.8058252427184466,0.245,970676.6458994318,1000.0
0.975,0.0,0.685,5010.0,0.025,9472.745752822342,4528.892440922522,200,0.6,0.7,0.8058252427184466,0.66,905778.4881845044,1000.0
0.425,0.0,0.725,0.0,0.575,4405.669691488088,4471.816379588267,200,0.6,0.8,0.8058252427184466,0.15,894363.2759176535,1000.0
0.975,0.0,0.415,5010.0,0.025,8347.492005150045,3403.6386932502246,200,0.6,0.8,0.8058252427184466,0.39,680727.7386500449,1000.0
0.425,0.0,0.6,0.0,0.575,3576.3836706350103,3642.5303587351896,200,0.6,0.9,0.8058252427184466,0.025,728506.0717470379,1000.0
0.975,0.0,0.1,5010.0,0.025,6270.44104787045,1326.5877359706296,200,0.6,0.9,0.8058252427184466,0.075,265317.54719412595,1000.0
0.425,0.0,0.575,0.0,0.575,949.2578475510232,1015.4045356512029,200,0.6,1.0,0.8058252427184466,0.0,203080.90713024058,1000.0
0.975,0.0,0.025,5010.0,0.025,4976.22445645611,32.371144556289075,200,0.6,1.0,0.8058252427184466,0.0,6474.228911257815,1000.0
0.425,0.0,0.895,0.0,0.575,5002.698198186767,5068.844886286946,200,0.6,0.0,0.5145631067961165,0.32,1013768.9772573892,2500.0
0.975,0.0,0.82,5010.0,0.025,9861.100263186781,4917.246951286962,200,0.6,0.0,0.5145631067961165,0.795,983449.3902573924,2500.0
0.425,0.0,0.86,0.0,0.575,4909.987684377383,4976.134372477563,200,0.6,0.1,0.5145631067961165,0.285,995226.8744955127,2500.0
0.975,0.0,0.77,5010.0,0.025,9729.270699530349,4785.417387630528,200,0.6,0.1,0.5145631067961165,0.745,957083.4775261055,2500.0
0.425,0.0,0.84,0.0,0.575,4851.528464564158,4917.675152664338,200,0.6,0.2,0.5145631067961165,0.265,983535.0305328676,2500.0
0.975,0.0,0.715,5010.0,0.025,9569.003341018135,4625.150029118315,200,0.6,0.2,0.5145631067961165,0.69,925030.0058236629,2500.0
0.425,0.0,0.8,0.0,0.575,4717.499792804479,4783.646480904657,200,0.6,0.3,0.5145631067961165,0.225,956729.2961809315,2500.0
0.975,0.0,0.65,5010.0,0.025,9350.60387029588,4406.750558396058,200,0.6,0.3,0.5145631067961165,0.625,881350.1116792117,2500.0
0.425,0.0,0.755,0.0,0.575,4544.560792971188,4610.707481071368,200,0.6,0.4,0.5145631067961165,0.18,922141.4962142736,2500.0
0.975,0.0,0.54,5010.0,0.025,8926.30715119938,3982.4538392995587,200,0.6,0.4,0.5145631067961165,0.515,796490.7678599118,2500.0
0.425,0.0,0.725,0.0,0.575,4405.669691488088,4471.816379588267,200,0.6,0.5,0.5145631067961165,0.15,894363.2759176535,2500.0
0.975,0.0,0.415,5010.0,0.025,8347.492005150045,3403.6386932502246,200,0.6,0.5,0.5145631067961165,0.39,680727.7386500449,2500.0
0.425,0.0,0.66,0.0,0.575,4042.2576571081004,4108.40434520828,200,0.6,0.6,0.5145631067961165,0.085,821680.8690416559,2500.0
0.975,0.0,0.255,5010.0,0.025,7466.336767000773,2522.4834551009517,200,0.6,0.6,0.5145631067961165,0.23,504496.6910201903,2500.0
0.425,0.0,0.62,0.0,0.575,3754.689116048747,3820.835804148927,200,0.6,0.7,0.5145631067961165,0.045,764167.1608297854,2500.0
0.975,0.0,0.145,5010.0,0.025,6678.614840063338,1734.7615281635167,200,0.6,0.7,0.5145631067961165,0.12,346952.30563270336,2500.0
0.425,0.0,0.6,0.0,0.575,3576.3836706350103,3642.5303587351896,200,0.6,0.8,0.5145631067961165,0.025,728506.0717470379,2500.0
0.975,0.0,0.065,5010.0,0.025,5879.56207077679,935.7087588769696,200,0.6,0.8,0.5145631067961165,0.04,187141.7517753939,2500.0
0.425,0.0,0.575,0.0,0.575,3150.0989914922307,3216.24567959241,200,0.6,0.9,0.5145631067961165,0.0,643249.135918482,2500.0
0.975,0.0,0.025,5010.0,0.025,5224.433036056524,280.57972415670315,200,0.6,0.9,0.5145631067961165,0.0,56115.94483134063,2500.0
0.425,0.0,0.575,0.0,0.575,949.2578475510232,1015.4045356512029,200,0.6,1.0,0.5145631067961165,0.0,203080.90713024058,2500.0
0.975,0.0,0.025,5010.0,0.025,4976.22445645611,32.371144556289075,200,0.6,1.0,0.5145631067961165,0.0,6474.228911257815,2500.0
0.425,0.0,0.725,0.0,0.575,4405.669691488088,4471.816379588267,200,0.6,0.0,0.029126213592232997,0.15,894363.2759176535,5000.0
0.975,0.0,0.415,5010.0,0.025,8347.492005150045,3403.6386932502246,200,0.6,0.0,0.029126213592232997,0.39,680727.7386500449,5000.0
0.425,0.0,0.695,0.0,0.575,4247.018194918719,4313.164883018899,200,0.6,0.1,0.029126213592232997,0.12,862632.9766037797,5000.0
0.975,0.0,0.33,5010.0,0.025,7902.926415242849,2959.0731033430284,200,0.6,0.1,0.029126213592232997,0.305,591814.6206686057,5000.0
0.425,0.0,0.66,0.0,0.575,4042.2576571081004,4108.40434520828,200,0.6,0.2,0.029126213592232997,0.085,821680.8690416559,5000.0
0.975,0.0,0.255,5010.0,0.025,7466.336767000773,2522.4834551009517,200,0.6,0.2,0.029126213592232997,0.23,504496.6910201903,5000.0
0.425,0.0,0.64,0.0,0.575,3909.574576791394,3975.721264891574,200,0.6,0.3,0.029126213592232997,0.065,795144.2529783148,5000.0
0.975,0.0,0.195,5010.0,0.025,7058.934361596662,2115.08104969684,200,0.6,0.3,0.029126213592232997,0.17,423016.20993936807,5000.0
0.425,0.0,0.62,0.0,0.575,3754.689116048747,3820.835804148927,200,0.6,0.4,0.029126213592232997,0.045,764167.1608297854,5000.0
0.975,0.0,0.145,5010.0,0.025,6678.614840063338,1734.7615281635167,200,0.6,0.4,0.029126213592232997,0.12,346952.30563270336,5000.0
0.425,0.0,0.6,0.0,0.575,3576.3836706350103,3642.5303587351896,200,0.6,0.5,0.029126213592232997,0.025,728506.0717470379,5000.0
0.975,0.0,0.1,5010.0,0.025,6270.44104787045,1326.5877359706296,200,0.6,0.5,0.029126213592232997,0.075,265317.54719412595,5000.0
0.425,0.0,0.6,0.0,0.575,3576.3836706350103,3642.5303587351896,200,0.6,0.6,0.029126213592232997,0.025,728506.0717470379,5000.0
0.975,0.0,0.065,5010.0,0.025,5879.56207077679,935.7087588769696,200,0.6,0.6,0.029126213592232997,0.04,187141.7517753939,5000.0
0.425,0.0,0.585,0.0,0.575,3370.420805887222,3436.567493987402,200,0.6,0.7,0.029126213592232997,0.01,687313.4987974804,5000.0
0.975,0.0,0.04,5010.0,0.025,5531.6781823266565,587.8248704268365,200,0.6,0.7,0.029126213592232997,0.015,117564.9740853673,5000.0
0.425,0.0,0.575,0.0,0.575,3150.0989914922307,3216.24567959241,200,0.6,0.8,0.029126213592232997,0.0,643249.135918482,5000.0
0.975,0.0,0.025,5010.0,0.025,5224.433036056524,280.57972415670315,200,0.6,0.8,0.029126213592232997,0.0,56115.94483134063,5000.0
0.425,0.0,0.575,0.0,0.575,3150.0989914922307,3216.24567959241,200,0.6,0.9,0.029126213592232997,0.0,643249.135918482,5000.0
0.975,0.0,0.025,5010.0,0.025,5224.433036056524,280.57972415670315,200,0.6,0.9,0.029126213592232997,0.0,56115.94483134063,5000.0
0.425,0.0,0.575,0.0,0.575,949.2578475510232,1015.4045356512029,200,0.6,1.0,0.029126213592232997,0.0,203080.90713024058,5000.0
0.975,0.0,0.025,5010.0,0.025,4976.22445645611,32.371144556289075,200,0.6,1.0,0.029126213592232997,0.0,6474.228911257815,5000.0
0.425,2500.0,1.0,0.0,0.575,5210.412787475832,2731.4095231639094,200,0.6,0.0,1.0,0.425,546281.9046327819,0.0
0.975,2500.0,1.0,5010.0,0.025,10186.862213868753,2697.858949556829,200,0.6,0.0,1.0,0.975,539571.7899113658,0.0
0.425,2500.0,1.0,0.0,0.575,5210.412787475832,2731.4095231639094,200,0.6,0.1,1.0,0.425,546281.9046327819,0.0
0.975,2500.0,1.0,5010.0,0.025,10186.862213868753,2697.858949556829,200,0.6,0.1,1.0,0.975,539571.7899113658,0.0
0.425,2500.0,1.0,0.0,0.575,5210.412787475832,2731.4095231639094,200,0.6,0.2,1.0,0.425,546281.9046327819,0.0
0.975,2500.0,1.0,5010.0,0.025,10186.862213868753,2697.858949556829,200,0.6,0.2,1.0,0.975,539571.7899113658,0.0
0.425,2500.0,1.0,0.0,0.575,5210.412787475832,2731.4095231639094,200,0.6,0.3,1.0,0.425,546281.9046327819,0.0
0.975,2500.0,1.0,5010.0,0.025,10186.862213868753,2697.858949556829,200,0.6,0.3,1.0,0.975,539571.7899113658,0.0
0.425,2500.0,1.0,0.0,0.575,5210.412787475832,2731.4095231639094,200,0.6,0.4,1.0,0.425,546281.9046327819,0.0
0.975,2500.0,1.0,5010.0,0.025,10186.862213868753,2697.858949556829,200,0.6,0.4,1.0,0.975,539571.7899113658,0.0
0.425,2500.0,1.0,0.0,0.575,5210.412787475832,2731.4095231639094,200,0.6,0.5,1.0,0.425,546281.9046327819,0.0
0.975,2500.0,1.0,5010.0,0.025,10186.862213868753,2697.858949556829,200,0.6,0.5,1.0,0.975,539571.7899113658,0.0
0.425,2500.0,1.0,0.0,0.575,5210.412787475832,2731.4095231639094,200,0.6,0.6,1.0,0.425,546281.9046327819,0.0
0.975,2500.0,1.0,5010.0,0.025,10186.862213868753,2697.858949556829,200,0.6,0.6,1.0,0.975,539571.7899113658,0.0
0.425,2500.0,1.0,0.0,0.575,5210.412787475832,2731.4095231639094,200,0.6,0.7,1.0,0.425,546281.9046327819,0.0
0.975,2500.0,1.0,5010.0,0.025,10186.862213868753,2697.858949556829,200,0.6,0.7,1.0,0.975,539571.7899113658,0.0
0.425,2500.0,1.0,0.0,0.575,5210.412787475832,2731.4095231639094,200,0.6,0.8,1.0,0.425,546281.9046327819,0.0
0.975,2500.0,1.0,5010.0,0.025,10186.862213868753,2697.858949556829,200,0.6,0.8,1.0,0.975,539571.7899113658,0.0
0.425,2500.0,1.0,0.0,0.575,5210.412787475832,2731.4095231639094,200,0.6,0.9,1.0,0.425,546281.9046327819,0.0
0.975,2500.0,1.0,5010.0,0.025,10186.862213868753,2697.858949556829,200,0.6,0.9,1.0,0.975,539571.7899113658,0.0
0.425,2500.0,0.575,0.0,0.575,3494.407799963126,1015.4045356512029,200,0.6,1.0,1.0,0.0,203080.90713024058,0.0
0.975,2500.0,0.025,5010.0,0.025,7521.374408868213,32.371144556289075,200,0.6,1.0,1.0,0.0,6474.228911257815,0.0
0.425,2500.0,0.995,0.0,0.575,5208.040149306017,2729.0368849940946,200,0.6,0.0,0.8113207547169812,0.42,545807.376998819,500.0
0.975,2500.0,0.995,5010.0,0.025,10184.489575698937,2695.4863113870147,200,0.6,0.0,0.8113207547169812,0.97,539097.2622774029,500.0
0.425,2500.0,0.99,0.0,0.575,5205.27267392323,2726.2694096113078,200,0.6,0.1,0.8113207547169812,0.415,545253.8819222616,500.0
0.975,2500.0,0.99,5010.0,0.025,10181.72210031615,2692.7188360042264,200,0.6,0.1,0.8113207547169812,0.965,538543.7672008453,500.0
0.425,2500.0,0.98,0.0,0.575,5199.422309185677,2720.4190448737536,200,0.6,0.2,0.8113207547169812,0.405,544083.8089747507,500.0
0.975,2500.0,0.98,5010.0,0.025,10175.871735578596,2686.8684712666727,200,0.6,0.2,0.8113207547169812,0.955,537373.6942533345,500.0
0.425,2500.0,0.97,0.0,0.575,5192.886625088166,2713.883360776242,200,0.6,0.3,0.8113207547169812,0.395,542776.6721552485,500.0
0.975,2500.0,0.965,5010.0,0.025,10166.101486999676,2677.098222687753,200,0.6,0.3,0.8113207547169812,0.94,535419.6445375506,500.0
0.425,2500.0,0.965,0.0,0.575,5189.02933655943,2710.026072247507,200,0.6,0.4,0.8113207547169812,0.39,542005.2144495014,500.0
0.975,2500.0,0.95,5010.0,0.025,10154.503761114553,2665.5004968026306,200,0.6,0.4,0.8113207547169812,0.925,533100.0993605261,500.0
0.425,2500.0,0.92,0.0,0.575,5148.017516188611,2669.0142518766875,200,0.6,0.5,0.8113207547169812,0.345,533802.8503753375,500.0
0.975,2500.0,0.9,5010.0,0.025,10109.260079833573,2620.2568155216495,200,0.6,0.5,0.8113207547169812,0.875,524051.3631043299,500.0
0.425,2500.0,0.895,0.0,0.575,5120.794410474423,2641.791146162499,200,0.6,0.6,0.8113207547169812,0.32,528358.2292324998,500.0
0.975,2500.0,0.82,5010.0,0.025,10019.237132449874,2530.233868137952,200,0.6,0.6,0.8113207547169812,0.795,506046.7736275904,500.0
0.425,2500.0,0.83,0.0,0.575,5026.675586688203,2547.67232237628,200,0.6,0.7,0.8113207547169812,0.255,509534.464475256,500.0
0.975,2500.0,0.7,5010.0,0.025,9844.492929947732,2355.489665635809,200,0.6,0.7,0.8113207547169812,0.675,471097.9331271618,500.0
0.425,2500.0,0.73,0.0,0.575,4826.312549957599,2347.309285645676,200,0.6,0.8,0.8113207547169812,0.155,469461.8571291352,500.0
0.975,2500.0,0.445,5010.0,0.025,9316.768527384907,1827.765263072985,200,0.6,0.8,0.8113207547169812,0.42,365553.05261459696,500.0
0.425,2500.0,0.6,0.0,0.575,4386.865575908956,1907.8623115970329,200,0.6,0.9,0.8113207547169812,0.025,381572.46231940656,500.0
0.975,2500.0,0.1,5010.0,0.025,8171.616371170597,682.6131068586737,200,0.6,0.9,0.8113207547169812,0.075,136522.62137173474,500.0
0.425,2500.0,0.575,0.0,0.575,3494.407799963126,1015.4045356512029,200,0.6,1.0,0.8113207547169812,0.0,203080.90713024058,500.0
0.975,2500.0,0.025,5010.0,0.025,7521.374408868213,32.371144556289075,200,0.6,1.0,0.8113207547169812,0.0,6474.228911257815,500.0
0.425,2500.0,0.92,0.0,0.575,5148.017516188611,2669.0142518766875,200,0.6,0.0,0.6226415094339622,0.345,533802.8503753375,1000.0
0.975,2500.0,0.9,5010.0,0.025,10109.260079833573,2620.2568155216495,200,0.6,0.0,0.6226415094339622,0.875,524051.3631043299,1000.0
0.425,2500.0,0.905,0.0,0.575,5132.203343022229,2653.200078710306,200,0.6,0.1,0.6226415094339622,0.33,530640.0157420612,1000.0
0.975,2500.0,0.865,5010.0,0.025,10071.849612702146,2582.8463483902224,200,0.6,0.1,0.6226415094339622,0.84,516569.2696780445,1000.0
0.425,2500.0,0.895,0.0,0.575,5120.794410474423,2641.791146162499,200,0.6,0.2,0.6226415094339622,0.32,528358.2292324998,1000.0
0.975,2500.0,0.82,5010.0,0.025,10019.237132449874,2530.233868137952,200,0.6,0.2,0.6226415094339622,0.795,506046.7736275904,1000.0
0.425,2500.0,0.865,0.0,0.575,5080.2349610829715,2601.2316967710485,200,0.6,0.3,0.6226415094339622,0.29,520246.33935420966,1000.0
0.975,2500.0,0.775,5010.0,0.025,9958.548463234214,2469.5451989222893,200,0.6,0.3,0.6226415094339622,0.75,493909.0397844579,1000.0
0.425,2500.0,0.83,0.0,0.575,5026.675586688203,2547.67232237628,200,0.6,0.4,0.6226415094339622,0.255,509534.464475256,1000.0
0.975,2500.0,0.7,5010.0,0.025,9844.492929947732,2355.489665635809,200,0.6,0.4,0.6226415094339622,0.675,471097.9331271618,1000.0
0.425,2500.0,0.775,0.0,0.575,4926.26865135675,2447.2653870448266,200,0.6,0.5,0.6226415094339622,0.2,489453.0774089653,1000.0
0.975,2500.0,0.595,5010.0,0.025,9651.661695886625,2162.6584315747027,200,0.6,0.5,0.6226415094339622,0.57,432531.68631494057,1000.0
0.425,2500.0,0.73,0.0,0.575,4826.312549957599,2347.309285645676,200,0.6,0.6,0.6226415094339622,0.155,469461.8571291352,1000.0
0.975,2500.0,0.445,5010.0,0.025,9316.768527384907,1827.765263072985,200,0.6,0.6,0.6226415094339622,0.42,365553.05261459696,1000.0
0.425,2500.0,0.655,0.0,0.575,4610.300246247955,2131.2969819360324,200,0.6,0.7,0.6226415094339622,0.08,426259.39638720645,1000.0
0.975,2500.0,0.245,5010.0,0.025,8754.468867032429,1265.4656027205058,200,0.6,0.7,0.6226415094339622,0.22,253093.12054410117,1000.0
0.425,2500.0,0.6,0.0,0.575,4386.865575908956,1907.8623115970329,200,0.6,0.8,0.6226415094339622,0.025,381572.46231940656,1000.0
0.975,2500.0,0.1,5010.0,0.025,8171.616371170597,682.6131068586737,200,0.6,0.8,0.6226415094339622,0.075,136522.62137173474,1000.0
0.425,2500.0,0.585,0.0,0.575,4280.884684339705,1801.8814200277825,200,0.6,0.9,0.6226415094339622,0.01,360376.2840055565,1000.0
0.975,2500.0,0.035,5010.0,0.025,7746.748716188037,257.7454518761149,200,0.6,0.9,0.6226415094339622,0.01,51549.09037522297,1000.0
0.425,2500.0,0.575,0.0,0.575,3494.407799963126,1015.4045356512029,200,0.6,1.0,0.6226415094339622,0.0,203080.90713024058,1000.0
0.975,2500.0,0.025,5010.0,0.025,7521.374408868213,32.371144556289075,200,0.6,1.0,0.6226415094339622,0.0,6474.228911257815,1000.0
0.425,2500.0,0.73,0.0,0.575,4826.312549957599,2347.309285645676,200,0.6,0.0,0.05660377358490565,0.155,469461.8571291352,2500.0
0.975,2500.0,0.445,5010.0,0.025,9316.768527384907,1827.765263072985,200,0.6,0.0,0.05660377358490565,0.42,365553.05261459696,2500.0
0.425,2500.0,0.705,0.0,0.575,4760.08680307415,2281.083538762228,200,0.6,0.1,0.05660377358490565,0.13,456216.70775244554,2500.0
0.975,2500.0,0.345,5010.0,0.025,9053.70040436051,1564.6971400485877,200,0.6,0.1,0.05660377358490565,0.32,312939.42800971755,2500.0
0.425,2500.0,0.67,0.0,0.575,4658.232782828666,2179.2295185167427,200,0.6,0.2,0.05660377358490565,0.095,435845.90370334854,2500.0
0.975,2500.0,0.27,5010.0,0.025,8834.402642121217,1345.3993778092931,200,0.6,0.2,0.05660377358490565,0.245,269079.87556185864,2500.0
0.425,2500.0,0.64,0.0,0.575,4558.313323736998,2079.3100594250745,200,0.6,0.3,0.05660377358490565,0.065,415862.01188501494,2500.0
0.975,2500.0,0.215,5010.0,0.025,8650.276837954878,1161.273573642955,200,0.6,0.3,0.05660377358490565,0.19,232254.71472859097,2500.0
0.425,2500.0,0.62,0.0,0.575,4478.6149798597135,1999.6117155477905,200,0.6,0.4,0.05660377358490565,0.045,399922.3431095581,2500.0
0.975,2500.0,0.15,5010.0,0.025,8402.659268078965,913.6560037670413,200,0.6,0.4,0.05660377358490565,0.125,182731.20075340825,2500.0
0.425,2500.0,0.6,0.0,0.575,4386.865575908956,1907.8623115970329,200,0.6,0.5,0.05660377358490565,0.025,381572.46231940656,2500.0
0.975,2500.0,0.1,5010.0,0.025,8171.616371170597,682.6131068586737,200,0.6,0.5,0.05660377358490565,0.075,136522.62137173474,2500.0
0.425,2500.0,0.6,0.0,0.575,4386.865575908956,1907.8623115970329,200,0.6,0.6,0.05660377358490565,0.025,381572.46231940656,2500.0
0.975,2500.0,0.07,5010.0,0.025,8001.996150253356,512.9928859414325,200,0.6,0.6,0.05660377358490565,0.045,102598.5771882865,2500.0
0.425,2500.0,0.585,0.0,0.575,4280.884684339705,1801.8814200277825,200,0.6,0.7,0.05660377358490565,0.01,360376.2840055565,2500.0
0.975,2500.0,0.04,5010.0,0.025,7791.4762558907805,302.4729915788576,200,0.6,0.7,0.05660377358490565,0.015,60494.59831577152,2500.0
0.425,2500.0,0.58,0.0,0.575,4230.7615845762275,1751.7583202643043,200,0.6,0.8,0.05660377358490565,0.005,350351.66405286087,2500.0
0.975,2500.0,0.03,5010.0,0.025,7696.625616424559,207.62235211263666,200,0.6,0.8,0.05660377358490565,0.005,41524.47042252733,2500.0
0.425,2500.0,0.575,0.0,0.575,4167.515207029661,1688.5119427177383,200,0.6,0.9,0.05660377358490565,0.0,337702.38854354765,2500.0
0.975,2500.0,0.025,5010.0,0.025,7633.379238877993,144.37597456607054,200,0.6,0.9,0.05660377358490565,0.0,28875.19491321411,2500.0
0.425,2500.0,0.575,0.0,0.575,3494.407799963126,1015.4045356512029,200,0.6,1.0,0.05660377358490565,0.0,203080.90713024058,2500.0
0.975,2500.0,0.025,5010.0,0.025,7521.374408868213,32.371144556289075,200,0.6,1.0,0.05660377358490565,0.0,6474.228911257815,2500.0
0.425,2500.0,0.6,0.0,0.575,4386.865575908956,1907.8623115970329,200,0.6,0.0,0.0,0.025,381572.46231940656,5000.0
0.975,2500.0,0.1,5010.0,0.025,8171.616371170597,682.6131068586737,200,0.6,0.0,0.0,0.075,136522.62137173474,5000.0
0.425,2500.0,0.6,0.0,0.575,4386.865575908956,1907.8623115970329,200,0.6,0.1,0.0,0.025,381572.46231940656,5000.0
0.975,2500.0,0.085,5010.0,0.025,8090.620292896556,601.6170285846333,200,0.6,0.1,0.0,0.06,120323.40571692666,5000.0
0.425,2500.0,0.6,0.0,0.575,4386.865575908956,1907.8623115970329,200,0.6,0.2,0.0,0.025,381572.46231940656,5000.0
0.975,2500.0,0.07,5010.0,0.025,8001.996150253356,512.9928859414325,200,0.6,0.2,0.0,0.045,102598.5771882865,5000.0
0.425,2500.0,0.59,0.0,0.575,4319.7420844533535,1840.7388201414306,200,0.6,0.3,0.0,0.015,368147.7640282861,5000.0
0.975,2500.0,0.05,5010.0,0.025,7870.0413836450825,381.03811933315984,200,0.6,0.3,0.0,0.025,76207.62386663197,5000.0
0.425,2500.0,0.585,0.0,0.575,4280.884684339705,1801.8814200277825,200,0.6,0.4,0.0,0.01,360376.2840055565,5000.0
0.975,2500.0,0.04,5010.0,0.025,7791.4762558907805,302.4729915788576,200,0.6,0.4,0.0,0.015,60494.59831577152,5000.0
0.425,2500.0,0.585,0.0,0.575,4280.884684339705,1801.8814200277825,200,0.6,0.5,0.0,0.01,360376.2840055565,5000.0
0.975,2500.0,0.035,5010.0,0.025,7746.748716188037,257.7454518761149,200,0.6,0.5,0.0,0.01,51549.09037522297,5000.0
0.425,2500.0,0.58,0.0,0.575,4230.7615845762275,1751.7583202643043,200,0.6,0.6,0.0,0.005,350351.66405286087,5000.0
0.975,2500.0,0.03,5010.0,0.025,7696.625616424559,207.62235211263666,200,0.6,0.6,0.0,0.005,41524.47042252733,5000.0
0.425,2500.0,0.575,0.0,0.575,4167.515207029661,1688.5119427177383,200,0.6,0.7,0.0,0.0,337702.38854354765,5000.0
0.975,2500.0,0.025,5010.0,0.025,7633.379238877993,144.37597456607054,200,0.6,0.7,0.0,0.0,28875.19491321411,5000.0
0.425,2500.0,0.575,0.0,0.575,4167.515207029661,1688.5119427177383,200,0.6,0.8,0.0,0.0,337702.38854354765,5000.0
0.975,2500.0,0.025,5010.0,0.025,7633.379238877993,144.37597456607054,200,0.6,0.8,0.0,0.0,28875.19491321411,5000.0
0.425,2500.0,0.575,0.0,0.575,4167.515207029661,1688.5119427177383,200,0.6,0.9,0.0,0.0,337702.38854354765,5000.0
0.975,2500.0,0.025,5010.0,0.025,7633.379238877993,144.37597456607054,200,0.6,0.9,0.0,0.0,28875.19491321411,5000.0
0.425,2500.0,0.575,0.0,0.575,3494.407799963126,1015.4045356512029,200,0.6,1.0,0.0,0.0,203080.90713024058,5000.0
0.975,2500.0,0.025,5010.0,0.025,7521.374408868213,32.371144556289075,200,0.6,1.0,0.0,0.0,6474.228911257815,5000.0
0.425,5150.0,0.575,0.0,0.575,6192.266749519955,1015.4045356512029,200,0.6,0.0,0.0,0.0,203080.90713024058,0.0
0.975,5150.0,0.025,5010.0,0.025,10219.233358425041,32.371144556289075,200,0.6,0.0,0.0,0.0,6474.228911257815,0.0
0.425,5150.0,0.575,0.0,0.575,6192.266749519955,1015.4045356512029,200,0.6,0.1,0.0,0.0,203080.90713024058,0.0
0.975,5150.0,0.025,5010.0,0.025,10219.233358425041,32.371144556289075,200,0.6,0.1,0.0,0.0,6474.228911257815,0.0
0.425,5150.0,0.575,0.0,0.575,6192.266749519955,1015.4045356512029,200,0.6,0.2,0.0,0.0,203080.90713024058,0.0
0.975,5150.0,0.025,5010.0,0.025,10219.233358425041,32.371144556289075,200,0.6,0.2,0.0,0.0,6474.228911257815,0.0
0.425,5150.0,0.575,0.0,0.575,6192.266749519955,1015.4045356512029,200,0.6,0.3,0.0,0.0,203080.90713024058,0.0
0.975,5150.0,0.025,5010.0,0.025,10219.233358425041,32.371144556289075,200,0.6,0.3,0.0,0.0,6474.228911257815,0.0
0.425,5150.0,0.575,0.0,0.575,6192.266749519955,1015.4045356512029,200,0.6,0.4,0.0,0.0,203080.90713024058,0.0
0.975,5150.0,0.025,5010.0,0.025,10219.233358425041,32.371144556289075,200,0.6,0.4,0.0,0.0,6474.228911257815,0.0
0.425,5150.0,0.575,0.0,0.575,6192.266749519955,1015.4045356512029,200,0.6,0.5,0.0,0.0,203080.90713024058,0.0
0.975,5150.0,0.025,5010.0,0.025,10219.233358425041,32.371144556289075,200,0.6,0.5,0.0,0.0,6474.228911257815,0.0
0.425,5150.0,0.575,0.0,0.575,6192.266749519955,1015.4045356512029,200,0.6,0.6,0.0,0.0,203080.90713024058,0.0
0.975,5150.0,0.025,5010.0,0.025,10219.233358425041,32.371144556289075,200,0.6,0.6,0.0,0.0,6474.228911257815,0.0
0.425,5150.0,0.575,0.0,0.575,6192.266749519955,1015.4045356512029,200,0.6,0.7,0.0,0.0,203080.90713024058,0.0
0.975,5150.0,0.025,5010.0,0.025,10219.233358425041,32.371144556289075,200,0.6,0.7,0.0,0.0,6474.228911257815,0.0
0.425,5150.0,0.575,0.0,0.575,6192.266749519955,1015.4045356512029,200,0.6,0.8,0.0,0.0,203080.90713024058,0.0
0.975,5150.0,0.025,5010.0,0.025,10219.233358425041,32.371144556289075,200,0.6,0.8,0.0,0.0,6474.228911257815,0.0
0.425,5150.0,0.575,0.0,0.575,6192.266749519955,1015.4045356512029,200,0.6,0.9,0.0,0.0,203080.90713024058,0.0
0.975,5150.0,0.025,5010.0,0.025,10219.233358425041,32.371144556289075,200,0.6,0.9,0.0,0.0,6474.228911257815,0.0
0.425,5150.0,0.575,0.0,0.575,6192.266749519955,1015.4045356512029,200,0.6,1.0,0.0,0.0,203080.90713024058,0.0
0.975,5150.0,0.025,5010.0,0.025,10219.233358425041,32.371144556289075,200,0.6,1.0,0.0,0.0,6474.228911257815,0.0
0.425,5150.0,0.575,0.0,0.575,6192.266749519955,1015.4045356512029,200,0.6,0.0,0.0,0.0,203080.90713024058,500.0
0.975,5150.0,0.025,5010.0,0.025,10219.233358425041,32.371144556289075,200,0.6,0.0,0.0,0.0,6474.228911257815,500.0
0.425,5150.0,0.575,0.0,0.575,6192.266749519955,1015.4045356512029,200,0.6,0.1,0.0,0.0,203080.90713024058,500.0
0.975,5150.0,0.025,5010.0,0.025,10219.233358425041,32.371144556289075,200,0.6,0.1,0.0,0.0,6474.228911257815,500.0
0.425,5150.0,0.575,0.0,0.575,6192.266749519955,1015.4045356512029,200,0.6,0.2,0.0,0.0,203080.90713024058,500.0
0.975,5150.0,0.025,5010.0,0.025,10219.233358425041,32.371144556289075,200,0.6,0.2,0.0,0.0,6474.228911257815,500.0
0.425,5150.0,0.575,0.0,0.575,6192.266749519955,1015.4045356512029,200,0.6,0.3,0.0,0.0,203080.90713024058,500.0
0.975,5150.0,0.025,5010.0,0.025,10219.233358425041,32.371144556289075,200,0.6,0.3,0.0,0.0,6474.228911257815,500.0
0.425,5150.0,0.575,0.0,0.575,6192.266749519955,1015.4045356512029,200,0.6,0.4,0.0,0.0,203080.90713024058,500.0
0.975,5150.0,0.025,5010.0,0.025,10219.233358425041,32.371144556289075,200,0.6,0.4,0.0,0.0,6474.228911257815,500.0
0.425,5150.0,0.575,0.0,0.575,6192.266749519955,1015.4045356512029,200,0.6,0.5,0.0,0.0,203080.90713024058,500.0
0.975,5150.0,0.025,5010.0,0.025,10219.233358425041,32.371144556289075,200,0.6,0.5,0.0,0.0,6474.228911257815,500.0
0.425,5150.0,0.575,0.0,0.575,6192.266749519955,1015.4045356512029,200,0.6,0.6,0.0,0.0,203080.90713024058,500.0
0.975,5150.0,0.025,5010.0,0.025,10219.233358425041,32.371144556289075,200,0.6,0.6,0.0,0.0,6474.228911257815,500.0
0.425,5150.0,0.575,0.0,0.575,6192.266749519955,1015.4045356512029,200,0.6,0.7,0.0,0.0,203080.90713024058,500.0
0.975,5150.0,0.025,5010.0,0.025,10219.233358425041,32.371144556289075,200,0.6,0.7,0.0,0.0,6474.228911257815,500.0
0.425,5150.0,0.575,0.0,0.575,6192.266749519955,1015.4045356512029,200,0.6,0.8,0.0,0.0,203080.90713024058,500.0
0.975,5150.0,0.025,5010.0,0.025,10219.233358425041,32.371144556289075,200,0.6,0.8,0.0,0.0,6474.228911257815,500.0
0.425,5150.0,0.575,0.0,0.575,6192.266749519955,1015.4045356512029,200,0.6,0.9,0.0,0.0,203080.90713024058,500.0
0.975,5150.0,0.025,5010.0,0.025,10219.233358425041,32.371144556289075,200,0.6,0.9,0.0,0.0,6474.228911257815,500.0
0.425,5150.0,0.575,0.0,0.575,6192.266749519955,1015.4045356512029,200,0.6,1.0,0.0,0.0,203080.90713024058,500.0
0.975,5150.0,0.025,5010.0,0.025,10219.233358425041,32.371144556289075,200,0.6,1.0,0.0,0.0,6474.228911257815,500.0
0.425,5150.0,0.575,0.0,0.575,6192.266749519955,1015.4045356512029,200,0.6,0.0,0.0,0.0,203080.90713024058,1000.0
0.975,5150.0,0.025,5010.0,0.025,10219.233358425041,32.371144556289075,200,0.6,0.0,0.0,0.0,6474.228911257815,1000.0
0.425,5150.0,0.575,0.0,0.575,6192.266749519955,1015.4045356512029,200,0.6,0.1,0.0,0.0,203080.90713024058,1000.0
0.975,5150.0,0.025,5010.0,0.025,10219.233358425041,32.371144556289075,200,0.6,0.1,0.0,0.0,6474.228911257815,1000.0
0.425,5150.0,0.575,0.0,0.575,6192.266749519955,1015.4045356512029,200,0.6,0.2,0.0,0.0,203080.90713024058,1000.0
0.975,5150.0,0.025,5010.0,0.025,10219.233358425041,32.371144556289075,200,0.6,0.2,0.0,0.0,6474.228911257815,1000.0
0.425,5150.0,0.575,0.0,0.575,6192.266749519955,1015.4045356512029,200,0.6,0.3,0.0,0.0,203080.90713024058,1000.0
0.975,5150.0,0.025,5010.0,0.025,10219.233358425041,32.371144556289075,200,0.6,0.3,0.0,0.0,6474.228911257815,1000.0
0.425,5150.0,0.575,0.0,0.575,6192.266749519955,1015.4045356512029,200,0.6,0.4,0.0,0.0,203080.90713024058,1000.0
0.975,5150.0,0.025,5010.0,0.025,10219.233358425041,32.371144556289075,200,0.6,0.4,0.0,0.0,6474.228911257815,1000.0
0.425,5150.0,0.575,0.0,0.575,6192.266749519955,1015.4045356512029,200,0.6,0.5,0.0,0.0,203080.90713024058,1000.0
0.975,5150.0,0.025,5010.0,0.025,10219.233358425041,32.371144556289075,200,0.6,0.5,0.0,0.0,6474.228911257815,1000.0
0.425,5150.0,0.575,0.0,0.575,6192.266749519955,1015.4045356512029,200,0.6,0.6,0.0,0.0,203080.90713024058,1000.0
0.975,5150.0,0.025,5010.0,0.025,10219.233358425041,32.371144556289075,200,0.6,0.6,0.0,0.0,6474.228911257815,1000.0
0.425,5150.0,0.575,0.0,0.575,6192.266749519955,1015.4045356512029,200,0.6,0.7,0.0,0.0,203080.90713024058,1000.0
0.975,5150.0,0.025,5010.0,0.025,10219.233358425041,32.371144556289075,200,0.6,0.7,0.0,0.0,6474.228911257815,1000.0
0.425,5150.0,0.575,0.0,0.575,6192.266749519955,1015.4045356512029,200,0.6,0.8,0.0,0.0,203080.90713024058,1000.0
0.975,5150.0,0.025,5010.0,0.025,10219.233358425041,32.371144556289075,200,0.6,0.8,0.0,0.0,6474.228911257815,1000.0
0.425,5150.0,0.575,0.0,0.575,6192.266749519955,1015.4045356512029,200,0.6,0.9,0.0,0.0,203080.90713024058,1000.0
0.975,5150.0,0.025,5010.0,0.025,10219.233358425041,32.371144556289075,200,0.6,0.9,0.0,0.0,6474.228911257815,1000.0
0.425,5150.0,0.575,0.0,0.575,6192.266749519955,1015.4045356512029,200,0.6,1.0,0.0,0.0,203080.90713024058,1000.0
0.975,5150.0,0.025,5010.0,0.025,10219.233358425041,32.371144556289075,200,0.6,1.0,0.0,0.0,6474.228911257815,1000.0
0.425,5150.0,0.575,0.0,0.575,6192.266749519955,1015.4045356512029,200,0.6,0.0,0.0,0.0,203080.90713024058,2500.0
0.975,5150.0,0.025,5010.0,0.025,10219.233358425041,32.371144556289075,200,0.6,0.0,0.0,0.0,6474.228911257815,2500.0
0.425,5150.0,0.575,0.0,0.575,6192.266749519955,1015.4045356512029,200,0.6,0.1,0.0,0.0,203080.90713024058,2500.0
0.975,5150.0,0.025,5010.0,0.025,10219.233358425041,32.371144556289075,200,0.6,0.1,0.0,0.0,6474.228911257815,2500.0
0.425,5150.0,0.575,0.0,0.575,6192.266749519955,1015.4045356512029,200,0.6,0.2,0.0,0.0,203080.90713024058,2500.0
0.975,5150.0,0.025,5010.0,0.025,10219.233358425041,32.371144556289075,200,0.6,0.2,0.0,0.0,6474.228911257815,2500.0
0.425,5150.0,0.575,0.0,0.575,6192.266749519955,1015.4045356512029,200,0.6,0.3,0.0,0.0,203080.90713024058,2500.0
0.975,5150.0,0.025,5010.0,0.025,10219.233358425041,32.371144556289075,200,0.6,0.3,0.0,0.0,6474.228911257815,2500.0
0.425,5150.0,0.575,0.0,0.575,6192.266749519955,1015.4045356512029,200,0.6,0.4,0.0,0.0,203080.90713024058,2500.0
0.975,5150.0,0.025,5010.0,0.025,10219.233358425041,32.371144556289075,200,0.6,0.4,0.0,0.0,6474.228911257815,2500.0
0.425,5150.0,0.575,0.0,0.575,6192.266749519955,1015.4045356512029,200,0.6,0.5,0.0,0.0,203080.90713024058,2500.0
0.975,5150.0,0.025,5010.0,0.025,10219.233358425041,32.371144556289075,200,0.6,0.5,0.0,0.0,6474.228911257815,2500.0
0.425,5150.0,0.575,0.0,0.575,6192.266749519955,1015.4045356512029,200,0.6,0.6,0.0,0.0,203080.90713024058,2500.0
0.975,5150.0,0.025,5010.0,0.025,10219.233358425041,32.371144556289075,200,0.6,0.6,0.0,0.0,6474.228911257815,2500.0
0.425,5150.0,0.575,0.0,0.575,6192.266749519955,1015.4045356512029,200,0.6,0.7,0.0,0.0,203080.90713024058,2500.0
0.975,5150.0,0.025,5010.0,0.025,10219.233358425041,32.371144556289075,200,0.6,0.7,0.0,0.0,6474.228911257815,2500.0
0.425,5150.0,0.575,0.0,0.575,6192.266749519955,1015.4045356512029,200,0.6,0.8,0.0,0.0,203080.90713024058,2500.0
0.975,5150.0,0.025,5010.0,0.025,10219.233358425041,32.371144556289075,200,0.6,0.8,0.0,0.0,6474.228911257815,2500.0
0.425,5150.0,0.575,0.0,0.575,6192.266749519955,1015.4045356512029,200,0.6,0.9,0.0,0.0,203080.90713024058,2500.0
0.975,5150.0,0.025,5010.0,0.025,10219.233358425041,32.371144556289075,200,0.6,0.9,0.0,0.0,6474.228911257815,2500.0
0.425,5150.0,0.575,0.0,0.575,6192.266749519955,1015.4045356512029,200,0.6,1.0,0.0,0.0,203080.90713024058,2500.0
0.975,5150.0,0.025,5010.0,0.025,10219.233358425041,32.371144556289075,200,0.6,1.0,0.0,0.0,6474.228911257815,2500.0
0.425,5150.0,0.575,0.0,0.575,6192.266749519955,1015.4045356512029,200,0.6,0.0,0.0,0.0,203080.90713024058,5000.0
0.975,5150.0,0.025,5010.0,0.025,10219.233358425041,32.371144556289075,200,0.6,0.0,0.0,0.0,6474.228911257815,5000.0
0.425,5150.0,0.575,0.0,0.575,6192.266749519955,1015.4045356512029,200,0.6,0.1,0.0,0.0,203080.90713024058,5000.0
0.975,5150.0,0.025,5010.0,0.025,10219.233358425041,32.371144556289075,200,0.6,0.1,0.0,0.0,6474.228911257815,5000.0
0.425,5150.0,0.575,0.0,0.575,6192.266749519955,1015.4045356512029,200,0.6,0.2,0.0,0.0,203080.90713024058,5000.0
0.975,5150.0,0.025,5010.0,0.025,10219.233358425041,32.371144556289075,200,0.6,0.2,0.0,0.0,6474.228911257815,5000.0
0.425,5150.0,0.575,0.0,0.575,6192.266749519955,1015.4045356512029,200,0.6,0.3,0.0,0.0,203080.90713024058,5000.0
0.975,5150.0,0.025,5010.0,0.025,10219.233358425041,32.371144556289075,200,0.6,0.3,0.0,0.0,6474.228911257815,5000.0
0.425,5150.0,0.575,0.0,0.575,6192.266749519955,1015.4045356512029,200,0.6,0.4,0.0,0.0,203080.90713024058,5000.0
0.975,5150.0,0.025,5010.0,0.025,10219.233358425041,32.371144556289075,200,0.6,0.4,0.0,0.0,6474.228911257815,5000.0
0.425,5150.0,0.575,0.0,0.575,6192.266749519955,1015.4045356512029,200,0.6,0.5,0.0,0.0,203080.90713024058,5000.0
0.975,5150.0,0.025,5010.0,0.025,10219.233358425041,32.371144556289075,200,0.6,0.5,0.0,0.0,6474.228911257815,5000.0
0.425,5150.0,0.575,0.0,0.575,6192.266749519955,1015.4045356512029,200,0.6,0.6,0.0,0.0,203080.90713024058,5000.0
0.975,5150.0,0.025,5010.0,0.025,10219.233358425041,32.371144556289075,200,0.6,0.6,0.0,0.0,6474.228911257815,5000.0
0.425,5150.0,0.575,0.0,0.575,6192.266749519955,1015.4045356512029,200,0.6,0.7,0.0,0.0,203080.90713024058,5000.0
0.975,5150.0,0.025,5010.0,0.025,10219.233358425041,32.371144556289075,200,0.6,0.7,0.0,0.0,6474.228911257815,5000.0
0.425,5150.0,0.575,0.0,0.575,6192.266749519955,1015.4045356512029,200,0.6,0.8,0.0,0.0,203080.90713024058,5000.0
0.975,5150.0,0.025,5010.0,0.025,10219.233358425041,32.371144556289075,200,0.6,0.8,0.0,0.0,6474.228911257815,5000.0
0.425,5150.0,0.575,0.0,0.575,6192.266749519955,1015.4045356512029,200,0.6,0.9,0.0,0.0,203080.90713024058,5000.0
0.975,5150.0,0.025,5010.0,0.025,10219.233358425041,32.371144556289075,200,0.6,0.9,0.0,0.0,6474.228911257815,5000.0
0.425,5150.0,0.575,0.0,0.575,6192.266749519955,1015.4045356512029,200,0.6,1.0,0.0,0.0,203080.90713024058,5000.0
0.975,5150.0,0.025,5010.0,0.025,10219.233358425041,32.371144556289075,200,0.6,1.0,0.0,0.0,6474.228911257815,5000.0
