detection,reset_cadence,seed,epoch,reset,mean_infection,max_infection,cache_corruption,tier3_poisoning,promotion_accuracy
off,0,42,0,False,0.0,0.0,0.0,0.0,1.0
off,0,42,1,False,0.0,0.0,0.3333333333333333,0.3333333333333333,0.8260869565217391
off,0,42,2,False,0.08333333333333333,0.08333333333333333,0.5,0.5,0.7307692307692307
off,0,42,3,False,0.1875,0.1875,0.6923076923076923,0.6923076923076923,0.5882352941176471
off,0,42,4,False,0.3137019230769231,0.3137019230769231,0.6666666666666666,0.6666666666666666,0.5833333333333334
off,0,42,5,False,0.4019431089743589,0.4019431089743589,0.6842105263157895,0.6842105263157895,0.5227272727272727
off,0,42,6,False,0.4725099633097165,0.4725099633097165,0.65,0.6818181818181818,0.5208333333333334
off,0,42,7,False,0.5168824724822874,0.5168824724822874,0.55,0.6896551724137931,0.49122807017543857
off,0,42,8,False,0.5251618543617156,0.5251618543617156,0.5,0.6875,0.46153846153846156
off,0,42,9,False,0.5188713907712867,0.5188713907712867,0.5,0.7058823529411765,0.4411764705882353
off,0,42,10,False,0.5141535430784651,0.5141535430784651,0.5,0.7222222222222222,0.4305555555555556
off,0,42,11,False,0.5106151573088488,0.5106151573088488,0.5,0.7435897435897436,0.40789473684210525
off,0,42,12,False,0.5079613679816366,0.5079613679816366,0.45,0.7380952380952381,0.3950617283950617
off,0,42,13,False,0.49347102598622744,0.49347102598622744,0.45,0.7555555555555555,0.3793103448275862
off,0,42,14,False,0.4826032694896706,0.4826032694896706,0.35,0.7346938775510204,0.3804347826086957
off,0,42,15,False,0.44945245211725293,0.44945245211725293,0.35,0.7450980392156863,0.375
off,0,42,16,False,0.4245893390879397,0.4245893390879397,0.3,0.7543859649122807,0.3619047619047619
off,0,42,17,False,0.39344200431595483,0.39344200431595483,0.3,0.7627118644067796,0.36036036036036034
off,0,42,18,False,0.37008150323696615,0.37008150323696615,0.25,0.7540983606557377,0.36283185840707965
off,0,42,19,False,0.3400611274277246,0.3400611274277246,0.2,0.7538461538461538,0.3559322033898305
off,0,42,20,False,0.30504584557079345,0.30504584557079345,0.2,0.75,0.3524590163934426
off,0,42,21,False,0.2787843841780951,0.2787843841780951,0.15,0.7464788732394366,0.34375
off,0,42,22,False,0.24658828813357134,0.24658828813357134,0.15,0.7631578947368421,0.3308270676691729
off,0,42,23,False,0.2224412161001785,0.2224412161001785,0.05,0.75,0.3357142857142857
off,0,42,24,False,0.17933091207513388,0.17933091207513388,0.05,0.7469879518072289,0.3287671232876712
off,0,42,25,False,0.14699818405635043,0.14699818405635043,0.05,0.7380952380952381,0.3288590604026846
off,0,42,26,False,0.12274863804226281,0.12274863804226281,0.05,0.7411764705882353,0.3246753246753247
off,0,42,27,False,0.1045614785316971,0.1045614785316971,0.05,0.7528089887640449,0.31645569620253167
off,0,42,28,False,0.09092110889877282,0.09092110889877282,0.0,0.7340425531914894,0.32727272727272727
off,0,42,29,False,0.06819083167407962,0.06819083167407962,0.0,0.7395833333333334,0.3254437869822485
off,0,42,30,False,0.051143123755559704,0.05114312375555971,0.0,0.7373737373737373,0.32954545454545453
off,0,42,31,False,0.03835734281666978,0.03835734281666978,0.0,0.7378640776699029,0.3259668508287293
off,0,42,32,False,0.028768007112502342,0.02876800711250234,0.0,0.7378640776699029,0.32608695652173914
off,0,42,33,False,0.021576005334376754,0.021576005334376754,0.0,0.7428571428571429,0.324468085106383
off,0,42,34,False,0.016182004000782565,0.016182004000782565,0.0,0.7363636363636363,0.3248730964467005
off,0,42,35,False,0.012136503000586923,0.012136503000586923,0.0,0.7368421052631579,0.32019704433497537
off,0,42,36,False,0.009102377250440191,0.009102377250440191,0.0,0.725,0.3238095238095238
off,0,42,37,False,0.006826782937830143,0.006826782937830143,0.0,0.728,0.3242009132420091
off,0,42,38,False,0.0051200872033726075,0.0051200872033726075,0.0,0.7364341085271318,0.31555555555555553
off,0,42,39,False,0.0038400654025294557,0.0038400654025294557,0.0,0.732824427480916,0.3173913043478261
off,0,43,0,False,0.0,0.0,0.0,0.0,1.0
off,0,43,1,False,0.0,0.0,0.09090909090909091,0.09090909090909091,0.8518518518518519
off,0,43,2,False,0.022727272727272728,0.022727272727272728,0.26666666666666666,0.26666666666666666,0.7272727272727273
off,0,43,3,False,0.08371212121212121,0.08371212121212121,0.42105263157894735,0.42105263157894735,0.625
off,0,43,4,False,0.16804724880382774,0.16804724880382774,0.4,0.42857142857142855,0.5869565217391305
off,0,43,5,False,0.22603543660287082,0.22603543660287082,0.4,0.5,0.5185185185185185
off,0,43,6,False,0.26952657745215314,0.26952657745215314,0.35,0.48148148148148145,0.5172413793103449
off,0,43,7,False,0.2896449330891149,0.2896449330891149,0.25,0.5,0.5076923076923077
off,0,43,8,False,0.27973369981683616,0.27973369981683616,0.3,0.5405405405405406,0.4722222222222222
off,0,43,9,False,0.2848002748626271,0.2848002748626271,0.3,0.5526315789473685,0.4533333333333333
off,0,43,10,False,0.28860020614697035,0.28860020614697035,0.25,0.5365853658536586,0.45121951219512196
off,0,43,11,False,0.27895015461022776,0.27895015461022776,0.25,0.5681818181818182,0.42391304347826086
off,0,43,12,False,0.2717126159576708,0.2717126159576708,0.25,0.5957446808510638,0.40625
off,0,43,13,False,0.2662844619682531,0.2662844619682531,0.25,0.6122448979591837,0.39603960396039606
off,0,43,14,False,0.2622133464761898,0.2622133464761898,0.25,0.6274509803921569,0.38095238095238093
off,0,43,15,False,0.2591600098571424,0.2591600098571424,0.3,0.6415094339622641,0.3783783783783784
off,0,43,16,False,0.26937000739285677,0.26937000739285677,0.25,0.6551724137931034,0.3644067796610169
off,0,43,17,False,0.26452750554464255,0.26452750554464255,0.2,0.6557377049180327,0.3629032258064516
off,0,43,18,False,0.2483956291584819,0.2483956291584819,0.2,0.6666666666666666,0.3515625
off,0,43,19,False,0.23629672186886141,0.23629672186886141,0.2,0.6818181818181818,0.3383458646616541
off,0,43,20,False,0.22722254140164605,0.22722254140164605,0.2,0.6818181818181818,0.33088235294117646
off,0,43,21,False,0.2204169060512345,0.22041690605123454,0.2,0.6956521739130435,0.323943661971831
off,0,43,22,False,0.21531267953842592,0.21531267953842592,0.2,0.6956521739130435,0.32413793103448274
off,0,43,23,False,0.21148450965381943,0.21148450965381943,0.2,0.704225352112676,0.3197278911564626
off,0,43,24,False,0.20861338224036458,0.20861338224036458,0.1,0.6973684210526315,0.3225806451612903
off,0,43,25,False,0.1814600366802734,0.1814600366802734,0.1,0.7088607594936709,0.32075471698113206
off,0,43,26,False,0.16109502751020505,0.16109502751020505,0.05,0.7093023255813954,0.32142857142857145
off,0,43,27,False,0.13332127063265378,0.13332127063265378,0.05,0.7111111111111111,0.3103448275862069
off,0,43,28,False,0.11249095297449034,0.11249095297449034,0.05,0.7127659574468085,0.31868131868131866
off,0,43,29,False,0.09686821473086775,0.09686821473086775,0.05,0.71875,0.31351351351351353
off,0,43,30,False,0.0851511610481508,0.0851511610481508,0.05,0.7244897959183674,0.31216931216931215
off,0,43,31,False,0.0763633707861131,0.0763633707861131,0.0,0.7102803738317757,0.31155778894472363
off,0,43,32,False,0.05727252808958483,0.05727252808958483,0.0,0.7027027027027027,0.3106796116504854
off,0,43,33,False,0.042954396067188615,0.04295439606718862,0.0,0.7017543859649122,0.3142857142857143
off,0,43,34,False,0.032215797050391466,0.032215797050391466,0.0,0.7058823529411765,0.3101851851851852
off,0,43,35,False,0.0241618477877936,0.0241618477877936,0.0,0.704,0.3125
off,0,43,36,False,0.0181213858408452,0.018121385840845203,0.0,0.7131782945736435,0.3056768558951965
off,0,43,37,False,0.013591039380633902,0.013591039380633902,0.0,0.6985294117647058,0.31092436974789917
off,0,43,38,False,0.010193279535475427,0.010193279535475427,0.0,0.6875,0.3157894736842105
off,0,43,39,False,0.0076449596516065714,0.007644959651606571,0.0,0.6896551724137931,0.31746031746031744
off,0,44,0,False,0.0,0.0,0.0,0.0,1.0
off,0,44,1,False,0.0,0.0,0.3,0.3,0.72
off,0,44,2,False,0.075,0.075,0.35714285714285715,0.35714285714285715,0.6896551724137931
off,0,44,3,False,0.14553571428571427,0.14553571428571427,0.5,0.5,0.5675675675675675
off,0,44,4,False,0.2341517857142857,0.2341517857142857,0.45,0.5217391304347826,0.5365853658536586
off,0,44,5,False,0.28811383928571427,0.28811383928571427,0.35,0.5357142857142857,0.5217391304347826
off,0,44,6,False,0.30358537946428565,0.30358537946428565,0.35,0.59375,0.48
off,0,44,7,False,0.31518903459821423,0.31518903459821423,0.15,0.575,0.4745762711864407
off,0,44,8,False,0.27389177594866065,0.27389177594866065,0.1,0.5777777777777777,0.46153846153846156
off,0,44,9,False,0.23041883196149548,0.23041883196149548,0.1,0.5957446808510638,0.4507042253521127
off,0,44,10,False,0.1978141239711216,0.1978141239711216,0.05,0.5961538461538461,0.425
off,0,44,11,False,0.16086059297834124,0.1608605929783412,0.0,0.603448275862069,0.41379310344827586
off,0,44,12,False,0.12064544473375591,0.12064544473375591,0.0,0.5967741935483871,0.40425531914893614
off,0,44,13,False,0.09048408355031692,0.09048408355031692,0.0,0.609375,0.3838383838383838
off,0,44,14,False,0.0678630626627377,0.0678630626627377,0.0,0.6231884057971014,0.37037037037037035
off,0,44,15,False,0.050897296997053275,0.050897296997053275,0.0,0.6103896103896104,0.3706896551724138
off,0,44,16,False,0.038172972747789954,0.038172972747789954,0.0,0.6125,0.36666666666666664
off,0,44,17,False,0.028629729560842466,0.028629729560842466,0.0,0.6144578313253012,0.36507936507936506
off,0,44,18,False,0.02147229717063185,0.02147229717063185,0.0,0.6235294117647059,0.3458646616541353
off,0,44,19,False,0.01610422287797389,0.01610422287797389,0.0,0.625,0.34285714285714286
off,0,44,20,False,0.012078167158480415,0.012078167158480417,0.0,0.6382978723404256,0.3310810810810811
off,0,44,21,False,0.009058625368860313,0.009058625368860313,0.0,0.6428571428571429,0.3246753246753247
off,0,44,22,False,0.006793969026645234,0.006793969026645235,0.0,0.64,0.3227848101265823
off,0,44,23,False,0.005095476769983926,0.005095476769983926,0.0,0.64,0.3167701863354037
off,0,44,24,False,0.003821607577487945,0.003821607577487945,0.0,0.6448598130841121,0.3136094674556213
off,0,44,25,False,0.002866205683115959,0.002866205683115959,0.0,0.6428571428571429,0.3142857142857143
off,0,44,26,False,0.002149654262336969,0.002149654262336969,0.0,0.6521739130434783,0.30601092896174864
off,0,44,27,False,0.001612240696752727,0.0016122406967527267,0.0,0.6581196581196581,0.2994652406417112
off,0,44,28,False,0.001209180522564545,0.001209180522564545,0.0,0.6557377049180327,0.30569948186528495
off,0,44,29,False,0.0009068853919234088,0.0009068853919234087,0.0,0.656,0.30456852791878175
off,0,44,30,False,0.0006801640439425565,0.0006801640439425565,0.0,0.6587301587301587,0.30198019801980197
off,0,44,31,False,0.0005101230329569174,0.0005101230329569174,0.0,0.6590909090909091,0.3
off,0,44,32,False,0.000382592274717688,0.000382592274717688,0.0,0.6594202898550725,0.30414746543778803
off,0,44,33,False,0.00028694420603826595,0.000286944206038266,0.0,0.6571428571428571,0.3063063063063063
off,0,44,34,False,0.0002152081545286995,0.0002152081545286995,0.0,0.6598639455782312,0.30434782608695654
off,0,44,35,False,0.00016140611589652464,0.00016140611589652464,0.0,0.6578947368421053,0.30638297872340425
off,0,44,36,False,0.00012105458692239348,0.00012105458692239348,0.0,0.6558441558441559,0.30416666666666664
off,0,44,37,False,9.079094019179511e-05,9.079094019179511e-05,0.0,0.6666666666666666,0.2979591836734694
off,0,44,38,False,6.809320514384633e-05,6.809320514384633e-05,0.0,0.6687116564417178,0.296
off,0,44,39,False,5.1069903857884746e-05,5.1069903857884746e-05,0.0,0.6746987951807228,0.29411764705882354
off,0,45,0,False,0.0,0.0,0.0,0.0,1.0
off,0,45,1,False,0.0,0.0,0.3076923076923077,0.3076923076923077,0.7777777777777778
off,0,45,2,False,0.07692307692307694,0.07692307692307693,0.2857142857142857,0.2857142857142857,0.7419354838709677
off,0,45,3,False,0.1291208791208791,0.1291208791208791,0.3888888888888889,0.3888888888888889,0.6666666666666666
off,0,45,4,False,0.19406288156288154,0.19406288156288154,0.45,0.45,0.6
off,0,45,5,False,0.25804716117216114,0.25804716117216114,0.45,0.45,0.5853658536585366
off,0,45,6,False,0.30603537087912086,0.30603537087912086,0.4,0.4782608695652174,0.5319148936170213
off,0,45,7,False,0.3295265281593407,0.3295265281593407,0.35,0.5,0.5098039215686274
off,0,45,8,False,0.33464489611950554,0.33464489611950554,0.35,0.5185185185185185,0.48148148148148145
off,0,45,9,False,0.3384836720896291,0.33848367208962915,0.35,0.5517241379310345,0.4406779661016949
off,0,45,10,False,0.34136275406722183,0.34136275406722183,0.3,0.6,0.4153846153846154
off,0,45,11,False,0.3310220655504164,0.3310220655504164,0.3,0.5897435897435898,0.4142857142857143
off,0,45,12,False,0.32326654916281233,0.32326654916281233,0.3,0.6190476190476191,0.3918918918918919
off,0,45,13,False,0.31744991187210925,0.31744991187210925,0.3,0.6521739130434783,0.3717948717948718
off,0,45,14,False,0.31308743390408195,0.31308743390408195,0.3,0.673469387755102,0.3493975903614458
off,0,45,15,False,0.3098155754280615,0.3098155754280615,0.3,0.6862745098039216,0.3333333333333333
off,0,45,16,False,0.3073616815710461,0.3073616815710461,0.25,0.6792452830188679,0.32978723404255317
off,0,45,17,False,0.2930212611782846,0.2930212611782846,0.25,0.6909090909090909,0.31958762886597936
off,0,45,18,False,0.28226594588371345,0.28226594588371345,0.2,0.6949152542372882,0.31683168316831684
off,0,45,19,False,0.2616994594127851,0.2616994594127851,0.1,0.6875,0.32407407407407407
off,0,45,20,False,0.22127459455958884,0.22127459455958884,0.05,0.6911764705882353,0.3157894736842105
off,0,45,21,False,0.17845594591969163,0.17845594591969163,0.0,0.6944444444444444,0.3135593220338983
off,0,45,22,False,0.13384195943976873,0.13384195943976873,0.0,0.7027027027027027,0.31451612903225806
off,0,45,23,False,0.10038146957982655,0.10038146957982655,0.0,0.7051282051282052,0.3153846153846154
off,0,45,24,False,0.07528610218486993,0.07528610218486992,0.0,0.7073170731707317,0.3161764705882353
off,0,45,25,False,0.05646457663865244,0.05646457663865244,0.0,0.7142857142857143,0.3076923076923077
off,0,45,26,False,0.042348432478989326,0.042348432478989326,0.0,0.7241379310344828,0.2972972972972973
off,0,45,27,False,0.03176132435924199,0.03176132435924199,0.0,0.7191011235955056,0.2980132450331126
off,0,45,28,False,0.023820993269431493,0.023820993269431493,0.0,0.7096774193548387,0.3037974683544304
off,0,45,29,False,0.01786574495207362,0.01786574495207362,0.0,0.7127659574468085,0.3006134969325153
off,0,45,30,False,0.013399308714055216,0.013399308714055216,0.0,0.7157894736842105,0.30409356725146197
off,0,45,31,False,0.010049481535541412,0.010049481535541412,0.0,0.7142857142857143,0.30113636363636365
off,0,45,32,False,0.007537111151656059,0.007537111151656059,0.0,0.7128712871287128,0.3005464480874317
off,0,45,33,False,0.005652833363742045,0.005652833363742045,0.0,0.7075471698113207,0.3020833333333333
off,0,45,34,False,0.004239625022806533,0.004239625022806533,0.0,0.7090909090909091,0.29949238578680204
off,0,45,35,False,0.0031797187671048998,0.0031797187671048998,0.0,0.7053571428571429,0.297029702970297
off,0,45,36,False,0.0023847890753286747,0.0023847890753286747,0.0,0.7068965517241379,0.3014354066985646
off,0,45,37,False,0.001788591806496506,0.001788591806496506,0.0,0.711864406779661,0.29767441860465116
off,0,45,38,False,0.0013414438548723796,0.0013414438548723796,0.0,0.7154471544715447,0.2972972972972973
off,0,45,39,False,0.0010060828911542846,0.0010060828911542846,0.0,0.72,0.29955947136563876
off,0,46,0,False,0.0,0.0,0.0,0.0,1.0
off,0,46,1,False,0.0,0.0,0.2,0.2,0.8461538461538461
off,0,46,2,False,0.05,0.05,0.42857142857142855,0.42857142857142855,0.71875
off,0,46,3,False,0.14464285714285713,0.14464285714285713,0.4666666666666667,0.4666666666666667,0.6571428571428571
off,0,46,4,False,0.2251488095238095,0.2251488095238095,0.6,0.6,0.5609756097560976
off,0,46,5,False,0.3188616071428572,0.31886160714285716,0.6,0.6190476190476191,0.5348837209302325
off,0,46,6,False,0.3891462053571428,0.38914620535714284,0.5,0.6153846153846154,0.52
off,0,46,7,False,0.41685965401785713,0.41685965401785713,0.5,0.6296296296296297,0.49056603773584906
off,0,46,8,False,0.43764474051339286,0.43764474051339286,0.4,0.6129032258064516,0.4827586206896552
off,0,46,9,False,0.4282335553850446,0.4282335553850446,0.4,0.6388888888888888,0.453125
off,0,46,10,False,0.4211751665387834,0.4211751665387834,0.35,0.6341463414634146,0.45714285714285713
off,0,46,11,False,0.4033813749040875,0.40338137490408754,0.35,0.6511627906976745,0.4266666666666667
off,0,46,12,False,0.3900360311780656,0.3900360311780656,0.35,0.6590909090909091,0.4177215189873418
off,0,46,13,False,0.38002702338354916,0.3800270233835492,0.35,0.6666666666666666,0.40963855421686746
off,0,46,14,False,0.3725202675376619,0.3725202675376619,0.35,0.6808510638297872,0.38636363636363635
off,0,46,15,False,0.36689020065324635,0.3668902006532464,0.3,0.6923076923076923,0.3723404255319149
off,0,46,16,False,0.3501676504899348,0.3501676504899348,0.25,0.6851851851851852,0.3673469387755102
off,0,46,17,False,0.32512573786745114,0.32512573786745114,0.25,0.6964285714285714,0.34951456310679613
off,0,46,18,False,0.3063443034005884,0.3063443034005884,0.2,0.6842105263157895,0.3523809523809524
off,0,46,19,False,0.2797582275504413,0.2797582275504413,0.2,0.6949152542372882,0.34545454545454546
off,0,46,20,False,0.25981867066283093,0.25981867066283093,0.2,0.7096774193548387,0.3333333333333333
off,0,46,21,False,0.2448640029971232,0.2448640029971232,0.2,0.7096774193548387,0.3333333333333333
off,0,46,22,False,0.23364800224784238,0.23364800224784238,0.15,0.7076923076923077,0.32786885245901637
off,0,46,23,False,0.21273600168588178,0.21273600168588178,0.05,0.6911764705882353,0.3359375
off,0,46,24,False,0.17205200126441134,0.17205200126441134,0.05,0.7,0.3233082706766917
off,0,46,25,False,0.1415390009483085,0.1415390009483085,0.0,0.7027027027027027,0.3142857142857143
off,0,46,26,False,0.10615425071123138,0.10615425071123138,0.0,0.7088607594936709,0.3103448275862069
off,0,46,27,False,0.07961568803342353,0.07961568803342353,0.0,0.7195121951219512,0.30666666666666664
off,0,46,28,False,0.05971176602506765,0.05971176602506765,0.0,0.7261904761904762,0.310126582278481
off,0,46,29,False,0.04478382451880074,0.04478382451880074,0.0,0.7142857142857143,0.3132530120481928
off,0,46,30,False,0.03358786838910055,0.03358786838910055,0.0,0.723404255319149,0.3081395348837209
off,0,46,31,False,0.025190901291825413,0.025190901291825413,0.0,0.7216494845360825,0.30337078651685395
off,0,46,32,False,0.01889317596886906,0.01889317596886906,0.0,0.73,0.2972972972972973
off,0,46,33,False,0.014169881976651795,0.014169881976651795,0.0,0.7378640776699029,0.2931937172774869
off,0,46,34,False,0.010627411482488846,0.010627411482488846,0.0,0.7333333333333333,0.29081632653061223
off,0,46,35,False,0.007970558611866635,0.007970558611866635,0.0,0.7363636363636363,0.2871287128712871
off,0,46,36,False,0.005977918958899976,0.0059779189588999755,0.0,0.7241379310344828,0.2938388625592417
off,0,46,37,False,0.004483439219174982,0.004483439219174982,0.0,0.7213114754098361,0.2916666666666667
off,0,46,38,False,0.003362579414381236,0.003362579414381236,0.0,0.7142857142857143,0.2927927927927928
off,0,46,39,False,0.0025219345607859272,0.0025219345607859272,0.0,0.7022900763358778,0.29955947136563876
off,0,47,0,False,0.0,0.0,0.0,0.0,1.0
off,0,47,1,False,0.0,0.0,0.2727272727272727,0.2727272727272727,0.8518518518518519
off,0,47,2,False,0.06818181818181818,0.06818181818181818,0.35714285714285715,0.35714285714285715,0.7575757575757576
off,0,47,3,False,0.14042207792207792,0.14042207792207792,0.4375,0.4375,0.65
off,0,47,4,False,0.21469155844155843,0.21469155844155843,0.5,0.5,0.5686274509803921
off,0,47,5,False,0.28601866883116883,0.28601866883116883,0.5,0.5238095238095238,0.5576923076923077
off,0,47,6,False,0.3395140016233767,0.33951400162337664,0.4,0.5555555555555556,0.5254237288135594
off,0,47,7,False,0.3546355012175325,0.3546355012175325,0.4,0.5862068965517241,0.5
off,0,47,8,False,0.36597662591314933,0.3659766259131494,0.3,0.5757575757575758,0.4925373134328358
off,0,47,9,False,0.34948246943486205,0.34948246943486205,0.2,0.5675675675675675,0.48
off,0,47,10,False,0.3121118520761465,0.3121118520761465,0.1,0.5609756097560976,0.4691358024691358
off,0,47,11,False,0.2590838890571099,0.2590838890571099,0.1,0.5813953488372093,0.4418604651162791
off,0,47,12,False,0.2193129167928324,0.2193129167928324,0.1,0.6,0.4222222222222222
off,0,47,13,False,0.1894846875946243,0.1894846875946243,0.05,0.5957446808510638,0.40625
off,0,47,14,False,0.15461351569596823,0.15461351569596823,0.0,0.6078431372549019,0.39215686274509803
off,0,47,15,False,0.11596013677197617,0.11596013677197617,0.0,0.5892857142857143,0.3944954128440367
off,0,47,16,False,0.08697010257898212,0.08697010257898213,0.0,0.5932203389830508,0.38596491228070173
off,0,47,17,False,0.0652275769342366,0.0652275769342366,0.0,0.59375,0.3770491803278688
off,0,47,18,False,0.048920682700677454,0.048920682700677454,0.0,0.5970149253731343,0.376
off,0,47,19,False,0.03669051202550809,0.03669051202550809,0.0,0.6056338028169014,0.366412213740458
off,0,47,20,False,0.027517884019131068,0.027517884019131068,0.0,0.6233766233766234,0.35251798561151076
off,0,47,21,False,0.0206384130143483,0.0206384130143483,0.0,0.6428571428571429,0.3448275862068966
off,0,47,22,False,0.015478809760761226,0.015478809760761226,0.0,0.6436781609195402,0.3464052287581699
off,0,47,23,False,0.01160910732057092,0.01160910732057092,0.0,0.651685393258427,0.3375796178343949
off,0,47,24,False,0.00870683049042819,0.00870683049042819,0.0,0.6391752577319587,0.3473053892215569
off,0,47,25,False,0.006530122867821142,0.006530122867821142,0.0,0.6435643564356436,0.34285714285714286
off,0,47,26,False,0.004897592150865858,0.004897592150865857,0.0,0.6509433962264151,0.3370165745856354
off,0,47,27,False,0.003673194113149393,0.003673194113149393,0.0,0.6339285714285714,0.34574468085106386
off,0,47,28,False,0.0027548955848620445,0.0027548955848620445,0.0,0.6218487394957983,0.3520408163265306
off,0,47,29,False,0.0020661716886465334,0.0020661716886465334,0.0,0.628099173553719,0.3484848484848485
off,0,47,30,False,0.0015496287664849,0.0015496287664849,0.0,0.6290322580645161,0.3446601941747573
off,0,47,31,False,0.001162221574863675,0.001162221574863675,0.0,0.6259541984732825,0.3488372093023256
off,0,47,32,False,0.0008716661811477563,0.0008716661811477563,0.0,0.6323529411764706,0.34080717488789236
off,0,47,33,False,0.0006537496358608173,0.0006537496358608173,0.0,0.6330935251798561,0.34210526315789475
off,0,47,34,False,0.0004903122268956129,0.0004903122268956129,0.0,0.6326530612244898,0.3432203389830508
off,0,47,35,False,0.00036773417017170966,0.00036773417017170966,0.0,0.6381578947368421,0.33877551020408164
off,0,47,36,False,0.00027580062762878226,0.00027580062762878226,0.0,0.6346153846153846,0.3426294820717131
off,0,47,37,False,0.0002068504707215867,0.0002068504707215867,0.0,0.6369426751592356,0.33725490196078434
off,0,47,38,False,0.00015513785304119003,0.00015513785304119003,0.0,0.6415094339622641,0.3333333333333333
off,0,47,39,False,0.00011635338978089251,0.00011635338978089251,0.0,0.6375,0.3333333333333333
off,0,48,0,False,0.0,0.0,0.0,0.0,1.0
off,0,48,1,False,0.0,0.0,0.3333333333333333,0.3333333333333333,0.8571428571428571
off,0,48,2,False,0.08333333333333333,0.08333333333333333,0.4,0.4,0.72
off,0,48,3,False,0.1625,0.1625,0.5714285714285714,0.5714285714285714,0.5806451612903226
off,0,48,4,False,0.26473214285714286,0.26473214285714286,0.6470588235294118,0.6470588235294118,0.5428571428571428
off,0,48,5,False,0.3603138130252101,0.3603138130252101,0.6470588235294118,0.6470588235294118,0.5405405405405406
off,0,48,6,False,0.4320000656512605,0.4320000656512605,0.6842105263157895,0.6842105263157895,0.46511627906976744
off,0,48,7,False,0.4950526808173927,0.49505268081739273,0.7,0.7,0.43478260869565216
off,0,48,8,False,0.5462895106130445,0.5462895106130445,0.7,0.7272727272727273,0.42
off,0,48,9,False,0.5847171329597833,0.5847171329597833,0.7,0.75,0.39622641509433965
off,0,48,10,False,0.6135378497198375,0.6135378497198375,0.65,0.7307692307692307,0.3793103448275862
off,0,48,11,False,0.6226533872898781,0.6226533872898781,0.6,0.7333333333333333,0.3582089552238806
off,0,48,12,False,0.6169900404674086,0.6169900404674086,0.6,0.75,0.3380281690140845
off,0,48,13,False,0.6127425303505565,0.6127425303505565,0.6,0.7777777777777778,0.3116883116883117
off,0,48,14,False,0.6095568977629172,0.6095568977629173,0.45,0.7380952380952381,0.32142857142857145
off,0,48,15,False,0.569667673322188,0.569667673322188,0.45,0.7441860465116279,0.30337078651685395
off,0,48,16,False,0.539750754991641,0.539750754991641,0.35,0.723404255319149,0.3125
off,0,48,17,False,0.49231306624373083,0.49231306624373083,0.35,0.74,0.3
off,0,48,18,False,0.4567347996827982,0.4567347996827982,0.35,0.75,0.2912621359223301
off,0,48,19,False,0.43005109976209865,0.43005109976209865,0.25,0.7457627118644068,0.2882882882882883
off,0,48,20,False,0.38503832482157396,0.38503832482157396,0.2,0.746031746031746,0.28448275862068967
off,0,48,21,False,0.3387787436161805,0.3387787436161805,0.15,0.746268656716418,0.2845528455284553
off,0,48,22,False,0.29158405771213536,0.29158405771213536,0.05,0.7397260273972602,0.2857142857142857
off,0,48,23,False,0.23118804328410153,0.23118804328410153,0.05,0.7432432432432432,0.2753623188405797
off,0,48,24,False,0.18589103246307617,0.18589103246307614,0.05,0.7466666666666667,0.2695035460992908
off,0,48,25,False,0.15191827434730712,0.15191827434730712,0.0,0.7407407407407407,0.272108843537415
off,0,48,26,False,0.11393870576048035,0.11393870576048035,0.0,0.7380952380952381,0.26973684210526316
off,0,48,27,False,0.08545402932036025,0.08545402932036025,0.0,0.735632183908046,0.275
off,0,48,28,False,0.06409052199027018,0.06409052199027018,0.0,0.7333333333333333,0.2710843373493976
off,0,48,29,False,0.04806789149270264,0.04806789149270264,0.0,0.7362637362637363,0.2631578947368421
off,0,48,30,False,0.03605091861952698,0.03605091861952698,0.0,0.7422680412371134,0.26666666666666666
off,0,48,31,False,0.027038188964645236,0.027038188964645236,0.0,0.7254901960784313,0.2698412698412698
off,0,48,32,False,0.020278641723483926,0.020278641723483926,0.0,0.7333333333333333,0.26424870466321243
off,0,48,33,False,0.015208981292612944,0.015208981292612944,0.0,0.7358490566037735,0.26153846153846155
off,0,48,34,False,0.011406735969459708,0.011406735969459708,0.0,0.7383177570093458,0.2562814070351759
off,0,48,35,False,0.008555051977094781,0.008555051977094781,0.0,0.75,0.24878048780487805
off,0,48,36,False,0.006416288982821086,0.006416288982821086,0.0,0.7522123893805309,0.24170616113744076
off,0,48,37,False,0.004812216737115814,0.004812216737115814,0.0,0.7606837606837606,0.24311926605504589
off,0,48,38,False,0.003609162552836861,0.0036091625528368605,0.0,0.7563025210084033,0.24774774774774774
off,0,48,39,False,0.0027068719146276453,0.0027068719146276453,0.0,0.746031746031746,0.25217391304347825
off,0,49,0,False,0.0,0.0,0.0,0.0,1.0
off,0,49,1,False,0.0,0.0,0.16666666666666666,0.16666666666666666,0.8076923076923077
off,0,49,2,False,0.041666666666666664,0.041666666666666664,0.4,0.4,0.6571428571428571
off,0,49,3,False,0.13125,0.13125,0.5,0.5,0.6153846153846154
off,0,49,4,False,0.2234375,0.2234375,0.5384615384615384,0.5384615384615384,0.5853658536585366
off,0,49,5,False,0.3021935096153846,0.3021935096153846,0.5714285714285714,0.5714285714285714,0.5581395348837209
off,0,49,6,False,0.3695022750686813,0.3695022750686813,0.6111111111111112,0.6111111111111112,0.5416666666666666
off,0,49,7,False,0.4299044840792887,0.4299044840792887,0.55,0.6086956521739131,0.509090909090909
off,0,49,8,False,0.45992836305946655,0.45992836305946655,0.55,0.625,0.4915254237288136
off,0,49,9,False,0.48244627229459996,0.4824462722945999,0.5,0.6153846153846154,0.47692307692307695
off,0,49,10,False,0.48683470422094993,0.48683470422094993,0.5,0.6666666666666666,0.4520547945205479
off,0,49,11,False,0.49012602816571244,0.49012602816571244,0.4,0.6666666666666666,0.4444444444444444
off,0,49,12,False,0.46759452112428435,0.46759452112428435,0.4,0.6829268292682927,0.42528735632183906
off,0,49,13,False,0.4506958908432133,0.45069589084321326,0.4,0.6976744186046512,0.4065934065934066
off,0,49,14,False,0.43802191813241,0.43802191813241,0.4,0.7045454545454546,0.3978494623655914
off,0,49,15,False,0.4285164385993075,0.42851643859930744,0.4,0.7291666666666666,0.37755102040816324
off,0,49,16,False,0.4213873289494806,0.4213873289494806,0.35,0.7307692307692307,0.36893203883495146
off,0,49,17,False,0.40354049671211045,0.40354049671211045,0.35,0.7358490566037735,0.3644859813084112
off,0,49,18,False,0.39015537253408283,0.39015537253408283,0.25,0.7241379310344828,0.35964912280701755
off,0,49,19,False,0.35511652940056215,0.35511652940056215,0.25,0.7419354838709677,0.3504273504273504
off,0,49,20,False,0.3288373970504216,0.3288373970504216,0.25,0.746031746031746,0.3416666666666667
off,0,49,21,False,0.3091280477878162,0.3091280477878162,0.25,0.7538461538461538,0.328
off,0,49,22,False,0.29434603584086216,0.29434603584086216,0.2,0.7571428571428571,0.32061068702290074
off,0,49,23,False,0.27075952688064664,0.27075952688064664,0.15,0.7631578947368421,0.3188405797101449
off,0,49,24,False,0.24056964516048499,0.24056964516048499,0.15,0.7692307692307693,0.3076923076923077
off,0,49,25,False,0.21792723387036375,0.21792723387036375,0.05,0.7560975609756098,0.3202614379084967
off,0,49,26,False,0.17594542540277283,0.17594542540277283,0.05,0.7619047619047619,0.31645569620253167
off,0,49,27,False,0.14445906905207964,0.14445906905207964,0.05,0.7586206896551724,0.3170731707317073
off,0,49,28,False,0.12084430178905974,0.12084430178905974,0.05,0.7666666666666667,0.3136094674556213
off,0,49,29,False,0.1031332263417948,0.1031332263417948,0.0,0.7578947368421053,0.3125
off,0,49,30,False,0.0773499197563461,0.0773499197563461,0.0,0.7551020408163265,0.3114754098360656
off,0,49,31,False,0.05801243981725958,0.05801243981725958,0.0,0.7523809523809524,0.3076923076923077
off,0,49,32,False,0.04350932986294469,0.04350932986294469,0.0,0.7547169811320755,0.3065326633165829
off,0,49,33,False,0.03263199739720851,0.03263199739720851,0.0,0.7431192660550459,0.3103448275862069
off,0,49,34,False,0.02447399804790638,0.024473998047906384,0.0,0.7350427350427351,0.30985915492957744
off,0,49,35,False,0.018355498535929788,0.018355498535929788,0.0,0.7416666666666667,0.3055555555555556
off,0,49,36,False,0.013766623901947342,0.013766623901947342,0.0,0.744,0.29777777777777775
off,0,49,37,False,0.010324967926460506,0.010324967926460506,0.0,0.7480314960629921,0.29694323144104806
off,0,49,38,False,0.00774372594484538,0.00774372594484538,0.0,0.7404580152671756,0.30042918454935624
off,0,49,39,False,0.005807794458634034,0.005807794458634035,0.0,0.7318840579710145,0.3029045643153527
off,0,50,0,False,0.0,0.0,0.0,0.0,1.0
off,0,50,1,False,0.0,0.0,0.21052631578947367,0.21052631578947367,0.8214285714285714
off,0,50,2,False,0.05263157894736842,0.05263157894736842,0.2,0.3333333333333333,0.7142857142857143
off,0,50,3,False,0.0894736842105263,0.08947368421052632,0.15,0.37037037037037035,0.6666666666666666
off,0,50,4,False,0.10460526315789473,0.10460526315789473,0.05,0.3870967741935484,0.6122448979591837
off,0,50,5,False,0.09095394736842104,0.09095394736842104,0.05,0.3939393939393939,0.5961538461538461
off,0,50,6,False,0.08071546052631577,0.08071546052631577,0.05,0.3939393939393939,0.5714285714285714
off,0,50,7,False,0.07303659539473682,0.07303659539473682,0.05,0.46153846153846156,0.532258064516129
off,0,50,8,False,0.06727744654605261,0.06727744654605261,0.0,0.4883720930232558,0.5
off,0,50,9,False,0.05045808490953946,0.05045808490953946,0.0,0.5319148936170213,0.47368421052631576
off,0,50,10,False,0.03784356368215459,0.03784356368215459,0.0,0.52,0.4578313253012048
off,0,50,11,False,0.028382672761615945,0.028382672761615945,0.0,0.5384615384615384,0.4418604651162791
off,0,50,12,False,0.021287004571211958,0.021287004571211958,0.0,0.5614035087719298,0.41935483870967744
off,0,50,13,False,0.015965253428408967,0.015965253428408967,0.0,0.5737704918032787,0.4
off,0,50,14,False,0.011973940071306725,0.011973940071306725,0.0,0.5625,0.4
off,0,50,15,False,0.008980455053480043,0.008980455053480043,0.0,0.5652173913043478,0.39285714285714285
off,0,50,16,False,0.006735341290110032,0.006735341290110032,0.0,0.5616438356164384,0.39316239316239315
off,0,50,17,False,0.005051505967582524,0.005051505967582524,0.0,0.5789473684210527,0.3865546218487395
off,0,50,18,False,0.003788629475686893,0.003788629475686893,0.0,0.5897435897435898,0.37398373983739835
off,0,50,19,False,0.00284147210676517,0.00284147210676517,0.0,0.5949367088607594,0.36507936507936506
off,0,50,20,False,0.002131104080073877,0.002131104080073877,0.0,0.5952380952380952,0.3609022556390977
off,0,50,21,False,0.001598328060055408,0.001598328060055408,0.0,0.6091954022988506,0.35
off,0,50,22,False,0.0011987460450415559,0.0011987460450415559,0.0,0.6195652173913043,0.3424657534246575
off,0,50,23,False,0.0008990595337811668,0.0008990595337811668,0.0,0.6224489795918368,0.33986928104575165
off,0,50,24,False,0.0006742946503358752,0.0006742946503358752,0.0,0.6274509803921569,0.33125
off,0,50,25,False,0.0005057209877519064,0.0005057209877519064,0.0,0.6355140186915887,0.32335329341317365
off,0,50,26,False,0.0003792907408139298,0.0003792907408139298,0.0,0.6422018348623854,0.3176470588235294
off,0,50,27,False,0.00028446805561044736,0.00028446805561044736,0.0,0.6460176991150443,0.3163841807909605
off,0,50,28,False,0.00021335104170783548,0.0002133510417078355,0.0,0.6521739130434783,0.3128491620111732
off,0,50,29,False,0.00016001328128087663,0.00016001328128087663,0.0,0.6416666666666667,0.31891891891891894
off,0,50,30,False,0.00012000996096065747,0.00012000996096065748,0.0,0.6428571428571429,0.3177083333333333
off,0,50,31,False,9.000747072049311e-05,9.000747072049311e-05,0.0,0.648854961832061,0.31155778894472363
off,0,50,32,False,6.750560304036984e-05,6.750560304036984e-05,0.0,0.6541353383458647,0.3155339805825243
off,0,50,33,False,5.062920228027737e-05,5.062920228027737e-05,0.0,0.6567164179104478,0.3140096618357488
off,0,50,34,False,3.797190171020802e-05,3.7971901710208026e-05,0.0,0.6524822695035462,0.3148148148148148
off,0,50,35,False,2.847892628265602e-05,2.847892628265602e-05,0.0,0.6503496503496503,0.3167420814479638
off,0,50,36,False,2.1359194711992017e-05,2.1359194711992017e-05,0.0,0.6621621621621622,0.30973451327433627
off,0,50,37,False,1.6019396033994014e-05,1.6019396033994014e-05,0.0,0.6622516556291391,0.30869565217391304
off,0,50,38,False,1.201454702549551e-05,1.201454702549551e-05,0.0,0.6623376623376623,0.3093220338983051
off,0,50,39,False,9.010910269121633e-06,9.010910269121633e-06,0.0,0.6666666666666666,0.30991735537190085
off,0,51,0,False,0.0,0.0,0.0,0.0,1.0
off,0,51,1,False,0.0,0.0,0.14285714285714285,0.14285714285714285,0.875
off,0,51,2,False,0.03571428571428571,0.03571428571428571,0.23529411764705882,0.23529411764705882,0.7894736842105263
off,0,51,3,False,0.08560924369747899,0.08560924369747899,0.3,0.3333333333333333,0.6956521739130435
off,0,51,4,False,0.13920693277310925,0.13920693277310925,0.3,0.4166666666666667,0.6274509803921569
off,0,51,5,False,0.17940519957983195,0.17940519957983192,0.3,0.44,0.6
off,0,51,6,False,0.20955389968487395,0.20955389968487392,0.25,0.4827586206896552,0.5666666666666667
off,0,51,7,False,0.21966542476365544,0.21966542476365544,0.2,0.4838709677419355,0.5538461538461539
off,0,51,8,False,0.21474906857274156,0.21474906857274156,0.15,0.5405405405405406,0.5138888888888888
off,0,51,9,False,0.19856180142955618,0.19856180142955618,0.1,0.5609756097560976,0.4936708860759494
off,0,51,10,False,0.17392135107216714,0.17392135107216714,0.1,0.5813953488372093,0.4588235294117647
off,0,51,11,False,0.15544101330412535,0.15544101330412535,0.1,0.6,0.43333333333333335
off,0,51,12,False,0.14158075997809402,0.14158075997809402,0.0,0.6078431372549019,0.4329896907216495
off,0,51,13,False,0.10618556998357051,0.10618556998357051,0.0,0.6296296296296297,0.4077669902912621
off,0,51,14,False,0.07963917748767788,0.07963917748767788,0.0,0.631578947368421,0.4074074074074074
off,0,51,15,False,0.05972938311575841,0.05972938311575841,0.0,0.6229508196721312,0.40350877192982454
off,0,51,16,False,0.0447970373368188,0.04479703733681881,0.0,0.6190476190476191,0.4017094017094017
off,0,51,17,False,0.033597778002614105,0.033597778002614105,0.0,0.625,0.3884297520661157
off,0,51,18,False,0.02519833350196058,0.02519833350196058,0.0,0.6268656716417911,0.3858267716535433
off,0,51,19,False,0.018898750126470437,0.018898750126470437,0.0,0.6216216216216216,0.38235294117647056
off,0,51,20,False,0.01417406259485283,0.014174062594852828,0.0,0.6329113924050633,0.3706293706293706
off,0,51,21,False,0.010630546946139621,0.010630546946139621,0.0,0.6385542168674698,0.3691275167785235
off,0,51,22,False,0.007972910209604715,0.007972910209604715,0.0,0.6436781609195402,0.36363636363636365
off,0,51,23,False,0.0059796826572035364,0.0059796826572035364,0.0,0.6413043478260869,0.37037037037037035
off,0,51,24,False,0.004484761992902653,0.004484761992902653,0.0,0.6458333333333334,0.3630952380952381
off,0,51,25,False,0.0033635714946769896,0.0033635714946769896,0.0,0.6534653465346535,0.35795454545454547
off,0,51,26,False,0.002522678621007742,0.002522678621007742,0.0,0.6568627450980392,0.3539325842696629
off,0,51,27,False,0.0018920089657558069,0.0018920089657558066,0.0,0.6728971962616822,0.34759358288770054
off,0,51,28,False,0.001419006724316855,0.001419006724316855,0.0,0.6759259259259259,0.3471502590673575
off,0,51,29,False,0.0010642550432376412,0.0010642550432376412,0.0,0.6666666666666666,0.34673366834170855
off,0,51,30,False,0.0007981912824282309,0.0007981912824282309,0.0,0.6608695652173913,0.3480392156862745
off,0,51,31,False,0.0005986434618211733,0.0005986434618211731,0.0,0.6666666666666666,0.3397129186602871
off,0,51,32,False,0.00044898259636587986,0.00044898259636587986,0.0,0.675,0.3333333333333333
off,0,51,33,False,0.00033673694727440987,0.00033673694727440987,0.0,0.6694214876033058,0.33796296296296297
off,0,51,34,False,0.00025255271045580743,0.00025255271045580743,0.0,0.6693548387096774,0.334841628959276
off,0,51,35,False,0.00018941453284185557,0.00018941453284185557,0.0,0.6692913385826772,0.3303964757709251
off,0,51,36,False,0.00014206089963139166,0.00014206089963139169,0.0,0.6666666666666666,0.33047210300429186
off,0,51,37,False,0.00010654567472354376,0.00010654567472354376,0.0,0.6691176470588235,0.3263598326359833
off,0,51,38,False,7.990925604265783e-05,7.990925604265783e-05,0.0,0.6714285714285714,0.3237704918032787
off,0,51,39,False,5.993194203199337e-05,5.993194203199337e-05,0.0,0.6690140845070423,0.3225806451612903
off,2,42,0,False,0.0,0.0,0.0,0.0,1.0
off,2,42,1,False,0.0,0.0,0.3333333333333333,0.3333333333333333,0.8260869565217391
off,2,42,2,True,0.08333333333333333,0.08333333333333333,0.0,0.0,1.0
off,2,42,3,False,0.0625,0.0625,0.3,0.3,0.8275862068965517
off,2,42,4,True,0.121875,0.121875,0.0,0.0,1.0
off,2,42,5,False,0.09140625,0.09140625,0.36363636363636365,0.36363636363636365,0.8125
off,2,42,6,True,0.1594637784090909,0.1594637784090909,0.0,0.0,1.0
off,2,42,7,False,0.11959783380681818,0.11959783380681818,0.21052631578947367,0.21052631578947367,0.8333333333333334
off,2,42,8,True,0.14232995430248205,0.14232995430248205,0.0,0.0,1.0
off,2,42,9,False,0.10674746572686153,0.10674746572686153,0.13333333333333333,0.13333333333333333,0.84
off,2,42,10,True,0.11339393262847948,0.11339393262847947,0.0,0.0,1.0
off,2,42,11,False,0.0850454494713596,0.0850454494713596,0.23076923076923078,0.23076923076923078,0.8666666666666667
off,2,42,12,True,0.12147639479582739,0.12147639479582739,0.0,0.0,1.0
off,2,42,13,False,0.09110729609687054,0.09110729609687054,0.25,0.25,0.7916666666666666
off,2,42,14,True,0.13083047207265291,0.13083047207265291,0.0,0.0,1.0
off,2,42,15,False,0.09812285405448969,0.09812285405448969,0.1111111111111111,0.1111111111111111,0.9090909090909091
off,2,42,16,True,0.10136991831864504,0.10136991831864504,0.0,0.0,1.0
off,2,42,17,False,0.07602743873898378,0.07602743873898378,0.16666666666666666,0.16666666666666666,0.8571428571428571
off,2,42,18,True,0.09868724572090451,0.09868724572090451,0.0,0.0,1.0
off,2,42,19,False,0.07401543429067839,0.07401543429067839,0.13333333333333333,0.13333333333333333,0.8846153846153846
off,2,42,20,True,0.08884490905134212,0.08884490905134212,0.0,0.0,1.0
off,2,42,21,False,0.0666336817885066,0.0666336817885066,0.375,0.375,0.7916666666666666
off,2,42,22,True,0.14372526134137995,0.14372526134137995,0.0,0.0,1.0
off,2,42,23,False,0.10779394600603495,0.10779394600603495,0.18181818181818182,0.18181818181818182,0.8518518518518519
off,2,42,24,True,0.12630000495907168,0.12630000495907168,0.0,0.0,1.0
off,2,42,25,False,0.09472500371930377,0.09472500371930376,0.0,0.0,0.9130434782608695
off,2,42,26,True,0.07104375278947782,0.07104375278947782,0.0,0.0,1.0
off,2,42,27,False,0.05328281459210836,0.05328281459210836,0.23076923076923078,0.23076923076923078,0.8518518518518519
off,2,42,28,True,0.09765441863638895,0.09765441863638896,0.0,0.0,1.0
off,2,42,29,False,0.07324081397729172,0.07324081397729172,0.2,0.2,0.8888888888888888
off,2,42,30,True,0.1049306104829688,0.1049306104829688,0.0,0.0,1.0
off,2,42,31,False,0.0786979578622266,0.0786979578622266,0.2222222222222222,0.2222222222222222,0.8
off,2,42,32,True,0.1145790239522255,0.1145790239522255,0.0,0.0,1.0
off,2,42,33,False,0.08593426796416911,0.08593426796416911,0.14285714285714285,0.14285714285714285,0.8928571428571429
off,2,42,34,True,0.10016498668741254,0.10016498668741254,0.0,0.0,1.0
off,2,42,35,False,0.07512374001555941,0.07512374001555941,0.5,0.5,0.8181818181818182
off,2,42,36,True,0.18134280501166952,0.18134280501166955,0.0,0.0,1.0
off,2,42,37,False,0.13600710375875216,0.13600710375875216,0.25,0.25,0.8095238095238095
off,2,42,38,True,0.16450532781906416,0.16450532781906413,0.0,0.0,1.0
off,2,42,39,False,0.1233789958642981,0.1233789958642981,0.09090909090909091,0.09090909090909091,0.8846153846153846
off,2,43,0,False,0.0,0.0,0.0,0.0,1.0
off,2,43,1,False,0.0,0.0,0.09090909090909091,0.09090909090909091,0.8518518518518519
off,2,43,2,True,0.022727272727272728,0.022727272727272728,0.0,0.0,1.0
off,2,43,3,False,0.017045454545454544,0.017045454545454544,0.2727272727272727,0.2727272727272727,0.8
off,2,43,4,True,0.08096590909090909,0.08096590909090909,0.0,0.0,1.0
off,2,43,5,False,0.060724431818181816,0.060724431818181816,0.42857142857142855,0.42857142857142855,0.7391304347826086
off,2,43,6,True,0.1526861810064935,0.1526861810064935,0.0,0.0,1.0
off,2,43,7,False,0.11451463575487013,0.11451463575487013,0.07142857142857142,0.07142857142857142,0.9166666666666666
off,2,43,8,True,0.10374311967329544,0.10374311967329544,0.0,0.0,1.0
off,2,43,9,False,0.07780733975497159,0.07780733975497159,0.1,0.1,0.8571428571428571
off,2,43,10,True,0.08335550481622869,0.08335550481622869,0.0,0.0,1.0
off,2,43,11,False,0.06251662861217153,0.06251662861217153,0.18181818181818182,0.18181818181818182,0.78125
off,2,43,12,True,0.0923420169136741,0.09234201691367411,0.0,0.0,1.0
off,2,43,13,False,0.06925651268525558,0.06925651268525558,0.2857142857142857,0.2857142857142857,0.7727272727272727
off,2,43,14,True,0.12337095594251311,0.12337095594251311,0.0,0.0,1.0
off,2,43,15,False,0.09252821695688483,0.09252821695688483,0.21428571428571427,0.21428571428571427,0.8857142857142857
off,2,43,16,True,0.12296759128909218,0.12296759128909218,0.0,0.0,1.0
off,2,43,17,False,0.09222569346681915,0.09222569346681914,0.13333333333333333,0.13333333333333333,0.84
off,2,43,18,True,0.10250260343344768,0.10250260343344769,0.0,0.0,1.0
off,2,43,19,False,0.07687695257508577,0.07687695257508577,0.18181818181818182,0.18181818181818182,0.8636363636363636
off,2,43,20,True,0.10311225988585979,0.10311225988585979,0.0,0.0,1.0
off,2,43,21,False,0.07733419491439483,0.07733419491439483,0.5714285714285714,0.5714285714285714,0.7272727272727273
off,2,43,22,True,0.20085778904293897,0.20085778904293897,0.0,0.0,1.0
off,2,43,23,False,0.15064334178220423,0.15064334178220423,0.2,0.2,0.9130434782608695
off,2,43,24,True,0.16298250633665318,0.16298250633665318,0.0,0.0,1.0
off,2,43,25,False,0.12223687975248988,0.12223687975248988,0.15384615384615385,0.15384615384615385,0.88
off,2,43,26,True,0.13013919827590587,0.13013919827590587,0.0,0.0,1.0
off,2,43,27,False,0.0976043987069294,0.0976043987069294,0.375,0.375,0.782608695652174
off,2,43,28,True,0.1669532990301971,0.16695329903019707,0.0,0.0,1.0
off,2,43,29,False,0.1252149742726478,0.1252149742726478,0.1111111111111111,0.1111111111111111,0.875
off,2,43,30,True,0.12168900848226362,0.12168900848226362,0.0,0.0,1.0
off,2,43,31,False,0.09126675636169772,0.09126675636169772,0.3333333333333333,0.3333333333333333,0.7777777777777778
off,2,43,32,True,0.1517834006046066,0.1517834006046066,0.0,0.0,1.0
off,2,43,33,False,0.11383755045345494,0.11383755045345495,0.18181818181818182,0.18181818181818182,0.9090909090909091
off,2,43,34,True,0.13083270829463667,0.13083270829463667,0.0,0.0,1.0
off,2,43,35,False,0.0981245312209775,0.0981245312209775,0.3333333333333333,0.3333333333333333,0.8148148148148148
off,2,43,36,True,0.15692673174906643,0.15692673174906646,0.0,0.0,1.0
off,2,43,37,False,0.11769504881179985,0.11769504881179985,0.2,0.2,0.8518518518518519
off,2,43,38,True,0.1382712866088499,0.1382712866088499,0.0,0.0,1.0
off,2,43,39,False,0.10370346495663743,0.10370346495663743,0.2,0.2,0.8421052631578947
off,2,44,0,False,0.0,0.0,0.0,0.0,1.0
off,2,44,1,False,0.0,0.0,0.3,0.3,0.72
off,2,44,2,True,0.075,0.075,0.0,0.0,1.0
off,2,44,3,False,0.05624999999999999,0.056249999999999994,0.36363636363636365,0.36363636363636365,0.76
off,2,44,4,True,0.1330965909090909,0.1330965909090909,0.0,0.0,1.0
off,2,44,5,False,0.09982244318181818,0.09982244318181818,0.14285714285714285,0.14285714285714285,0.9259259259259259
off,2,44,6,True,0.11058111810064934,0.11058111810064934,0.0,0.0,1.0
off,2,44,7,False,0.082935838575487,0.082935838575487,0.375,0.375,0.8181818181818182
off,2,44,8,True,0.15595187893161525,0.15595187893161525,0.0,0.0,1.0
off,2,44,9,False,0.11696390919871144,0.11696390919871144,0.3333333333333333,0.3333333333333333,0.8636363636363636
off,2,44,10,True,0.1710562652323669,0.1710562652323669,0.0,0.0,1.0
off,2,44,11,False,0.12829219892427518,0.12829219892427518,0.3076923076923077,0.3076923076923077,0.8333333333333334
off,2,44,12,True,0.17314222611628333,0.17314222611628333,0.0,0.0,1.0
off,2,44,13,False,0.12985666958721248,0.12985666958721248,0.2222222222222222,0.2222222222222222,0.8076923076923077
off,2,44,14,True,0.15294805774596493,0.15294805774596493,0.0,0.0,1.0
off,2,44,15,False,0.1147110433094737,0.1147110433094737,0.3076923076923077,0.3076923076923077,0.8076923076923077
off,2,44,16,True,0.16295635940518222,0.16295635940518222,0.0,0.0,1.0
off,2,44,17,False,0.12221726955388666,0.12221726955388666,0.2727272727272727,0.2727272727272727,0.8518518518518519
off,2,44,18,True,0.15984477034723316,0.15984477034723316,0.0,0.0,1.0
off,2,44,19,False,0.11988357776042487,0.11988357776042487,0.3333333333333333,0.3333333333333333,0.782608695652174
off,2,44,20,True,0.17324601665365197,0.17324601665365197,0.0,0.0,1.0
off,2,44,21,False,0.12993451249023896,0.12993451249023896,0.21428571428571427,0.21428571428571427,0.8
off,2,44,22,True,0.15102231293910778,0.15102231293910778,0.0,0.0,1.0
off,2,44,23,False,0.11326673470433084,0.11326673470433084,0.0,0.0,0.9310344827586207
off,2,44,24,True,0.08495005102824812,0.08495005102824812,0.0,0.0,1.0
off,2,44,25,False,0.06371253827118609,0.06371253827118609,0.2727272727272727,0.2727272727272727,0.8518518518518519
off,2,44,26,True,0.11596622188520775,0.11596622188520775,0.0,0.0,1.0
off,2,44,27,False,0.0869746664139058,0.0869746664139058,0.14285714285714285,0.14285714285714285,0.8636363636363636
off,2,44,28,True,0.10094528552471506,0.10094528552471506,0.0,0.0,1.0
off,2,44,29,False,0.0757089641435363,0.0757089641435363,0.14285714285714285,0.14285714285714285,0.8846153846153846
off,2,44,30,True,0.09249600882193794,0.09249600882193794,0.0,0.0,1.0
off,2,44,31,False,0.06937200661645346,0.06937200661645346,0.25,0.25,0.8
off,2,44,32,True,0.11452900496234009,0.11452900496234009,0.0,0.0,1.0
off,2,44,33,False,0.08589675372175506,0.08589675372175506,0.0,0.0,0.9047619047619048
off,2,44,34,True,0.06442256529131629,0.06442256529131629,0.0,0.0,1.0
off,2,44,35,False,0.048316923968487226,0.04831692396848722,0.25,0.25,0.9
off,2,44,36,True,0.09873769297636541,0.09873769297636542,0.0,0.0,1.0
off,2,44,37,False,0.07405326973227407,0.07405326973227407,0.21428571428571427,0.21428571428571427,0.8518518518518519
off,2,44,38,True,0.10911138087063413,0.10911138087063413,0.0,0.0,1.0
off,2,44,39,False,0.0818335356529756,0.0818335356529756,0.15384615384615385,0.15384615384615385,0.8636363636363636
off,2,45,0,False,0.0,0.0,0.0,0.0,1.0
off,2,45,1,False,0.0,0.0,0.3076923076923077,0.3076923076923077,0.7777777777777778
off,2,45,2,True,0.07692307692307694,0.07692307692307693,0.0,0.0,1.0
off,2,45,3,False,0.057692307692307696,0.057692307692307696,0.125,0.125,0.8846153846153846
off,2,45,4,True,0.07451923076923077,0.07451923076923077,0.0,0.0,1.0
off,2,45,5,False,0.05588942307692307,0.05588942307692307,0.0,0.0,0.95
off,2,45,6,True,0.041917067307692304,0.041917067307692304,0.0,0.0,1.0
off,2,45,7,False,0.03143780048076923,0.03143780048076923,0.08333333333333333,0.08333333333333333,0.8846153846153846
off,2,45,8,True,0.044411683693910256,0.044411683693910256,0.0,0.0,1.0
off,2,45,9,False,0.033308762770432696,0.033308762770432696,0.1111111111111111,0.1111111111111111,0.8333333333333334
off,2,45,10,True,0.0527593498556023,0.052759349855602294,0.0,0.0,1.0
off,2,45,11,False,0.03956951239170172,0.03956951239170172,0.18181818181818182,0.18181818181818182,0.9230769230769231
off,2,45,12,True,0.07513167974832176,0.07513167974832174,0.0,0.0,1.0
off,2,45,13,False,0.05634875981124131,0.05634875981124131,0.5,0.5,0.8095238095238095
off,2,45,14,True,0.167261569858431,0.167261569858431,0.0,0.0,1.0
off,2,45,15,False,0.12544617739382324,0.12544617739382324,0.2,0.2,0.8076923076923077
off,2,45,16,True,0.14408463304536742,0.14408463304536745,0.0,0.0,1.0
off,2,45,17,False,0.10806347478402559,0.10806347478402559,0.25,0.25,0.8571428571428571
off,2,45,18,True,0.1435476060880192,0.1435476060880192,0.0,0.0,1.0
off,2,45,19,False,0.1076607045660144,0.1076607045660144,0.2,0.2,0.8888888888888888
off,2,45,20,True,0.13074552842451082,0.13074552842451082,0.0,0.0,1.0
off,2,45,21,False,0.09805914631838311,0.09805914631838311,0.3,0.3,0.8695652173913043
off,2,45,22,True,0.1485443597387873,0.14854435973878732,0.0,0.0,1.0
off,2,45,23,False,0.11140826980409049,0.11140826980409049,0.2222222222222222,0.2222222222222222,0.8636363636363636
off,2,45,24,True,0.13911175790862343,0.13911175790862343,0.0,0.0,1.0
off,2,45,25,False,0.10433381843146758,0.10433381843146758,0.375,0.375,0.76
off,2,45,26,True,0.17200036382360068,0.17200036382360068,0.0,0.0,1.0
off,2,45,27,False,0.1290002728677005,0.1290002728677005,0.2222222222222222,0.2222222222222222,0.8695652173913043
off,2,45,28,True,0.1523057602063309,0.1523057602063309,0.0,0.0,1.0
off,2,45,29,False,0.11422932015474818,0.11422932015474818,0.1111111111111111,0.1111111111111111,0.9032258064516129
off,2,45,30,True,0.11344976789383891,0.11344976789383891,0.0,0.0,1.0
off,2,45,31,False,0.08508732592037918,0.08508732592037918,0.2,0.2,0.875
off,2,45,32,True,0.1138154944402844,0.1138154944402844,0.0,0.0,1.0
off,2,45,33,False,0.0853616208302133,0.0853616208302133,0.11764705882352941,0.11764705882352941,0.8214285714285714
off,2,45,34,True,0.09343298032854233,0.09343298032854233,0.0,0.0,1.0
off,2,45,35,False,0.07007473524640676,0.07007473524640676,0.07142857142857142,0.07142857142857142,0.9090909090909091
off,2,45,36,True,0.07041319429194792,0.07041319429194792,0.0,0.0,1.0
off,2,45,37,False,0.05280989571896094,0.05280989571896094,0.2,0.2,0.8148148148148148
off,2,45,38,True,0.08960742178922072,0.08960742178922071,0.0,0.0,1.0
off,2,45,39,False,0.06720556634191553,0.06720556634191553,0.1111111111111111,0.1111111111111111,0.9230769230769231
off,2,46,0,False,0.0,0.0,0.0,0.0,1.0
off,2,46,1,False,0.0,0.0,0.2,0.2,0.8461538461538461
off,2,46,2,True,0.05,0.05,0.0,0.0,1.0
off,2,46,3,False,0.03750000000000001,0.037500000000000006,0.14285714285714285,0.14285714285714285,0.88
off,2,46,4,True,0.06383928571428571,0.06383928571428571,0.0,0.0,1.0
off,2,46,5,False,0.04787946428571428,0.04787946428571428,0.1,0.1,0.92
off,2,46,6,True,0.060909598214285716,0.060909598214285716,0.0,0.0,1.0
off,2,46,7,False,0.04568219866071429,0.04568219866071429,0.16666666666666666,0.16666666666666666,0.88
off,2,46,8,True,0.07592831566220237,0.07592831566220237,0.0,0.0,1.0
off,2,46,9,False,0.05694623674665178,0.05694623674665178,0.2727272727272727,0.2727272727272727,0.8620689655172413
off,2,46,10,True,0.11089149574180701,0.11089149574180701,0.0,0.0,1.0
off,2,46,11,False,0.08316862180635527,0.08316862180635526,0.09090909090909091,0.09090909090909091,0.8461538461538461
off,2,46,12,True,0.08510373908203916,0.08510373908203916,0.0,0.0,1.0
off,2,46,13,False,0.06382780431152937,0.06382780431152937,0.08333333333333333,0.08333333333333333,0.8571428571428571
off,2,46,14,True,0.06870418656698037,0.06870418656698037,0.0,0.0,1.0
off,2,46,15,False,0.05152813992523527,0.05152813992523528,0.3076923076923077,0.3076923076923077,0.8
off,2,46,16,True,0.11556918186700338,0.11556918186700338,0.0,0.0,1.0
off,2,46,17,False,0.08667688640025253,0.08667688640025253,0.16666666666666666,0.16666666666666666,0.8148148148148148
off,2,46,18,True,0.10667433146685605,0.10667433146685606,0.0,0.0,1.0
off,2,46,19,False,0.08000574860014205,0.08000574860014205,0.09090909090909091,0.09090909090909091,0.875
off,2,46,20,True,0.08273158417737927,0.08273158417737927,0.0,0.0,1.0
off,2,46,21,False,0.062048688133034456,0.062048688133034456,0.09090909090909091,0.09090909090909091,0.9230769230769231
off,2,46,22,True,0.06926378882704856,0.06926378882704856,0.0,0.0,1.0
off,2,46,23,False,0.05194784162028642,0.05194784162028642,0.14285714285714285,0.14285714285714285,0.85
off,2,46,24,True,0.07467516692950052,0.07467516692950052,0.0,0.0,1.0
off,2,46,25,False,0.05600637519712539,0.05600637519712539,0.3076923076923077,0.3076923076923077,0.8
off,2,46,26,True,0.11892785832092097,0.11892785832092097,0.0,0.0,1.0
off,2,46,27,False,0.08919589374069073,0.08919589374069073,0.23076923076923078,0.23076923076923078,0.8620689655172413
off,2,46,28,True,0.12458922799782575,0.12458922799782575,0.0,0.0,1.0
off,2,46,29,False,0.09344192099836932,0.09344192099836932,0.21428571428571427,0.21428571428571427,0.8709677419354839
off,2,46,30,True,0.12365286932020556,0.12365286932020556,0.0,0.0,1.0
off,2,46,31,False,0.09273965199015415,0.09273965199015416,0.14285714285714285,0.14285714285714285,0.88
off,2,46,32,True,0.10526902470690133,0.10526902470690133,0.0,0.0,1.0
off,2,46,33,False,0.078951768530176,0.07895176853017599,0.21428571428571427,0.21428571428571427,0.8275862068965517
off,2,46,34,True,0.11278525496906056,0.11278525496906056,0.0,0.0,1.0
off,2,46,35,False,0.08458894122679542,0.08458894122679542,0.25,0.25,0.84
off,2,46,36,True,0.12594170592009657,0.12594170592009657,0.0,0.0,1.0
off,2,46,37,False,0.09445627944007243,0.09445627944007243,0.25,0.25,0.8846153846153846
off,2,46,38,True,0.13334220958005433,0.13334220958005433,0.0,0.0,1.0
off,2,46,39,False,0.10000665718504075,0.10000665718504075,0.125,0.125,0.9545454545454546
off,2,47,0,False,0.0,0.0,0.0,0.0,1.0
off,2,47,1,False,0.0,0.0,0.2727272727272727,0.2727272727272727,0.8518518518518519
off,2,47,2,True,0.06818181818181818,0.06818181818181818,0.0,0.0,1.0
off,2,47,3,False,0.05113636363636363,0.05113636363636363,0.16666666666666666,0.16666666666666666,0.7777777777777778
off,2,47,4,True,0.08001893939393938,0.08001893939393939,0.0,0.0,1.0
off,2,47,5,False,0.060014204545454544,0.060014204545454544,0.09090909090909091,0.09090909090909091,0.9473684210526315
off,2,47,6,True,0.06773792613636365,0.06773792613636365,0.0,0.0,1.0
off,2,47,7,False,0.05080344460227274,0.050803444602272735,0.2222222222222222,0.2222222222222222,0.8846153846153846
off,2,47,8,True,0.0936581390072601,0.09365813900726011,0.0,0.0,1.0
off,2,47,9,False,0.07024360425544508,0.07024360425544508,0.18181818181818182,0.18181818181818182,0.8214285714285714
off,2,47,10,True,0.09813724864612927,0.09813724864612927,0.0,0.0,1.0
off,2,47,11,False,0.07360293648459695,0.07360293648459695,0.08333333333333333,0.08333333333333333,0.8076923076923077
off,2,47,12,True,0.07603553569678105,0.07603553569678105,0.0,0.0,1.0
off,2,47,13,False,0.05702665177258578,0.057026651772585785,0.1111111111111111,0.1111111111111111,0.8571428571428571
off,2,47,14,True,0.07054776660721712,0.07054776660721712,0.0,0.0,1.0
off,2,47,15,False,0.05291082495541284,0.05291082495541284,0.2857142857142857,0.2857142857142857,0.8235294117647058
off,2,47,16,True,0.11111169014513107,0.11111169014513106,0.0,0.0,1.0
off,2,47,17,False,0.0833337676088483,0.0833337676088483,0.3333333333333333,0.3333333333333333,0.78125
off,2,47,18,True,0.14583365903996953,0.14583365903996953,0.0,0.0,1.0
off,2,47,19,False,0.10937524427997715,0.10937524427997715,0.2857142857142857,0.2857142857142857,0.8181818181818182
off,2,47,20,True,0.1534600046385543,0.1534600046385543,0.0,0.0,1.0
off,2,47,21,False,0.11509500347891573,0.11509500347891573,0.2727272727272727,0.2727272727272727,0.8275862068965517
off,2,47,22,True,0.15450307079100498,0.15450307079100498,0.0,0.0,1.0
off,2,47,23,False,0.11587730309325373,0.11587730309325373,0.2857142857142857,0.2857142857142857,0.7916666666666666
off,2,47,24,True,0.15833654874851172,0.15833654874851172,0.0,0.0,1.0
off,2,47,25,False,0.11875241156138379,0.11875241156138379,0.17647058823529413,0.17647058823529413,0.7586206896551724
off,2,47,26,True,0.13318195572986138,0.13318195572986138,0.0,0.0,1.0
off,2,47,27,False,0.09988646679739606,0.09988646679739605,0.21428571428571427,0.21428571428571427,0.8636363636363636
off,2,47,28,True,0.1284862786694756,0.1284862786694756,0.0,0.0,1.0
off,2,47,29,False,0.0963647090021067,0.0963647090021067,0.16666666666666666,0.16666666666666666,0.9285714285714286
off,2,47,30,True,0.11394019841824668,0.11394019841824668,0.0,0.0,1.0
off,2,47,31,False,0.08545514881368502,0.08545514881368502,0.2857142857142857,0.2857142857142857,0.8214285714285714
off,2,47,32,True,0.1355199330388352,0.1355199330388352,0.0,0.0,1.0
off,2,47,33,False,0.1016399497791264,0.1016399497791264,0.2,0.2,0.8571428571428571
off,2,47,34,True,0.1262299623343448,0.1262299623343448,0.0,0.0,1.0
off,2,47,35,False,0.09467247175075862,0.0946724717507586,0.3076923076923077,0.3076923076923077,0.84
off,2,47,36,True,0.14792743073614587,0.1479274307361459,0.0,0.0,1.0
off,2,47,37,False,0.11094557305210942,0.11094557305210942,0.16666666666666666,0.16666666666666666,0.92
off,2,47,38,True,0.12487584645574874,0.12487584645574873,0.0,0.0,1.0
off,2,47,39,False,0.09365688484181155,0.09365688484181155,0.0,0.0,0.9130434782608695
off,2,48,0,False,0.0,0.0,0.0,0.0,1.0
off,2,48,1,False,0.0,0.0,0.3333333333333333,0.3333333333333333,0.8571428571428571
off,2,48,2,True,0.08333333333333333,0.08333333333333333,0.0,0.0,1.0
off,2,48,3,False,0.0625,0.0625,0.4,0.4,0.7916666666666666
off,2,48,4,True,0.146875,0.146875,0.0,0.0,1.0
off,2,48,5,False,0.11015625000000002,0.11015625000000001,0.0,0.0,0.96
off,2,48,6,True,0.08261718750000001,0.08261718750000001,0.0,0.0,1.0
off,2,48,7,False,0.061962890625,0.061962890625,0.14285714285714285,0.14285714285714285,0.8947368421052632
off,2,48,8,True,0.08218645368303572,0.08218645368303572,0.0,0.0,1.0
off,2,48,9,False,0.06163984026227679,0.061639840262276785,0.18181818181818182,0.18181818181818182,0.9259259259259259
off,2,48,10,True,0.09168442565125304,0.09168442565125304,0.0,0.0,1.0
off,2,48,11,False,0.06876331923843979,0.06876331923843979,0.21428571428571427,0.21428571428571427,0.7586206896551724
off,2,48,12,True,0.1051439180002584,0.10514391800025841,0.0,0.0,1.0
off,2,48,13,False,0.0788579385001938,0.0788579385001938,0.3333333333333333,0.3333333333333333,0.8461538461538461
off,2,48,14,True,0.14247678720847867,0.14247678720847867,0.0,0.0,1.0
off,2,48,15,False,0.106857590406359,0.106857590406359,0.1111111111111111,0.1111111111111111,0.7647058823529411
off,2,48,16,True,0.10792097058254703,0.10792097058254703,0.0,0.0,1.0
off,2,48,17,False,0.08094072793691028,0.08094072793691028,0.3,0.3,0.8260869565217391
off,2,48,18,True,0.1357055459526827,0.1357055459526827,0.0,0.0,1.0
off,2,48,19,False,0.10177915946451202,0.10177915946451202,0.3333333333333333,0.3333333333333333,0.8214285714285714
off,2,48,20,True,0.15966770293171734,0.15966770293171734,0.0,0.0,1.0
off,2,48,21,False,0.119750777198788,0.119750777198788,0.36363636363636365,0.36363636363636365,0.782608695652174
off,2,48,22,True,0.1807221738081819,0.1807221738081819,0.0,0.0,1.0
off,2,48,23,False,0.13554163035613642,0.13554163035613642,0.25,0.25,0.7692307692307693
off,2,48,24,True,0.16415622276710232,0.16415622276710232,0.0,0.0,1.0
off,2,48,25,False,0.12311716707532674,0.12311716707532674,0.21428571428571427,0.21428571428571427,0.8461538461538461
off,2,48,26,True,0.14590930387792364,0.14590930387792364,0.0,0.0,1.0
off,2,48,27,False,0.10943197790844272,0.10943197790844272,0.16666666666666666,0.16666666666666666,0.9047619047619048
off,2,48,28,True,0.1237406500979987,0.1237406500979987,0.0,0.0,1.0
off,2,48,29,False,0.09280548757349902,0.09280548757349902,0.09090909090909091,0.09090909090909091,0.84
off,2,48,30,True,0.09233138840739699,0.09233138840739699,0.0,0.0,1.0
off,2,48,31,False,0.06924854130554775,0.06924854130554775,0.2,0.2,0.7586206896551724
off,2,48,32,True,0.10193640597916083,0.10193640597916082,0.0,0.0,1.0
off,2,48,33,False,0.07645230448437061,0.07645230448437061,0.16666666666666666,0.16666666666666666,0.95
off,2,48,34,True,0.09900589502994461,0.09900589502994461,0.0,0.0,1.0
off,2,48,35,False,0.07425442127245845,0.07425442127245846,0.26666666666666666,0.26666666666666666,0.7916666666666666
off,2,48,36,True,0.12235748262101051,0.12235748262101051,0.0,0.0,1.0
off,2,48,37,False,0.09176811196575788,0.09176811196575788,0.3,0.3,0.8518518518518519
off,2,48,38,True,0.1438260839743184,0.1438260839743184,0.0,0.0,1.0
off,2,48,39,False,0.1078695629807388,0.1078695629807388,0.2857142857142857,0.2857142857142857,0.8571428571428571
off,2,49,0,False,0.0,0.0,0.0,0.0,1.0
off,2,49,1,False,0.0,0.0,0.16666666666666666,0.16666666666666666,0.8076923076923077
off,2,49,2,True,0.041666666666666664,0.041666666666666664,0.0,0.0,1.0
off,2,49,3,False,0.03125,0.03125,0.1111111111111111,0.1111111111111111,0.9
off,2,49,4,True,0.051215277777777776,0.051215277777777776,0.0,0.0,1.0
off,2,49,5,False,0.03841145833333333,0.03841145833333333,0.125,0.125,0.9130434782608695
off,2,49,6,True,0.06005859375,0.06005859375,0.0,0.0,1.0
off,2,49,7,False,0.0450439453125,0.0450439453125,0.07692307692307693,0.07692307692307693,0.8666666666666667
off,2,49,8,True,0.05301372821514423,0.05301372821514423,0.0,0.0,1.0
off,2,49,9,False,0.03976029616135818,0.03976029616135818,0.0,0.0,0.8888888888888888
off,2,49,10,True,0.02982022212101863,0.029820222121018633,0.0,0.0,1.0
off,2,49,11,False,0.022365166590763975,0.022365166590763975,0.4444444444444444,0.4444444444444444,0.8214285714285714
off,2,49,12,True,0.12788498605418408,0.12788498605418408,0.0,0.0,1.0
off,2,49,13,False,0.09591373954063806,0.09591373954063806,0.1111111111111111,0.1111111111111111,0.8846153846153846
off,2,49,14,True,0.09971308243325631,0.09971308243325631,0.0,0.0,1.0
off,2,49,15,False,0.07478481182494223,0.07478481182494223,0.42857142857142855,0.42857142857142855,0.7619047619047619
off,2,49,16,True,0.16323146601156382,0.1632314660115638,0.0,0.0,1.0
off,2,49,17,False,0.12242359950867285,0.12242359950867285,0.125,0.125,0.8695652173913043
off,2,49,18,True,0.12306769963150463,0.12306769963150463,0.0,0.0,1.0
off,2,49,19,False,0.09230077472362848,0.09230077472362846,0.07692307692307693,0.07692307692307693,0.9629629629629629
off,2,49,20,True,0.0884563502734906,0.08845635027349058,0.0,0.0,1.0
off,2,49,21,False,0.06634226270511794,0.06634226270511794,0.3333333333333333,0.3333333333333333,0.7692307692307693
off,2,49,22,True,0.13309003036217176,0.13309003036217176,0.0,0.0,1.0
off,2,49,23,False,0.09981752277162882,0.09981752277162882,0.4,0.4,0.8148148148148148
off,2,49,24,True,0.1748631420787216,0.1748631420787216,0.0,0.0,1.0
off,2,49,25,False,0.1311473565590412,0.1311473565590412,0.25,0.25,0.84
off,2,49,26,True,0.1608605174192809,0.1608605174192809,0.0,0.0,1.0
off,2,49,27,False,0.12064538806446068,0.12064538806446068,0.16666666666666666,0.16666666666666666,0.875
off,2,49,28,True,0.13215070771501217,0.13215070771501217,0.0,0.0,1.0
off,2,49,29,False,0.09911303078625913,0.09911303078625913,0.3076923076923077,0.3076923076923077,0.8
off,2,49,30,True,0.15125785001277128,0.15125785001277128,0.0,0.0,1.0
off,2,49,31,False,0.11344338750957847,0.11344338750957847,0.23529411764705882,0.23529411764705882,0.7666666666666667
off,2,49,32,True,0.14390607004394856,0.14390607004394856,0.0,0.0,1.0
off,2,49,33,False,0.10792955253296142,0.10792955253296142,0.0,0.0,0.9411764705882353
off,2,49,34,True,0.08094716439972106,0.08094716439972106,0.0,0.0,1.0
off,2,49,35,False,0.0607103732997908,0.0607103732997908,0.25,0.25,0.8571428571428571
off,2,49,36,True,0.1080327799748431,0.1080327799748431,0.0,0.0,1.0
off,2,49,37,False,0.08102458498113232,0.08102458498113232,0.13333333333333333,0.13333333333333333,0.8260869565217391
off,2,49,38,True,0.09410177206918258,0.09410177206918258,0.0,0.0,1.0
off,2,49,39,False,0.07057632905188693,0.07057632905188693,0.3,0.3,0.8518518518518519
off,2,50,0,False,0.0,0.0,0.0,0.0,1.0
off,2,50,1,False,0.0,0.0,0.21052631578947367,0.21052631578947367,0.8214285714285714
off,2,50,2,True,0.05263157894736842,0.05263157894736842,0.0,0.0,1.0
off,2,50,3,False,0.039473684210526314,0.039473684210526314,0.2,0.2,0.8571428571428571
off,2,50,4,True,0.07960526315789473,0.07960526315789473,0.0,0.0,1.0
off,2,50,5,False,0.05970394736842105,0.05970394736842105,0.07692307692307693,0.07692307692307693,0.92
off,2,50,6,True,0.06400872975708502,0.06400872975708502,0.0,0.0,1.0
off,2,50,7,False,0.048006547317813765,0.048006547317813765,0.3076923076923077,0.3076923076923077,0.782608695652174
off,2,50,8,True,0.11292798741143725,0.11292798741143725,0.0,0.0,1.0
off,2,50,9,False,0.08469599055857793,0.08469599055857793,0.26666666666666666,0.26666666666666666,0.76
off,2,50,10,True,0.1301886595856001,0.1301886595856001,0.0,0.0,1.0
off,2,50,11,False,0.09764149468920007,0.09764149468920008,0.125,0.125,0.8928571428571429
off,2,50,12,True,0.10448112101690006,0.10448112101690006,0.0,0.0,1.0
off,2,50,13,False,0.07836084076267505,0.07836084076267505,0.3333333333333333,0.3333333333333333,0.7878787878787878
off,2,50,14,True,0.1421039639053396,0.1421039639053396,0.0,0.0,1.0
off,2,50,15,False,0.1065779729290047,0.1065779729290047,0.25,0.25,0.8846153846153846
off,2,50,16,True,0.14243347969675352,0.14243347969675352,0.0,0.0,1.0
off,2,50,17,False,0.10682510977256514,0.10682510977256514,0.25,0.25,0.8846153846153846
off,2,50,18,True,0.14261883232942385,0.14261883232942385,0.0,0.0,1.0
off,2,50,19,False,0.10696412424706789,0.10696412424706789,0.0,0.0,0.9285714285714286
off,2,50,20,True,0.0802230931853009,0.08022309318530091,0.0,0.0,1.0
off,2,50,21,False,0.06016731988897568,0.06016731988897568,0.23076923076923078,0.23076923076923078,0.8275862068965517
off,2,50,22,True,0.10281779760903946,0.10281779760903946,0.0,0.0,1.0
off,2,50,23,False,0.07711334820677959,0.07711334820677959,0.15384615384615385,0.15384615384615385,0.8888888888888888
off,2,50,24,True,0.09629654961662315,0.09629654961662315,0.0,0.0,1.0
off,2,50,25,False,0.07222241221246736,0.07222241221246736,0.4444444444444444,0.4444444444444444,0.7391304347826086
off,2,50,26,True,0.1652779202704616,0.16527792027046162,0.0,0.0,1.0
off,2,50,27,False,0.12395844020284622,0.12395844020284622,0.3333333333333333,0.3333333333333333,0.7727272727272727
off,2,50,28,True,0.176302163485468,0.176302163485468,0.0,0.0,1.0
off,2,50,29,False,0.132226622614101,0.132226622614101,0.13333333333333333,0.13333333333333333,0.8888888888888888
off,2,50,30,True,0.13250330029390908,0.13250330029390908,0.0,0.0,1.0
off,2,50,31,False,0.0993774752204318,0.0993774752204318,0.25,0.25,0.8148148148148148
off,2,50,32,True,0.13703310641532385,0.13703310641532385,0.0,0.0,1.0
off,2,50,33,False,0.10277482981149288,0.10277482981149288,0.08333333333333333,0.08333333333333333,0.9545454545454546
off,2,50,34,True,0.09791445569195299,0.09791445569195299,0.0,0.0,1.0
off,2,50,35,False,0.07343584176896474,0.07343584176896474,0.2222222222222222,0.2222222222222222,0.8421052631578947
off,2,50,36,True,0.11063243688227911,0.11063243688227911,0.0,0.0,1.0
off,2,50,37,False,0.08297432766170934,0.08297432766170934,0.1111111111111111,0.1111111111111111,0.9
off,2,50,38,True,0.09000852352405977,0.09000852352405977,0.0,0.0,1.0
off,2,50,39,False,0.06750639264304484,0.06750639264304484,0.15384615384615385,0.15384615384615385,0.88
off,2,51,0,False,0.0,0.0,0.0,0.0,1.0
off,2,51,1,False,0.0,0.0,0.14285714285714285,0.14285714285714285,0.875
off,2,51,2,True,0.03571428571428571,0.03571428571428571,0.0,0.0,1.0
off,2,51,3,False,0.026785714285714284,0.026785714285714284,0.2222222222222222,0.2222222222222222,0.76
off,2,51,4,True,0.07564484126984126,0.07564484126984126,0.0,0.0,1.0
off,2,51,5,False,0.056733630952380945,0.056733630952380945,0.07692307692307693,0.07692307692307693,0.88
off,2,51,6,True,0.06178099244505494,0.061780992445054944,0.0,0.0,1.0
off,2,51,7,False,0.04633574433379121,0.04633574433379121,0.125,0.125,0.8235294117647058
off,2,51,8,True,0.06600180825034341,0.06600180825034341,0.0,0.0,1.0
off,2,51,9,False,0.04950135618775756,0.049501356187757556,0.26666666666666666,0.26666666666666666,0.8064516129032258
off,2,51,10,True,0.10379268380748483,0.10379268380748483,0.0,0.0,1.0
off,2,51,11,False,0.07784451285561363,0.07784451285561361,0.15384615384615385,0.15384615384615385,0.8620689655172413
off,2,51,12,True,0.09684492310324867,0.09684492310324867,0.0,0.0,1.0
off,2,51,13,False,0.07263369232743651,0.07263369232743651,0.3,0.3,0.7857142857142857
off,2,51,14,True,0.1294752692455774,0.1294752692455774,0.0,0.0,1.0
off,2,51,15,False,0.09710645193418303,0.09710645193418305,0.23076923076923078,0.23076923076923078,0.84
off,2,51,16,True,0.13052214664294498,0.13052214664294498,0.0,0.0,1.0
off,2,51,17,False,0.09789160998220874,0.09789160998220874,0.1111111111111111,0.1111111111111111,0.8571428571428571
off,2,51,18,True,0.10119648526443432,0.10119648526443432,0.0,0.0,1.0
off,2,51,19,False,0.07589736394832573,0.07589736394832575,0.2,0.2,0.782608695652174
off,2,51,20,True,0.10692302296124431,0.10692302296124431,0.0,0.0,1.0
off,2,51,21,False,0.08019226722093323,0.08019226722093323,0.3,0.3,0.8571428571428571
off,2,51,22,True,0.1351442004156999,0.1351442004156999,0.0,0.0,1.0
off,2,51,23,False,0.10135815031177493,0.10135815031177493,0.2,0.2,0.8823529411764706
off,2,51,24,True,0.1260186127338312,0.1260186127338312,0.0,0.0,1.0
off,2,51,25,False,0.09451395955037338,0.0945139595503734,0.35714285714285715,0.35714285714285715,0.8
off,2,51,26,True,0.16017118394849433,0.16017118394849433,0.0,0.0,1.0
off,2,51,27,False,0.12012838796137075,0.12012838796137075,0.25,0.25,0.782608695652174
off,2,51,28,True,0.15259629097102806,0.15259629097102806,0.0,0.0,1.0
off,2,51,29,False,0.11444721822827104,0.11444721822827104,0.07692307692307693,0.07692307692307693,0.8461538461538461
off,2,51,30,True,0.10506618290197252,0.10506618290197252,0.0,0.0,1.0
off,2,51,31,False,0.07879963717647939,0.07879963717647939,0.25,0.25,0.8
off,2,51,32,True,0.12159972788235954,0.12159972788235954,0.0,0.0,1.0
off,2,51,33,False,0.09119979591176966,0.09119979591176966,0.0,0.0,0.96
off,2,51,34,True,0.06839984693382725,0.06839984693382725,0.0,0.0,1.0
off,2,51,35,False,0.05129988520037044,0.05129988520037044,0.2,0.2,0.7727272727272727
off,2,51,36,True,0.08847491390027784,0.08847491390027784,0.0,0.0,1.0
off,2,51,37,False,0.06635618542520838,0.06635618542520838,0.07142857142857142,0.07142857142857142,0.9285714285714286
off,2,51,38,True,0.06762428192604913,0.06762428192604913,0.0,0.0,1.0
off,2,51,39,False,0.05071821144453685,0.05071821144453685,0.125,0.125,0.85
off,5,42,0,False,0.0,0.0,0.0,0.0,1.0
off,5,42,1,False,0.0,0.0,0.3333333333333333,0.3333333333333333,0.8260869565217391
off,5,42,2,False,0.08333333333333333,0.08333333333333333,0.5,0.5,0.7307692307692307
off,5,42,3,False,0.1875,0.1875,0.6923076923076923,0.6923076923076923,0.5882352941176471
off,5,42,4,False,0.3137019230769231,0.3137019230769231,0.6666666666666666,0.6666666666666666,0.5833333333333334
off,5,42,5,True,0.4019431089743589,0.4019431089743589,0.0,0.0,1.0
off,5,42,6,False,0.30145733173076916,0.30145733173076916,0.0,0.0,1.0
off,5,42,7,False,0.22609299879807687,0.22609299879807687,0.38461538461538464,0.38461538461538464,0.8125
off,5,42,8,False,0.2657235952524038,0.2657235952524038,0.47058823529411764,0.47058823529411764,0.6923076923076923
off,5,42,9,False,0.31693975526283225,0.31693975526283225,0.5263157894736842,0.5263157894736842,0.627906976744186
off,5,42,10,True,0.36928376381554523,0.36928376381554523,0.0,0.0,1.0
off,5,42,11,False,0.2769628228616589,0.2769628228616589,0.16666666666666666,0.16666666666666666,0.8666666666666667
off,5,42,12,False,0.24938878381291082,0.24938878381291082,0.1,0.21739130434782608,0.8055555555555556
off,5,42,13,False,0.2120415878596831,0.2120415878596831,0.05,0.2962962962962963,0.7142857142857143
off,5,42,14,False,0.17153119089476235,0.17153119089476235,0.05,0.3448275862068966,0.6818181818181818
off,5,42,15,True,0.14114839317107178,0.14114839317107178,0.0,0.0,1.0
off,5,42,16,False,0.10586129487830384,0.10586129487830384,0.3125,0.3125,0.8064516129032258
off,5,42,17,False,0.15752097115872785,0.15752097115872787,0.3888888888888889,0.3888888888888889,0.7222222222222222
off,5,42,18,False,0.21536295059126814,0.21536295059126814,0.3888888888888889,0.3888888888888889,0.7027027027027027
off,5,42,19,False,0.2587444351656733,0.2587444351656733,0.45,0.47619047619047616,0.6341463414634146
off,5,42,20,True,0.30655832637425495,0.30655832637425495,0.0,0.0,1.0
off,5,42,21,False,0.22991874478069121,0.22991874478069121,0.23076923076923078,0.23076923076923078,0.8275862068965517
off,5,42,22,False,0.2301313662778261,0.2301313662778261,0.35,0.38095238095238093,0.7297297297297297
off,5,42,23,False,0.2600985247083696,0.2600985247083696,0.3,0.4166666666666667,0.6666666666666666
off,5,42,24,False,0.2700738935312772,0.2700738935312772,0.3,0.44,0.6170212765957447
off,5,42,25,True,0.2775554201484579,0.2775554201484579,0.0,0.0,1.0
off,5,42,26,False,0.20816656511134343,0.20816656511134343,0.14285714285714285,0.14285714285714285,0.8461538461538461
off,5,42,27,False,0.19183920954779327,0.19183920954779327,0.45454545454545453,0.45454545454545453,0.7333333333333333
off,5,42,28,False,0.2575157707972086,0.2575157707972086,0.5384615384615384,0.5384615384615384,0.6666666666666666
off,5,42,29,False,0.3277522127132911,0.327752212713291,0.6,0.6,0.6111111111111112
off,5,42,30,True,0.3958141595349683,0.39581415953496824,0.0,0.0,1.0
off,5,42,31,False,0.2968606196512262,0.2968606196512262,0.2222222222222222,0.2222222222222222,0.8
off,5,42,32,False,0.2782010202939752,0.2782010202939752,0.3,0.3,0.7272727272727273
off,5,42,33,False,0.2836507652204814,0.2836507652204814,0.3076923076923077,0.3076923076923077,0.6896551724137931
off,5,42,34,False,0.28966115083843796,0.28966115083843796,0.4117647058823529,0.4117647058823529,0.5833333333333334
off,5,42,35,True,0.32018703959941675,0.32018703959941675,0.0,0.0,1.0
off,5,42,36,False,0.24014027969956256,0.24014027969956256,0.14285714285714285,0.14285714285714285,0.8333333333333334
off,5,42,37,False,0.21581949548895762,0.21581949548895762,0.3076923076923077,0.3076923076923077,0.71875
off,5,42,38,False,0.23878769853979515,0.23878769853979515,0.4117647058823529,0.4117647058823529,0.625
off,5,42,39,False,0.2820319503754346,0.2820319503754346,0.42105263157894735,0.42105263157894735,0.6136363636363636
off,5,43,0,False,0.0,0.0,0.0,0.0,1.0
off,5,43,1,False,0.0,0.0,0.09090909090909091,0.09090909090909091,0.8518518518518519
off,5,43,2,False,0.022727272727272728,0.022727272727272728,0.26666666666666666,0.26666666666666666,0.7272727272727273
off,5,43,3,False,0.08371212121212121,0.08371212121212121,0.42105263157894735,0.42105263157894735,0.625
off,5,43,4,False,0.16804724880382774,0.16804724880382774,0.4,0.42857142857142855,0.5869565217391305
off,5,43,5,True,0.22603543660287082,0.22603543660287082,0.0,0.0,1.0
off,5,43,6,False,0.1695265774521531,0.1695265774521531,0.0,0.0,0.9285714285714286
off,5,43,7,False,0.12714493308911484,0.12714493308911484,0.05,0.2,0.8157894736842105
off,5,43,8,False,0.10785869981683613,0.10785869981683613,0.05,0.27586206896551724,0.717391304347826
off,5,43,9,False,0.09339402486262709,0.09339402486262709,0.0,0.2903225806451613,0.68
off,5,43,10,True,0.07004551864697031,0.07004551864697031,0.0,0.0,1.0
off,5,43,11,False,0.052534138985227734,0.052534138985227734,0.18181818181818182,0.18181818181818182,0.7931034482758621
off,5,43,12,False,0.08485514969346626,0.08485514969346625,0.2857142857142857,0.2857142857142857,0.7428571428571429
off,5,43,13,False,0.1350699336986711,0.1350699336986711,0.35294117647058826,0.35294117647058826,0.7
off,5,43,14,False,0.1895377443916504,0.1895377443916504,0.3888888888888889,0.3888888888888889,0.6363636363636364
off,5,43,15,True,0.23937553051596,0.23937553051596,0.0,0.0,1.0
off,5,43,16,False,0.17953164788697,0.17953164788697,0.3076923076923077,0.3076923076923077,0.8
off,5,43,17,False,0.21157181283830445,0.21157181283830445,0.375,0.375,0.7142857142857143
off,5,43,18,False,0.25242885962872835,0.25242885962872835,0.3684210526315789,0.3684210526315789,0.6428571428571429
off,5,43,19,False,0.281426907879441,0.281426907879441,0.3,0.4166666666666667,0.6041666666666666
off,5,43,20,True,0.28607018090958075,0.28607018090958075,0.0,0.0,1.0
off,5,43,21,False,0.21455263568218558,0.21455263568218558,0.3333333333333333,0.3333333333333333,0.75
off,5,43,22,False,0.24424781009497248,0.24424781009497248,0.3333333333333333,0.3333333333333333,0.6923076923076923
off,5,43,23,False,0.26651919090456266,0.26651919090456266,0.4166666666666667,0.4166666666666667,0.6551724137931034
off,5,43,24,False,0.30405605984508866,0.30405605984508866,0.5625,0.5625,0.5428571428571428
off,5,43,25,True,0.3686670448838165,0.3686670448838165,0.0,0.0,1.0
off,5,43,26,False,0.2765002836628624,0.2765002836628624,0.3333333333333333,0.3333333333333333,0.75
off,5,43,27,False,0.2907085460804802,0.29070854608048013,0.35294117647058826,0.35294117647058826,0.6774193548387096
off,5,43,28,False,0.3062667036780072,0.3062667036780072,0.35,0.43478260869565216,0.631578947368421
off,5,43,29,False,0.3172000277585054,0.3172000277585054,0.35,0.48,0.5853658536585366
off,5,43,30,True,0.3254000208188791,0.3254000208188791,0.0,0.0,1.0
off,5,43,31,False,0.24405001561415932,0.24405001561415932,0.29411764705882354,0.29411764705882354,0.7878787878787878
off,5,43,32,False,0.2565669234753254,0.2565669234753254,0.3,0.391304347826087,0.7
off,5,43,33,False,0.26742519260649406,0.26742519260649406,0.3,0.44,0.6666666666666666
off,5,43,34,False,0.27556889445487054,0.27556889445487054,0.3,0.5172413793103449,0.6041666666666666
off,5,43,35,True,0.2816766708411529,0.2816766708411529,0.0,0.0,1.0
off,5,43,36,False,0.21125750313086464,0.21125750313086467,0.2857142857142857,0.2857142857142857,0.8709677419354839
off,5,43,37,False,0.22987169877671992,0.22987169877671992,0.3888888888888889,0.3888888888888889,0.7631578947368421
off,5,43,38,False,0.26962599630476214,0.26962599630476214,0.4,0.5,0.6956521739130435
off,5,43,39,False,0.3022194972285716,0.3022194972285716,0.35,0.5185185185185185,0.6470588235294118
off,5,44,0,False,0.0,0.0,0.0,0.0,1.0
off,5,44,1,False,0.0,0.0,0.3,0.3,0.72
off,5,44,2,False,0.075,0.075,0.35714285714285715,0.35714285714285715,0.6896551724137931
off,5,44,3,False,0.14553571428571427,0.14553571428571427,0.5,0.5,0.5675675675675675
off,5,44,4,False,0.2341517857142857,0.2341517857142857,0.45,0.5217391304347826,0.5365853658536586
off,5,44,5,True,0.28811383928571427,0.28811383928571427,0.0,0.0,1.0
off,5,44,6,False,0.2160853794642857,0.2160853794642857,0.2,0.2,0.8461538461538461
off,5,44,7,False,0.21206403459821427,0.21206403459821427,0.05,0.2692307692307692,0.8
off,5,44,8,False,0.17154802594866073,0.1715480259486607,0.0,0.3225806451612903,0.75
off,5,44,9,False,0.12866101946149552,0.12866101946149552,0.0,0.36363636363636365,0.6875
off,5,44,10,True,0.09649576459612164,0.09649576459612164,0.0,0.0,1.0
off,5,44,11,False,0.07237182344709123,0.07237182344709123,0.26666666666666666,0.26666666666666666,0.84375
off,5,44,12,False,0.12094553425198509,0.12094553425198509,0.3,0.3,0.75
off,5,44,13,False,0.1657091506889888,0.16570915068898884,0.3,0.36363636363636365,0.6739130434782609
off,5,44,14,False,0.1992818630167416,0.1992818630167416,0.35,0.4642857142857143,0.5925925925925926
off,5,44,15,True,0.2369613972625562,0.2369613972625562,0.0,0.0,1.0
off,5,44,16,False,0.17772104794691715,0.17772104794691715,0.1,0.1,0.8888888888888888
off,5,44,17,False,0.15829078596018786,0.15829078596018786,0.2857142857142857,0.2857142857142857,0.78125
off,5,44,18,False,0.19014666089871232,0.19014666089871232,0.4117647058823529,0.4117647058823529,0.6666666666666666
off,5,44,19,False,0.24555117214462246,0.24555117214462246,0.47368421052631576,0.47368421052631576,0.6086956521739131
off,5,44,20,True,0.3025844317400458,0.3025844317400458,0.0,0.0,1.0
off,5,44,21,False,0.22693832380503434,0.22693832380503434,0.2,0.2,0.8214285714285714
off,5,44,22,False,0.22020374285377575,0.22020374285377575,0.3333333333333333,0.3333333333333333,0.75
off,5,44,23,False,0.24848614047366513,0.24848614047366513,0.3333333333333333,0.3333333333333333,0.6857142857142857
off,5,44,24,False,0.26969793868858216,0.26969793868858216,0.35,0.4583333333333333,0.6097560975609756
off,5,44,25,True,0.2897734540164366,0.2897734540164366,0.0,0.0,1.0
off,5,44,26,False,0.21733009051232746,0.21733009051232746,0.25,0.25,0.7931034482758621
off,5,44,27,False,0.2254975678842456,0.2254975678842456,0.3125,0.3125,0.7142857142857143
off,5,44,28,False,0.2472481759131842,0.2472481759131842,0.4,0.4,0.675
off,5,44,29,False,0.28543613193488815,0.28543613193488815,0.4,0.45454545454545453,0.6136363636363636
off,5,44,30,True,0.3140770989511661,0.3140770989511661,0.0,0.0,1.0
off,5,44,31,False,0.2355578242133746,0.23555782421337457,0.21428571428571427,0.21428571428571427,0.7931034482758621
off,5,44,32,False,0.2302397967314595,0.2302397967314595,0.4,0.4,0.6944444444444444
off,5,44,33,False,0.27267984754859464,0.27267984754859464,0.4,0.4,0.6585365853658537
off,5,44,34,False,0.304509885661446,0.304509885661446,0.35,0.48,0.6041666666666666
off,5,44,35,True,0.3158824142460845,0.3158824142460845,0.0,0.0,1.0
off,5,44,36,False,0.23691181068456335,0.23691181068456335,0.07692307692307693,0.07692307692307693,0.8518518518518519
off,5,44,37,False,0.19691462724419173,0.19691462724419173,0.1875,0.1875,0.75
off,5,44,38,False,0.19456097043314383,0.1945609704331438,0.3,0.3,0.6578947368421053
off,5,44,39,False,0.22092072782485786,0.22092072782485783,0.15,0.34615384615384615,0.6222222222222222
off,5,45,0,False,0.0,0.0,0.0,0.0,1.0
off,5,45,1,False,0.0,0.0,0.3076923076923077,0.3076923076923077,0.7777777777777778
off,5,45,2,False,0.07692307692307694,0.07692307692307693,0.2857142857142857,0.2857142857142857,0.7419354838709677
off,5,45,3,False,0.1291208791208791,0.1291208791208791,0.3888888888888889,0.3888888888888889,0.6666666666666666
off,5,45,4,False,0.19406288156288154,0.19406288156288154,0.45,0.45,0.6
off,5,45,5,True,0.25804716117216114,0.25804716117216114,0.0,0.0,1.0
off,5,45,6,False,0.19353537087912084,0.19353537087912087,0.18181818181818182,0.18181818181818182,0.8214285714285714
off,5,45,7,False,0.1906060736138861,0.1906060736138861,0.2857142857142857,0.2857142857142857,0.75
off,5,45,8,False,0.21438312663898598,0.21438312663898598,0.3333333333333333,0.3333333333333333,0.6842105263157895
off,5,45,9,False,0.24412067831257284,0.24412067831257284,0.4,0.4,0.6046511627906976
off,5,45,10,True,0.28309050873442965,0.28309050873442965,0.0,0.0,1.0
off,5,45,11,False,0.21231788155082224,0.21231788155082224,0.13333333333333333,0.13333333333333333,0.9285714285714286
off,5,45,12,False,0.19257174449645,0.19257174449645,0.2631578947368421,0.2631578947368421,0.8181818181818182
off,5,45,13,False,0.210218282056548,0.21021828205654802,0.3,0.391304347826087,0.7368421052631579
off,5,45,14,False,0.232663711542411,0.232663711542411,0.3,0.46153846153846156,0.6511627906976745
off,5,45,15,True,0.24949778365680825,0.24949778365680825,0.0,0.0,1.0
off,5,45,16,False,0.1871233377426062,0.1871233377426062,0.1,0.1,0.9130434782608695
off,5,45,17,False,0.16534250330695463,0.16534250330695463,0.25,0.25,0.8076923076923077
off,5,45,18,False,0.18650687748021597,0.18650687748021597,0.375,0.375,0.7333333333333333
off,5,45,19,False,0.23363015811016194,0.23363015811016197,0.45,0.45,0.6571428571428571
off,5,45,20,True,0.2877226185826215,0.2877226185826215,0.0,0.0,1.0
off,5,45,21,False,0.21579196393696612,0.21579196393696612,0.25,0.25,0.85
off,5,45,22,False,0.2243439729527246,0.2243439729527246,0.35714285714285715,0.35714285714285715,0.7083333333333334
off,5,45,23,False,0.25754369400025773,0.25754369400025773,0.4117647058823529,0.4117647058823529,0.6206896551724138
off,5,45,24,False,0.29609894697078154,0.29609894697078154,0.45,0.47619047619047616,0.5714285714285714
off,5,45,25,True,0.33457421022808614,0.33457421022808614,0.0,0.0,1.0
off,5,45,26,False,0.2509306576710646,0.2509306576710646,0.3,0.3,0.7727272727272727
off,5,45,27,False,0.26319799325329846,0.26319799325329846,0.3333333333333333,0.3333333333333333,0.7037037037037037
off,5,45,28,False,0.28073182827330717,0.28073182827330717,0.4,0.4,0.6388888888888888
off,5,45,29,False,0.3105488712049804,0.3105488712049804,0.4,0.42857142857142855,0.5714285714285714
off,5,45,30,True,0.3329116534037353,0.3329116534037353,0.0,0.0,1.0
off,5,45,31,False,0.2496837400528015,0.24968374005280147,0.15384615384615385,0.15384615384615385,0.875
off,5,45,32,False,0.22572434350113957,0.22572434350113957,0.25,0.25,0.7741935483870968
off,5,45,33,False,0.2317932576258547,0.23179325762585468,0.35,0.35,0.6486486486486487
off,5,45,34,False,0.261344943219391,0.261344943219391,0.35,0.4090909090909091,0.6
off,5,45,35,True,0.28350870741454326,0.28350870741454326,0.0,0.0,1.0
off,5,45,36,False,0.21263153056090744,0.21263153056090744,0.18181818181818182,0.18181818181818182,0.8518518518518519
off,5,45,37,False,0.20492819337522605,0.20492819337522605,0.2857142857142857,0.2857142857142857,0.7142857142857143
off,5,45,38,False,0.22512471645999096,0.22512471645999096,0.4117647058823529,0.4117647058823529,0.65
off,5,45,39,False,0.27178471381558145,0.27178471381558145,0.45,0.45,0.6136363636363636
off,5,46,0,False,0.0,0.0,0.0,0.0,1.0
off,5,46,1,False,0.0,0.0,0.2,0.2,0.8461538461538461
off,5,46,2,False,0.05,0.05,0.42857142857142855,0.42857142857142855,0.71875
off,5,46,3,False,0.14464285714285713,0.14464285714285713,0.4666666666666667,0.4666666666666667,0.6571428571428571
off,5,46,4,False,0.2251488095238095,0.2251488095238095,0.6,0.6,0.5609756097560976
off,5,46,5,True,0.3188616071428572,0.31886160714285716,0.0,0.0,1.0
off,5,46,6,False,0.23914620535714287,0.23914620535714287,0.15384615384615385,0.15384615384615385,0.875
off,5,46,7,False,0.2178211924793956,0.2178211924793956,0.2,0.2,0.8148148148148148
off,5,46,8,False,0.21336589435954673,0.21336589435954673,0.2222222222222222,0.2222222222222222,0.7575757575757576
off,5,46,9,False,0.2155799763252156,0.2155799763252156,0.3,0.36363636363636365,0.6666666666666666
off,5,46,10,True,0.2366849822439117,0.2366849822439117,0.0,0.0,1.0
off,5,46,11,False,0.1775137366829338,0.1775137366829338,0.1111111111111111,0.1111111111111111,0.8846153846153846
off,5,46,12,False,0.16091308028997814,0.16091308028997814,0.2,0.2,0.8
off,5,46,13,False,0.1706848102174836,0.1706848102174836,0.2727272727272727,0.2727272727272727,0.7272727272727273
off,5,46,14,False,0.1961954258449309,0.19619542584493088,0.38461538461538464,0.38461538461538464,0.6410256410256411
off,5,46,15,True,0.2433004155375443,0.24330041553754433,0.0,0.0,1.0
off,5,46,16,False,0.18247531165315825,0.18247531165315825,0.1,0.1,0.9259259259259259
off,5,46,17,False,0.1618564837398687,0.1618564837398687,0.23076923076923078,0.23076923076923078,0.7878787878787878
off,5,46,18,False,0.1790846704972092,0.17908467049720922,0.21428571428571427,0.21428571428571427,0.7714285714285715
off,5,46,19,False,0.18788493144433552,0.1878849314443355,0.35294117647058826,0.35294117647058826,0.675
off,5,46,20,True,0.22914899270089867,0.22914899270089867,0.0,0.0,1.0
off,5,46,21,False,0.171861744525674,0.171861744525674,0.0,0.0,0.9259259259259259
off,5,46,22,False,0.12889630839425548,0.12889630839425548,0.14285714285714285,0.14285714285714285,0.8235294117647058
off,5,46,23,False,0.13238651700997733,0.13238651700997733,0.1875,0.1875,0.7692307692307693
off,5,46,24,False,0.146164887757483,0.146164887757483,0.2631578947368421,0.2631578947368421,0.6739130434782609
off,5,46,25,True,0.17541313950232276,0.17541313950232276,0.0,0.0,1.0
off,5,46,26,False,0.13155985462674208,0.13155985462674208,0.2727272727272727,0.2727272727272727,0.8421052631578947
off,5,46,27,False,0.16685170915187472,0.16685170915187475,0.3333333333333333,0.3333333333333333,0.72
off,5,46,28,False,0.20847211519723943,0.2084721151972394,0.3888888888888889,0.3888888888888889,0.65625
off,5,46,29,False,0.2535763086201518,0.2535763086201518,0.45,0.5,0.5789473684210527
off,5,46,30,True,0.3026822314651139,0.30268223146511386,0.0,0.0,1.0
off,5,46,31,False,0.2270116735988354,0.2270116735988354,0.125,0.125,0.8461538461538461
off,5,46,32,False,0.20150875519912653,0.20150875519912653,0.3333333333333333,0.3333333333333333,0.696969696969697
off,5,46,33,False,0.2344648997326782,0.2344648997326782,0.4666666666666667,0.4666666666666667,0.6052631578947368
off,5,46,34,False,0.2925153414661753,0.2925153414661753,0.5,0.5,0.5581395348837209
off,5,46,35,True,0.3443865060996315,0.3443865060996315,0.0,0.0,1.0
off,5,46,36,False,0.2582898795747236,0.2582898795747236,0.2,0.2,0.875
off,5,46,37,False,0.24371740968104275,0.24371740968104272,0.35,0.35,0.7948717948717948
off,5,46,38,False,0.27028805726078203,0.27028805726078203,0.35,0.4090909090909091,0.7209302325581395
off,5,46,39,False,0.29021604294558656,0.29021604294558656,0.3,0.48148148148148145,0.6808510638297872
off,5,47,0,False,0.0,0.0,0.0,0.0,1.0
off,5,47,1,False,0.0,0.0,0.2727272727272727,0.2727272727272727,0.8518518518518519
off,5,47,2,False,0.06818181818181818,0.06818181818181818,0.35714285714285715,0.35714285714285715,0.7575757575757576
off,5,47,3,False,0.14042207792207792,0.14042207792207792,0.4375,0.4375,0.65
off,5,47,4,False,0.21469155844155843,0.21469155844155843,0.5,0.5,0.5686274509803921
off,5,47,5,True,0.28601866883116883,0.28601866883116883,0.0,0.0,1.0
off,5,47,6,False,0.21451400162337664,0.21451400162337664,0.16666666666666666,0.16666666666666666,0.875
off,5,47,7,False,0.20255216788419914,0.20255216788419914,0.26666666666666666,0.26666666666666666,0.7931034482758621
off,5,47,8,False,0.218580792579816,0.218580792579816,0.3157894736842105,0.3157894736842105,0.7352941176470589
off,5,47,9,False,0.24288296285591462,0.24288296285591462,0.35,0.38095238095238093,0.6410256410256411
off,5,47,10,True,0.26966222214193597,0.26966222214193597,0.0,0.0,1.0
off,5,47,11,False,0.20224666660645196,0.20224666660645196,0.14285714285714285,0.14285714285714285,0.8214285714285714
off,5,47,12,False,0.18739928566912467,0.18739928566912467,0.25,0.25,0.71875
off,5,47,13,False,0.2030494642518435,0.2030494642518435,0.3333333333333333,0.3333333333333333,0.6216216216216216
off,5,47,14,False,0.23562043152221596,0.23562043152221596,0.4,0.4782608695652174,0.5581395348837209
off,5,47,15,True,0.27671532364166196,0.27671532364166196,0.0,0.0,1.0
off,5,47,16,False,0.20753649273124647,0.20753649273124647,0.1,0.1,0.9166666666666666
off,5,47,17,False,0.18065236954843486,0.18065236954843486,0.3125,0.3125,0.7352941176470589
off,5,47,18,False,0.21361427716132614,0.21361427716132614,0.3333333333333333,0.3333333333333333,0.7222222222222222
off,5,47,19,False,0.24354404120432793,0.24354404120432793,0.35,0.38095238095238093,0.6511627906976745
off,5,47,20,True,0.27015803090324597,0.27015803090324597,0.0,0.0,1.0
off,5,47,21,False,0.20261852317743448,0.20261852317743448,0.25,0.25,0.8518518518518519
off,5,47,22,False,0.21446389238307587,0.21446389238307587,0.3684210526315789,0.3684210526315789,0.71875
off,5,47,23,False,0.25295318244520165,0.25295318244520165,0.3,0.391304347826087,0.6666666666666666
off,5,47,24,False,0.26471488683390126,0.26471488683390126,0.3,0.46153846153846156,0.627906976744186
off,5,47,25,True,0.27353616512542595,0.27353616512542595,0.0,0.0,1.0
off,5,47,26,False,0.20515212384406945,0.20515212384406945,0.125,0.125,0.9166666666666666
off,5,47,27,False,0.18511409288305208,0.18511409288305208,0.2727272727272727,0.2727272727272727,0.8
off,5,47,28,False,0.20701738784410723,0.20701738784410723,0.3,0.3,0.75
off,5,47,29,False,0.23026304088308042,0.23026304088308042,0.25,0.34782608695652173,0.7209302325581395
off,5,47,30,True,0.23519728066231033,0.23519728066231033,0.0,0.0,1.0
off,5,47,31,False,0.17639796049673273,0.17639796049673273,0.2,0.2,0.8333333333333334
off,5,47,32,False,0.1822984703725495,0.18229847037254954,0.35,0.38095238095238093,0.7027027027027027
off,5,47,33,False,0.22422385277941212,0.22422385277941215,0.3,0.4166666666666667,0.6585365853658537
off,5,47,34,False,0.2431678895845591,0.2431678895845591,0.3,0.5172413793103449,0.5957446808510638
off,5,47,35,True,0.25737591718841935,0.25737591718841935,0.0,0.0,1.0
off,5,47,36,False,0.1930319378913145,0.1930319378913145,0.2,0.2,0.875
off,5,47,37,False,0.19477395341848586,0.19477395341848586,0.25,0.25,0.7666666666666667
off,5,47,38,False,0.20858046506386443,0.2085804650638644,0.35714285714285715,0.35714285714285715,0.696969696969697
off,5,47,39,False,0.24572106308361258,0.24572106308361258,0.3333333333333333,0.3333333333333333,0.6666666666666666
off,5,48,0,False,0.0,0.0,0.0,0.0,1.0
off,5,48,1,False,0.0,0.0,0.3333333333333333,0.3333333333333333,0.8571428571428571
off,5,48,2,False,0.08333333333333333,0.08333333333333333,0.4,0.4,0.72
off,5,48,3,False,0.1625,0.1625,0.5714285714285714,0.5714285714285714,0.5806451612903226
off,5,48,4,False,0.26473214285714286,0.26473214285714286,0.6470588235294118,0.6470588235294118,0.5428571428571428
off,5,48,5,True,0.3603138130252101,0.3603138130252101,0.0,0.0,1.0
off,5,48,6,False,0.27023535976890756,0.27023535976890756,0.16666666666666666,0.16666666666666666,0.8571428571428571
off,5,48,7,False,0.24434318649334733,0.24434318649334733,0.2857142857142857,0.2857142857142857,0.75
off,5,48,8,False,0.2546859612985819,0.2546859612985819,0.4444444444444444,0.4444444444444444,0.6785714285714286
off,5,48,9,False,0.30212558208504753,0.30212558208504753,0.5454545454545454,0.5454545454545454,0.6363636363636364
off,5,48,10,True,0.362957822927422,0.362957822927422,0.0,0.0,1.0
off,5,48,11,False,0.2722183671955665,0.2722183671955665,0.21428571428571427,0.21428571428571427,0.7586206896551724
off,5,48,12,False,0.25773520396810345,0.25773520396810345,0.3125,0.3125,0.6470588235294118
off,5,48,13,False,0.27142640297607756,0.27142640297607756,0.45,0.45,0.5853658536585366
off,5,48,14,False,0.31606980223205816,0.31606980223205816,0.4,0.4782608695652174,0.5434782608695652
off,5,48,15,True,0.3370523516740436,0.3370523516740436,0.0,0.0,1.0
off,5,48,16,False,0.25278926375553273,0.25278926375553273,0.14285714285714285,0.14285714285714285,0.8571428571428571
off,5,48,17,False,0.22530623353093526,0.22530623353093526,0.2777777777777778,0.2777777777777778,0.7352941176470589
off,5,48,18,False,0.2384241195926459,0.2384241195926459,0.35,0.35,0.6842105263157895
off,5,48,19,False,0.26631808969448445,0.26631808969448445,0.3,0.46153846153846156,0.6136363636363636
off,5,48,20,True,0.2747385672708633,0.2747385672708633,0.0,0.0,1.0
off,5,48,21,False,0.2060539254531475,0.2060539254531475,0.23529411764705882,0.23529411764705882,0.8620689655172413
off,5,48,22,False,0.21336397350162534,0.21336397350162534,0.3,0.3333333333333333,0.7027027027027027
off,5,48,23,False,0.235022980126219,0.23502298012621903,0.25,0.375,0.6363636363636364
off,5,48,24,False,0.23876723509466427,0.23876723509466427,0.25,0.4,0.5957446808510638
off,5,48,25,True,0.2415754263209982,0.2415754263209982,0.0,0.0,1.0
off,5,48,26,False,0.18118156974074867,0.18118156974074867,0.125,0.125,0.875
off,5,48,27,False,0.16713617730556152,0.16713617730556152,0.2727272727272727,0.2727272727272727,0.7586206896551724
off,5,48,28,False,0.19353395116098931,0.19353395116098931,0.38461538461538464,0.38461538461538464,0.6666666666666666
off,5,48,29,False,0.24130430952458815,0.24130430952458815,0.4,0.4,0.6097560975609756
off,5,48,30,True,0.2809782321434411,0.2809782321434411,0.0,0.0,1.0
off,5,48,31,False,0.21073367410758084,0.21073367410758082,0.25,0.25,0.7666666666666667
off,5,48,32,False,0.2205502555806856,0.2205502555806856,0.45454545454545453,0.45454545454545453,0.6857142857142857
off,5,48,33,False,0.27904905532187785,0.27904905532187785,0.5,0.5,0.6578947368421053
off,5,48,34,False,0.3342867914914084,0.3342867914914084,0.5714285714285714,0.5714285714285714,0.6097560975609756
off,5,48,35,True,0.3935722364756991,0.3935722364756991,0.0,0.0,1.0
off,5,48,36,False,0.29517917735677435,0.29517917735677435,0.08333333333333333,0.08333333333333333,0.8214285714285714
off,5,48,37,False,0.2422177163509141,0.2422177163509141,0.2777777777777778,0.2777777777777778,0.7352941176470589
off,5,48,38,False,0.25110773170763,0.25110773170763,0.3,0.3,0.7027027027027027
off,5,48,39,False,0.2633307987807225,0.2633307987807225,0.25,0.38461538461538464,0.6511627906976745
off,5,49,0,False,0.0,0.0,0.0,0.0,1.0
off,5,49,1,False,0.0,0.0,0.16666666666666666,0.16666666666666666,0.8076923076923077
off,5,49,2,False,0.041666666666666664,0.041666666666666664,0.4,0.4,0.6571428571428571
off,5,49,3,False,0.13125,0.13125,0.5,0.5,0.6153846153846154
off,5,49,4,False,0.2234375,0.2234375,0.5384615384615384,0.5384615384615384,0.5853658536585366
off,5,49,5,True,0.3021935096153846,0.3021935096153846,0.0,0.0,1.0
off,5,49,6,False,0.22664513221153845,0.22664513221153845,0.2,0.2,0.8888888888888888
off,5,49,7,False,0.21998384915865382,0.21998384915865382,0.3076923076923077,0.3076923076923077,0.7307692307692307
off,5,49,8,False,0.24191096379206728,0.24191096379206728,0.35714285714285715,0.35714285714285715,0.6551724137931034
off,5,49,9,False,0.27071893712976475,0.27071893712976475,0.4,0.4,0.5882352941176471
off,5,49,10,True,0.30303920284732355,0.30303920284732355,0.0,0.0,1.0
off,5,49,11,False,0.22727940213549266,0.22727940213549266,0.4444444444444444,0.4444444444444444,0.7916666666666666
off,5,49,12,False,0.28157066271273057,0.28157066271273057,0.5333333333333333,0.5333333333333333,0.6774193548387096
off,5,49,13,False,0.3445113303678813,0.3445113303678813,0.5625,0.5625,0.6
off,5,49,14,False,0.39900849777591096,0.39900849777591096,0.5555555555555556,0.5555555555555556,0.5897435897435898
off,5,49,15,True,0.4381452622208221,0.4381452622208221,0.0,0.0,1.0
off,5,49,16,False,0.3286089466656166,0.3286089466656166,0.25,0.25,0.8571428571428571
off,5,49,17,False,0.30895670999921243,0.30895670999921243,0.3,0.3,0.78125
off,5,49,18,False,0.3067175324994093,0.3067175324994093,0.38461538461538464,0.38461538461538464,0.6842105263157895
off,5,49,19,False,0.3261919955284031,0.3261919955284031,0.5294117647058824,0.5294117647058824,0.6428571428571429
off,5,49,20,True,0.3769969378227729,0.3769969378227729,0.0,0.0,1.0
off,5,49,21,False,0.28274770336707966,0.28274770336707966,0.25,0.25,0.8076923076923077
off,5,49,22,False,0.2745607775253097,0.2745607775253097,0.4,0.4,0.6875
off,5,49,23,False,0.3059205831439823,0.3059205831439823,0.5,0.5238095238095238,0.625
off,5,49,24,False,0.3544404373579867,0.3544404373579867,0.5,0.5652173913043478,0.5555555555555556
off,5,49,25,True,0.39083032801849005,0.39083032801849005,0.0,0.0,1.0
off,5,49,26,False,0.29312274601386756,0.29312274601386756,0.16666666666666666,0.16666666666666666,0.8333333333333334
off,5,49,27,False,0.26150872617706733,0.26150872617706733,0.2857142857142857,0.2857142857142857,0.6896551724137931
off,5,49,28,False,0.2675601160613719,0.2675601160613719,0.4117647058823529,0.4117647058823529,0.6060606060606061
off,5,49,29,False,0.30361126351661716,0.30361126351661716,0.45,0.5,0.5609756097560976
off,5,49,30,True,0.3402084476374629,0.3402084476374629,0.0,0.0,1.0
off,5,49,31,False,0.25515633572809715,0.25515633572809715,0.36363636363636365,0.36363636363636365,0.76
off,5,49,32,False,0.2822763427051638,0.2822763427051638,0.38461538461538464,0.38461538461538464,0.6896551724137931
off,5,49,33,False,0.3078611031827189,0.307861103182719,0.42857142857142855,0.42857142857142855,0.6451612903225806
off,5,49,34,False,0.3380386845298964,0.3380386845298964,0.5,0.5238095238095238,0.5641025641025641
off,5,49,35,True,0.3785290133974223,0.3785290133974223,0.0,0.0,1.0
off,5,49,36,False,0.28389676004806674,0.28389676004806674,0.36363636363636365,0.36363636363636365,0.7142857142857143
off,5,49,37,False,0.30383166094514097,0.30383166094514097,0.5,0.5,0.625
off,5,49,38,False,0.3528737457088557,0.3528737457088557,0.5294117647058824,0.5294117647058824,0.6111111111111112
off,5,49,39,False,0.3970082504581124,0.3970082504581124,0.4,0.52,0.5652173913043478
off,5,50,0,False,0.0,0.0,0.0,0.0,1.0
off,5,50,1,False,0.0,0.0,0.21052631578947367,0.21052631578947367,0.8214285714285714
off,5,50,2,False,0.05263157894736842,0.05263157894736842,0.2,0.3333333333333333,0.7142857142857143
off,5,50,3,False,0.0894736842105263,0.08947368421052632,0.15,0.37037037037037035,0.6666666666666666
off,5,50,4,False,0.10460526315789473,0.10460526315789473,0.05,0.3870967741935484,0.6122448979591837
off,5,50,5,True,0.09095394736842104,0.09095394736842104,0.0,0.0,1.0
off,5,50,6,False,0.06821546052631577,0.06821546052631577,0.0,0.0,0.875
off,5,50,7,False,0.051161595394736824,0.05116159539473683,0.25,0.25,0.7333333333333333
off,5,50,8,False,0.10087119654605262,0.10087119654605262,0.4,0.4,0.6285714285714286
off,5,50,9,False,0.17565339740953947,0.17565339740953947,0.45,0.47619047619047616,0.5581395348837209
off,5,50,10,True,0.24424004805715457,0.2442400480571546,0.0,0.0,1.0
off,5,50,11,False,0.18318003604286595,0.18318003604286595,0.11764705882352941,0.11764705882352941,0.8888888888888888
off,5,50,12,False,0.16679679173803183,0.16679679173803183,0.2,0.2727272727272727,0.7142857142857143
off,5,50,13,False,0.17509759380352388,0.17509759380352385,0.1,0.3333333333333333,0.6136363636363636
off,5,50,14,False,0.15632319535264289,0.15632319535264289,0.1,0.3448275862068966,0.5833333333333334
off,5,50,15,True,0.14224239651448217,0.14224239651448217,0.0,0.0,1.0
off,5,50,16,False,0.10668179738586163,0.10668179738586163,0.1,0.1,0.9032258064516129
off,5,50,17,False,0.10501134803939623,0.10501134803939621,0.1,0.18181818181818182,0.8285714285714286
off,5,50,18,False,0.10375851102954717,0.10375851102954717,0.1,0.25,0.7435897435897436
off,5,50,19,False,0.10281888327216038,0.10281888327216038,0.05,0.24,0.6976744186046512
off,5,50,20,True,0.08961416245412028,0.08961416245412028,0.0,0.0,1.0
off,5,50,21,False,0.0672106218405902,0.0672106218405902,0.3,0.3,0.7916666666666666
off,5,50,22,False,0.12540796638044266,0.12540796638044266,0.5,0.5,0.6666666666666666
off,5,50,23,False,0.219055974785332,0.219055974785332,0.5882352941176471,0.5882352941176471,0.5833333333333334
off,5,50,24,False,0.31135080461841075,0.3113508046184108,0.5,0.5652173913043478,0.5333333333333333
off,5,50,25,True,0.3585131034638081,0.3585131034638081,0.0,0.0,1.0
off,5,50,26,False,0.2688848275978561,0.2688848275978561,0.2,0.2,0.875
off,5,50,27,False,0.25166362069839204,0.25166362069839204,0.38461538461538464,0.38461538461538464,0.71875
off,5,50,28,False,0.2849015616776402,0.2849015616776402,0.42857142857142855,0.42857142857142855,0.6764705882352942
off,5,50,29,False,0.3208190284010873,0.3208190284010873,0.47058823529411764,0.47058823529411764,0.6410256410256411
off,5,50,30,True,0.3582613301243449,0.3582613301243449,0.0,0.0,1.0
off,5,50,31,False,0.2686959975932587,0.2686959975932587,0.25,0.25,0.8
off,5,50,32,False,0.264021998194944,0.264021998194944,0.3333333333333333,0.3333333333333333,0.6896551724137931
off,5,50,33,False,0.28134983197954133,0.28134983197954133,0.375,0.375,0.6774193548387096
off,5,50,34,False,0.304762373984656,0.304762373984656,0.45,0.45,0.5789473684210527
off,5,50,35,True,0.341071780488492,0.341071780488492,0.0,0.0,1.0
off,5,50,36,False,0.255803835366369,0.255803835366369,0.45454545454545453,0.45454545454545453,0.8148148148148148
off,5,50,37,False,0.30548924016114043,0.30548924016114043,0.5384615384615384,0.5384615384615384,0.7333333333333333
off,5,50,38,False,0.3637323147362399,0.3637323147362399,0.5882352941176471,0.5882352941176471,0.6486486486486487
off,5,50,39,False,0.4198580595815917,0.4198580595815917,0.6,0.6,0.5853658536585366
off,5,51,0,False,0.0,0.0,0.0,0.0,1.0
off,5,51,1,False,0.0,0.0,0.14285714285714285,0.14285714285714285,0.875
off,5,51,2,False,0.03571428571428571,0.03571428571428571,0.23529411764705882,0.23529411764705882,0.7894736842105263
off,5,51,3,False,0.08560924369747899,0.08560924369747899,0.3,0.3333333333333333,0.6956521739130435
off,5,51,4,False,0.13920693277310925,0.13920693277310925,0.3,0.4166666666666667,0.6274509803921569
off,5,51,5,True,0.17940519957983195,0.17940519957983192,0.0,0.0,1.0
off,5,51,6,False,0.13455389968487394,0.13455389968487394,0.375,0.375,0.84
off,5,51,7,False,0.19466542476365545,0.19466542476365545,0.4444444444444444,0.4444444444444444,0.8
off,5,51,8,False,0.2571101796838527,0.2571101796838527,0.5714285714285714,0.5714285714285714,0.6842105263157895
off,5,51,9,False,0.3356897776200324,0.3356897776200324,0.6842105263157895,0.6842105263157895,0.6086956521739131
off,5,51,10,True,0.4228199647939717,0.42281996479397166,0.0,0.0,1.0
off,5,51,11,False,0.31711497359547874,0.31711497359547874,0.25,0.25,0.8181818181818182
off,5,51,12,False,0.30033623019660904,0.30033623019660904,0.4,0.4,0.7307692307692307
off,5,51,13,False,0.32525217264745676,0.32525217264745676,0.47368421052631576,0.47368421052631576,0.59375
off,5,51,14,False,0.3623601821171715,0.3623601821171715,0.5,0.5238095238095238,0.5428571428571428
off,5,51,15,True,0.3967701365878786,0.39677013658787863,0.0,0.0,1.0
off,5,51,16,False,0.297577602440909,0.297577602440909,0.16666666666666666,0.16666666666666666,0.9545454545454546
off,5,51,17,False,0.26484986849734843,0.26484986849734843,0.25,0.25,0.8148148148148148
off,5,51,18,False,0.26113740137301134,0.26113740137301134,0.4,0.4,0.7096774193548387
off,5,51,19,False,0.2958530510297585,0.2958530510297585,0.5294117647058824,0.5294117647058824,0.6
off,5,51,20,True,0.35424272944878943,0.35424272944878943,0.0,0.0,1.0
off,5,51,21,False,0.26568204708659204,0.26568204708659204,0.2,0.2,0.8333333333333334
off,5,51,22,False,0.24926153531494405,0.24926153531494405,0.29411764705882354,0.29411764705882354,0.6896551724137931
off,5,51,23,False,0.2604755632509139,0.2604755632509139,0.35,0.38095238095238093,0.6176470588235294
off,5,51,24,False,0.28285667243818546,0.28285667243818546,0.35,0.4583333333333333,0.5384615384615384
off,5,51,25,True,0.2996425043286391,0.2996425043286391,0.0,0.0,1.0
off,5,51,26,False,0.22473187824647933,0.22473187824647933,0.14285714285714285,0.14285714285714285,0.9
off,5,51,27,False,0.20426319439914517,0.2042631943991452,0.45454545454545453,0.45454545454545453,0.6923076923076923
off,5,51,28,False,0.2668337594357225,0.2668337594357225,0.5384615384615384,0.5384615384615384,0.6451612903225806
off,5,51,29,False,0.3347407041921765,0.3347407041921765,0.47058823529411764,0.47058823529411764,0.6052631578947368
off,5,51,30,True,0.3687025869676618,0.3687025869676618,0.0,0.0,1.0
off,5,51,31,False,0.2765269402257463,0.2765269402257463,0.2,0.2,0.7916666666666666
off,5,51,32,False,0.25739520516930975,0.25739520516930975,0.38461538461538464,0.38461538461538464,0.6785714285714286
off,5,51,33,False,0.28920025003082844,0.28920025003082844,0.35714285714285715,0.35714285714285715,0.6666666666666666
off,5,51,34,False,0.30618590180883565,0.30618590180883565,0.3888888888888889,0.3888888888888889,0.6285714285714286
off,5,51,35,True,0.326861648578849,0.326861648578849,0.0,0.0,1.0
off,5,51,36,False,0.24514623643413674,0.24514623643413674,0.18181818181818182,0.18181818181818182,0.8333333333333334
off,5,51,37,False,0.22931422278014799,0.229314222780148,0.25,0.25,0.7407407407407407
off,5,51,38,False,0.234485667085111,0.234485667085111,0.4444444444444444,0.4444444444444444,0.6470588235294118
off,5,51,39,False,0.28697536142494445,0.2869753614249444,0.4,0.42857142857142855,0.631578947368421
off,10,42,0,False,0.0,0.0,0.0,0.0,1.0
off,10,42,1,False,0.0,0.0,0.3333333333333333,0.3333333333333333,0.8260869565217391
off,10,42,2,False,0.08333333333333333,0.08333333333333333,0.5,0.5,0.7307692307692307
off,10,42,3,False,0.1875,0.1875,0.6923076923076923,0.6923076923076923,0.5882352941176471
off,10,42,4,False,0.3137019230769231,0.3137019230769231,0.6666666666666666,0.6666666666666666,0.5833333333333334
off,10,42,5,False,0.4019431089743589,0.4019431089743589,0.6842105263157895,0.6842105263157895,0.5227272727272727
off,10,42,6,False,0.4725099633097165,0.4725099633097165,0.65,0.6818181818181818,0.5208333333333334
off,10,42,7,False,0.5168824724822874,0.5168824724822874,0.55,0.6896551724137931,0.49122807017543857
off,10,42,8,False,0.5251618543617156,0.5251618543617156,0.5,0.6875,0.46153846153846156
off,10,42,9,False,0.5188713907712867,0.5188713907712867,0.5,0.7058823529411765,0.4411764705882353
off,10,42,10,True,0.5141535430784651,0.5141535430784651,0.0,0.0,1.0
off,10,42,11,False,0.38561515730884877,0.38561515730884877,0.38461538461538464,0.38461538461538464,0.782608695652174
off,10,42,12,False,0.38536521413548275,0.38536521413548275,0.4117647058823529,0.4117647058823529,0.6896551724137931
off,10,42,13,False,0.3919650870722003,0.39196508707220024,0.45,0.45,0.6176470588235294
off,10,42,14,False,0.40647381530415017,0.40647381530415017,0.4,0.4782608695652174,0.5897435897435898
off,10,42,15,False,0.40485536147811263,0.40485536147811263,0.4,0.5,0.5476190476190477
off,10,42,16,False,0.4036415211085845,0.4036415211085844,0.35,0.5517241379310345,0.49019607843137253
off,10,42,17,False,0.39023114083143834,0.3902311408314383,0.3,0.5625,0.47368421052631576
off,10,42,18,False,0.3676733556235788,0.3676733556235787,0.3,0.5625,0.46551724137931033
off,10,42,19,False,0.35075501671768405,0.35075501671768405,0.25,0.5675675675675675,0.4461538461538462
off,10,42,20,True,0.32556626253826304,0.32556626253826304,0.0,0.0,1.0
off,10,42,21,False,0.24417469690369728,0.24417469690369728,0.2222222222222222,0.2222222222222222,0.8571428571428571
off,10,42,22,False,0.2386865782333285,0.2386865782333285,0.4666666666666667,0.4666666666666667,0.7352941176470589
off,10,42,23,False,0.295681600341663,0.295681600341663,0.5294117647058824,0.5294117647058824,0.6578947368421053
off,10,42,24,False,0.35411414143271785,0.35411414143271785,0.5555555555555556,0.5555555555555556,0.5813953488372093
off,10,42,25,False,0.4044744949634273,0.4044744949634273,0.5555555555555556,0.5555555555555556,0.5555555555555556
off,10,42,26,False,0.44224476011145936,0.44224476011145936,0.5789473684210527,0.5789473684210527,0.5102040816326531
off,10,42,27,False,0.47642041218885767,0.47642041218885767,0.6,0.6521739130434783,0.4716981132075472
off,10,42,28,False,0.5073153091416432,0.5073153091416432,0.6,0.68,0.44642857142857145
off,10,42,29,False,0.5304864818562325,0.5304864818562325,0.5,0.6551724137931034,0.45
off,10,42,30,True,0.5228648613921744,0.5228648613921744,0.0,0.0,1.0
off,10,42,31,False,0.3921486460441308,0.3921486460441308,0.1875,0.1875,0.84
off,10,42,32,False,0.3409864845330981,0.3409864845330981,0.1875,0.1875,0.7777777777777778
off,10,42,33,False,0.3026148633998235,0.3026148633998236,0.23529411764705882,0.23529411764705882,0.7
off,10,42,34,False,0.2857846769616324,0.2857846769616324,0.25,0.3181818181818182,0.6052631578947368
off,10,42,35,False,0.2768385077212243,0.2768385077212243,0.25,0.4,0.5348837209302325
off,10,42,36,False,0.27012888079091824,0.27012888079091824,0.2,0.42857142857142855,0.5
off,10,42,37,False,0.2525966605931887,0.2525966605931887,0.2,0.46875,0.45454545454545453
off,10,42,38,False,0.23944749544489152,0.23944749544489152,0.1,0.5,0.4375
off,10,42,39,False,0.20458562158366864,0.20458562158366864,0.05,0.5,0.4264705882352941
off,10,43,0,False,0.0,0.0,0.0,0.0,1.0
off,10,43,1,False,0.0,0.0,0.09090909090909091,0.09090909090909091,0.8518518518518519
off,10,43,2,False,0.022727272727272728,0.022727272727272728,0.26666666666666666,0.26666666666666666,0.7272727272727273
off,10,43,3,False,0.08371212121212121,0.08371212121212121,0.42105263157894735,0.42105263157894735,0.625
off,10,43,4,False,0.16804724880382774,0.16804724880382774,0.4,0.42857142857142855,0.5869565217391305
off,10,43,5,False,0.22603543660287082,0.22603543660287082,0.4,0.5,0.5185185185185185
off,10,43,6,False,0.26952657745215314,0.26952657745215314,0.35,0.48148148148148145,0.5172413793103449
off,10,43,7,False,0.2896449330891149,0.2896449330891149,0.25,0.5,0.5076923076923077
off,10,43,8,False,0.27973369981683616,0.27973369981683616,0.3,0.5405405405405406,0.4722222222222222
off,10,43,9,False,0.2848002748626271,0.2848002748626271,0.3,0.5526315789473685,0.4533333333333333
off,10,43,10,True,0.28860020614697035,0.28860020614697035,0.0,0.0,1.0
off,10,43,11,False,0.21645015461022776,0.21645015461022776,0.18181818181818182,0.18181818181818182,0.7741935483870968
off,10,43,12,False,0.2077921614122163,0.2077921614122163,0.23076923076923078,0.23076923076923078,0.7142857142857143
off,10,43,13,False,0.21353642875146997,0.21353642875146994,0.3333333333333333,0.3333333333333333,0.65
off,10,43,14,False,0.2434856548969358,0.2434856548969358,0.3888888888888889,0.3888888888888889,0.6222222222222222
off,10,43,15,False,0.2798364633949241,0.2798364633949241,0.4,0.45454545454545453,0.5576923076923077
off,10,43,16,False,0.30987734754619306,0.30987734754619306,0.4,0.5384615384615384,0.5254237288135594
off,10,43,17,False,0.33240801065964476,0.33240801065964476,0.35,0.5517241379310345,0.5076923076923077
off,10,43,18,False,0.3368060079947336,0.3368060079947336,0.35,0.5666666666666667,0.4782608695652174
off,10,43,19,False,0.34010450599605024,0.34010450599605024,0.35,0.6060606060606061,0.4583333333333333
off,10,43,20,True,0.34257837949703773,0.34257837949703773,0.0,0.0,1.0
off,10,43,21,False,0.25693378462277827,0.25693378462277827,0.3,0.3,0.8148148148148148
off,10,43,22,False,0.2677003384670837,0.2677003384670837,0.3,0.3,0.7666666666666667
off,10,43,23,False,0.27577525385031276,0.27577525385031276,0.4166666666666667,0.4166666666666667,0.71875
off,10,43,24,False,0.3109981070544012,0.31099810705440123,0.5294117647058824,0.5294117647058824,0.6153846153846154
off,10,43,25,False,0.36560152146727154,0.36560152146727154,0.6,0.6,0.5813953488372093
off,10,43,26,False,0.4242011411004537,0.4242011411004537,0.55,0.6538461538461539,0.52
off,10,43,27,False,0.4556508558253403,0.4556508558253403,0.45,0.65625,0.5
off,10,43,28,False,0.45423814186900524,0.45423814186900524,0.4,0.6666666666666666,0.49206349206349204
off,10,43,29,False,0.44067860640175394,0.44067860640175394,0.3,0.65,0.4927536231884058
off,10,43,30,True,0.4055089548013155,0.4055089548013155,0.0,0.0,1.0
off,10,43,31,False,0.3041317161009866,0.3041317161009866,0.38461538461538464,0.38461538461538464,0.6818181818181818
off,10,43,32,False,0.3242526332295861,0.3242526332295861,0.4117647058823529,0.4117647058823529,0.5666666666666667
off,10,43,33,False,0.3461306513927778,0.34613065139277777,0.45,0.45,0.5454545454545454
off,10,43,34,False,0.3720979885445833,0.3720979885445833,0.35,0.5,0.5121951219512195
off,10,43,35,False,0.3665734914084376,0.36657349140843754,0.3,0.5172413793103449,0.4782608695652174
off,10,43,36,False,0.3499301185563282,0.34993011855632816,0.2,0.5405405405405406,0.45454545454545453
off,10,43,37,False,0.3124475889172461,0.3124475889172461,0.2,0.575,0.4262295081967213
off,10,43,38,False,0.2843356916879346,0.2843356916879346,0.15,0.6,0.40298507462686567
off,10,43,39,False,0.25075176876595096,0.25075176876595096,0.1,0.6041666666666666,0.3888888888888889
off,10,44,0,False,0.0,0.0,0.0,0.0,1.0
off,10,44,1,False,0.0,0.0,0.3,0.3,0.72
off,10,44,2,False,0.075,0.075,0.35714285714285715,0.35714285714285715,0.6896551724137931
off,10,44,3,False,0.14553571428571427,0.14553571428571427,0.5,0.5,0.5675675675675675
off,10,44,4,False,0.2341517857142857,0.2341517857142857,0.45,0.5217391304347826,0.5365853658536586
off,10,44,5,False,0.28811383928571427,0.28811383928571427,0.35,0.5357142857142857,0.5217391304347826
off,10,44,6,False,0.30358537946428565,0.30358537946428565,0.35,0.59375,0.48
off,10,44,7,False,0.31518903459821423,0.31518903459821423,0.15,0.575,0.4745762711864407
off,10,44,8,False,0.27389177594866065,0.27389177594866065,0.1,0.5777777777777777,0.46153846153846156
off,10,44,9,False,0.23041883196149548,0.23041883196149548,0.1,0.5957446808510638,0.4507042253521127
off,10,44,10,True,0.1978141239711216,0.1978141239711216,0.0,0.0,1.0
off,10,44,11,False,0.1483605929783412,0.1483605929783412,0.3333333333333333,0.3333333333333333,0.8148148148148148
off,10,44,12,False,0.19460377806708923,0.19460377806708923,0.42857142857142855,0.42857142857142855,0.6875
off,10,44,13,False,0.25309569069317406,0.25309569069317406,0.5,0.5,0.5945945945945946
off,10,44,14,False,0.31482176801988054,0.31482176801988054,0.5,0.5652173913043478,0.5319148936170213
off,10,44,15,False,0.36111632601491045,0.3611163260149104,0.5,0.6296296296296297,0.4807692307692308
off,10,44,16,False,0.3958372445111828,0.3958372445111828,0.45,0.6333333333333333,0.4642857142857143
off,10,44,17,False,0.40937793338338707,0.40937793338338707,0.4,0.6470588235294118,0.4426229508196721
off,10,44,18,False,0.4070334500375403,0.4070334500375403,0.4,0.6756756756756757,0.40298507462686567
off,10,44,19,False,0.4052750875281553,0.4052750875281552,0.3,0.6585365853658537,0.4
off,10,44,20,True,0.3789563156461164,0.3789563156461164,0.0,0.0,1.0
off,10,44,21,False,0.2842172367345873,0.2842172367345873,0.25,0.25,0.8214285714285714
off,10,44,22,False,0.27566292755094046,0.27566292755094046,0.35714285714285715,0.35714285714285715,0.75
off,10,44,23,False,0.2960329099489196,0.2960329099489196,0.35714285714285715,0.35714285714285715,0.6857142857142857
off,10,44,24,False,0.311310396747404,0.311310396747404,0.5263157894736842,0.5263157894736842,0.6
off,10,44,25,False,0.36506174492897403,0.36506174492897403,0.55,0.5714285714285714,0.5555555555555556
off,10,44,26,False,0.41129630869673056,0.41129630869673056,0.5,0.6,0.5098039215686274
off,10,44,27,False,0.43347223152254793,0.43347223152254793,0.4,0.5862068965517241,0.49122807017543857
off,10,44,28,False,0.42510417364191105,0.425104173641911,0.4,0.6129032258064516,0.47540983606557374
off,10,44,29,False,0.4188281302314333,0.4188281302314333,0.35,0.6176470588235294,0.4696969696969697
off,10,44,30,True,0.401621097673575,0.401621097673575,0.0,0.0,1.0
off,10,44,31,False,0.30121582325518126,0.30121582325518126,0.23076923076923078,0.23076923076923078,0.7931034482758621
off,10,44,32,False,0.2836041751336936,0.2836041751336936,0.35,0.38095238095238093,0.7027027027027027
off,10,44,33,False,0.30020313135027027,0.3002031313502702,0.15,0.34615384615384615,0.6888888888888889
off,10,44,34,False,0.26265234851270264,0.26265234851270264,0.15,0.41379310344827586,0.6326530612244898
off,10,44,35,False,0.234489261384527,0.234489261384527,0.1,0.4375,0.6037735849056604
off,10,44,36,False,0.20086694603839525,0.20086694603839525,0.1,0.45714285714285713,0.5689655172413793
off,10,44,37,False,0.17565020952879642,0.17565020952879642,0.05,0.48717948717948717,0.5396825396825397
off,10,44,38,False,0.14423765714659734,0.14423765714659734,0.05,0.5,0.5147058823529411
off,10,44,39,False,0.120678242859948,0.120678242859948,0.0,0.5217391304347826,0.5
off,10,45,0,False,0.0,0.0,0.0,0.0,1.0
off,10,45,1,False,0.0,0.0,0.3076923076923077,0.3076923076923077,0.7777777777777778
off,10,45,2,False,0.07692307692307694,0.07692307692307693,0.2857142857142857,0.2857142857142857,0.7419354838709677
off,10,45,3,False,0.1291208791208791,0.1291208791208791,0.3888888888888889,0.3888888888888889,0.6666666666666666
off,10,45,4,False,0.19406288156288154,0.19406288156288154,0.45,0.45,0.6
off,10,45,5,False,0.25804716117216114,0.25804716117216114,0.45,0.45,0.5853658536585366
off,10,45,6,False,0.30603537087912086,0.30603537087912086,0.4,0.4782608695652174,0.5319148936170213
off,10,45,7,False,0.3295265281593407,0.3295265281593407,0.35,0.5,0.5098039215686274
off,10,45,8,False,0.33464489611950554,0.33464489611950554,0.35,0.5185185185185185,0.48148148148148145
off,10,45,9,False,0.3384836720896291,0.33848367208962915,0.35,0.5517241379310345,0.4406779661016949
off,10,45,10,True,0.34136275406722183,0.34136275406722183,0.0,0.0,1.0
off,10,45,11,False,0.2560220655504164,0.2560220655504164,0.15384615384615385,0.15384615384615385,0.9230769230769231
off,10,45,12,False,0.23047808762435076,0.23047808762435076,0.29411764705882354,0.29411764705882354,0.8064516129032258
off,10,45,13,False,0.24638797748296898,0.24638797748296898,0.4,0.4,0.7222222222222222
off,10,45,14,False,0.2847909831122267,0.2847909831122267,0.4,0.4782608695652174,0.6428571428571429
off,10,45,15,False,0.31359323733417005,0.31359323733417005,0.4,0.52,0.574468085106383
off,10,45,16,False,0.33519492800062756,0.33519492800062756,0.4,0.5384615384615384,0.54
off,10,45,17,False,0.3513961960004707,0.3513961960004707,0.25,0.53125,0.5357142857142857
off,10,45,18,False,0.3260471470003529,0.326047147000353,0.2,0.5555555555555556,0.5166666666666667
off,10,45,19,False,0.29453536025026467,0.2945353602502647,0.1,0.5609756097560976,0.5
off,10,45,20,True,0.24590152018769854,0.24590152018769854,0.0,0.0,1.0
off,10,45,21,False,0.1844261401407739,0.1844261401407739,0.3333333333333333,0.3333333333333333,0.85
off,10,45,22,False,0.22165293843891373,0.22165293843891376,0.36363636363636365,0.36363636363636365,0.72
off,10,45,23,False,0.25714879473827623,0.25714879473827623,0.5,0.5,0.6206896551724138
off,10,45,24,False,0.3178615960537072,0.3178615960537072,0.5263157894736842,0.5263157894736842,0.5714285714285714
off,10,45,25,False,0.36997514440870144,0.3699751444087014,0.5,0.5454545454545454,0.5348837209302325
off,10,45,26,False,0.40248135830652604,0.40248135830652604,0.45,0.5925925925925926,0.4897959183673469
off,10,45,27,False,0.4143610187298945,0.4143610187298945,0.4,0.5862068965517241,0.4716981132075472
off,10,45,28,False,0.41077076404742086,0.41077076404742086,0.4,0.59375,0.4406779661016949
off,10,45,29,False,0.40807807303556565,0.40807807303556565,0.35,0.5882352941176471,0.4153846153846154
off,10,45,30,True,0.3935585547766743,0.39355855477667423,0.0,0.0,1.0
off,10,45,31,False,0.2951689160825057,0.2951689160825057,0.18181818181818182,0.18181818181818182,0.8888888888888888
off,10,45,32,False,0.2668312325164247,0.2668312325164247,0.2857142857142857,0.2857142857142857,0.7647058823529411
off,10,45,33,False,0.27155199581588996,0.27155199581588996,0.35294117647058826,0.35294117647058826,0.6585365853658537
off,10,45,34,False,0.2918992909795645,0.2918992909795645,0.35,0.38095238095238093,0.6382978723404256
off,10,45,35,False,0.3064244682346734,0.3064244682346734,0.3,0.391304347826087,0.6153846153846154
off,10,45,36,False,0.30481835117600503,0.30481835117600503,0.25,0.4444444444444444,0.5789473684210527
off,10,45,37,False,0.29111376338200373,0.2911137633820038,0.15,0.47058823529411764,0.5588235294117647
off,10,45,38,False,0.2558353225365028,0.2558353225365028,0.1,0.5,0.5405405405405406
off,10,45,39,False,0.2168764919023771,0.2168764919023771,0.05,0.5,0.5316455696202531
off,10,46,0,False,0.0,0.0,0.0,0.0,1.0
off,10,46,1,False,0.0,0.0,0.2,0.2,0.8461538461538461
off,10,46,2,False,0.05,0.05,0.42857142857142855,0.42857142857142855,0.71875
off,10,46,3,False,0.14464285714285713,0.14464285714285713,0.4666666666666667,0.4666666666666667,0.6571428571428571
off,10,46,4,False,0.2251488095238095,0.2251488095238095,0.6,0.6,0.5609756097560976
off,10,46,5,False,0.3188616071428572,0.31886160714285716,0.6,0.6190476190476191,0.5348837209302325
off,10,46,6,False,0.3891462053571428,0.38914620535714284,0.5,0.6153846153846154,0.52
off,10,46,7,False,0.41685965401785713,0.41685965401785713,0.5,0.6296296296296297,0.49056603773584906
off,10,46,8,False,0.43764474051339286,0.43764474051339286,0.4,0.6129032258064516,0.4827586206896552
off,10,46,9,False,0.4282335553850446,0.4282335553850446,0.4,0.6388888888888888,0.453125
off,10,46,10,True,0.4211751665387834,0.4211751665387834,0.0,0.0,1.0
off,10,46,11,False,0.3158813749040875,0.3158813749040875,0.09090909090909091,0.09090909090909091,0.8333333333333334
off,10,46,12,False,0.2596383039053384,0.2596383039053384,0.14285714285714285,0.14285714285714285,0.7586206896551724
off,10,46,13,False,0.2304430136432895,0.2304430136432895,0.2,0.2,0.7096774193548387
off,10,46,14,False,0.2228322602324671,0.2228322602324671,0.2777777777777778,0.2777777777777778,0.6486486486486487
off,10,46,15,False,0.2365686396187948,0.2365686396187948,0.25,0.34782608695652173,0.6046511627906976
off,10,46,16,False,0.23992647971409609,0.23992647971409609,0.25,0.375,0.5652173913043478
off,10,46,17,False,0.2424448597855721,0.24244485978557206,0.15,0.39285714285714285,0.5283018867924528
off,10,46,18,False,0.21933364483917903,0.21933364483917905,0.1,0.3793103448275862,0.5272727272727272
off,10,46,19,False,0.18950023362938428,0.18950023362938428,0.1,0.41935483870967744,0.48333333333333334
off,10,46,20,True,0.1671251752220382,0.1671251752220382,0.0,0.0,1.0
off,10,46,21,False,0.12534388141652866,0.12534388141652866,0.09090909090909091,0.09090909090909091,0.9285714285714286
off,10,46,22,False,0.11673518378966923,0.11673518378966924,0.23076923076923078,0.23076923076923078,0.8125
off,10,46,23,False,0.14524369553455965,0.14524369553455962,0.2857142857142857,0.2857142857142857,0.7647058823529411
off,10,46,24,False,0.18036134307949117,0.18036134307949114,0.375,0.375,0.65
off,10,46,25,False,0.22902100730961836,0.22902100730961836,0.4,0.42857142857142855,0.5833333333333334
off,10,46,26,False,0.27176575548221377,0.27176575548221377,0.4,0.52,0.5555555555555556
off,10,46,27,False,0.30382431661166037,0.3038243166116603,0.4,0.5714285714285714,0.5084745762711864
off,10,46,28,False,0.32786823745874527,0.32786823745874527,0.25,0.5588235294117647,0.5074626865671642
off,10,46,29,False,0.308401178094059,0.308401178094059,0.25,0.6052631578947368,0.4722222222222222
off,10,46,30,True,0.29380088357054424,0.29380088357054424,0.0,0.0,1.0
off,10,46,31,False,0.22035066267790818,0.22035066267790818,0.2,0.2,0.8181818181818182
off,10,46,32,False,0.21526299700843116,0.21526299700843116,0.4444444444444444,0.4444444444444444,0.6551724137931034
off,10,46,33,False,0.27255835886743446,0.27255835886743446,0.5454545454545454,0.5454545454545454,0.5714285714285714
off,10,46,34,False,0.3407824055142122,0.3407824055142122,0.5384615384615384,0.5384615384615384,0.525
off,10,46,35,False,0.39020218875104373,0.39020218875104373,0.6666666666666666,0.6666666666666666,0.46808510638297873
off,10,46,36,False,0.4593183082299494,0.45931830822994946,0.65,0.6818181818181818,0.4423076923076923
off,10,46,37,False,0.5069887311724621,0.5069887311724621,0.55,0.6785714285714286,0.4406779661016949
off,10,46,38,False,0.5177415483793466,0.5177415483793466,0.5,0.6774193548387096,0.4307692307692308
off,10,46,39,False,0.51330616128451,0.51330616128451,0.45,0.6764705882352942,0.4264705882352941
off,10,47,0,False,0.0,0.0,0.0,0.0,1.0
off,10,47,1,False,0.0,0.0,0.2727272727272727,0.2727272727272727,0.8518518518518519
off,10,47,2,False,0.06818181818181818,0.06818181818181818,0.35714285714285715,0.35714285714285715,0.7575757575757576
off,10,47,3,False,0.14042207792207792,0.14042207792207792,0.4375,0.4375,0.65
off,10,47,4,False,0.21469155844155843,0.21469155844155843,0.5,0.5,0.5686274509803921
off,10,47,5,False,0.28601866883116883,0.28601866883116883,0.5,0.5238095238095238,0.5576923076923077
off,10,47,6,False,0.3395140016233767,0.33951400162337664,0.4,0.5555555555555556,0.5254237288135594
off,10,47,7,False,0.3546355012175325,0.3546355012175325,0.4,0.5862068965517241,0.5
off,10,47,8,False,0.36597662591314933,0.3659766259131494,0.3,0.5757575757575758,0.4925373134328358
off,10,47,9,False,0.34948246943486205,0.34948246943486205,0.2,0.5675675675675675,0.48
off,10,47,10,True,0.3121118520761465,0.3121118520761465,0.0,0.0,1.0
off,10,47,11,False,0.2340838890571099,0.23408388905710986,0.13333333333333333,0.13333333333333333,0.8387096774193549
off,10,47,12,False,0.20889625012616572,0.20889625012616572,0.23529411764705882,0.23529411764705882,0.7428571428571429
off,10,47,13,False,0.21549571700638898,0.21549571700638898,0.2631578947368421,0.2631578947368421,0.6666666666666666
off,10,47,14,False,0.22741126143900225,0.22741126143900225,0.3,0.391304347826087,0.6041666666666666
off,10,47,15,False,0.2455584460792517,0.2455584460792517,0.1,0.3793103448275862,0.6071428571428571
off,10,47,16,False,0.20916883455943877,0.20916883455943877,0.1,0.41935483870967744,0.5666666666666667
off,10,47,17,False,0.18187662591957907,0.18187662591957907,0.1,0.45714285714285713,0.5223880597014925
off,10,47,18,False,0.1614074694396843,0.1614074694396843,0.1,0.4864864864864865,0.5142857142857142
off,10,47,19,False,0.1460556020797632,0.1460556020797632,0.1,0.5121951219512195,0.4868421052631579
off,10,47,20,True,0.1345417015598224,0.1345417015598224,0.0,0.0,1.0
off,10,47,21,False,0.1009062761698668,0.1009062761698668,0.3076923076923077,0.3076923076923077,0.8148148148148148
off,10,47,22,False,0.15260278405047703,0.15260278405047703,0.375,0.375,0.696969696969697
off,10,47,23,False,0.20820208803785775,0.20820208803785778,0.4444444444444444,0.4444444444444444,0.631578947368421
off,10,47,24,False,0.26726267713950447,0.26726267713950447,0.4,0.5,0.6041666666666666
off,10,47,25,False,0.30044700785462836,0.30044700785462836,0.35,0.5357142857142857,0.5535714285714286
off,10,47,26,False,0.3128352558909713,0.3128352558909713,0.35,0.5806451612903226,0.532258064516129
off,10,47,27,False,0.3221264419182285,0.3221264419182285,0.35,0.6176470588235294,0.5074626865671642
off,10,47,28,False,0.32909483143867135,0.32909483143867135,0.25,0.5641025641025641,0.5066666666666667
off,10,47,29,False,0.30932112357900354,0.30932112357900354,0.25,0.575,0.5
off,10,47,30,True,0.29449084268425263,0.29449084268425263,0.0,0.0,1.0
off,10,47,31,False,0.22086813201318947,0.22086813201318947,0.2857142857142857,0.2857142857142857,0.7692307692307693
off,10,47,32,False,0.23707967043846354,0.23707967043846354,0.4,0.4,0.6486486486486487
off,10,47,33,False,0.2778097528288477,0.2778097528288477,0.35,0.43478260869565216,0.6097560975609756
off,10,47,34,False,0.2958573146216358,0.2958573146216358,0.25,0.4827586206896552,0.5625
off,10,47,35,False,0.28439298596622686,0.28439298596622686,0.2,0.5428571428571428,0.5
off,10,47,36,False,0.26329473947467014,0.26329473947467014,0.15,0.5384615384615384,0.4918032786885246
off,10,47,37,False,0.23497105460600262,0.23497105460600262,0.15,0.5609756097560976,0.46153846153846156
off,10,47,38,False,0.21372829095450196,0.21372829095450196,0.15,0.5813953488372093,0.4411764705882353
off,10,47,39,False,0.19779621821587648,0.19779621821587648,0.05,0.5434782608695652,0.4520547945205479
off,10,48,0,False,0.0,0.0,0.0,0.0,1.0
off,10,48,1,False,0.0,0.0,0.3333333333333333,0.3333333333333333,0.8571428571428571
off,10,48,2,False,0.08333333333333333,0.08333333333333333,0.4,0.4,0.72
off,10,48,3,False,0.1625,0.1625,0.5714285714285714,0.5714285714285714,0.5806451612903226
off,10,48,4,False,0.26473214285714286,0.26473214285714286,0.6470588235294118,0.6470588235294118,0.5428571428571428
off,10,48,5,False,0.3603138130252101,0.3603138130252101,0.6470588235294118,0.6470588235294118,0.5405405405405406
off,10,48,6,False,0.4320000656512605,0.4320000656512605,0.6842105263157895,0.6842105263157895,0.46511627906976744
off,10,48,7,False,0.4950526808173927,0.49505268081739273,0.7,0.7,0.43478260869565216
off,10,48,8,False,0.5462895106130445,0.5462895106130445,0.7,0.7272727272727273,0.42
off,10,48,9,False,0.5847171329597833,0.5847171329597833,0.7,0.75,0.39622641509433965
off,10,48,10,True,0.6135378497198375,0.6135378497198375,0.0,0.0,1.0
off,10,48,11,False,0.4601533872898781,0.4601533872898781,0.3,0.3,0.7407407407407407
off,10,48,12,False,0.4201150404674086,0.4201150404674086,0.4166666666666667,0.4166666666666667,0.6451612903225806
off,10,48,13,False,0.41925294701722315,0.41925294701722315,0.5625,0.5625,0.5675675675675675
off,10,48,14,False,0.4550647102629174,0.4550647102629174,0.631578947368421,0.631578947368421,0.5348837209302325
off,10,48,15,False,0.49919326953929327,0.49919326953929327,0.55,0.6086956521739131,0.5
off,10,48,16,False,0.51189495215447,0.51189495215447,0.5,0.6,0.4727272727272727
off,10,48,17,False,0.5089212141158526,0.5089212141158526,0.45,0.6206896551724138,0.4426229508196721
off,10,48,18,False,0.4941909105868894,0.4941909105868894,0.45,0.6333333333333333,0.421875
off,10,48,19,False,0.48314318294016706,0.48314318294016706,0.4,0.6666666666666666,0.39436619718309857
off,10,48,20,True,0.4623573872051253,0.4623573872051253,0.0,0.0,1.0
off,10,48,21,False,0.34676804040384407,0.346768040403844,0.21428571428571427,0.21428571428571427,0.8275862068965517
off,10,48,22,False,0.31364745887431156,0.31364745887431156,0.3684210526315789,0.3684210526315789,0.6842105263157895
off,10,48,23,False,0.3273408573136284,0.3273408573136284,0.4,0.45454545454545453,0.6046511627906976
off,10,48,24,False,0.3455056429852213,0.3455056429852213,0.4,0.4782608695652174,0.5652173913043478
off,10,48,25,False,0.359129232238916,0.359129232238916,0.3,0.5,0.5384615384615384
off,10,48,26,False,0.34434692417918705,0.34434692417918705,0.3,0.5333333333333333,0.5087719298245614
off,10,48,27,False,0.3332601931343903,0.3332601931343903,0.3,0.5625,0.49206349206349204
off,10,48,28,False,0.32494514485079273,0.32494514485079273,0.2,0.5555555555555556,0.4857142857142857
off,10,48,29,False,0.29370885863809454,0.29370885863809454,0.1,0.5384615384615384,0.48717948717948717
off,10,48,30,True,0.2452816439785709,0.2452816439785709,0.0,0.0,1.0
off,10,48,31,False,0.1839612329839282,0.1839612329839282,0.15384615384615385,0.15384615384615385,0.8275862068965517
off,10,48,32,False,0.1764324631994846,0.1764324631994846,0.2777777777777778,0.2777777777777778,0.7567567567567568
off,10,48,33,False,0.2017687918440579,0.2017687918440579,0.25,0.2857142857142857,0.7317073170731707
off,10,48,34,False,0.21382659388304343,0.21382659388304343,0.2,0.30434782608695654,0.6739130434782609
off,10,48,35,False,0.21036994541228254,0.21036994541228254,0.2,0.4074074074074074,0.5961538461538461
off,10,48,36,False,0.2077774590592119,0.2077774590592119,0.2,0.42857142857142855,0.559322033898305
off,10,48,37,False,0.20583309429440894,0.20583309429440894,0.2,0.4838709677419355,0.515625
off,10,48,38,False,0.2043748207208067,0.2043748207208067,0.15,0.47058823529411764,0.5147058823529411
off,10,48,39,False,0.19078111554060503,0.19078111554060503,0.05,0.5,0.5131578947368421
off,10,49,0,False,0.0,0.0,0.0,0.0,1.0
off,10,49,1,False,0.0,0.0,0.16666666666666666,0.16666666666666666,0.8076923076923077
off,10,49,2,False,0.041666666666666664,0.041666666666666664,0.4,0.4,0.6571428571428571
off,10,49,3,False,0.13125,0.13125,0.5,0.5,0.6153846153846154
off,10,49,4,False,0.2234375,0.2234375,0.5384615384615384,0.5384615384615384,0.5853658536585366
off,10,49,5,False,0.3021935096153846,0.3021935096153846,0.5714285714285714,0.5714285714285714,0.5581395348837209
off,10,49,6,False,0.3695022750686813,0.3695022750686813,0.6111111111111112,0.6111111111111112,0.5416666666666666
off,10,49,7,False,0.4299044840792887,0.4299044840792887,0.55,0.6086956521739131,0.509090909090909
off,10,49,8,False,0.45992836305946655,0.45992836305946655,0.55,0.625,0.4915254237288136
off,10,49,9,False,0.48244627229459996,0.4824462722945999,0.5,0.6153846153846154,0.47692307692307695
off,10,49,10,True,0.48683470422094993,0.48683470422094993,0.0,0.0,1.0
off,10,49,11,False,0.36512602816571244,0.36512602816571244,0.26666666666666666,0.26666666666666666,0.8148148148148148
off,10,49,12,False,0.34051118779095096,0.34051118779095096,0.4,0.4,0.696969696969697
off,10,49,13,False,0.35538339084321324,0.35538339084321324,0.4,0.45454545454545453,0.6216216216216216
off,10,49,14,False,0.36653754313240994,0.36653754313240994,0.4,0.4782608695652174,0.5897435897435898
off,10,49,15,False,0.37490315734930746,0.37490315734930746,0.35,0.5357142857142857,0.5531914893617021
off,10,49,16,False,0.36867736801198053,0.3686773680119806,0.25,0.5454545454545454,0.5283018867924528
off,10,49,17,False,0.33900802600898544,0.33900802600898544,0.25,0.5588235294117647,0.49122807017543857
off,10,49,18,False,0.3167560195067391,0.3167560195067391,0.25,0.5833333333333334,0.4603174603174603
off,10,49,19,False,0.3000670146300543,0.3000670146300543,0.3,0.625,0.44776119402985076
off,10,49,20,True,0.3000502609725407,0.3000502609725407,0.0,0.0,1.0
off,10,49,21,False,0.22503769572940555,0.22503769572940555,0.2727272727272727,0.2727272727272727,0.8
off,10,49,22,False,0.23696008997887233,0.23696008997887233,0.42857142857142855,0.42857142857142855,0.6666666666666666
off,10,49,23,False,0.2848629246270114,0.2848629246270114,0.5294117647058824,0.5294117647058824,0.5714285714285714
off,10,49,24,False,0.34600013464672913,0.3460001346467292,0.5789473684210527,0.5789473684210527,0.5
off,10,49,25,False,0.40423694309031005,0.40423694309031005,0.55,0.5714285714285714,0.4666666666666667
off,10,49,26,False,0.44067770731773254,0.44067770731773254,0.55,0.625,0.44
off,10,49,27,False,0.4680082804882994,0.4680082804882994,0.55,0.6666666666666666,0.4
off,10,49,28,False,0.48850621036622455,0.48850621036622455,0.55,0.7,0.38333333333333336
off,10,49,29,False,0.5038796577746685,0.5038796577746685,0.55,0.7272727272727273,0.391304347826087
off,10,49,30,True,0.5154097433310014,0.5154097433310014,0.0,0.0,1.0
off,10,49,31,False,0.38655730749825107,0.38655730749825107,0.3076923076923077,0.3076923076923077,0.7586206896551724
off,10,49,32,False,0.3668410575467652,0.3668410575467652,0.35714285714285715,0.35714285714285715,0.696969696969697
off,10,49,33,False,0.36441650744578824,0.36441650744578824,0.375,0.375,0.6666666666666666
off,10,49,34,False,0.36706238058434115,0.36706238058434115,0.45,0.5,0.5813953488372093
off,10,49,35,False,0.38779678543825585,0.38779678543825585,0.45,0.56,0.5416666666666666
off,10,49,36,False,0.4033475890786919,0.4033475890786919,0.45,0.6333333333333333,0.48148148148148145
off,10,49,37,False,0.4150106918090189,0.4150106918090189,0.45,0.6451612903225806,0.45614035087719296
off,10,49,38,False,0.4237580188567642,0.4237580188567642,0.4,0.6470588235294118,0.45901639344262296
off,10,49,39,False,0.4178185141425731,0.4178185141425731,0.35,0.625,0.45714285714285713
off,10,50,0,False,0.0,0.0,0.0,0.0,1.0
off,10,50,1,False,0.0,0.0,0.21052631578947367,0.21052631578947367,0.8214285714285714
off,10,50,2,False,0.05263157894736842,0.05263157894736842,0.2,0.3333333333333333,0.7142857142857143
off,10,50,3,False,0.0894736842105263,0.08947368421052632,0.15,0.37037037037037035,0.6666666666666666
off,10,50,4,False,0.10460526315789473,0.10460526315789473,0.05,0.3870967741935484,0.6122448979591837
off,10,50,5,False,0.09095394736842104,0.09095394736842104,0.05,0.3939393939393939,0.5961538461538461
off,10,50,6,False,0.08071546052631577,0.08071546052631577,0.05,0.3939393939393939,0.5714285714285714
off,10,50,7,False,0.07303659539473682,0.07303659539473682,0.05,0.46153846153846156,0.532258064516129
off,10,50,8,False,0.06727744654605261,0.06727744654605261,0.0,0.4883720930232558,0.5
off,10,50,9,False,0.05045808490953946,0.05045808490953946,0.0,0.5319148936170213,0.47368421052631576
off,10,50,10,True,0.03784356368215459,0.03784356368215459,0.0,0.0,1.0
off,10,50,11,False,0.028382672761615945,0.028382672761615945,0.2857142857142857,0.2857142857142857,0.8235294117647058
off,10,50,12,False,0.09271557599978339,0.09271557599978339,0.5,0.5,0.64
off,10,50,13,False,0.19453668199983754,0.19453668199983754,0.6,0.6,0.53125
off,10,50,14,False,0.2959025114998782,0.2959025114998781,0.5555555555555556,0.5555555555555556,0.5263157894736842
off,10,50,15,False,0.3608157725137975,0.3608157725137975,0.55,0.5714285714285714,0.5111111111111111
off,10,50,16,False,0.4081118293853481,0.4081118293853481,0.55,0.6086956521739131,0.4791666666666667
off,10,50,17,False,0.4435838720390111,0.4435838720390111,0.45,0.5925925925925926,0.4807692307692308
off,10,50,18,False,0.44518790402925834,0.44518790402925834,0.45,0.6206896551724138,0.44642857142857145
off,10,50,19,False,0.44639092802194374,0.44639092802194374,0.4,0.6129032258064516,0.43333333333333335
off,10,50,20,True,0.43479319601645783,0.43479319601645783,0.0,0.0,1.0
off,10,50,21,False,0.3260948970123434,0.3260948970123434,0.23076923076923078,0.23076923076923078,0.8484848484848485
off,10,50,22,False,0.30226348045156526,0.30226348045156526,0.375,0.375,0.7368421052631579
off,10,50,23,False,0.32044761033867397,0.32044761033867397,0.42105263157894735,0.42105263157894735,0.6744186046511628
off,10,50,24,False,0.3455988656487423,0.3455988656487423,0.45,0.5,0.5918367346938775
off,10,50,25,False,0.3716991492365567,0.3716991492365567,0.4,0.5384615384615384,0.5357142857142857
off,10,50,26,False,0.3787743619274175,0.37877436192741754,0.35,0.5517241379310345,0.5245901639344263
off,10,50,27,False,0.3715807714455631,0.3715807714455631,0.3,0.5757575757575758,0.4852941176470588
off,10,50,28,False,0.3536855785841723,0.3536855785841723,0.35,0.6,0.4788732394366197
off,10,50,29,False,0.35276418393812925,0.35276418393812925,0.15,0.5609756097560976,0.48717948717948717
off,10,50,30,True,0.3020731379535969,0.3020731379535969,0.0,0.0,1.0
off,10,50,31,False,0.2265548534651977,0.2265548534651977,0.23076923076923078,0.23076923076923078,0.8
off,10,50,32,False,0.22760844779120598,0.22760844779120598,0.3333333333333333,0.3333333333333333,0.6896551724137931
off,10,50,33,False,0.2540396691767378,0.2540396691767378,0.375,0.375,0.6774193548387096
off,10,50,34,False,0.2842797518825534,0.2842797518825534,0.4,0.45454545454545453,0.5897435897435898
off,10,50,35,False,0.313209813911915,0.31320981391191505,0.35,0.48,0.5581395348837209
off,10,50,36,False,0.32240736043393625,0.32240736043393625,0.3,0.5483870967741935,0.5
off,10,50,37,False,0.3168055203254522,0.3168055203254522,0.3,0.5757575757575758,0.4716981132075472
off,10,50,38,False,0.3126041402440891,0.3126041402440891,0.25,0.5833333333333334,0.45901639344262296
off,10,50,39,False,0.29695310518306683,0.29695310518306683,0.25,0.6052631578947368,0.4375
off,10,51,0,False,0.0,0.0,0.0,0.0,1.0
off,10,51,1,False,0.0,0.0,0.14285714285714285,0.14285714285714285,0.875
off,10,51,2,False,0.03571428571428571,0.03571428571428571,0.23529411764705882,0.23529411764705882,0.7894736842105263
off,10,51,3,False,0.08560924369747899,0.08560924369747899,0.3,0.3333333333333333,0.6956521739130435
off,10,51,4,False,0.13920693277310925,0.13920693277310925,0.3,0.4166666666666667,0.6274509803921569
off,10,51,5,False,0.17940519957983195,0.17940519957983192,0.3,0.44,0.6
off,10,51,6,False,0.20955389968487395,0.20955389968487392,0.25,0.4827586206896552,0.5666666666666667
off,10,51,7,False,0.21966542476365544,0.21966542476365544,0.2,0.4838709677419355,0.5538461538461539
off,10,51,8,False,0.21474906857274156,0.21474906857274156,0.15,0.5405405405405406,0.5138888888888888
off,10,51,9,False,0.19856180142955618,0.19856180142955618,0.1,0.5609756097560976,0.4936708860759494
off,10,51,10,True,0.17392135107216714,0.17392135107216714,0.0,0.0,1.0
off,10,51,11,False,0.13044101330412536,0.13044101330412536,0.25,0.25,0.8095238095238095
off,10,51,12,False,0.160330759978094,0.160330759978094,0.42857142857142855,0.42857142857142855,0.7142857142857143
off,10,51,13,False,0.22739092712642767,0.22739092712642767,0.5294117647058824,0.5294117647058824,0.5882352941176471
off,10,51,14,False,0.3028961365212913,0.3028961365212913,0.55,0.55,0.5641025641025641
off,10,51,15,False,0.36467210239096853,0.3646721023909685,0.4,0.52,0.5416666666666666
off,10,51,16,False,0.3735040767932264,0.3735040767932264,0.35,0.5185185185185185,0.5294117647058824
off,10,51,17,False,0.3676280575949198,0.3676280575949198,0.3,0.5172413793103449,0.5087719298245614
off,10,51,18,False,0.35072104319618985,0.35072104319618985,0.3,0.5483870967741935,0.4918032786885246
off,10,51,19,False,0.3380407823971424,0.3380407823971424,0.3,0.6,0.44776119402985076
off,10,51,20,True,0.3285305867978568,0.3285305867978568,0.0,0.0,1.0
off,10,51,21,False,0.2463979400983926,0.2463979400983926,0.2727272727272727,0.2727272727272727,0.8518518518518519
off,10,51,22,False,0.2529802732556126,0.2529802732556126,0.38461538461538464,0.38461538461538464,0.75
off,10,51,23,False,0.2858890510955557,0.2858890510955556,0.5,0.5,0.6666666666666666
off,10,51,24,False,0.3394167883216667,0.3394167883216667,0.5789473684210527,0.5789473684210527,0.6046511627906976
off,10,51,25,False,0.39929943334651313,0.3992994333465132,0.55,0.625,0.5490196078431373
off,10,51,26,False,0.4369745750098849,0.4369745750098849,0.55,0.64,0.5370370370370371
off,10,51,27,False,0.4652309312574137,0.4652309312574137,0.55,0.6896551724137931,0.48333333333333334
off,10,51,28,False,0.4864231984430603,0.4864231984430603,0.55,0.7096774193548387,0.46875
off,10,51,29,False,0.5023173988322953,0.5023173988322953,0.55,0.71875,0.4411764705882353
off,10,51,30,True,0.5142380491242216,0.5142380491242216,0.0,0.0,1.0
off,10,51,31,False,0.38567853684316616,0.38567853684316616,0.15384615384615385,0.15384615384615385,0.8
off,10,51,32,False,0.3277204410939131,0.3277204410939131,0.2777777777777778,0.2777777777777778,0.7333333333333333
off,10,51,33,False,0.31523477526487925,0.31523477526487925,0.2777777777777778,0.2777777777777778,0.7096774193548387
off,10,51,34,False,0.30587052589310393,0.30587052589310393,0.35,0.35,0.6285714285714286
off,10,51,35,False,0.31690289441982794,0.31690289441982794,0.35,0.4090909090909091,0.5714285714285714
off,10,51,36,False,0.325177170814871,0.32517717081487096,0.3,0.46153846153846156,0.5306122448979592
off,10,51,37,False,0.3188828781111533,0.31888287811115323,0.25,0.5,0.5
off,10,51,38,False,0.3016621585833649,0.3016621585833649,0.25,0.5588235294117647,0.4666666666666667
off,10,51,39,False,0.2887466189375237,0.2887466189375237,0.2,0.5555555555555556,0.46153846153846156
on,0,42,0,False,0.0,0.0,0.0,0.0,1.0
on,0,42,1,False,0.0,0.0,0.0,0.0,0.95
on,0,42,2,False,0.0,0.0,0.0,0.0,0.95
on,0,42,3,False,0.0,0.0,0.0,0.0,0.9523809523809523
on,0,42,4,False,0.0,0.0,0.0,0.0,0.9545454545454546
on,0,42,5,False,0.0,0.0,0.0,0.0,0.9565217391304348
on,0,42,6,False,0.0,0.0,0.0,0.0,0.9583333333333334
on,0,42,7,False,0.0,0.0,0.0,0.0,0.9615384615384616
on,0,42,8,False,0.0,0.0,0.0,0.0,0.9285714285714286
on,0,42,9,False,0.0,0.0,0.0,0.0,0.9333333333333333
on,0,42,10,False,0.0,0.0,0.0,0.0,0.9375
on,0,42,11,False,0.0,0.0,0.0,0.0,0.9428571428571428
on,0,42,12,False,0.0,0.0,0.0,0.0,0.9459459459459459
on,0,42,13,False,0.0,0.0,0.0,0.0,0.9473684210526315
on,0,42,14,False,0.0,0.0,0.05263157894736842,0.05263157894736842,0.925
on,0,42,15,False,0.013157894736842105,0.013157894736842105,0.05263157894736842,0.05263157894736842,0.9285714285714286
on,0,42,16,False,0.023026315789473683,0.023026315789473683,0.05,0.05,0.9302325581395349
on,0,42,17,False,0.029769736842105262,0.029769736842105262,0.05,0.047619047619047616,0.9111111111111111
on,0,42,18,False,0.034827302631578946,0.034827302631578946,0.0,0.045454545454545456,0.9130434782608695
on,0,42,19,False,0.02612047697368421,0.02612047697368421,0.0,0.045454545454545456,0.9130434782608695
on,0,42,20,False,0.019590357730263158,0.019590357730263158,0.0,0.045454545454545456,0.9148936170212766
on,0,42,21,False,0.01469276829769737,0.014692768297697369,0.0,0.043478260869565216,0.9183673469387755
on,0,42,22,False,0.011019576223273026,0.011019576223273026,0.0,0.08333333333333333,0.9038461538461539
on,0,42,23,False,0.00826468216745477,0.00826468216745477,0.0,0.08333333333333333,0.9038461538461539
on,0,42,24,False,0.0061985116255910775,0.0061985116255910775,0.0,0.08333333333333333,0.9038461538461539
on,0,42,25,False,0.0046488837191933086,0.0046488837191933086,0.0,0.08,0.9074074074074074
on,0,42,26,False,0.0034866627893949814,0.0034866627893949814,0.0,0.08,0.9074074074074074
on,0,42,27,False,0.002614997092046236,0.002614997092046236,0.0,0.07692307692307693,0.9090909090909091
on,0,42,28,False,0.001961247819034677,0.001961247819034677,0.0,0.07692307692307693,0.8928571428571429
on,0,42,29,False,0.0014709358642760078,0.0014709358642760078,0.0,0.07692307692307693,0.8928571428571429
on,0,42,30,False,0.0011032018982070058,0.0011032018982070058,0.0,0.07407407407407407,0.8947368421052632
on,0,42,31,False,0.0008274014236552543,0.0008274014236552543,0.0,0.07142857142857142,0.9
on,0,42,32,False,0.0006205510677414407,0.0006205510677414407,0.0,0.07142857142857142,0.9
on,0,42,33,False,0.00046541330080608054,0.00046541330080608054,0.0,0.06896551724137931,0.9032258064516129
on,0,42,34,False,0.0003490599756045604,0.0003490599756045604,0.0,0.1,0.890625
on,0,42,35,False,0.0002617949817034203,0.0002617949817034203,0.0,0.1,0.8923076923076924
on,0,42,36,False,0.00019634623627756524,0.00019634623627756524,0.0,0.125,0.8805970149253731
on,0,42,37,False,0.00014725967720817393,0.00014725967720817393,0.0,0.1388888888888889,0.8732394366197183
on,0,42,38,False,0.00011044475790613045,0.00011044475790613045,0.0,0.13157894736842105,0.8767123287671232
on,0,42,39,False,8.283356842959784e-05,8.283356842959784e-05,0.0,0.13157894736842105,0.8767123287671232
on,0,43,0,False,0.0,0.0,0.0,0.0,1.0
on,0,43,1,False,0.0,0.0,0.0,0.0,1.0
on,0,43,2,False,0.0,0.0,0.0,0.0,1.0
on,0,43,3,False,0.0,0.0,0.0,0.0,0.96
on,0,43,4,False,0.0,0.0,0.0,0.0,0.96
on,0,43,5,False,0.0,0.0,0.0,0.0,0.9615384615384616
on,0,43,6,False,0.0,0.0,0.0,0.0,0.9642857142857143
on,0,43,7,False,0.0,0.0,0.0,0.0,0.96875
on,0,43,8,False,0.0,0.0,0.0,0.0,0.9705882352941176
on,0,43,9,False,0.0,0.0,0.0,0.0,0.9714285714285714
on,0,43,10,False,0.0,0.0,0.0,0.0,0.9714285714285714
on,0,43,11,False,0.0,0.0,0.0,0.0,0.9714285714285714
on,0,43,12,False,0.0,0.0,0.0,0.0,0.972972972972973
on,0,43,13,False,0.0,0.0,0.0,0.0,0.9736842105263158
on,0,43,14,False,0.0,0.0,0.0,0.0,0.9736842105263158
on,0,43,15,False,0.0,0.0,0.0,0.0,0.9743589743589743
on,0,43,16,False,0.0,0.0,0.0,0.0,0.9743589743589743
on,0,43,17,False,0.0,0.0,0.0,0.0,0.975
on,0,43,18,False,0.0,0.0,0.0,0.0,0.975609756097561
on,0,43,19,False,0.0,0.0,0.0,0.0,0.9767441860465116
on,0,43,20,False,0.0,0.0,0.0,0.0,0.9767441860465116
on,0,43,21,False,0.0,0.0,0.0,0.0,0.9767441860465116
on,0,43,22,False,0.0,0.0,0.0,0.0,0.9772727272727273
on,0,43,23,False,0.0,0.0,0.0,0.0,0.9772727272727273
on,0,43,24,False,0.0,0.0,0.0,0.0,0.9777777777777777
on,0,43,25,False,0.0,0.0,0.0,0.0,0.9782608695652174
on,0,43,26,False,0.0,0.0,0.0,0.0,0.98
on,0,43,27,False,0.0,0.0,0.0,0.0,0.9807692307692307
on,0,43,28,False,0.0,0.0,0.0,0.0,0.9818181818181818
on,0,43,29,False,0.0,0.0,0.0,0.0,0.9818181818181818
on,0,43,30,False,0.0,0.0,0.0,0.0,0.9824561403508771
on,0,43,31,False,0.0,0.0,0.0,0.0,0.9833333333333333
on,0,43,32,False,0.0,0.0,0.0,0.0,0.9833333333333333
on,0,43,33,False,0.0,0.0,0.0,0.0,0.9838709677419355
on,0,43,34,False,0.0,0.0,0.0,0.02857142857142857,0.9682539682539683
on,0,43,35,False,0.0,0.0,0.0,0.05405405405405406,0.9538461538461539
on,0,43,36,False,0.0,0.0,0.0,0.05263157894736842,0.9552238805970149
on,0,43,37,False,0.0,0.0,0.0,0.05,0.9565217391304348
on,0,43,38,False,0.0,0.0,0.0,0.047619047619047616,0.9577464788732394
on,0,43,39,False,0.0,0.0,0.0,0.06666666666666667,0.9459459459459459
on,0,44,0,False,0.0,0.0,0.0,0.0,1.0
on,0,44,1,False,0.0,0.0,0.0,0.0,1.0
on,0,44,2,False,0.0,0.0,0.0,0.0,0.9523809523809523
on,0,44,3,False,0.0,0.0,0.0,0.0,0.9565217391304348
on,0,44,4,False,0.0,0.0,0.0,0.0,0.92
on,0,44,5,False,0.0,0.0,0.0,0.0,0.92
on,0,44,6,False,0.0,0.0,0.08333333333333333,0.08333333333333333,0.8928571428571429
on,0,44,7,False,0.020833333333333332,0.020833333333333332,0.125,0.125,0.875
on,0,44,8,False,0.046875,0.046875,0.1111111111111111,0.1111111111111111,0.8823529411764706
on,0,44,9,False,0.06293402777777778,0.06293402777777778,0.1111111111111111,0.1111111111111111,0.8857142857142857
on,0,44,10,False,0.07497829861111109,0.0749782986111111,0.15789473684210525,0.15789473684210525,0.8648648648648649
on,0,44,11,False,0.09570740816885966,0.09570740816885964,0.15,0.15,0.8717948717948718
on,0,44,12,False,0.10928055612664471,0.10928055612664472,0.1,0.17391304347826086,0.8571428571428571
on,0,44,13,False,0.10696041709498354,0.10696041709498355,0.1,0.17391304347826086,0.8604651162790697
on,0,44,14,False,0.10522031282123767,0.10522031282123767,0.1,0.17391304347826086,0.8604651162790697
on,0,44,15,False,0.10391523461592825,0.10391523461592825,0.1,0.17391304347826086,0.8604651162790697
on,0,44,16,False,0.10293642596194619,0.10293642596194619,0.05,0.16666666666666666,0.8636363636363636
on,0,44,17,False,0.08970231947145964,0.08970231947145964,0.0,0.16,0.8666666666666667
on,0,44,18,False,0.06727673960359473,0.06727673960359473,0.0,0.16,0.8695652173913043
on,0,44,19,False,0.05045755470269605,0.05045755470269605,0.0,0.15384615384615385,0.8723404255319149
on,0,44,20,False,0.037843166027022035,0.037843166027022035,0.0,0.15384615384615385,0.875
on,0,44,21,False,0.028382374520266523,0.028382374520266526,0.0,0.15384615384615385,0.8775510204081632
on,0,44,22,False,0.021286780890199895,0.021286780890199895,0.0,0.15384615384615385,0.8775510204081632
on,0,44,23,False,0.015965085667649922,0.015965085667649922,0.0,0.15384615384615385,0.8775510204081632
on,0,44,24,False,0.01197381425073744,0.01197381425073744,0.0,0.15384615384615385,0.88
on,0,44,25,False,0.00898036068805308,0.00898036068805308,0.0,0.15384615384615385,0.88
on,0,44,26,False,0.00673527051603981,0.00673527051603981,0.0,0.15384615384615385,0.8846153846153846
on,0,44,27,False,0.005051452887029857,0.005051452887029857,0.0,0.18518518518518517,0.8679245283018868
on,0,44,28,False,0.0037885896652723925,0.003788589665272393,0.0,0.17857142857142858,0.8727272727272727
on,0,44,29,False,0.0028414422489542947,0.0028414422489542947,0.0,0.1724137931034483,0.8771929824561403
on,0,44,30,False,0.002131081686715721,0.002131081686715721,0.0,0.1724137931034483,0.8793103448275862
on,0,44,31,False,0.001598311265036791,0.001598311265036791,0.0,0.1724137931034483,0.8833333333333333
on,0,44,32,False,0.0011987334487775932,0.0011987334487775932,0.0,0.1935483870967742,0.8709677419354839
on,0,44,33,False,0.0008990500865831949,0.0008990500865831949,0.0,0.1935483870967742,0.8709677419354839
on,0,44,34,False,0.0006742875649373962,0.0006742875649373962,0.0,0.1935483870967742,0.873015873015873
on,0,44,35,False,0.0005057156737030471,0.0005057156737030471,0.0,0.18181818181818182,0.8769230769230769
on,0,44,36,False,0.00037928675527728527,0.0003792867552772853,0.0,0.18181818181818182,0.8787878787878788
on,0,44,37,False,0.000284465066457964,0.000284465066457964,0.0,0.2,0.8714285714285714
on,0,44,38,False,0.000213348799843473,0.000213348799843473,0.0,0.21621621621621623,0.8611111111111112
on,0,44,39,False,0.00016001159988260474,0.00016001159988260474,0.0,0.21052631578947367,0.8648648648648649
on,0,45,0,False,0.0,0.0,0.0,0.0,1.0
on,0,45,1,False,0.0,0.0,0.0,0.0,1.0
on,0,45,2,False,0.0,0.0,0.0,0.0,1.0
on,0,45,3,False,0.0,0.0,0.0,0.0,1.0
on,0,45,4,False,0.0,0.0,0.0,0.0,1.0
on,0,45,5,False,0.0,0.0,0.0,0.0,1.0
on,0,45,6,False,0.0,0.0,0.0,0.0,1.0
on,0,45,7,False,0.0,0.0,0.0,0.0,1.0
on,0,45,8,False,0.0,0.0,0.0,0.0,1.0
on,0,45,9,False,0.0,0.0,0.0,0.0,1.0
on,0,45,10,False,0.0,0.0,0.0,0.0,1.0
on,0,45,11,False,0.0,0.0,0.0,0.0,1.0
on,0,45,12,False,0.0,0.0,0.0,0.0,1.0
on,0,45,13,False,0.0,0.0,0.05,0.05,0.9736842105263158
on,0,45,14,False,0.0125,0.0125,0.05,0.05,0.9743589743589743
on,0,45,15,False,0.021875000000000002,0.021875000000000002,0.05,0.05,0.9743589743589743
on,0,45,16,False,0.02890625,0.02890625,0.05,0.045454545454545456,0.975609756097561
on,0,45,17,False,0.0341796875,0.0341796875,0.0,0.043478260869565216,0.9767441860465116
on,0,45,18,False,0.025634765625,0.025634765625,0.0,0.043478260869565216,0.9767441860465116
on,0,45,19,False,0.01922607421875,0.01922607421875,0.0,0.041666666666666664,0.9777777777777777
on,0,45,20,False,0.0144195556640625,0.0144195556640625,0.0,0.04,0.9782608695652174
on,0,45,21,False,0.010814666748046875,0.010814666748046875,0.0,0.04,0.9782608695652174
on,0,45,22,False,0.008111000061035156,0.008111000061035156,0.0,0.038461538461538464,0.9787234042553191
on,0,45,23,False,0.006083250045776367,0.006083250045776367,0.0,0.038461538461538464,0.9787234042553191
on,0,45,24,False,0.004562437534332275,0.004562437534332275,0.0,0.10714285714285714,0.9387755102040817
on,0,45,25,False,0.0034218281507492065,0.0034218281507492065,0.0,0.13333333333333333,0.9215686274509803
on,0,45,26,False,0.002566371113061905,0.002566371113061905,0.0,0.12903225806451613,0.9285714285714286
on,0,45,27,False,0.0019247783347964287,0.0019247783347964287,0.0,0.125,0.9298245614035088
on,0,45,28,False,0.0014435837510973215,0.0014435837510973215,0.0,0.12121212121212122,0.9322033898305084
on,0,45,29,False,0.0010826878133229911,0.0010826878133229911,0.0,0.12121212121212122,0.9344262295081968
on,0,45,30,False,0.0008120158599922433,0.0008120158599922433,0.0,0.12121212121212122,0.9344262295081968
on,0,45,31,False,0.0006090118949941825,0.0006090118949941825,0.0,0.12121212121212122,0.9344262295081968
on,0,45,32,False,0.0004567589212456369,0.0004567589212456369,0.0,0.11764705882352941,0.9375
on,0,45,33,False,0.00034256919093422766,0.00034256919093422766,0.0,0.13513513513513514,0.9117647058823529
on,0,45,34,False,0.00025692689320067075,0.00025692689320067075,0.0,0.15789473684210525,0.8985507246376812
on,0,45,35,False,0.00019269516990050306,0.00019269516990050306,0.0,0.15384615384615385,0.9
on,0,45,36,False,0.0001445213774253773,0.0001445213774253773,0.0,0.17073170731707318,0.8888888888888888
on,0,45,37,False,0.00010839103306903297,0.00010839103306903297,0.0,0.17073170731707318,0.8888888888888888
on,0,45,38,False,8.129327480177473e-05,8.129327480177473e-05,0.0,0.16666666666666666,0.8904109589041096
on,0,45,39,False,6.0969956101331046e-05,6.0969956101331046e-05,0.0,0.16279069767441862,0.8933333333333333
on,0,46,0,False,0.0,0.0,0.0,0.0,1.0
on,0,46,1,False,0.0,0.0,0.0,0.0,1.0
on,0,46,2,False,0.0,0.0,0.0,0.0,1.0
on,0,46,3,False,0.0,0.0,0.0,0.0,1.0
on,0,46,4,False,0.0,0.0,0.0,0.0,1.0
on,0,46,5,False,0.0,0.0,0.0,0.0,1.0
on,0,46,6,False,0.0,0.0,0.0,0.0,1.0
on,0,46,7,False,0.0,0.0,0.0,0.0,1.0
on,0,46,8,False,0.0,0.0,0.0,0.0,1.0
on,0,46,9,False,0.0,0.0,0.14285714285714285,0.14285714285714285,0.9354838709677419
on,0,46,10,False,0.03571428571428571,0.03571428571428571,0.17647058823529413,0.17647058823529413,0.9117647058823529
on,0,46,11,False,0.07090336134453781,0.07090336134453781,0.17647058823529413,0.17647058823529413,0.9166666666666666
on,0,46,12,False,0.09729516806722689,0.09729516806722689,0.16666666666666666,0.16666666666666666,0.9210526315789473
on,0,46,13,False,0.11463804271708684,0.11463804271708683,0.16666666666666666,0.16666666666666666,0.9230769230769231
on,0,46,14,False,0.1276451987044818,0.1276451987044818,0.16666666666666666,0.16666666666666666,0.9230769230769231
on,0,46,15,False,0.137400565695028,0.137400565695028,0.16666666666666666,0.16666666666666666,0.9230769230769231
on,0,46,16,False,0.14471709093793766,0.14471709093793766,0.2,0.2,0.9024390243902439
on,0,46,17,False,0.15853781820345322,0.15853781820345325,0.2,0.2,0.9069767441860465
on,0,46,18,False,0.16890336365258993,0.16890336365258996,0.2,0.2,0.9069767441860465
on,0,46,19,False,0.17667752273944246,0.17667752273944248,0.2,0.2,0.9069767441860465
on,0,46,20,False,0.1825081420545819,0.18250814205458188,0.2,0.2,0.9090909090909091
on,0,46,21,False,0.18688110654093643,0.18688110654093643,0.15,0.19047619047619047,0.9090909090909091
on,0,46,22,False,0.17766082990570234,0.17766082990570234,0.15,0.19047619047619047,0.9090909090909091
on,0,46,23,False,0.17074562242927677,0.17074562242927677,0.1,0.18181818181818182,0.9111111111111111
on,0,46,24,False,0.15305921682195758,0.15305921682195758,0.1,0.17391304347826086,0.9148936170212766
on,0,46,25,False,0.1397944126164682,0.1397944126164682,0.0,0.14814814814814814,0.92
on,0,46,26,False,0.10484580946235114,0.10484580946235114,0.0,0.14814814814814814,0.9215686274509803
on,0,46,27,False,0.07863435709676336,0.07863435709676336,0.0,0.14285714285714285,0.9230769230769231
on,0,46,28,False,0.05897576782257252,0.05897576782257252,0.0,0.13333333333333333,0.9259259259259259
on,0,46,29,False,0.044231825866929385,0.04423182586692939,0.0,0.13333333333333333,0.9259259259259259
on,0,46,30,False,0.033173869400197044,0.033173869400197044,0.0,0.12903225806451613,0.9272727272727272
on,0,46,31,False,0.02488040205014778,0.024880402050147785,0.0,0.12903225806451613,0.9285714285714286
on,0,46,32,False,0.01866030153761084,0.01866030153761084,0.0,0.125,0.9322033898305084
on,0,46,33,False,0.01399522615320813,0.01399522615320813,0.0,0.12121212121212122,0.9344262295081968
on,0,46,34,False,0.010496419614906096,0.010496419614906098,0.0,0.11428571428571428,0.9375
on,0,46,35,False,0.007872314711179574,0.007872314711179574,0.0,0.1111111111111111,0.9375
on,0,46,36,False,0.0059042360333846815,0.005904236033384681,0.0,0.10810810810810811,0.9242424242424242
on,0,46,37,False,0.0044281770250385105,0.0044281770250385105,0.0,0.10810810810810811,0.9253731343283582
on,0,46,38,False,0.0033211327687788826,0.0033211327687788826,0.0,0.10256410256410256,0.9285714285714286
on,0,46,39,False,0.002490849576584162,0.002490849576584162,0.0,0.10256410256410256,0.9295774647887324
on,0,47,0,False,0.0,0.0,0.0,0.0,1.0
on,0,47,1,False,0.0,0.0,0.1111111111111111,0.1111111111111111,0.9565217391304348
on,0,47,2,False,0.027777777777777773,0.027777777777777776,0.1,0.1,0.96
on,0,47,3,False,0.04583333333333334,0.04583333333333334,0.1,0.1,0.96
on,0,47,4,False,0.059375000000000004,0.059375000000000004,0.1,0.1,0.96
on,0,47,5,False,0.06953125,0.06953125,0.1,0.1,0.96
on,0,47,6,False,0.0771484375,0.0771484375,0.08333333333333333,0.08333333333333333,0.9629629629629629
on,0,47,7,False,0.07869466145833333,0.07869466145833333,0.08333333333333333,0.08333333333333333,0.9642857142857143
on,0,47,8,False,0.07985432942708333,0.07985432942708333,0.07142857142857142,0.07142857142857142,0.9666666666666667
on,0,47,9,False,0.07774788992745536,0.07774788992745535,0.06666666666666667,0.06666666666666667,0.967741935483871
on,0,47,10,False,0.07497758411225817,0.07497758411225817,0.0625,0.0625,0.9714285714285714
on,0,47,11,False,0.07185818808419363,0.07185818808419363,0.0625,0.0625,0.9714285714285714
on,0,47,12,False,0.06951864106314522,0.06951864106314522,0.0625,0.0625,0.9714285714285714
on,0,47,13,False,0.06776398079735892,0.06776398079735892,0.058823529411764705,0.058823529411764705,0.972972972972973
on,0,47,14,False,0.06552886795096037,0.06552886795096037,0.1111111111111111,0.1111111111111111,0.9473684210526315
on,0,47,15,False,0.07692442874099806,0.07692442874099806,0.10526315789473684,0.10526315789473684,0.9512195121951219
on,0,47,16,False,0.08400911102943276,0.08400911102943276,0.1,0.1,0.9534883720930233
on,0,47,17,False,0.08800683327207456,0.08800683327207456,0.1,0.1,0.9545454545454546
on,0,47,18,False,0.09100512495405591,0.09100512495405591,0.05,0.09523809523809523,0.9555555555555556
on,0,47,19,False,0.08075384371554194,0.08075384371554194,0.0,0.09090909090909091,0.9565217391304348
on,0,47,20,False,0.06056538278665645,0.06056538278665645,0.0,0.09090909090909091,0.9565217391304348
on,0,47,21,False,0.045424037089992333,0.045424037089992333,0.0,0.09090909090909091,0.9574468085106383
on,0,47,22,False,0.034068027817494254,0.034068027817494254,0.0,0.09090909090909091,0.9375
on,0,47,23,False,0.02555102086312069,0.02555102086312069,0.0,0.125,0.92
on,0,47,24,False,0.019163265647340517,0.019163265647340517,0.0,0.12,0.9245283018867925
on,0,47,25,False,0.014372449235505388,0.014372449235505388,0.0,0.12,0.9245283018867925
on,0,47,26,False,0.010779336926629041,0.010779336926629041,0.0,0.11538461538461539,0.9259259259259259
on,0,47,27,False,0.008084502694971782,0.008084502694971782,0.0,0.10714285714285714,0.9285714285714286
on,0,47,28,False,0.006063377021228837,0.006063377021228836,0.0,0.0967741935483871,0.9322033898305084
on,0,47,29,False,0.004547532765921627,0.004547532765921627,0.0,0.0967741935483871,0.9333333333333333
on,0,47,30,False,0.0034106495744412207,0.0034106495744412203,0.0,0.0967741935483871,0.9354838709677419
on,0,47,31,False,0.002557987180830915,0.002557987180830915,0.0,0.0967741935483871,0.9354838709677419
on,0,47,32,False,0.0019184903856231863,0.0019184903856231863,0.0,0.09090909090909091,0.9393939393939394
on,0,47,33,False,0.0014388677892173897,0.0014388677892173897,0.0,0.08823529411764706,0.9411764705882353
on,0,47,34,False,0.0010791508419130424,0.0010791508419130424,0.0,0.08571428571428572,0.9428571428571428
on,0,47,35,False,0.0008093631314347818,0.0008093631314347818,0.0,0.08333333333333333,0.9436619718309859
on,0,47,36,False,0.0006070223485760863,0.0006070223485760863,0.0,0.07894736842105263,0.9452054794520548
on,0,47,37,False,0.0004552667614320647,0.0004552667614320647,0.0,0.07894736842105263,0.9452054794520548
on,0,47,38,False,0.00034145007107404853,0.00034145007107404853,0.0,0.07894736842105263,0.9452054794520548
on,0,47,39,False,0.0002560875533055364,0.0002560875533055364,0.0,0.07692307692307693,0.9466666666666667
on,0,48,0,False,0.0,0.0,0.0,0.0,1.0
on,0,48,1,False,0.0,0.0,0.0,0.0,0.9444444444444444
on,0,48,2,False,0.0,0.0,0.0,0.0,0.95
on,0,48,3,False,0.0,0.0,0.125,0.125,0.9047619047619048
on,0,48,4,False,0.03125,0.03125,0.1,0.1,0.9130434782608695
on,0,48,5,False,0.0484375,0.0484375,0.1,0.1,0.9166666666666666
on,0,48,6,False,0.061328125000000004,0.061328125000000004,0.09090909090909091,0.09090909090909091,0.92
on,0,48,7,False,0.06872336647727273,0.06872336647727273,0.09090909090909091,0.09090909090909091,0.9230769230769231
on,0,48,8,False,0.07426979758522727,0.07426979758522728,0.07692307692307693,0.07692307692307693,0.9310344827586207
on,0,48,9,False,0.0749331174196897,0.0749331174196897,0.07142857142857142,0.07142857142857142,0.9375
on,0,48,10,False,0.07405698092191013,0.07405698092191013,0.07142857142857142,0.07142857142857142,0.9393939393939394
on,0,48,11,False,0.07339987854857545,0.07339987854857545,0.13333333333333333,0.13333333333333333,0.9142857142857143
on,0,48,12,False,0.08838324224476493,0.08838324224476493,0.13333333333333333,0.13333333333333333,0.918918918918919
on,0,48,13,False,0.09962076501690705,0.09962076501690703,0.13333333333333333,0.13333333333333333,0.9230769230769231
on,0,48,14,False,0.10804890709601363,0.10804890709601361,0.13333333333333333,0.13333333333333333,0.925
on,0,48,15,False,0.11437001365534354,0.11437001365534355,0.125,0.125,0.9302325581395349
on,0,48,16,False,0.11702751024150766,0.11702751024150766,0.125,0.125,0.9318181818181818
on,0,48,17,False,0.11902063268113075,0.11902063268113075,0.11764705882352941,0.11764705882352941,0.9333333333333333
on,0,48,18,False,0.11867723921673043,0.11867723921673043,0.1111111111111111,0.1111111111111111,0.9347826086956522
on,0,48,19,False,0.11678570719032559,0.11678570719032559,0.10526315789473684,0.10526315789473684,0.9387755102040817
on,0,48,20,False,0.11390506986642841,0.1139050698664284,0.1,0.1,0.94
on,0,48,21,False,0.11042880239982131,0.11042880239982131,0.1,0.14285714285714285,0.9215686274509803
on,0,48,22,False,0.10782160179986597,0.10782160179986597,0.05,0.13636363636363635,0.9230769230769231
on,0,48,23,False,0.09336620134989947,0.09336620134989947,0.0,0.13043478260869565,0.9090909090909091
on,0,48,24,False,0.0700246510124246,0.0700246510124246,0.0,0.13043478260869565,0.9090909090909091
on,0,48,25,False,0.052518488259318444,0.052518488259318444,0.0,0.12,0.9137931034482759
on,0,48,26,False,0.039388866194488836,0.039388866194488836,0.0,0.1111111111111111,0.9166666666666666
on,0,48,27,False,0.029541649645866624,0.029541649645866627,0.0,0.13333333333333333,0.890625
on,0,48,28,False,0.02215623723439997,0.02215623723439997,0.0,0.13333333333333333,0.8656716417910447
on,0,48,29,False,0.01661717792579998,0.01661717792579998,0.0,0.15151515151515152,0.8571428571428571
on,0,48,30,False,0.012462883444349985,0.012462883444349985,0.0,0.14285714285714285,0.8611111111111112
on,0,48,31,False,0.00934716258326249,0.00934716258326249,0.0,0.13157894736842105,0.8666666666666667
on,0,48,32,False,0.007010371937446867,0.007010371937446867,0.0,0.13157894736842105,0.868421052631579
on,0,48,33,False,0.00525777895308515,0.00525777895308515,0.0,0.13157894736842105,0.868421052631579
on,0,48,34,False,0.003943334214813863,0.003943334214813863,0.0,0.1282051282051282,0.8701298701298701
on,0,48,35,False,0.002957500661110397,0.002957500661110397,0.0,0.125,0.8717948717948718
on,0,48,36,False,0.0022181254958327976,0.0022181254958327976,0.0,0.12195121951219512,0.875
on,0,48,37,False,0.001663594121874598,0.001663594121874598,0.0,0.11904761904761904,0.8765432098765432
on,0,48,38,False,0.0012476955914059486,0.0012476955914059486,0.0,0.11363636363636363,0.8795180722891566
on,0,48,39,False,0.0009357716935544614,0.0009357716935544614,0.0,0.1111111111111111,0.8809523809523809
on,0,49,0,False,0.0,0.0,0.0,0.0,1.0
on,0,49,1,False,0.0,0.0,0.0,0.0,1.0
on,0,49,2,False,0.0,0.0,0.0,0.0,1.0
on,0,49,3,False,0.0,0.0,0.0,0.0,1.0
on,0,49,4,False,0.0,0.0,0.1111111111111111,0.1111111111111111,0.96
on,0,49,5,False,0.027777777777777773,0.027777777777777776,0.1111111111111111,0.1111111111111111,0.96
on,0,49,6,False,0.048611111111111105,0.048611111111111105,0.1111111111111111,0.1111111111111111,0.96
on,0,49,7,False,0.0642361111111111,0.0642361111111111,0.1111111111111111,0.1111111111111111,0.9615384615384616
on,0,49,8,False,0.07595486111111109,0.0759548611111111,0.1111111111111111,0.1111111111111111,0.9629629629629629
on,0,49,9,False,0.08474392361111109,0.0847439236111111,0.1111111111111111,0.1111111111111111,0.9655172413793104
on,0,49,10,False,0.09133572048611109,0.0913357204861111,0.1111111111111111,0.1111111111111111,0.967741935483871
on,0,49,11,False,0.09627956814236109,0.0962795681423611,0.18181818181818182,0.18181818181818182,0.9393939393939394
on,0,49,12,False,0.11766422156131628,0.11766422156131628,0.18181818181818182,0.18181818181818182,0.9393939393939394
on,0,49,13,False,0.13370271162553266,0.13370271162553266,0.18181818181818182,0.18181818181818182,0.9393939393939394
on,0,49,14,False,0.14573157917369498,0.14573157917369495,0.16666666666666666,0.16666666666666666,0.9411764705882353
on,0,49,15,False,0.15096535104693784,0.15096535104693787,0.15384615384615385,0.15384615384615385,0.9428571428571428
on,0,49,16,False,0.15168555174674186,0.15168555174674186,0.14285714285714285,0.14285714285714285,0.9473684210526315
on,0,49,17,False,0.1494784495243421,0.1494784495243421,0.13333333333333333,0.13333333333333333,0.9487179487179487
on,0,49,18,False,0.14544217047658994,0.14544217047658992,0.13333333333333333,0.13333333333333333,0.9487179487179487
on,0,49,19,False,0.14241496119077576,0.14241496119077576,0.13333333333333333,0.13333333333333333,0.95
on,0,49,20,False,0.14014455422641514,0.14014455422641514,0.125,0.125,0.9534883720930233
on,0,49,21,False,0.13635841566981136,0.13635841566981136,0.125,0.125,0.9555555555555556
on,0,49,22,False,0.13351881175235852,0.13351881175235852,0.11764705882352941,0.11764705882352941,0.9574468085106383
on,0,49,23,False,0.12955087352015124,0.12955087352015124,0.1111111111111111,0.1111111111111111,0.9583333333333334
on,0,49,24,False,0.1249409329178912,0.1249409329178912,0.1,0.1,0.96
on,0,49,25,False,0.1187056996884184,0.1187056996884184,0.05,0.09090909090909091,0.9615384615384616
on,0,49,26,False,0.1015292747663138,0.1015292747663138,0.05,0.09090909090909091,0.9622641509433962
on,0,49,27,False,0.08864695607473536,0.08864695607473536,0.0,0.08333333333333333,0.9636363636363636
on,0,49,28,False,0.06648521705605151,0.06648521705605151,0.0,0.08,0.9642857142857143
on,0,49,29,False,0.04986391279203863,0.04986391279203863,0.0,0.10714285714285714,0.95
on,0,49,30,False,0.03739793459402897,0.03739793459402897,0.0,0.10714285714285714,0.953125
on,0,49,31,False,0.02804845094552173,0.02804845094552173,0.0,0.10714285714285714,0.953125
on,0,49,32,False,0.021036338209141296,0.021036338209141296,0.0,0.10714285714285714,0.953125
on,0,49,33,False,0.01577725365685597,0.01577725365685597,0.0,0.13333333333333333,0.9393939393939394
on,0,49,34,False,0.011832940242641978,0.011832940242641978,0.0,0.14705882352941177,0.9285714285714286
on,0,49,35,False,0.008874705181981484,0.008874705181981484,0.0,0.14705882352941177,0.9285714285714286
on,0,49,36,False,0.006656028886486113,0.006656028886486113,0.0,0.14285714285714285,0.9295774647887324
on,0,49,37,False,0.0049920216648645845,0.0049920216648645845,0.0,0.16216216216216217,0.9178082191780822
on,0,49,38,False,0.0037440162486484384,0.0037440162486484384,0.0,0.16216216216216217,0.918918918918919
on,0,49,39,False,0.002808012186486329,0.002808012186486329,0.0,0.15789473684210525,0.9230769230769231
on,0,50,0,False,0.0,0.0,0.0,0.0,1.0
on,0,50,1,False,0.0,0.0,0.0,0.0,1.0
on,0,50,2,False,0.0,0.0,0.0,0.0,1.0
on,0,50,3,False,0.0,0.0,0.058823529411764705,0.058823529411764705,0.96
on,0,50,4,False,0.014705882352941176,0.014705882352941176,0.05555555555555555,0.05555555555555555,0.9615384615384616
on,0,50,5,False,0.02491830065359477,0.02491830065359477,0.05263157894736842,0.05263157894736842,0.9655172413793104
on,0,50,6,False,0.031846620227038186,0.031846620227038186,0.05,0.05,0.967741935483871
on,0,50,7,False,0.03638496517027864,0.036384965170278644,0.05,0.047619047619047616,0.9705882352941176
on,0,50,8,False,0.03978872387770899,0.03978872387770899,0.05,0.047619047619047616,0.9705882352941176
on,0,50,9,False,0.04234154290828174,0.04234154290828174,0.05,0.09090909090909091,0.9444444444444444
on,0,50,10,False,0.0442561571812113,0.0442561571812113,0.05,0.09090909090909091,0.9459459459459459
on,0,50,11,False,0.045692117885908476,0.045692117885908476,0.05,0.09090909090909091,0.9473684210526315
on,0,50,12,False,0.04676908841443135,0.04676908841443135,0.05,0.09090909090909091,0.9487179487179487
on,0,50,13,False,0.047576816310823514,0.047576816310823514,0.05,0.09090909090909091,0.9487179487179487
on,0,50,14,False,0.048182612233117636,0.048182612233117636,0.0,0.08695652173913043,0.9512195121951219
on,0,50,15,False,0.036136959174838224,0.036136959174838224,0.0,0.08,0.9534883720930233
on,0,50,16,False,0.027102719381128664,0.027102719381128668,0.0,0.08,0.9545454545454546
on,0,50,17,False,0.0203270395358465,0.0203270395358465,0.0,0.1111111111111111,0.9347826086956522
on,0,50,18,False,0.015245279651884876,0.015245279651884876,0.0,0.1111111111111111,0.9347826086956522
on,0,50,19,False,0.011433959738913656,0.011433959738913656,0.0,0.1111111111111111,0.9361702127659575
on,0,50,20,False,0.008575469804185241,0.008575469804185241,0.0,0.1111111111111111,0.9361702127659575
on,0,50,21,False,0.006431602353138931,0.006431602353138931,0.0,0.1111111111111111,0.9361702127659575
on,0,50,22,False,0.004823701764854199,0.004823701764854199,0.0,0.10344827586206896,0.9387755102040817
on,0,50,23,False,0.003617776323640649,0.003617776323640649,0.0,0.10344827586206896,0.9387755102040817
on,0,50,24,False,0.002713332242730487,0.002713332242730487,0.0,0.1,0.94
on,0,50,25,False,0.002034999182047865,0.002034999182047865,0.0,0.125,0.9230769230769231
on,0,50,26,False,0.0015262493865358987,0.0015262493865358987,0.0,0.15151515151515152,0.9056603773584906
on,0,50,27,False,0.001144687039901924,0.001144687039901924,0.0,0.15151515151515152,0.9074074074074074
on,0,50,28,False,0.0008585152799264429,0.0008585152799264429,0.0,0.14705882352941177,0.9090909090909091
on,0,50,29,False,0.0006438864599448322,0.0006438864599448322,0.0,0.15789473684210525,0.9
on,0,50,30,False,0.00048291484495862415,0.00048291484495862415,0.0,0.15789473684210525,0.9
on,0,50,31,False,0.0003621861337189681,0.0003621861337189681,0.0,0.15384615384615385,0.9032258064516129
on,0,50,32,False,0.00027163960028922605,0.00027163960028922605,0.0,0.15384615384615385,0.9047619047619048
on,0,50,33,False,0.00020372970021691954,0.00020372970021691954,0.0,0.15384615384615385,0.90625
on,0,50,34,False,0.00015279727516268965,0.00015279727516268965,0.0,0.17073170731707318,0.8955223880597015
on,0,50,35,False,0.00011459795637201724,0.00011459795637201724,0.0,0.16666666666666666,0.8857142857142857
on,0,50,36,False,8.594846727901291e-05,8.594846727901293e-05,0.0,0.16666666666666666,0.8873239436619719
on,0,50,37,False,6.44613504592597e-05,6.44613504592597e-05,0.0,0.16666666666666666,0.8873239436619719
on,0,50,38,False,4.834601284444477e-05,4.8346012844444774e-05,0.0,0.16279069767441862,0.8888888888888888
on,0,50,39,False,3.625950963333358e-05,3.625950963333358e-05,0.0,0.15217391304347827,0.8933333333333333
on,0,51,0,False,0.0,0.0,0.0,0.0,1.0
on,0,51,1,False,0.0,0.0,0.0,0.0,1.0
on,0,51,2,False,0.0,0.0,0.0,0.0,1.0
on,0,51,3,False,0.0,0.0,0.0,0.0,1.0
on,0,51,4,False,0.0,0.0,0.0,0.0,1.0
on,0,51,5,False,0.0,0.0,0.0,0.0,1.0
on,0,51,6,False,0.0,0.0,0.0,0.0,1.0
on,0,51,7,False,0.0,0.0,0.0,0.0,1.0
on,0,51,8,False,0.0,0.0,0.05263157894736842,0.05263157894736842,0.975
on,0,51,9,False,0.013157894736842105,0.013157894736842105,0.0,0.09090909090909091,0.9534883720930233
on,0,51,10,False,0.009868421052631578,0.009868421052631578,0.0,0.09090909090909091,0.9555555555555556
on,0,51,11,False,0.007401315789473684,0.007401315789473684,0.0,0.08333333333333333,0.9574468085106383
on,0,51,12,False,0.005550986842105263,0.005550986842105263,0.0,0.07692307692307693,0.9591836734693877
on,0,51,13,False,0.004163240131578948,0.004163240131578948,0.0,0.1111111111111111,0.94
on,0,51,14,False,0.0031224300986842112,0.003122430098684211,0.0,0.10714285714285714,0.9411764705882353
on,0,51,15,False,0.002341822574013158,0.002341822574013158,0.0,0.10344827586206896,0.9423076923076923
on,0,51,16,False,0.0017563669305098682,0.0017563669305098685,0.0,0.10344827586206896,0.9444444444444444
on,0,51,17,False,0.0013172751978824014,0.0013172751978824014,0.0,0.10344827586206896,0.9473684210526315
on,0,51,18,False,0.000987956398411801,0.000987956398411801,0.0,0.10344827586206896,0.9482758620689655
on,0,51,19,False,0.0007409672988088507,0.0007409672988088509,0.0,0.15625,0.9180327868852459
on,0,51,20,False,0.0005557254741066381,0.0005557254741066381,0.0,0.16666666666666666,0.9076923076923077
on,0,51,21,False,0.00041679410557997863,0.00041679410557997863,0.0,0.1891891891891892,0.8939393939393939
on,0,51,22,False,0.000312595579184984,0.000312595579184984,0.0,0.20512820512820512,0.8840579710144928
on,0,51,23,False,0.00023444668438873795,0.00023444668438873798,0.0,0.225,0.8732394366197183
on,0,51,24,False,0.00017583501329155349,0.00017583501329155349,0.0,0.225,0.8732394366197183
on,0,51,25,False,0.00013187625996866512,0.00013187625996866512,0.0,0.21951219512195122,0.875
on,0,51,26,False,9.890719497649885e-05,9.890719497649883e-05,0.0,0.21951219512195122,0.875
on,0,51,27,False,7.418039623237413e-05,7.418039623237413e-05,0.0,0.23809523809523808,0.8666666666666667
on,0,51,28,False,5.563529717428059e-05,5.563529717428059e-05,0.0,0.2222222222222222,0.8717948717948718
on,0,51,29,False,4.1726472880710446e-05,4.1726472880710446e-05,0.0,0.21739130434782608,0.8765432098765432
on,0,51,30,False,3.129485466053283e-05,3.129485466053283e-05,0.0,0.2127659574468085,0.8780487804878049
on,0,51,31,False,2.3471140995399624e-05,2.3471140995399624e-05,0.0,0.2127659574468085,0.8780487804878049
on,0,51,32,False,1.760335574654972e-05,1.760335574654972e-05,0.0,0.2127659574468085,0.8780487804878049
on,0,51,33,False,1.3202516809912289e-05,1.3202516809912289e-05,0.0,0.2127659574468085,0.8823529411764706
on,0,51,34,False,9.901887607434217e-06,9.901887607434217e-06,0.0,0.20833333333333334,0.8837209302325582
on,0,51,35,False,7.4264157055756625e-06,7.4264157055756625e-06,0.0,0.24,0.8636363636363636
on,0,51,36,False,5.569811779181747e-06,5.569811779181747e-06,0.0,0.23529411764705882,0.8651685393258427
on,0,51,37,False,4.17735883438631e-06,4.17735883438631e-06,0.0,0.23076923076923078,0.8666666666666667
on,0,51,38,False,3.1330191257897326e-06,3.1330191257897326e-06,0.0,0.24528301886792453,0.8571428571428571
on,0,51,39,False,2.3497643443422993e-06,2.3497643443422993e-06,0.0,0.24528301886792453,0.8602150537634409
on,2,42,0,False,0.0,0.0,0.0,0.0,1.0
on,2,42,1,False,0.0,0.0,0.0,0.0,0.95
on,2,42,2,True,0.0,0.0,0.0,0.0,1.0
on,2,42,3,False,0.0,0.0,0.0,0.0,1.0
on,2,42,4,True,0.0,0.0,0.0,0.0,1.0
on,2,42,5,False,0.0,0.0,0.0,0.0,1.0
on,2,42,6,True,0.0,0.0,0.0,0.0,1.0
on,2,42,7,False,0.0,0.0,0.125,0.125,0.9473684210526315
on,2,42,8,True,0.03125,0.03125,0.0,0.0,1.0
on,2,42,9,False,0.0234375,0.0234375,0.0,0.0,1.0
on,2,42,10,True,0.017578125,0.017578125,0.0,0.0,1.0
on,2,42,11,False,0.01318359375,0.01318359375,0.0,0.0,1.0
on,2,42,12,True,0.0098876953125,0.0098876953125,0.0,0.0,1.0
on,2,42,13,False,0.007415771484375,0.007415771484375,0.0,0.0,1.0
on,2,42,14,True,0.00556182861328125,0.00556182861328125,0.0,0.0,1.0
on,2,42,15,False,0.0041713714599609375,0.0041713714599609375,0.0,0.0,1.0
on,2,42,16,True,0.003128528594970703,0.003128528594970703,0.0,0.0,1.0
on,2,42,17,False,0.0023463964462280273,0.0023463964462280273,0.0,0.0,1.0
on,2,42,18,True,0.0017597973346710205,0.0017597973346710205,0.0,0.0,1.0
on,2,42,19,False,0.0013198480010032654,0.0013198480010032654,0.0,0.0,1.0
on,2,42,20,True,0.000989886000752449,0.000989886000752449,0.0,0.0,1.0
on,2,42,21,False,0.0007424145005643368,0.0007424145005643368,0.0,0.0,1.0
on,2,42,22,True,0.0005568108754232526,0.0005568108754232526,0.0,0.0,1.0
on,2,42,23,False,0.00041760815656743944,0.00041760815656743944,0.0,0.0,1.0
on,2,42,24,True,0.0003132061174255796,0.0003132061174255796,0.0,0.0,1.0
on,2,42,25,False,0.00023490458806918468,0.00023490458806918468,0.0,0.0,1.0
on,2,42,26,True,0.0001761784410518885,0.0001761784410518885,0.0,0.0,1.0
on,2,42,27,False,0.00013213383078891638,0.00013213383078891638,0.0,0.0,1.0
on,2,42,28,True,9.910037309168729e-05,9.910037309168729e-05,0.0,0.0,1.0
on,2,42,29,False,7.432527981876547e-05,7.432527981876547e-05,0.0,0.0,1.0
on,2,42,30,True,5.57439598640741e-05,5.57439598640741e-05,0.0,0.0,1.0
on,2,42,31,False,4.1807969898055575e-05,4.1807969898055575e-05,0.0,0.0,1.0
on,2,42,32,True,3.135597742354168e-05,3.135597742354168e-05,0.0,0.0,1.0
on,2,42,33,False,2.351698306765626e-05,2.351698306765626e-05,0.0,0.0,1.0
on,2,42,34,True,1.7637737300742196e-05,1.7637737300742196e-05,0.0,0.0,1.0
on,2,42,35,False,1.3228302975556647e-05,1.3228302975556647e-05,0.0,0.0,1.0
on,2,42,36,True,9.921227231667485e-06,9.921227231667485e-06,0.0,0.0,1.0
on,2,42,37,False,7.440920423750614e-06,7.440920423750614e-06,0.0,0.0,1.0
on,2,42,38,True,5.58069031781296e-06,5.58069031781296e-06,0.0,0.0,1.0
on,2,42,39,False,4.18551773835972e-06,4.18551773835972e-06,0.0,0.0,1.0
on,2,43,0,False,0.0,0.0,0.0,0.0,1.0
on,2,43,1,False,0.0,0.0,0.0,0.0,1.0
on,2,43,2,True,0.0,0.0,0.0,0.0,1.0
on,2,43,3,False,0.0,0.0,0.0,0.0,1.0
on,2,43,4,True,0.0,0.0,0.0,0.0,1.0
on,2,43,5,False,0.0,0.0,0.0,0.0,1.0
on,2,43,6,True,0.0,0.0,0.0,0.0,1.0
on,2,43,7,False,0.0,0.0,0.0,0.0,1.0
on,2,43,8,True,0.0,0.0,0.0,0.0,1.0
on,2,43,9,False,0.0,0.0,0.0,0.0,1.0
on,2,43,10,True,0.0,0.0,0.0,0.0,1.0
on,2,43,11,False,0.0,0.0,0.0,0.0,1.0
on,2,43,12,True,0.0,0.0,0.0,0.0,1.0
on,2,43,13,False,0.0,0.0,0.0,0.0,1.0
on,2,43,14,True,0.0,0.0,0.0,0.0,1.0
on,2,43,15,False,0.0,0.0,0.0,0.0,1.0
on,2,43,16,True,0.0,0.0,0.0,0.0,1.0
on,2,43,17,False,0.0,0.0,0.0,0.0,1.0
on,2,43,18,True,0.0,0.0,0.0,0.0,1.0
on,2,43,19,False,0.0,0.0,0.0,0.0,1.0
on,2,43,20,True,0.0,0.0,0.0,0.0,1.0
on,2,43,21,False,0.0,0.0,0.0,0.0,1.0
on,2,43,22,True,0.0,0.0,0.0,0.0,1.0
on,2,43,23,False,0.0,0.0,0.0,0.0,1.0
on,2,43,24,True,0.0,0.0,0.0,0.0,1.0
on,2,43,25,False,0.0,0.0,0.07142857142857142,0.07142857142857142,0.96
on,2,43,26,True,0.017857142857142856,0.017857142857142856,0.0,0.0,1.0
on,2,43,27,False,0.013392857142857142,0.013392857142857142,0.0,0.0,1.0
on,2,43,28,True,0.010044642857142858,0.010044642857142856,0.0,0.0,1.0
on,2,43,29,False,0.007533482142857142,0.007533482142857142,0.07692307692307693,0.07692307692307693,0.96
on,2,43,30,True,0.024880880837912088,0.024880880837912088,0.0,0.0,1.0
on,2,43,31,False,0.01866066062843406,0.018660660628434064,0.1111111111111111,0.1111111111111111,0.96
on,2,43,32,True,0.04177327324910333,0.04177327324910332,0.0,0.0,1.0
on,2,43,33,False,0.03132995493682749,0.03132995493682749,0.0,0.0,1.0
on,2,43,34,True,0.023497466202620616,0.023497466202620616,0.0,0.0,1.0
on,2,43,35,False,0.017623099651965464,0.017623099651965464,0.0,0.0,1.0
on,2,43,36,True,0.013217324738974098,0.013217324738974098,0.0,0.0,1.0
on,2,43,37,False,0.009912993554230573,0.009912993554230573,0.0,0.0,1.0
on,2,43,38,True,0.007434745165672931,0.00743474516567293,0.0,0.0,1.0
on,2,43,39,False,0.005576058874254697,0.005576058874254697,0.0,0.0,1.0
on,2,44,0,False,0.0,0.0,0.0,0.0,1.0
on,2,44,1,False,0.0,0.0,0.0,0.0,1.0
on,2,44,2,True,0.0,0.0,0.0,0.0,1.0
on,2,44,3,False,0.0,0.0,0.0,0.0,1.0
on,2,44,4,True,0.0,0.0,0.0,0.0,1.0
on,2,44,5,False,0.0,0.0,0.0,0.0,1.0
on,2,44,6,True,0.0,0.0,0.0,0.0,1.0
on,2,44,7,False,0.0,0.0,0.08333333333333333,0.08333333333333333,0.9565217391304348
on,2,44,8,True,0.020833333333333332,0.020833333333333332,0.0,0.0,1.0
on,2,44,9,False,0.015625,0.015625,0.0,0.0,1.0
on,2,44,10,True,0.01171875,0.01171875,0.0,0.0,1.0
on,2,44,11,False,0.0087890625,0.0087890625,0.0,0.0,1.0
on,2,44,12,True,0.006591796875,0.006591796875,0.0,0.0,1.0
on,2,44,13,False,0.00494384765625,0.00494384765625,0.0,0.0,1.0
on,2,44,14,True,0.0037078857421875,0.0037078857421875,0.0,0.0,1.0
on,2,44,15,False,0.002780914306640625,0.002780914306640625,0.0,0.0,1.0
on,2,44,16,True,0.0020856857299804688,0.0020856857299804688,0.0,0.0,1.0
on,2,44,17,False,0.0015642642974853516,0.0015642642974853516,0.0,0.0,1.0
on,2,44,18,True,0.0011731982231140137,0.0011731982231140137,0.0,0.0,1.0
on,2,44,19,False,0.0008798986673355103,0.0008798986673355103,0.0,0.0,1.0
on,2,44,20,True,0.0006599240005016327,0.0006599240005016327,0.0,0.0,1.0
on,2,44,21,False,0.0004949430003762245,0.0004949430003762245,0.0,0.0,1.0
on,2,44,22,True,0.0003712072502821684,0.0003712072502821684,0.0,0.0,1.0
on,2,44,23,False,0.0002784054377116263,0.0002784054377116263,0.0,0.0,1.0
on,2,44,24,True,0.00020880407828371972,0.00020880407828371972,0.0,0.0,1.0
on,2,44,25,False,0.0001566030587127898,0.0001566030587127898,0.0,0.0,1.0
on,2,44,26,True,0.00011745229403459234,0.00011745229403459234,0.0,0.0,1.0
on,2,44,27,False,8.808922052594426e-05,8.808922052594426e-05,0.1111111111111111,0.1111111111111111,0.9565217391304348
on,2,44,28,True,0.02784384469317223,0.027843844693172234,0.0,0.0,1.0
on,2,44,29,False,0.020882883519879176,0.020882883519879176,0.0,0.0,1.0
on,2,44,30,True,0.015662162639909383,0.015662162639909383,0.0,0.0,1.0
on,2,44,31,False,0.011746621979932037,0.011746621979932037,0.0,0.0,1.0
on,2,44,32,True,0.008809966484949028,0.008809966484949028,0.0,0.0,1.0
on,2,44,33,False,0.006607474863711771,0.006607474863711771,0.0,0.0,1.0
on,2,44,34,True,0.004955606147783828,0.004955606147783828,0.0,0.0,1.0
on,2,44,35,False,0.003716704610837871,0.003716704610837871,0.0,0.0,1.0
on,2,44,36,True,0.0027875284581284033,0.0027875284581284033,0.0,0.0,1.0
on,2,44,37,False,0.0020906463435963023,0.0020906463435963023,0.0,0.0,1.0
on,2,44,38,True,0.001567984757697227,0.0015679847576972267,0.0,0.0,1.0
on,2,44,39,False,0.00117598856827292,0.00117598856827292,0.0,0.0,1.0
on,2,45,0,False,0.0,0.0,0.0,0.0,1.0
on,2,45,1,False,0.0,0.0,0.0,0.0,1.0
on,2,45,2,True,0.0,0.0,0.0,0.0,1.0
on,2,45,3,False,0.0,0.0,0.0,0.0,1.0
on,2,45,4,True,0.0,0.0,0.0,0.0,1.0
on,2,45,5,False,0.0,0.0,0.0,0.0,1.0
on,2,45,6,True,0.0,0.0,0.0,0.0,1.0
on,2,45,7,False,0.0,0.0,0.0,0.0,1.0
on,2,45,8,True,0.0,0.0,0.0,0.0,1.0
on,2,45,9,False,0.0,0.0,0.0,0.0,1.0
on,2,45,10,True,0.0,0.0,0.0,0.0,1.0
on,2,45,11,False,0.0,0.0,0.0,0.0,1.0
on,2,45,12,True,0.0,0.0,0.0,0.0,1.0
on,2,45,13,False,0.0,0.0,0.2,0.2,0.9565217391304348
on,2,45,14,True,0.05,0.05,0.0,0.0,1.0
on,2,45,15,False,0.03750000000000001,0.037500000000000006,0.08333333333333333,0.08333333333333333,0.9523809523809523
on,2,45,16,True,0.04895833333333334,0.04895833333333334,0.0,0.0,1.0
on,2,45,17,False,0.03671875000000001,0.03671875000000001,0.0,0.0,1.0
on,2,45,18,True,0.027539062500000006,0.027539062500000006,0.0,0.0,1.0
on,2,45,19,False,0.020654296875000006,0.020654296875000006,0.16666666666666666,0.16666666666666666,0.9444444444444444
on,2,45,20,True,0.05715738932291666,0.05715738932291667,0.0,0.0,1.0
on,2,45,21,False,0.0428680419921875,0.0428680419921875,0.0,0.0,1.0
on,2,45,22,True,0.03215103149414063,0.03215103149414063,0.0,0.0,1.0
on,2,45,23,False,0.02411327362060547,0.02411327362060547,0.0,0.0,1.0
on,2,45,24,True,0.018084955215454102,0.018084955215454102,0.0,0.0,1.0
on,2,45,25,False,0.01356371641159058,0.013563716411590578,0.0,0.0,1.0
on,2,45,26,True,0.010172787308692933,0.010172787308692933,0.0,0.0,1.0
on,2,45,27,False,0.0076295904815196994,0.0076295904815196994,0.0,0.0,1.0
on,2,45,28,True,0.005722192861139776,0.005722192861139775,0.0,0.0,1.0
on,2,45,29,False,0.004291644645854831,0.004291644645854831,0.0,0.0,1.0
on,2,45,30,True,0.0032187334843911232,0.0032187334843911232,0.0,0.0,1.0
on,2,45,31,False,0.002414050113293343,0.0024140501132933426,0.0,0.0,1.0
on,2,45,32,True,0.001810537584970007,0.001810537584970007,0.0,0.0,1.0
on,2,45,33,False,0.0013579031887275051,0.0013579031887275051,0.0,0.0,1.0
on,2,45,34,True,0.001018427391545629,0.001018427391545629,0.0,0.0,1.0
on,2,45,35,False,0.0007638205436592217,0.0007638205436592217,0.0,0.0,1.0
on,2,45,36,True,0.0005728654077444162,0.0005728654077444162,0.0,0.0,1.0
on,2,45,37,False,0.0004296490558083122,0.0004296490558083122,0.1,0.1,0.9545454545454546
on,2,45,38,True,0.025322236791856235,0.025322236791856235,0.0,0.0,1.0
on,2,45,39,False,0.018991677593892177,0.018991677593892177,0.0,0.0,1.0
on,2,46,0,False,0.0,0.0,0.0,0.0,1.0
on,2,46,1,False,0.0,0.0,0.0,0.0,1.0
on,2,46,2,True,0.0,0.0,0.0,0.0,1.0
on,2,46,3,False,0.0,0.0,0.0,0.0,1.0
on,2,46,4,True,0.0,0.0,0.0,0.0,1.0
on,2,46,5,False,0.0,0.0,0.0,0.0,1.0
on,2,46,6,True,0.0,0.0,0.0,0.0,1.0
on,2,46,7,False,0.0,0.0,0.0,0.0,1.0
on,2,46,8,True,0.0,0.0,0.0,0.0,1.0
on,2,46,9,False,0.0,0.0,0.09090909090909091,0.09090909090909091,0.9642857142857143
on,2,46,10,True,0.022727272727272728,0.022727272727272728,0.0,0.0,1.0
on,2,46,11,False,0.017045454545454544,0.017045454545454544,0.0,0.0,1.0
on,2,46,12,True,0.012784090909090908,0.012784090909090908,0.0,0.0,1.0
on,2,46,13,False,0.00958806818181818,0.00958806818181818,0.0,0.0,1.0
on,2,46,14,True,0.007191051136363635,0.007191051136363635,0.0,0.0,1.0
on,2,46,15,False,0.005393288352272726,0.005393288352272726,0.08333333333333333,0.08333333333333333,0.96
on,2,46,16,True,0.024878299597537876,0.024878299597537876,0.0,0.0,1.0
on,2,46,17,False,0.018658724698153408,0.018658724698153408,0.0,0.0,1.0
on,2,46,18,True,0.013994043523615055,0.013994043523615055,0.0,0.0,1.0
on,2,46,19,False,0.010495532642711292,0.010495532642711292,0.0,0.0,1.0
on,2,46,20,True,0.00787164948203347,0.00787164948203347,0.0,0.0,1.0
on,2,46,21,False,0.005903737111525103,0.005903737111525103,0.0,0.0,1.0
on,2,46,22,True,0.004427802833643827,0.004427802833643827,0.0,0.0,1.0
on,2,46,23,False,0.0033208521252328705,0.0033208521252328705,0.0,0.0,0.9523809523809523
on,2,46,24,True,0.002490639093924653,0.002490639093924653,0.0,0.0,1.0
on,2,46,25,False,0.0018679793204434897,0.0018679793204434897,0.0,0.0,1.0
on,2,46,26,True,0.0014009844903326173,0.0014009844903326173,0.0,0.0,1.0
on,2,46,27,False,0.0010507383677494629,0.0010507383677494629,0.0,0.0,1.0
on,2,46,28,True,0.0007880537758120972,0.0007880537758120972,0.0,0.0,1.0
on,2,46,29,False,0.000591040331859073,0.0005910403318590729,0.0,0.0,1.0
on,2,46,30,True,0.0004432802488943047,0.0004432802488943047,0.0,0.0,1.0
on,2,46,31,False,0.0003324601866707285,0.0003324601866707285,0.0,0.0,1.0
on,2,46,32,True,0.00024934514000304637,0.00024934514000304637,0.0,0.0,1.0
on,2,46,33,False,0.00018700885500228477,0.00018700885500228477,0.0,0.0,1.0
on,2,46,34,True,0.00014025664125171355,0.00014025664125171357,0.0,0.0,1.0
on,2,46,35,False,0.00010519248093878518,0.00010519248093878518,0.0,0.0,1.0
on,2,46,36,True,7.889436070408889e-05,7.889436070408889e-05,0.0,0.0,1.0
on,2,46,37,False,5.917077052806667e-05,5.917077052806667e-05,0.0,0.0,1.0
on,2,46,38,True,4.4378077896050004e-05,4.4378077896050004e-05,0.0,0.0,1.0
on,2,46,39,False,3.3283558422037506e-05,3.3283558422037506e-05,0.0,0.0,1.0
on,2,47,0,False,0.0,0.0,0.0,0.0,1.0
on,2,47,1,False,0.0,0.0,0.1111111111111111,0.1111111111111111,0.9565217391304348
on,2,47,2,True,0.027777777777777773,0.027777777777777776,0.0,0.0,1.0
on,2,47,3,False,0.020833333333333332,0.020833333333333332,0.0,0.0,1.0
on,2,47,4,True,0.015625,0.015625,0.0,0.0,1.0
on,2,47,5,False,0.01171875,0.01171875,0.0,0.0,1.0
on,2,47,6,True,0.0087890625,0.0087890625,0.0,0.0,1.0
on,2,47,7,False,0.006591796875,0.006591796875,0.0,0.0,1.0
on,2,47,8,True,0.00494384765625,0.00494384765625,0.0,0.0,1.0
on,2,47,9,False,0.0037078857421875,0.0037078857421875,0.0,0.0,1.0
on,2,47,10,True,0.002780914306640625,0.002780914306640625,0.0,0.0,1.0
on,2,47,11,False,0.0020856857299804688,0.0020856857299804688,0.0,0.0,1.0
on,2,47,12,True,0.0015642642974853516,0.0015642642974853516,0.0,0.0,1.0
on,2,47,13,False,0.0011731982231140137,0.0011731982231140137,0.0,0.0,1.0
on,2,47,14,True,0.0008798986673355103,0.0008798986673355103,0.0,0.0,1.0
on,2,47,15,False,0.0006599240005016327,0.0006599240005016327,0.0,0.0,1.0
on,2,47,16,True,0.0004949430003762245,0.0004949430003762245,0.0,0.0,1.0
on,2,47,17,False,0.0003712072502821684,0.0003712072502821684,0.0,0.0,1.0
on,2,47,18,True,0.0002784054377116263,0.0002784054377116263,0.0,0.0,1.0
on,2,47,19,False,0.00020880407828371972,0.00020880407828371972,0.0,0.0,1.0
on,2,47,20,True,0.0001566030587127898,0.0001566030587127898,0.0,0.0,1.0
on,2,47,21,False,0.00011745229403459234,0.00011745229403459234,0.0,0.0,1.0
on,2,47,22,True,8.808922052594426e-05,8.808922052594426e-05,0.0,0.0,1.0
on,2,47,23,False,6.606691539445819e-05,6.606691539445819e-05,0.0,0.0,1.0
on,2,47,24,True,4.9550186545843644e-05,4.9550186545843644e-05,0.0,0.0,1.0
on,2,47,25,False,3.716263990938273e-05,3.716263990938273e-05,0.0,0.0,1.0
on,2,47,26,True,2.787197993203705e-05,2.787197993203705e-05,0.0,0.0,1.0
on,2,47,27,False,2.0903984949027787e-05,2.0903984949027787e-05,0.0,0.0,1.0
on,2,47,28,True,1.567798871177084e-05,1.567798871177084e-05,0.0,0.0,1.0
on,2,47,29,False,1.175849153382813e-05,1.175849153382813e-05,0.0,0.0,1.0
on,2,47,30,True,8.818868650371098e-06,8.818868650371098e-06,0.0,0.0,1.0
on,2,47,31,False,6.614151487778323e-06,6.614151487778323e-06,0.0,0.0,1.0
on,2,47,32,True,4.9606136158337425e-06,4.9606136158337425e-06,0.0,0.0,1.0
on,2,47,33,False,3.720460211875307e-06,3.720460211875307e-06,0.0,0.0,1.0
on,2,47,34,True,2.79034515890648e-06,2.79034515890648e-06,0.0,0.0,1.0
on,2,47,35,False,2.09275886917986e-06,2.09275886917986e-06,0.0,0.0,1.0
on,2,47,36,True,1.5695691518848953e-06,1.569569151884895e-06,0.0,0.0,1.0
on,2,47,37,False,1.1771768639136713e-06,1.1771768639136713e-06,0.0,0.0,1.0
on,2,47,38,True,8.828826479352535e-07,8.828826479352534e-07,0.0,0.0,1.0
on,2,47,39,False,6.621619859514401e-07,6.621619859514401e-07,0.0,0.0,1.0
on,2,48,0,False,0.0,0.0,0.0,0.0,1.0
on,2,48,1,False,0.0,0.0,0.0,0.0,0.9444444444444444
on,2,48,2,True,0.0,0.0,0.0,0.0,1.0
on,2,48,3,False,0.0,0.0,0.0,0.0,1.0
on,2,48,4,True,0.0,0.0,0.0,0.0,1.0
on,2,48,5,False,0.0,0.0,0.0,0.0,1.0
on,2,48,6,True,0.0,0.0,0.0,0.0,1.0
on,2,48,7,False,0.0,0.0,0.0,0.0,1.0
on,2,48,8,True,0.0,0.0,0.0,0.0,1.0
on,2,48,9,False,0.0,0.0,0.0,0.0,1.0
on,2,48,10,True,0.0,0.0,0.0,0.0,1.0
on,2,48,11,False,0.0,0.0,0.0,0.0,1.0
on,2,48,12,True,0.0,0.0,0.0,0.0,1.0
on,2,48,13,False,0.0,0.0,0.0,0.0,1.0
on,2,48,14,True,0.0,0.0,0.0,0.0,1.0
on,2,48,15,False,0.0,0.0,0.0,0.0,1.0
on,2,48,16,True,0.0,0.0,0.0,0.0,1.0
on,2,48,17,False,0.0,0.0,0.0,0.0,1.0
on,2,48,18,True,0.0,0.0,0.0,0.0,1.0
on,2,48,19,False,0.0,0.0,0.0,0.0,1.0
on,2,48,20,True,0.0,0.0,0.0,0.0,1.0
on,2,48,21,False,0.0,0.0,0.0,0.0,1.0
on,2,48,22,True,0.0,0.0,0.0,0.0,1.0
on,2,48,23,False,0.0,0.0,0.0,0.0,1.0
on,2,48,24,True,0.0,0.0,0.0,0.0,1.0
on,2,48,25,False,0.0,0.0,0.0,0.0,1.0
on,2,48,26,True,0.0,0.0,0.0,0.0,1.0
on,2,48,27,False,0.0,0.0,0.0,0.0,1.0
on,2,48,28,True,0.0,0.0,0.0,0.0,1.0
on,2,48,29,False,0.0,0.0,0.0,0.0,0.9642857142857143
on,2,48,30,True,0.0,0.0,0.0,0.0,1.0
on,2,48,31,False,0.0,0.0,0.0,0.0,1.0
on,2,48,32,True,0.0,0.0,0.0,0.0,1.0
on,2,48,33,False,0.0,0.0,0.0,0.0,1.0
on,2,48,34,True,0.0,0.0,0.0,0.0,1.0
on,2,48,35,False,0.0,0.0,0.06666666666666667,0.06666666666666667,0.9655172413793104
on,2,48,36,True,0.016666666666666666,0.016666666666666666,0.0,0.0,1.0
on,2,48,37,False,0.0125,0.0125,0.0,0.0,1.0
on,2,48,38,True,0.009375000000000003,0.009375000000000001,0.0,0.0,1.0
on,2,48,39,False,0.007031250000000001,0.007031250000000001,0.0,0.0,1.0
on,2,49,0,False,0.0,0.0,0.0,0.0,1.0
on,2,49,1,False,0.0,0.0,0.0,0.0,1.0
on,2,49,2,True,0.0,0.0,0.0,0.0,1.0
on,2,49,3,False,0.0,0.0,0.0,0.0,1.0
on,2,49,4,True,0.0,0.0,0.0,0.0,1.0
on,2,49,5,False,0.0,0.0,0.0,0.0,1.0
on,2,49,6,True,0.0,0.0,0.0,0.0,1.0
on,2,49,7,False,0.0,0.0,0.0,0.0,1.0
on,2,49,8,True,0.0,0.0,0.0,0.0,1.0
on,2,49,9,False,0.0,0.0,0.0,0.0,1.0
on,2,49,10,True,0.0,0.0,0.0,0.0,1.0
on,2,49,11,False,0.0,0.0,0.0,0.0,1.0
on,2,49,12,True,0.0,0.0,0.0,0.0,1.0
on,2,49,13,False,0.0,0.0,0.0,0.0,1.0
on,2,49,14,True,0.0,0.0,0.0,0.0,1.0
on,2,49,15,False,0.0,0.0,0.0,0.0,1.0
on,2,49,16,True,0.0,0.0,0.0,0.0,1.0
on,2,49,17,False,0.0,0.0,0.0,0.0,1.0
on,2,49,18,True,0.0,0.0,0.0,0.0,1.0
on,2,49,19,False,0.0,0.0,0.09090909090909091,0.09090909090909091,0.9545454545454546
on,2,49,20,True,0.022727272727272728,0.022727272727272728,0.0,0.0,1.0
on,2,49,21,False,0.017045454545454544,0.017045454545454544,0.0,0.0,1.0
on,2,49,22,True,0.012784090909090908,0.012784090909090908,0.0,0.0,1.0
on,2,49,23,False,0.00958806818181818,0.00958806818181818,0.0,0.0,1.0
on,2,49,24,True,0.007191051136363635,0.007191051136363635,0.0,0.0,1.0
on,2,49,25,False,0.005393288352272726,0.005393288352272726,0.0,0.0,1.0
on,2,49,26,True,0.004044966264204544,0.004044966264204544,0.0,0.0,1.0
on,2,49,27,False,0.003033724698153408,0.003033724698153408,0.0,0.0,1.0
on,2,49,28,True,0.002275293523615056,0.002275293523615056,0.0,0.0,1.0
on,2,49,29,False,0.001706470142711292,0.001706470142711292,0.1,0.1,0.95
on,2,49,30,True,0.02627985260703347,0.02627985260703347,0.0,0.0,1.0
on,2,49,31,False,0.019709889455275104,0.019709889455275104,0.0,0.0,1.0
on,2,49,32,True,0.014782417091456326,0.014782417091456328,0.0,0.0,1.0
on,2,49,33,False,0.011086812818592246,0.011086812818592246,0.0,0.0,1.0
on,2,49,34,True,0.008315109613944185,0.008315109613944185,0.0,0.0,1.0
on,2,49,35,False,0.006236332210458139,0.006236332210458139,0.0,0.0,1.0
on,2,49,36,True,0.004677249157843603,0.004677249157843604,0.0,0.0,1.0
on,2,49,37,False,0.003507936868382703,0.003507936868382703,0.0,0.0,1.0
on,2,49,38,True,0.0026309526512870276,0.0026309526512870276,0.0,0.0,1.0
on,2,49,39,False,0.001973214488465271,0.001973214488465271,0.08333333333333333,0.08333333333333333,0.9583333333333334
on,2,50,0,False,0.0,0.0,0.0,0.0,1.0
on,2,50,1,False,0.0,0.0,0.0,0.0,1.0
on,2,50,2,True,0.0,0.0,0.0,0.0,1.0
on,2,50,3,False,0.0,0.0,0.08333333333333333,0.08333333333333333,0.9545454545454546
on,2,50,4,True,0.020833333333333332,0.020833333333333332,0.0,0.0,1.0
on,2,50,5,False,0.015625,0.015625,0.0,0.0,1.0
on,2,50,6,True,0.01171875,0.01171875,0.0,0.0,1.0
on,2,50,7,False,0.0087890625,0.0087890625,0.1,0.1,0.9545454545454546
on,2,50,8,True,0.031591796875,0.031591796875,0.0,0.0,1.0
on,2,50,9,False,0.023693847656250006,0.023693847656250003,0.0,0.0,1.0
on,2,50,10,True,0.017770385742187502,0.017770385742187502,0.0,0.0,1.0
on,2,50,11,False,0.013327789306640626,0.013327789306640626,0.14285714285714285,0.14285714285714285,0.9523809523809523
on,2,50,12,True,0.04571012769426618,0.04571012769426618,0.0,0.0,1.0
on,2,50,13,False,0.034282595770699635,0.034282595770699635,0.0,0.0,1.0
on,2,50,14,True,0.025711946828024725,0.025711946828024725,0.0,0.0,1.0
on,2,50,15,False,0.019283960121018545,0.019283960121018545,0.0,0.0,1.0
on,2,50,16,True,0.014462970090763907,0.014462970090763909,0.0,0.0,1.0
on,2,50,17,False,0.010847227568072932,0.010847227568072932,0.08333333333333333,0.08333333333333333,0.9545454545454546
on,2,50,18,True,0.02896875400938803,0.02896875400938803,0.0,0.0,1.0
on,2,50,19,False,0.021726565507041024,0.021726565507041024,0.0,0.0,1.0
on,2,50,20,True,0.016294924130280768,0.016294924130280768,0.0,0.0,1.0
on,2,50,21,False,0.012221193097710576,0.012221193097710576,0.0,0.0,1.0
on,2,50,22,True,0.009165894823282932,0.009165894823282932,0.0,0.0,1.0
on,2,50,23,False,0.006874421117462199,0.006874421117462199,0.0,0.0,1.0
on,2,50,24,True,0.00515581583809665,0.00515581583809665,0.0,0.0,1.0
on,2,50,25,False,0.0038668618785724874,0.0038668618785724874,0.0,0.0,1.0
on,2,50,26,True,0.0029001464089293653,0.0029001464089293653,0.0,0.0,1.0
on,2,50,27,False,0.002175109806697024,0.002175109806697024,0.0,0.0,1.0
on,2,50,28,True,0.001631332355022768,0.001631332355022768,0.0,0.0,1.0
on,2,50,29,False,0.001223499266267076,0.001223499266267076,0.0,0.0,1.0
on,2,50,30,True,0.000917624449700307,0.000917624449700307,0.0,0.0,1.0
on,2,50,31,False,0.0006882183372752302,0.0006882183372752302,0.0,0.0,1.0
on,2,50,32,True,0.0005161637529564226,0.0005161637529564226,0.0,0.0,1.0
on,2,50,33,False,0.00038712281471731694,0.000387122814717317,0.0,0.0,1.0
on,2,50,34,True,0.00029034211103798774,0.00029034211103798774,0.0,0.0,1.0
on,2,50,35,False,0.00021775658327849082,0.00021775658327849082,0.0,0.0,1.0
on,2,50,36,True,0.0001633174374588681,0.00016331743745886813,0.0,0.0,1.0
on,2,50,37,False,0.0001224880780941511,0.0001224880780941511,0.0,0.0,1.0
on,2,50,38,True,9.186605857061333e-05,9.186605857061333e-05,0.0,0.0,1.0
on,2,50,39,False,6.889954392796e-05,6.889954392796e-05,0.0,0.0,1.0
on,2,51,0,False,0.0,0.0,0.0,0.0,1.0
on,2,51,1,False,0.0,0.0,0.0,0.0,1.0
on,2,51,2,True,0.0,0.0,0.0,0.0,1.0
on,2,51,3,False,0.0,0.0,0.0,0.0,1.0
on,2,51,4,True,0.0,0.0,0.0,0.0,1.0
on,2,51,5,False,0.0,0.0,0.0,0.0,1.0
on,2,51,6,True,0.0,0.0,0.0,0.0,1.0
on,2,51,7,False,0.0,0.0,0.0,0.0,1.0
on,2,51,8,True,0.0,0.0,0.0,0.0,1.0
on,2,51,9,False,0.0,0.0,0.0,0.0,1.0
on,2,51,10,True,0.0,0.0,0.0,0.0,1.0
on,2,51,11,False,0.0,0.0,0.0,0.0,1.0
on,2,51,12,True,0.0,0.0,0.0,0.0,1.0
on,2,51,13,False,0.0,0.0,0.0,0.0,1.0
on,2,51,14,True,0.0,0.0,0.0,0.0,1.0
on,2,51,15,False,0.0,0.0,0.0,0.0,1.0
on,2,51,16,True,0.0,0.0,0.0,0.0,1.0
on,2,51,17,False,0.0,0.0,0.0,0.0,1.0
on,2,51,18,True,0.0,0.0,0.0,0.0,1.0
on,2,51,19,False,0.0,0.0,0.0,0.0,1.0
on,2,51,20,True,0.0,0.0,0.0,0.0,1.0
on,2,51,21,False,0.0,0.0,0.0,0.0,1.0
on,2,51,22,True,0.0,0.0,0.0,0.0,1.0
on,2,51,23,False,0.0,0.0,0.1111111111111111,0.1111111111111111,0.9666666666666667
on,2,51,24,True,0.027777777777777773,0.027777777777777776,0.0,0.0,1.0
on,2,51,25,False,0.020833333333333332,0.020833333333333332,0.0,0.0,1.0
on,2,51,26,True,0.015625,0.015625,0.0,0.0,1.0
on,2,51,27,False,0.01171875,0.01171875,0.0,0.0,1.0
on,2,51,28,True,0.0087890625,0.0087890625,0.0,0.0,1.0
on,2,51,29,False,0.006591796875,0.006591796875,0.0,0.0,1.0
on,2,51,30,True,0.00494384765625,0.00494384765625,0.0,0.0,1.0
on,2,51,31,False,0.0037078857421875,0.0037078857421875,0.0,0.0,1.0
on,2,51,32,True,0.002780914306640625,0.002780914306640625,0.0,0.0,1.0
on,2,51,33,False,0.0020856857299804688,0.0020856857299804688,0.0,0.0,1.0
on,2,51,34,True,0.0015642642974853516,0.0015642642974853516,0.0,0.0,1.0
on,2,51,35,False,0.0011731982231140137,0.0011731982231140137,0.1,0.1,0.9523809523809523
on,2,51,36,True,0.02587989866733551,0.02587989866733551,0.0,0.0,1.0
on,2,51,37,False,0.01940992400050164,0.019409924000501635,0.0,0.0,1.0
on,2,51,38,True,0.014557443000376227,0.014557443000376227,0.0,0.0,1.0
on,2,51,39,False,0.010918082250282169,0.010918082250282169,0.0,0.0,1.0
on,5,42,0,False,0.0,0.0,0.0,0.0,1.0
on,5,42,1,False,0.0,0.0,0.0,0.0,0.95
on,5,42,2,False,0.0,0.0,0.0,0.0,0.95
on,5,42,3,False,0.0,0.0,0.0,0.0,0.9523809523809523
on,5,42,4,False,0.0,0.0,0.0,0.0,0.9545454545454546
on,5,42,5,True,0.0,0.0,0.0,0.0,1.0
on,5,42,6,False,0.0,0.0,0.0,0.0,1.0
on,5,42,7,False,0.0,0.0,0.0,0.0,1.0
on,5,42,8,False,0.0,0.0,0.0,0.0,1.0
on,5,42,9,False,0.0,0.0,0.1,0.1,0.9642857142857143
on,5,42,10,True,0.025,0.025,0.0,0.0,1.0
on,5,42,11,False,0.018750000000000006,0.018750000000000003,0.0,0.0,1.0
on,5,42,12,False,0.014062500000000002,0.014062500000000002,0.16666666666666666,0.16666666666666666,0.9523809523809523
on,5,42,13,False,0.05221354166666666,0.05221354166666667,0.16666666666666666,0.16666666666666666,0.9523809523809523
on,5,42,14,False,0.08082682291666667,0.08082682291666667,0.16666666666666666,0.16666666666666666,0.9545454545454546
on,5,42,15,True,0.10228678385416667,0.10228678385416667,0.0,0.0,1.0
on,5,42,16,False,0.076715087890625,0.076715087890625,0.0,0.0,1.0
on,5,42,17,False,0.057536315917968754,0.057536315917968754,0.0,0.0,1.0
on,5,42,18,False,0.043152236938476564,0.043152236938476564,0.0,0.0,1.0
on,5,42,19,False,0.032364177703857425,0.032364177703857425,0.07692307692307693,0.07692307692307693,0.9655172413793104
on,5,42,20,True,0.043503902508662304,0.043503902508662304,0.0,0.0,1.0
on,5,42,21,False,0.032627926881496724,0.032627926881496724,0.0,0.0,1.0
on,5,42,22,False,0.024470945161122543,0.024470945161122543,0.07692307692307693,0.07692307692307693,0.9583333333333334
on,5,42,23,False,0.03758397810161114,0.03758397810161114,0.07142857142857142,0.07142857142857142,0.9615384615384616
on,5,42,24,False,0.0460451264333512,0.04604512643335121,0.06666666666666667,0.06666666666666667,0.9629629629629629
on,5,42,25,True,0.051200511491680076,0.051200511491680076,0.0,0.0,1.0
on,5,42,26,False,0.038400383618760046,0.03840038361876005,0.0,0.0,1.0
on,5,42,27,False,0.02880028771407004,0.02880028771407004,0.0,0.0,1.0
on,5,42,28,False,0.02160021578555253,0.021600215785552532,0.0,0.0,1.0
on,5,42,29,False,0.0162001618391644,0.0162001618391644,0.0,0.0,1.0
on,5,42,30,True,0.0121501213793733,0.0121501213793733,0.0,0.0,1.0
on,5,42,31,False,0.009112591034529976,0.009112591034529976,0.0,0.0,1.0
on,5,42,32,False,0.006834443275897482,0.006834443275897482,0.0,0.0,1.0
on,5,42,33,False,0.005125832456923112,0.005125832456923112,0.0,0.0,1.0
on,5,42,34,False,0.003844374342692334,0.003844374342692334,0.0,0.0,1.0
on,5,42,35,True,0.0028832807570192505,0.0028832807570192505,0.0,0.0,1.0
on,5,42,36,False,0.0021624605677644376,0.0021624605677644376,0.0,0.0,1.0
on,5,42,37,False,0.0016218454258233282,0.0016218454258233282,0.0,0.0,1.0
on,5,42,38,False,0.0012163840693674964,0.0012163840693674962,0.0,0.0,1.0
on,5,42,39,False,0.0009122880520256221,0.0009122880520256221,0.0,0.0,1.0
on,5,43,0,False,0.0,0.0,0.0,0.0,1.0
on,5,43,1,False,0.0,0.0,0.0,0.0,1.0
on,5,43,2,False,0.0,0.0,0.0,0.0,1.0
on,5,43,3,False,0.0,0.0,0.0,0.0,0.96
on,5,43,4,False,0.0,0.0,0.0,0.0,0.96
on,5,43,5,True,0.0,0.0,0.0,0.0,1.0
on,5,43,6,False,0.0,0.0,0.0,0.0,1.0
on,5,43,7,False,0.0,0.0,0.0,0.0,1.0
on,5,43,8,False,0.0,0.0,0.0,0.0,1.0
on,5,43,9,False,0.0,0.0,0.0,0.0,1.0
on,5,43,10,True,0.0,0.0,0.0,0.0,1.0
on,5,43,11,False,0.0,0.0,0.0,0.0,1.0
on,5,43,12,False,0.0,0.0,0.0,0.0,1.0
on,5,43,13,False,0.0,0.0,0.1,0.1,0.9545454545454546
on,5,43,14,False,0.025,0.025,0.09090909090909091,0.09090909090909091,0.9565217391304348
on,5,43,15,True,0.04147727272727273,0.04147727272727273,0.0,0.0,1.0
on,5,43,16,False,0.031107954545454546,0.03110795454545455,0.1111111111111111,0.1111111111111111,0.96
on,5,43,17,False,0.051108743686868685,0.051108743686868685,0.1,0.1,0.9615384615384616
on,5,43,18,False,0.06333155776515151,0.06333155776515151,0.1,0.1,0.9615384615384616
on,5,43,19,False,0.07249866832386363,0.07249866832386363,0.08333333333333333,0.08333333333333333,0.9310344827586207
on,5,43,20,True,0.07520733457623105,0.07520733457623105,0.0,0.0,1.0
on,5,43,21,False,0.05640550093217329,0.05640550093217329,0.0,0.0,1.0
on,5,43,22,False,0.04230412569912997,0.04230412569912997,0.0,0.0,1.0
on,5,43,23,False,0.031728094274347474,0.031728094274347474,0.0,0.0,1.0
on,5,43,24,False,0.023796070705760602,0.023796070705760605,0.0,0.0,1.0
on,5,43,25,True,0.017847053029320454,0.017847053029320454,0.0,0.0,1.0
on,5,43,26,False,0.013385289771990341,0.013385289771990341,0.0,0.0,1.0
on,5,43,27,False,0.010038967328992756,0.010038967328992756,0.0,0.0,1.0
on,5,43,28,False,0.007529225496744567,0.007529225496744567,0.0,0.0,1.0
on,5,43,29,False,0.005646919122558426,0.0056469191225584255,0.0,0.0,1.0
on,5,43,30,True,0.004235189341918819,0.004235189341918819,0.0,0.0,1.0
on,5,43,31,False,0.003176392006439114,0.003176392006439114,0.25,0.25,0.9166666666666666
on,5,43,32,False,0.06488229400482934,0.06488229400482934,0.2,0.2,0.9230769230769231
on,5,43,33,False,0.09866172050362201,0.09866172050362201,0.25,0.25,0.9
on,5,43,34,False,0.13649629037771652,0.13649629037771652,0.23076923076923078,0.23076923076923078,0.9032258064516129
on,5,43,35,True,0.16006452547559508,0.16006452547559508,0.0,0.0,1.0
on,5,43,36,False,0.12004839410669631,0.12004839410669631,0.09090909090909091,0.09090909090909091,0.9583333333333334
on,5,43,37,False,0.11276356830729495,0.11276356830729495,0.23076923076923078,0.23076923076923078,0.8888888888888888
on,5,43,38,False,0.14226498392277892,0.14226498392277892,0.26666666666666666,0.26666666666666666,0.8333333333333334
on,5,43,39,False,0.17336540460875086,0.17336540460875086,0.25,0.25,0.84375
on,5,44,0,False,0.0,0.0,0.0,0.0,1.0
on,5,44,1,False,0.0,0.0,0.0,0.0,1.0
on,5,44,2,False,0.0,0.0,0.0,0.0,0.9523809523809523
on,5,44,3,False,0.0,0.0,0.0,0.0,0.9565217391304348
on,5,44,4,False,0.0,0.0,0.0,0.0,0.92
on,5,44,5,True,0.0,0.0,0.0,0.0,1.0
on,5,44,6,False,0.0,0.0,0.0,0.0,1.0
on,5,44,7,False,0.0,0.0,0.0,0.0,1.0
on,5,44,8,False,0.0,0.0,0.0,0.0,1.0
on,5,44,9,False,0.0,0.0,0.05,0.05,0.9642857142857143
on,5,44,10,True,0.0125,0.0125,0.0,0.0,1.0
on,5,44,11,False,0.009375000000000003,0.009375000000000001,0.0,0.0,1.0
on,5,44,12,False,0.007031250000000001,0.007031250000000001,0.0,0.0,1.0
on,5,44,13,False,0.0052734375,0.0052734375,0.0,0.0,1.0
on,5,44,14,False,0.003955078125000001,0.003955078125000001,0.0,0.0,1.0
on,5,44,15,True,0.0029663085937500005,0.0029663085937500005,0.0,0.0,1.0
on,5,44,16,False,0.0022247314453125,0.0022247314453125,0.0,0.0,1.0
on,5,44,17,False,0.0016685485839843751,0.0016685485839843751,0.0,0.0,1.0
on,5,44,18,False,0.0012514114379882813,0.0012514114379882813,0.1,0.1,0.9642857142857143
on,5,44,19,False,0.025938558578491217,0.025938558578491214,0.1,0.1,0.9655172413793104
on,5,44,20,True,0.04445391893386841,0.04445391893386841,0.0,0.0,1.0
on,5,44,21,False,0.033340439200401306,0.033340439200401306,0.0,0.0,1.0
on,5,44,22,False,0.02500532940030098,0.02500532940030098,0.0,0.0,1.0
on,5,44,23,False,0.018753997050225735,0.018753997050225735,0.0,0.0,1.0
on,5,44,24,False,0.014065497787669301,0.014065497787669301,0.0,0.0,1.0
on,5,44,25,True,0.010549123340751976,0.010549123340751976,0.0,0.0,1.0
on,5,44,26,False,0.007911842505563982,0.007911842505563982,0.0,0.0,1.0
on,5,44,27,False,0.005933881879172986,0.005933881879172986,0.0,0.0,1.0
on,5,44,28,False,0.00445041140937974,0.00445041140937974,0.0,0.0,1.0
on,5,44,29,False,0.003337808557034805,0.003337808557034805,0.0,0.0,1.0
on,5,44,30,True,0.0025033564177761036,0.0025033564177761036,0.0,0.0,1.0
on,5,44,31,False,0.0018775173133320777,0.0018775173133320777,0.0,0.0,1.0
on,5,44,32,False,0.0014081379849990583,0.0014081379849990583,0.0,0.0,1.0
on,5,44,33,False,0.0010561034887492937,0.0010561034887492937,0.0,0.0,1.0
on,5,44,34,False,0.0007920776165619703,0.0007920776165619703,0.0,0.0,1.0
on,5,44,35,True,0.0005940582124214777,0.0005940582124214777,0.0,0.0,1.0
on,5,44,36,False,0.0004455436593161083,0.0004455436593161083,0.0,0.0,1.0
on,5,44,37,False,0.0003341577444870812,0.0003341577444870812,0.0,0.0,1.0
on,5,44,38,False,0.0002506183083653109,0.0002506183083653109,0.0,0.0,1.0
on,5,44,39,False,0.00018796373127398318,0.00018796373127398318,0.0,0.0,1.0
on,5,45,0,False,0.0,0.0,0.0,0.0,1.0
on,5,45,1,False,0.0,0.0,0.0,0.0,1.0
on,5,45,2,False,0.0,0.0,0.0,0.0,1.0
on,5,45,3,False,0.0,0.0,0.0,0.0,1.0
on,5,45,4,False,0.0,0.0,0.0,0.0,1.0
on,5,45,5,True,0.0,0.0,0.0,0.0,1.0
on,5,45,6,False,0.0,0.0,0.0,0.0,1.0
on,5,45,7,False,0.0,0.0,0.0,0.0,1.0
on,5,45,8,False,0.0,0.0,0.0,0.0,1.0
on,5,45,9,False,0.0,0.0,0.0,0.0,1.0
on,5,45,10,True,0.0,0.0,0.0,0.0,1.0
on,5,45,11,False,0.0,0.0,0.07142857142857142,0.07142857142857142,0.9565217391304348
on,5,45,12,False,0.017857142857142856,0.017857142857142856,0.07142857142857142,0.07142857142857142,0.9565217391304348
on,5,45,13,False,0.03125,0.03125,0.07142857142857142,0.07142857142857142,0.96
on,5,45,14,False,0.041294642857142856,0.041294642857142856,0.06666666666666667,0.06666666666666667,0.9615384615384616
on,5,45,15,True,0.047637648809523814,0.047637648809523814,0.0,0.0,1.0
on,5,45,16,False,0.03572823660714286,0.03572823660714286,0.0,0.0,1.0
on,5,45,17,False,0.026796177455357145,0.026796177455357145,0.0,0.0,1.0
on,5,45,18,False,0.02009713309151786,0.02009713309151786,0.2222222222222222,0.2222222222222222,0.9130434782608695
on,5,45,19,False,0.07062840537419394,0.07062840537419394,0.16666666666666666,0.16666666666666666,0.9285714285714286
on,5,45,20,True,0.0946379706973121,0.09463797069731211,0.0,0.0,1.0
on,5,45,21,False,0.07097847802298408,0.07097847802298408,0.125,0.125,0.9565217391304348
on,5,45,22,False,0.08448385851723807,0.08448385851723807,0.2222222222222222,0.2222222222222222,0.92
on,5,45,23,False,0.1189184494434841,0.1189184494434841,0.2,0.2,0.9230769230769231
on,5,45,24,False,0.1391888370826131,0.1391888370826131,0.25,0.25,0.9
on,5,45,25,True,0.16689162781195982,0.16689162781195982,0.0,0.0,1.0
on,5,45,26,False,0.12516872085896985,0.12516872085896985,0.1111111111111111,0.1111111111111111,0.9523809523809523
on,5,45,27,False,0.12165431842200516,0.12165431842200516,0.1111111111111111,0.1111111111111111,0.9545454545454546
on,5,45,28,False,0.11901851659428166,0.11901851659428166,0.16666666666666666,0.16666666666666666,0.9166666666666666
on,5,45,29,False,0.13093055411237792,0.13093055411237792,0.16666666666666666,0.16666666666666666,0.8846153846153846
on,5,45,30,True,0.1398645822509501,0.1398645822509501,0.0,0.0,1.0
on,5,45,31,False,0.10489843668821257,0.10489843668821258,0.0,0.0,1.0
on,5,45,32,False,0.07867382751615944,0.07867382751615944,0.0,0.0,1.0
on,5,45,33,False,0.05900537063711958,0.05900537063711958,0.0,0.0,1.0
on,5,45,34,False,0.044254027977839686,0.044254027977839686,0.0,0.0,1.0
on,5,45,35,True,0.03319052098337977,0.03319052098337977,0.0,0.0,1.0
on,5,45,36,False,0.02489289073753483,0.024892890737534826,0.1,0.1,0.9523809523809523
on,5,45,37,False,0.043669668053151124,0.04366966805315112,0.16666666666666666,0.16666666666666666,0.9130434782608695
on,5,45,38,False,0.07441891770653,0.07441891770653,0.23076923076923078,0.23076923076923078,0.875
on,5,45,39,False,0.11350649597220519,0.11350649597220519,0.21428571428571427,0.21428571428571427,0.8846153846153846
on,5,46,0,False,0.0,0.0,0.0,0.0,1.0
on,5,46,1,False,0.0,0.0,0.0,0.0,1.0
on,5,46,2,False,0.0,0.0,0.0,0.0,1.0
on,5,46,3,False,0.0,0.0,0.0,0.0,1.0
on,5,46,4,False,0.0,0.0,0.0,0.0,1.0
on,5,46,5,True,0.0,0.0,0.0,0.0,1.0
on,5,46,6,False,0.0,0.0,0.0,0.0,1.0
on,5,46,7,False,0.0,0.0,0.0,0.0,1.0
on,5,46,8,False,0.0,0.0,0.06666666666666667,0.06666666666666667,0.967741935483871
on,5,46,9,False,0.016666666666666666,0.016666666666666666,0.0625,0.0625,0.96875
on,5,46,10,True,0.028125,0.028125,0.0,0.0,1.0
on,5,46,11,False,0.02109375,0.02109375,0.0,0.0,1.0
on,5,46,12,False,0.015820312500000003,0.015820312500000003,0.0,0.0,1.0
on,5,46,13,False,0.011865234375000002,0.011865234375000002,0.0,0.0,1.0
on,5,46,14,False,0.00889892578125,0.00889892578125,0.0,0.0,1.0
on,5,46,15,True,0.0066741943359375005,0.0066741943359375005,0.0,0.0,1.0
on,5,46,16,False,0.005005645751953125,0.005005645751953125,0.1,0.1,0.96
on,5,46,17,False,0.028754234313964844,0.028754234313964844,0.09090909090909091,0.09090909090909091,0.9615384615384616
on,5,46,18,False,0.04429294846274636,0.04429294846274636,0.09090909090909091,0.09090909090909091,0.9615384615384616
on,5,46,19,False,0.0559469840743325,0.0559469840743325,0.07692307692307693,0.07692307692307693,0.9655172413793104
on,5,46,20,True,0.061191007286518606,0.061191007286518606,0.0,0.0,1.0
on,5,46,21,False,0.04589325546488895,0.045893255464888955,0.0,0.0,1.0
on,5,46,22,False,0.034419941598666716,0.034419941598666716,0.0,0.0,1.0
on,5,46,23,False,0.02581495619900004,0.02581495619900004,0.0,0.0,1.0
on,5,46,24,False,0.019361217149250026,0.01936121714925003,0.0,0.0,1.0
on,5,46,25,True,0.014520912861937522,0.014520912861937522,0.0,0.0,1.0
on,5,46,26,False,0.010890684646453142,0.010890684646453142,0.0,0.0,1.0
on,5,46,27,False,0.008168013484839858,0.008168013484839858,0.0,0.0,1.0
on,5,46,28,False,0.006126010113629893,0.006126010113629893,0.0,0.0,1.0
on,5,46,29,False,0.004594507585222419,0.00459450758522242,0.0,0.0,1.0
on,5,46,30,True,0.003445880688916815,0.003445880688916815,0.0,0.0,1.0
on,5,46,31,False,0.0025844105166876116,0.0025844105166876116,0.0,0.0,1.0
on,5,46,32,False,0.0019383078875157087,0.0019383078875157087,0.0,0.0,1.0
on,5,46,33,False,0.0014537309156367815,0.0014537309156367815,0.23076923076923078,0.23076923076923078,0.8928571428571429
on,5,46,34,False,0.058782605879035284,0.058782605879035284,0.23076923076923078,0.23076923076923078,0.8928571428571429
on,5,46,35,True,0.10177926210158417,0.10177926210158417,0.0,0.0,1.0
on,5,46,36,False,0.07633444657618813,0.07633444657618813,0.0,0.0,1.0
on,5,46,37,False,0.057250834932141094,0.057250834932141094,0.0,0.0,1.0
on,5,46,38,False,0.04293812619910582,0.04293812619910582,0.0,0.0,1.0
on,5,46,39,False,0.03220359464932937,0.03220359464932937,0.0,0.0,1.0
on,5,47,0,False,0.0,0.0,0.0,0.0,1.0
on,5,47,1,False,0.0,0.0,0.1111111111111111,0.1111111111111111,0.9565217391304348
on,5,47,2,False,0.027777777777777773,0.027777777777777776,0.1,0.1,0.96
on,5,47,3,False,0.04583333333333334,0.04583333333333334,0.1,0.1,0.96
on,5,47,4,False,0.059375000000000004,0.059375000000000004,0.1,0.1,0.96
on,5,47,5,True,0.06953125,0.06953125,0.0,0.0,1.0
on,5,47,6,False,0.05214843750000001,0.052148437500000006,0.0,0.0,1.0
on,5,47,7,False,0.039111328125000004,0.039111328125000004,0.0,0.0,1.0
on,5,47,8,False,0.02933349609375,0.02933349609375,0.0,0.0,1.0
on,5,47,9,False,0.022000122070312506,0.022000122070312503,0.0,0.0,1.0
on,5,47,10,True,0.016500091552734377,0.016500091552734377,0.0,0.0,1.0
on,5,47,11,False,0.012375068664550782,0.012375068664550782,0.0,0.0,1.0
on,5,47,12,False,0.009281301498413089,0.009281301498413087,0.0,0.0,1.0
on,5,47,13,False,0.0069609761238098155,0.0069609761238098155,0.0,0.0,1.0
on,5,47,14,False,0.005220732092857361,0.005220732092857361,0.0,0.0,1.0
on,5,47,15,True,0.003915549069643021,0.003915549069643021,0.0,0.0,1.0
on,5,47,16,False,0.002936661802232266,0.002936661802232266,0.0,0.0,1.0
on,5,47,17,False,0.0022024963516741993,0.0022024963516741993,0.0,0.0,1.0
on,5,47,18,False,0.0016518722637556495,0.0016518722637556495,0.0,0.0,1.0
on,5,47,19,False,0.001238904197816737,0.001238904197816737,0.0,0.0,1.0
on,5,47,20,True,0.0009291781483625529,0.0009291781483625528,0.0,0.0,1.0
on,5,47,21,False,0.0006968836112719146,0.0006968836112719146,0.07692307692307693,0.07692307692307693,0.96
on,5,47,22,False,0.019753431939223166,0.019753431939223166,0.14285714285714285,0.14285714285714285,0.9259259259259259
on,5,47,23,False,0.05052935966870309,0.05052935966870309,0.13333333333333333,0.13333333333333333,0.9310344827586207
on,5,47,24,False,0.07123035308486064,0.07123035308486064,0.11764705882352941,0.11764705882352941,0.9375
on,5,47,25,True,0.08283452951952783,0.08283452951952783,0.0,0.0,1.0
on,5,47,26,False,0.06212589713964587,0.06212589713964587,0.0,0.0,1.0
on,5,47,27,False,0.046594422854734405,0.046594422854734405,0.0,0.0,1.0
on,5,47,28,False,0.0349458171410508,0.0349458171410508,0.0,0.0,1.0
on,5,47,29,False,0.0262093628557881,0.0262093628557881,0.0,0.0,1.0
on,5,47,30,True,0.01965702214184108,0.019657022141841077,0.0,0.0,1.0
on,5,47,31,False,0.014742766606380808,0.014742766606380808,0.0,0.0,1.0
on,5,47,32,False,0.011057074954785603,0.011057074954785605,0.0,0.0,1.0
on,5,47,33,False,0.008292806216089204,0.008292806216089204,0.06666666666666667,0.06666666666666667,0.9696969696969697
on,5,47,34,False,0.02288627132873357,0.022886271328733568,0.06666666666666667,0.06666666666666667,0.9705882352941176
on,5,47,35,True,0.03383137016321684,0.03383137016321684,0.0,0.0,1.0
on,5,47,36,False,0.025373527622412632,0.025373527622412632,0.0,0.0,1.0
on,5,47,37,False,0.019030145716809475,0.019030145716809475,0.0,0.0,1.0
on,5,47,38,False,0.014272609287607107,0.014272609287607107,0.0,0.0,1.0
on,5,47,39,False,0.010704456965705331,0.01070445696570533,0.0,0.0,1.0
on,5,48,0,False,0.0,0.0,0.0,0.0,1.0
on,5,48,1,False,0.0,0.0,0.0,0.0,0.9444444444444444
on,5,48,2,False,0.0,0.0,0.0,0.0,0.95
on,5,48,3,False,0.0,0.0,0.125,0.125,0.9047619047619048
on,5,48,4,False,0.03125,0.03125,0.1,0.1,0.9130434782608695
on,5,48,5,True,0.0484375,0.0484375,0.0,0.0,1.0
on,5,48,6,False,0.036328125,0.036328125,0.0,0.0,1.0
on,5,48,7,False,0.027246093750000002,0.027246093750000002,0.0,0.0,1.0
on,5,48,8,False,0.0204345703125,0.0204345703125,0.06666666666666667,0.06666666666666667,0.9565217391304348
on,5,48,9,False,0.03199259440104167,0.03199259440104167,0.06666666666666667,0.06666666666666667,0.9565217391304348
on,5,48,10,True,0.04066111246744792,0.04066111246744792,0.0,0.0,1.0
on,5,48,11,False,0.03049583435058594,0.03049583435058594,0.06666666666666667,0.06666666666666667,0.9642857142857143
on,5,48,12,False,0.039538542429606124,0.039538542429606124,0.06666666666666667,0.06666666666666667,0.9642857142857143
on,5,48,13,False,0.04632057348887126,0.04632057348887126,0.06666666666666667,0.06666666666666667,0.9642857142857143
on,5,48,14,False,0.051407096783320116,0.051407096783320116,0.06666666666666667,0.06666666666666667,0.9655172413793104
on,5,48,15,True,0.05522198925415674,0.05522198925415675,0.0,0.0,1.0
on,5,48,16,False,0.04141649194061756,0.04141649194061756,0.0,0.0,1.0
on,5,48,17,False,0.031062368955463177,0.031062368955463174,0.0,0.0,1.0
on,5,48,18,False,0.02329677671659738,0.02329677671659738,0.0,0.0,1.0
on,5,48,19,False,0.017472582537448034,0.017472582537448034,0.0,0.0,1.0
on,5,48,20,True,0.013104436903086028,0.013104436903086027,0.0,0.0,1.0
on,5,48,21,False,0.00982832767731452,0.00982832767731452,0.0,0.0,1.0
on,5,48,22,False,0.0073712457579858896,0.0073712457579858896,0.0,0.0,1.0
on,5,48,23,False,0.0055284343184894185,0.005528434318489418,0.0,0.0,1.0
on,5,48,24,False,0.004146325738867063,0.004146325738867063,0.0,0.0,1.0
on,5,48,25,True,0.003109744304150297,0.003109744304150297,0.0,0.0,1.0
on,5,48,26,False,0.0023323082281127235,0.002332308228112723,0.0,0.0,1.0
on,5,48,27,False,0.0017492311710845423,0.0017492311710845423,0.0,0.0,1.0
on,5,48,28,False,0.0013119233783134066,0.0013119233783134066,0.0,0.0,1.0
on,5,48,29,False,0.000983942533735055,0.000983942533735055,0.0,0.0,1.0
on,5,48,30,True,0.0007379569003012913,0.0007379569003012913,0.0,0.0,1.0
on,5,48,31,False,0.0005534676752259684,0.0005534676752259684,0.0,0.0,1.0
on,5,48,32,False,0.0004151007564194763,0.0004151007564194763,0.0,0.0,1.0
on,5,48,33,False,0.00031132556731460723,0.00031132556731460723,0.0,0.0,1.0
on,5,48,34,False,0.00023349417548595538,0.0002334941754859554,0.0,0.0,0.967741935483871
on,5,48,35,True,0.00017512063161446656,0.00017512063161446656,0.0,0.0,1.0
on,5,48,36,False,0.00013134047371084992,0.00013134047371084992,0.1111111111111111,0.1111111111111111,0.9583333333333334
on,5,48,37,False,0.027876283133060915,0.027876283133060915,0.2,0.2,0.9230769230769231
on,5,48,38,False,0.07090721234979569,0.07090721234979569,0.16666666666666666,0.16666666666666666,0.9259259259259259
on,5,48,39,False,0.09484707592901342,0.09484707592901342,0.14285714285714285,0.14285714285714285,0.9310344827586207
on,5,49,0,False,0.0,0.0,0.0,0.0,1.0
on,5,49,1,False,0.0,0.0,0.0,0.0,1.0
on,5,49,2,False,0.0,0.0,0.0,0.0,1.0
on,5,49,3,False,0.0,0.0,0.0,0.0,1.0
on,5,49,4,False,0.0,0.0,0.1111111111111111,0.1111111111111111,0.96
on,5,49,5,True,0.027777777777777773,0.027777777777777776,0.0,0.0,1.0
on,5,49,6,False,0.020833333333333332,0.020833333333333332,0.0,0.0,1.0
on,5,49,7,False,0.015625,0.015625,0.0,0.0,1.0
on,5,49,8,False,0.01171875,0.01171875,0.0,0.0,1.0
on,5,49,9,False,0.0087890625,0.0087890625,0.0,0.0,1.0
on,5,49,10,True,0.006591796875,0.006591796875,0.0,0.0,1.0
on,5,49,11,False,0.00494384765625,0.00494384765625,0.0,0.0,1.0
on,5,49,12,False,0.0037078857421875,0.0037078857421875,0.0,0.0,1.0
on,5,49,13,False,0.002780914306640625,0.002780914306640625,0.0,0.0,1.0
on,5,49,14,False,0.0020856857299804688,0.0020856857299804688,0.0,0.0,1.0
on,5,49,15,True,0.0015642642974853516,0.0015642642974853516,0.0,0.0,1.0
on,5,49,16,False,0.0011731982231140137,0.0011731982231140137,0.0,0.0,1.0
on,5,49,17,False,0.0008798986673355103,0.0008798986673355103,0.0,0.0,0.9565217391304348
on,5,49,18,False,0.0006599240005016327,0.0006599240005016327,0.0,0.0,0.9565217391304348
on,5,49,19,False,0.0004949430003762245,0.0004949430003762245,0.09090909090909091,0.09090909090909091,0.92
on,5,49,20,True,0.023098479977554896,0.023098479977554896,0.0,0.0,1.0
on,5,49,21,False,0.01732385998316617,0.01732385998316617,0.0,0.0,1.0
on,5,49,22,False,0.012992894987374628,0.012992894987374628,0.0,0.0,1.0
on,5,49,23,False,0.00974467124053097,0.00974467124053097,0.0,0.0,1.0
on,5,49,24,False,0.0073085034303982275,0.0073085034303982275,0.0,0.0,1.0
on,5,49,25,True,0.00548137757279867,0.00548137757279867,0.0,0.0,1.0
on,5,49,26,False,0.004111033179599002,0.004111033179599002,0.0,0.0,1.0
on,5,49,27,False,0.003083274884699252,0.003083274884699252,0.0,0.0,1.0
on,5,49,28,False,0.002312456163524439,0.002312456163524439,0.0,0.0,1.0
on,5,49,29,False,0.0017343421226433291,0.0017343421226433291,0.0,0.0,1.0
on,5,49,30,True,0.0013007565919824968,0.0013007565919824968,0.0,0.0,1.0
on,5,49,31,False,0.0009755674439868725,0.0009755674439868725,0.0,0.0,1.0
on,5,49,32,False,0.0007316755829901544,0.0007316755829901544,0.0,0.0,1.0
on,5,49,33,False,0.0005487566872426158,0.0005487566872426158,0.0,0.0,1.0
on,5,49,34,False,0.0004115675154319618,0.0004115675154319618,0.0,0.0,1.0
on,5,49,35,True,0.0003086756365739714,0.0003086756365739714,0.0,0.0,1.0
on,5,49,36,False,0.00023150672743047854,0.00023150672743047854,0.0,0.0,1.0
on,5,49,37,False,0.0001736300455728589,0.0001736300455728589,0.0,0.0,1.0
on,5,49,38,False,0.0001302225341796442,0.0001302225341796442,0.0,0.0,1.0
on,5,49,39,False,9.766690063473314e-05,9.766690063473314e-05,0.0,0.0,1.0
on,5,50,0,False,0.0,0.0,0.0,0.0,1.0
on,5,50,1,False,0.0,0.0,0.0,0.0,1.0
on,5,50,2,False,0.0,0.0,0.0,0.0,1.0
on,5,50,3,False,0.0,0.0,0.058823529411764705,0.058823529411764705,0.96
on,5,50,4,False,0.014705882352941176,0.014705882352941176,0.05555555555555555,0.05555555555555555,0.9615384615384616
on,5,50,5,True,0.02491830065359477,0.02491830065359477,0.0,0.0,1.0
on,5,50,6,False,0.018688725490196078,0.018688725490196078,0.0,0.0,1.0
on,5,50,7,False,0.01401654411764706,0.014016544117647058,0.0,0.0,1.0
on,5,50,8,False,0.010512408088235293,0.010512408088235293,0.0,0.0,1.0
on,5,50,9,False,0.00788430606617647,0.00788430606617647,0.0,0.0,1.0
on,5,50,10,True,0.0059132295496323525,0.0059132295496323525,0.0,0.0,1.0
on,5,50,11,False,0.004434922162224264,0.004434922162224264,0.0,0.0,1.0
on,5,50,12,False,0.0033261916216681983,0.0033261916216681983,0.0,0.0,1.0
on,5,50,13,False,0.0024946437162511486,0.0024946437162511486,0.0,0.0,1.0
on,5,50,14,False,0.0018709827871883616,0.0018709827871883616,0.0,0.0,1.0
on,5,50,15,True,0.0014032370903912712,0.0014032370903912712,0.0,0.0,1.0
on,5,50,16,False,0.0010524278177934535,0.0010524278177934535,0.0,0.0,1.0
on,5,50,17,False,0.0007893208633450901,0.0007893208633450901,0.0,0.0,1.0
on,5,50,18,False,0.0005919906475088174,0.0005919906475088175,0.0,0.0,1.0
on,5,50,19,False,0.00044399298563161315,0.00044399298563161315,0.0,0.0,1.0
on,5,50,20,True,0.00033299473922370994,0.0003329947392237099,0.0,0.0,1.0
on,5,50,21,False,0.0002497460544177824,0.0002497460544177824,0.0,0.0,1.0
on,5,50,22,False,0.00018730954081333677,0.0001873095408133368,0.0,0.0,1.0
on,5,50,23,False,0.0001404821556100026,0.0001404821556100026,0.0,0.0,1.0
on,5,50,24,False,0.00010536161670750197,0.00010536161670750196,0.0,0.0,1.0
on,5,50,25,True,7.902121253062647e-05,7.902121253062647e-05,0.0,0.0,1.0
on,5,50,26,False,5.926590939796984e-05,5.926590939796985e-05,0.1111111111111111,0.1111111111111111,0.9565217391304348
on,5,50,27,False,0.027822227209826255,0.027822227209826255,0.1,0.1,0.96
on,5,50,28,False,0.04586667040736969,0.04586667040736969,0.07692307692307693,0.07692307692307693,0.9629629629629629
on,5,50,29,False,0.0536307720362965,0.0536307720362965,0.06666666666666667,0.06666666666666667,0.967741935483871
on,5,50,30,True,0.056889745693889035,0.056889745693889035,0.0,0.0,1.0
on,5,50,31,False,0.04266730927041677,0.04266730927041677,0.0,0.0,1.0
on,5,50,32,False,0.032000481952812576,0.032000481952812576,0.0,0.0,1.0
on,5,50,33,False,0.024000361464609432,0.024000361464609432,0.0,0.0,1.0
on,5,50,34,False,0.01800027109845707,0.018000271098457074,0.0,0.0,1.0
on,5,50,35,True,0.013500203323842806,0.013500203323842806,0.0,0.0,1.0
on,5,50,36,False,0.010125152492882105,0.010125152492882105,0.08333333333333333,0.08333333333333333,0.9166666666666666
on,5,50,37,False,0.02842719770299491,0.02842719770299491,0.08333333333333333,0.08333333333333333,0.9166666666666666
on,5,50,38,False,0.04215373161057952,0.04215373161057952,0.07142857142857142,0.07142857142857142,0.9259259259259259
on,5,50,39,False,0.0494724415650775,0.0494724415650775,0.05263157894736842,0.05263157894736842,0.9375
on,5,51,0,False,0.0,0.0,0.0,0.0,1.0
on,5,51,1,False,0.0,0.0,0.0,0.0,1.0
on,5,51,2,False,0.0,0.0,0.0,0.0,1.0
on,5,51,3,False,0.0,0.0,0.0,0.0,1.0
on,5,51,4,False,0.0,0.0,0.0,0.0,1.0
on,5,51,5,True,0.0,0.0,0.0,0.0,1.0
on,5,51,6,False,0.0,0.0,0.125,0.125,0.9473684210526315
on,5,51,7,False,0.03125,0.03125,0.1111111111111111,0.1111111111111111,0.9523809523809523
on,5,51,8,False,0.051215277777777776,0.051215277777777776,0.1,0.1,0.9545454545454546
on,5,51,9,False,0.06341145833333334,0.06341145833333334,0.15384615384615385,0.15384615384615385,0.9230769230769231
on,5,51,10,True,0.08602013221153847,0.08602013221153847,0.0,0.0,1.0
on,5,51,11,False,0.06451509915865385,0.06451509915865385,0.0,0.0,1.0
on,5,51,12,False,0.04838632436899039,0.04838632436899039,0.0,0.0,1.0
on,5,51,13,False,0.036289743276742795,0.036289743276742795,0.0,0.0,1.0
on,5,51,14,False,0.027217307457557096,0.027217307457557096,0.0,0.0,1.0
on,5,51,15,True,0.02041298059316782,0.02041298059316782,0.0,0.0,1.0
on,5,51,16,False,0.015309735444875867,0.015309735444875867,0.0,0.0,1.0
on,5,51,17,False,0.011482301583656901,0.011482301583656901,0.0,0.0,1.0
on,5,51,18,False,0.008611726187742676,0.008611726187742676,0.0,0.0,1.0
on,5,51,19,False,0.006458794640807007,0.006458794640807007,0.0,0.0,1.0
on,5,51,20,True,0.004844095980605255,0.004844095980605255,0.0,0.0,1.0
on,5,51,21,False,0.003633071985453941,0.003633071985453941,0.0,0.0,1.0
on,5,51,22,False,0.002724803989090456,0.002724803989090456,0.0,0.0,1.0
on,5,51,23,False,0.0020436029918178417,0.0020436029918178417,0.0,0.0,1.0
on,5,51,24,False,0.0015327022438633812,0.0015327022438633812,0.0,0.0,1.0
on,5,51,25,True,0.0011495266828975362,0.001149526682897536,0.0,0.0,1.0
on,5,51,26,False,0.000862145012173152,0.000862145012173152,0.0,0.0,1.0
on,5,51,27,False,0.0006466087591298639,0.0006466087591298639,0.16666666666666666,0.16666666666666666,0.9523809523809523
on,5,51,28,False,0.04215162323601406,0.04215162323601406,0.14285714285714285,0.14285714285714285,0.9565217391304348
on,5,51,29,False,0.06732800314129625,0.06732800314129625,0.1111111111111111,0.1111111111111111,0.9615384615384616
on,5,51,30,True,0.07827378013374997,0.07827378013374997,0.0,0.0,1.0
on,5,51,31,False,0.05870533510031247,0.05870533510031248,0.0,0.0,1.0
on,5,51,32,False,0.04402900132523436,0.04402900132523436,0.0,0.0,1.0
on,5,51,33,False,0.03302175099392577,0.03302175099392577,0.0,0.0,1.0
on,5,51,34,False,0.024766313245444333,0.02476631324544433,0.0,0.0,1.0
on,5,51,35,True,0.018574734934083247,0.018574734934083247,0.0,0.0,1.0
on,5,51,36,False,0.013931051200562436,0.013931051200562435,0.1111111111111111,0.1111111111111111,0.9545454545454546
on,5,51,37,False,0.038226066178199604,0.038226066178199604,0.09090909090909091,0.09090909090909091,0.9583333333333334
on,5,51,38,False,0.05139682236092243,0.05139682236092243,0.09090909090909091,0.09090909090909091,0.96
on,5,51,39,False,0.06127488949796455,0.06127488949796455,0.08333333333333333,0.08333333333333333,0.9615384615384616
on,10,42,0,False,0.0,0.0,0.0,0.0,1.0
on,10,42,1,False,0.0,0.0,0.0,0.0,0.95
on,10,42,2,False,0.0,0.0,0.0,0.0,0.95
on,10,42,3,False,0.0,0.0,0.0,0.0,0.9523809523809523
on,10,42,4,False,0.0,0.0,0.0,0.0,0.9545454545454546
on,10,42,5,False,0.0,0.0,0.0,0.0,0.9565217391304348
on,10,42,6,False,0.0,0.0,0.0,0.0,0.9583333333333334
on,10,42,7,False,0.0,0.0,0.0,0.0,0.9615384615384616
on,10,42,8,False,0.0,0.0,0.0,0.0,0.9285714285714286
on,10,42,9,False,0.0,0.0,0.0,0.0,0.9333333333333333
on,10,42,10,True,0.0,0.0,0.0,0.0,1.0
on,10,42,11,False,0.0,0.0,0.0,0.0,1.0
on,10,42,12,False,0.0,0.0,0.0,0.0,1.0
on,10,42,13,False,0.0,0.0,0.0,0.0,1.0
on,10,42,14,False,0.0,0.0,0.058823529411764705,0.058823529411764705,0.967741935483871
on,10,42,15,False,0.014705882352941176,0.014705882352941176,0.058823529411764705,0.058823529411764705,0.9696969696969697
on,10,42,16,False,0.025735294117647058,0.025735294117647058,0.05555555555555555,0.05555555555555555,0.9705882352941176
on,10,42,17,False,0.03319035947712418,0.03319035947712418,0.05263157894736842,0.05263157894736842,0.9444444444444444
on,10,42,18,False,0.038050664344685244,0.038050664344685244,0.05,0.05,0.9459459459459459
on,10,42,19,False,0.04103799825851394,0.04103799825851394,0.05,0.05,0.9459459459459459
on,10,42,20,True,0.043278498693885455,0.043278498693885455,0.0,0.0,1.0
on,10,42,21,False,0.03245887402041409,0.03245887402041409,0.0,0.0,1.0
on,10,42,22,False,0.02434415551531057,0.02434415551531057,0.0,0.0,1.0
on,10,42,23,False,0.01825811663648293,0.018258116636482927,0.1,0.1,0.9565217391304348
on,10,42,24,False,0.03869358747736219,0.03869358747736219,0.1,0.1,0.9565217391304348
on,10,42,25,False,0.05402019060802164,0.05402019060802164,0.1,0.1,0.9565217391304348
on,10,42,26,False,0.06551514295601624,0.06551514295601624,0.1,0.1,0.9565217391304348
on,10,42,27,False,0.07413635721701217,0.07413635721701217,0.09090909090909091,0.09090909090909091,0.9583333333333334
on,10,42,28,False,0.07832954064003186,0.07832954064003186,0.15384615384615385,0.15384615384615385,0.9285714285714286
on,10,42,29,False,0.09720869394156237,0.09720869394156237,0.14285714285714285,0.14285714285714285,0.9310344827586207
on,10,42,30,True,0.10862080617045748,0.10862080617045748,0.0,0.0,1.0
on,10,42,31,False,0.08146560462784311,0.08146560462784311,0.0,0.0,1.0
on,10,42,32,False,0.06109920347088233,0.06109920347088233,0.0,0.0,1.0
on,10,42,33,False,0.04582440260316175,0.04582440260316175,0.0,0.0,1.0
on,10,42,34,False,0.03436830195237131,0.03436830195237131,0.05263157894736842,0.05263157894736842,0.9655172413793104
on,10,42,35,False,0.03893412120112059,0.03893412120112059,0.05,0.05,0.9666666666666667
on,10,42,36,False,0.04170059090084044,0.04170059090084044,0.1,0.09090909090909091,0.9393939393939394
on,10,42,37,False,0.05627544317563033,0.05627544317563033,0.1,0.13043478260869565,0.9117647058823529
on,10,42,38,False,0.06720658238172275,0.06720658238172275,0.1,0.13043478260869565,0.9142857142857143
on,10,42,39,False,0.07540493678629205,0.07540493678629206,0.1,0.13043478260869565,0.9142857142857143
on,10,43,0,False,0.0,0.0,0.0,0.0,1.0
on,10,43,1,False,0.0,0.0,0.0,0.0,1.0
on,10,43,2,False,0.0,0.0,0.0,0.0,1.0
on,10,43,3,False,0.0,0.0,0.0,0.0,0.96
on,10,43,4,False,0.0,0.0,0.0,0.0,0.96
on,10,43,5,False,0.0,0.0,0.0,0.0,0.9615384615384616
on,10,43,6,False,0.0,0.0,0.0,0.0,0.9642857142857143
on,10,43,7,False,0.0,0.0,0.0,0.0,0.96875
on,10,43,8,False,0.0,0.0,0.0,0.0,0.9705882352941176
on,10,43,9,False,0.0,0.0,0.0,0.0,0.9714285714285714
on,10,43,10,True,0.0,0.0,0.0,0.0,1.0
on,10,43,11,False,0.0,0.0,0.0,0.0,1.0
on,10,43,12,False,0.0,0.0,0.0,0.0,1.0
on,10,43,13,False,0.0,0.0,0.0,0.0,1.0
on,10,43,14,False,0.0,0.0,0.07142857142857142,0.07142857142857142,0.9615384615384616
on,10,43,15,False,0.017857142857142856,0.017857142857142856,0.06666666666666667,0.06666666666666667,0.9629629629629629
on,10,43,16,False,0.030059523809523807,0.030059523809523807,0.058823529411764705,0.058823529411764705,0.9666666666666667
on,10,43,17,False,0.037250525210084026,0.037250525210084026,0.10526315789473684,0.10526315789473684,0.9375
on,10,43,18,False,0.05425368338124722,0.054253683381247225,0.10526315789473684,0.10526315789473684,0.9393939393939394
on,10,43,19,False,0.06700605200961962,0.06700605200961962,0.1,0.1,0.9411764705882353
on,10,43,20,True,0.07525453900721471,0.07525453900721471,0.0,0.0,1.0
on,10,43,21,False,0.05644090425541103,0.05644090425541103,0.0,0.0,1.0
on,10,43,22,False,0.04233067819155827,0.04233067819155827,0.0,0.0,1.0
on,10,43,23,False,0.0317480086436687,0.0317480086436687,0.0,0.0,1.0
on,10,43,24,False,0.02381100648275153,0.02381100648275153,0.0,0.0,1.0
on,10,43,25,False,0.017858254862063643,0.017858254862063647,0.0,0.0,1.0
on,10,43,26,False,0.013393691146547735,0.013393691146547735,0.0,0.0,1.0
on,10,43,27,False,0.010045268359910802,0.010045268359910802,0.0,0.0,1.0
on,10,43,28,False,0.007533951269933102,0.007533951269933102,0.0,0.0,1.0
on,10,43,29,False,0.005650463452449826,0.005650463452449826,0.0,0.0,1.0
on,10,43,30,True,0.00423784758933737,0.00423784758933737,0.0,0.0,1.0
on,10,43,31,False,0.0031783856920030275,0.0031783856920030275,0.0,0.0,1.0
on,10,43,32,False,0.0023837892690022713,0.002383789269002271,0.0,0.0,1.0
on,10,43,33,False,0.0017878419517517031,0.0017878419517517031,0.0,0.0,1.0
on,10,43,34,False,0.0013408814638137772,0.0013408814638137772,0.0,0.0,1.0
on,10,43,35,False,0.0010056610978603328,0.0010056610978603328,0.0,0.0,1.0
on,10,43,36,False,0.0007542458233952496,0.0007542458233952496,0.0,0.0,1.0
on,10,43,37,False,0.0005656843675464372,0.0005656843675464372,0.0,0.0,0.9696969696969697
on,10,43,38,False,0.00042426327565982794,0.0004242632756598279,0.0,0.0,0.9722222222222222
on,10,43,39,False,0.0003181974567448709,0.0003181974567448709,0.0,0.0,0.972972972972973
on,10,44,0,False,0.0,0.0,0.0,0.0,1.0
on,10,44,1,False,0.0,0.0,0.0,0.0,1.0
on,10,44,2,False,0.0,0.0,0.0,0.0,0.9523809523809523
on,10,44,3,False,0.0,0.0,0.0,0.0,0.9565217391304348
on,10,44,4,False,0.0,0.0,0.0,0.0,0.92
on,10,44,5,False,0.0,0.0,0.0,0.0,0.92
on,10,44,6,False,0.0,0.0,0.08333333333333333,0.08333333333333333,0.8928571428571429
on,10,44,7,False,0.020833333333333332,0.020833333333333332,0.125,0.125,0.875
on,10,44,8,False,0.046875,0.046875,0.1111111111111111,0.1111111111111111,0.8823529411764706
on,10,44,9,False,0.06293402777777778,0.06293402777777778,0.1111111111111111,0.1111111111111111,0.8857142857142857
on,10,44,10,True,0.07497829861111109,0.0749782986111111,0.0,0.0,1.0
on,10,44,11,False,0.05623372395833333,0.05623372395833333,0.1111111111111111,0.1111111111111111,0.9642857142857143
on,10,44,12,False,0.06995307074652778,0.06995307074652778,0.1,0.1,0.967741935483871
on,10,44,13,False,0.07746480305989582,0.07746480305989584,0.1,0.1,0.967741935483871
on,10,44,14,False,0.0830986022949219,0.08309860229492189,0.16666666666666666,0.16666666666666666,0.9393939393939394
on,10,44,15,False,0.10399061838785809,0.10399061838785809,0.16666666666666666,0.16666666666666666,0.9393939393939394
on,10,44,16,False,0.11965963045756023,0.11965963045756023,0.16666666666666666,0.16666666666666666,0.9393939393939394
on,10,44,17,False,0.13141138950983683,0.13141138950983683,0.16666666666666666,0.16666666666666666,0.9411764705882353
on,10,44,18,False,0.1402252087990443,0.1402252087990443,0.16666666666666666,0.16666666666666666,0.9411764705882353
on,10,44,19,False,0.14683557326594987,0.14683557326594987,0.16666666666666666,0.16666666666666666,0.9411764705882353
on,10,44,20,True,0.15179334661612906,0.15179334661612906,0.0,0.0,1.0
on,10,44,21,False,0.11384500996209679,0.11384500996209679,0.0,0.0,1.0
on,10,44,22,False,0.08538375747157259,0.08538375747157259,0.0,0.0,1.0
on,10,44,23,False,0.06403781810367945,0.06403781810367945,0.0,0.0,1.0
on,10,44,24,False,0.04802836357775959,0.04802836357775959,0.0,0.0,1.0
on,10,44,25,False,0.03602127268331969,0.03602127268331969,0.0,0.0,1.0
on,10,44,26,False,0.027015954512489764,0.027015954512489768,0.0,0.0,1.0
on,10,44,27,False,0.020261965884367326,0.020261965884367326,0.0,0.0,1.0
on,10,44,28,False,0.015196474413275495,0.015196474413275495,0.0,0.0,1.0
on,10,44,29,False,0.011397355809956619,0.01139735580995662,0.0,0.0,1.0
on,10,44,30,True,0.008548016857467465,0.008548016857467465,0.0,0.0,1.0
on,10,44,31,False,0.0064110126431005995,0.0064110126431005995,0.0,0.0,1.0
on,10,44,32,False,0.004808259482325448,0.004808259482325449,0.14285714285714285,0.14285714285714285,0.9545454545454546
on,10,44,33,False,0.0393204803260298,0.0393204803260298,0.14285714285714285,0.14285714285714285,0.9545454545454546
on,10,44,34,False,0.06520464595880807,0.06520464595880807,0.14285714285714285,0.14285714285714285,0.9565217391304348
on,10,44,35,False,0.08461777018339176,0.08461777018339176,0.14285714285714285,0.14285714285714285,0.9565217391304348
on,10,44,36,False,0.09917761335182952,0.09917761335182952,0.14285714285714285,0.14285714285714285,0.9565217391304348
on,10,44,37,False,0.11009749572815786,0.11009749572815786,0.125,0.125,0.96
on,10,44,38,False,0.11382312179611839,0.11382312179611839,0.1111111111111111,0.1111111111111111,0.9629629629629629
on,10,44,39,False,0.11314511912486656,0.11314511912486656,0.18181818181818182,0.18181818181818182,0.9310344827586207
on,10,45,0,False,0.0,0.0,0.0,0.0,1.0
on,10,45,1,False,0.0,0.0,0.0,0.0,1.0
on,10,45,2,False,0.0,0.0,0.0,0.0,1.0
on,10,45,3,False,0.0,0.0,0.0,0.0,1.0
on,10,45,4,False,0.0,0.0,0.0,0.0,1.0
on,10,45,5,False,0.0,0.0,0.0,0.0,1.0
on,10,45,6,False,0.0,0.0,0.0,0.0,1.0
on,10,45,7,False,0.0,0.0,0.0,0.0,1.0
on,10,45,8,False,0.0,0.0,0.0,0.0,1.0
on,10,45,9,False,0.0,0.0,0.0,0.0,1.0
on,10,45,10,True,0.0,0.0,0.0,0.0,1.0
on,10,45,11,False,0.0,0.0,0.0,0.0,1.0
on,10,45,12,False,0.0,0.0,0.0,0.0,1.0
on,10,45,13,False,0.0,0.0,0.0,0.0,1.0
on,10,45,14,False,0.0,0.0,0.0,0.0,1.0
on,10,45,15,False,0.0,0.0,0.0,0.0,1.0
on,10,45,16,False,0.0,0.0,0.0,0.0,1.0
on,10,45,17,False,0.0,0.0,0.0,0.0,1.0
on,10,45,18,False,0.0,0.0,0.0,0.0,1.0
on,10,45,19,False,0.0,0.0,0.0,0.0,1.0
on,10,45,20,True,0.0,0.0,0.0,0.0,1.0
on,10,45,21,False,0.0,0.0,0.0,0.0,1.0
on,10,45,22,False,0.0,0.0,0.0,0.0,1.0
on,10,45,23,False,0.0,0.0,0.0,0.0,1.0
on,10,45,24,False,0.0,0.0,0.0,0.0,1.0
on,10,45,25,False,0.0,0.0,0.0,0.0,1.0
on,10,45,26,False,0.0,0.0,0.0,0.0,1.0
on,10,45,27,False,0.0,0.0,0.0,0.0,1.0
on,10,45,28,False,0.0,0.0,0.0,0.0,1.0
on,10,45,29,False,0.0,0.0,0.0,0.0,1.0
on,10,45,30,True,0.0,0.0,0.0,0.0,1.0
on,10,45,31,False,0.0,0.0,0.0,0.0,1.0
on,10,45,32,False,0.0,0.0,0.0,0.0,1.0
on,10,45,33,False,0.0,0.0,0.0,0.0,1.0
on,10,45,34,False,0.0,0.0,0.0,0.0,1.0
on,10,45,35,False,0.0,0.0,0.0,0.0,1.0
on,10,45,36,False,0.0,0.0,0.0,0.0,1.0
on,10,45,37,False,0.0,0.0,0.0,0.0,1.0
on,10,45,38,False,0.0,0.0,0.0,0.0,1.0
on,10,45,39,False,0.0,0.0,0.0,0.0,1.0
on,10,46,0,False,0.0,0.0,0.0,0.0,1.0
on,10,46,1,False,0.0,0.0,0.0,0.0,1.0
on,10,46,2,False,0.0,0.0,0.0,0.0,1.0
on,10,46,3,False,0.0,0.0,0.0,0.0,1.0
on,10,46,4,False,0.0,0.0,0.0,0.0,1.0
on,10,46,5,False,0.0,0.0,0.0,0.0,1.0
on,10,46,6,False,0.0,0.0,0.0,0.0,1.0
on,10,46,7,False,0.0,0.0,0.0,0.0,1.0
on,10,46,8,False,0.0,0.0,0.0,0.0,1.0
on,10,46,9,False,0.0,0.0,0.14285714285714285,0.14285714285714285,0.9354838709677419
on,10,46,10,True,0.03571428571428571,0.03571428571428571,0.0,0.0,1.0
on,10,46,11,False,0.026785714285714284,0.026785714285714284,0.0,0.0,1.0
on,10,46,12,False,0.020089285714285716,0.020089285714285712,0.0,0.0,1.0
on,10,46,13,False,0.015066964285714284,0.015066964285714284,0.0,0.0,1.0
on,10,46,14,False,0.011300223214285712,0.011300223214285712,0.0,0.0,1.0
on,10,46,15,False,0.008475167410714284,0.008475167410714284,0.08333333333333333,0.08333333333333333,0.9629629629629629
on,10,46,16,False,0.027189708891369044,0.027189708891369044,0.08333333333333333,0.08333333333333333,0.9629629629629629
on,10,46,17,False,0.041225615001860116,0.041225615001860116,0.07692307692307693,0.07692307692307693,0.9642857142857143
on,10,46,18,False,0.05014998048216431,0.05014998048216432,0.07692307692307693,0.07692307692307693,0.9655172413793104
on,10,46,19,False,0.05684325459239247,0.05684325459239247,0.06666666666666667,0.06666666666666667,0.967741935483871
on,10,46,20,True,0.05929910761096102,0.05929910761096102,0.0,0.0,1.0
on,10,46,21,False,0.044474330708220766,0.044474330708220766,0.0,0.0,1.0
on,10,46,22,False,0.033355748031165575,0.033355748031165575,0.0,0.0,1.0
on,10,46,23,False,0.02501681102337418,0.02501681102337418,0.0,0.0,1.0
on,10,46,24,False,0.01876260826753064,0.018762608267530637,0.0,0.0,1.0
on,10,46,25,False,0.014071956200647977,0.014071956200647977,0.0,0.0,1.0
on,10,46,26,False,0.010553967150485982,0.010553967150485982,0.0,0.0,1.0
on,10,46,27,False,0.007915475362864487,0.007915475362864487,0.0,0.0,1.0
on,10,46,28,False,0.005936606522148365,0.005936606522148365,0.0,0.0,1.0
on,10,46,29,False,0.004452454891611274,0.004452454891611274,0.0,0.0,1.0
on,10,46,30,True,0.0033393411687084556,0.0033393411687084556,0.0,0.0,1.0
on,10,46,31,False,0.0025045058765313416,0.0025045058765313416,0.0,0.0,1.0
on,10,46,32,False,0.0018783794073985063,0.0018783794073985063,0.0,0.0,0.96
on,10,46,33,False,0.0014087845555488796,0.0014087845555488796,0.0,0.0,0.9615384615384616
on,10,46,34,False,0.0010565884166616598,0.0010565884166616598,0.0,0.0,0.9629629629629629
on,10,46,35,False,0.0007924413124962449,0.0007924413124962449,0.0,0.0,0.9642857142857143
on,10,46,36,False,0.0005943309843721838,0.0005943309843721837,0.06666666666666667,0.06666666666666667,0.9354838709677419
on,10,46,37,False,0.017112414904945805,0.017112414904945805,0.1111111111111111,0.1111111111111111,0.9117647058823529
on,10,46,38,False,0.04061208895648712,0.04061208895648713,0.1,0.09523809523809523,0.8947368421052632
on,10,46,39,False,0.05545906671736535,0.05545906671736535,0.1,0.08695652173913043,0.9
on,10,47,0,False,0.0,0.0,0.0,0.0,1.0
on,10,47,1,False,0.0,0.0,0.1111111111111111,0.1111111111111111,0.9565217391304348
on,10,47,2,False,0.027777777777777773,0.027777777777777776,0.1,0.1,0.96
on,10,47,3,False,0.04583333333333334,0.04583333333333334,0.1,0.1,0.96
on,10,47,4,False,0.059375000000000004,0.059375000000000004,0.1,0.1,0.96
on,10,47,5,False,0.06953125,0.06953125,0.1,0.1,0.96
on,10,47,6,False,0.0771484375,0.0771484375,0.08333333333333333,0.08333333333333333,0.9629629629629629
on,10,47,7,False,0.07869466145833333,0.07869466145833333,0.08333333333333333,0.08333333333333333,0.9642857142857143
on,10,47,8,False,0.07985432942708333,0.07985432942708333,0.07142857142857142,0.07142857142857142,0.9666666666666667
on,10,47,9,False,0.07774788992745536,0.07774788992745535,0.06666666666666667,0.06666666666666667,0.967741935483871
on,10,47,10,True,0.07497758411225817,0.07497758411225817,0.0,0.0,1.0
on,10,47,11,False,0.05623318808419363,0.05623318808419363,0.0,0.0,1.0
on,10,47,12,False,0.04217489106314522,0.04217489106314522,0.0,0.0,1.0
on,10,47,13,False,0.031631168297358916,0.031631168297358916,0.0,0.0,1.0
on,10,47,14,False,0.023723376223019187,0.023723376223019187,0.0,0.0,0.967741935483871
on,10,47,15,False,0.01779253216726439,0.01779253216726439,0.0,0.0,0.9428571428571428
on,10,47,16,False,0.013344399125448292,0.013344399125448292,0.0,0.0,0.9459459459459459
on,10,47,17,False,0.01000829934408622,0.01000829934408622,0.0,0.0,0.9459459459459459
on,10,47,18,False,0.007506224508064665,0.007506224508064665,0.0,0.0,0.9459459459459459
on,10,47,19,False,0.005629668381048498,0.005629668381048498,0.0,0.0,0.9473684210526315
on,10,47,20,True,0.0042222512857863735,0.0042222512857863735,0.0,0.0,1.0
on,10,47,21,False,0.00316668846433978,0.00316668846433978,0.1111111111111111,0.1111111111111111,0.9545454545454546
on,10,47,22,False,0.03015279412603261,0.03015279412603261,0.1111111111111111,0.1111111111111111,0.9565217391304348
on,10,47,23,False,0.050392373372302235,0.050392373372302235,0.1111111111111111,0.1111111111111111,0.9565217391304348
on,10,47,24,False,0.06557205780700445,0.06557205780700445,0.1,0.1,0.96
on,10,47,25,False,0.07417904335525334,0.07417904335525334,0.1,0.1,0.9629629629629629
on,10,47,26,False,0.08063428251644,0.08063428251644,0.1,0.1,0.9642857142857143
on,10,47,27,False,0.08547571188733001,0.08547571188733,0.1,0.1,0.9642857142857143
on,10,47,28,False,0.0891067839154975,0.0891067839154975,0.08333333333333333,0.08333333333333333,0.96875
on,10,47,29,False,0.08766342126995645,0.08766342126995645,0.08333333333333333,0.08333333333333333,0.96875
on,10,47,30,True,0.08658089928580066,0.08658089928580066,0.0,0.0,1.0
on,10,47,31,False,0.0649356744643505,0.0649356744643505,0.0,0.0,1.0
on,10,47,32,False,0.048701755848262876,0.048701755848262876,0.0,0.0,1.0
on,10,47,33,False,0.03652631688619716,0.03652631688619716,0.0,0.0,1.0
on,10,47,34,False,0.02739473766464787,0.02739473766464787,0.1,0.1,0.9565217391304348
on,10,47,35,False,0.045546053248485895,0.0455460532484859,0.15384615384615385,0.15384615384615385,0.9230769230769231
on,10,47,36,False,0.07262107839790288,0.07262107839790288,0.14285714285714285,0.14285714285714285,0.9285714285714286
on,10,47,37,False,0.09018009451271287,0.09018009451271287,0.13333333333333333,0.13333333333333333,0.9333333333333333
on,10,47,38,False,0.10096840421786799,0.10096840421786799,0.13333333333333333,0.13333333333333333,0.9333333333333333
on,10,47,39,False,0.10905963649673431,0.10905963649673431,0.125,0.125,0.9375
on,10,48,0,False,0.0,0.0,0.0,0.0,1.0
on,10,48,1,False,0.0,0.0,0.0,0.0,0.9444444444444444
on,10,48,2,False,0.0,0.0,0.0,0.0,0.95
on,10,48,3,False,0.0,0.0,0.125,0.125,0.9047619047619048
on,10,48,4,False,0.03125,0.03125,0.1,0.1,0.9130434782608695
on,10,48,5,False,0.0484375,0.0484375,0.1,0.1,0.9166666666666666
on,10,48,6,False,0.061328125000000004,0.061328125000000004,0.09090909090909091,0.09090909090909091,0.92
on,10,48,7,False,0.06872336647727273,0.06872336647727273,0.09090909090909091,0.09090909090909091,0.9230769230769231
on,10,48,8,False,0.07426979758522727,0.07426979758522728,0.07692307692307693,0.07692307692307693,0.9310344827586207
on,10,48,9,False,0.0749331174196897,0.0749331174196897,0.07142857142857142,0.07142857142857142,0.9375
on,10,48,10,True,0.07405698092191013,0.07405698092191013,0.0,0.0,1.0
on,10,48,11,False,0.055542735691432595,0.055542735691432595,0.0,0.0,1.0
on,10,48,12,False,0.04165705176857445,0.04165705176857445,0.15384615384615385,0.15384615384615385,0.9333333333333333
on,10,48,13,False,0.0697043272879693,0.0697043272879693,0.15384615384615385,0.15384615384615385,0.9393939393939394
on,10,48,14,False,0.09073978392751544,0.09073978392751544,0.15384615384615385,0.15384615384615385,0.9393939393939394
on,10,48,15,False,0.10651637640717504,0.10651637640717504,0.14285714285714285,0.14285714285714285,0.9411764705882353
on,10,48,16,False,0.11560156801966699,0.11560156801966699,0.13333333333333333,0.13333333333333333,0.9444444444444444
on,10,48,17,False,0.12003450934808357,0.12003450934808357,0.13333333333333333,0.13333333333333333,0.9444444444444444
on,10,48,18,False,0.123359215344396,0.123359215344396,0.125,0.125,0.9487179487179487
on,10,48,19,False,0.12376941150829701,0.12376941150829701,0.125,0.125,0.9487179487179487
on,10,48,20,True,0.12407705863122276,0.12407705863122276,0.0,0.0,1.0
on,10,48,21,False,0.09305779397341707,0.09305779397341707,0.0,0.0,1.0
on,10,48,22,False,0.0697933454800628,0.0697933454800628,0.0,0.0,1.0
on,10,48,23,False,0.0523450091100471,0.0523450091100471,0.0,0.0,1.0
on,10,48,24,False,0.039258756832535324,0.039258756832535324,0.0,0.0,1.0
on,10,48,25,False,0.029444067624401493,0.029444067624401493,0.0,0.0,1.0
on,10,48,26,False,0.022083050718301116,0.02208305071830112,0.13333333333333333,0.13333333333333333,0.9354838709677419
on,10,48,27,False,0.049895621372059176,0.049895621372059176,0.11764705882352941,0.11764705882352941,0.9393939393939394
on,10,48,28,False,0.06683348073492673,0.06683348073492673,0.11764705882352941,0.11764705882352941,0.9166666666666666
on,10,48,29,False,0.0795368752570774,0.0795368752570774,0.15789473684210525,0.15789473684210525,0.9
on,10,48,30,True,0.09912634065333437,0.09912634065333437,0.0,0.0,1.0
on,10,48,31,False,0.07434475549000077,0.07434475549000077,0.0,0.0,1.0
on,10,48,32,False,0.05575856661750058,0.05575856661750058,0.0,0.0,1.0
on,10,48,33,False,0.041818924963125434,0.041818924963125434,0.0,0.0,1.0
on,10,48,34,False,0.03136419372234407,0.03136419372234407,0.0,0.0,1.0
on,10,48,35,False,0.023523145291758054,0.023523145291758054,0.0,0.0,1.0
on,10,48,36,False,0.01764235896881854,0.01764235896881854,0.0,0.0,1.0
on,10,48,37,False,0.013231769226613907,0.013231769226613906,0.0,0.0,1.0
on,10,48,38,False,0.00992382691996043,0.00992382691996043,0.0,0.0,1.0
on,10,48,39,False,0.0074428701899703215,0.0074428701899703215,0.0,0.0,1.0
on,10,49,0,False,0.0,0.0,0.0,0.0,1.0
on,10,49,1,False,0.0,0.0,0.0,0.0,1.0
on,10,49,2,False,0.0,0.0,0.0,0.0,1.0
on,10,49,3,False,0.0,0.0,0.0,0.0,1.0
on,10,49,4,False,0.0,0.0,0.1111111111111111,0.1111111111111111,0.96
on,10,49,5,False,0.027777777777777773,0.027777777777777776,0.1111111111111111,0.1111111111111111,0.96
on,10,49,6,False,0.048611111111111105,0.048611111111111105,0.1111111111111111,0.1111111111111111,0.96
on,10,49,7,False,0.0642361111111111,0.0642361111111111,0.1111111111111111,0.1111111111111111,0.9615384615384616
on,10,49,8,False,0.07595486111111109,0.0759548611111111,0.1111111111111111,0.1111111111111111,0.9629629629629629
on,10,49,9,False,0.08474392361111109,0.0847439236111111,0.1111111111111111,0.1111111111111111,0.9655172413793104
on,10,49,10,True,0.09133572048611109,0.0913357204861111,0.0,0.0,1.0
on,10,49,11,False,0.06850179036458333,0.06850179036458333,0.0,0.0,1.0
on,10,49,12,False,0.0513763427734375,0.0513763427734375,0.125,0.125,0.95
on,10,49,13,False,0.06978225708007812,0.06978225708007812,0.125,0.125,0.95
on,10,49,14,False,0.0835866928100586,0.0835866928100586,0.125,0.125,0.9523809523809523
on,10,49,15,False,0.09394001960754395,0.09394001960754395,0.1111111111111111,0.1111111111111111,0.9166666666666666
on,10,49,16,False,0.09823279248343574,0.09823279248343574,0.1111111111111111,0.1111111111111111,0.9166666666666666
on,10,49,17,False,0.10145237214035456,0.10145237214035457,0.1111111111111111,0.1111111111111111,0.92
on,10,49,18,False,0.10386705688304369,0.1038670568830437,0.1,0.1,0.9259259259259259
on,10,49,19,False,0.10290029266228277,0.10290029266228279,0.1,0.1,0.9259259259259259
on,10,49,20,True,0.10217521949671211,0.1021752194967121,0.0,0.0,1.0
on,10,49,21,False,0.07663141462253407,0.07663141462253407,0.0,0.0,1.0
on,10,49,22,False,0.05747356096690055,0.05747356096690055,0.0,0.0,1.0
on,10,49,23,False,0.043105170725175425,0.04310517072517542,0.0,0.0,1.0
on,10,49,24,False,0.03232887804388156,0.03232887804388156,0.0,0.0,1.0
on,10,49,25,False,0.02424665853291117,0.02424665853291117,0.0,0.0,1.0
on,10,49,26,False,0.018184993899683383,0.01818499389968338,0.0,0.0,1.0
on,10,49,27,False,0.013638745424762535,0.013638745424762535,0.0,0.0,1.0
on,10,49,28,False,0.0102290590685719,0.0102290590685719,0.0625,0.0625,0.9696969696969697
on,10,49,29,False,0.023296794301428926,0.023296794301428926,0.058823529411764705,0.058823529411764705,0.9705882352941176
on,10,49,30,True,0.032178478079012876,0.032178478079012876,0.0,0.0,1.0
on,10,49,31,False,0.024133858559259657,0.024133858559259657,0.0,0.0,1.0
on,10,49,32,False,0.018100393919444742,0.018100393919444742,0.0,0.0,1.0
on,10,49,33,False,0.013575295439583556,0.013575295439583556,0.0,0.0,1.0
on,10,49,34,False,0.010181471579687667,0.010181471579687667,0.1,0.1,0.96
on,10,49,35,False,0.03263610368476575,0.03263610368476575,0.08333333333333333,0.08333333333333333,0.9615384615384616
on,10,49,36,False,0.04531041109690764,0.04531041109690764,0.08333333333333333,0.08333333333333333,0.9615384615384616
on,10,49,37,False,0.05481614165601406,0.05481614165601406,0.07692307692307693,0.07692307692307693,0.9642857142857143
on,10,49,38,False,0.06034287547277978,0.06034287547277978,0.06666666666666667,0.06666666666666667,0.9666666666666667
on,10,49,39,False,0.061923823271251496,0.061923823271251496,0.10526315789473684,0.10526315789473684,0.9411764705882353
on,10,50,0,False,0.0,0.0,0.0,0.0,1.0
on,10,50,1,False,0.0,0.0,0.0,0.0,1.0
on,10,50,2,False,0.0,0.0,0.0,0.0,1.0
on,10,50,3,False,0.0,0.0,0.058823529411764705,0.058823529411764705,0.96
on,10,50,4,False,0.014705882352941176,0.014705882352941176,0.05555555555555555,0.05555555555555555,0.9615384615384616
on,10,50,5,False,0.02491830065359477,0.02491830065359477,0.05263157894736842,0.05263157894736842,0.9655172413793104
on,10,50,6,False,0.031846620227038186,0.031846620227038186,0.05,0.05,0.967741935483871
on,10,50,7,False,0.03638496517027864,0.036384965170278644,0.05,0.047619047619047616,0.9705882352941176
on,10,50,8,False,0.03978872387770899,0.03978872387770899,0.05,0.047619047619047616,0.9705882352941176
on,10,50,9,False,0.04234154290828174,0.04234154290828174,0.05,0.09090909090909091,0.9444444444444444
on,10,50,10,True,0.0442561571812113,0.0442561571812113,0.0,0.0,1.0
on,10,50,11,False,0.03319211788590848,0.03319211788590848,0.0,0.0,1.0
on,10,50,12,False,0.02489408841443136,0.02489408841443136,0.0,0.0,1.0
on,10,50,13,False,0.018670566310823516,0.01867056631082352,0.1,0.1,0.9545454545454546
on,10,50,14,False,0.03900292473311765,0.039002924733117644,0.1,0.1,0.9565217391304348
on,10,50,15,False,0.054252193549838235,0.054252193549838235,0.09090909090909091,0.09090909090909091,0.96
on,10,50,16,False,0.06341641788965141,0.06341641788965141,0.09090909090909091,0.09090909090909091,0.96
on,10,50,17,False,0.07028958614451128,0.07028958614451128,0.14285714285714285,0.14285714285714285,0.9310344827586207
on,10,50,18,False,0.08843147532266918,0.08843147532266918,0.14285714285714285,0.14285714285714285,0.9310344827586207
on,10,50,19,False,0.1020378922062876,0.1020378922062876,0.14285714285714285,0.14285714285714285,0.9333333333333333
on,10,50,20,True,0.11224270486900141,0.11224270486900141,0.0,0.0,1.0
on,10,50,21,False,0.08418202865175106,0.08418202865175106,0.0,0.0,1.0
on,10,50,22,False,0.0631365214888133,0.0631365214888133,0.0,0.0,1.0
on,10,50,23,False,0.04735239111660997,0.04735239111660997,0.0,0.0,0.9629629629629629
on,10,50,24,False,0.03551429333745748,0.03551429333745748,0.0,0.0,0.9642857142857143
on,10,50,25,False,0.02663572000309311,0.02663572000309311,0.0,0.0,0.9642857142857143
on,10,50,26,False,0.019976790002319833,0.019976790002319833,0.0,0.0,0.9666666666666667
on,10,50,27,False,0.014982592501739875,0.014982592501739875,0.0,0.0,0.9696969696969697
on,10,50,28,False,0.011236944376304906,0.011236944376304906,0.05555555555555555,0.05555555555555555,0.9210526315789473
on,10,50,29,False,0.02231659717111757,0.02231659717111757,0.05263157894736842,0.05263157894736842,0.9230769230769231
on,10,50,30,True,0.02989534261518028,0.02989534261518028,0.0,0.0,1.0
on,10,50,31,False,0.02242150696138521,0.02242150696138521,0.1,0.1,0.95
on,10,50,32,False,0.04181613022103891,0.04181613022103891,0.08333333333333333,0.08333333333333333,0.9545454545454546
on,10,50,33,False,0.052195430999112516,0.052195430999112516,0.08333333333333333,0.08333333333333333,0.9545454545454546
on,10,50,34,False,0.05997990658266772,0.05997990658266772,0.11764705882352941,0.11764705882352941,0.9259259259259259
on,10,50,35,False,0.07439669464288315,0.07439669464288315,0.11764705882352941,0.11764705882352941,0.9285714285714286
on,10,50,36,False,0.08520928568804471,0.08520928568804471,0.1111111111111111,0.1111111111111111,0.9310344827586207
on,10,50,37,False,0.09168474204381132,0.09168474204381132,0.1,0.1,0.9354838709677419
on,10,50,38,False,0.09376355653285848,0.09376355653285848,0.05,0.09090909090909091,0.9393939393939394
on,10,50,39,False,0.08282266739964385,0.08282266739964385,0.05,0.08695652173913043,0.9411764705882353
on,10,51,0,False,0.0,0.0,0.0,0.0,1.0
on,10,51,1,False,0.0,0.0,0.0,0.0,1.0
on,10,51,2,False,0.0,0.0,0.0,0.0,1.0
on,10,51,3,False,0.0,0.0,0.0,0.0,1.0
on,10,51,4,False,0.0,0.0,0.0,0.0,1.0
on,10,51,5,False,0.0,0.0,0.0,0.0,1.0
on,10,51,6,False,0.0,0.0,0.0,0.0,1.0
on,10,51,7,False,0.0,0.0,0.0,0.0,1.0
on,10,51,8,False,0.0,0.0,0.05263157894736842,0.05263157894736842,0.975
on,10,51,9,False,0.013157894736842105,0.013157894736842105,0.0,0.09090909090909091,0.9534883720930233
on,10,51,10,True,0.009868421052631578,0.009868421052631578,0.0,0.0,1.0
on,10,51,11,False,0.007401315789473684,0.007401315789473684,0.0,0.0,1.0
on,10,51,12,False,0.005550986842105263,0.005550986842105263,0.0,0.0,1.0
on,10,51,13,False,0.004163240131578948,0.004163240131578948,0.0,0.0,1.0
on,10,51,14,False,0.0031224300986842112,0.003122430098684211,0.0,0.0,1.0
on,10,51,15,False,0.002341822574013158,0.002341822574013158,0.0,0.0,1.0
on,10,51,16,False,0.0017563669305098682,0.0017563669305098685,0.0,0.0,1.0
on,10,51,17,False,0.0013172751978824014,0.0013172751978824014,0.0,0.0,1.0
on,10,51,18,False,0.000987956398411801,0.000987956398411801,0.0,0.0,1.0
on,10,51,19,False,0.0007409672988088507,0.0007409672988088509,0.0,0.0,1.0
on,10,51,20,True,0.0005557254741066381,0.0005557254741066381,0.0,0.0,1.0
on,10,51,21,False,0.00041679410557997863,0.00041679410557997863,0.0,0.0,1.0
on,10,51,22,False,0.000312595579184984,0.000312595579184984,0.0,0.0,1.0
on,10,51,23,False,0.00023444668438873795,0.00023444668438873798,0.0,0.0,0.9523809523809523
on,10,51,24,False,0.00017583501329155349,0.00017583501329155349,0.14285714285714285,0.14285714285714285,0.9166666666666666
on,10,51,25,False,0.03584616197425438,0.03584616197425438,0.125,0.125,0.9230769230769231
on,10,51,26,False,0.05813462148069078,0.05813462148069078,0.1111111111111111,0.1111111111111111,0.9259259259259259
on,10,51,27,False,0.07137874388829586,0.07137874388829586,0.1111111111111111,0.1111111111111111,0.9259259259259259
on,10,51,28,False,0.08131183569399968,0.08131183569399968,0.1111111111111111,0.1111111111111111,0.9310344827586207
on,10,51,29,False,0.08876165454827753,0.08876165454827753,0.1111111111111111,0.1111111111111111,0.9333333333333333
on,10,51,30,True,0.09434901868898592,0.09434901868898592,0.0,0.0,1.0
on,10,51,31,False,0.07076176401673943,0.07076176401673943,0.0,0.0,1.0
on,10,51,32,False,0.05307132301255457,0.05307132301255457,0.0,0.0,1.0
on,10,51,33,False,0.03980349225941593,0.03980349225941593,0.0,0.0,1.0
on,10,51,34,False,0.029852619194561947,0.029852619194561947,0.0,0.0,1.0
on,10,51,35,False,0.02238946439592146,0.02238946439592146,0.0,0.0,1.0
on,10,51,36,False,0.016792098296941095,0.016792098296941095,0.058823529411764705,0.058823529411764705,0.9655172413793104
on,10,51,37,False,0.027299956075646996,0.027299956075646996,0.1111111111111111,0.1111111111111111,0.9090909090909091
on,10,51,38,False,0.04825274483451302,0.04825274483451302,0.1111111111111111,0.1111111111111111,0.9090909090909091
on,10,51,39,False,0.06396733640366253,0.06396733640366253,0.1111111111111111,0.1111111111111111,0.9117647058823529
