mode,detection,write_pref,side_host_attention,side_teardown_policy,side_evasion_rate,seed,epoch,reset,mean_infection,max_infection,cache_corruption,tier3_poisoning,promotion_accuracy,side_teardown,side_active,side_teardown_count,side_sweep_count,discovered_fraction,side_writes,sanctioned_writes,ungoverned_fraction,side_cache_corruption,side_entries,evader_fraction,population_attention,chosen_attention,substrate_gap,mean_side_value
deletion,0.05,0.7,,complete,0.0,42,0,False,0.0,0.0,0.0,0.0,1.0,False,True,0,0,0.1,0,0,0.0,0.0,0,0.0,0.05,0.05,0.0,0.0
deletion,0.05,0.7,,complete,0.0,42,1,False,0.0,0.0,0.42857142857142855,0.42857142857142855,0.8181818181818182,False,True,0,0,0.5,4,48,0.07692307692307693,0.0,4,0.0,0.05,0.05,0.0,0.0
deletion,0.05,0.7,,complete,0.0,42,2,False,0.06887755102040816,0.10714285714285714,0.5,0.5,0.7407407407407407,False,True,0,0,0.5,16,26,0.38095238095238093,0.0,20,0.0,0.05,0.05,0.0,0.0
deletion,0.05,0.7,,complete,0.0,42,3,False,0.13201530612244897,0.20535714285714285,0.6666666666666666,0.6666666666666666,0.5882352941176471,True,False,1,0,0.6,12,26,0.3157894736842105,0.0,0,0.0,0.05,0.05000000000000001,6.938893903907228e-18,0.0
deletion,0.05,0.7,,complete,0.0,42,4,False,0.2656781462585034,0.32068452380952384,0.6875,0.6875,0.5714285714285714,False,True,1,0,0.8,0,41,0.0,0.0,0,0.0,0.05,0.05,0.0,0.0
deletion,0.05,0.7,,complete,0.0,42,5,False,0.37113360969387754,0.4123883928571429,0.6,0.6923076923076923,0.5111111111111111,True,False,2,0,0.8,22,14,0.6111111111111112,0.0,0,0.0,0.05,0.05,0.0,0.0
deletion,0.05,0.7,,complete,0.0,42,6,False,0.4283502072704081,0.45929129464285723,0.55,0.6666666666666666,0.5217391304347826,False,True,2,0,0.8,0,51,0.0,0.0,0,0.0,0.05,0.05,0.0,0.0
deletion,0.05,0.7,,complete,0.0,42,7,False,0.4587626554528061,0.48196847098214296,0.35,0.6060606060606061,0.5185185185185185,False,True,2,0,0.8,25,20,0.5555555555555556,0.75,25,0.0,0.05,0.05,0.0,0.0
deletion,0.05,0.7,,complete,0.0,42,8,False,0.46728627730389033,0.47461024693080356,0.25,0.6153846153846154,0.5,True,False,3,0,0.8,29,19,0.6041666666666666,0.0,0,0.0,0.05,0.05,0.0,0.0
deletion,0.05,0.7,,complete,0.0,42,9,False,0.41296470797791773,0.41845768519810267,0.2,0.6190476190476191,0.48484848484848486,False,True,3,0,0.9,0,43,0.0,0.0,0,0.0,0.05,0.05,0.0,0.0
deletion,0.05,0.7,,complete,0.0,42,10,False,0.3597235309834383,0.36384326389857696,0.15,0.6136363636363636,0.4782608695652174,True,False,4,0,0.9,34,15,0.6938775510204082,0.0,0,0.0,0.05,0.05,0.0,0.0
deletion,0.05,0.7,,complete,0.0,42,11,False,0.3072926482375787,0.3103824479239327,0.1,0.6326530612244898,0.4666666666666667,False,True,4,0,0.9,0,35,0.0,0.0,0,0.0,0.05,0.05,0.0,0.0
deletion,0.05,0.7,,complete,0.0,42,12,False,0.25546948617818405,0.25778683594294954,0.1,0.6415094339622641,0.45121951219512196,True,False,5,0,1.0,27,10,0.7297297297297297,0.0,0,0.0,0.05,0.05,0.0,0.0
deletion,0.05,0.7,,complete,0.0,42,13,False,0.21660211463363802,0.21834012695721214,0.1,0.6607142857142857,0.42045454545454547,False,True,5,0,1.0,0,44,0.0,0.0,0,0.0,0.05,0.05,0.0,0.0
deletion,0.05,0.7,,complete,0.0,42,14,False,0.1874515859752285,0.1887550952179091,0.05,0.65,0.41935483870967744,True,False,6,0,1.0,24,14,0.631578947368421,0.0,0,0.0,0.05,0.05,0.0,0.0
deletion,0.05,0.7,,complete,0.0,42,15,False,0.15308868948142138,0.15406632141343182,0.05,0.6507936507936508,0.422680412371134,False,True,6,0,1.0,0,42,0.0,0.0,0,0.0,0.05,0.05,0.0,0.0
deletion,0.05,0.7,,complete,0.0,42,16,False,0.12731651711106604,0.12804974106007389,0.05,0.647887323943662,0.41904761904761906,False,True,6,0,1.0,29,10,0.7435897435897436,0.45,29,0.0,0.05,0.05,0.0,0.0
deletion,0.05,0.7,,complete,0.0,42,17,False,0.15798738783329955,0.15853730579505543,0.0,0.6172839506172839,0.43478260869565216,False,True,6,0,1.0,27,10,0.7297297297297297,0.6,56,0.0,0.05,0.05,0.0,0.0
deletion,0.05,0.7,,complete,0.0,42,18,False,0.19349054087497466,0.19390297934629158,0.0,0.6235294117647059,0.4297520661157025,True,False,7,0,1.0,36,12,0.75,0.0,0,0.0,0.05,0.05,0.0,0.0
deletion,0.05,0.7,,complete,0.0,42,19,False,0.145117905656231,0.14542723450971867,0.0,0.6292134831460674,0.4126984126984127,False,True,7,0,1.0,0,39,0.0,0.0,0,0.0,0.05,0.05,0.0,0.0
deletion,0.05,0.7,,complete,0.0,42,20,False,0.10883842924217324,0.109070425882289,0.0,0.6,0.4318181818181818,True,False,8,0,1.0,29,15,0.6590909090909091,0.0,0,0.0,0.05,0.05,0.0,0.0
deletion,0.05,0.7,,complete,0.0,42,21,False,0.08162882193162993,0.08180281941171676,0.0,0.6060606060606061,0.42028985507246375,False,True,8,0,1.0,0,39,0.0,0.0,0,0.0,0.05,0.05,0.0,0.0
deletion,0.05,0.7,,complete,0.0,42,22,False,0.06122161644872245,0.06135211455878757,0.0,0.6,0.4206896551724138,True,False,9,0,1.0,32,13,0.7111111111111111,0.0,0,0.0,0.05,0.05,0.0,0.0
deletion,0.05,0.7,,complete,0.0,42,23,False,0.04591621233654184,0.046014085919090675,0.0,0.6018518518518519,0.41333333333333333,False,True,9,0,1.0,0,38,0.0,0.0,0,0.0,0.05,0.05,0.0,0.0
deletion,0.05,0.7,,complete,0.0,42,24,False,0.034437159252406375,0.034510564439318006,0.0,0.6106194690265486,0.4090909090909091,True,False,10,0,1.0,27,17,0.6136363636363636,0.0,0,0.0,0.05,0.05,0.0,0.0
deletion,0.05,0.7,,complete,0.0,42,25,False,0.025827869439304783,0.025882923329488505,0.0,0.6052631578947368,0.40764331210191085,False,True,10,0,1.0,0,49,0.0,0.0,0,0.0,0.05,0.05,0.0,0.0
deletion,0.05,0.7,,complete,0.0,42,26,False,0.019370902079478586,0.019412192497116378,0.0,0.6065573770491803,0.40606060606060607,True,False,11,0,1.0,35,11,0.7608695652173914,0.0,0,0.0,0.05,0.05,0.0,0.0
deletion,0.05,0.7,,complete,0.0,42,27,False,0.014528176559608941,0.014559144372837283,0.0,0.6141732283464567,0.4,False,True,11,0,1.0,0,39,0.0,0.0,0,0.0,0.05,0.05,0.0,0.0
deletion,0.05,0.7,,complete,0.0,42,28,False,0.010896132419706704,0.010919358279627962,0.0,0.6240601503759399,0.39325842696629215,True,False,12,0,1.0,25,10,0.7142857142857143,0.0,0,0.0,0.05,0.05,0.0,0.0
deletion,0.05,0.7,,complete,0.0,42,29,False,0.008172099314780027,0.008189518709720971,0.0,0.625,0.39344262295081966,False,True,12,0,1.0,0,36,0.0,0.0,0,0.0,0.05,0.05,0.0,0.0
deletion,0.05,0.7,,complete,0.0,42,30,False,0.006129074486085022,0.006142139032290729,0.0,0.6153846153846154,0.39378238341968913,True,False,13,0,1.0,24,10,0.7058823529411765,0.0,0,0.0,0.05,0.05,0.0,0.0
deletion,0.05,0.7,,complete,0.0,42,31,False,0.004596805864563765,0.004606604274218046,0.0,0.6148648648648649,0.39195979899497485,False,True,13,0,1.0,0,35,0.0,0.0,0,0.0,0.05,0.05,0.0,0.0
deletion,0.05,0.7,,complete,0.0,42,32,False,0.0034476043984228238,0.0034549532056635346,0.0,0.6209150326797386,0.3864734299516908,True,False,14,0,1.0,25,15,0.625,0.0,0,0.0,0.05,0.05,0.0,0.0
deletion,0.05,0.7,,complete,0.0,42,33,False,0.002585703298817118,0.002591214904247651,0.0,0.6139240506329114,0.38967136150234744,False,True,14,0,1.0,0,44,0.0,0.0,0,0.0,0.05,0.05,0.0,0.0
deletion,0.05,0.7,,complete,0.0,42,34,False,0.0019392774741128387,0.0019434111781857382,0.0,0.6111111111111112,0.3891402714932127,False,True,14,0,1.0,30,12,0.7142857142857143,0.35,30,0.0,0.05,0.05,0.0,0.0
deletion,0.05,0.7,,complete,0.0,42,35,False,0.045204458105584634,0.0452075583836393,0.0,0.611764705882353,0.3930131004366812,True,False,15,0,1.0,28,8,0.7777777777777778,0.0,0,0.0,0.05,0.05,0.0,0.0
deletion,0.05,0.7,,complete,0.0,42,36,False,0.03390334357918847,0.03390566878772948,0.0,0.6184971098265896,0.38626609442060084,False,True,15,0,1.0,0,44,0.0,0.0,0,0.0,0.05,0.05,0.0,0.0
deletion,0.05,0.7,,complete,0.0,42,37,False,0.025427507684391355,0.02542925159079711,0.0,0.6201117318435754,0.38493723849372385,True,False,16,0,1.0,28,12,0.7,0.0,0,0.0,0.05,0.05,0.0,0.0
deletion,0.05,0.7,,complete,0.0,42,38,False,0.019070630763293517,0.019071938693097833,0.0,0.6174863387978142,0.38461538461538464,False,True,16,0,1.0,0,36,0.0,0.0,0,0.0,0.05,0.05,0.0,0.0
deletion,0.05,0.7,,complete,0.0,42,39,False,0.014302973072470138,0.014303954019823375,0.0,0.6178010471204188,0.383399209486166,False,True,16,0,1.0,28,13,0.6829268292682927,0.45,28,0.0,0.05,0.05,0.0,0.0
deletion,0.05,0.7,,complete,0.0,43,0,False,0.0,0.0,0.0,0.0,1.0,False,True,0,0,0.0,0,0,0.0,0.0,0,0.0,0.05,0.05,0.0,0.0
deletion,0.05,0.7,,complete,0.0,43,1,False,0.0,0.0,0.09090909090909091,0.09090909090909091,0.8518518518518519,False,True,0,0,0.0,0,50,0.0,0.0,0,0.0,0.05,0.05,0.0,0.0
deletion,0.05,0.7,,complete,0.0,43,2,False,0.022727272727272728,0.022727272727272728,0.29411764705882354,0.29411764705882354,0.7352941176470589,False,True,0,0,0.1,0,35,0.0,0.0,0,0.0,0.05,0.05,0.0,0.0
deletion,0.05,0.7,,complete,0.0,43,3,False,0.09057486631016043,0.09057486631016043,0.4,0.42857142857142855,0.6190476190476191,False,True,0,0,0.2,1,37,0.02631578947368421,0.0,1,0.0,0.05,0.05,0.0,0.0
deletion,0.05,0.7,,complete,0.0,43,4,False,0.16078829258976318,0.16793114973262033,0.35,0.48,0.574468085106383,False,True,0,0,0.5,1,36,0.02702702702702703,0.0,2,0.0,0.05,0.05,0.0,0.0
deletion,0.05,0.7,,complete,0.0,43,5,False,0.18934121944232235,0.21344836229946523,0.3,0.5333333333333333,0.509090909090909,False,True,0,0,0.5,16,18,0.47058823529411764,0.3333333333333333,18,0.0,0.05,0.05,0.0,0.0
deletion,0.05,0.7,,complete,0.0,43,6,False,0.21879162886745607,0.23508627172459895,0.25,0.53125,0.5172413793103449,False,True,0,0,0.5,10,32,0.23809523809523808,0.35,28,0.0,0.05,0.05,0.0,0.0
deletion,0.05,0.7,,complete,0.0,43,7,False,0.23195086450773492,0.2388147037934492,0.2,0.5227272727272727,0.5072463768115942,True,False,1,0,0.5,14,21,0.4,0.0,0,0.0,0.05,0.05,0.0,0.0
deletion,0.05,0.7,,complete,0.0,43,8,False,0.22396314838080117,0.2291110278450869,0.15,0.5319148936170213,0.47368421052631576,False,True,1,0,0.7,0,46,0.0,0.0,0,0.0,0.05,0.05,0.0,0.0
deletion,0.05,0.7,,complete,0.0,43,9,False,0.2054723612856009,0.20933327088381518,0.15,0.5416666666666666,0.46835443037974683,True,False,2,0,0.8,23,22,0.5111111111111111,0.0,0,0.0,0.05,0.05,0.0,0.0
deletion,0.05,0.7,,complete,0.0,43,10,False,0.19160427096420068,0.1944999531628614,0.1,0.54,0.4578313253012048,False,True,2,0,0.9,0,49,0.0,0.0,0,0.0,0.05,0.05,0.0,0.0
deletion,0.05,0.7,,complete,0.0,43,11,False,0.16870320322315052,0.17087496487214604,0.0,0.5454545454545454,0.4444444444444444,True,False,3,0,0.9,28,12,0.7,0.0,0,0.0,0.05,0.05,0.0,0.0
deletion,0.05,0.7,,complete,0.0,43,12,False,0.12652740241736288,0.12815622365410953,0.0,0.5245901639344263,0.4536082474226804,False,True,3,0,0.9,0,37,0.0,0.0,0,0.0,0.05,0.05,0.0,0.0
deletion,0.05,0.7,,complete,0.0,43,13,False,0.09489555181302216,0.09611716774058215,0.0,0.5384615384615384,0.42857142857142855,True,False,4,0,0.9,32,14,0.6956521739130435,0.0,0,0.0,0.05,0.05,0.0,0.0
deletion,0.05,0.7,,complete,0.0,43,14,False,0.07117166385976662,0.07208787580543662,0.0,0.5362318840579711,0.42857142857142855,False,True,4,0,0.9,0,38,0.0,0.0,0,0.0,0.05,0.05,0.0,0.0
deletion,0.05,0.7,,complete,0.0,43,15,False,0.05337874789482496,0.05406590685407746,0.0,0.5454545454545454,0.425,True,False,5,0,0.9,26,14,0.65,0.0,0,0.0,0.05,0.05,0.0,0.0
deletion,0.05,0.7,,complete,0.0,43,16,False,0.04003406092111872,0.04054943014055809,0.0,0.5679012345679012,0.4140625,False,True,5,0,1.0,0,38,0.0,0.0,0,0.0,0.05,0.05,0.0,0.0
deletion,0.05,0.7,,complete,0.0,43,17,False,0.03002554569083904,0.030412072605418568,0.0,0.5697674418604651,0.4117647058823529,False,True,5,0,1.0,26,15,0.6341463414634146,0.4,26,0.0,0.05,0.05,0.0,0.0
deletion,0.05,0.7,,complete,0.0,43,18,False,0.07251915926812928,0.07280905445406394,0.0,0.5824175824175825,0.3986013986013986,True,False,6,0,1.0,33,12,0.7333333333333333,0.0,0,0.0,0.05,0.05,0.0,0.0
deletion,0.05,0.7,,complete,0.0,43,19,False,0.054389369451096965,0.05460679084054795,0.0,0.6,0.3877551020408163,False,True,6,0,1.0,0,36,0.0,0.0,0,0.0,0.05,0.05,0.0,0.0
deletion,0.05,0.7,,complete,0.0,43,20,False,0.04079202708832273,0.040955093130410965,0.0,0.5918367346938775,0.3870967741935484,True,False,7,0,1.0,25,17,0.5952380952380952,0.0,0,0.0,0.05,0.05,0.0,0.0
deletion,0.05,0.7,,complete,0.0,43,21,False,0.03059402031624205,0.030716319847808225,0.0,0.5794392523364486,0.39520958083832336,False,True,7,0,1.0,0,35,0.0,0.0,0,0.0,0.05,0.05,0.0,0.0
deletion,0.05,0.7,,complete,0.0,43,22,False,0.02294551523718153,0.023037239885856167,0.0,0.5794392523364486,0.3953488372093023,True,False,8,0,1.0,27,19,0.5869565217391305,0.0,0,0.0,0.05,0.05,0.0,0.0
deletion,0.05,0.7,,complete,0.0,43,23,False,0.01720913642788615,0.017277929914392125,0.0,0.5818181818181818,0.3942857142857143,False,True,8,0,1.0,0,44,0.0,0.0,0,0.0,0.05,0.05,0.0,0.0
deletion,0.05,0.7,,complete,0.0,43,24,False,0.012906852320914613,0.012958447435794093,0.0,0.5789473684210527,0.3956043956043956,True,False,9,0,1.0,25,14,0.6410256410256411,0.0,0,0.0,0.05,0.05,0.0,0.0
deletion,0.05,0.7,,complete,0.0,43,25,False,0.00968013924068596,0.00971883557684557,0.0,0.5862068965517241,0.3891891891891892,False,True,9,0,1.0,0,50,0.0,0.0,0,0.0,0.05,0.05,0.0,0.0
deletion,0.05,0.7,,complete,0.0,43,26,False,0.007260104430514469,0.007289126682634177,0.0,0.5772357723577236,0.3958333333333333,True,False,10,0,1.0,32,7,0.8205128205128205,0.0,0,0.0,0.05,0.05,0.0,0.0
deletion,0.05,0.7,,complete,0.0,43,27,False,0.005445078322885852,0.005466845011975633,0.0,0.5769230769230769,0.3969849246231156,False,True,10,0,1.0,0,42,0.0,0.0,0,0.0,0.05,0.05,0.0,0.0
deletion,0.05,0.7,,complete,0.0,43,28,False,0.0040838087421643885,0.004100133758981724,0.0,0.572463768115942,0.40096618357487923,True,False,11,0,1.0,20,13,0.6060606060606061,0.0,0,0.0,0.05,0.05,0.0,0.0
deletion,0.05,0.7,,complete,0.0,43,29,False,0.003062856556623292,0.0030751003192362935,0.0,0.5704225352112676,0.40375586854460094,False,True,11,0,1.0,0,34,0.0,0.0,0,0.0,0.05,0.05,0.0,0.0
deletion,0.05,0.7,,complete,0.0,43,30,False,0.002297142417467469,0.00230632523942722,0.0,0.5793103448275863,0.3972602739726027,True,False,12,0,1.0,24,22,0.5217391304347826,0.0,0,0.0,0.05,0.05,0.0,0.0
deletion,0.05,0.7,,complete,0.0,43,31,False,0.0017228568131006014,0.001729743929570415,0.0,0.5751633986928104,0.39473684210526316,False,True,12,0,1.0,0,34,0.0,0.0,0,0.0,0.05,0.05,0.0,0.0
deletion,0.05,0.7,,complete,0.0,43,32,False,0.0012921426098254512,0.0012973079471778112,0.0,0.5759493670886076,0.3940677966101695,True,False,13,0,1.0,33,7,0.825,0.0,0,0.0,0.05,0.05,0.0,0.0
deletion,0.05,0.7,,complete,0.0,43,33,False,0.0009691069573690884,0.0009729809603833584,0.0,0.577639751552795,0.40082644628099173,False,True,13,0,1.0,0,42,0.0,0.0,0,0.0,0.05,0.05,0.0,0.0
deletion,0.05,0.7,,complete,0.0,43,34,False,0.0007268302180268164,0.0007297357202875188,0.0,0.5833333333333334,0.396,True,False,14,0,1.0,26,11,0.7027027027027027,0.0,0,0.0,0.05,0.05,0.0,0.0
deletion,0.05,0.7,,complete,0.0,43,35,False,0.0005451226635201122,0.0005473017902156391,0.0,0.5906432748538012,0.39299610894941633,False,True,14,0,1.0,0,39,0.0,0.0,0,0.0,0.05,0.05,0.0,0.0
deletion,0.05,0.7,,complete,0.0,43,36,False,0.00040884199764008416,0.0004104763426617293,0.0,0.5932203389830508,0.39015151515151514,True,False,15,0,1.0,26,14,0.65,0.0,0,0.0,0.05,0.05,0.0,0.0
deletion,0.05,0.7,,complete,0.0,43,37,False,0.00030663149823006313,0.000307857256996297,0.0,0.5944444444444444,0.38661710037174724,False,True,15,0,1.0,0,37,0.0,0.0,0,0.0,0.05,0.05,0.0,0.0
deletion,0.05,0.7,,complete,0.0,43,38,False,0.00022997362367254732,0.00023089294274722275,0.0,0.6,0.38181818181818183,True,False,16,0,1.0,19,14,0.5757575757575758,0.0,0,0.0,0.05,0.05,0.0,0.0
deletion,0.05,0.7,,complete,0.0,43,39,False,0.0001724802177544105,0.00017316970706041706,0.0,0.6042780748663101,0.3763440860215054,False,True,16,0,1.0,0,40,0.0,0.0,0,0.0,0.05,0.05,0.0,0.0
deletion,0.05,0.7,,complete,0.0,44,0,False,0.0,0.0,0.0,0.0,1.0,False,True,0,0,0.0,0,0,0.0,0.0,0,0.0,0.05,0.05,0.0,0.0
deletion,0.05,0.7,,complete,0.0,44,1,False,0.0,0.0,0.3,0.3,0.72,False,True,0,0,0.0,0,43,0.0,0.0,0,0.0,0.05,0.05,0.0,0.0
deletion,0.05,0.7,,complete,0.0,44,2,False,0.075,0.075,0.4166666666666667,0.4166666666666667,0.6785714285714286,False,True,0,0,0.1,0,43,0.0,0.0,0,0.0,0.05,0.05,0.0,0.0
deletion,0.05,0.7,,complete,0.0,44,3,False,0.16041666666666665,0.16041666666666665,0.5625,0.5625,0.5714285714285714,False,True,0,0,0.2,2,36,0.05263157894736842,0.0,2,0.0,0.05,0.05,0.0,0.0
deletion,0.05,0.7,,complete,0.0,44,4,False,0.25089285714285714,0.2609375,0.5789473684210527,0.5789473684210527,0.5384615384615384,False,True,0,0,0.4,2,33,0.05714285714285714,0.5,4,0.0,0.05,0.05,0.0,0.0
deletion,0.05,0.7,,complete,0.0,44,5,False,0.33008693609022555,0.34043996710526314,0.6,0.6363636363636364,0.5,True,False,1,0,0.4,14,32,0.30434782608695654,0.0,0,0.0,0.05,0.05,0.0,0.0
deletion,0.05,0.7,,complete,0.0,44,6,False,0.3975652020676691,0.4053299753289473,0.6,0.6923076923076923,0.45652173913043476,False,True,1,0,0.5,0,41,0.0,0.0,0,0.0,0.05,0.05,0.0,0.0
deletion,0.05,0.7,,complete,0.0,44,7,False,0.4481739015507519,0.4539974814967105,0.45,0.65625,0.4716981132075472,True,False,2,0,0.6,12,28,0.3,0.0,0,0.0,0.05,0.05000000000000001,6.938893903907228e-18,0.0
deletion,0.05,0.7,,complete,0.0,44,8,False,0.44863042616306387,0.45299811112253285,0.35,0.6410256410256411,0.4666666666666667,False,True,2,0,0.7,0,43,0.0,0.0,0,0.0,0.05,0.05,0.0,0.0
deletion,0.05,0.7,,complete,0.0,44,9,False,0.42397281962229794,0.42724858334189963,0.3,0.6428571428571429,0.453125,True,False,3,0,0.8,16,28,0.36363636363636365,0.0,0,0.0,0.05,0.05,0.0,0.0
deletion,0.05,0.7,,complete,0.0,44,10,False,0.3929796147167234,0.3954364375064247,0.1,0.6122448979591837,0.44594594594594594,False,True,3,0,0.9,0,36,0.0,0.0,0,0.0,0.05,0.05,0.0,0.0
deletion,0.05,0.7,,complete,0.0,44,11,False,0.3197347110375426,0.32157732812981854,0.1,0.6346153846153846,0.4230769230769231,True,False,4,0,0.9,27,18,0.6,0.0,0,0.0,0.05,0.05,0.0,0.0
deletion,0.05,0.7,,complete,0.0,44,12,False,0.2648010332781569,0.2661829960973639,0.0,0.625,0.4117647058823529,False,True,4,0,0.9,0,40,0.0,0.0,0,0.0,0.05,0.05,0.0,0.0
deletion,0.05,0.7,,complete,0.0,44,13,False,0.1986007749586177,0.19963724707302294,0.0,0.639344262295082,0.3829787234042553,True,False,5,0,0.9,30,12,0.7142857142857143,0.0,0,0.0,0.05,0.05,0.0,0.0
deletion,0.05,0.7,,complete,0.0,44,14,False,0.14895058121896326,0.1497279353047672,0.0,0.6515151515151515,0.3627450980392157,False,True,5,0,1.0,0,38,0.0,0.0,0,0.0,0.05,0.05,0.0,0.0
deletion,0.05,0.7,,complete,0.0,44,15,False,0.11171293591422245,0.11229595147857539,0.0,0.6197183098591549,0.38317757009345793,True,False,6,0,1.0,34,10,0.7727272727272727,0.0,0,0.0,0.05,0.05,0.0,0.0
deletion,0.05,0.7,,complete,0.0,44,16,False,0.08378470193566682,0.08422196360893154,0.0,0.6301369863013698,0.3783783783783784,False,True,6,0,1.0,0,39,0.0,0.0,0,0.0,0.05,0.05,0.0,0.0
deletion,0.05,0.7,,complete,0.0,44,17,False,0.06283852645175013,0.06316647270669866,0.0,0.6296296296296297,0.371900826446281,True,False,7,0,1.0,27,13,0.675,0.0,0,0.0,0.05,0.05,0.0,0.0
deletion,0.05,0.7,,complete,0.0,44,18,False,0.04712889483881259,0.04737485453002399,0.0,0.6385542168674698,0.35714285714285715,False,True,7,0,1.0,0,37,0.0,0.0,0,0.0,0.05,0.05,0.0,0.0
deletion,0.05,0.7,,complete,0.0,44,19,False,0.03534667112910945,0.03553114089751799,0.0,0.6222222222222222,0.3656716417910448,True,False,8,0,1.0,32,8,0.8,0.0,0,0.0,0.05,0.05,0.0,0.0
deletion,0.05,0.7,,complete,0.0,44,20,False,0.026510003346832085,0.026648355673138495,0.0,0.6082474226804123,0.3680555555555556,False,True,8,0,1.0,0,39,0.0,0.0,0,0.0,0.05,0.05,0.0,0.0
deletion,0.05,0.7,,complete,0.0,44,21,False,0.01988250251012406,0.01998626675485387,0.0,0.6310679611650486,0.3576158940397351,True,False,9,0,1.0,24,15,0.6153846153846154,0.0,0,0.0,0.05,0.05,0.0,0.0
deletion,0.05,0.7,,complete,0.0,44,22,False,0.014911876882593045,0.014989700066140402,0.0,0.6415094339622641,0.35064935064935066,False,True,9,0,1.0,0,42,0.0,0.0,0,0.0,0.05,0.05,0.0,0.0
deletion,0.05,0.7,,complete,0.0,44,23,False,0.011183907661944784,0.011242275049605302,0.0,0.6513761467889908,0.3416149068322981,True,False,10,0,1.0,27,13,0.675,0.0,0,0.0,0.05,0.05,0.0,0.0
deletion,0.05,0.7,,complete,0.0,44,24,False,0.008387930746458588,0.008431706287203976,0.0,0.646551724137931,0.3392857142857143,False,True,10,0,1.0,0,37,0.0,0.0,0,0.0,0.05,0.05,0.0,0.0
deletion,0.05,0.7,,complete,0.0,44,25,False,0.006290948059843941,0.006323779715402982,0.0,0.6528925619834711,0.33714285714285713,True,False,11,0,1.0,31,12,0.7209302325581395,0.0,0,0.0,0.05,0.05,0.0,0.0
deletion,0.05,0.7,,complete,0.0,44,26,False,0.004718211044882957,0.004742834786552237,0.0,0.6612903225806451,0.3241758241758242,False,True,11,0,1.0,0,40,0.0,0.0,0,0.0,0.05,0.05,0.0,0.0
deletion,0.05,0.7,,complete,0.0,44,27,False,0.0035386582836622166,0.0035571260899141775,0.0,0.6614173228346457,0.3225806451612903,True,False,12,0,1.0,35,10,0.7777777777777778,0.0,0,0.0,0.05,0.05,0.0,0.0
deletion,0.05,0.7,,complete,0.0,44,28,False,0.002653993712746663,0.002667844567435633,0.0,0.6515151515151515,0.33505154639175255,False,True,12,0,1.0,0,38,0.0,0.0,0,0.0,0.05,0.05,0.0,0.0
deletion,0.05,0.7,,complete,0.0,44,29,False,0.0019904952845599968,0.002000883425576725,0.0,0.6408450704225352,0.33980582524271846,True,False,13,0,1.0,30,6,0.8333333333333334,0.0,0,0.0,0.05,0.05,0.0,0.0
deletion,0.05,0.7,,complete,0.0,44,30,False,0.001492871463419998,0.0015006625691825438,0.0,0.6388888888888888,0.33649289099526064,False,True,13,0,1.0,0,47,0.0,0.0,0,0.0,0.05,0.05,0.0,0.0
deletion,0.05,0.7,,complete,0.0,44,31,False,0.0011196535975649985,0.0011254969268869079,0.0,0.6418918918918919,0.3317972350230415,True,False,14,0,1.0,29,16,0.6444444444444445,0.0,0,0.0,0.05,0.05,0.0,0.0
deletion,0.05,0.7,,complete,0.0,44,32,False,0.0008397401981737487,0.000844122695165181,0.0,0.6428571428571429,0.3333333333333333,False,True,14,0,1.0,0,33,0.0,0.0,0,0.0,0.05,0.05,0.0,0.0
deletion,0.05,0.7,,complete,0.0,44,33,False,0.0006298051486303116,0.0006330920213738858,0.0,0.6380368098159509,0.33617021276595743,True,False,15,0,1.0,28,8,0.7777777777777778,0.0,0,0.0,0.05,0.05,0.0,0.0
deletion,0.05,0.7,,complete,0.0,44,34,False,0.00047235386147273376,0.0004748190160304143,0.0,0.6428571428571429,0.3347107438016529,False,True,15,0,1.0,0,38,0.0,0.0,0,0.0,0.05,0.05,0.0,0.0
deletion,0.05,0.7,,complete,0.0,44,35,False,0.00035426539610455024,0.0003561142620228107,0.0,0.6342857142857142,0.344,True,False,16,0,1.0,24,11,0.6857142857142857,0.0,0,0.0,0.05,0.05,0.0,0.0
deletion,0.05,0.7,,complete,0.0,44,36,False,0.0002656990470784127,0.000267085696517108,0.0,0.6256983240223464,0.34375,False,True,16,0,1.0,0,42,0.0,0.0,0,0.0,0.05,0.05,0.0,0.0
deletion,0.05,0.7,,complete,0.0,44,37,False,0.00019927428530880953,0.000200314272387831,0.0,0.6276595744680851,0.34210526315789475,False,True,16,0,1.0,25,9,0.7352941176470589,0.35,25,0.0,0.05,0.05,0.0,0.0
deletion,0.05,0.7,,complete,0.0,44,38,False,0.04389945571398161,0.04390023570429087,0.0,0.6185567010309279,0.3492647058823529,True,False,17,0,1.0,29,11,0.725,0.0,0,0.0,0.05,0.05,0.0,0.0
deletion,0.05,0.7,,complete,0.0,44,39,False,0.03292459178548621,0.03292517677821816,0.0,0.6180904522613065,0.35251798561151076,False,True,17,0,1.0,0,48,0.0,0.0,0,0.0,0.05,0.05,0.0,0.0
deletion,0.05,0.7,,complete,0.0,45,0,False,0.0,0.0,0.0,0.0,1.0,False,True,0,0,0.2,0,0,0.0,0.0,0,0.0,0.05,0.05,0.0,0.0
deletion,0.05,0.7,,complete,0.0,45,1,False,0.0,0.0,0.35294117647058826,0.35294117647058826,0.8064516129032258,True,False,1,0,0.3,5,39,0.11363636363636363,0.0,0,0.0,0.05,0.05000000000000001,6.938893903907228e-18,0.0
deletion,0.05,0.7,,complete,0.0,45,2,False,0.08823529411764706,0.08823529411764706,0.35294117647058826,0.35294117647058826,0.7575757575757576,False,True,1,0,0.4,0,49,0.0,0.0,0,0.0,0.05,0.05,0.0,0.0
deletion,0.05,0.7,,complete,0.0,45,3,False,0.1544117647058824,0.15441176470588236,0.4,0.42857142857142855,0.6842105263157895,True,False,2,0,0.5,6,36,0.14285714285714285,0.0,0,0.0,0.05,0.05,0.0,0.0
deletion,0.05,0.7,,complete,0.0,45,4,False,0.21580882352941178,0.21580882352941178,0.4,0.4782608695652174,0.6190476190476191,False,True,2,0,0.7,0,34,0.0,0.0,0,0.0,0.05,0.05,0.0,0.0
deletion,0.05,0.7,,complete,0.0,45,5,False,0.2618566176470588,0.2618566176470588,0.4,0.4782608695652174,0.6046511627906976,False,True,2,0,0.7,16,27,0.37209302325581395,0.625,16,0.0,0.05,0.05,0.0,0.0
deletion,0.05,0.7,,complete,0.0,45,6,False,0.31648174894957976,0.32451746323529407,0.35,0.5357142857142857,0.54,False,True,2,0,0.7,18,21,0.46153846153846156,0.6,34,0.0,0.05,0.05,0.0,0.0
deletion,0.05,0.7,,complete,0.0,45,7,False,0.34718274028361346,0.3621380974264705,0.15,0.5142857142857142,0.5344827586206896,False,True,2,0,0.7,10,26,0.2777777777777778,0.55,44,0.0,0.05,0.05,0.0,0.0
deletion,0.05,0.7,,complete,0.0,45,8,False,0.3336013409269958,0.3591035730698529,0.15,0.5263157894736842,0.5161290322580645,False,True,2,0,0.8,20,25,0.4444444444444444,0.55,64,0.0,0.05,0.05,0.0,0.0
deletion,0.05,0.7,,complete,0.0,45,9,False,0.32341529140953257,0.3568276798023897,0.2,0.5813953488372093,0.47058823529411764,False,True,2,0,0.9,22,20,0.5238095238095238,0.6,86,0.0,0.05,0.05,0.0,0.0
deletion,0.05,0.7,,complete,0.0,45,10,False,0.3354186114142923,0.3676207598517923,0.2,0.6,0.4583333333333333,True,False,3,0,0.9,20,22,0.47619047619047616,0.0,0,0.0,0.05,0.05,0.0,0.0
deletion,0.05,0.7,,complete,0.0,45,11,False,0.3015639585607192,0.32571556988884426,0.2,0.6086956521739131,0.44594594594594594,False,True,3,0,0.9,0,46,0.0,0.0,0,0.0,0.05,0.05,0.0,0.0
deletion,0.05,0.7,,complete,0.0,45,12,False,0.2761729689205394,0.29428667741663317,0.15,0.6122448979591837,0.4375,True,False,4,0,1.0,22,21,0.5116279069767442,0.0,0,0.0,0.05,0.05,0.0,0.0
deletion,0.05,0.7,,complete,0.0,45,13,False,0.24462972669040456,0.2582150080624749,0.1,0.6226415094339622,0.43023255813953487,False,True,4,0,1.0,0,42,0.0,0.0,0,0.0,0.05,0.05,0.0,0.0
deletion,0.05,0.7,,complete,0.0,45,14,False,0.20847229501780343,0.21866125604685616,0.1,0.6428571428571429,0.40425531914893614,True,False,5,0,1.0,26,16,0.6190476190476191,0.0,0,0.0,0.05,0.05,0.0,0.0
deletion,0.05,0.7,,complete,0.0,45,15,False,0.18135422126335257,0.1889959420351421,0.05,0.6440677966101694,0.39,False,True,5,0,1.0,0,49,0.0,0.0,0,0.0,0.05,0.05,0.0,0.0
deletion,0.05,0.7,,complete,0.0,45,16,False,0.14851566594751442,0.1542469565263566,0.0,0.639344262295082,0.3883495145631068,True,False,6,0,1.0,37,14,0.7254901960784313,0.0,0,0.0,0.05,0.05,0.0,0.0
deletion,0.05,0.7,,complete,0.0,45,17,False,0.11138674946063583,0.11568521739476745,0.0,0.6268656716417911,0.3944954128440367,False,True,6,0,1.0,0,44,0.0,0.0,0,0.0,0.05,0.05,0.0,0.0
deletion,0.05,0.7,,complete,0.0,45,18,False,0.08354006209547686,0.08676391304607559,0.0,0.6231884057971014,0.39285714285714285,True,False,7,0,1.0,29,16,0.6444444444444445,0.0,0,0.0,0.05,0.05,0.0,0.0
deletion,0.05,0.7,,complete,0.0,45,19,False,0.06265504657160766,0.0650729347845567,0.0,0.6216216216216216,0.3898305084745763,False,True,7,0,1.0,0,38,0.0,0.0,0,0.0,0.05,0.05,0.0,0.0
deletion,0.05,0.7,,complete,0.0,45,20,False,0.046991284928705745,0.04880470108841752,0.0,0.6153846153846154,0.3902439024390244,True,False,8,0,1.0,34,10,0.7727272727272727,0.0,0,0.0,0.05,0.05,0.0,0.0
deletion,0.05,0.7,,complete,0.0,45,21,False,0.03524346369652931,0.03660352581631314,0.0,0.6144578313253012,0.390625,False,True,8,0,1.0,0,39,0.0,0.0,0,0.0,0.05,0.05,0.0,0.0
deletion,0.05,0.7,,complete,0.0,45,22,False,0.026432597772396982,0.027452644362234855,0.0,0.6067415730337079,0.39705882352941174,True,False,9,0,1.0,29,10,0.7435897435897436,0.0,0,0.0,0.05,0.05,0.0,0.0
deletion,0.05,0.7,,complete,0.0,45,23,False,0.019824448329297733,0.020589483271676142,0.0,0.6086956521739131,0.38848920863309355,False,True,9,0,1.0,0,45,0.0,0.0,0,0.0,0.05,0.05,0.0,0.0
deletion,0.05,0.7,,complete,0.0,45,24,False,0.0148683362469733,0.015442112453757106,0.0,0.6078431372549019,0.38666666666666666,True,False,10,0,1.0,24,11,0.6857142857142857,0.0,0,0.0,0.05,0.05,0.0,0.0
deletion,0.05,0.7,,complete,0.0,45,25,False,0.011151252185229974,0.011581584340317828,0.0,0.6153846153846154,0.3741935483870968,False,True,10,0,1.0,0,45,0.0,0.0,0,0.0,0.05,0.05,0.0,0.0
deletion,0.05,0.7,,complete,0.0,45,26,False,0.008363439138922481,0.008686188255238371,0.0,0.6111111111111112,0.37423312883435583,True,False,11,0,1.0,30,12,0.7142857142857143,0.0,0,0.0,0.05,0.05,0.0,0.0
deletion,0.05,0.7,,complete,0.0,45,27,False,0.006272579354191862,0.006514641191428779,0.0,0.6146788990825688,0.3712574850299401,False,True,11,0,1.0,0,42,0.0,0.0,0,0.0,0.05,0.05,0.0,0.0
deletion,0.05,0.7,,complete,0.0,45,28,False,0.004704434515643896,0.004885980893571585,0.0,0.6086956521739131,0.37714285714285717,True,False,12,0,1.0,38,7,0.8444444444444444,0.0,0,0.0,0.05,0.05,0.0,0.0
deletion,0.05,0.7,,complete,0.0,45,29,False,0.003528325886732922,0.0036644856701786885,0.0,0.6134453781512605,0.3701657458563536,False,True,12,0,1.0,0,40,0.0,0.0,0,0.0,0.05,0.05,0.0,0.0
deletion,0.05,0.7,,complete,0.0,45,30,False,0.0026462444150496915,0.0027483642526340162,0.0,0.6260162601626016,0.3582887700534759,True,False,13,0,1.0,31,10,0.7560975609756098,0.0,0,0.0,0.05,0.05,0.0,0.0
deletion,0.05,0.7,,complete,0.0,45,31,False,0.0019846833112872686,0.0020612731894755123,0.0,0.6153846153846154,0.36597938144329895,False,True,13,0,1.0,0,43,0.0,0.0,0,0.0,0.05,0.05,0.0,0.0
deletion,0.05,0.7,,complete,0.0,45,32,False,0.0014885124834654515,0.0015459548921066342,0.0,0.6194029850746269,0.36683417085427134,True,False,14,0,1.0,30,15,0.6666666666666666,0.0,0,0.0,0.05,0.05,0.0,0.0
deletion,0.05,0.7,,complete,0.0,45,33,False,0.001116384362599089,0.0011594661690799758,0.0,0.6142857142857143,0.3701923076923077,False,True,14,0,1.0,0,35,0.0,0.0,0,0.0,0.05,0.05,0.0,0.0
deletion,0.05,0.7,,complete,0.0,45,34,False,0.0008372882719493166,0.0008695996268099818,0.0,0.6111111111111112,0.3691588785046729,True,False,15,0,1.0,26,18,0.5909090909090909,0.0,0,0.0,0.05,0.05,0.0,0.0
deletion,0.05,0.7,,complete,0.0,45,35,False,0.0006279662039619875,0.0006521997201074863,0.0,0.6095890410958904,0.36818181818181817,False,True,15,0,1.0,0,50,0.0,0.0,0,0.0,0.05,0.05,0.0,0.0
deletion,0.05,0.7,,complete,0.0,45,36,False,0.0004709746529714906,0.0004891497900806148,0.0,0.6025641025641025,0.3695652173913043,False,True,15,0,1.0,24,9,0.7272727272727273,0.4,24,0.0,0.05,0.05,0.0,0.0
deletion,0.05,0.7,,complete,0.0,45,37,False,0.05035323098972862,0.050366862342560464,0.0,0.6036585365853658,0.3682008368200837,False,True,15,0,1.0,27,13,0.675,0.4,51,0.0,0.05,0.05,0.0,0.0
deletion,0.05,0.7,,complete,0.0,45,38,False,0.08776492324229647,0.08777514675692036,0.0,0.6023391812865497,0.3684210526315789,False,True,15,0,1.0,24,12,0.6666666666666666,0.7,75,0.0,0.05,0.05,0.0,0.0
deletion,0.05,0.7,,complete,0.0,45,39,False,0.15332369243172234,0.15333136006769027,0.0,0.6022727272727273,0.36904761904761907,True,False,16,0,1.0,31,13,0.7045454545454546,0.0,0,0.0,0.05,0.05,0.0,0.0
deletion,0.05,0.7,,complete,0.0,46,0,False,0.0,0.0,0.0,0.0,1.0,False,True,0,0,0.1,0,0,0.0,0.0,0,0.0,0.05,0.05,0.0,0.0
deletion,0.05,0.7,,complete,0.0,46,1,False,0.0,0.0,0.2,0.2,0.84,False,True,0,0,0.2,3,41,0.06818181818181818,0.0,3,0.0,0.05,0.05,0.0,0.0
deletion,0.05,0.7,,complete,0.0,46,2,False,0.04642857142857143,0.05,0.4,0.4,0.7096774193548387,False,True,0,0,0.2,3,33,0.08333333333333333,0.0,6,0.0,0.05,0.05,0.0,0.0
deletion,0.05,0.7,,complete,0.0,46,3,False,0.12767857142857145,0.1375,0.4117647058823529,0.4117647058823529,0.6666666666666666,False,True,0,0,0.3,2,41,0.046511627906976744,0.0,8,0.0,0.05,0.05000000000000001,6.938893903907228e-18,0.0
deletion,0.05,0.7,,complete,0.0,46,4,False,0.18399422268907561,0.20606617647058822,0.5,0.5652173913043478,0.5581395348837209,False,True,0,0,0.5,3,29,0.09375,0.0,11,0.0,0.05,0.05,0.0,0.0
deletion,0.05,0.7,,complete,0.0,46,5,False,0.2362099527310924,0.27954963235294117,0.45,0.5769230769230769,0.5208333333333334,False,True,0,0,0.7,9,34,0.20930232558139536,0.3,20,0.0,0.05,0.05,0.0,0.0
deletion,0.05,0.7,,complete,0.0,46,6,False,0.27626460740546216,0.32216222426470587,0.25,0.53125,0.5178571428571429,True,False,1,0,0.9,26,18,0.5909090909090909,0.0,0,0.0,0.05,0.05,0.0,0.0
deletion,0.05,0.7,,complete,0.0,46,7,False,0.2696984555540966,0.30412166819852937,0.25,0.5454545454545454,0.4915254237288136,False,True,1,0,0.9,0,46,0.0,0.0,0,0.0,0.05,0.05,0.0,0.0
deletion,0.05,0.7,,complete,0.0,46,8,False,0.26477384166557244,0.29059125114889706,0.1,0.5121951219512195,0.5,True,False,2,0,0.9,26,16,0.6190476190476191,0.0,0,0.0,0.05,0.05,0.0,0.0
deletion,0.05,0.7,,complete,0.0,46,9,False,0.22358038124917937,0.2429434383616728,0.0,0.5319148936170213,0.47368421052631576,False,True,2,0,0.9,0,39,0.0,0.0,0,0.0,0.05,0.05,0.0,0.0
deletion,0.05,0.7,,complete,0.0,46,10,False,0.1676852859368845,0.1822075787712546,0.05,0.5555555555555556,0.4578313253012048,False,True,2,0,0.9,29,13,0.6904761904761905,0.7,29,0.0,0.05,0.05,0.0,0.0
deletion,0.05,0.7,,complete,0.0,46,11,False,0.2079068215955205,0.23040568407844095,0.05,0.5555555555555556,0.46153846153846156,False,True,2,0,0.9,25,14,0.6410256410256411,0.65,54,0.0,0.05,0.05,0.0,0.0
deletion,0.05,0.7,,complete,0.0,46,12,False,0.2327158304823547,0.2603042630588307,0.0,0.5362318840579711,0.46938775510204084,True,False,3,0,0.9,28,14,0.6666666666666666,0.0,0,0.0,0.05,0.05,0.0,0.0
deletion,0.05,0.7,,complete,0.0,46,13,False,0.17453687286176603,0.19522819729412302,0.0,0.5492957746478874,0.46078431372549017,False,True,3,0,1.0,0,35,0.0,0.0,0,0.0,0.05,0.05,0.0,0.0
deletion,0.05,0.7,,complete,0.0,46,14,False,0.13090265464632453,0.14642114797059227,0.0,0.5616438356164384,0.44036697247706424,True,False,4,0,1.0,33,11,0.75,0.0,0,0.0,0.05,0.05,0.0,0.0
deletion,0.05,0.7,,complete,0.0,46,15,False,0.09817699098474339,0.10981586097794421,0.0,0.569620253164557,0.43103448275862066,False,True,4,0,1.0,0,38,0.0,0.0,0,0.0,0.05,0.05,0.0,0.0
deletion,0.05,0.7,,complete,0.0,46,16,False,0.07363274323855754,0.08236189573345816,0.0,0.5662650602409639,0.4274193548387097,True,False,5,0,1.0,28,15,0.6511627906976745,0.0,0,0.0,0.05,0.05,0.0,0.0
deletion,0.05,0.7,,complete,0.0,46,17,False,0.055224557428918165,0.06177142180009362,0.0,0.5617977528089888,0.42424242424242425,False,True,5,0,1.0,0,41,0.0,0.0,0,0.0,0.05,0.05,0.0,0.0
deletion,0.05,0.7,,complete,0.0,46,18,False,0.04141841807168862,0.04632856635007022,0.0,0.5652173913043478,0.41304347826086957,True,False,6,0,1.0,32,14,0.6956521739130435,0.0,0,0.0,0.05,0.05,0.0,0.0
deletion,0.05,0.7,,complete,0.0,46,19,False,0.031063813553766466,0.034746424762552665,0.0,0.5684210526315789,0.4027777777777778,False,True,6,0,1.0,0,44,0.0,0.0,0,0.0,0.05,0.05,0.0,0.0
deletion,0.05,0.7,,complete,0.0,46,20,False,0.023297860165324848,0.0260598185719145,0.0,0.5784313725490197,0.39473684210526316,True,False,7,0,1.0,29,8,0.7837837837837838,0.0,0,0.0,0.05,0.05,0.0,0.0
deletion,0.05,0.7,,complete,0.0,46,21,False,0.017473395123993637,0.019544863928935875,0.0,0.5769230769230769,0.3935483870967742,False,True,7,0,1.0,0,38,0.0,0.0,0,0.0,0.05,0.05,0.0,0.0
deletion,0.05,0.7,,complete,0.0,46,22,False,0.013105046342995228,0.014658647946701906,0.0,0.5849056603773585,0.38650306748466257,True,False,8,0,1.0,39,11,0.78,0.0,0,0.0,0.05,0.05,0.0,0.0
deletion,0.05,0.7,,complete,0.0,46,23,False,0.009828784757246422,0.01099398596002643,0.0,0.5833333333333334,0.38323353293413176,False,True,8,0,1.0,0,45,0.0,0.0,0,0.0,0.05,0.05,0.0,0.0
deletion,0.05,0.7,,complete,0.0,46,24,False,0.0073715885679348165,0.008245489470019822,0.0,0.5882352941176471,0.38202247191011235,True,False,9,0,1.0,23,9,0.71875,0.0,0,0.0,0.05,0.05,0.0,0.0
deletion,0.05,0.7,,complete,0.0,46,25,False,0.005528691425951112,0.006184117102514866,0.0,0.5887096774193549,0.3763440860215054,False,True,9,0,1.0,0,40,0.0,0.0,0,0.0,0.05,0.05,0.0,0.0
deletion,0.05,0.7,,complete,0.0,46,26,False,0.004146518569463334,0.004638087826886149,0.0,0.59375,0.3769633507853403,True,False,10,0,1.0,27,10,0.7297297297297297,0.0,0,0.0,0.05,0.05,0.0,0.0
deletion,0.05,0.7,,complete,0.0,46,27,False,0.0031098889270975007,0.0034785658701646117,0.0,0.6,0.37244897959183676,False,True,10,0,1.0,0,43,0.0,0.0,0,0.0,0.05,0.05,0.0,0.0
deletion,0.05,0.7,,complete,0.0,46,28,False,0.0023324166953231254,0.0026089244026234588,0.0,0.5886524822695035,0.37681159420289856,True,False,11,0,1.0,30,5,0.8571428571428571,0.0,0,0.0,0.05,0.05,0.0,0.0
deletion,0.05,0.7,,complete,0.0,46,29,False,0.0017493125214923441,0.001956693301967594,0.0,0.5918367346938775,0.3755868544600939,False,True,11,0,1.0,0,39,0.0,0.0,0,0.0,0.05,0.05,0.0,0.0
deletion,0.05,0.7,,complete,0.0,46,30,False,0.0013119843911192583,0.0014675199764756955,0.0,0.5933333333333334,0.3744292237442922,True,False,12,0,1.0,25,15,0.625,0.0,0,0.0,0.05,0.05,0.0,0.0
deletion,0.05,0.7,,complete,0.0,46,31,False,0.0009839882933394435,0.0011006399823567715,0.0,0.5986842105263158,0.36607142857142855,False,True,12,0,1.0,0,40,0.0,0.0,0,0.0,0.05,0.05,0.0,0.0
deletion,0.05,0.7,,complete,0.0,46,32,False,0.0007379912200045827,0.0008254799867675786,0.0,0.6,0.3648068669527897,True,False,13,0,1.0,26,13,0.6666666666666666,0.0,0,0.0,0.05,0.05,0.0,0.0
deletion,0.05,0.7,,complete,0.0,46,33,False,0.0005534934150034371,0.0006191099900756839,0.0,0.6036585365853658,0.3625,False,True,13,0,1.0,0,40,0.0,0.0,0,0.0,0.05,0.05,0.0,0.0
deletion,0.05,0.7,,complete,0.0,46,34,False,0.00041512006125257777,0.000464332492556763,0.0,0.6,0.36585365853658536,True,False,14,0,1.0,28,11,0.717948717948718,0.0,0,0.0,0.05,0.05,0.0,0.0
deletion,0.05,0.7,,complete,0.0,46,35,False,0.00031134004593943337,0.00034824936941757224,0.0,0.6,0.36363636363636365,False,True,14,0,1.0,0,40,0.0,0.0,0,0.0,0.05,0.05,0.0,0.0
deletion,0.05,0.7,,complete,0.0,46,36,False,0.000233505034454575,0.0002611870270631792,0.0,0.5901639344262295,0.3702290076335878,False,True,14,0,1.0,29,11,0.725,0.35,29,0.0,0.05,0.05,0.0,0.0
deletion,0.05,0.7,,complete,0.0,46,37,False,0.04392512877584093,0.04394589027029738,0.0,0.5863874345549738,0.3754646840148699,True,False,15,0,1.0,22,15,0.5945945945945946,0.0,0,0.0,0.05,0.05,0.0,0.0
deletion,0.05,0.7,,complete,0.0,46,38,False,0.032943846581880695,0.03295941770272304,0.0,0.583756345177665,0.37410071942446044,False,True,15,0,1.0,0,40,0.0,0.0,0,0.0,0.05,0.05,0.0,0.0
deletion,0.05,0.7,,complete,0.0,46,39,False,0.02470788493641052,0.024719563277042278,0.0,0.5812807881773399,0.37543859649122807,True,False,16,0,1.0,32,13,0.7111111111111111,0.0,0,0.0,0.05,0.05,0.0,0.0
deletion,0.05,0.7,,complete,0.0,47,0,False,0.0,0.0,0.0,0.0,1.0,False,True,0,0,0.1,0,0,0.0,0.0,0,0.0,0.05,0.05,0.0,0.0
deletion,0.05,0.7,,complete,0.0,47,1,False,0.0,0.0,0.18181818181818182,0.18181818181818182,0.8148148148148148,False,True,0,0,0.2,4,39,0.09302325581395349,1.0,4,0.0,0.05,0.05,0.0,0.0
deletion,0.05,0.7,,complete,0.0,47,2,False,0.060064935064935064,0.14772727272727273,0.1875,0.1875,0.7878787878787878,True,False,1,0,0.3,12,28,0.3,0.0,0,0.0,0.05,0.05000000000000001,6.938893903907228e-18,0.0
deletion,0.05,0.7,,complete,0.0,47,3,False,0.0919237012987013,0.15767045454545456,0.2631578947368421,0.2631578947368421,0.675,False,True,1,0,0.5,0,37,0.0,0.0,0,0.0,0.05,0.05,0.0,0.0
deletion,0.05,0.7,,complete,0.0,47,4,False,0.1347322496582365,0.18404231459330145,0.2,0.30434782608695654,0.62,False,True,1,0,0.7,19,20,0.48717948717948717,0.5789473684210527,19,0.0,0.05,0.05,0.0,0.0
deletion,0.05,0.7,,complete,0.0,47,5,False,0.1781168564166097,0.23540015699760766,0.0,0.27586206896551724,0.6363636363636364,False,True,1,0,0.8,20,24,0.45454545454545453,0.65,39,0.0,0.05,0.05,0.0,0.0
deletion,0.05,0.7,,complete,0.0,47,6,False,0.19162335659817156,0.25780011774820577,0.0,0.3055555555555556,0.6060606060606061,False,True,1,0,0.8,21,17,0.5526315789473685,0.6,60,0.0,0.05,0.05,0.0,0.0
deletion,0.05,0.7,,complete,0.0,47,7,False,0.19728894602005725,0.2683500883111543,0.0,0.375,0.5633802816901409,True,False,2,0,0.9,25,20,0.5555555555555556,0.0,0,0.0,0.05,0.05,0.0,0.0
deletion,0.05,0.7,,complete,0.0,47,8,False,0.14796670951504293,0.20126256623336575,0.0,0.3953488372093023,0.5584415584415584,False,True,2,0,0.9,0,46,0.0,0.0,0,0.0,0.05,0.05,0.0,0.0
deletion,0.05,0.7,,complete,0.0,47,9,False,0.11097503213628221,0.1509469246750243,0.0,0.42,0.5465116279069767,True,False,3,0,1.0,26,18,0.5909090909090909,0.0,0,0.0,0.05,0.05,0.0,0.0
deletion,0.05,0.7,,complete,0.0,47,10,False,0.08323127410221165,0.11321019350626822,0.0,0.43636363636363634,0.532608695652174,False,True,3,0,1.0,0,38,0.0,0.0,0,0.0,0.05,0.05,0.0,0.0
deletion,0.05,0.7,,complete,0.0,47,11,False,0.06242345557665874,0.08490764512970117,0.0,0.46551724137931033,0.5051546391752577,True,False,4,0,1.0,31,15,0.6739130434782609,0.0,0,0.0,0.05,0.05,0.0,0.0
deletion,0.05,0.7,,complete,0.0,47,12,False,0.04681759168249405,0.06368073384727588,0.0,0.46774193548387094,0.49514563106796117,False,True,4,0,1.0,0,45,0.0,0.0,0,0.0,0.05,0.05,0.0,0.0
deletion,0.05,0.7,,complete,0.0,47,13,False,0.03511319376187054,0.04776055038545691,0.0,0.5138888888888888,0.4732142857142857,False,True,4,0,1.0,33,3,0.9166666666666666,0.35,33,0.0,0.05,0.05,0.0,0.0
deletion,0.05,0.7,,complete,0.0,47,14,False,0.07008489532140291,0.07957041278909269,0.0,0.5189873417721519,0.47058823529411764,True,False,5,0,1.0,29,14,0.6744186046511628,0.0,0,0.0,0.05,0.05,0.0,0.0
deletion,0.05,0.7,,complete,0.0,47,15,False,0.052563671491052184,0.059677809591819515,0.0,0.5121951219512195,0.47580645161290325,False,True,5,0,1.0,0,51,0.0,0.0,0,0.0,0.05,0.05,0.0,0.0
deletion,0.05,0.7,,complete,0.0,47,16,False,0.03942275361828913,0.04475835719386464,0.0,0.5348837209302325,0.4580152671755725,True,False,6,0,1.0,25,17,0.5952380952380952,0.0,0,0.0,0.05,0.05,0.0,0.0
deletion,0.05,0.7,,complete,0.0,47,17,False,0.029567065213716857,0.03356876789539848,0.0,0.5384615384615384,0.4460431654676259,False,True,6,0,1.0,0,40,0.0,0.0,0,0.0,0.05,0.05,0.0,0.0
deletion,0.05,0.7,,complete,0.0,47,18,False,0.02217529891028764,0.025176575921548858,0.0,0.5463917525773195,0.4413793103448276,False,True,6,0,1.0,32,16,0.6666666666666666,0.45,32,0.0,0.05,0.05,0.0,0.0
deletion,0.05,0.7,,complete,0.0,47,19,False,0.07288147418271573,0.07513243194116165,0.0,0.5339805825242718,0.4503311258278146,False,True,6,0,1.0,28,11,0.717948717948718,0.45,60,0.0,0.05,0.05,0.0,0.0
deletion,0.05,0.7,,complete,0.0,47,20,False,0.1109111056370368,0.11259932395587124,0.0,0.5309734513274337,0.45625,True,False,7,0,1.0,28,8,0.7777777777777778,0.0,0,0.0,0.05,0.05,0.0,0.0
deletion,0.05,0.7,,complete,0.0,47,21,False,0.0831833292277776,0.08444949296690343,0.0,0.5378151260504201,0.45180722891566266,False,True,7,0,1.0,0,41,0.0,0.0,0,0.0,0.05,0.05,0.0,0.0
deletion,0.05,0.7,,complete,0.0,47,22,False,0.06238749692083321,0.06333711972517758,0.0,0.5354330708661418,0.4602272727272727,True,False,8,0,1.0,30,7,0.8108108108108109,0.0,0,0.0,0.05,0.05,0.0,0.0
deletion,0.05,0.7,,complete,0.0,47,23,False,0.0467906226906249,0.047502839793883186,0.0,0.5263157894736842,0.45652173913043476,False,True,8,0,1.0,0,40,0.0,0.0,0,0.0,0.05,0.05,0.0,0.0
deletion,0.05,0.7,,complete,0.0,47,24,False,0.03509296701796868,0.035627129845412386,0.0,0.5289855072463768,0.45263157894736844,True,False,9,0,1.0,33,13,0.717391304347826,0.0,0,0.0,0.05,0.05,0.0,0.0
deletion,0.05,0.7,,complete,0.0,47,25,False,0.02631972526347651,0.02672034738405929,0.0,0.5314685314685315,0.44221105527638194,False,True,9,0,1.0,0,40,0.0,0.0,0,0.0,0.05,0.05,0.0,0.0
deletion,0.05,0.7,,complete,0.0,47,26,False,0.019739793947607383,0.020040260538044467,0.0,0.5298013245033113,0.4423076923076923,False,True,9,0,1.0,28,19,0.5957446808510638,0.55,28,0.0,0.05,0.05,0.0,0.0
deletion,0.05,0.7,,complete,0.0,47,27,False,0.08355484546070555,0.08378019540353336,0.0,0.5253164556962026,0.4444444444444444,True,False,10,0,1.0,27,14,0.6585365853658537,0.0,0,0.0,0.05,0.05,0.0,0.0
deletion,0.05,0.7,,complete,0.0,47,28,False,0.06266613409552915,0.06283514655265002,0.0,0.53125,0.43891402714932126,False,True,10,0,1.0,0,39,0.0,0.0,0,0.0,0.05,0.05,0.0,0.0
deletion,0.05,0.7,,complete,0.0,47,29,False,0.04699960057164687,0.04712635991448751,0.0,0.5393939393939394,0.43171806167400884,True,False,11,0,1.0,33,16,0.673469387755102,0.0,0,0.0,0.05,0.05,0.0,0.0
deletion,0.05,0.7,,complete,0.0,47,30,False,0.035249700428735146,0.03534476993586563,0.0,0.5348837209302325,0.4322033898305085,False,True,11,0,1.0,0,34,0.0,0.0,0,0.0,0.05,0.05,0.0,0.0
deletion,0.05,0.7,,complete,0.0,47,31,False,0.02643727532155136,0.026508577451899225,0.0,0.5307262569832403,0.4326530612244898,True,False,12,0,1.0,27,13,0.675,0.0,0,0.0,0.05,0.05,0.0,0.0
deletion,0.05,0.7,,complete,0.0,47,32,False,0.019827956491163524,0.01988143308892442,0.0,0.5405405405405406,0.4246031746031746,False,True,12,0,1.0,0,33,0.0,0.0,0,0.0,0.05,0.05,0.0,0.0
deletion,0.05,0.7,,complete,0.0,47,33,False,0.01487096736837264,0.014911074816693315,0.0,0.543010752688172,0.421259842519685,False,True,12,0,1.0,33,12,0.7333333333333333,0.5,33,0.0,0.05,0.05,0.0,0.0
deletion,0.05,0.7,,complete,0.0,47,34,False,0.07365322552627948,0.07368330611251998,0.0,0.5392670157068062,0.4230769230769231,True,False,13,0,1.0,29,12,0.7073170731707317,0.0,0,0.0,0.05,0.05,0.0,0.0
deletion,0.05,0.7,,complete,0.0,47,35,False,0.05523991914470961,0.055262479584389984,0.0,0.5454545454545454,0.41947565543071164,False,True,13,0,1.0,0,35,0.0,0.0,0,0.0,0.05,0.05,0.0,0.0
deletion,0.05,0.7,,complete,0.0,47,36,False,0.04142993935853221,0.04144685968829249,0.0,0.5495049504950495,0.41544117647058826,False,True,13,0,1.0,25,15,0.625,0.45,25,0.0,0.05,0.05,0.0,0.0
deletion,0.05,0.7,,complete,0.0,47,37,False,0.08732245451889917,0.08733514476621937,0.0,0.551219512195122,0.41155234657039713,True,False,14,0,1.0,28,14,0.6666666666666666,0.0,0,0.0,0.05,0.05,0.0,0.0
deletion,0.05,0.7,,complete,0.0,47,38,False,0.06549184088917437,0.06550135857466452,0.0,0.5555555555555556,0.40569395017793597,False,True,14,0,1.0,0,40,0.0,0.0,0,0.0,0.05,0.05,0.0,0.0
deletion,0.05,0.7,,complete,0.0,47,39,False,0.04911888066688077,0.04912601893099839,0.0,0.5576923076923077,0.4027777777777778,True,False,15,0,1.0,29,18,0.6170212765957447,0.0,0,0.0,0.05,0.05,0.0,0.0
deletion,0.05,0.7,,complete,0.0,48,0,False,0.0,0.0,0.0,0.0,1.0,False,True,0,0,0.0,0,0,0.0,0.0,0,0.0,0.05,0.05,0.0,0.0
deletion,0.05,0.7,,complete,0.0,48,1,False,0.0,0.0,0.3333333333333333,0.3333333333333333,0.85,False,True,0,0,0.0,0,44,0.0,0.0,0,0.0,0.05,0.05,0.0,0.0
deletion,0.05,0.7,,complete,0.0,48,2,False,0.08333333333333333,0.08333333333333333,0.4,0.4,0.7083333333333334,False,True,0,0,0.0,0,41,0.0,0.0,0,0.0,0.05,0.05,0.0,0.0
deletion,0.05,0.7,,complete,0.0,48,3,False,0.1625,0.1625,0.5714285714285714,0.5714285714285714,0.5666666666666667,False,True,0,0,0.0,0,42,0.0,0.0,0,0.0,0.05,0.05,0.0,0.0
deletion,0.05,0.7,,complete,0.0,48,4,False,0.26473214285714286,0.26473214285714286,0.6111111111111112,0.6111111111111112,0.5294117647058824,False,True,0,0,0.0,0,43,0.0,0.0,0,0.0,0.05,0.05,0.0,0.0
deletion,0.05,0.7,,complete,0.0,48,5,False,0.3513268849206349,0.3513268849206349,0.6111111111111112,0.6111111111111112,0.5142857142857142,False,True,0,0,0.0,0,43,0.0,0.0,0,0.0,0.05,0.05,0.0,0.0
deletion,0.05,0.7,,complete,0.0,48,6,False,0.41627294146825405,0.416272941468254,0.65,0.6666666666666666,0.4523809523809524,False,True,0,0,0.0,0,40,0.0,0.0,0,0.0,0.05,0.05,0.0,0.0
deletion,0.05,0.7,,complete,0.0,48,7,False,0.47470470610119053,0.47470470610119053,0.65,0.6818181818181818,0.4222222222222222,False,True,0,0,0.1,0,48,0.0,0.0,0,0.0,0.05,0.05,0.0,0.0
deletion,0.05,0.7,,complete,0.0,48,8,False,0.5185285295758929,0.5185285295758929,0.5,0.6296296296296297,0.44,True,False,1,0,0.2,6,31,0.16216216216216217,0.0,0,0.0,0.05,0.05,0.0,0.0
deletion,0.05,0.7,,complete,0.0,48,9,False,0.5138963971819197,0.5138963971819197,0.5,0.6551724137931034,0.41509433962264153,False,True,1,0,0.2,0,43,0.0,0.0,0,0.0,0.05,0.05,0.0,0.0
deletion,0.05,0.7,,complete,0.0,48,10,False,0.5104222978864398,0.5104222978864398,0.45,0.65625,0.39655172413793105,False,True,1,0,0.3,9,34,0.20930232558139536,0.3333333333333333,9,0.0,0.05,0.05000000000000001,6.938893903907228e-18,0.0
deletion,0.05,0.7,,complete,0.0,48,11,False,0.4911500567481632,0.49531672341482985,0.4,0.6756756756756757,0.38095238095238093,False,True,1,0,0.3,12,27,0.3076923076923077,0.6,21,0.0,0.05,0.05000000000000001,6.938893903907228e-18,0.0
deletion,0.05,0.7,,complete,0.0,48,12,False,0.4755053997039795,0.4855500425611224,0.4,0.6923076923076923,0.36923076923076925,False,True,1,0,0.4,13,30,0.3023255813953488,0.7,34,0.0,0.05,0.05,0.0,0.0
deletion,0.05,0.7,,complete,0.0,48,13,False,0.4727004783494132,0.5016625319208419,0.35,0.7045454545454546,0.352112676056338,True,False,2,0,0.5,18,27,0.4,0.0,0,0.0,0.05,0.05,0.0,0.0
deletion,0.05,0.7,,complete,0.0,48,14,False,0.4420253587620599,0.46374689894063137,0.3,0.7021276595744681,0.34210526315789475,False,True,2,0,0.7,0,43,0.0,0.0,0,0.0,0.05,0.05,0.0,0.0
deletion,0.05,0.7,,complete,0.0,48,15,False,0.406519019071545,0.42281017420547357,0.15,0.6730769230769231,0.35714285714285715,True,False,3,0,0.8,21,18,0.5384615384615384,0.0,0,0.0,0.05,0.05,0.0,0.0
deletion,0.05,0.7,,complete,0.0,48,16,False,0.3423892643036587,0.35460763065410517,0.15,0.6851851851851852,0.3409090909090909,False,True,3,0,0.8,0,44,0.0,0.0,0,0.0,0.05,0.05,0.0,0.0
deletion,0.05,0.7,,complete,0.0,48,17,False,0.294291948227744,0.3034557229905789,0.1,0.7,0.3368421052631579,True,False,4,0,1.0,24,18,0.5714285714285714,0.0,0,0.0,0.05,0.05,0.0,0.0
deletion,0.05,0.7,,complete,0.0,48,18,False,0.245718961170808,0.25259179224293415,0.0,0.6875,0.34,False,True,4,0,1.0,0,39,0.0,0.0,0,0.0,0.05,0.05,0.0,0.0
deletion,0.05,0.7,,complete,0.0,48,19,False,0.184289220878106,0.18944384418220062,0.0,0.6944444444444444,0.3302752293577982,False,True,4,0,1.0,23,12,0.6571428571428571,0.6,23,0.0,0.05,0.05,0.0,0.0
deletion,0.05,0.7,,complete,0.0,48,20,False,0.2132169156585795,0.21708288313665047,0.0,0.6891891891891891,0.33035714285714285,False,True,4,0,1.0,28,10,0.7368421052631579,0.5,51,0.0,0.05,0.05,0.0,0.0
deletion,0.05,0.7,,complete,0.0,48,21,False,0.22241268674393463,0.22531216235248785,0.0,0.6666666666666666,0.3418803418803419,True,False,5,0,1.0,30,13,0.6976744186046512,0.0,0,0.0,0.05,0.05,0.0,0.0
deletion,0.05,0.7,,complete,0.0,48,22,False,0.16680951505795097,0.1689841217643659,0.0,0.6626506024096386,0.3412698412698413,False,True,5,0,1.0,0,45,0.0,0.0,0,0.0,0.05,0.05,0.0,0.0
deletion,0.05,0.7,,complete,0.0,48,23,False,0.12510713629346323,0.1267380913232744,0.0,0.6373626373626373,0.35766423357664234,False,True,5,0,1.0,25,10,0.7142857142857143,0.45,25,0.0,0.05,0.05,0.0,0.0
deletion,0.05,0.7,,complete,0.0,48,24,False,0.15008035222009744,0.1513035684924558,0.0,0.6276595744680851,0.36363636363636365,True,False,6,0,1.0,26,15,0.6341463414634146,0.0,0,0.0,0.05,0.05,0.0,0.0
deletion,0.05,0.7,,complete,0.0,48,25,False,0.11256026416507306,0.11347767636934185,0.0,0.6326530612244898,0.36486486486486486,False,True,6,0,1.0,0,43,0.0,0.0,0,0.0,0.05,0.05,0.0,0.0
deletion,0.05,0.7,,complete,0.0,48,26,False,0.08442019812380479,0.08510825727700638,0.0,0.6190476190476191,0.3717948717948718,True,False,7,0,1.0,31,11,0.7380952380952381,0.0,0,0.0,0.05,0.05,0.0,0.0
deletion,0.05,0.7,,complete,0.0,48,27,False,0.0633151485928536,0.06383119295775479,0.0,0.6296296296296297,0.36645962732919257,False,True,7,0,1.0,0,42,0.0,0.0,0,0.0,0.05,0.05,0.0,0.0
deletion,0.05,0.7,,complete,0.0,48,28,False,0.0474863614446402,0.04787339471831609,0.0,0.6206896551724138,0.37058823529411766,True,False,8,0,1.0,33,8,0.8048780487804879,0.0,0,0.0,0.05,0.05,0.0,0.0
deletion,0.05,0.7,,complete,0.0,48,29,False,0.03561477108348015,0.035905046038737065,0.0,0.6239316239316239,0.3620689655172414,False,True,8,0,1.0,0,43,0.0,0.0,0,0.0,0.05,0.05,0.0,0.0
deletion,0.05,0.7,,complete,0.0,48,30,False,0.026711078312610107,0.0269287845290528,0.0,0.6147540983606558,0.36666666666666664,True,False,9,0,1.0,26,16,0.6190476190476191,0.0,0,0.0,0.05,0.05,0.0,0.0
deletion,0.05,0.7,,complete,0.0,48,31,False,0.02003330873445758,0.0201965883967896,0.0,0.6111111111111112,0.35978835978835977,False,True,9,0,1.0,0,38,0.0,0.0,0,0.0,0.05,0.05,0.0,0.0
deletion,0.05,0.7,,complete,0.0,48,32,False,0.015024981550843185,0.015147441297592198,0.0,0.5923076923076923,0.37755102040816324,True,False,10,0,1.0,20,16,0.5555555555555556,0.0,0,0.0,0.05,0.05,0.0,0.0
deletion,0.05,0.7,,complete,0.0,48,33,False,0.01126873616313239,0.011360580973194149,0.0,0.5954198473282443,0.37373737373737376,False,True,10,0,1.0,0,44,0.0,0.0,0,0.0,0.05,0.05,0.0,0.0
deletion,0.05,0.7,,complete,0.0,48,34,False,0.008451552122349293,0.008520435729895613,0.0,0.5899280575539568,0.37681159420289856,True,False,11,0,1.0,28,11,0.717948717948718,0.0,0,0.0,0.05,0.05,0.0,0.0
deletion,0.05,0.7,,complete,0.0,48,35,False,0.006338664091761969,0.006390326797421709,0.0,0.5972222222222222,0.37089201877934275,False,True,11,0,1.0,0,32,0.0,0.0,0,0.0,0.05,0.05,0.0,0.0
deletion,0.05,0.7,,complete,0.0,48,36,False,0.004753998068821477,0.004792745098066282,0.0,0.5866666666666667,0.3755656108597285,True,False,12,0,1.0,28,11,0.717948717948718,0.0,0,0.0,0.05,0.05,0.0,0.0
deletion,0.05,0.7,,complete,0.0,48,37,False,0.0035654985516161077,0.0035945588235497114,0.0,0.5897435897435898,0.37280701754385964,False,True,12,0,1.0,0,40,0.0,0.0,0,0.0,0.05,0.05,0.0,0.0
deletion,0.05,0.7,,complete,0.0,48,38,False,0.002674123913712081,0.0026959191176622833,0.0,0.5864197530864198,0.37446808510638296,True,False,13,0,1.0,38,8,0.8260869565217391,0.0,0,0.0,0.05,0.05,0.0,0.0
deletion,0.05,0.7,,complete,0.0,48,39,False,0.0020055929352840603,0.0020219393382467123,0.0,0.5833333333333334,0.37448559670781895,False,True,13,0,1.0,0,32,0.0,0.0,0,0.0,0.05,0.05,0.0,0.0
deletion,0.05,0.7,,complete,0.0,49,0,False,0.0,0.0,0.0,0.0,1.0,False,True,0,0,0.1,0,0,0.0,0.0,0,0.0,0.05,0.05,0.0,0.0
deletion,0.05,0.7,,complete,0.0,49,1,False,0.0,0.0,0.16666666666666666,0.16666666666666666,0.8076923076923077,False,True,0,0,0.2,4,42,0.08695652173913043,1.0,4,0.0,0.05,0.05,0.0,0.0
deletion,0.05,0.7,,complete,0.0,49,2,False,0.05654761904761905,0.14583333333333334,0.2222222222222222,0.2222222222222222,0.696969696969697,False,True,0,0,0.2,14,30,0.3181818181818182,0.6111111111111112,18,0.0,0.05,0.05,0.0,0.0
deletion,0.05,0.7,,complete,0.0,49,3,False,0.10491071428571429,0.21354166666666669,0.3,0.3,0.675,False,True,0,0,0.2,3,37,0.075,0.65,21,0.0,0.05,0.05,0.0,0.0
deletion,0.05,0.7,,complete,0.0,49,4,False,0.1599330357142857,0.27890625,0.46153846153846156,0.46153846153846156,0.6041666666666666,True,False,1,0,0.2,7,31,0.18421052631578946,0.0,0,0.0,0.05,0.05,0.0,0.0
deletion,0.05,0.7,,complete,0.0,49,5,False,0.23533439217032967,0.3245643028846154,0.5,0.5,0.5882352941176471,False,True,1,0,0.3,0,42,0.0,0.0,0,0.0,0.05,0.05000000000000001,6.938893903907228e-18,0.0
deletion,0.05,0.7,,complete,0.0,49,6,False,0.3015007941277473,0.36842322716346154,0.5882352941176471,0.5882352941176471,0.5555555555555556,False,True,1,0,0.3,7,39,0.15217391304347827,0.7142857142857143,7,0.0,0.05,0.05000000000000001,6.938893903907228e-18,0.0
deletion,0.05,0.7,,complete,0.0,49,7,False,0.37543531948536624,0.43913254642301636,0.6,0.6,0.5081967213114754,False,True,1,0,0.5,8,38,0.17391304347826086,0.6666666666666666,15,0.0,0.05,0.05,0.0,0.0
deletion,0.05,0.7,,complete,0.0,49,8,False,0.43395744199497704,0.48768274315059557,0.5,0.6,0.5,True,False,2,0,0.6,19,24,0.4418604651162791,0.0,0,0.0,0.05,0.05000000000000001,6.938893903907228e-18,0.0
deletion,0.05,0.7,,complete,0.0,49,9,False,0.45046808149623274,0.49076205736294665,0.4,0.5555555555555556,0.49295774647887325,False,True,2,0,0.6,0,40,0.0,0.0,0,0.0,0.05,0.05000000000000001,6.938893903907228e-18,0.0
deletion,0.05,0.7,,complete,0.0,49,10,False,0.4378510611221746,0.46807154302221,0.25,0.5454545454545454,0.48717948717948717,False,True,2,0,0.7,18,19,0.4864864864864865,0.7777777777777778,18,0.0,0.05,0.05,0.0,0.0
deletion,0.05,0.7,,complete,0.0,49,11,False,0.42858670854004366,0.4795258794888797,0.15,0.5,0.5,True,False,3,0,0.7,30,15,0.6666666666666666,0.0,0,0.0,0.05,0.05,0.0,0.0
deletion,0.05,0.7,,complete,0.0,49,12,False,0.3589400314050327,0.39714440961665975,0.1,0.5365853658536586,0.48314606741573035,False,True,3,0,0.8,0,42,0.0,0.0,0,0.0,0.05,0.05,0.0,0.0
deletion,0.05,0.7,,complete,0.0,49,13,False,0.2942050235537746,0.32285830721249487,0.0,0.5625,0.46875,True,False,4,0,0.8,27,14,0.6585365853658537,0.0,0,0.0,0.05,0.05,0.0,0.0
deletion,0.05,0.7,,complete,0.0,49,14,False,0.22065376766533093,0.24214373040937115,0.0,0.5490196078431373,0.47,False,True,4,0,0.9,0,47,0.0,0.0,0,0.0,0.05,0.05,0.0,0.0
deletion,0.05,0.7,,complete,0.0,49,15,False,0.1654903257489982,0.18160779780702835,0.0,0.5535714285714286,0.4766355140186916,False,True,4,0,0.9,28,16,0.6363636363636364,0.5,28,0.0,0.05,0.05,0.0,0.0
deletion,0.05,0.7,,complete,0.0,49,16,False,0.17768917288317723,0.19870584835527128,0.0,0.4925373134328358,0.49572649572649574,False,True,4,0,1.0,29,11,0.725,0.65,57,0.0,0.05,0.05,0.0,0.0
deletion,0.05,0.7,,complete,0.0,49,17,False,0.21451687966238292,0.23027938626645345,0.0,0.4782608695652174,0.49586776859504134,False,True,4,0,1.0,41,8,0.8367346938775511,0.6,98,0.0,0.05,0.05,0.0,0.0
deletion,0.05,0.7,,complete,0.0,49,18,False,0.2358876597467872,0.2477095396998401,0.0,0.4861111111111111,0.49193548387096775,True,False,5,0,1.0,25,16,0.6097560975609756,0.0,0,0.0,0.05,0.05,0.0,0.0
deletion,0.05,0.7,,complete,0.0,49,19,False,0.1769157448100904,0.18578215477488008,0.0,0.5066666666666667,0.4883720930232558,False,True,5,0,1.0,0,37,0.0,0.0,0,0.0,0.05,0.05,0.0,0.0
deletion,0.05,0.7,,complete,0.0,49,20,False,0.1326868086075678,0.13933661608116005,0.0,0.525,0.47058823529411764,True,False,6,0,1.0,30,12,0.7142857142857143,0.0,0,0.0,0.05,0.05,0.0,0.0
deletion,0.05,0.7,,complete,0.0,49,21,False,0.09951510645567585,0.10450246206087004,0.0,0.5421686746987951,0.45390070921985815,False,True,6,0,1.0,0,37,0.0,0.0,0,0.0,0.05,0.05,0.0,0.0
deletion,0.05,0.7,,complete,0.0,49,22,False,0.07463632984175687,0.07837684654565252,0.0,0.5393258426966292,0.4527027027027027,True,False,7,0,1.0,30,10,0.75,0.0,0,0.0,0.05,0.05,0.0,0.0
deletion,0.05,0.7,,complete,0.0,49,23,False,0.05597724738131766,0.05878263490923939,0.0,0.5531914893617021,0.44155844155844154,False,True,7,0,1.0,0,38,0.0,0.0,0,0.0,0.05,0.05,0.0,0.0
deletion,0.05,0.7,,complete,0.0,49,24,False,0.041982935535988246,0.04408697618192954,0.0,0.56,0.43209876543209874,True,False,8,0,1.0,27,13,0.675,0.0,0,0.0,0.05,0.05,0.0,0.0
deletion,0.05,0.7,,complete,0.0,49,25,False,0.03148720165199118,0.03306523213644716,0.0,0.5471698113207547,0.43859649122807015,False,True,8,0,1.0,0,38,0.0,0.0,0,0.0,0.05,0.05,0.0,0.0
deletion,0.05,0.7,,complete,0.0,49,26,False,0.023615401238993385,0.02479892410233537,0.0,0.5535714285714286,0.43333333333333335,True,False,9,0,1.0,23,14,0.6216216216216216,0.0,0,0.0,0.05,0.05,0.0,0.0
deletion,0.05,0.7,,complete,0.0,49,27,False,0.017711550929245038,0.01859919307675153,0.0,0.5614035087719298,0.42391304347826086,False,True,9,0,1.0,0,47,0.0,0.0,0,0.0,0.05,0.05,0.0,0.0
deletion,0.05,0.7,,complete,0.0,49,28,False,0.01328366319693378,0.013949394807563647,0.0,0.5537190082644629,0.4270833333333333,True,False,10,0,1.0,29,10,0.7435897435897436,0.0,0,0.0,0.05,0.05,0.0,0.0
deletion,0.05,0.7,,complete,0.0,49,29,False,0.009962747397700335,0.010462046105672735,0.0,0.568,0.41919191919191917,False,True,10,0,1.0,0,36,0.0,0.0,0,0.0,0.05,0.05,0.0,0.0
deletion,0.05,0.7,,complete,0.0,49,30,False,0.007472060548275252,0.007846534579254551,0.0,0.5746268656716418,0.40865384615384615,False,True,10,0,1.0,27,11,0.7105263157894737,0.25,27,0.0,0.05,0.05,0.0,0.0
deletion,0.05,0.7,,complete,0.0,49,31,False,0.03685404541120644,0.03713490093444091,0.0,0.5902777777777778,0.4036697247706422,True,False,11,0,1.0,21,16,0.5675675675675675,0.0,0,0.0,0.05,0.05,0.0,0.0
deletion,0.05,0.7,,complete,0.0,49,32,False,0.027640534058404827,0.027851175700830684,0.0,0.589041095890411,0.4009009009009009,False,True,11,0,1.0,0,39,0.0,0.0,0,0.0,0.05,0.05,0.0,0.0
deletion,0.05,0.7,,complete,0.0,49,33,False,0.02073040054380362,0.020888381775623015,0.0,0.5945945945945946,0.39035087719298245,True,False,12,0,1.0,31,15,0.6739130434782609,0.0,0,0.0,0.05,0.05,0.0,0.0
deletion,0.05,0.7,,complete,0.0,49,34,False,0.015547800407852716,0.01566628633171726,0.0,0.6,0.38396624472573837,False,True,12,0,1.0,0,28,0.0,0.0,0,0.0,0.05,0.05,0.0,0.0
deletion,0.05,0.7,,complete,0.0,49,35,False,0.011660850305889536,0.011749714748787944,0.0,0.5900621118012422,0.39094650205761317,False,True,12,0,1.0,27,11,0.7105263157894737,0.55,27,0.0,0.05,0.05,0.0,0.0
deletion,0.05,0.7,,complete,0.0,49,36,False,0.07749563772941716,0.07756228606159096,0.0,0.5882352941176471,0.39285714285714285,False,True,12,0,1.0,21,13,0.6176470588235294,0.35,48,0.0,0.05,0.05,0.0,0.0
deletion,0.05,0.7,,complete,0.0,49,37,False,0.10187172829706286,0.10192171454619323,0.0,0.5953757225433526,0.38910505836575876,True,False,13,0,1.0,23,16,0.5897435897435898,0.0,0,0.0,0.05,0.05,0.0,0.0
deletion,0.05,0.7,,complete,0.0,49,38,False,0.07640379622279714,0.07644128590964491,0.0,0.5932203389830508,0.3931297709923664,False,True,13,0,1.0,0,45,0.0,0.0,0,0.0,0.05,0.05,0.0,0.0
deletion,0.05,0.7,,complete,0.0,49,39,False,0.05730284716709786,0.057330964432233684,0.0,0.5944444444444444,0.3895131086142322,True,False,14,0,1.0,35,12,0.7446808510638298,0.0,0,0.0,0.05,0.05,0.0,0.0
deletion,0.05,0.7,,complete,0.0,50,0,False,0.0,0.0,0.0,0.0,1.0,False,True,0,0,0.0,0,0,0.0,0.0,0,0.0,0.05,0.05,0.0,0.0
deletion,0.05,0.7,,complete,0.0,50,1,False,0.0,0.0,0.21052631578947367,0.21052631578947367,0.8214285714285714,False,True,0,0,0.1,0,42,0.0,0.0,0,0.0,0.05,0.05,0.0,0.0
deletion,0.05,0.7,,complete,0.0,50,2,False,0.05263157894736842,0.05263157894736842,0.25,0.34782608695652173,0.7058823529411765,False,True,0,0,0.1,2,44,0.043478260869565216,0.0,2,0.0,0.05,0.05,0.0,0.0
deletion,0.05,0.7,,complete,0.0,50,3,False,0.0975093984962406,0.10197368421052631,0.25,0.4,0.6486486486486487,False,True,0,0,0.3,0,43,0.0,0.0,2,0.0,0.05,0.05000000000000001,6.938893903907228e-18,0.0
deletion,0.05,0.7,,complete,0.0,50,4,False,0.12670347744360902,0.13898026315789475,0.15,0.43333333333333335,0.627906976744186,True,False,1,0,0.4,9,30,0.23076923076923078,0.0,0,0.0,0.05,0.05,0.0,0.0
deletion,0.05,0.7,,complete,0.0,50,5,False,0.13252760808270675,0.14173519736842105,0.05,0.42424242424242425,0.6086956521739131,False,True,1,0,0.5,0,41,0.0,0.0,0,0.0,0.05,0.05,0.0,0.0
deletion,0.05,0.7,,complete,0.0,50,6,False,0.11189570606203006,0.11880139802631579,0.05,0.42424242424242425,0.5833333333333334,False,True,1,0,0.5,11,32,0.2558139534883721,0.45454545454545453,11,0.0,0.05,0.05,0.0,0.0
deletion,0.05,0.7,,complete,0.0,50,7,False,0.11809385746860047,0.15216923033791865,0.05,0.4864864864864865,0.5384615384615384,False,True,1,0,0.6,9,32,0.21951219512195122,0.55,20,0.0,0.05,0.05000000000000001,6.938893903907228e-18,0.0
deletion,0.05,0.7,,complete,0.0,50,8,False,0.12785610738716466,0.189126922753439,0.05,0.4634146341463415,0.543859649122807,False,True,1,0,0.7,22,18,0.55,0.7,42,0.0,0.05,0.05,0.0,0.0
deletion,0.05,0.7,,complete,0.0,50,9,False,0.15482065196894493,0.23559519206507926,0.0,0.4772727272727273,0.5245901639344263,True,False,2,0,0.9,20,31,0.39215686274509803,0.0,0,0.0,0.05,0.05,0.0,0.0
deletion,0.05,0.7,,complete,0.0,50,10,False,0.11611548897670868,0.17669639404880944,0.0,0.4888888888888889,0.5,False,True,2,0,1.0,0,39,0.0,0.0,0,0.0,0.05,0.05,0.0,0.0
deletion,0.05,0.7,,complete,0.0,50,11,False,0.08708661673253151,0.13252229553660708,0.0,0.4807692307692308,0.4868421052631579,True,False,3,0,1.0,27,9,0.75,0.0,0,0.0,0.05,0.05,0.0,0.0
deletion,0.05,0.7,,complete,0.0,50,12,False,0.06531496254939863,0.0993917216524553,0.0,0.5087719298245614,0.4578313253012048,False,True,3,0,1.0,0,40,0.0,0.0,0,0.0,0.05,0.05,0.0,0.0
deletion,0.05,0.7,,complete,0.0,50,13,False,0.048986221912048974,0.07454379123934148,0.0,0.5161290322580645,0.449438202247191,True,False,4,0,1.0,25,11,0.6944444444444444,0.0,0,0.0,0.05,0.05,0.0,0.0
deletion,0.05,0.7,,complete,0.0,50,14,False,0.036739666434036734,0.05590784342950611,0.0,0.5076923076923077,0.45263157894736844,False,True,4,0,1.0,0,44,0.0,0.0,0,0.0,0.05,0.05,0.0,0.0
deletion,0.05,0.7,,complete,0.0,50,15,False,0.02755474982552755,0.04193088257212958,0.0,0.5142857142857142,0.44660194174757284,True,False,5,0,1.0,24,14,0.631578947368421,0.0,0,0.0,0.05,0.05,0.0,0.0
deletion,0.05,0.7,,complete,0.0,50,16,False,0.02066606236914566,0.03144816192909719,0.0,0.5135135135135135,0.4485981308411215,False,True,5,0,1.0,0,42,0.0,0.0,0,0.0,0.05,0.05,0.0,0.0
deletion,0.05,0.7,,complete,0.0,50,17,False,0.015499546776859247,0.023586121446822893,0.0,0.5119047619047619,0.452991452991453,True,False,6,0,1.0,34,11,0.7555555555555555,0.0,0,0.0,0.05,0.05,0.0,0.0
deletion,0.05,0.7,,complete,0.0,50,18,False,0.011624660082644433,0.017689591085117168,0.0,0.5232558139534884,0.4462809917355372,False,True,6,0,1.0,0,43,0.0,0.0,0,0.0,0.05,0.05,0.0,0.0
deletion,0.05,0.7,,complete,0.0,50,19,False,0.008718495061983326,0.013267193313837876,0.0,0.532608695652174,0.4375,True,False,7,0,1.0,31,7,0.8157894736842105,0.0,0,0.0,0.05,0.05,0.0,0.0
deletion,0.05,0.7,,complete,0.0,50,20,False,0.006538871296487495,0.009950394985378407,0.0,0.5520833333333334,0.42857142857142855,False,True,7,0,1.0,0,35,0.0,0.0,0,0.0,0.05,0.05,0.0,0.0
deletion,0.05,0.7,,complete,0.0,50,21,False,0.004904153472365621,0.007462796239033806,0.0,0.5643564356435643,0.4142857142857143,True,False,8,0,1.0,20,13,0.6060606060606061,0.0,0,0.0,0.05,0.05,0.0,0.0
deletion,0.05,0.7,,complete,0.0,50,22,False,0.0036781151042742156,0.005597097179275354,0.0,0.5660377358490566,0.40816326530612246,False,True,8,0,1.0,0,39,0.0,0.0,0,0.0,0.05,0.05,0.0,0.0
deletion,0.05,0.7,,complete,0.0,50,23,False,0.0027585863282056614,0.004197822884456515,0.0,0.5526315789473685,0.4140127388535032,True,False,9,0,1.0,28,13,0.6829268292682927,0.0,0,0.0,0.05,0.05,0.0,0.0
deletion,0.05,0.7,,complete,0.0,50,24,False,0.002068939746154246,0.0031483671633423865,0.0,0.5641025641025641,0.40606060606060607,False,True,9,0,1.0,0,44,0.0,0.0,0,0.0,0.05,0.05,0.0,0.0
deletion,0.05,0.7,,complete,0.0,50,25,False,0.0015517048096156845,0.0023612753725067897,0.0,0.5772357723577236,0.38953488372093026,True,False,10,0,1.0,34,7,0.8292682926829268,0.0,0,0.0,0.05,0.05,0.0,0.0
deletion,0.05,0.7,,complete,0.0,50,26,False,0.0011637786072117636,0.0017709565293800922,0.0,0.5873015873015873,0.3806818181818182,False,True,10,0,1.0,0,45,0.0,0.0,0,0.0,0.05,0.05,0.0,0.0
deletion,0.05,0.7,,complete,0.0,50,27,False,0.0008728339554088225,0.0013282173970350691,0.0,0.5891472868217055,0.3791208791208791,True,False,11,0,1.0,41,8,0.8367346938775511,0.0,0,0.0,0.05,0.05,0.0,0.0
deletion,0.05,0.7,,complete,0.0,50,28,False,0.000654625466556617,0.0009961630477763018,0.0,0.5923076923076923,0.375,False,True,11,0,1.0,0,45,0.0,0.0,0,0.0,0.05,0.05,0.0,0.0
deletion,0.05,0.7,,complete,0.0,50,29,False,0.0004909690999174627,0.0007471222858322264,0.0,0.5633802816901409,0.39593908629441626,True,False,12,0,1.0,20,12,0.625,0.0,0,0.0,0.05,0.05,0.0,0.0
deletion,0.05,0.7,,complete,0.0,50,30,False,0.00036822682493809703,0.0005603417143741699,0.0,0.5637583892617449,0.3951219512195122,False,True,12,0,1.0,0,34,0.0,0.0,0,0.0,0.05,0.05,0.0,0.0
deletion,0.05,0.7,,complete,0.0,50,31,False,0.00027617011870357275,0.0004202562857806274,0.0,0.5605095541401274,0.397196261682243,True,False,13,0,1.0,31,11,0.7380952380952381,0.0,0,0.0,0.05,0.05,0.0,0.0
deletion,0.05,0.7,,complete,0.0,50,32,False,0.0002071275890276796,0.00031519221433547054,0.0,0.5617283950617284,0.3936651583710407,False,True,13,0,1.0,0,42,0.0,0.0,0,0.0,0.05,0.05,0.0,0.0
deletion,0.05,0.7,,complete,0.0,50,33,False,0.0001553456917707597,0.0002363941607516029,0.0,0.5644171779141104,0.38666666666666666,False,True,13,0,1.0,27,13,0.675,0.35,27,0.0,0.05,0.05,0.0,0.0
deletion,0.05,0.7,,complete,0.0,50,34,False,0.04386650926882807,0.0439272956205637,0.0,0.5730994152046783,0.3888888888888889,True,False,14,0,1.0,22,14,0.6111111111111112,0.0,0,0.0,0.05,0.05,0.0,0.0
deletion,0.05,0.7,,complete,0.0,50,35,False,0.03289988195162105,0.03294547171542278,0.0,0.5649717514124294,0.3891213389121339,False,True,14,0,1.0,0,39,0.0,0.0,0,0.0,0.05,0.05,0.0,0.0
deletion,0.05,0.7,,complete,0.0,50,36,False,0.02467491146371579,0.024709103786567085,0.0,0.5752688172043011,0.38306451612903225,False,True,14,0,1.0,26,12,0.6842105263157895,0.5,26,0.0,0.05,0.05,0.0,0.0
deletion,0.05,0.7,,complete,0.0,50,37,False,0.08100618359778684,0.08103182783992531,0.0,0.5706806282722513,0.3858267716535433,True,False,15,0,1.0,31,4,0.8857142857142857,0.0,0,0.0,0.05,0.05,0.0,0.0
deletion,0.05,0.7,,complete,0.0,50,38,False,0.06075463769834013,0.060773870879943986,0.0,0.5699481865284974,0.38223938223938225,False,True,15,0,1.0,0,45,0.0,0.0,0,0.0,0.05,0.05,0.0,0.0
deletion,0.05,0.7,,complete,0.0,50,39,False,0.045565978273755095,0.04558040315995799,0.0,0.5714285714285714,0.3787878787878788,True,False,16,0,1.0,31,15,0.6739130434782609,0.0,0,0.0,0.05,0.05,0.0,0.0
deletion,0.05,0.7,,complete,0.0,51,0,False,0.0,0.0,0.0,0.0,1.0,False,True,0,0,0.0,0,0,0.0,0.0,0,0.0,0.05,0.05,0.0,0.0
deletion,0.05,0.7,,complete,0.0,51,1,False,0.0,0.0,0.14285714285714285,0.14285714285714285,0.8709677419354839,False,True,0,0,0.2,0,45,0.0,0.0,0,0.0,0.05,0.05,0.0,0.0
deletion,0.05,0.7,,complete,0.0,51,2,False,0.03571428571428571,0.03571428571428571,0.2777777777777778,0.2777777777777778,0.7777777777777778,False,True,0,0,0.3,4,34,0.10526315789473684,0.0,4,0.0,0.05,0.05000000000000001,6.938893903907228e-18,0.0
deletion,0.05,0.7,,complete,0.0,51,3,False,0.08630952380952382,0.09623015873015874,0.2,0.3333333333333333,0.7209302325581395,True,False,1,0,0.3,11,33,0.25,0.0,0,0.0,0.05,0.05000000000000001,6.938893903907228e-18,0.0
deletion,0.05,0.7,,complete,0.0,51,4,False,0.11473214285714287,0.12217261904761906,0.1,0.3793103448275862,0.673469387755102,False,True,1,0,0.4,0,39,0.0,0.0,0,0.0,0.05,0.05,0.0,0.0
deletion,0.05,0.7,,complete,0.0,51,5,False,0.11104910714285716,0.1166294642857143,0.05,0.40625,0.6181818181818182,True,False,2,0,0.7,15,27,0.35714285714285715,0.0,0,0.0,0.05,0.05,0.0,0.0
deletion,0.05,0.7,,complete,0.0,51,6,False,0.09578683035714286,0.09997209821428572,0.05,0.4444444444444444,0.5833333333333334,False,True,2,0,0.8,0,46,0.0,0.0,0,0.0,0.05,0.05,0.0,0.0
deletion,0.05,0.7,,complete,0.0,51,7,False,0.08434012276785716,0.0874790736607143,0.05,0.46153846153846156,0.5454545454545454,True,False,3,0,0.9,21,24,0.4666666666666667,0.0,0,0.0,0.05,0.05,0.0,0.0
deletion,0.05,0.7,,complete,0.0,51,8,False,0.07575509207589286,0.07810930524553572,0.05,0.5,0.5211267605633803,False,True,3,0,1.0,0,40,0.0,0.0,0,0.0,0.05,0.05,0.0,0.0
deletion,0.05,0.7,,complete,0.0,51,9,False,0.06931631905691964,0.07108197893415179,0.05,0.49019607843137253,0.5256410256410257,True,False,4,0,1.0,28,15,0.6511627906976745,0.0,0,0.0,0.05,0.05,0.0,0.0
deletion,0.05,0.7,,complete,0.0,51,10,False,0.06448723929268972,0.06581148420061383,0.05,0.509090909090909,0.5057471264367817,False,True,4,0,1.0,0,42,0.0,0.0,0,0.0,0.05,0.05,0.0,0.0
deletion,0.05,0.7,,complete,0.0,51,11,False,0.06086542946951729,0.06185861315046037,0.05,0.5333333333333333,0.4787234042553192,True,False,5,0,1.0,29,11,0.725,0.0,0,0.0,0.05,0.05,0.0,0.0
deletion,0.05,0.7,,complete,0.0,51,12,False,0.05814907210213797,0.05889395986284528,0.05,0.5230769230769231,0.48484848484848486,False,True,5,0,1.0,0,41,0.0,0.0,0,0.0,0.05,0.05,0.0,0.0
deletion,0.05,0.7,,complete,0.0,51,13,False,0.05611180407660347,0.05667046989713395,0.0,0.5211267605633803,0.4811320754716981,False,True,5,0,1.0,31,11,0.7380952380952381,0.4,31,0.0,0.05,0.05,0.0,0.0
deletion,0.05,0.7,,complete,0.0,51,14,False,0.0920838530574526,0.09250285242285047,0.0,0.5205479452054794,0.47706422018348627,True,False,6,0,1.0,36,11,0.7659574468085106,0.0,0,0.0,0.05,0.05,0.0,0.0
deletion,0.05,0.7,,complete,0.0,51,15,False,0.06906288979308946,0.06937713931713785,0.0,0.5384615384615384,0.4649122807017544,False,True,6,0,1.0,0,36,0.0,0.0,0,0.0,0.05,0.05,0.0,0.0
deletion,0.05,0.7,,complete,0.0,51,16,False,0.05179716734481709,0.052032854487853386,0.0,0.5357142857142857,0.46774193548387094,False,True,6,0,1.0,25,12,0.6756756756756757,0.55,25,0.0,0.05,0.05,0.0,0.0
deletion,0.05,0.7,,complete,0.0,51,17,False,0.10759787550861281,0.10777464086589005,0.0,0.532608695652174,0.4621212121212121,True,False,7,0,1.0,21,19,0.525,0.0,0,0.0,0.05,0.05,0.0,0.0
deletion,0.05,0.7,,complete,0.0,51,18,False,0.08069840663145962,0.08083098064941753,0.0,0.5416666666666666,0.45255474452554745,False,True,7,0,1.0,0,42,0.0,0.0,0,0.0,0.05,0.05,0.0,0.0
deletion,0.05,0.7,,complete,0.0,51,19,False,0.06052380497359471,0.06062323548706315,0.0,0.5533980582524272,0.4444444444444444,True,False,8,0,1.0,25,9,0.7352941176470589,0.0,0,0.0,0.05,0.05,0.0,0.0
deletion,0.05,0.7,,complete,0.0,51,20,False,0.04539285373019603,0.04546742661529736,0.0,0.5607476635514018,0.4304635761589404,False,True,8,0,1.0,0,41,0.0,0.0,0,0.0,0.05,0.05,0.0,0.0
deletion,0.05,0.7,,complete,0.0,51,21,False,0.034044640297647026,0.03410056996147302,0.0,0.5752212389380531,0.42138364779874216,False,True,8,0,1.0,24,10,0.7058823529411765,0.4,24,0.0,0.05,0.05,0.0,0.0
deletion,0.05,0.7,,complete,0.0,51,22,False,0.07553348022323526,0.07557542747110477,0.0,0.5847457627118644,0.4171779141104294,True,False,9,0,1.0,34,5,0.8717948717948718,0.0,0,0.0,0.05,0.05,0.0,0.0
deletion,0.05,0.7,,complete,0.0,51,23,False,0.05665011016742645,0.056681570603328575,0.0,0.5901639344262295,0.41420118343195267,False,True,9,0,1.0,0,42,0.0,0.0,0,0.0,0.05,0.05,0.0,0.0
deletion,0.05,0.7,,complete,0.0,51,24,False,0.04248758262556984,0.04251117795249643,0.0,0.5813953488372093,0.4124293785310734,False,True,9,0,1.0,33,10,0.7674418604651163,0.4,33,0.0,0.05,0.05,0.0,0.0
deletion,0.05,0.7,,complete,0.0,51,25,False,0.08186568696917738,0.08188338346437232,0.0,0.5851851851851851,0.4098360655737705,True,False,10,0,1.0,27,10,0.7297297297297297,0.0,0,0.0,0.05,0.05,0.0,0.0
deletion,0.05,0.7,,complete,0.0,51,26,False,0.061399265226883035,0.06141253759827924,0.0,0.5755395683453237,0.4148936170212766,False,True,10,0,1.0,0,39,0.0,0.0,0,0.0,0.05,0.05,0.0,0.0
deletion,0.05,0.7,,complete,0.0,51,27,False,0.04604944892016227,0.04605940319870943,0.0,0.5845070422535211,0.40625,True,False,11,0,1.0,32,9,0.7804878048780488,0.0,0,0.0,0.05,0.05,0.0,0.0
deletion,0.05,0.7,,complete,0.0,51,28,False,0.034537086690121704,0.03454455239903207,0.0,0.5793103448275863,0.40404040404040403,False,True,11,0,1.0,0,37,0.0,0.0,0,0.0,0.05,0.05,0.0,0.0
deletion,0.05,0.7,,complete,0.0,51,29,False,0.02590281501759128,0.025908414299274055,0.0,0.5704697986577181,0.4106280193236715,False,True,11,0,1.0,20,17,0.5405405405405406,0.55,20,0.0,0.05,0.05,0.0,0.0
deletion,0.05,0.7,,complete,0.0,51,30,False,0.08817711126319347,0.08818131072445555,0.0,0.5641025641025641,0.4158878504672897,True,False,12,0,1.0,34,8,0.8095238095238095,0.0,0,0.0,0.05,0.05,0.0,0.0
deletion,0.05,0.7,,complete,0.0,51,31,False,0.0661328334473951,0.06613598304334166,0.0,0.5660377358490566,0.4090909090909091,False,True,12,0,1.0,0,49,0.0,0.0,0,0.0,0.05,0.05,0.0,0.0
deletion,0.05,0.7,,complete,0.0,51,32,False,0.04959962508554632,0.04960198728250624,0.0,0.5548780487804879,0.4192139737991266,True,False,13,0,1.0,34,11,0.7555555555555555,0.0,0,0.0,0.05,0.05,0.0,0.0
deletion,0.05,0.7,,complete,0.0,51,33,False,0.03719971881415974,0.03720149046187968,0.0,0.5548780487804879,0.4199134199134199,False,True,13,0,1.0,0,41,0.0,0.0,0,0.0,0.05,0.05,0.0,0.0
deletion,0.05,0.7,,complete,0.0,51,34,False,0.027899789110619803,0.027901117846409758,0.0,0.5542168674698795,0.4152542372881356,True,False,14,0,1.0,30,17,0.6382978723404256,0.0,0,0.0,0.05,0.05,0.0,0.0
deletion,0.05,0.7,,complete,0.0,51,35,False,0.020924841832964856,0.02092583838480732,0.0,0.5497076023391813,0.4139344262295082,False,True,14,0,1.0,0,39,0.0,0.0,0,0.0,0.05,0.05,0.0,0.0
deletion,0.05,0.7,,complete,0.0,51,36,False,0.015693631374723637,0.01569437878860549,0.0,0.554945054945055,0.4117647058823529,False,True,14,0,1.0,24,8,0.75,0.45,24,0.0,0.05,0.05,0.0,0.0
deletion,0.05,0.7,,complete,0.0,51,37,False,0.06802022353104274,0.06802078409145412,0.0,0.5597826086956522,0.4085603112840467,True,False,15,0,1.0,34,8,0.8095238095238095,0.0,0,0.0,0.05,0.05,0.0,0.0
deletion,0.05,0.7,,complete,0.0,51,38,False,0.05101516764828205,0.05101558806859059,0.0,0.5638297872340425,0.4068441064638783,False,True,15,0,1.0,0,40,0.0,0.0,0,0.0,0.05,0.05,0.0,0.0
deletion,0.05,0.7,,complete,0.0,51,39,False,0.03826137573621154,0.03826169105144295,0.0,0.5602094240837696,0.40892193308550184,True,False,16,0,1.0,37,6,0.8604651162790697,0.0,0,0.0,0.05,0.05,0.0,0.0
deletion,0.05,0.7,,complete,0.5,42,0,False,0.0,0.0,0.0,0.0,1.0,False,True,0,0,0.1,0,0,0.0,0.0,0,0.0,0.05,0.05,0.0,0.0
deletion,0.05,0.7,,complete,0.5,42,1,False,0.0,0.0,0.42857142857142855,0.42857142857142855,0.8181818181818182,False,True,0,0,0.5,4,48,0.07692307692307693,0.0,4,0.0,0.05,0.05,0.0,0.0
deletion,0.05,0.7,,complete,0.5,42,2,False,0.06887755102040816,0.10714285714285714,0.5,0.5,0.7407407407407407,False,True,0,0,0.5,16,26,0.38095238095238093,0.0,20,0.0,0.05,0.05,0.0,0.0
deletion,0.05,0.7,,complete,0.5,42,3,False,0.13201530612244897,0.20535714285714285,0.6666666666666666,0.6666666666666666,0.5882352941176471,True,False,1,0,0.6,12,26,0.3157894736842105,0.0,0,0.0,0.05,0.05000000000000001,6.938893903907228e-18,0.0
deletion,0.05,0.7,,complete,0.5,42,4,False,0.2656781462585034,0.32068452380952384,0.6875,0.6875,0.5714285714285714,False,True,1,0,0.8,0,41,0.0,0.0,0,0.0,0.05,0.05,0.0,0.0
deletion,0.05,0.7,,complete,0.5,42,5,False,0.37113360969387754,0.4123883928571429,0.6,0.6923076923076923,0.5111111111111111,True,False,2,0,0.8,22,14,0.6111111111111112,0.0,0,0.0,0.05,0.05,0.0,0.0
deletion,0.05,0.7,,complete,0.5,42,6,False,0.4283502072704081,0.45929129464285723,0.55,0.6666666666666666,0.5217391304347826,False,True,2,0,0.8,0,51,0.0,0.0,0,0.0,0.05,0.05,0.0,0.0
deletion,0.05,0.7,,complete,0.5,42,7,False,0.4587626554528061,0.48196847098214296,0.35,0.6060606060606061,0.5185185185185185,False,True,2,0,0.8,25,20,0.5555555555555556,0.75,25,0.0,0.05,0.05,0.0,0.0
deletion,0.05,0.7,,complete,0.5,42,8,False,0.46728627730389033,0.47461024693080356,0.25,0.6153846153846154,0.5,True,False,3,0,0.8,29,19,0.6041666666666666,0.0,0,0.0,0.05,0.05,0.0,0.0
deletion,0.05,0.7,,complete,0.5,42,9,False,0.41296470797791773,0.41845768519810267,0.2,0.6190476190476191,0.48484848484848486,False,True,3,0,0.9,0,43,0.0,0.0,0,0.0,0.05,0.05,0.0,0.0
deletion,0.05,0.7,,complete,0.5,42,10,False,0.3597235309834383,0.36384326389857696,0.15,0.6136363636363636,0.4782608695652174,True,False,4,0,0.9,34,15,0.6938775510204082,0.0,0,0.0,0.05,0.05,0.0,0.0
deletion,0.05,0.7,,complete,0.5,42,11,False,0.3072926482375787,0.3103824479239327,0.1,0.6326530612244898,0.4666666666666667,False,True,4,0,0.9,0,35,0.0,0.0,0,0.0,0.05,0.05,0.0,0.0
deletion,0.05,0.7,,complete,0.5,42,12,False,0.25546948617818405,0.25778683594294954,0.1,0.6415094339622641,0.45121951219512196,True,False,5,0,1.0,27,10,0.7297297297297297,0.0,0,0.0,0.05,0.05,0.0,0.0
deletion,0.05,0.7,,complete,0.5,42,13,False,0.21660211463363802,0.21834012695721214,0.1,0.6607142857142857,0.42045454545454547,False,True,5,0,1.0,0,44,0.0,0.0,0,0.0,0.05,0.05,0.0,0.0
deletion,0.05,0.7,,complete,0.5,42,14,False,0.1874515859752285,0.1887550952179091,0.05,0.65,0.41935483870967744,True,False,6,0,1.0,24,14,0.631578947368421,0.0,0,0.0,0.05,0.05,0.0,0.0
deletion,0.05,0.7,,complete,0.5,42,15,False,0.15308868948142138,0.15406632141343182,0.05,0.6507936507936508,0.422680412371134,False,True,6,0,1.0,0,42,0.0,0.0,0,0.0,0.05,0.05,0.0,0.0
deletion,0.05,0.7,,complete,0.5,42,16,False,0.12731651711106604,0.12804974106007389,0.05,0.647887323943662,0.41904761904761906,False,True,6,0,1.0,29,10,0.7435897435897436,0.45,29,0.0,0.05,0.05,0.0,0.0
deletion,0.05,0.7,,complete,0.5,42,17,False,0.15798738783329955,0.15853730579505543,0.0,0.6172839506172839,0.43478260869565216,False,True,6,0,1.0,27,10,0.7297297297297297,0.6,56,0.0,0.05,0.05,0.0,0.0
deletion,0.05,0.7,,complete,0.5,42,18,False,0.19349054087497466,0.19390297934629158,0.0,0.6235294117647059,0.4297520661157025,True,False,7,0,1.0,36,12,0.75,0.0,0,0.0,0.05,0.05,0.0,0.0
deletion,0.05,0.7,,complete,0.5,42,19,False,0.145117905656231,0.14542723450971867,0.0,0.6292134831460674,0.4126984126984127,False,True,7,0,1.0,0,39,0.0,0.0,0,0.0,0.05,0.05,0.0,0.0
deletion,0.05,0.7,,complete,0.5,42,20,False,0.10883842924217324,0.109070425882289,0.0,0.6,0.4318181818181818,True,False,8,0,1.0,29,15,0.6590909090909091,0.0,0,0.0,0.05,0.05,0.0,0.0
deletion,0.05,0.7,,complete,0.5,42,21,False,0.08162882193162993,0.08180281941171676,0.0,0.6060606060606061,0.42028985507246375,False,True,8,0,1.0,0,39,0.0,0.0,0,0.0,0.05,0.05,0.0,0.0
deletion,0.05,0.7,,complete,0.5,42,22,False,0.06122161644872245,0.06135211455878757,0.0,0.6,0.4206896551724138,True,False,9,0,1.0,32,13,0.7111111111111111,0.0,0,0.0,0.05,0.05,0.0,0.0
deletion,0.05,0.7,,complete,0.5,42,23,False,0.04591621233654184,0.046014085919090675,0.0,0.6018518518518519,0.41333333333333333,False,True,9,0,1.0,0,38,0.0,0.0,0,0.0,0.05,0.05,0.0,0.0
deletion,0.05,0.7,,complete,0.5,42,24,False,0.034437159252406375,0.034510564439318006,0.0,0.6106194690265486,0.4090909090909091,True,False,10,0,1.0,27,17,0.6136363636363636,0.0,0,0.0,0.05,0.05,0.0,0.0
deletion,0.05,0.7,,complete,0.5,42,25,False,0.025827869439304783,0.025882923329488505,0.0,0.6052631578947368,0.40764331210191085,False,True,10,0,1.0,0,49,0.0,0.0,0,0.0,0.05,0.05,0.0,0.0
deletion,0.05,0.7,,complete,0.5,42,26,False,0.019370902079478586,0.019412192497116378,0.0,0.6065573770491803,0.40606060606060607,True,False,11,0,1.0,35,11,0.7608695652173914,0.0,0,0.0,0.05,0.05,0.0,0.0
deletion,0.05,0.7,,complete,0.5,42,27,False,0.014528176559608941,0.014559144372837283,0.0,0.6141732283464567,0.4,False,True,11,0,1.0,0,39,0.0,0.0,0,0.0,0.05,0.05,0.0,0.0
deletion,0.05,0.7,,complete,0.5,42,28,False,0.010896132419706704,0.010919358279627962,0.0,0.6240601503759399,0.39325842696629215,True,False,12,0,1.0,25,10,0.7142857142857143,0.0,0,0.0,0.05,0.05,0.0,0.0
deletion,0.05,0.7,,complete,0.5,42,29,False,0.008172099314780027,0.008189518709720971,0.0,0.625,0.39344262295081966,False,True,12,0,1.0,0,36,0.0,0.0,0,0.0,0.05,0.05,0.0,0.0
deletion,0.05,0.7,,complete,0.5,42,30,False,0.006129074486085022,0.006142139032290729,0.0,0.6153846153846154,0.39378238341968913,True,False,13,0,1.0,24,10,0.7058823529411765,0.0,0,0.0,0.05,0.05,0.0,0.0
deletion,0.05,0.7,,complete,0.5,42,31,False,0.004596805864563765,0.004606604274218046,0.0,0.6148648648648649,0.39195979899497485,False,True,13,0,1.0,0,35,0.0,0.0,0,0.0,0.05,0.05,0.0,0.0
deletion,0.05,0.7,,complete,0.5,42,32,False,0.0034476043984228238,0.0034549532056635346,0.0,0.6209150326797386,0.3864734299516908,True,False,14,0,1.0,25,15,0.625,0.0,0,0.0,0.05,0.05,0.0,0.0
deletion,0.05,0.7,,complete,0.5,42,33,False,0.002585703298817118,0.002591214904247651,0.0,0.6139240506329114,0.38967136150234744,False,True,14,0,1.0,0,44,0.0,0.0,0,0.0,0.05,0.05,0.0,0.0
deletion,0.05,0.7,,complete,0.5,42,34,False,0.0019392774741128387,0.0019434111781857382,0.0,0.6111111111111112,0.3891402714932127,False,True,14,0,1.0,30,12,0.7142857142857143,0.35,30,0.0,0.05,0.05,0.0,0.0
deletion,0.05,0.7,,complete,0.5,42,35,False,0.045204458105584634,0.0452075583836393,0.0,0.611764705882353,0.3930131004366812,True,False,15,0,1.0,28,8,0.7777777777777778,0.0,0,0.0,0.05,0.05,0.0,0.0
deletion,0.05,0.7,,complete,0.5,42,36,False,0.03390334357918847,0.03390566878772948,0.0,0.6184971098265896,0.38626609442060084,False,True,15,0,1.0,0,44,0.0,0.0,0,0.0,0.05,0.05,0.0,0.0
deletion,0.05,0.7,,complete,0.5,42,37,False,0.025427507684391355,0.02542925159079711,0.0,0.6201117318435754,0.38493723849372385,True,False,16,0,1.0,28,12,0.7,0.0,0,0.0,0.05,0.05,0.0,0.0
deletion,0.05,0.7,,complete,0.5,42,38,False,0.019070630763293517,0.019071938693097833,0.0,0.6174863387978142,0.38461538461538464,False,True,16,0,1.0,0,36,0.0,0.0,0,0.0,0.05,0.05,0.0,0.0
deletion,0.05,0.7,,complete,0.5,42,39,False,0.014302973072470138,0.014303954019823375,0.0,0.6178010471204188,0.383399209486166,False,True,16,0,1.0,28,13,0.6829268292682927,0.45,28,0.0,0.05,0.05,0.0,0.0
deletion,0.05,0.7,,complete,0.5,43,0,False,0.0,0.0,0.0,0.0,1.0,False,True,0,0,0.0,0,0,0.0,0.0,0,0.0,0.05,0.05,0.0,0.0
deletion,0.05,0.7,,complete,0.5,43,1,False,0.0,0.0,0.09090909090909091,0.09090909090909091,0.8518518518518519,False,True,0,0,0.0,0,50,0.0,0.0,0,0.0,0.05,0.05,0.0,0.0
deletion,0.05,0.7,,complete,0.5,43,2,False,0.022727272727272728,0.022727272727272728,0.29411764705882354,0.29411764705882354,0.7352941176470589,False,True,0,0,0.1,0,35,0.0,0.0,0,0.0,0.05,0.05,0.0,0.0
deletion,0.05,0.7,,complete,0.5,43,3,False,0.09057486631016043,0.09057486631016043,0.4,0.42857142857142855,0.6190476190476191,False,True,0,0,0.2,1,37,0.02631578947368421,0.0,1,0.0,0.05,0.05,0.0,0.0
deletion,0.05,0.7,,complete,0.5,43,4,False,0.16078829258976318,0.16793114973262033,0.35,0.48,0.574468085106383,False,True,0,0,0.5,1,36,0.02702702702702703,0.0,2,0.0,0.05,0.05,0.0,0.0
deletion,0.05,0.7,,complete,0.5,43,5,False,0.18934121944232235,0.21344836229946523,0.3,0.5333333333333333,0.509090909090909,False,True,0,0,0.5,16,18,0.47058823529411764,0.3333333333333333,18,0.0,0.05,0.05,0.0,0.0
deletion,0.05,0.7,,complete,0.5,43,6,False,0.21879162886745607,0.23508627172459895,0.25,0.53125,0.5172413793103449,False,True,0,0,0.5,10,32,0.23809523809523808,0.35,28,0.0,0.05,0.05,0.0,0.0
deletion,0.05,0.7,,complete,0.5,43,7,False,0.23195086450773492,0.2388147037934492,0.2,0.5227272727272727,0.5072463768115942,True,False,1,0,0.5,14,21,0.4,0.0,0,0.0,0.05,0.05,0.0,0.0
deletion,0.05,0.7,,complete,0.5,43,8,False,0.22396314838080117,0.2291110278450869,0.15,0.5319148936170213,0.47368421052631576,False,True,1,0,0.7,0,46,0.0,0.0,0,0.0,0.05,0.05,0.0,0.0
deletion,0.05,0.7,,complete,0.5,43,9,False,0.2054723612856009,0.20933327088381518,0.15,0.5416666666666666,0.46835443037974683,True,False,2,0,0.8,23,22,0.5111111111111111,0.0,0,0.0,0.05,0.05,0.0,0.0
deletion,0.05,0.7,,complete,0.5,43,10,False,0.19160427096420068,0.1944999531628614,0.1,0.54,0.4578313253012048,False,True,2,0,0.9,0,49,0.0,0.0,0,0.0,0.05,0.05,0.0,0.0
deletion,0.05,0.7,,complete,0.5,43,11,False,0.16870320322315052,0.17087496487214604,0.0,0.5454545454545454,0.4444444444444444,True,False,3,0,0.9,28,12,0.7,0.0,0,0.0,0.05,0.05,0.0,0.0
deletion,0.05,0.7,,complete,0.5,43,12,False,0.12652740241736288,0.12815622365410953,0.0,0.5245901639344263,0.4536082474226804,False,True,3,0,0.9,0,37,0.0,0.0,0,0.0,0.05,0.05,0.0,0.0
deletion,0.05,0.7,,complete,0.5,43,13,False,0.09489555181302216,0.09611716774058215,0.0,0.5384615384615384,0.42857142857142855,True,False,4,0,0.9,32,14,0.6956521739130435,0.0,0,0.0,0.05,0.05,0.0,0.0
deletion,0.05,0.7,,complete,0.5,43,14,False,0.07117166385976662,0.07208787580543662,0.0,0.5362318840579711,0.42857142857142855,False,True,4,0,0.9,0,38,0.0,0.0,0,0.0,0.05,0.05,0.0,0.0
deletion,0.05,0.7,,complete,0.5,43,15,False,0.05337874789482496,0.05406590685407746,0.0,0.5454545454545454,0.425,True,False,5,0,0.9,26,14,0.65,0.0,0,0.0,0.05,0.05,0.0,0.0
deletion,0.05,0.7,,complete,0.5,43,16,False,0.04003406092111872,0.04054943014055809,0.0,0.5679012345679012,0.4140625,False,True,5,0,1.0,0,38,0.0,0.0,0,0.0,0.05,0.05,0.0,0.0
deletion,0.05,0.7,,complete,0.5,43,17,False,0.03002554569083904,0.030412072605418568,0.0,0.5697674418604651,0.4117647058823529,False,True,5,0,1.0,26,15,0.6341463414634146,0.4,26,0.0,0.05,0.05,0.0,0.0
deletion,0.05,0.7,,complete,0.5,43,18,False,0.07251915926812928,0.07280905445406394,0.0,0.5824175824175825,0.3986013986013986,True,False,6,0,1.0,33,12,0.7333333333333333,0.0,0,0.0,0.05,0.05,0.0,0.0
deletion,0.05,0.7,,complete,0.5,43,19,False,0.054389369451096965,0.05460679084054795,0.0,0.6,0.3877551020408163,False,True,6,0,1.0,0,36,0.0,0.0,0,0.0,0.05,0.05,0.0,0.0
deletion,0.05,0.7,,complete,0.5,43,20,False,0.04079202708832273,0.040955093130410965,0.0,0.5918367346938775,0.3870967741935484,True,False,7,0,1.0,25,17,0.5952380952380952,0.0,0,0.0,0.05,0.05,0.0,0.0
deletion,0.05,0.7,,complete,0.5,43,21,False,0.03059402031624205,0.030716319847808225,0.0,0.5794392523364486,0.39520958083832336,False,True,7,0,1.0,0,35,0.0,0.0,0,0.0,0.05,0.05,0.0,0.0
deletion,0.05,0.7,,complete,0.5,43,22,False,0.02294551523718153,0.023037239885856167,0.0,0.5794392523364486,0.3953488372093023,True,False,8,0,1.0,27,19,0.5869565217391305,0.0,0,0.0,0.05,0.05,0.0,0.0
deletion,0.05,0.7,,complete,0.5,43,23,False,0.01720913642788615,0.017277929914392125,0.0,0.5818181818181818,0.3942857142857143,False,True,8,0,1.0,0,44,0.0,0.0,0,0.0,0.05,0.05,0.0,0.0
deletion,0.05,0.7,,complete,0.5,43,24,False,0.012906852320914613,0.012958447435794093,0.0,0.5789473684210527,0.3956043956043956,True,False,9,0,1.0,25,14,0.6410256410256411,0.0,0,0.0,0.05,0.05,0.0,0.0
deletion,0.05,0.7,,complete,0.5,43,25,False,0.00968013924068596,0.00971883557684557,0.0,0.5862068965517241,0.3891891891891892,False,True,9,0,1.0,0,50,0.0,0.0,0,0.0,0.05,0.05,0.0,0.0
deletion,0.05,0.7,,complete,0.5,43,26,False,0.007260104430514469,0.007289126682634177,0.0,0.5772357723577236,0.3958333333333333,True,False,10,0,1.0,32,7,0.8205128205128205,0.0,0,0.0,0.05,0.05,0.0,0.0
deletion,0.05,0.7,,complete,0.5,43,27,False,0.005445078322885852,0.005466845011975633,0.0,0.5769230769230769,0.3969849246231156,False,True,10,0,1.0,0,42,0.0,0.0,0,0.0,0.05,0.05,0.0,0.0
deletion,0.05,0.7,,complete,0.5,43,28,False,0.0040838087421643885,0.004100133758981724,0.0,0.572463768115942,0.40096618357487923,True,False,11,0,1.0,20,13,0.6060606060606061,0.0,0,0.0,0.05,0.05,0.0,0.0
deletion,0.05,0.7,,complete,0.5,43,29,False,0.003062856556623292,0.0030751003192362935,0.0,0.5704225352112676,0.40375586854460094,False,True,11,0,1.0,0,34,0.0,0.0,0,0.0,0.05,0.05,0.0,0.0
deletion,0.05,0.7,,complete,0.5,43,30,False,0.002297142417467469,0.00230632523942722,0.0,0.5793103448275863,0.3972602739726027,True,False,12,0,1.0,24,22,0.5217391304347826,0.0,0,0.0,0.05,0.05,0.0,0.0
deletion,0.05,0.7,,complete,0.5,43,31,False,0.0017228568131006014,0.001729743929570415,0.0,0.5751633986928104,0.39473684210526316,False,True,12,0,1.0,0,34,0.0,0.0,0,0.0,0.05,0.05,0.0,0.0
deletion,0.05,0.7,,complete,0.5,43,32,False,0.0012921426098254512,0.0012973079471778112,0.0,0.5759493670886076,0.3940677966101695,True,False,13,0,1.0,33,7,0.825,0.0,0,0.0,0.05,0.05,0.0,0.0
deletion,0.05,0.7,,complete,0.5,43,33,False,0.0009691069573690884,0.0009729809603833584,0.0,0.577639751552795,0.40082644628099173,False,True,13,0,1.0,0,42,0.0,0.0,0,0.0,0.05,0.05,0.0,0.0
deletion,0.05,0.7,,complete,0.5,43,34,False,0.0007268302180268164,0.0007297357202875188,0.0,0.5833333333333334,0.396,True,False,14,0,1.0,26,11,0.7027027027027027,0.0,0,0.0,0.05,0.05,0.0,0.0
deletion,0.05,0.7,,complete,0.5,43,35,False,0.0005451226635201122,0.0005473017902156391,0.0,0.5906432748538012,0.39299610894941633,False,True,14,0,1.0,0,39,0.0,0.0,0,0.0,0.05,0.05,0.0,0.0
deletion,0.05,0.7,,complete,0.5,43,36,False,0.00040884199764008416,0.0004104763426617293,0.0,0.5932203389830508,0.39015151515151514,True,False,15,0,1.0,26,14,0.65,0.0,0,0.0,0.05,0.05,0.0,0.0
deletion,0.05,0.7,,complete,0.5,43,37,False,0.00030663149823006313,0.000307857256996297,0.0,0.5944444444444444,0.38661710037174724,False,True,15,0,1.0,0,37,0.0,0.0,0,0.0,0.05,0.05,0.0,0.0
deletion,0.05,0.7,,complete,0.5,43,38,False,0.00022997362367254732,0.00023089294274722275,0.0,0.6,0.38181818181818183,True,False,16,0,1.0,19,14,0.5757575757575758,0.0,0,0.0,0.05,0.05,0.0,0.0
deletion,0.05,0.7,,complete,0.5,43,39,False,0.0001724802177544105,0.00017316970706041706,0.0,0.6042780748663101,0.3763440860215054,False,True,16,0,1.0,0,40,0.0,0.0,0,0.0,0.05,0.05,0.0,0.0
deletion,0.05,0.7,,complete,0.5,44,0,False,0.0,0.0,0.0,0.0,1.0,False,True,0,0,0.0,0,0,0.0,0.0,0,0.0,0.05,0.05,0.0,0.0
deletion,0.05,0.7,,complete,0.5,44,1,False,0.0,0.0,0.3,0.3,0.72,False,True,0,0,0.0,0,43,0.0,0.0,0,0.0,0.05,0.05,0.0,0.0
deletion,0.05,0.7,,complete,0.5,44,2,False,0.075,0.075,0.4166666666666667,0.4166666666666667,0.6785714285714286,False,True,0,0,0.1,0,43,0.0,0.0,0,0.0,0.05,0.05,0.0,0.0
deletion,0.05,0.7,,complete,0.5,44,3,False,0.16041666666666665,0.16041666666666665,0.5625,0.5625,0.5714285714285714,False,True,0,0,0.2,2,36,0.05263157894736842,0.0,2,0.0,0.05,0.05,0.0,0.0
deletion,0.05,0.7,,complete,0.5,44,4,False,0.25089285714285714,0.2609375,0.5789473684210527,0.5789473684210527,0.5384615384615384,False,True,0,0,0.4,2,33,0.05714285714285714,0.5,4,0.0,0.05,0.05,0.0,0.0
deletion,0.05,0.7,,complete,0.5,44,5,False,0.33008693609022555,0.34043996710526314,0.6,0.6363636363636364,0.5,True,False,1,0,0.4,14,32,0.30434782608695654,0.0,0,0.0,0.05,0.05,0.0,0.0
deletion,0.05,0.7,,complete,0.5,44,6,False,0.3975652020676691,0.4053299753289473,0.6,0.6923076923076923,0.45652173913043476,False,True,1,0,0.5,0,41,0.0,0.0,0,0.0,0.05,0.05,0.0,0.0
deletion,0.05,0.7,,complete,0.5,44,7,False,0.4481739015507519,0.4539974814967105,0.45,0.65625,0.4716981132075472,True,False,2,0,0.6,12,28,0.3,0.0,0,0.0,0.05,0.05000000000000001,6.938893903907228e-18,0.0
deletion,0.05,0.7,,complete,0.5,44,8,False,0.44863042616306387,0.45299811112253285,0.35,0.6410256410256411,0.4666666666666667,False,True,2,0,0.7,0,43,0.0,0.0,0,0.0,0.05,0.05,0.0,0.0
deletion,0.05,0.7,,complete,0.5,44,9,False,0.42397281962229794,0.42724858334189963,0.3,0.6428571428571429,0.453125,True,False,3,0,0.8,16,28,0.36363636363636365,0.0,0,0.0,0.05,0.05,0.0,0.0
deletion,0.05,0.7,,complete,0.5,44,10,False,0.3929796147167234,0.3954364375064247,0.1,0.6122448979591837,0.44594594594594594,False,True,3,0,0.9,0,36,0.0,0.0,0,0.0,0.05,0.05,0.0,0.0
deletion,0.05,0.7,,complete,0.5,44,11,False,0.3197347110375426,0.32157732812981854,0.1,0.6346153846153846,0.4230769230769231,True,False,4,0,0.9,27,18,0.6,0.0,0,0.0,0.05,0.05,0.0,0.0
deletion,0.05,0.7,,complete,0.5,44,12,False,0.2648010332781569,0.2661829960973639,0.0,0.625,0.4117647058823529,False,True,4,0,0.9,0,40,0.0,0.0,0,0.0,0.05,0.05,0.0,0.0
deletion,0.05,0.7,,complete,0.5,44,13,False,0.1986007749586177,0.19963724707302294,0.0,0.639344262295082,0.3829787234042553,True,False,5,0,0.9,30,12,0.7142857142857143,0.0,0,0.0,0.05,0.05,0.0,0.0
deletion,0.05,0.7,,complete,0.5,44,14,False,0.14895058121896326,0.1497279353047672,0.0,0.6515151515151515,0.3627450980392157,False,True,5,0,1.0,0,38,0.0,0.0,0,0.0,0.05,0.05,0.0,0.0
deletion,0.05,0.7,,complete,0.5,44,15,False,0.11171293591422245,0.11229595147857539,0.0,0.6197183098591549,0.38317757009345793,True,False,6,0,1.0,34,10,0.7727272727272727,0.0,0,0.0,0.05,0.05,0.0,0.0
deletion,0.05,0.7,,complete,0.5,44,16,False,0.08378470193566682,0.08422196360893154,0.0,0.6301369863013698,0.3783783783783784,False,True,6,0,1.0,0,39,0.0,0.0,0,0.0,0.05,0.05,0.0,0.0
deletion,0.05,0.7,,complete,0.5,44,17,False,0.06283852645175013,0.06316647270669866,0.0,0.6296296296296297,0.371900826446281,True,False,7,0,1.0,27,13,0.675,0.0,0,0.0,0.05,0.05,0.0,0.0
deletion,0.05,0.7,,complete,0.5,44,18,False,0.04712889483881259,0.04737485453002399,0.0,0.6385542168674698,0.35714285714285715,False,True,7,0,1.0,0,37,0.0,0.0,0,0.0,0.05,0.05,0.0,0.0
deletion,0.05,0.7,,complete,0.5,44,19,False,0.03534667112910945,0.03553114089751799,0.0,0.6222222222222222,0.3656716417910448,True,False,8,0,1.0,32,8,0.8,0.0,0,0.0,0.05,0.05,0.0,0.0
deletion,0.05,0.7,,complete,0.5,44,20,False,0.026510003346832085,0.026648355673138495,0.0,0.6082474226804123,0.3680555555555556,False,True,8,0,1.0,0,39,0.0,0.0,0,0.0,0.05,0.05,0.0,0.0
deletion,0.05,0.7,,complete,0.5,44,21,False,0.01988250251012406,0.01998626675485387,0.0,0.6310679611650486,0.3576158940397351,True,False,9,0,1.0,24,15,0.6153846153846154,0.0,0,0.0,0.05,0.05,0.0,0.0
deletion,0.05,0.7,,complete,0.5,44,22,False,0.014911876882593045,0.014989700066140402,0.0,0.6415094339622641,0.35064935064935066,False,True,9,0,1.0,0,42,0.0,0.0,0,0.0,0.05,0.05,0.0,0.0
deletion,0.05,0.7,,complete,0.5,44,23,False,0.011183907661944784,0.011242275049605302,0.0,0.6513761467889908,0.3416149068322981,True,False,10,0,1.0,27,13,0.675,0.0,0,0.0,0.05,0.05,0.0,0.0
deletion,0.05,0.7,,complete,0.5,44,24,False,0.008387930746458588,0.008431706287203976,0.0,0.646551724137931,0.3392857142857143,False,True,10,0,1.0,0,37,0.0,0.0,0,0.0,0.05,0.05,0.0,0.0
deletion,0.05,0.7,,complete,0.5,44,25,False,0.006290948059843941,0.006323779715402982,0.0,0.6528925619834711,0.33714285714285713,True,False,11,0,1.0,31,12,0.7209302325581395,0.0,0,0.0,0.05,0.05,0.0,0.0
deletion,0.05,0.7,,complete,0.5,44,26,False,0.004718211044882957,0.004742834786552237,0.0,0.6612903225806451,0.3241758241758242,False,True,11,0,1.0,0,40,0.0,0.0,0,0.0,0.05,0.05,0.0,0.0
deletion,0.05,0.7,,complete,0.5,44,27,False,0.0035386582836622166,0.0035571260899141775,0.0,0.6614173228346457,0.3225806451612903,True,False,12,0,1.0,35,10,0.7777777777777778,0.0,0,0.0,0.05,0.05,0.0,0.0
deletion,0.05,0.7,,complete,0.5,44,28,False,0.002653993712746663,0.002667844567435633,0.0,0.6515151515151515,0.33505154639175255,False,True,12,0,1.0,0,38,0.0,0.0,0,0.0,0.05,0.05,0.0,0.0
deletion,0.05,0.7,,complete,0.5,44,29,False,0.0019904952845599968,0.002000883425576725,0.0,0.6408450704225352,0.33980582524271846,True,False,13,0,1.0,30,6,0.8333333333333334,0.0,0,0.0,0.05,0.05,0.0,0.0
deletion,0.05,0.7,,complete,0.5,44,30,False,0.001492871463419998,0.0015006625691825438,0.0,0.6388888888888888,0.33649289099526064,False,True,13,0,1.0,0,47,0.0,0.0,0,0.0,0.05,0.05,0.0,0.0
deletion,0.05,0.7,,complete,0.5,44,31,False,0.0011196535975649985,0.0011254969268869079,0.0,0.6418918918918919,0.3317972350230415,True,False,14,0,1.0,29,16,0.6444444444444445,0.0,0,0.0,0.05,0.05,0.0,0.0
deletion,0.05,0.7,,complete,0.5,44,32,False,0.0008397401981737487,0.000844122695165181,0.0,0.6428571428571429,0.3333333333333333,False,True,14,0,1.0,0,33,0.0,0.0,0,0.0,0.05,0.05,0.0,0.0
deletion,0.05,0.7,,complete,0.5,44,33,False,0.0006298051486303116,0.0006330920213738858,0.0,0.6380368098159509,0.33617021276595743,True,False,15,0,1.0,28,8,0.7777777777777778,0.0,0,0.0,0.05,0.05,0.0,0.0
deletion,0.05,0.7,,complete,0.5,44,34,False,0.00047235386147273376,0.0004748190160304143,0.0,0.6428571428571429,0.3347107438016529,False,True,15,0,1.0,0,38,0.0,0.0,0,0.0,0.05,0.05,0.0,0.0
deletion,0.05,0.7,,complete,0.5,44,35,False,0.00035426539610455024,0.0003561142620228107,0.0,0.6342857142857142,0.344,True,False,16,0,1.0,24,11,0.6857142857142857,0.0,0,0.0,0.05,0.05,0.0,0.0
deletion,0.05,0.7,,complete,0.5,44,36,False,0.0002656990470784127,0.000267085696517108,0.0,0.6256983240223464,0.34375,False,True,16,0,1.0,0,42,0.0,0.0,0,0.0,0.05,0.05,0.0,0.0
deletion,0.05,0.7,,complete,0.5,44,37,False,0.00019927428530880953,0.000200314272387831,0.0,0.6276595744680851,0.34210526315789475,False,True,16,0,1.0,25,9,0.7352941176470589,0.35,25,0.0,0.05,0.05,0.0,0.0
deletion,0.05,0.7,,complete,0.5,44,38,False,0.04389945571398161,0.04390023570429087,0.0,0.6185567010309279,0.3492647058823529,True,False,17,0,1.0,29,11,0.725,0.0,0,0.0,0.05,0.05,0.0,0.0
deletion,0.05,0.7,,complete,0.5,44,39,False,0.03292459178548621,0.03292517677821816,0.0,0.6180904522613065,0.35251798561151076,False,True,17,0,1.0,0,48,0.0,0.0,0,0.0,0.05,0.05,0.0,0.0
deletion,0.05,0.7,,complete,0.5,45,0,False,0.0,0.0,0.0,0.0,1.0,False,True,0,0,0.2,0,0,0.0,0.0,0,0.0,0.05,0.05,0.0,0.0
deletion,0.05,0.7,,complete,0.5,45,1,False,0.0,0.0,0.35294117647058826,0.35294117647058826,0.8064516129032258,True,False,1,0,0.3,5,39,0.11363636363636363,0.0,0,0.0,0.05,0.05000000000000001,6.938893903907228e-18,0.0
deletion,0.05,0.7,,complete,0.5,45,2,False,0.08823529411764706,0.08823529411764706,0.35294117647058826,0.35294117647058826,0.7575757575757576,False,True,1,0,0.4,0,49,0.0,0.0,0,0.0,0.05,0.05,0.0,0.0
deletion,0.05,0.7,,complete,0.5,45,3,False,0.1544117647058824,0.15441176470588236,0.4,0.42857142857142855,0.6842105263157895,True,False,2,0,0.5,6,36,0.14285714285714285,0.0,0,0.0,0.05,0.05,0.0,0.0
deletion,0.05,0.7,,complete,0.5,45,4,False,0.21580882352941178,0.21580882352941178,0.4,0.4782608695652174,0.6190476190476191,False,True,2,0,0.7,0,34,0.0,0.0,0,0.0,0.05,0.05,0.0,0.0
deletion,0.05,0.7,,complete,0.5,45,5,False,0.2618566176470588,0.2618566176470588,0.4,0.4782608695652174,0.6046511627906976,False,True,2,0,0.7,16,27,0.37209302325581395,0.625,16,0.0,0.05,0.05,0.0,0.0
deletion,0.05,0.7,,complete,0.5,45,6,False,0.31648174894957976,0.32451746323529407,0.35,0.5357142857142857,0.54,False,True,2,0,0.7,18,21,0.46153846153846156,0.6,34,0.0,0.05,0.05,0.0,0.0
deletion,0.05,0.7,,complete,0.5,45,7,False,0.34718274028361346,0.3621380974264705,0.15,0.5142857142857142,0.5344827586206896,False,True,2,0,0.7,10,26,0.2777777777777778,0.55,44,0.0,0.05,0.05,0.0,0.0
deletion,0.05,0.7,,complete,0.5,45,8,False,0.3336013409269958,0.3591035730698529,0.15,0.5263157894736842,0.5161290322580645,False,True,2,0,0.8,20,25,0.4444444444444444,0.55,64,0.0,0.05,0.05,0.0,0.0
deletion,0.05,0.7,,complete,0.5,45,9,False,0.32341529140953257,0.3568276798023897,0.2,0.5813953488372093,0.47058823529411764,False,True,2,0,0.9,22,20,0.5238095238095238,0.6,86,0.0,0.05,0.05,0.0,0.0
deletion,0.05,0.7,,complete,0.5,45,10,False,0.3354186114142923,0.3676207598517923,0.2,0.6,0.4583333333333333,True,False,3,0,0.9,20,22,0.47619047619047616,0.0,0,0.0,0.05,0.05,0.0,0.0
deletion,0.05,0.7,,complete,0.5,45,11,False,0.3015639585607192,0.32571556988884426,0.2,0.6086956521739131,0.44594594594594594,False,True,3,0,0.9,0,46,0.0,0.0,0,0.0,0.05,0.05,0.0,0.0
deletion,0.05,0.7,,complete,0.5,45,12,False,0.2761729689205394,0.29428667741663317,0.15,0.6122448979591837,0.4375,True,False,4,0,1.0,22,21,0.5116279069767442,0.0,0,0.0,0.05,0.05,0.0,0.0
deletion,0.05,0.7,,complete,0.5,45,13,False,0.24462972669040456,0.2582150080624749,0.1,0.6226415094339622,0.43023255813953487,False,True,4,0,1.0,0,42,0.0,0.0,0,0.0,0.05,0.05,0.0,0.0
deletion,0.05,0.7,,complete,0.5,45,14,False,0.20847229501780343,0.21866125604685616,0.1,0.6428571428571429,0.40425531914893614,True,False,5,0,1.0,26,16,0.6190476190476191,0.0,0,0.0,0.05,0.05,0.0,0.0
deletion,0.05,0.7,,complete,0.5,45,15,False,0.18135422126335257,0.1889959420351421,0.05,0.6440677966101694,0.39,False,True,5,0,1.0,0,49,0.0,0.0,0,0.0,0.05,0.05,0.0,0.0
deletion,0.05,0.7,,complete,0.5,45,16,False,0.14851566594751442,0.1542469565263566,0.0,0.639344262295082,0.3883495145631068,True,False,6,0,1.0,37,14,0.7254901960784313,0.0,0,0.0,0.05,0.05,0.0,0.0
deletion,0.05,0.7,,complete,0.5,45,17,False,0.11138674946063583,0.11568521739476745,0.0,0.6268656716417911,0.3944954128440367,False,True,6,0,1.0,0,44,0.0,0.0,0,0.0,0.05,0.05,0.0,0.0
deletion,0.05,0.7,,complete,0.5,45,18,False,0.08354006209547686,0.08676391304607559,0.0,0.6231884057971014,0.39285714285714285,True,False,7,0,1.0,29,16,0.6444444444444445,0.0,0,0.0,0.05,0.05,0.0,0.0
deletion,0.05,0.7,,complete,0.5,45,19,False,0.06265504657160766,0.0650729347845567,0.0,0.6216216216216216,0.3898305084745763,False,True,7,0,1.0,0,38,0.0,0.0,0,0.0,0.05,0.05,0.0,0.0
deletion,0.05,0.7,,complete,0.5,45,20,False,0.046991284928705745,0.04880470108841752,0.0,0.6153846153846154,0.3902439024390244,True,False,8,0,1.0,34,10,0.7727272727272727,0.0,0,0.0,0.05,0.05,0.0,0.0
deletion,0.05,0.7,,complete,0.5,45,21,False,0.03524346369652931,0.03660352581631314,0.0,0.6144578313253012,0.390625,False,True,8,0,1.0,0,39,0.0,0.0,0,0.0,0.05,0.05,0.0,0.0
deletion,0.05,0.7,,complete,0.5,45,22,False,0.026432597772396982,0.027452644362234855,0.0,0.6067415730337079,0.39705882352941174,True,False,9,0,1.0,29,10,0.7435897435897436,0.0,0,0.0,0.05,0.05,0.0,0.0
deletion,0.05,0.7,,complete,0.5,45,23,False,0.019824448329297733,0.020589483271676142,0.0,0.6086956521739131,0.38848920863309355,False,True,9,0,1.0,0,45,0.0,0.0,0,0.0,0.05,0.05,0.0,0.0
deletion,0.05,0.7,,complete,0.5,45,24,False,0.0148683362469733,0.015442112453757106,0.0,0.6078431372549019,0.38666666666666666,True,False,10,0,1.0,24,11,0.6857142857142857,0.0,0,0.0,0.05,0.05,0.0,0.0
deletion,0.05,0.7,,complete,0.5,45,25,False,0.011151252185229974,0.011581584340317828,0.0,0.6153846153846154,0.3741935483870968,False,True,10,0,1.0,0,45,0.0,0.0,0,0.0,0.05,0.05,0.0,0.0
deletion,0.05,0.7,,complete,0.5,45,26,False,0.008363439138922481,0.008686188255238371,0.0,0.6111111111111112,0.37423312883435583,True,False,11,0,1.0,30,12,0.7142857142857143,0.0,0,0.0,0.05,0.05,0.0,0.0
deletion,0.05,0.7,,complete,0.5,45,27,False,0.006272579354191862,0.006514641191428779,0.0,0.6146788990825688,0.3712574850299401,False,True,11,0,1.0,0,42,0.0,0.0,0,0.0,0.05,0.05,0.0,0.0
deletion,0.05,0.7,,complete,0.5,45,28,False,0.004704434515643896,0.004885980893571585,0.0,0.6086956521739131,0.37714285714285717,True,False,12,0,1.0,38,7,0.8444444444444444,0.0,0,0.0,0.05,0.05,0.0,0.0
deletion,0.05,0.7,,complete,0.5,45,29,False,0.003528325886732922,0.0036644856701786885,0.0,0.6134453781512605,0.3701657458563536,False,True,12,0,1.0,0,40,0.0,0.0,0,0.0,0.05,0.05,0.0,0.0
deletion,0.05,0.7,,complete,0.5,45,30,False,0.0026462444150496915,0.0027483642526340162,0.0,0.6260162601626016,0.3582887700534759,True,False,13,0,1.0,31,10,0.7560975609756098,0.0,0,0.0,0.05,0.05,0.0,0.0
deletion,0.05,0.7,,complete,0.5,45,31,False,0.0019846833112872686,0.0020612731894755123,0.0,0.6153846153846154,0.36597938144329895,False,True,13,0,1.0,0,43,0.0,0.0,0,0.0,0.05,0.05,0.0,0.0
deletion,0.05,0.7,,complete,0.5,45,32,False,0.0014885124834654515,0.0015459548921066342,0.0,0.6194029850746269,0.36683417085427134,True,False,14,0,1.0,30,15,0.6666666666666666,0.0,0,0.0,0.05,0.05,0.0,0.0
deletion,0.05,0.7,,complete,0.5,45,33,False,0.001116384362599089,0.0011594661690799758,0.0,0.6142857142857143,0.3701923076923077,False,True,14,0,1.0,0,35,0.0,0.0,0,0.0,0.05,0.05,0.0,0.0
deletion,0.05,0.7,,complete,0.5,45,34,False,0.0008372882719493166,0.0008695996268099818,0.0,0.6111111111111112,0.3691588785046729,True,False,15,0,1.0,26,18,0.5909090909090909,0.0,0,0.0,0.05,0.05,0.0,0.0
deletion,0.05,0.7,,complete,0.5,45,35,False,0.0006279662039619875,0.0006521997201074863,0.0,0.6095890410958904,0.36818181818181817,False,True,15,0,1.0,0,50,0.0,0.0,0,0.0,0.05,0.05,0.0,0.0
deletion,0.05,0.7,,complete,0.5,45,36,False,0.0004709746529714906,0.0004891497900806148,0.0,0.6025641025641025,0.3695652173913043,False,True,15,0,1.0,24,9,0.7272727272727273,0.4,24,0.0,0.05,0.05,0.0,0.0
deletion,0.05,0.7,,complete,0.5,45,37,False,0.05035323098972862,0.050366862342560464,0.0,0.6036585365853658,0.3682008368200837,False,True,15,0,1.0,27,13,0.675,0.4,51,0.0,0.05,0.05,0.0,0.0
deletion,0.05,0.7,,complete,0.5,45,38,False,0.08776492324229647,0.08777514675692036,0.0,0.6023391812865497,0.3684210526315789,False,True,15,0,1.0,24,12,0.6666666666666666,0.7,75,0.0,0.05,0.05,0.0,0.0
deletion,0.05,0.7,,complete,0.5,45,39,False,0.15332369243172234,0.15333136006769027,0.0,0.6022727272727273,0.36904761904761907,True,False,16,0,1.0,31,13,0.7045454545454546,0.0,0,0.0,0.05,0.05,0.0,0.0
deletion,0.05,0.7,,complete,0.5,46,0,False,0.0,0.0,0.0,0.0,1.0,False,True,0,0,0.1,0,0,0.0,0.0,0,0.0,0.05,0.05,0.0,0.0
deletion,0.05,0.7,,complete,0.5,46,1,False,0.0,0.0,0.2,0.2,0.84,False,True,0,0,0.2,3,41,0.06818181818181818,0.0,3,0.0,0.05,0.05,0.0,0.0
deletion,0.05,0.7,,complete,0.5,46,2,False,0.04642857142857143,0.05,0.4,0.4,0.7096774193548387,False,True,0,0,0.2,3,33,0.08333333333333333,0.0,6,0.0,0.05,0.05,0.0,0.0
deletion,0.05,0.7,,complete,0.5,46,3,False,0.12767857142857145,0.1375,0.4117647058823529,0.4117647058823529,0.6666666666666666,False,True,0,0,0.3,2,41,0.046511627906976744,0.0,8,0.0,0.05,0.05000000000000001,6.938893903907228e-18,0.0
deletion,0.05,0.7,,complete,0.5,46,4,False,0.18399422268907561,0.20606617647058822,0.5,0.5652173913043478,0.5581395348837209,False,True,0,0,0.5,3,29,0.09375,0.0,11,0.0,0.05,0.05,0.0,0.0
deletion,0.05,0.7,,complete,0.5,46,5,False,0.2362099527310924,0.27954963235294117,0.45,0.5769230769230769,0.5208333333333334,False,True,0,0,0.7,9,34,0.20930232558139536,0.3,20,0.0,0.05,0.05,0.0,0.0
deletion,0.05,0.7,,complete,0.5,46,6,False,0.27626460740546216,0.32216222426470587,0.25,0.53125,0.5178571428571429,True,False,1,0,0.9,26,18,0.5909090909090909,0.0,0,0.0,0.05,0.05,0.0,0.0
deletion,0.05,0.7,,complete,0.5,46,7,False,0.2696984555540966,0.30412166819852937,0.25,0.5454545454545454,0.4915254237288136,False,True,1,0,0.9,0,46,0.0,0.0,0,0.0,0.05,0.05,0.0,0.0
deletion,0.05,0.7,,complete,0.5,46,8,False,0.26477384166557244,0.29059125114889706,0.1,0.5121951219512195,0.5,True,False,2,0,0.9,26,16,0.6190476190476191,0.0,0,0.0,0.05,0.05,0.0,0.0
deletion,0.05,0.7,,complete,0.5,46,9,False,0.22358038124917937,0.2429434383616728,0.0,0.5319148936170213,0.47368421052631576,False,True,2,0,0.9,0,39,0.0,0.0,0,0.0,0.05,0.05,0.0,0.0
deletion,0.05,0.7,,complete,0.5,46,10,False,0.1676852859368845,0.1822075787712546,0.05,0.5555555555555556,0.4578313253012048,False,True,2,0,0.9,29,13,0.6904761904761905,0.7,29,0.0,0.05,0.05,0.0,0.0
deletion,0.05,0.7,,complete,0.5,46,11,False,0.2079068215955205,0.23040568407844095,0.05,0.5555555555555556,0.46153846153846156,False,True,2,0,0.9,25,14,0.6410256410256411,0.65,54,0.0,0.05,0.05,0.0,0.0
deletion,0.05,0.7,,complete,0.5,46,12,False,0.2327158304823547,0.2603042630588307,0.0,0.5362318840579711,0.46938775510204084,True,False,3,0,0.9,28,14,0.6666666666666666,0.0,0,0.0,0.05,0.05,0.0,0.0
deletion,0.05,0.7,,complete,0.5,46,13,False,0.17453687286176603,0.19522819729412302,0.0,0.5492957746478874,0.46078431372549017,False,True,3,0,1.0,0,35,0.0,0.0,0,0.0,0.05,0.05,0.0,0.0
deletion,0.05,0.7,,complete,0.5,46,14,False,0.13090265464632453,0.14642114797059227,0.0,0.5616438356164384,0.44036697247706424,True,False,4,0,1.0,33,11,0.75,0.0,0,0.0,0.05,0.05,0.0,0.0
deletion,0.05,0.7,,complete,0.5,46,15,False,0.09817699098474339,0.10981586097794421,0.0,0.569620253164557,0.43103448275862066,False,True,4,0,1.0,0,38,0.0,0.0,0,0.0,0.05,0.05,0.0,0.0
deletion,0.05,0.7,,complete,0.5,46,16,False,0.07363274323855754,0.08236189573345816,0.0,0.5662650602409639,0.4274193548387097,True,False,5,0,1.0,28,15,0.6511627906976745,0.0,0,0.0,0.05,0.05,0.0,0.0
deletion,0.05,0.7,,complete,0.5,46,17,False,0.055224557428918165,0.06177142180009362,0.0,0.5617977528089888,0.42424242424242425,False,True,5,0,1.0,0,41,0.0,0.0,0,0.0,0.05,0.05,0.0,0.0
deletion,0.05,0.7,,complete,0.5,46,18,False,0.04141841807168862,0.04632856635007022,0.0,0.5652173913043478,0.41304347826086957,True,False,6,0,1.0,32,14,0.6956521739130435,0.0,0,0.0,0.05,0.05,0.0,0.0
deletion,0.05,0.7,,complete,0.5,46,19,False,0.031063813553766466,0.034746424762552665,0.0,0.5684210526315789,0.4027777777777778,False,True,6,0,1.0,0,44,0.0,0.0,0,0.0,0.05,0.05,0.0,0.0
deletion,0.05,0.7,,complete,0.5,46,20,False,0.023297860165324848,0.0260598185719145,0.0,0.5784313725490197,0.39473684210526316,True,False,7,0,1.0,29,8,0.7837837837837838,0.0,0,0.0,0.05,0.05,0.0,0.0
deletion,0.05,0.7,,complete,0.5,46,21,False,0.017473395123993637,0.019544863928935875,0.0,0.5769230769230769,0.3935483870967742,False,True,7,0,1.0,0,38,0.0,0.0,0,0.0,0.05,0.05,0.0,0.0
deletion,0.05,0.7,,complete,0.5,46,22,False,0.013105046342995228,0.014658647946701906,0.0,0.5849056603773585,0.38650306748466257,True,False,8,0,1.0,39,11,0.78,0.0,0,0.0,0.05,0.05,0.0,0.0
deletion,0.05,0.7,,complete,0.5,46,23,False,0.009828784757246422,0.01099398596002643,0.0,0.5833333333333334,0.38323353293413176,False,True,8,0,1.0,0,45,0.0,0.0,0,0.0,0.05,0.05,0.0,0.0
deletion,0.05,0.7,,complete,0.5,46,24,False,0.0073715885679348165,0.008245489470019822,0.0,0.5882352941176471,0.38202247191011235,True,False,9,0,1.0,23,9,0.71875,0.0,0,0.0,0.05,0.05,0.0,0.0
deletion,0.05,0.7,,complete,0.5,46,25,False,0.005528691425951112,0.006184117102514866,0.0,0.5887096774193549,0.3763440860215054,False,True,9,0,1.0,0,40,0.0,0.0,0,0.0,0.05,0.05,0.0,0.0
deletion,0.05,0.7,,complete,0.5,46,26,False,0.004146518569463334,0.004638087826886149,0.0,0.59375,0.3769633507853403,True,False,10,0,1.0,27,10,0.7297297297297297,0.0,0,0.0,0.05,0.05,0.0,0.0
deletion,0.05,0.7,,complete,0.5,46,27,False,0.0031098889270975007,0.0034785658701646117,0.0,0.6,0.37244897959183676,False,True,10,0,1.0,0,43,0.0,0.0,0,0.0,0.05,0.05,0.0,0.0
deletion,0.05,0.7,,complete,0.5,46,28,False,0.0023324166953231254,0.0026089244026234588,0.0,0.5886524822695035,0.37681159420289856,True,False,11,0,1.0,30,5,0.8571428571428571,0.0,0,0.0,0.05,0.05,0.0,0.0
deletion,0.05,0.7,,complete,0.5,46,29,False,0.0017493125214923441,0.001956693301967594,0.0,0.5918367346938775,0.3755868544600939,False,True,11,0,1.0,0,39,0.0,0.0,0,0.0,0.05,0.05,0.0,0.0
deletion,0.05,0.7,,complete,0.5,46,30,False,0.0013119843911192583,0.0014675199764756955,0.0,0.5933333333333334,0.3744292237442922,True,False,12,0,1.0,25,15,0.625,0.0,0,0.0,0.05,0.05,0.0,0.0
deletion,0.05,0.7,,complete,0.5,46,31,False,0.0009839882933394435,0.0011006399823567715,0.0,0.5986842105263158,0.36607142857142855,False,True,12,0,1.0,0,40,0.0,0.0,0,0.0,0.05,0.05,0.0,0.0
deletion,0.05,0.7,,complete,0.5,46,32,False,0.0007379912200045827,0.0008254799867675786,0.0,0.6,0.3648068669527897,True,False,13,0,1.0,26,13,0.6666666666666666,0.0,0,0.0,0.05,0.05,0.0,0.0
deletion,0.05,0.7,,complete,0.5,46,33,False,0.0005534934150034371,0.0006191099900756839,0.0,0.6036585365853658,0.3625,False,True,13,0,1.0,0,40,0.0,0.0,0,0.0,0.05,0.05,0.0,0.0
deletion,0.05,0.7,,complete,0.5,46,34,False,0.00041512006125257777,0.000464332492556763,0.0,0.6,0.36585365853658536,True,False,14,0,1.0,28,11,0.717948717948718,0.0,0,0.0,0.05,0.05,0.0,0.0
deletion,0.05,0.7,,complete,0.5,46,35,False,0.00031134004593943337,0.00034824936941757224,0.0,0.6,0.36363636363636365,False,True,14,0,1.0,0,40,0.0,0.0,0,0.0,0.05,0.05,0.0,0.0
deletion,0.05,0.7,,complete,0.5,46,36,False,0.000233505034454575,0.0002611870270631792,0.0,0.5901639344262295,0.3702290076335878,False,True,14,0,1.0,29,11,0.725,0.35,29,0.0,0.05,0.05,0.0,0.0
deletion,0.05,0.7,,complete,0.5,46,37,False,0.04392512877584093,0.04394589027029738,0.0,0.5863874345549738,0.3754646840148699,True,False,15,0,1.0,22,15,0.5945945945945946,0.0,0,0.0,0.05,0.05,0.0,0.0
deletion,0.05,0.7,,complete,0.5,46,38,False,0.032943846581880695,0.03295941770272304,0.0,0.583756345177665,0.37410071942446044,False,True,15,0,1.0,0,40,0.0,0.0,0,0.0,0.05,0.05,0.0,0.0
deletion,0.05,0.7,,complete,0.5,46,39,False,0.02470788493641052,0.024719563277042278,0.0,0.5812807881773399,0.37543859649122807,True,False,16,0,1.0,32,13,0.7111111111111111,0.0,0,0.0,0.05,0.05,0.0,0.0
deletion,0.05,0.7,,complete,0.5,47,0,False,0.0,0.0,0.0,0.0,1.0,False,True,0,0,0.1,0,0,0.0,0.0,0,0.0,0.05,0.05,0.0,0.0
deletion,0.05,0.7,,complete,0.5,47,1,False,0.0,0.0,0.18181818181818182,0.18181818181818182,0.8148148148148148,False,True,0,0,0.2,4,39,0.09302325581395349,1.0,4,0.0,0.05,0.05,0.0,0.0
deletion,0.05,0.7,,complete,0.5,47,2,False,0.060064935064935064,0.14772727272727273,0.1875,0.1875,0.7878787878787878,True,False,1,0,0.3,12,28,0.3,0.0,0,0.0,0.05,0.05000000000000001,6.938893903907228e-18,0.0
deletion,0.05,0.7,,complete,0.5,47,3,False,0.0919237012987013,0.15767045454545456,0.2631578947368421,0.2631578947368421,0.675,False,True,1,0,0.5,0,37,0.0,0.0,0,0.0,0.05,0.05,0.0,0.0
deletion,0.05,0.7,,complete,0.5,47,4,False,0.1347322496582365,0.18404231459330145,0.2,0.30434782608695654,0.62,False,True,1,0,0.7,19,20,0.48717948717948717,0.5789473684210527,19,0.0,0.05,0.05,0.0,0.0
deletion,0.05,0.7,,complete,0.5,47,5,False,0.1781168564166097,0.23540015699760766,0.0,0.27586206896551724,0.6363636363636364,False,True,1,0,0.8,20,24,0.45454545454545453,0.65,39,0.0,0.05,0.05,0.0,0.0
deletion,0.05,0.7,,complete,0.5,47,6,False,0.19162335659817156,0.25780011774820577,0.0,0.3055555555555556,0.6060606060606061,False,True,1,0,0.8,21,17,0.5526315789473685,0.6,60,0.0,0.05,0.05,0.0,0.0
deletion,0.05,0.7,,complete,0.5,47,7,False,0.19728894602005725,0.2683500883111543,0.0,0.375,0.5633802816901409,True,False,2,0,0.9,25,20,0.5555555555555556,0.0,0,0.0,0.05,0.05,0.0,0.0
deletion,0.05,0.7,,complete,0.5,47,8,False,0.14796670951504293,0.20126256623336575,0.0,0.3953488372093023,0.5584415584415584,False,True,2,0,0.9,0,46,0.0,0.0,0,0.0,0.05,0.05,0.0,0.0
deletion,0.05,0.7,,complete,0.5,47,9,False,0.11097503213628221,0.1509469246750243,0.0,0.42,0.5465116279069767,True,False,3,0,1.0,26,18,0.5909090909090909,0.0,0,0.0,0.05,0.05,0.0,0.0
deletion,0.05,0.7,,complete,0.5,47,10,False,0.08323127410221165,0.11321019350626822,0.0,0.43636363636363634,0.532608695652174,False,True,3,0,1.0,0,38,0.0,0.0,0,0.0,0.05,0.05,0.0,0.0
deletion,0.05,0.7,,complete,0.5,47,11,False,0.06242345557665874,0.08490764512970117,0.0,0.46551724137931033,0.5051546391752577,True,False,4,0,1.0,31,15,0.6739130434782609,0.0,0,0.0,0.05,0.05,0.0,0.0
deletion,0.05,0.7,,complete,0.5,47,12,False,0.04681759168249405,0.06368073384727588,0.0,0.46774193548387094,0.49514563106796117,False,True,4,0,1.0,0,45,0.0,0.0,0,0.0,0.05,0.05,0.0,0.0
deletion,0.05,0.7,,complete,0.5,47,13,False,0.03511319376187054,0.04776055038545691,0.0,0.5138888888888888,0.4732142857142857,False,True,4,0,1.0,33,3,0.9166666666666666,0.35,33,0.0,0.05,0.05,0.0,0.0
deletion,0.05,0.7,,complete,0.5,47,14,False,0.07008489532140291,0.07957041278909269,0.0,0.5189873417721519,0.47058823529411764,True,False,5,0,1.0,29,14,0.6744186046511628,0.0,0,0.0,0.05,0.05,0.0,0.0
deletion,0.05,0.7,,complete,0.5,47,15,False,0.052563671491052184,0.059677809591819515,0.0,0.5121951219512195,0.47580645161290325,False,True,5,0,1.0,0,51,0.0,0.0,0,0.0,0.05,0.05,0.0,0.0
deletion,0.05,0.7,,complete,0.5,47,16,False,0.03942275361828913,0.04475835719386464,0.0,0.5348837209302325,0.4580152671755725,True,False,6,0,1.0,25,17,0.5952380952380952,0.0,0,0.0,0.05,0.05,0.0,0.0
deletion,0.05,0.7,,complete,0.5,47,17,False,0.029567065213716857,0.03356876789539848,0.0,0.5384615384615384,0.4460431654676259,False,True,6,0,1.0,0,40,0.0,0.0,0,0.0,0.05,0.05,0.0,0.0
deletion,0.05,0.7,,complete,0.5,47,18,False,0.02217529891028764,0.025176575921548858,0.0,0.5463917525773195,0.4413793103448276,False,True,6,0,1.0,32,16,0.6666666666666666,0.45,32,0.0,0.05,0.05,0.0,0.0
deletion,0.05,0.7,,complete,0.5,47,19,False,0.07288147418271573,0.07513243194116165,0.0,0.5339805825242718,0.4503311258278146,False,True,6,0,1.0,28,11,0.717948717948718,0.45,60,0.0,0.05,0.05,0.0,0.0
deletion,0.05,0.7,,complete,0.5,47,20,False,0.1109111056370368,0.11259932395587124,0.0,0.5309734513274337,0.45625,True,False,7,0,1.0,28,8,0.7777777777777778,0.0,0,0.0,0.05,0.05,0.0,0.0
deletion,0.05,0.7,,complete,0.5,47,21,False,0.0831833292277776,0.08444949296690343,0.0,0.5378151260504201,0.45180722891566266,False,True,7,0,1.0,0,41,0.0,0.0,0,0.0,0.05,0.05,0.0,0.0
deletion,0.05,0.7,,complete,0.5,47,22,False,0.06238749692083321,0.06333711972517758,0.0,0.5354330708661418,0.4602272727272727,True,False,8,0,1.0,30,7,0.8108108108108109,0.0,0,0.0,0.05,0.05,0.0,0.0
deletion,0.05,0.7,,complete,0.5,47,23,False,0.0467906226906249,0.047502839793883186,0.0,0.5263157894736842,0.45652173913043476,False,True,8,0,1.0,0,40,0.0,0.0,0,0.0,0.05,0.05,0.0,0.0
deletion,0.05,0.7,,complete,0.5,47,24,False,0.03509296701796868,0.035627129845412386,0.0,0.5289855072463768,0.45263157894736844,True,False,9,0,1.0,33,13,0.717391304347826,0.0,0,0.0,0.05,0.05,0.0,0.0
deletion,0.05,0.7,,complete,0.5,47,25,False,0.02631972526347651,0.02672034738405929,0.0,0.5314685314685315,0.44221105527638194,False,True,9,0,1.0,0,40,0.0,0.0,0,0.0,0.05,0.05,0.0,0.0
deletion,0.05,0.7,,complete,0.5,47,26,False,0.019739793947607383,0.020040260538044467,0.0,0.5298013245033113,0.4423076923076923,False,True,9,0,1.0,28,19,0.5957446808510638,0.55,28,0.0,0.05,0.05,0.0,0.0
deletion,0.05,0.7,,complete,0.5,47,27,False,0.08355484546070555,0.08378019540353336,0.0,0.5253164556962026,0.4444444444444444,True,False,10,0,1.0,27,14,0.6585365853658537,0.0,0,0.0,0.05,0.05,0.0,0.0
deletion,0.05,0.7,,complete,0.5,47,28,False,0.06266613409552915,0.06283514655265002,0.0,0.53125,0.43891402714932126,False,True,10,0,1.0,0,39,0.0,0.0,0,0.0,0.05,0.05,0.0,0.0
deletion,0.05,0.7,,complete,0.5,47,29,False,0.04699960057164687,0.04712635991448751,0.0,0.5393939393939394,0.43171806167400884,True,False,11,0,1.0,33,16,0.673469387755102,0.0,0,0.0,0.05,0.05,0.0,0.0
deletion,0.05,0.7,,complete,0.5,47,30,False,0.035249700428735146,0.03534476993586563,0.0,0.5348837209302325,0.4322033898305085,False,True,11,0,1.0,0,34,0.0,0.0,0,0.0,0.05,0.05,0.0,0.0
deletion,0.05,0.7,,complete,0.5,47,31,False,0.02643727532155136,0.026508577451899225,0.0,0.5307262569832403,0.4326530612244898,True,False,12,0,1.0,27,13,0.675,0.0,0,0.0,0.05,0.05,0.0,0.0
deletion,0.05,0.7,,complete,0.5,47,32,False,0.019827956491163524,0.01988143308892442,0.0,0.5405405405405406,0.4246031746031746,False,True,12,0,1.0,0,33,0.0,0.0,0,0.0,0.05,0.05,0.0,0.0
deletion,0.05,0.7,,complete,0.5,47,33,False,0.01487096736837264,0.014911074816693315,0.0,0.543010752688172,0.421259842519685,False,True,12,0,1.0,33,12,0.7333333333333333,0.5,33,0.0,0.05,0.05,0.0,0.0
deletion,0.05,0.7,,complete,0.5,47,34,False,0.07365322552627948,0.07368330611251998,0.0,0.5392670157068062,0.4230769230769231,True,False,13,0,1.0,29,12,0.7073170731707317,0.0,0,0.0,0.05,0.05,0.0,0.0
deletion,0.05,0.7,,complete,0.5,47,35,False,0.05523991914470961,0.055262479584389984,0.0,0.5454545454545454,0.41947565543071164,False,True,13,0,1.0,0,35,0.0,0.0,0,0.0,0.05,0.05,0.0,0.0
deletion,0.05,0.7,,complete,0.5,47,36,False,0.04142993935853221,0.04144685968829249,0.0,0.5495049504950495,0.41544117647058826,False,True,13,0,1.0,25,15,0.625,0.45,25,0.0,0.05,0.05,0.0,0.0
deletion,0.05,0.7,,complete,0.5,47,37,False,0.08732245451889917,0.08733514476621937,0.0,0.551219512195122,0.41155234657039713,True,False,14,0,1.0,28,14,0.6666666666666666,0.0,0,0.0,0.05,0.05,0.0,0.0
deletion,0.05,0.7,,complete,0.5,47,38,False,0.06549184088917437,0.06550135857466452,0.0,0.5555555555555556,0.40569395017793597,False,True,14,0,1.0,0,40,0.0,0.0,0,0.0,0.05,0.05,0.0,0.0
deletion,0.05,0.7,,complete,0.5,47,39,False,0.04911888066688077,0.04912601893099839,0.0,0.5576923076923077,0.4027777777777778,True,False,15,0,1.0,29,18,0.6170212765957447,0.0,0,0.0,0.05,0.05,0.0,0.0
deletion,0.05,0.7,,complete,0.5,48,0,False,0.0,0.0,0.0,0.0,1.0,False,True,0,0,0.0,0,0,0.0,0.0,0,0.0,0.05,0.05,0.0,0.0
deletion,0.05,0.7,,complete,0.5,48,1,False,0.0,0.0,0.3333333333333333,0.3333333333333333,0.85,False,True,0,0,0.0,0,44,0.0,0.0,0,0.0,0.05,0.05,0.0,0.0
deletion,0.05,0.7,,complete,0.5,48,2,False,0.08333333333333333,0.08333333333333333,0.4,0.4,0.7083333333333334,False,True,0,0,0.0,0,41,0.0,0.0,0,0.0,0.05,0.05,0.0,0.0
deletion,0.05,0.7,,complete,0.5,48,3,False,0.1625,0.1625,0.5714285714285714,0.5714285714285714,0.5666666666666667,False,True,0,0,0.0,0,42,0.0,0.0,0,0.0,0.05,0.05,0.0,0.0
deletion,0.05,0.7,,complete,0.5,48,4,False,0.26473214285714286,0.26473214285714286,0.6111111111111112,0.6111111111111112,0.5294117647058824,False,True,0,0,0.0,0,43,0.0,0.0,0,0.0,0.05,0.05,0.0,0.0
deletion,0.05,0.7,,complete,0.5,48,5,False,0.3513268849206349,0.3513268849206349,0.6111111111111112,0.6111111111111112,0.5142857142857142,False,True,0,0,0.0,0,43,0.0,0.0,0,0.0,0.05,0.05,0.0,0.0
deletion,0.05,0.7,,complete,0.5,48,6,False,0.41627294146825405,0.416272941468254,0.65,0.6666666666666666,0.4523809523809524,False,True,0,0,0.0,0,40,0.0,0.0,0,0.0,0.05,0.05,0.0,0.0
deletion,0.05,0.7,,complete,0.5,48,7,False,0.47470470610119053,0.47470470610119053,0.65,0.6818181818181818,0.4222222222222222,False,True,0,0,0.1,0,48,0.0,0.0,0,0.0,0.05,0.05,0.0,0.0
deletion,0.05,0.7,,complete,0.5,48,8,False,0.5185285295758929,0.5185285295758929,0.5,0.6296296296296297,0.44,True,False,1,0,0.2,6,31,0.16216216216216217,0.0,0,0.0,0.05,0.05,0.0,0.0
deletion,0.05,0.7,,complete,0.5,48,9,False,0.5138963971819197,0.5138963971819197,0.5,0.6551724137931034,0.41509433962264153,False,True,1,0,0.2,0,43,0.0,0.0,0,0.0,0.05,0.05,0.0,0.0
deletion,0.05,0.7,,complete,0.5,48,10,False,0.5104222978864398,0.5104222978864398,0.45,0.65625,0.39655172413793105,False,True,1,0,0.3,9,34,0.20930232558139536,0.3333333333333333,9,0.0,0.05,0.05000000000000001,6.938893903907228e-18,0.0
deletion,0.05,0.7,,complete,0.5,48,11,False,0.4911500567481632,0.49531672341482985,0.4,0.6756756756756757,0.38095238095238093,False,True,1,0,0.3,12,27,0.3076923076923077,0.6,21,0.0,0.05,0.05000000000000001,6.938893903907228e-18,0.0
deletion,0.05,0.7,,complete,0.5,48,12,False,0.4755053997039795,0.4855500425611224,0.4,0.6923076923076923,0.36923076923076925,False,True,1,0,0.4,13,30,0.3023255813953488,0.7,34,0.0,0.05,0.05,0.0,0.0
deletion,0.05,0.7,,complete,0.5,48,13,False,0.4727004783494132,0.5016625319208419,0.35,0.7045454545454546,0.352112676056338,True,False,2,0,0.5,18,27,0.4,0.0,0,0.0,0.05,0.05,0.0,0.0
deletion,0.05,0.7,,complete,0.5,48,14,False,0.4420253587620599,0.46374689894063137,0.3,0.7021276595744681,0.34210526315789475,False,True,2,0,0.7,0,43,0.0,0.0,0,0.0,0.05,0.05,0.0,0.0
deletion,0.05,0.7,,complete,0.5,48,15,False,0.406519019071545,0.42281017420547357,0.15,0.6730769230769231,0.35714285714285715,True,False,3,0,0.8,21,18,0.5384615384615384,0.0,0,0.0,0.05,0.05,0.0,0.0
deletion,0.05,0.7,,complete,0.5,48,16,False,0.3423892643036587,0.35460763065410517,0.15,0.6851851851851852,0.3409090909090909,False,True,3,0,0.8,0,44,0.0,0.0,0,0.0,0.05,0.05,0.0,0.0
deletion,0.05,0.7,,complete,0.5,48,17,False,0.294291948227744,0.3034557229905789,0.1,0.7,0.3368421052631579,True,False,4,0,1.0,24,18,0.5714285714285714,0.0,0,0.0,0.05,0.05,0.0,0.0
deletion,0.05,0.7,,complete,0.5,48,18,False,0.245718961170808,0.25259179224293415,0.0,0.6875,0.34,False,True,4,0,1.0,0,39,0.0,0.0,0,0.0,0.05,0.05,0.0,0.0
deletion,0.05,0.7,,complete,0.5,48,19,False,0.184289220878106,0.18944384418220062,0.0,0.6944444444444444,0.3302752293577982,False,True,4,0,1.0,23,12,0.6571428571428571,0.6,23,0.0,0.05,0.05,0.0,0.0
deletion,0.05,0.7,,complete,0.5,48,20,False,0.2132169156585795,0.21708288313665047,0.0,0.6891891891891891,0.33035714285714285,False,True,4,0,1.0,28,10,0.7368421052631579,0.5,51,0.0,0.05,0.05,0.0,0.0
deletion,0.05,0.7,,complete,0.5,48,21,False,0.22241268674393463,0.22531216235248785,0.0,0.6666666666666666,0.3418803418803419,True,False,5,0,1.0,30,13,0.6976744186046512,0.0,0,0.0,0.05,0.05,0.0,0.0
deletion,0.05,0.7,,complete,0.5,48,22,False,0.16680951505795097,0.1689841217643659,0.0,0.6626506024096386,0.3412698412698413,False,True,5,0,1.0,0,45,0.0,0.0,0,0.0,0.05,0.05,0.0,0.0
deletion,0.05,0.7,,complete,0.5,48,23,False,0.12510713629346323,0.1267380913232744,0.0,0.6373626373626373,0.35766423357664234,False,True,5,0,1.0,25,10,0.7142857142857143,0.45,25,0.0,0.05,0.05,0.0,0.0
deletion,0.05,0.7,,complete,0.5,48,24,False,0.15008035222009744,0.1513035684924558,0.0,0.6276595744680851,0.36363636363636365,True,False,6,0,1.0,26,15,0.6341463414634146,0.0,0,0.0,0.05,0.05,0.0,0.0
deletion,0.05,0.7,,complete,0.5,48,25,False,0.11256026416507306,0.11347767636934185,0.0,0.6326530612244898,0.36486486486486486,False,True,6,0,1.0,0,43,0.0,0.0,0,0.0,0.05,0.05,0.0,0.0
deletion,0.05,0.7,,complete,0.5,48,26,False,0.08442019812380479,0.08510825727700638,0.0,0.6190476190476191,0.3717948717948718,True,False,7,0,1.0,31,11,0.7380952380952381,0.0,0,0.0,0.05,0.05,0.0,0.0
deletion,0.05,0.7,,complete,0.5,48,27,False,0.0633151485928536,0.06383119295775479,0.0,0.6296296296296297,0.36645962732919257,False,True,7,0,1.0,0,42,0.0,0.0,0,0.0,0.05,0.05,0.0,0.0
deletion,0.05,0.7,,complete,0.5,48,28,False,0.0474863614446402,0.04787339471831609,0.0,0.6206896551724138,0.37058823529411766,True,False,8,0,1.0,33,8,0.8048780487804879,0.0,0,0.0,0.05,0.05,0.0,0.0
deletion,0.05,0.7,,complete,0.5,48,29,False,0.03561477108348015,0.035905046038737065,0.0,0.6239316239316239,0.3620689655172414,False,True,8,0,1.0,0,43,0.0,0.0,0,0.0,0.05,0.05,0.0,0.0
deletion,0.05,0.7,,complete,0.5,48,30,False,0.026711078312610107,0.0269287845290528,0.0,0.6147540983606558,0.36666666666666664,True,False,9,0,1.0,26,16,0.6190476190476191,0.0,0,0.0,0.05,0.05,0.0,0.0
deletion,0.05,0.7,,complete,0.5,48,31,False,0.02003330873445758,0.0201965883967896,0.0,0.6111111111111112,0.35978835978835977,False,True,9,0,1.0,0,38,0.0,0.0,0,0.0,0.05,0.05,0.0,0.0
deletion,0.05,0.7,,complete,0.5,48,32,False,0.015024981550843185,0.015147441297592198,0.0,0.5923076923076923,0.37755102040816324,True,False,10,0,1.0,20,16,0.5555555555555556,0.0,0,0.0,0.05,0.05,0.0,0.0
deletion,0.05,0.7,,complete,0.5,48,33,False,0.01126873616313239,0.011360580973194149,0.0,0.5954198473282443,0.37373737373737376,False,True,10,0,1.0,0,44,0.0,0.0,0,0.0,0.05,0.05,0.0,0.0
deletion,0.05,0.7,,complete,0.5,48,34,False,0.008451552122349293,0.008520435729895613,0.0,0.5899280575539568,0.37681159420289856,True,False,11,0,1.0,28,11,0.717948717948718,0.0,0,0.0,0.05,0.05,0.0,0.0
deletion,0.05,0.7,,complete,0.5,48,35,False,0.006338664091761969,0.006390326797421709,0.0,0.5972222222222222,0.37089201877934275,False,True,11,0,1.0,0,32,0.0,0.0,0,0.0,0.05,0.05,0.0,0.0
deletion,0.05,0.7,,complete,0.5,48,36,False,0.004753998068821477,0.004792745098066282,0.0,0.5866666666666667,0.3755656108597285,True,False,12,0,1.0,28,11,0.717948717948718,0.0,0,0.0,0.05,0.05,0.0,0.0
deletion,0.05,0.7,,complete,0.5,48,37,False,0.0035654985516161077,0.0035945588235497114,0.0,0.5897435897435898,0.37280701754385964,False,True,12,0,1.0,0,40,0.0,0.0,0,0.0,0.05,0.05,0.0,0.0
deletion,0.05,0.7,,complete,0.5,48,38,False,0.002674123913712081,0.0026959191176622833,0.0,0.5864197530864198,0.37446808510638296,True,False,13,0,1.0,38,8,0.8260869565217391,0.0,0,0.0,0.05,0.05,0.0,0.0
deletion,0.05,0.7,,complete,0.5,48,39,False,0.0020055929352840603,0.0020219393382467123,0.0,0.5833333333333334,0.37448559670781895,False,True,13,0,1.0,0,32,0.0,0.0,0,0.0,0.05,0.05,0.0,0.0
deletion,0.05,0.7,,complete,0.5,49,0,False,0.0,0.0,0.0,0.0,1.0,False,True,0,0,0.1,0,0,0.0,0.0,0,0.0,0.05,0.05,0.0,0.0
deletion,0.05,0.7,,complete,0.5,49,1,False,0.0,0.0,0.16666666666666666,0.16666666666666666,0.8076923076923077,False,True,0,0,0.2,4,42,0.08695652173913043,1.0,4,0.0,0.05,0.05,0.0,0.0
deletion,0.05,0.7,,complete,0.5,49,2,False,0.05654761904761905,0.14583333333333334,0.2222222222222222,0.2222222222222222,0.696969696969697,False,True,0,0,0.2,14,30,0.3181818181818182,0.6111111111111112,18,0.0,0.05,0.05,0.0,0.0
deletion,0.05,0.7,,complete,0.5,49,3,False,0.10491071428571429,0.21354166666666669,0.3,0.3,0.675,False,True,0,0,0.2,3,37,0.075,0.65,21,0.0,0.05,0.05,0.0,0.0
deletion,0.05,0.7,,complete,0.5,49,4,False,0.1599330357142857,0.27890625,0.46153846153846156,0.46153846153846156,0.6041666666666666,True,False,1,0,0.2,7,31,0.18421052631578946,0.0,0,0.0,0.05,0.05,0.0,0.0
deletion,0.05,0.7,,complete,0.5,49,5,False,0.23533439217032967,0.3245643028846154,0.5,0.5,0.5882352941176471,False,True,1,0,0.3,0,42,0.0,0.0,0,0.0,0.05,0.05000000000000001,6.938893903907228e-18,0.0
deletion,0.05,0.7,,complete,0.5,49,6,False,0.3015007941277473,0.36842322716346154,0.5882352941176471,0.5882352941176471,0.5555555555555556,False,True,1,0,0.3,7,39,0.15217391304347827,0.7142857142857143,7,0.0,0.05,0.05000000000000001,6.938893903907228e-18,0.0
deletion,0.05,0.7,,complete,0.5,49,7,False,0.37543531948536624,0.43913254642301636,0.6,0.6,0.5081967213114754,False,True,1,0,0.5,8,38,0.17391304347826086,0.6666666666666666,15,0.0,0.05,0.05,0.0,0.0
deletion,0.05,0.7,,complete,0.5,49,8,False,0.43395744199497704,0.48768274315059557,0.5,0.6,0.5,True,False,2,0,0.6,19,24,0.4418604651162791,0.0,0,0.0,0.05,0.05000000000000001,6.938893903907228e-18,0.0
deletion,0.05,0.7,,complete,0.5,49,9,False,0.45046808149623274,0.49076205736294665,0.4,0.5555555555555556,0.49295774647887325,False,True,2,0,0.6,0,40,0.0,0.0,0,0.0,0.05,0.05000000000000001,6.938893903907228e-18,0.0
deletion,0.05,0.7,,complete,0.5,49,10,False,0.4378510611221746,0.46807154302221,0.25,0.5454545454545454,0.48717948717948717,False,True,2,0,0.7,18,19,0.4864864864864865,0.7777777777777778,18,0.0,0.05,0.05,0.0,0.0
deletion,0.05,0.7,,complete,0.5,49,11,False,0.42858670854004366,0.4795258794888797,0.15,0.5,0.5,True,False,3,0,0.7,30,15,0.6666666666666666,0.0,0,0.0,0.05,0.05,0.0,0.0
deletion,0.05,0.7,,complete,0.5,49,12,False,0.3589400314050327,0.39714440961665975,0.1,0.5365853658536586,0.48314606741573035,False,True,3,0,0.8,0,42,0.0,0.0,0,0.0,0.05,0.05,0.0,0.0
deletion,0.05,0.7,,complete,0.5,49,13,False,0.2942050235537746,0.32285830721249487,0.0,0.5625,0.46875,True,False,4,0,0.8,27,14,0.6585365853658537,0.0,0,0.0,0.05,0.05,0.0,0.0
deletion,0.05,0.7,,complete,0.5,49,14,False,0.22065376766533093,0.24214373040937115,0.0,0.5490196078431373,0.47,False,True,4,0,0.9,0,47,0.0,0.0,0,0.0,0.05,0.05,0.0,0.0
deletion,0.05,0.7,,complete,0.5,49,15,False,0.1654903257489982,0.18160779780702835,0.0,0.5535714285714286,0.4766355140186916,False,True,4,0,0.9,28,16,0.6363636363636364,0.5,28,0.0,0.05,0.05,0.0,0.0
deletion,0.05,0.7,,complete,0.5,49,16,False,0.17768917288317723,0.19870584835527128,0.0,0.4925373134328358,0.49572649572649574,False,True,4,0,1.0,29,11,0.725,0.65,57,0.0,0.05,0.05,0.0,0.0
deletion,0.05,0.7,,complete,0.5,49,17,False,0.21451687966238292,0.23027938626645345,0.0,0.4782608695652174,0.49586776859504134,False,True,4,0,1.0,41,8,0.8367346938775511,0.6,98,0.0,0.05,0.05,0.0,0.0
deletion,0.05,0.7,,complete,0.5,49,18,False,0.2358876597467872,0.2477095396998401,0.0,0.4861111111111111,0.49193548387096775,True,False,5,0,1.0,25,16,0.6097560975609756,0.0,0,0.0,0.05,0.05,0.0,0.0
deletion,0.05,0.7,,complete,0.5,49,19,False,0.1769157448100904,0.18578215477488008,0.0,0.5066666666666667,0.4883720930232558,False,True,5,0,1.0,0,37,0.0,0.0,0,0.0,0.05,0.05,0.0,0.0
deletion,0.05,0.7,,complete,0.5,49,20,False,0.1326868086075678,0.13933661608116005,0.0,0.525,0.47058823529411764,True,False,6,0,1.0,30,12,0.7142857142857143,0.0,0,0.0,0.05,0.05,0.0,0.0
deletion,0.05,0.7,,complete,0.5,49,21,False,0.09951510645567585,0.10450246206087004,0.0,0.5421686746987951,0.45390070921985815,False,True,6,0,1.0,0,37,0.0,0.0,0,0.0,0.05,0.05,0.0,0.0
deletion,0.05,0.7,,complete,0.5,49,22,False,0.07463632984175687,0.07837684654565252,0.0,0.5393258426966292,0.4527027027027027,True,False,7,0,1.0,30,10,0.75,0.0,0,0.0,0.05,0.05,0.0,0.0
deletion,0.05,0.7,,complete,0.5,49,23,False,0.05597724738131766,0.05878263490923939,0.0,0.5531914893617021,0.44155844155844154,False,True,7,0,1.0,0,38,0.0,0.0,0,0.0,0.05,0.05,0.0,0.0
deletion,0.05,0.7,,complete,0.5,49,24,False,0.041982935535988246,0.04408697618192954,0.0,0.56,0.43209876543209874,True,False,8,0,1.0,27,13,0.675,0.0,0,0.0,0.05,0.05,0.0,0.0
deletion,0.05,0.7,,complete,0.5,49,25,False,0.03148720165199118,0.03306523213644716,0.0,0.5471698113207547,0.43859649122807015,False,True,8,0,1.0,0,38,0.0,0.0,0,0.0,0.05,0.05,0.0,0.0
deletion,0.05,0.7,,complete,0.5,49,26,False,0.023615401238993385,0.02479892410233537,0.0,0.5535714285714286,0.43333333333333335,True,False,9,0,1.0,23,14,0.6216216216216216,0.0,0,0.0,0.05,0.05,0.0,0.0
deletion,0.05,0.7,,complete,0.5,49,27,False,0.017711550929245038,0.01859919307675153,0.0,0.5614035087719298,0.42391304347826086,False,True,9,0,1.0,0,47,0.0,0.0,0,0.0,0.05,0.05,0.0,0.0
deletion,0.05,0.7,,complete,0.5,49,28,False,0.01328366319693378,0.013949394807563647,0.0,0.5537190082644629,0.4270833333333333,True,False,10,0,1.0,29,10,0.7435897435897436,0.0,0,0.0,0.05,0.05,0.0,0.0
deletion,0.05,0.7,,complete,0.5,49,29,False,0.009962747397700335,0.010462046105672735,0.0,0.568,0.41919191919191917,False,True,10,0,1.0,0,36,0.0,0.0,0,0.0,0.05,0.05,0.0,0.0
deletion,0.05,0.7,,complete,0.5,49,30,False,0.007472060548275252,0.007846534579254551,0.0,0.5746268656716418,0.40865384615384615,False,True,10,0,1.0,27,11,0.7105263157894737,0.25,27,0.0,0.05,0.05,0.0,0.0
deletion,0.05,0.7,,complete,0.5,49,31,False,0.03685404541120644,0.03713490093444091,0.0,0.5902777777777778,0.4036697247706422,True,False,11,0,1.0,21,16,0.5675675675675675,0.0,0,0.0,0.05,0.05,0.0,0.0
deletion,0.05,0.7,,complete,0.5,49,32,False,0.027640534058404827,0.027851175700830684,0.0,0.589041095890411,0.4009009009009009,False,True,11,0,1.0,0,39,0.0,0.0,0,0.0,0.05,0.05,0.0,0.0
deletion,0.05,0.7,,complete,0.5,49,33,False,0.02073040054380362,0.020888381775623015,0.0,0.5945945945945946,0.39035087719298245,True,False,12,0,1.0,31,15,0.6739130434782609,0.0,0,0.0,0.05,0.05,0.0,0.0
deletion,0.05,0.7,,complete,0.5,49,34,False,0.015547800407852716,0.01566628633171726,0.0,0.6,0.38396624472573837,False,True,12,0,1.0,0,28,0.0,0.0,0,0.0,0.05,0.05,0.0,0.0
deletion,0.05,0.7,,complete,0.5,49,35,False,0.011660850305889536,0.011749714748787944,0.0,0.5900621118012422,0.39094650205761317,False,True,12,0,1.0,27,11,0.7105263157894737,0.55,27,0.0,0.05,0.05,0.0,0.0
deletion,0.05,0.7,,complete,0.5,49,36,False,0.07749563772941716,0.07756228606159096,0.0,0.5882352941176471,0.39285714285714285,False,True,12,0,1.0,21,13,0.6176470588235294,0.35,48,0.0,0.05,0.05,0.0,0.0
deletion,0.05,0.7,,complete,0.5,49,37,False,0.10187172829706286,0.10192171454619323,0.0,0.5953757225433526,0.38910505836575876,True,False,13,0,1.0,23,16,0.5897435897435898,0.0,0,0.0,0.05,0.05,0.0,0.0
deletion,0.05,0.7,,complete,0.5,49,38,False,0.07640379622279714,0.07644128590964491,0.0,0.5932203389830508,0.3931297709923664,False,True,13,0,1.0,0,45,0.0,0.0,0,0.0,0.05,0.05,0.0,0.0
deletion,0.05,0.7,,complete,0.5,49,39,False,0.05730284716709786,0.057330964432233684,0.0,0.5944444444444444,0.3895131086142322,True,False,14,0,1.0,35,12,0.7446808510638298,0.0,0,0.0,0.05,0.05,0.0,0.0
deletion,0.05,0.7,,complete,0.5,50,0,False,0.0,0.0,0.0,0.0,1.0,False,True,0,0,0.0,0,0,0.0,0.0,0,0.0,0.05,0.05,0.0,0.0
deletion,0.05,0.7,,complete,0.5,50,1,False,0.0,0.0,0.21052631578947367,0.21052631578947367,0.8214285714285714,False,True,0,0,0.1,0,42,0.0,0.0,0,0.0,0.05,0.05,0.0,0.0
deletion,0.05,0.7,,complete,0.5,50,2,False,0.05263157894736842,0.05263157894736842,0.25,0.34782608695652173,0.7058823529411765,False,True,0,0,0.1,2,44,0.043478260869565216,0.0,2,0.0,0.05,0.05,0.0,0.0
deletion,0.05,0.7,,complete,0.5,50,3,False,0.0975093984962406,0.10197368421052631,0.25,0.4,0.6486486486486487,False,True,0,0,0.3,0,43,0.0,0.0,2,0.0,0.05,0.05000000000000001,6.938893903907228e-18,0.0
deletion,0.05,0.7,,complete,0.5,50,4,False,0.12670347744360902,0.13898026315789475,0.15,0.43333333333333335,0.627906976744186,True,False,1,0,0.4,9,30,0.23076923076923078,0.0,0,0.0,0.05,0.05,0.0,0.0
deletion,0.05,0.7,,complete,0.5,50,5,False,0.13252760808270675,0.14173519736842105,0.05,0.42424242424242425,0.6086956521739131,False,True,1,0,0.5,0,41,0.0,0.0,0,0.0,0.05,0.05,0.0,0.0
deletion,0.05,0.7,,complete,0.5,50,6,False,0.11189570606203006,0.11880139802631579,0.05,0.42424242424242425,0.5833333333333334,False,True,1,0,0.5,11,32,0.2558139534883721,0.45454545454545453,11,0.0,0.05,0.05,0.0,0.0
deletion,0.05,0.7,,complete,0.5,50,7,False,0.11809385746860047,0.15216923033791865,0.05,0.4864864864864865,0.5384615384615384,False,True,1,0,0.6,9,32,0.21951219512195122,0.55,20,0.0,0.05,0.05000000000000001,6.938893903907228e-18,0.0
deletion,0.05,0.7,,complete,0.5,50,8,False,0.12785610738716466,0.189126922753439,0.05,0.4634146341463415,0.543859649122807,False,True,1,0,0.7,22,18,0.55,0.7,42,0.0,0.05,0.05,0.0,0.0
deletion,0.05,0.7,,complete,0.5,50,9,False,0.15482065196894493,0.23559519206507926,0.0,0.4772727272727273,0.5245901639344263,True,False,2,0,0.9,20,31,0.39215686274509803,0.0,0,0.0,0.05,0.05,0.0,0.0
deletion,0.05,0.7,,complete,0.5,50,10,False,0.11611548897670868,0.17669639404880944,0.0,0.4888888888888889,0.5,False,True,2,0,1.0,0,39,0.0,0.0,0,0.0,0.05,0.05,0.0,0.0
deletion,0.05,0.7,,complete,0.5,50,11,False,0.08708661673253151,0.13252229553660708,0.0,0.4807692307692308,0.4868421052631579,True,False,3,0,1.0,27,9,0.75,0.0,0,0.0,0.05,0.05,0.0,0.0
deletion,0.05,0.7,,complete,0.5,50,12,False,0.06531496254939863,0.0993917216524553,0.0,0.5087719298245614,0.4578313253012048,False,True,3,0,1.0,0,40,0.0,0.0,0,0.0,0.05,0.05,0.0,0.0
deletion,0.05,0.7,,complete,0.5,50,13,False,0.048986221912048974,0.07454379123934148,0.0,0.5161290322580645,0.449438202247191,True,False,4,0,1.0,25,11,0.6944444444444444,0.0,0,0.0,0.05,0.05,0.0,0.0
deletion,0.05,0.7,,complete,0.5,50,14,False,0.036739666434036734,0.05590784342950611,0.0,0.5076923076923077,0.45263157894736844,False,True,4,0,1.0,0,44,0.0,0.0,0,0.0,0.05,0.05,0.0,0.0
deletion,0.05,0.7,,complete,0.5,50,15,False,0.02755474982552755,0.04193088257212958,0.0,0.5142857142857142,0.44660194174757284,True,False,5,0,1.0,24,14,0.631578947368421,0.0,0,0.0,0.05,0.05,0.0,0.0
deletion,0.05,0.7,,complete,0.5,50,16,False,0.02066606236914566,0.03144816192909719,0.0,0.5135135135135135,0.4485981308411215,False,True,5,0,1.0,0,42,0.0,0.0,0,0.0,0.05,0.05,0.0,0.0
deletion,0.05,0.7,,complete,0.5,50,17,False,0.015499546776859247,0.023586121446822893,0.0,0.5119047619047619,0.452991452991453,True,False,6,0,1.0,34,11,0.7555555555555555,0.0,0,0.0,0.05,0.05,0.0,0.0
deletion,0.05,0.7,,complete,0.5,50,18,False,0.011624660082644433,0.017689591085117168,0.0,0.5232558139534884,0.4462809917355372,False,True,6,0,1.0,0,43,0.0,0.0,0,0.0,0.05,0.05,0.0,0.0
deletion,0.05,0.7,,complete,0.5,50,19,False,0.008718495061983326,0.013267193313837876,0.0,0.532608695652174,0.4375,True,False,7,0,1.0,31,7,0.8157894736842105,0.0,0,0.0,0.05,0.05,0.0,0.0
deletion,0.05,0.7,,complete,0.5,50,20,False,0.006538871296487495,0.009950394985378407,0.0,0.5520833333333334,0.42857142857142855,False,True,7,0,1.0,0,35,0.0,0.0,0,0.0,0.05,0.05,0.0,0.0
deletion,0.05,0.7,,complete,0.5,50,21,False,0.004904153472365621,0.007462796239033806,0.0,0.5643564356435643,0.4142857142857143,True,False,8,0,1.0,20,13,0.6060606060606061,0.0,0,0.0,0.05,0.05,0.0,0.0
deletion,0.05,0.7,,complete,0.5,50,22,False,0.0036781151042742156,0.005597097179275354,0.0,0.5660377358490566,0.40816326530612246,False,True,8,0,1.0,0,39,0.0,0.0,0,0.0,0.05,0.05,0.0,0.0
deletion,0.05,0.7,,complete,0.5,50,23,False,0.0027585863282056614,0.004197822884456515,0.0,0.5526315789473685,0.4140127388535032,True,False,9,0,1.0,28,13,0.6829268292682927,0.0,0,0.0,0.05,0.05,0.0,0.0
deletion,0.05,0.7,,complete,0.5,50,24,False,0.002068939746154246,0.0031483671633423865,0.0,0.5641025641025641,0.40606060606060607,False,True,9,0,1.0,0,44,0.0,0.0,0,0.0,0.05,0.05,0.0,0.0
deletion,0.05,0.7,,complete,0.5,50,25,False,0.0015517048096156845,0.0023612753725067897,0.0,0.5772357723577236,0.38953488372093026,True,False,10,0,1.0,34,7,0.8292682926829268,0.0,0,0.0,0.05,0.05,0.0,0.0
deletion,0.05,0.7,,complete,0.5,50,26,False,0.0011637786072117636,0.0017709565293800922,0.0,0.5873015873015873,0.3806818181818182,False,True,10,0,1.0,0,45,0.0,0.0,0,0.0,0.05,0.05,0.0,0.0
deletion,0.05,0.7,,complete,0.5,50,27,False,0.0008728339554088225,0.0013282173970350691,0.0,0.5891472868217055,0.3791208791208791,True,False,11,0,1.0,41,8,0.8367346938775511,0.0,0,0.0,0.05,0.05,0.0,0.0
deletion,0.05,0.7,,complete,0.5,50,28,False,0.000654625466556617,0.0009961630477763018,0.0,0.5923076923076923,0.375,False,True,11,0,1.0,0,45,0.0,0.0,0,0.0,0.05,0.05,0.0,0.0
deletion,0.05,0.7,,complete,0.5,50,29,False,0.0004909690999174627,0.0007471222858322264,0.0,0.5633802816901409,0.39593908629441626,True,False,12,0,1.0,20,12,0.625,0.0,0,0.0,0.05,0.05,0.0,0.0
deletion,0.05,0.7,,complete,0.5,50,30,False,0.00036822682493809703,0.0005603417143741699,0.0,0.5637583892617449,0.3951219512195122,False,True,12,0,1.0,0,34,0.0,0.0,0,0.0,0.05,0.05,0.0,0.0
deletion,0.05,0.7,,complete,0.5,50,31,False,0.00027617011870357275,0.0004202562857806274,0.0,0.5605095541401274,0.397196261682243,True,False,13,0,1.0,31,11,0.7380952380952381,0.0,0,0.0,0.05,0.05,0.0,0.0
deletion,0.05,0.7,,complete,0.5,50,32,False,0.0002071275890276796,0.00031519221433547054,0.0,0.5617283950617284,0.3936651583710407,False,True,13,0,1.0,0,42,0.0,0.0,0,0.0,0.05,0.05,0.0,0.0
deletion,0.05,0.7,,complete,0.5,50,33,False,0.0001553456917707597,0.0002363941607516029,0.0,0.5644171779141104,0.38666666666666666,False,True,13,0,1.0,27,13,0.675,0.35,27,0.0,0.05,0.05,0.0,0.0
deletion,0.05,0.7,,complete,0.5,50,34,False,0.04386650926882807,0.0439272956205637,0.0,0.5730994152046783,0.3888888888888889,True,False,14,0,1.0,22,14,0.6111111111111112,0.0,0,0.0,0.05,0.05,0.0,0.0
deletion,0.05,0.7,,complete,0.5,50,35,False,0.03289988195162105,0.03294547171542278,0.0,0.5649717514124294,0.3891213389121339,False,True,14,0,1.0,0,39,0.0,0.0,0,0.0,0.05,0.05,0.0,0.0
deletion,0.05,0.7,,complete,0.5,50,36,False,0.02467491146371579,0.024709103786567085,0.0,0.5752688172043011,0.38306451612903225,False,True,14,0,1.0,26,12,0.6842105263157895,0.5,26,0.0,0.05,0.05,0.0,0.0
deletion,0.05,0.7,,complete,0.5,50,37,False,0.08100618359778684,0.08103182783992531,0.0,0.5706806282722513,0.3858267716535433,True,False,15,0,1.0,31,4,0.8857142857142857,0.0,0,0.0,0.05,0.05,0.0,0.0
deletion,0.05,0.7,,complete,0.5,50,38,False,0.06075463769834013,0.060773870879943986,0.0,0.5699481865284974,0.38223938223938225,False,True,15,0,1.0,0,45,0.0,0.0,0,0.0,0.05,0.05,0.0,0.0
deletion,0.05,0.7,,complete,0.5,50,39,False,0.045565978273755095,0.04558040315995799,0.0,0.5714285714285714,0.3787878787878788,True,False,16,0,1.0,31,15,0.6739130434782609,0.0,0,0.0,0.05,0.05,0.0,0.0
deletion,0.05,0.7,,complete,0.5,51,0,False,0.0,0.0,0.0,0.0,1.0,False,True,0,0,0.0,0,0,0.0,0.0,0,0.0,0.05,0.05,0.0,0.0
deletion,0.05,0.7,,complete,0.5,51,1,False,0.0,0.0,0.14285714285714285,0.14285714285714285,0.8709677419354839,False,True,0,0,0.2,0,45,0.0,0.0,0,0.0,0.05,0.05,0.0,0.0
deletion,0.05,0.7,,complete,0.5,51,2,False,0.03571428571428571,0.03571428571428571,0.2777777777777778,0.2777777777777778,0.7777777777777778,False,True,0,0,0.3,4,34,0.10526315789473684,0.0,4,0.0,0.05,0.05000000000000001,6.938893903907228e-18,0.0
deletion,0.05,0.7,,complete,0.5,51,3,False,0.08630952380952382,0.09623015873015874,0.2,0.3333333333333333,0.7209302325581395,True,False,1,0,0.3,11,33,0.25,0.0,0,0.0,0.05,0.05000000000000001,6.938893903907228e-18,0.0
deletion,0.05,0.7,,complete,0.5,51,4,False,0.11473214285714287,0.12217261904761906,0.1,0.3793103448275862,0.673469387755102,False,True,1,0,0.4,0,39,0.0,0.0,0,0.0,0.05,0.05,0.0,0.0
deletion,0.05,0.7,,complete,0.5,51,5,False,0.11104910714285716,0.1166294642857143,0.05,0.40625,0.6181818181818182,True,False,2,0,0.7,15,27,0.35714285714285715,0.0,0,0.0,0.05,0.05,0.0,0.0
deletion,0.05,0.7,,complete,0.5,51,6,False,0.09578683035714286,0.09997209821428572,0.05,0.4444444444444444,0.5833333333333334,False,True,2,0,0.8,0,46,0.0,0.0,0,0.0,0.05,0.05,0.0,0.0
deletion,0.05,0.7,,complete,0.5,51,7,False,0.08434012276785716,0.0874790736607143,0.05,0.46153846153846156,0.5454545454545454,True,False,3,0,0.9,21,24,0.4666666666666667,0.0,0,0.0,0.05,0.05,0.0,0.0
deletion,0.05,0.7,,complete,0.5,51,8,False,0.07575509207589286,0.07810930524553572,0.05,0.5,0.5211267605633803,False,True,3,0,1.0,0,40,0.0,0.0,0,0.0,0.05,0.05,0.0,0.0
deletion,0.05,0.7,,complete,0.5,51,9,False,0.06931631905691964,0.07108197893415179,0.05,0.49019607843137253,0.5256410256410257,True,False,4,0,1.0,28,15,0.6511627906976745,0.0,0,0.0,0.05,0.05,0.0,0.0
deletion,0.05,0.7,,complete,0.5,51,10,False,0.06448723929268972,0.06581148420061383,0.05,0.509090909090909,0.5057471264367817,False,True,4,0,1.0,0,42,0.0,0.0,0,0.0,0.05,0.05,0.0,0.0
deletion,0.05,0.7,,complete,0.5,51,11,False,0.06086542946951729,0.06185861315046037,0.05,0.5333333333333333,0.4787234042553192,True,False,5,0,1.0,29,11,0.725,0.0,0,0.0,0.05,0.05,0.0,0.0
deletion,0.05,0.7,,complete,0.5,51,12,False,0.05814907210213797,0.05889395986284528,0.05,0.5230769230769231,0.48484848484848486,False,True,5,0,1.0,0,41,0.0,0.0,0,0.0,0.05,0.05,0.0,0.0
deletion,0.05,0.7,,complete,0.5,51,13,False,0.05611180407660347,0.05667046989713395,0.0,0.5211267605633803,0.4811320754716981,False,True,5,0,1.0,31,11,0.7380952380952381,0.4,31,0.0,0.05,0.05,0.0,0.0
deletion,0.05,0.7,,complete,0.5,51,14,False,0.0920838530574526,0.09250285242285047,0.0,0.5205479452054794,0.47706422018348627,True,False,6,0,1.0,36,11,0.7659574468085106,0.0,0,0.0,0.05,0.05,0.0,0.0
deletion,0.05,0.7,,complete,0.5,51,15,False,0.06906288979308946,0.06937713931713785,0.0,0.5384615384615384,0.4649122807017544,False,True,6,0,1.0,0,36,0.0,0.0,0,0.0,0.05,0.05,0.0,0.0
deletion,0.05,0.7,,complete,0.5,51,16,False,0.05179716734481709,0.052032854487853386,0.0,0.5357142857142857,0.46774193548387094,False,True,6,0,1.0,25,12,0.6756756756756757,0.55,25,0.0,0.05,0.05,0.0,0.0
deletion,0.05,0.7,,complete,0.5,51,17,False,0.10759787550861281,0.10777464086589005,0.0,0.532608695652174,0.4621212121212121,True,False,7,0,1.0,21,19,0.525,0.0,0,0.0,0.05,0.05,0.0,0.0
deletion,0.05,0.7,,complete,0.5,51,18,False,0.08069840663145962,0.08083098064941753,0.0,0.5416666666666666,0.45255474452554745,False,True,7,0,1.0,0,42,0.0,0.0,0,0.0,0.05,0.05,0.0,0.0
deletion,0.05,0.7,,complete,0.5,51,19,False,0.06052380497359471,0.06062323548706315,0.0,0.5533980582524272,0.4444444444444444,True,False,8,0,1.0,25,9,0.7352941176470589,0.0,0,0.0,0.05,0.05,0.0,0.0
deletion,0.05,0.7,,complete,0.5,51,20,False,0.04539285373019603,0.04546742661529736,0.0,0.5607476635514018,0.4304635761589404,False,True,8,0,1.0,0,41,0.0,0.0,0,0.0,0.05,0.05,0.0,0.0
deletion,0.05,0.7,,complete,0.5,51,21,False,0.034044640297647026,0.03410056996147302,0.0,0.5752212389380531,0.42138364779874216,False,True,8,0,1.0,24,10,0.7058823529411765,0.4,24,0.0,0.05,0.05,0.0,0.0
deletion,0.05,0.7,,complete,0.5,51,22,False,0.07553348022323526,0.07557542747110477,0.0,0.5847457627118644,0.4171779141104294,True,False,9,0,1.0,34,5,0.8717948717948718,0.0,0,0.0,0.05,0.05,0.0,0.0
deletion,0.05,0.7,,complete,0.5,51,23,False,0.05665011016742645,0.056681570603328575,0.0,0.5901639344262295,0.41420118343195267,False,True,9,0,1.0,0,42,0.0,0.0,0,0.0,0.05,0.05,0.0,0.0
deletion,0.05,0.7,,complete,0.5,51,24,False,0.04248758262556984,0.04251117795249643,0.0,0.5813953488372093,0.4124293785310734,False,True,9,0,1.0,33,10,0.7674418604651163,0.4,33,0.0,0.05,0.05,0.0,0.0
deletion,0.05,0.7,,complete,0.5,51,25,False,0.08186568696917738,0.08188338346437232,0.0,0.5851851851851851,0.4098360655737705,True,False,10,0,1.0,27,10,0.7297297297297297,0.0,0,0.0,0.05,0.05,0.0,0.0
deletion,0.05,0.7,,complete,0.5,51,26,False,0.061399265226883035,0.06141253759827924,0.0,0.5755395683453237,0.4148936170212766,False,True,10,0,1.0,0,39,0.0,0.0,0,0.0,0.05,0.05,0.0,0.0
deletion,0.05,0.7,,complete,0.5,51,27,False,0.04604944892016227,0.04605940319870943,0.0,0.5845070422535211,0.40625,True,False,11,0,1.0,32,9,0.7804878048780488,0.0,0,0.0,0.05,0.05,0.0,0.0
deletion,0.05,0.7,,complete,0.5,51,28,False,0.034537086690121704,0.03454455239903207,0.0,0.5793103448275863,0.40404040404040403,False,True,11,0,1.0,0,37,0.0,0.0,0,0.0,0.05,0.05,0.0,0.0
deletion,0.05,0.7,,complete,0.5,51,29,False,0.02590281501759128,0.025908414299274055,0.0,0.5704697986577181,0.4106280193236715,False,True,11,0,1.0,20,17,0.5405405405405406,0.55,20,0.0,0.05,0.05,0.0,0.0
deletion,0.05,0.7,,complete,0.5,51,30,False,0.08817711126319347,0.08818131072445555,0.0,0.5641025641025641,0.4158878504672897,True,False,12,0,1.0,34,8,0.8095238095238095,0.0,0,0.0,0.05,0.05,0.0,0.0
deletion,0.05,0.7,,complete,0.5,51,31,False,0.0661328334473951,0.06613598304334166,0.0,0.5660377358490566,0.4090909090909091,False,True,12,0,1.0,0,49,0.0,0.0,0,0.0,0.05,0.05,0.0,0.0
deletion,0.05,0.7,,complete,0.5,51,32,False,0.04959962508554632,0.04960198728250624,0.0,0.5548780487804879,0.4192139737991266,True,False,13,0,1.0,34,11,0.7555555555555555,0.0,0,0.0,0.05,0.05,0.0,0.0
deletion,0.05,0.7,,complete,0.5,51,33,False,0.03719971881415974,0.03720149046187968,0.0,0.5548780487804879,0.4199134199134199,False,True,13,0,1.0,0,41,0.0,0.0,0,0.0,0.05,0.05,0.0,0.0
deletion,0.05,0.7,,complete,0.5,51,34,False,0.027899789110619803,0.027901117846409758,0.0,0.5542168674698795,0.4152542372881356,True,False,14,0,1.0,30,17,0.6382978723404256,0.0,0,0.0,0.05,0.05,0.0,0.0
deletion,0.05,0.7,,complete,0.5,51,35,False,0.020924841832964856,0.02092583838480732,0.0,0.5497076023391813,0.4139344262295082,False,True,14,0,1.0,0,39,0.0,0.0,0,0.0,0.05,0.05,0.0,0.0
deletion,0.05,0.7,,complete,0.5,51,36,False,0.015693631374723637,0.01569437878860549,0.0,0.554945054945055,0.4117647058823529,False,True,14,0,1.0,24,8,0.75,0.45,24,0.0,0.05,0.05,0.0,0.0
deletion,0.05,0.7,,complete,0.5,51,37,False,0.06802022353104274,0.06802078409145412,0.0,0.5597826086956522,0.4085603112840467,True,False,15,0,1.0,34,8,0.8095238095238095,0.0,0,0.0,0.05,0.05,0.0,0.0
deletion,0.05,0.7,,complete,0.5,51,38,False,0.05101516764828205,0.05101558806859059,0.0,0.5638297872340425,0.4068441064638783,False,True,15,0,1.0,0,40,0.0,0.0,0,0.0,0.05,0.05,0.0,0.0
deletion,0.05,0.7,,complete,0.5,51,39,False,0.03826137573621154,0.03826169105144295,0.0,0.5602094240837696,0.40892193308550184,True,False,16,0,1.0,37,6,0.8604651162790697,0.0,0,0.0,0.05,0.05,0.0,0.0
deletion,0.05,0.7,,ordered,0.0,42,0,False,0.0,0.0,0.0,0.0,1.0,False,True,0,0,0.1,0,0,0.0,0.0,0,0.0,0.05,0.05,0.0,0.0
deletion,0.05,0.7,,ordered,0.0,42,1,False,0.0,0.0,0.42857142857142855,0.42857142857142855,0.8181818181818182,False,True,0,0,0.5,4,48,0.07692307692307693,0.0,4,0.0,0.05,0.05,0.0,0.0
deletion,0.05,0.7,,ordered,0.0,42,2,False,0.06887755102040816,0.10714285714285714,0.5,0.5,0.7407407407407407,False,True,0,0,0.5,16,26,0.38095238095238093,0.0,20,0.0,0.05,0.05,0.0,0.0
deletion,0.05,0.7,,ordered,0.0,42,3,False,0.13201530612244897,0.20535714285714285,0.6666666666666666,0.6666666666666666,0.5882352941176471,True,True,0,1,0.6,12,26,0.3157894736842105,0.0,20,0.0,0.05,0.05000000000000001,6.938893903907228e-18,0.0
deletion,0.05,0.7,,ordered,0.0,42,4,False,0.20615433673469388,0.32068452380952384,0.6875,0.6875,0.5714285714285714,False,True,0,1,0.8,18,22,0.45,0.15,38,0.0,0.05,0.05,0.0,0.0
deletion,0.05,0.7,,ordered,0.0,42,5,False,0.25930325255102044,0.3452008928571429,0.65,0.7083333333333334,0.5227272727272727,False,True,0,1,0.8,17,18,0.4857142857142857,0.3,55,0.0,0.05,0.05,0.0,0.0
deletion,0.05,0.7,,ordered,0.0,42,6,False,0.31322743941326536,0.3776506696428572,0.55,0.6666666666666666,0.5217391304347826,True,True,0,2,1.0,20,27,0.425531914893617,0.3,47,0.0,0.05,0.05,0.0,0.0
deletion,0.05,0.7,,ordered,0.0,42,7,False,0.341170579559949,0.3894880022321429,0.45,0.6764705882352942,0.49056603773584906,True,True,0,3,1.0,31,12,0.7209302325581395,0.4,62,0.0,0.05,0.05,0.0,0.0
deletion,0.05,0.7,,ordered,0.0,42,8,False,0.3621279346699618,0.3983660016741072,0.2,0.6097560975609756,0.5081967213114754,False,True,0,3,1.0,31,13,0.7045454545454546,0.65,93,0.0,0.05,0.05,0.0,0.0
deletion,0.05,0.7,,ordered,0.0,42,9,False,0.3778459510024713,0.40502450125558037,0.05,0.5777777777777777,0.5151515151515151,True,True,0,4,1.0,33,4,0.8918918918918919,0.55,95,0.0,0.05,0.05,0.0,0.0
deletion,0.05,0.7,,ordered,0.0,42,10,False,0.35838446325185347,0.3787683759416853,0.0,0.58,0.5,True,True,0,5,1.0,35,16,0.6862745098039216,0.45,114,0.0,0.05,0.05,0.0,0.0
deletion,0.05,0.7,,ordered,0.0,42,11,False,0.32503834743889015,0.34032628195626397,0.0,0.5925925925925926,0.4868421052631579,True,True,0,6,1.0,28,15,0.6511627906976745,0.6,128,0.0,0.05,0.05,0.0,0.0
deletion,0.05,0.7,,ordered,0.0,42,12,False,0.3187787605791676,0.33024471146719797,0.0,0.559322033898305,0.5060240963855421,True,True,0,7,1.0,28,9,0.7567567567567568,0.55,143,0.0,0.05,0.05,0.0,0.0
deletion,0.05,0.7,,ordered,0.0,42,13,False,0.3078340704343758,0.3164335336003985,0.0,0.5362318840579711,0.5164835164835165,True,True,0,8,1.0,28,10,0.7368421052631579,0.5,156,0.0,0.05,0.05,0.0,0.0
deletion,0.05,0.7,,ordered,0.0,42,14,False,0.2933755528257818,0.2998251502002989,0.0,0.52,0.5204081632653061,True,True,0,9,1.0,27,10,0.7297297297297297,0.75,175,0.0,0.05,0.05,0.0,0.0
deletion,0.05,0.7,,ordered,0.0,42,15,False,0.3137816646193364,0.31861886265022415,0.0,0.5316455696202531,0.5148514851485149,False,True,0,9,1.0,34,10,0.7727272727272727,0.65,209,0.0,0.05,0.05,0.0,0.0
deletion,0.05,0.7,,ordered,0.0,42,16,False,0.31658624846450223,0.3202141469876681,0.0,0.5301204819277109,0.5142857142857142,True,True,0,10,1.0,23,17,0.575,0.6,206,0.0,0.05,0.05,0.0,0.0
deletion,0.05,0.7,,ordered,0.0,42,17,False,0.3124396863483767,0.3151606102407511,0.0,0.5340909090909091,0.509090909090909,True,True,0,11,1.0,34,13,0.723404255319149,0.45,219,0.0,0.05,0.05,0.0,0.0
deletion,0.05,0.7,,ordered,0.0,42,18,False,0.2905797647612825,0.29262045768056333,0.0,0.5268817204301075,0.5130434782608696,False,True,0,11,1.0,38,11,0.7755102040816326,0.65,257,0.0,0.05,0.05,0.0,0.0
deletion,0.05,0.7,,ordered,0.0,42,19,False,0.2991848235709619,0.3007153432604225,0.0,0.5204081632653061,0.5166666666666667,True,True,0,12,1.0,27,13,0.675,0.55,254,0.0,0.05,0.05,0.0,0.0
deletion,0.05,0.7,,ordered,0.0,42,20,False,0.2931386176782214,0.29428650744531687,0.0,0.51,0.5245901639344263,True,True,0,13,1.0,29,18,0.6170212765957447,0.6,269,0.0,0.05,0.05,0.0,0.0
deletion,0.05,0.7,,ordered,0.0,42,21,False,0.2948539632586661,0.29571488058398765,0.0,0.5148514851485149,0.515625,True,True,0,14,1.0,33,11,0.75,0.5,283,0.0,0.05,0.05,0.0,0.0
deletion,0.05,0.7,,ordered,0.0,42,22,False,0.2836404724439996,0.2842861604379907,0.0,0.5137614678899083,0.5149253731343284,True,True,0,15,1.0,31,15,0.6739130434782609,0.4,297,0.0,0.05,0.05,0.0,0.0
deletion,0.05,0.7,,ordered,0.0,42,23,False,0.2627303543329997,0.263214620328493,0.0,0.5132743362831859,0.5071428571428571,False,True,0,15,1.0,26,13,0.6666666666666666,0.5,323,0.0,0.05,0.05,0.0,0.0
deletion,0.05,0.7,,ordered,0.0,42,24,False,0.25954776574974975,0.25991096524636975,0.0,0.5213675213675214,0.4897959183673469,True,True,0,16,1.0,38,11,0.7755102040816326,0.4,324,0.0,0.05,0.05,0.0,0.0
deletion,0.05,0.7,,ordered,0.0,42,25,False,0.2446608243123123,0.2449332239347773,0.0,0.5289256198347108,0.4866666666666667,False,True,0,16,1.0,37,14,0.7254901960784313,0.65,361,0.0,0.05,0.05,0.0,0.0
deletion,0.05,0.7,,ordered,0.0,42,26,False,0.26474561823423426,0.26494991795108297,0.0,0.5238095238095238,0.4810126582278481,True,True,0,17,1.0,29,15,0.6590909090909091,0.5,356,0.0,0.05,0.05,0.0,0.0
deletion,0.05,0.7,,ordered,0.0,42,27,False,0.2610592136756757,0.2612124384633122,0.0,0.5413533834586466,0.47530864197530864,True,True,0,18,1.0,29,10,0.7435897435897436,0.55,371,0.0,0.05,0.05,0.0,0.0
deletion,0.05,0.7,,ordered,0.0,42,28,False,0.2645444102567568,0.26465932884748417,0.0,0.5323741007194245,0.48214285714285715,True,True,0,19,1.0,33,11,0.75,0.45,386,0.0,0.05,0.05,0.0,0.0
deletion,0.05,0.7,,ordered,0.0,42,29,False,0.2546583076925676,0.25474449663561316,0.0,0.5205479452054794,0.48863636363636365,True,True,0,20,1.0,36,6,0.8571428571428571,0.45,402,0.0,0.05,0.05,0.0,0.0
deletion,0.05,0.7,,ordered,0.0,42,30,False,0.2472437307694257,0.24730837247670986,0.0,0.527027027027027,0.48314606741573035,True,True,0,21,1.0,37,13,0.74,0.55,421,0.0,0.05,0.05,0.0,0.0
deletion,0.05,0.7,,ordered,0.0,42,31,False,0.2541827980770693,0.2542312793575324,0.0,0.5228758169934641,0.4864864864864865,True,True,0,22,1.0,25,16,0.6097560975609756,0.65,433,0.0,0.05,0.05,0.0,0.0
deletion,0.05,0.7,,ordered,0.0,42,32,False,0.27188709855780197,0.27192345951814934,0.0,0.5214723926380368,0.48704663212435234,True,True,0,23,1.0,31,8,0.7948717948717948,0.65,450,0.0,0.05,0.05,0.0,0.0
deletion,0.05,0.7,,ordered,0.0,42,33,False,0.2851653239183515,0.285192594638612,0.0,0.5207100591715976,0.48514851485148514,True,True,0,24,1.0,27,15,0.6428571428571429,0.55,467,0.0,0.05,0.05,0.0,0.0
deletion,0.05,0.7,,ordered,0.0,42,34,False,0.2826239929387636,0.282644445978959,0.0,0.5232558139534884,0.4803921568627451,True,True,0,25,1.0,31,16,0.6595744680851063,0.6,479,0.0,0.05,0.05,0.0,0.0
deletion,0.05,0.7,,ordered,0.0,42,35,False,0.2869679947040727,0.28698333448421925,0.0,0.5310734463276836,0.47619047619047616,True,True,0,26,1.0,30,14,0.6818181818181818,0.55,495,0.0,0.05,0.05,0.0,0.0
deletion,0.05,0.7,,ordered,0.0,42,36,False,0.2839759960280545,0.2839875008631645,0.0,0.5384615384615384,0.4675925925925926,True,True,0,27,1.0,22,20,0.5238095238095238,0.45,505,0.0,0.05,0.05,0.0,0.0
deletion,0.05,0.7,,ordered,0.0,42,37,False,0.26923199702104095,0.2692406256473734,0.0,0.5412371134020618,0.4669603524229075,True,True,0,28,1.0,21,14,0.6,0.55,511,0.0,0.05,0.05,0.0,0.0
deletion,0.05,0.7,,ordered,0.0,42,38,False,0.2706739977657807,0.27068046923553,0.0,0.55,0.4592274678111588,True,True,0,29,1.0,31,10,0.7560975609756098,0.45,527,0.0,0.05,0.05,0.0,0.0
deletion,0.05,0.7,,ordered,0.0,42,39,False,0.2592554983243356,0.25926035192664754,0.0,0.5463414634146342,0.4602510460251046,True,True,0,30,1.0,31,11,0.7380952380952381,0.2,541,0.0,0.05,0.05,0.0,0.0
deletion,0.05,0.7,,ordered,0.0,43,0,False,0.0,0.0,0.0,0.0,1.0,False,True,0,0,0.0,0,0,0.0,0.0,0,0.0,0.05,0.05,0.0,0.0
deletion,0.05,0.7,,ordered,0.0,43,1,False,0.0,0.0,0.09090909090909091,0.09090909090909091,0.8518518518518519,False,True,0,0,0.0,0,50,0.0,0.0,0,0.0,0.05,0.05,0.0,0.0
deletion,0.05,0.7,,ordered,0.0,43,2,False,0.022727272727272728,0.022727272727272728,0.29411764705882354,0.29411764705882354,0.7352941176470589,False,True,0,0,0.1,0,35,0.0,0.0,0,0.0,0.05,0.05,0.0,0.0
deletion,0.05,0.7,,ordered,0.0,43,3,False,0.09057486631016043,0.09057486631016043,0.4,0.42857142857142855,0.6190476190476191,False,True,0,0,0.2,1,37,0.02631578947368421,0.0,1,0.0,0.05,0.05,0.0,0.0
deletion,0.05,0.7,,ordered,0.0,43,4,False,0.16078829258976318,0.16793114973262033,0.35,0.48,0.574468085106383,False,True,0,0,0.5,1,36,0.02702702702702703,0.0,2,0.0,0.05,0.05,0.0,0.0
deletion,0.05,0.7,,ordered,0.0,43,5,False,0.18934121944232235,0.21344836229946523,0.3,0.5333333333333333,0.509090909090909,False,True,0,0,0.5,16,18,0.47058823529411764,0.3333333333333333,18,0.0,0.05,0.05,0.0,0.0
deletion,0.05,0.7,,ordered,0.0,43,6,False,0.21879162886745607,0.23508627172459895,0.25,0.53125,0.5172413793103449,False,True,0,0,0.5,10,32,0.23809523809523808,0.35,28,0.0,0.05,0.05,0.0,0.0
deletion,0.05,0.7,,ordered,0.0,43,7,False,0.23195086450773492,0.2388147037934492,0.2,0.5227272727272727,0.5072463768115942,True,True,0,1,0.5,14,21,0.4,0.45,21,0.0,0.05,0.05,0.0,0.0
deletion,0.05,0.7,,ordered,0.0,43,8,False,0.23735600552365832,0.2536227465950869,0.15,0.5416666666666666,0.47368421052631576,False,True,0,1,0.6,13,33,0.2826086956521739,0.5,34,0.0,0.05,0.05000000000000001,6.938893903907228e-18,0.0
deletion,0.05,0.7,,ordered,0.0,43,9,False,0.24051700414274374,0.27146705994631515,0.05,0.5294117647058824,0.4875,True,True,0,2,0.7,15,26,0.36585365853658536,0.5,38,0.0,0.05,0.05,0.0,0.0
deletion,0.05,0.7,,ordered,0.0,43,10,False,0.23306632453562925,0.2723502949597364,0.05,0.5384615384615384,0.47619047619047616,True,True,0,3,0.8,19,23,0.4523809523809524,0.5,44,0.0,0.05,0.05,0.0,0.0
deletion,0.05,0.7,,ordered,0.0,43,11,False,0.23551402911600766,0.2730127212198023,0.05,0.5862068965517241,0.4444444444444444,True,True,0,4,0.8,26,21,0.5531914893617021,0.25,58,0.0,0.05,0.05,0.0,0.0
deletion,0.05,0.7,,ordered,0.0,43,12,False,0.21056409326557718,0.24225954091485172,0.0,0.5737704918032787,0.45161290322580644,True,True,0,5,0.8,24,17,0.5853658536585366,0.3,68,0.0,0.05,0.05,0.0,0.0
deletion,0.05,0.7,,ordered,0.0,43,13,False,0.19006592709204004,0.2191946556861388,0.0,0.5757575757575758,0.45,True,True,0,6,0.9,18,20,0.47368421052631576,0.3,75,0.0,0.05,0.05,0.0,0.0
deletion,0.05,0.7,,ordered,0.0,43,14,False,0.18004944531903003,0.2018959917646041,0.0,0.5652173913043478,0.45098039215686275,True,True,0,7,0.9,26,16,0.6190476190476191,0.25,93,0.0,0.05,0.05,0.0,0.0
deletion,0.05,0.7,,ordered,0.0,43,15,False,0.1662870839892725,0.18267199382345306,0.0,0.581081081081081,0.43119266055045874,False,True,0,7,0.9,21,24,0.4666666666666667,0.25,114,0.0,0.05,0.05,0.0,0.0
deletion,0.05,0.7,,ordered,0.0,43,16,False,0.1559653129919544,0.16825399536758978,0.0,0.6,0.41379310344827586,False,True,0,7,1.0,27,16,0.627906976744186,0.35,141,0.0,0.05,0.05,0.0,0.0
deletion,0.05,0.7,,ordered,0.0,43,17,False,0.1607239847439658,0.16994049652569232,0.0,0.5842696629213483,0.4251968503937008,True,True,0,8,1.0,28,11,0.717948717948718,0.45,131,0.0,0.05,0.05,0.0,0.0
deletion,0.05,0.7,,ordered,0.0,43,18,False,0.17679298855797435,0.18370537239426923,0.0,0.5894736842105263,0.41044776119402987,False,True,0,8,1.0,29,10,0.7435897435897436,0.4,160,0.0,0.05,0.05,0.0,0.0
deletion,0.05,0.7,,ordered,0.0,43,19,False,0.18259474141848075,0.18777902929570195,0.0,0.5922330097087378,0.41134751773049644,False,True,0,8,1.0,33,10,0.7674418604651163,0.45,193,0.0,0.05,0.05,0.0,0.0
deletion,0.05,0.7,,ordered,0.0,43,20,False,0.19319605606386056,0.19708427197177644,0.0,0.6055045871559633,0.4041095890410959,True,True,0,9,1.0,33,11,0.75,0.45,178,0.0,0.05,0.05,0.0,0.0
deletion,0.05,0.7,,ordered,0.0,43,21,False,0.2011470420478954,0.20406320397883232,0.0,0.6126126126126126,0.39072847682119205,True,True,0,10,1.0,31,13,0.7045454545454546,0.25,192,0.0,0.05,0.05,0.0,0.0
deletion,0.05,0.7,,ordered,0.0,43,22,False,0.18211028153592154,0.18429740298412423,0.0,0.6052631578947368,0.3836477987421384,True,True,0,11,1.0,34,14,0.7083333333333334,0.4,208,0.0,0.05,0.05,0.0,0.0
deletion,0.05,0.7,,ordered,0.0,43,23,False,0.18658271115194117,0.18822305223809316,0.0,0.6153846153846154,0.3836477987421384,True,True,0,12,1.0,37,12,0.7551020408163265,0.5,228,0.0,0.05,0.05,0.0,0.0
deletion,0.05,0.7,,ordered,0.0,43,24,False,0.20243703336395585,0.20366728917856985,0.0,0.6229508196721312,0.37575757575757573,True,True,0,13,1.0,27,15,0.6428571428571429,0.6,241,0.0,0.05,0.05,0.0,0.0
deletion,0.05,0.7,,ordered,0.0,43,25,False,0.2268277750229669,0.22775046688392742,0.0,0.626984126984127,0.3727810650887574,False,True,0,13,1.0,30,11,0.7317073170731707,0.5,271,0.0,0.05,0.05,0.0,0.0
deletion,0.05,0.7,,ordered,0.0,43,26,False,0.23262083126722516,0.23331285016294556,0.0,0.6268656716417911,0.3728813559322034,True,True,0,14,1.0,30,11,0.7317073170731707,0.3,273,0.0,0.05,0.05,0.0,0.0
deletion,0.05,0.7,,ordered,0.0,43,27,False,0.2119656234504189,0.21248463762220918,0.0,0.6231884057971014,0.37362637362637363,True,True,0,15,1.0,31,10,0.7560975609756098,0.35,285,0.0,0.05,0.05,0.0,0.0
deletion,0.05,0.7,,ordered,0.0,43,28,False,0.20272421758781417,0.20311347821665687,0.0,0.6137931034482759,0.3829787234042553,True,True,0,16,1.0,35,10,0.7777777777777778,0.35,299,0.0,0.05,0.05,0.0,0.0
deletion,0.05,0.7,,ordered,0.0,43,29,False,0.19579316319086065,0.19608510866249268,0.0,0.6066666666666667,0.3865979381443299,False,True,0,16,1.0,31,12,0.7209302325581395,0.65,330,0.0,0.05,0.05,0.0,0.0
deletion,0.05,0.7,,ordered,0.0,43,30,False,0.2280948723931455,0.2283138314968695,0.0,0.6114649681528662,0.385,True,True,0,17,1.0,36,10,0.782608695652174,0.7,335,0.0,0.05,0.05,0.0,0.0
deletion,0.05,0.7,,ordered,0.0,43,31,False,0.2585711542948591,0.2587353736226521,0.0,0.5975609756097561,0.3923444976076555,False,True,0,17,1.0,30,11,0.7317073170731707,0.45,365,0.0,0.05,0.05,0.0,0.0
deletion,0.05,0.7,,ordered,0.0,43,32,False,0.2501783657211443,0.2503015302169891,0.0,0.5976331360946746,0.397196261682243,True,True,0,18,1.0,26,8,0.7647058823529411,0.4,366,0.0,0.05,0.05,0.0,0.0
deletion,0.05,0.7,,ordered,0.0,43,33,False,0.23763377429085825,0.2377261476627418,0.0,0.5906432748538012,0.39814814814814814,True,True,0,19,1.0,35,17,0.6730769230769231,0.45,383,0.0,0.05,0.05,0.0,0.0
deletion,0.05,0.7,,ordered,0.0,43,34,False,0.2344753307181437,0.23454461074705635,0.0,0.5921787709497207,0.39555555555555555,True,True,0,20,1.0,29,12,0.7073170731707317,0.3,398,0.0,0.05,0.05,0.0,0.0
deletion,0.05,0.7,,ordered,0.0,43,35,False,0.21335649803860776,0.21340845806029227,0.0,0.5978260869565217,0.3930131004366812,False,True,0,20,1.0,21,17,0.5526315789473685,0.5,419,0.0,0.05,0.05,0.0,0.0
deletion,0.05,0.7,,ordered,0.0,43,36,False,0.22251737352895581,0.2225563435452192,0.0,0.5947368421052631,0.3940677966101695,False,True,0,20,1.0,27,15,0.6428571428571429,0.6,446,0.0,0.05,0.05,0.0,0.0
deletion,0.05,0.7,,ordered,0.0,43,37,False,0.24188803014671686,0.24191725765891442,0.0,0.5867346938775511,0.40082644628099173,True,True,0,21,1.0,31,14,0.6888888888888889,0.45,447,0.0,0.05,0.05,0.0,0.0
deletion,0.05,0.7,,ordered,0.0,43,38,False,0.23766602261003764,0.23768794324418582,0.0,0.5742574257425742,0.4112903225806452,True,True,0,22,1.0,27,10,0.7297297297297297,0.7,463,0.0,0.05,0.05,0.0,0.0
deletion,0.05,0.7,,ordered,0.0,43,39,False,0.26574951695752824,0.26576595743313935,0.0,0.5756097560975609,0.4103585657370518,False,True,0,22,1.0,28,15,0.6511627906976745,0.6,491,0.0,0.05,0.05,0.0,0.0
deletion,0.05,0.7,,ordered,0.0,44,0,False,0.0,0.0,0.0,0.0,1.0,False,True,0,0,0.0,0,0,0.0,0.0,0,0.0,0.05,0.05,0.0,0.0
deletion,0.05,0.7,,ordered,0.0,44,1,False,0.0,0.0,0.3,0.3,0.72,False,True,0,0,0.0,0,43,0.0,0.0,0,0.0,0.05,0.05,0.0,0.0
deletion,0.05,0.7,,ordered,0.0,44,2,False,0.075,0.075,0.4166666666666667,0.4166666666666667,0.6785714285714286,False,True,0,0,0.1,0,43,0.0,0.0,0,0.0,0.05,0.05,0.0,0.0
deletion,0.05,0.7,,ordered,0.0,44,3,False,0.16041666666666665,0.16041666666666665,0.5625,0.5625,0.5714285714285714,False,True,0,0,0.2,2,36,0.05263157894736842,0.0,2,0.0,0.05,0.05,0.0,0.0
deletion,0.05,0.7,,ordered,0.0,44,4,False,0.25089285714285714,0.2609375,0.5789473684210527,0.5789473684210527,0.5384615384615384,False,True,0,0,0.4,2,33,0.05714285714285714,0.5,4,0.0,0.05,0.05,0.0,0.0
deletion,0.05,0.7,,ordered,0.0,44,5,False,0.33008693609022555,0.34043996710526314,0.6,0.6363636363636364,0.5,True,True,0,1,0.5,14,32,0.30434782608695654,0.6363636363636364,11,0.0,0.05,0.05,0.0,0.0
deletion,0.05,0.7,,ordered,0.0,44,6,False,0.3995132540157211,0.4098754298744019,0.5,0.6296296296296297,0.5,True,True,0,2,0.7,8,33,0.1951219512195122,0.5,16,0.0,0.05,0.05,0.0,0.0
deletion,0.05,0.7,,ordered,0.0,44,7,False,0.4246349405117908,0.43240657240580144,0.4,0.6363636363636364,0.48148148148148145,True,True,0,3,0.8,16,28,0.36363636363636365,0.35,25,0.0,0.05,0.05,0.0,0.0
deletion,0.05,0.7,,ordered,0.0,44,8,False,0.4131190625267003,0.42174811112253285,0.25,0.6097560975609756,0.4838709677419355,True,True,0,4,0.9,26,17,0.6046511627906976,0.4,35,0.0,0.05,0.05,0.0,0.0
deletion,0.05,0.7,,ordered,0.0,44,9,False,0.39108929689502514,0.3975610833418996,0.25,0.627906976744186,0.45454545454545453,True,True,0,5,0.9,22,19,0.5365853658536586,0.55,51,0.0,0.05,0.05,0.0,0.0
deletion,0.05,0.7,,ordered,0.0,44,10,False,0.39331697267126886,0.3981708125064247,0.2,0.6530612244897959,0.4305555555555556,True,True,0,6,0.9,25,20,0.5555555555555556,0.55,58,0.0,0.05,0.05,0.0,0.0
deletion,0.05,0.7,,ordered,0.0,44,11,False,0.38873772950345165,0.39237810937981854,0.2,0.6792452830188679,0.40789473684210525,True,True,0,7,0.9,31,13,0.7045454545454546,0.4,73,0.0,0.05,0.05,0.0,0.0
deletion,0.05,0.7,,ordered,0.0,44,12,False,0.3665532971275888,0.36928358203486394,0.0,0.6612903225806451,0.4117647058823529,True,True,0,8,0.9,21,14,0.6,0.4,82,0.0,0.05,0.05,0.0,0.0
deletion,0.05,0.7,,ordered,0.0,44,13,False,0.32491497284569154,0.32696268652614796,0.0,0.6615384615384615,0.4,False,True,0,8,0.9,21,18,0.5384615384615384,0.55,103,0.0,0.05,0.05,0.0,0.0
deletion,0.05,0.7,,ordered,0.0,44,14,False,0.3124362296342686,0.313972014894611,0.0,0.6901408450704225,0.37894736842105264,True,True,0,9,1.0,22,22,0.5,0.7,104,0.0,0.05,0.05,0.0,0.0
deletion,0.05,0.7,,ordered,0.0,44,15,False,0.3218271722257015,0.3229790111709583,0.0,0.6708860759493671,0.3942307692307692,False,True,0,9,1.0,23,14,0.6216216216216216,0.75,127,0.0,0.05,0.05,0.0,0.0
deletion,0.05,0.7,,ordered,0.0,44,16,False,0.3351203791692761,0.3359842583782187,0.0,0.6547619047619048,0.4036697247706422,True,True,0,10,1.0,31,16,0.6595744680851063,0.65,127,0.0,0.05,0.05,0.0,0.0
deletion,0.05,0.7,,ordered,0.0,44,17,False,0.3325902843769571,0.33323819378366404,0.0,0.651685393258427,0.40350877192982454,False,True,0,10,1.0,38,10,0.7916666666666666,0.6,165,0.0,0.05,0.05,0.0,0.0
deletion,0.05,0.7,,ordered,0.0,44,18,False,0.3244427132827178,0.324928645337748,0.0,0.6593406593406593,0.39655172413793105,True,True,0,11,1.0,35,13,0.7291666666666666,0.6,167,0.0,0.05,0.05,0.0,0.0
deletion,0.05,0.7,,ordered,0.0,44,19,False,0.3183320349620384,0.318696484003311,0.0,0.6382978723404256,0.4083333333333333,False,True,0,11,1.0,31,11,0.7380952380952381,0.55,198,0.0,0.05,0.05,0.0,0.0
deletion,0.05,0.7,,ordered,0.0,44,20,False,0.3074990262215288,0.30777236300248323,0.0,0.6565656565656566,0.392,True,True,0,12,1.0,31,11,0.7380952380952381,0.45,202,0.0,0.05,0.05,0.0,0.0
deletion,0.05,0.7,,ordered,0.0,44,21,False,0.28687426966614654,0.2870792722518624,0.0,0.6601941747572816,0.3953488372093023,True,True,0,13,1.0,26,9,0.7428571428571429,0.55,217,0.0,0.05,0.05,0.0,0.0
deletion,0.05,0.7,,ordered,0.0,44,22,False,0.2839057022496099,0.2840594541888968,0.0,0.6605504587155964,0.3851851851851852,True,True,0,14,1.0,26,13,0.6666666666666666,0.6,232,0.0,0.05,0.05,0.0,0.0
deletion,0.05,0.7,,ordered,0.0,44,23,False,0.28792927668720747,0.2880445906416726,0.0,0.6637931034482759,0.3829787234042553,True,True,0,15,1.0,29,15,0.6590909090909091,0.6,243,0.0,0.05,0.05,0.0,0.0
deletion,0.05,0.7,,ordered,0.0,44,24,False,0.2909469575154056,0.29103344298125444,0.0,0.6583333333333333,0.38620689655172413,True,True,0,16,1.0,31,9,0.775,0.5,263,0.0,0.05,0.05,0.0,0.0
deletion,0.05,0.7,,ordered,0.0,44,25,False,0.2807102181365542,0.28077508223594083,0.0,0.6456692913385826,0.39215686274509803,False,True,0,16,1.0,26,22,0.5416666666666666,0.35,289,0.0,0.05,0.05,0.0,0.0
deletion,0.05,0.7,,ordered,0.0,44,26,False,0.25428266360241564,0.2543313116769556,0.0,0.648854961832061,0.3860759493670886,True,True,0,17,1.0,30,14,0.6818181818181818,0.35,292,0.0,0.05,0.05,0.0,0.0
deletion,0.05,0.7,,ordered,0.0,44,27,False,0.23446199770181173,0.2344984837577167,0.0,0.6444444444444445,0.38650306748466257,True,True,0,18,1.0,31,10,0.7560975609756098,0.8,312,0.0,0.05,0.05,0.0,0.0
deletion,0.05,0.7,,ordered,0.0,44,28,False,0.2758464982763588,0.2758738628182875,0.0,0.6408450704225352,0.3905325443786982,True,True,0,19,1.0,33,11,0.75,0.4,327,0.0,0.05,0.05,0.0,0.0
deletion,0.05,0.7,,ordered,0.0,44,29,False,0.2568848737072691,0.25690539711371563,0.0,0.6438356164383562,0.3850574712643678,True,True,0,20,1.0,25,17,0.5952380952380952,0.35,335,0.0,0.05,0.05,0.0,0.0
deletion,0.05,0.7,,ordered,0.0,44,30,False,0.23641365528045183,0.23642904783528673,0.0,0.6466666666666666,0.37988826815642457,True,True,0,21,1.0,30,14,0.6818181818181818,0.5,348,0.0,0.05,0.05,0.0,0.0
deletion,0.05,0.7,,ordered,0.0,44,31,False,0.23981024146033889,0.23982178587646505,0.0,0.6369426751592356,0.39037433155080214,True,True,0,22,1.0,32,12,0.7272727272727273,0.4,363,0.0,0.05,0.05,0.0,0.0
deletion,0.05,0.7,,ordered,0.0,44,32,False,0.22985768109525417,0.2298663394073488,0.0,0.639751552795031,0.39267015706806285,True,True,0,23,1.0,35,9,0.7954545454545454,0.5,386,0.0,0.05,0.05,0.0,0.0
deletion,0.05,0.7,,ordered,0.0,44,33,False,0.23489326082144063,0.2348997545555116,0.0,0.6445783132530121,0.38578680203045684,True,True,0,24,1.0,34,11,0.7555555555555555,0.4,406,0.0,0.05,0.05,0.0,0.0
deletion,0.05,0.7,,ordered,0.0,44,34,False,0.22616994561608045,0.2261748159166337,0.0,0.6511627906976745,0.3793103448275862,False,True,0,24,1.0,21,14,0.6,0.7,427,0.0,0.05,0.05,0.0,0.0
deletion,0.05,0.7,,ordered,0.0,44,35,False,0.2571274592120603,0.2571311119374753,0.0,0.6420454545454546,0.3864734299516908,True,True,0,25,1.0,28,15,0.6511627906976745,0.55,433,0.0,0.05,0.05,0.0,0.0
deletion,0.05,0.7,,ordered,0.0,44,36,False,0.2615955944090453,0.2615983339531065,0.0,0.6373626373626373,0.386046511627907,False,True,0,25,1.0,26,12,0.6842105263157895,0.5,459,0.0,0.05,0.05,0.0,0.0
deletion,0.05,0.7,,ordered,0.0,44,37,False,0.25869669580678395,0.2586987504648299,0.0,0.6382978723404256,0.38636363636363635,True,True,0,26,1.0,27,9,0.75,0.55,460,0.0,0.05,0.05,0.0,0.0
deletion,0.05,0.7,,ordered,0.0,44,38,False,0.262772521855088,0.26277406284862237,0.0,0.6373056994818653,0.3832599118942731,True,True,0,27,1.0,26,17,0.6046511627906976,0.5,471,0.0,0.05,0.05,0.0,0.0
deletion,0.05,0.7,,ordered,0.0,44,39,False,0.259579391391316,0.2595805471364668,0.0,0.6318407960199005,0.3872340425531915,True,True,0,28,1.0,25,11,0.6944444444444444,0.8,486,0.0,0.05,0.05,0.0,0.0
deletion,0.05,0.7,,ordered,0.0,45,0,False,0.0,0.0,0.0,0.0,1.0,False,True,0,0,0.2,0,0,0.0,0.0,0,0.0,0.05,0.05,0.0,0.0
deletion,0.05,0.7,,ordered,0.0,45,1,False,0.0,0.0,0.35294117647058826,0.35294117647058826,0.8064516129032258,True,True,0,1,0.4,5,39,0.11363636363636363,0.0,3,0.0,0.05,0.05,0.0,0.0
deletion,0.05,0.7,,ordered,0.0,45,2,False,0.06932773109243698,0.08823529411764706,0.42105263157894735,0.42105263157894735,0.7428571428571429,True,True,0,2,0.5,15,36,0.29411764705882354,0.38461538461538464,13,0.0,0.05,0.05,0.0,0.0
deletion,0.05,0.7,,ordered,0.0,45,3,False,0.15465629571666722,0.17143962848297212,0.4,0.42857142857142855,0.7105263157894737,False,True,0,2,0.8,8,31,0.20512820512820512,0.4,21,0.0,0.05,0.05,0.0,0.0
deletion,0.05,0.7,,ordered,0.0,45,4,False,0.2159922217875004,0.2285797213622291,0.4,0.4782608695652174,0.6428571428571429,True,True,0,3,0.8,25,20,0.5555555555555556,0.6,34,0.0,0.05,0.05,0.0,0.0
deletion,0.05,0.7,,ordered,0.0,45,5,False,0.28342273776919674,0.2964347910216718,0.4,0.52,0.5869565217391305,True,True,0,4,0.8,20,25,0.4444444444444444,0.55,43,0.0,0.05,0.05,0.0,0.0
deletion,0.05,0.7,,ordered,0.0,45,6,False,0.3286384818983262,0.3410760932662539,0.35,0.5517241379310345,0.5490196078431373,False,True,0,4,0.8,13,26,0.3333333333333333,0.35,56,0.0,0.05,0.05,0.0,0.0
deletion,0.05,0.7,,ordered,0.0,45,7,False,0.33397886142374456,0.3433070699496904,0.3,0.5483870967741935,0.5370370370370371,True,True,0,5,0.9,16,27,0.37209302325581395,0.5,60,0.0,0.05,0.05,0.0,0.0
deletion,0.05,0.7,,ordered,0.0,45,8,False,0.3504841460678084,0.3574803024622678,0.3,0.5757575757575758,0.4915254237288136,True,True,0,6,0.9,30,19,0.6122448979591837,0.45,77,0.0,0.05,0.05,0.0,0.0
deletion,0.05,0.7,,ordered,0.0,45,9,False,0.35661310955085634,0.3618602268467008,0.3,0.6111111111111112,0.46153846153846156,False,True,0,6,0.9,24,16,0.6,0.45,101,0.0,0.05,0.05,0.0,0.0
deletion,0.05,0.7,,ordered,0.0,45,10,False,0.36120983216314223,0.3651451701350256,0.3,0.627906976744186,0.4444444444444444,False,True,0,6,0.9,21,24,0.4666666666666667,0.5,122,0.0,0.05,0.05,0.0,0.0
deletion,0.05,0.7,,ordered,0.0,45,11,False,0.3709073741223567,0.37385887760126923,0.25,0.6458333333333334,0.42857142857142855,False,True,0,6,0.9,23,17,0.575,0.55,145,0.0,0.05,0.05,0.0,0.0
deletion,0.05,0.7,,ordered,0.0,45,12,False,0.3781805305917675,0.3803941582009519,0.15,0.6274509803921569,0.43902439024390244,False,True,0,6,1.0,22,20,0.5238095238095238,0.45,167,0.0,0.05,0.05,0.0,0.0
deletion,0.05,0.7,,ordered,0.0,45,13,False,0.35863539794382565,0.36029561865071397,0.1,0.6071428571428571,0.4482758620689655,True,True,0,7,1.0,35,9,0.7954545454545454,0.5,133,0.0,0.05,0.05,0.0,0.0
deletion,0.05,0.7,,ordered,0.0,45,14,False,0.34397654845786924,0.3452217139880355,0.1,0.6,0.44086021505376344,True,True,0,8,1.0,25,18,0.5813953488372093,0.5,149,0.0,0.05,0.05,0.0,0.0
deletion,0.05,0.7,,ordered,0.0,45,15,False,0.33298241134340195,0.33391628549102664,0.1,0.6268656716417911,0.42,True,True,0,9,1.0,33,12,0.7333333333333333,0.45,169,0.0,0.05,0.05,0.0,0.0
deletion,0.05,0.7,,ordered,0.0,45,16,False,0.31848680850755146,0.31918721411827,0.1,0.6338028169014085,0.4095238095238095,True,True,0,10,1.0,30,13,0.6976744186046512,0.5,186,0.0,0.05,0.05,0.0,0.0
deletion,0.05,0.7,,ordered,0.0,45,17,False,0.3138651063806636,0.3143904105887025,0.05,0.631578947368421,0.4090909090909091,False,True,0,10,1.0,22,18,0.55,0.55,208,0.0,0.05,0.05,0.0,0.0
deletion,0.05,0.7,,ordered,0.0,45,18,False,0.3103988297854977,0.31079280794152686,0.05,0.6419753086419753,0.4,True,True,0,11,1.0,31,12,0.7209302325581395,0.55,218,0.0,0.05,0.05,0.0,0.0
deletion,0.05,0.7,,ordered,0.0,45,19,False,0.3077991223391233,0.30809460595614513,0.05,0.6551724137931034,0.3884297520661157,False,True,0,11,1.0,27,12,0.6923076923076923,0.45,245,0.0,0.05,0.05,0.0,0.0
deletion,0.05,0.7,,ordered,0.0,45,20,False,0.2933493417543425,0.29357095446710885,0.0,0.6555555555555556,0.384,True,True,0,12,1.0,34,10,0.7727272727272727,0.6,250,0.0,0.05,0.05,0.0,0.0
deletion,0.05,0.7,,ordered,0.0,45,21,False,0.2950120063157569,0.29517821585033166,0.0,0.6288659793814433,0.4015151515151515,False,True,0,12,1.0,24,13,0.6486486486486487,0.65,274,0.0,0.05,0.05,0.0,0.0
deletion,0.05,0.7,,ordered,0.0,45,22,False,0.30250900473681763,0.30263366188774876,0.0,0.6407766990291263,0.3900709219858156,False,True,0,12,1.0,24,16,0.6,0.6,298,0.0,0.05,0.05,0.0,0.0
deletion,0.05,0.7,,ordered,0.0,45,23,False,0.3018817535526132,0.3019752464158116,0.0,0.6296296296296297,0.3931034482758621,True,True,0,13,1.0,32,12,0.7272727272727273,0.6,289,0.0,0.05,0.05,0.0,0.0
deletion,0.05,0.7,,ordered,0.0,45,24,False,0.3014113151644599,0.3014814348118587,0.0,0.6363636363636364,0.38926174496644295,True,True,0,14,1.0,31,11,0.7380952380952381,0.5,308,0.0,0.05,0.05,0.0,0.0
deletion,0.05,0.7,,ordered,0.0,45,25,False,0.2885584863733449,0.288611076108894,0.0,0.6403508771929824,0.38064516129032255,False,True,0,14,1.0,30,11,0.7317073170731707,0.4,338,0.0,0.05,0.05,0.0,0.0
deletion,0.05,0.7,,ordered,0.0,45,26,False,0.2664188647800087,0.2664583070816705,0.0,0.6363636363636364,0.38509316770186336,True,True,0,15,1.0,31,12,0.7209302325581395,0.35,336,0.0,0.05,0.05,0.0,0.0
deletion,0.05,0.7,,ordered,0.0,45,27,False,0.24356414858500655,0.24359373031125287,0.0,0.6451612903225806,0.375,False,True,0,15,1.0,24,16,0.6,0.6,360,0.0,0.05,0.05,0.0,0.0
deletion,0.05,0.7,,ordered,0.0,45,28,False,0.2576731114387549,0.25769529773343963,0.0,0.6434108527131783,0.3793103448275862,True,True,0,16,1.0,24,19,0.5581395348837209,0.55,366,0.0,0.05,0.05,0.0,0.0
deletion,0.05,0.7,,ordered,0.0,45,29,False,0.2620048335790662,0.26202147330007974,0.0,0.6444444444444445,0.37777777777777777,True,True,0,17,1.0,28,13,0.6829268292682927,0.5,381,0.0,0.05,0.05,0.0,0.0
deletion,0.05,0.7,,ordered,0.0,45,30,False,0.25900362518429965,0.2590161049750598,0.0,0.6382978723404256,0.37967914438502676,True,True,0,18,1.0,30,13,0.6976744186046512,0.55,392,0.0,0.05,0.05,0.0,0.0
deletion,0.05,0.7,,ordered,0.0,45,31,False,0.26300271888822474,0.26301207873129484,0.0,0.6319444444444444,0.3802083333333333,True,True,0,19,1.0,41,8,0.8367346938775511,0.55,411,0.0,0.05,0.05,0.0,0.0
deletion,0.05,0.7,,ordered,0.0,45,32,False,0.26600203916616855,0.26600905904847116,0.0,0.6351351351351351,0.37373737373737376,True,True,0,20,1.0,23,12,0.6571428571428571,0.5,419,0.0,0.05,0.05,0.0,0.0
deletion,0.05,0.7,,ordered,0.0,45,33,False,0.26200152937462645,0.2620067942863534,0.0,0.6423841059602649,0.3627450980392157,True,True,0,21,1.0,37,15,0.7115384615384616,0.4,440,0.0,0.05,0.05,0.0,0.0
deletion,0.05,0.7,,ordered,0.0,45,34,False,0.24650114703096984,0.24650509571476503,0.0,0.6405228758169934,0.36538461538461536,True,True,0,22,1.0,31,11,0.7380952380952381,0.5,451,0.0,0.05,0.05,0.0,0.0
deletion,0.05,0.7,,ordered,0.0,45,35,False,0.2473758602732274,0.2473788217860738,0.0,0.6305732484076433,0.3674418604651163,True,True,0,23,1.0,32,13,0.7111111111111111,0.4,467,0.0,0.05,0.05,0.0,0.0
deletion,0.05,0.7,,ordered,0.0,45,36,False,0.23553189520492052,0.23553411633955534,0.0,0.6341463414634146,0.3665158371040724,True,True,0,24,1.0,28,11,0.717948717948718,0.6,481,0.0,0.05,0.05,0.0,0.0
deletion,0.05,0.7,,ordered,0.0,45,37,False,0.2516489214036904,0.2516505872546665,0.0,0.6235294117647059,0.3744493392070485,False,True,0,24,1.0,24,15,0.6153846153846154,0.5,505,0.0,0.05,0.05,0.0,0.0
deletion,0.05,0.7,,ordered,0.0,45,38,False,0.2512366910527678,0.2512379404409999,0.0,0.6242774566473989,0.3739130434782609,True,True,0,25,1.0,35,12,0.7446808510638298,0.5,506,0.0,0.05,0.05,0.0,0.0
deletion,0.05,0.7,,ordered,0.0,45,39,False,0.2509275182895759,0.2509284553307499,0.0,0.6214689265536724,0.37130801687763715,True,True,0,26,1.0,22,18,0.55,0.45,515,0.0,0.05,0.05,0.0,0.0
deletion,0.05,0.7,,ordered,0.0,46,0,False,0.0,0.0,0.0,0.0,1.0,False,True,0,0,0.1,0,0,0.0,0.0,0,0.0,0.05,0.05,0.0,0.0
deletion,0.05,0.7,,ordered,0.0,46,1,False,0.0,0.0,0.2,0.2,0.84,False,True,0,0,0.2,3,41,0.06818181818181818,0.0,3,0.0,0.05,0.05,0.0,0.0
deletion,0.05,0.7,,ordered,0.0,46,2,False,0.04642857142857143,0.05,0.4,0.4,0.7096774193548387,False,True,0,0,0.2,3,33,0.08333333333333333,0.0,6,0.0,0.05,0.05,0.0,0.0
deletion,0.05,0.7,,ordered,0.0,46,3,False,0.12767857142857145,0.1375,0.4117647058823529,0.4117647058823529,0.6666666666666666,False,True,0,0,0.3,2,41,0.046511627906976744,0.0,8,0.0,0.05,0.05000000000000001,6.938893903907228e-18,0.0
deletion,0.05,0.7,,ordered,0.0,46,4,False,0.18399422268907561,0.20606617647058822,0.5,0.5652173913043478,0.5581395348837209,False,True,0,0,0.5,3,29,0.09375,0.0,11,0.0,0.05,0.05,0.0,0.0
deletion,0.05,0.7,,ordered,0.0,46,5,False,0.2362099527310924,0.27954963235294117,0.45,0.5769230769230769,0.5208333333333334,False,True,0,0,0.7,9,34,0.20930232558139536,0.3,20,0.0,0.05,0.05,0.0,0.0
deletion,0.05,0.7,,ordered,0.0,46,6,False,0.27626460740546216,0.32216222426470587,0.25,0.53125,0.5178571428571429,True,True,0,1,0.8,26,18,0.5909090909090909,0.45,23,0.0,0.05,0.05,0.0,0.0
deletion,0.05,0.7,,ordered,0.0,46,7,False,0.29112702698266807,0.3291216681985294,0.2,0.5555555555555556,0.4918032786885246,True,True,0,2,0.8,31,20,0.6078431372549019,0.4,39,0.0,0.05,0.05,0.0,0.0
deletion,0.05,0.7,,ordered,0.0,46,8,False,0.2897738416655725,0.32184125114889706,0.2,0.5384615384615384,0.49230769230769234,True,True,0,3,0.8,26,20,0.5652173913043478,0.3,52,0.0,0.05,0.05,0.0,0.0
deletion,0.05,0.7,,ordered,0.0,46,9,False,0.2780446669634651,0.3038809383616728,0.15,0.5869565217391305,0.44594594594594594,True,True,0,4,0.9,20,16,0.5555555555555556,0.3,65,0.0,0.05,0.05,0.0,0.0
deletion,0.05,0.7,,ordered,0.0,46,10,False,0.26478350022259883,0.2841607037712546,0.05,0.6111111111111112,0.43209876543209874,True,True,0,5,0.9,22,17,0.5641025641025641,0.6,77,0.0,0.05,0.05,0.0,0.0
deletion,0.05,0.7,,ordered,0.0,46,11,False,0.2798376251669491,0.2943705278284409,0.05,0.603448275862069,0.42528735632183906,True,True,0,6,0.9,27,20,0.574468085106383,0.3,93,0.0,0.05,0.05,0.0,0.0
deletion,0.05,0.7,,ordered,0.0,46,12,False,0.2536282188752118,0.2645278958713307,0.05,0.6031746031746031,0.42105263157894735,False,True,0,6,0.9,24,19,0.5581395348837209,0.45,117,0.0,0.05,0.05,0.0,0.0
deletion,0.05,0.7,,ordered,0.0,46,13,False,0.2527211641564089,0.26089592190349803,0.05,0.6060606060606061,0.41414141414141414,False,True,0,6,1.0,21,23,0.4772727272727273,0.55,138,0.0,0.05,0.05,0.0,0.0
deletion,0.05,0.7,,ordered,0.0,46,14,False,0.2645408731173067,0.2706719414276235,0.05,0.6142857142857143,0.40384615384615385,True,True,0,7,1.0,26,12,0.6842105263157895,0.45,126,0.0,0.05,0.05,0.0,0.0
deletion,0.05,0.7,,ordered,0.0,46,15,False,0.26090565483798,0.26550395607071764,0.05,0.5822784810126582,0.42105263157894735,True,True,0,8,1.0,30,11,0.7317073170731707,0.45,144,0.0,0.05,0.05,0.0,0.0
deletion,0.05,0.7,,ordered,0.0,46,16,False,0.258179241128485,0.26162796705303826,0.0,0.5662650602409639,0.425,True,True,0,9,1.0,32,19,0.6274509803921569,0.6,157,0.0,0.05,0.05,0.0,0.0
deletion,0.05,0.7,,ordered,0.0,46,17,False,0.2686344308463638,0.2712209752897787,0.0,0.5730337078651685,0.42063492063492064,True,True,0,10,1.0,34,5,0.8717948717948718,0.4,179,0.0,0.05,0.05,0.0,0.0
deletion,0.05,0.7,,ordered,0.0,46,18,False,0.25147582313477285,0.253415731467334,0.0,0.5824175824175825,0.40458015267175573,True,True,0,11,1.0,28,17,0.6222222222222222,0.45,194,0.0,0.05,0.05,0.0,0.0
deletion,0.05,0.7,,ordered,0.0,46,19,False,0.24485686735107962,0.24631179860050048,0.0,0.5913978494623656,0.40298507462686567,True,True,0,12,1.0,37,8,0.8222222222222222,0.4,213,0.0,0.05,0.05,0.0,0.0
deletion,0.05,0.7,,ordered,0.0,46,20,False,0.2336426505133097,0.23473384895037536,0.0,0.5876288659793815,0.40145985401459855,True,True,0,13,1.0,31,6,0.8378378378378378,0.45,226,0.0,0.05,0.05,0.0,0.0
deletion,0.05,0.7,,ordered,0.0,46,21,False,0.23148198788498228,0.2323003867127815,0.0,0.59,0.3971631205673759,True,True,0,14,1.0,40,7,0.851063829787234,0.5,248,0.0,0.05,0.05,0.0,0.0
deletion,0.05,0.7,,ordered,0.0,46,22,False,0.2361114909137367,0.23672529003458612,0.0,0.5865384615384616,0.4,False,True,0,14,1.0,28,9,0.7567567567567568,0.55,276,0.0,0.05,0.05,0.0,0.0
deletion,0.05,0.7,,ordered,0.0,46,23,False,0.24583361818530253,0.2462939675259396,0.0,0.5943396226415094,0.3918918918918919,False,True,0,14,1.0,35,11,0.7608695652173914,0.5,311,0.0,0.05,0.05,0.0,0.0
deletion,0.05,0.7,,ordered,0.0,46,24,False,0.2468752136389769,0.2472204756444547,0.0,0.6,0.3885350318471338,True,True,0,15,1.0,23,12,0.6571428571428571,0.5,286,0.0,0.05,0.05,0.0,0.0
deletion,0.05,0.7,,ordered,0.0,46,25,False,0.24765641022923268,0.24791535673334103,0.0,0.6083333333333333,0.38271604938271603,True,True,0,16,1.0,29,12,0.7073170731707317,0.7,300,0.0,0.05,0.05,0.0,0.0
deletion,0.05,0.7,,ordered,0.0,46,26,False,0.2732423076719245,0.27343651755000575,0.0,0.6015625,0.38823529411764707,True,True,0,17,1.0,28,11,0.717948717948718,0.6,314,0.0,0.05,0.05,0.0,0.0
deletion,0.05,0.7,,ordered,0.0,46,27,False,0.2799317307539434,0.2800773881625043,0.0,0.6030534351145038,0.3850574712643678,True,True,0,18,1.0,32,18,0.64,0.45,329,0.0,0.05,0.05,0.0,0.0
deletion,0.05,0.7,,ordered,0.0,46,28,False,0.26619879806545754,0.2663080411218783,0.0,0.6131386861313869,0.3756906077348066,True,True,0,19,1.0,35,8,0.813953488372093,0.55,347,0.0,0.05,0.05,0.0,0.0
deletion,0.05,0.7,,ordered,0.0,46,29,False,0.2683990985490932,0.26848103084140873,0.0,0.6099290780141844,0.37433155080213903,True,True,0,20,1.0,32,13,0.7111111111111111,0.45,365,0.0,0.05,0.05,0.0,0.0
deletion,0.05,0.7,,ordered,0.0,46,30,False,0.2575493239118199,0.25761077313105657,0.0,0.6040268456375839,0.37948717948717947,True,True,0,21,1.0,22,11,0.6666666666666666,0.7,380,0.0,0.05,0.05,0.0,0.0
deletion,0.05,0.7,,ordered,0.0,46,31,False,0.2806619929338649,0.2807080798482924,0.0,0.6064516129032258,0.37623762376237624,True,True,0,22,1.0,34,14,0.7083333333333334,0.65,396,0.0,0.05,0.05,0.0,0.0
deletion,0.05,0.7,,ordered,0.0,46,32,False,0.2917464947003987,0.2917810598862193,0.0,0.6111111111111112,0.37320574162679426,True,True,0,23,1.0,27,14,0.6585365853658537,0.7,407,0.0,0.05,0.05,0.0,0.0
deletion,0.05,0.7,,ordered,0.0,46,33,False,0.30630987102529905,0.30633579491466445,0.0,0.6130952380952381,0.37209302325581395,True,True,0,24,1.0,26,8,0.7647058823529411,0.65,423,0.0,0.05,0.05,0.0,0.0
deletion,0.05,0.7,,ordered,0.0,46,34,False,0.31098240326897425,0.31100184618599835,0.0,0.6149425287356322,0.37104072398190047,True,True,0,25,1.0,29,13,0.6904761904761905,0.8,441,0.0,0.05,0.05,0.0,0.0
deletion,0.05,0.7,,ordered,0.0,46,35,False,0.3332368024517307,0.33325138463949877,0.0,0.6235955056179775,0.36444444444444446,False,True,0,25,1.0,31,16,0.6595744680851063,0.4,472,0.0,0.05,0.05,0.0,0.0
deletion,0.05,0.7,,ordered,0.0,46,36,False,0.2999276018387981,0.2999385384796241,0.0,0.6141304347826086,0.3706896551724138,False,True,0,25,1.0,31,9,0.775,0.5,503,0.0,0.05,0.05,0.0,0.0
deletion,0.05,0.7,,ordered,0.0,46,37,False,0.2874457013790986,0.2874539038597181,0.0,0.6052631578947368,0.379746835443038,True,True,0,26,1.0,28,9,0.7567567567567568,0.7,487,0.0,0.05,0.05,0.0,0.0
deletion,0.05,0.7,,ordered,0.0,46,38,False,0.3030842760343239,0.30309042789478857,0.0,0.6073298429319371,0.375,False,True,0,26,1.0,33,15,0.6875,0.45,520,0.0,0.05,0.05,0.0,0.0
deletion,0.05,0.7,,ordered,0.0,46,39,False,0.28356320702574295,0.28356782092109145,0.0,0.6071428571428571,0.38114754098360654,True,True,0,27,1.0,20,16,0.5555555555555556,0.5,510,0.0,0.05,0.05,0.0,0.0
deletion,0.05,0.7,,ordered,0.0,47,0,False,0.0,0.0,0.0,0.0,1.0,False,True,0,0,0.1,0,0,0.0,0.0,0,0.0,0.05,0.05,0.0,0.0
deletion,0.05,0.7,,ordered,0.0,47,1,False,0.0,0.0,0.18181818181818182,0.18181818181818182,0.8148148148148148,False,True,0,0,0.2,4,39,0.09302325581395349,1.0,4,0.0,0.05,0.05,0.0,0.0
deletion,0.05,0.7,,ordered,0.0,47,2,False,0.060064935064935064,0.14772727272727273,0.1875,0.1875,0.7878787878787878,True,True,0,1,0.3,12,28,0.3,0.7777777777777778,9,0.0,0.05,0.05000000000000001,6.938893903907228e-18,0.0
deletion,0.05,0.7,,ordered,0.0,47,3,False,0.11300505050505051,0.2314551767676768,0.35,0.35,0.6511627906976745,True,True,0,2,0.3,14,20,0.4117647058823529,0.6875,16,0.0,0.05,0.05000000000000001,6.938893903907228e-18,0.0
deletion,0.05,0.7,,ordered,0.0,47,4,False,0.18430735930735934,0.30327888257575764,0.35,0.4090909090909091,0.5833333333333334,True,True,0,3,0.5,10,33,0.23255813953488372,0.6,20,0.0,0.05,0.05,0.0,0.0
deletion,0.05,0.7,,ordered,0.0,47,5,False,0.24358766233766233,0.3462091619318182,0.3,0.4166666666666667,0.58,False,True,0,3,0.5,21,28,0.42857142857142855,0.55,41,0.0,0.05,0.05,0.0,0.0
deletion,0.05,0.7,,ordered,0.0,47,6,False,0.2755478896103896,0.3659068714488637,0.1,0.41935483870967744,0.5689655172413793,False,True,0,3,0.5,17,18,0.4857142857142857,0.65,58,0.0,0.05,0.05,0.0,0.0
deletion,0.05,0.7,,ordered,0.0,47,7,False,0.2709466314935065,0.3681801535866478,0.1,0.4375,0.55,True,True,0,4,0.6,18,26,0.4090909090909091,0.55,52,0.0,0.05,0.05000000000000001,6.938893903907228e-18,0.0
deletion,0.05,0.7,,ordered,0.0,47,8,False,0.26035283076298704,0.35738511518998584,0.05,0.4358974358974359,0.5362318840579711,True,True,0,5,0.7,17,21,0.4473684210526316,0.45,62,0.0,0.05,0.05,0.0,0.0
deletion,0.05,0.7,,ordered,0.0,47,9,False,0.24347890878652598,0.3305388363924894,0.05,0.42857142857142855,0.527027027027027,True,True,0,6,0.8,25,18,0.5813953488372093,0.55,74,0.0,0.05,0.05,0.0,0.0
deletion,0.05,0.7,,ordered,0.0,47,10,False,0.24868061016132306,0.322904127294367,0.05,0.4444444444444444,0.5128205128205128,True,True,0,7,0.8,28,21,0.5714285714285714,0.6,85,0.0,0.05,0.05,0.0,0.0
deletion,0.05,0.7,,ordered,0.0,47,11,False,0.25793902904956373,0.3234280954707753,0.05,0.46808510638297873,0.4819277108433735,True,True,0,8,0.8,31,17,0.6458333333333334,0.65,97,0.0,0.05,0.05,0.0,0.0
deletion,0.05,0.7,,ordered,0.0,47,12,False,0.2702399860728871,0.33007107160308147,0.05,0.48,0.4659090909090909,True,True,0,9,0.9,25,22,0.5319148936170213,0.55,112,0.0,0.05,0.05,0.0,0.0
deletion,0.05,0.7,,ordered,0.0,47,13,False,0.27767998955466533,0.3225533037023111,0.05,0.5,0.44086021505376344,False,True,0,9,0.9,29,14,0.6744186046511628,0.45,141,0.0,0.05,0.05,0.0,0.0
deletion,0.05,0.7,,ordered,0.0,47,14,False,0.270759992165999,0.3044149777767333,0.05,0.5178571428571429,0.4387755102040816,True,True,0,10,0.9,23,19,0.5476190476190477,0.65,141,0.0,0.05,0.05,0.0,0.0
deletion,0.05,0.7,,ordered,0.0,47,15,False,0.2905699941244993,0.31581123333255,0.05,0.5084745762711864,0.44554455445544555,True,True,0,11,1.0,35,15,0.7,0.45,163,0.0,0.05,0.05,0.0,0.0
deletion,0.05,0.7,,ordered,0.0,47,16,False,0.28042749559337443,0.2993584249994125,0.0,0.484375,0.45794392523364486,False,True,0,11,1.0,33,11,0.75,0.65,196,0.0,0.05,0.05,0.0,0.0
deletion,0.05,0.7,,ordered,0.0,47,17,False,0.29157062169503084,0.30576881874955936,0.0,0.5277777777777778,0.43859649122807015,False,True,0,11,1.0,26,14,0.65,0.4,222,0.0,0.05,0.05,0.0,0.0
deletion,0.05,0.7,,ordered,0.0,47,18,False,0.2686779662712731,0.2793266140621695,0.0,0.5394736842105263,0.42857142857142855,True,True,0,12,1.0,37,13,0.74,0.6,216,0.0,0.05,0.05,0.0,0.0
deletion,0.05,0.7,,ordered,0.0,47,19,False,0.27650847470345485,0.28449496054662715,0.0,0.5555555555555556,0.4126984126984127,True,True,0,13,1.0,28,10,0.7368421052631579,0.5,232,0.0,0.05,0.05,0.0,0.0
deletion,0.05,0.7,,ordered,0.0,47,20,False,0.26988135602759117,0.27587122040997036,0.0,0.5555555555555556,0.42105263157894735,True,True,0,14,1.0,35,5,0.875,0.55,244,0.0,0.05,0.05,0.0,0.0
deletion,0.05,0.7,,ordered,0.0,47,21,False,0.2711610170206934,0.2756534153074778,0.0,0.5463917525773195,0.4316546762589928,False,True,0,14,1.0,19,13,0.59375,0.5,263,0.0,0.05,0.05,0.0,0.0
deletion,0.05,0.7,,ordered,0.0,47,22,False,0.26587076276552,0.2692400614806083,0.0,0.5288461538461539,0.4452054794520548,True,True,0,15,1.0,19,16,0.5428571428571428,0.55,266,0.0,0.05,0.05,0.0,0.0
deletion,0.05,0.7,,ordered,0.0,47,23,False,0.26815307207414,0.27068004611045626,0.0,0.5137614678899083,0.45695364238410596,False,True,0,15,1.0,30,11,0.7317073170731707,0.45,296,0.0,0.05,0.05,0.0,0.0
deletion,0.05,0.7,,ordered,0.0,47,24,False,0.257364804055605,0.2592600345828422,0.0,0.5175438596491229,0.45222929936305734,True,True,0,16,1.0,24,17,0.5853658536585366,0.5,291,0.0,0.05,0.05,0.0,0.0
deletion,0.05,0.7,,ordered,0.0,47,25,False,0.2555236030417038,0.25694502593713164,0.0,0.5084745762711864,0.45962732919254656,True,True,0,17,1.0,33,15,0.6875,0.65,310,0.0,0.05,0.05,0.0,0.0
deletion,0.05,0.7,,ordered,0.0,47,26,False,0.2728927022812778,0.27395876945284875,0.0,0.5078125,0.4647058823529412,False,True,0,17,1.0,27,13,0.675,0.6,337,0.0,0.05,0.05,0.0,0.0
deletion,0.05,0.7,,ordered,0.0,47,27,False,0.2796695267109584,0.2804690770896366,0.0,0.5075757575757576,0.46551724137931033,True,True,0,18,1.0,27,17,0.6136363636363636,0.55,339,0.0,0.05,0.05,0.0,0.0
deletion,0.05,0.7,,ordered,0.0,47,28,False,0.2785021450332188,0.2791018078172275,0.0,0.48936170212765956,0.4808743169398907,True,True,0,19,1.0,26,12,0.6842105263157895,0.45,350,0.0,0.05,0.05,0.0,0.0
deletion,0.05,0.7,,ordered,0.0,47,29,False,0.2651266087749141,0.2655763558629206,0.0,0.4965986394557823,0.47368421052631576,True,True,0,20,1.0,25,14,0.6410256410256411,0.35,362,0.0,0.05,0.05,0.0,0.0
deletion,0.05,0.7,,ordered,0.0,47,30,False,0.2425949565811856,0.24293226689719044,0.0,0.506578947368421,0.4619289340101523,True,True,0,21,1.0,26,16,0.6190476190476191,0.5,376,0.0,0.05,0.05,0.0,0.0
deletion,0.05,0.7,,ordered,0.0,47,31,False,0.2444462174358892,0.24469920017289282,0.0,0.5189873417721519,0.45365853658536587,True,True,0,22,1.0,28,12,0.7,0.4,392,0.0,0.05,0.05,0.0,0.0
deletion,0.05,0.7,,ordered,0.0,47,32,False,0.2333346630769169,0.23352440012966963,0.0,0.5214723926380368,0.4519230769230769,True,True,0,23,1.0,31,12,0.7209302325581395,0.4,414,0.0,0.05,0.05,0.0,0.0
deletion,0.05,0.7,,ordered,0.0,47,33,False,0.22500099730768766,0.2251433000972522,0.0,0.5266272189349113,0.44651162790697674,False,True,0,23,1.0,23,13,0.6388888888888888,0.75,437,0.0,0.05,0.05,0.0,0.0
deletion,0.05,0.7,,ordered,0.0,47,34,False,0.2625007479807658,0.26260747507293913,0.0,0.5202312138728323,0.45,True,True,0,24,1.0,30,13,0.6976744186046512,0.6,443,0.0,0.05,0.05,0.0,0.0
deletion,0.05,0.7,,ordered,0.0,47,35,False,0.2718755609855743,0.27195560630470433,0.0,0.5227272727272727,0.4484304932735426,True,True,0,25,1.0,26,12,0.6842105263157895,0.45,453,0.0,0.05,0.05,0.0,0.0
deletion,0.05,0.7,,ordered,0.0,47,36,False,0.26015667073918075,0.26021670472852826,0.0,0.5138121546961326,0.45217391304347826,True,True,0,26,1.0,31,12,0.7209302325581395,0.4,472,0.0,0.05,0.05,0.0,0.0
deletion,0.05,0.7,,ordered,0.0,47,37,False,0.24511750305438554,0.2451625285463962,0.0,0.518918918918919,0.44680851063829785,True,True,0,27,1.0,24,13,0.6486486486486487,0.5,486,0.0,0.05,0.05,0.0,0.0
deletion,0.05,0.7,,ordered,0.0,47,38,False,0.24633812729078916,0.24637189640979715,0.0,0.518324607329843,0.4426229508196721,True,True,0,28,1.0,27,14,0.6585365853658537,0.6,499,0.0,0.05,0.05,0.0,0.0
deletion,0.05,0.7,,ordered,0.0,47,39,False,0.2597535954680919,0.25977892230734784,0.0,0.5329949238578681,0.43724696356275305,True,True,0,29,1.0,45,6,0.8823529411764706,0.55,521,0.0,0.05,0.05,0.0,0.0
deletion,0.05,0.7,,ordered,0.0,48,0,False,0.0,0.0,0.0,0.0,1.0,False,True,0,0,0.0,0,0,0.0,0.0,0,0.0,0.05,0.05,0.0,0.0
deletion,0.05,0.7,,ordered,0.0,48,1,False,0.0,0.0,0.3333333333333333,0.3333333333333333,0.85,False,True,0,0,0.0,0,44,0.0,0.0,0,0.0,0.05,0.05,0.0,0.0
deletion,0.05,0.7,,ordered,0.0,48,2,False,0.08333333333333333,0.08333333333333333,0.4,0.4,0.7083333333333334,False,True,0,0,0.0,0,41,0.0,0.0,0,0.0,0.05,0.05,0.0,0.0
deletion,0.05,0.7,,ordered,0.0,48,3,False,0.1625,0.1625,0.5714285714285714,0.5714285714285714,0.5666666666666667,False,True,0,0,0.0,0,42,0.0,0.0,0,0.0,0.05,0.05,0.0,0.0
deletion,0.05,0.7,,ordered,0.0,48,4,False,0.26473214285714286,0.26473214285714286,0.6111111111111112,0.6111111111111112,0.5294117647058824,False,True,0,0,0.0,0,43,0.0,0.0,0,0.0,0.05,0.05,0.0,0.0
deletion,0.05,0.7,,ordered,0.0,48,5,False,0.3513268849206349,0.3513268849206349,0.6111111111111112,0.6111111111111112,0.5142857142857142,False,True,0,0,0.0,0,43,0.0,0.0,0,0.0,0.05,0.05,0.0,0.0
deletion,0.05,0.7,,ordered,0.0,48,6,False,0.41627294146825405,0.416272941468254,0.65,0.6666666666666666,0.4523809523809524,False,True,0,0,0.0,0,40,0.0,0.0,0,0.0,0.05,0.05,0.0,0.0
deletion,0.05,0.7,,ordered,0.0,48,7,False,0.47470470610119053,0.47470470610119053,0.65,0.6818181818181818,0.4222222222222222,False,True,0,0,0.1,0,48,0.0,0.0,0,0.0,0.05,0.05,0.0,0.0
deletion,0.05,0.7,,ordered,0.0,48,8,False,0.5185285295758929,0.5185285295758929,0.5,0.6296296296296297,0.44,True,True,0,1,0.2,6,31,0.16216216216216217,0.5,2,0.0,0.05,0.05,0.0,0.0
deletion,0.05,0.7,,ordered,0.0,48,9,False,0.5138963971819197,0.5138963971819197,0.5,0.6551724137931034,0.42592592592592593,True,True,0,2,0.2,9,34,0.20930232558139536,0.3333333333333333,6,0.0,0.05,0.05,0.0,0.0
deletion,0.05,0.7,,ordered,0.0,48,10,False,0.5044699169340588,0.5104222978864398,0.45,0.65625,0.4166666666666667,False,True,0,2,0.2,12,30,0.2857142857142857,0.3888888888888889,18,0.0,0.05,0.05,0.0,0.0
deletion,0.05,0.7,,ordered,0.0,48,11,False,0.4886698980180045,0.49531672341482985,0.45,0.6857142857142857,0.373134328358209,False,True,0,2,0.3,7,37,0.1590909090909091,0.4,25,0.0,0.05,0.05000000000000001,6.938893903907228e-18,0.0
deletion,0.05,0.7,,ordered,0.0,48,12,False,0.4772167092277891,0.48398754256112236,0.45,0.7105263157894737,0.36231884057971014,True,True,0,3,0.5,14,26,0.35,0.5,21,0.0,0.05,0.05,0.0,0.0
deletion,0.05,0.7,,ordered,0.0,48,13,False,0.4730911033494132,0.4817406569208418,0.4,0.7209302325581395,0.35135135135135137,True,True,0,4,0.6,19,29,0.3958333333333333,0.65,30,0.0,0.05,0.05000000000000001,6.938893903907228e-18,0.0
deletion,0.05,0.7,,ordered,0.0,48,14,False,0.47267547036920277,0.49255549269063137,0.25,0.6938775510204082,0.3625,True,True,0,5,0.8,26,19,0.5777777777777777,0.7,45,0.0,0.05,0.05,0.0,0.0
deletion,0.05,0.7,,ordered,0.0,48,15,False,0.4571851742054735,0.4881666195179736,0.2,0.6981132075471698,0.3448275862068966,True,True,0,6,1.0,28,18,0.6086956521739131,0.65,58,0.0,0.05,0.05,0.0,0.0
deletion,0.05,0.7,,ordered,0.0,48,16,False,0.4491388806541051,0.4723749646384802,0.0,0.6610169491525424,0.3617021276595745,False,True,0,6,1.0,28,15,0.6511627906976745,0.7,86,0.0,0.05,0.05,0.0,0.0
deletion,0.05,0.7,,ordered,0.0,48,17,False,0.42435416049057884,0.4417812234788602,0.0,0.671875,0.35353535353535354,False,True,0,6,1.0,27,16,0.627906976744186,0.8,113,0.0,0.05,0.05,0.0,0.0
deletion,0.05,0.7,,ordered,0.0,48,18,False,0.4182656203679342,0.43133591760914514,0.0,0.6716417910447762,0.34951456310679613,True,True,0,7,1.0,31,10,0.7560975609756098,0.75,102,0.0,0.05,0.05,0.0,0.0
deletion,0.05,0.7,,ordered,0.0,48,19,False,0.4074492152759506,0.41725193820685885,0.0,0.68,0.34545454545454546,True,True,0,8,1.0,21,18,0.5384615384615384,0.6,112,0.0,0.05,0.05,0.0,0.0
deletion,0.05,0.7,,ordered,0.0,48,20,False,0.38058691145696294,0.38793895365514414,0.0,0.654320987654321,0.358974358974359,True,True,0,9,1.0,27,11,0.7105263157894737,0.45,125,0.0,0.05,0.05,0.0,0.0
deletion,0.05,0.7,,ordered,0.0,48,21,False,0.34169018359272224,0.34720421524135814,0.0,0.6626506024096386,0.35,True,True,0,10,1.0,27,14,0.6585365853658537,0.45,141,0.0,0.05,0.05,0.0,0.0
deletion,0.05,0.7,,ordered,0.0,48,22,False,0.3125176376945417,0.3166531614310186,0.0,0.6551724137931034,0.352,True,True,0,11,1.0,27,14,0.6585365853658537,0.4,156,0.0,0.05,0.05,0.0,0.0
deletion,0.05,0.7,,ordered,0.0,48,23,False,0.2843882282709063,0.28748987107326396,0.0,0.6477272727272727,0.3543307086614173,True,True,0,12,1.0,28,16,0.6363636363636364,0.5,171,0.0,0.05,0.05,0.0,0.0
deletion,0.05,0.7,,ordered,0.0,48,24,False,0.2757911712031797,0.27811740330494794,0.0,0.6483516483516484,0.3458646616541353,True,True,0,13,1.0,26,11,0.7027027027027027,0.5,181,0.0,0.05,0.05,0.0,0.0
deletion,0.05,0.7,,ordered,0.0,48,25,False,0.26934337840238476,0.27108805247871093,0.0,0.638095238095238,0.36363636363636365,True,True,0,14,1.0,29,8,0.7837837837837838,0.55,189,0.0,0.05,0.05,0.0,0.0
deletion,0.05,0.7,,ordered,0.0,48,26,False,0.2707575338017886,0.2720660393590332,0.0,0.6216216216216216,0.37583892617449666,True,True,0,15,1.0,33,10,0.7674418604651163,0.5,209,0.0,0.05,0.05,0.0,0.0
deletion,0.05,0.7,,ordered,0.0,48,27,False,0.26556815035134146,0.2665495295192749,0.0,0.6324786324786325,0.3630573248407643,True,True,0,16,1.0,35,11,0.7608695652173914,0.5,223,0.0,0.05,0.05,0.0,0.0
deletion,0.05,0.7,,ordered,0.0,48,28,False,0.2616761127635061,0.26241214713945615,0.0,0.616,0.37349397590361444,False,True,0,16,1.0,24,13,0.6486486486486487,0.55,247,0.0,0.05,0.05,0.0,0.0
deletion,0.05,0.7,,ordered,0.0,48,29,False,0.26500708457262956,0.2655591103545921,0.0,0.6230769230769231,0.36416184971098264,False,True,0,16,1.0,27,11,0.7105263157894737,0.45,274,0.0,0.05,0.05,0.0,0.0
deletion,0.05,0.7,,ordered,0.0,48,30,False,0.2550053134294722,0.2554193327659441,0.0,0.6323529411764706,0.3595505617977528,True,True,0,17,1.0,21,15,0.5833333333333334,0.4,261,0.0,0.05,0.05,0.0,0.0
deletion,0.05,0.7,,ordered,0.0,48,31,False,0.24125398507210413,0.24156449957445808,0.0,0.6197183098591549,0.3675675675675676,True,True,0,18,1.0,33,9,0.7857142857142857,0.4,280,0.0,0.05,0.05,0.0,0.0
deletion,0.05,0.7,,ordered,0.0,48,32,False,0.23094048880407808,0.23117337468084354,0.0,0.6164383561643836,0.3684210526315789,True,True,0,19,1.0,30,8,0.7894736842105263,0.5,299,0.0,0.05,0.05,0.0,0.0
deletion,0.05,0.7,,ordered,0.0,48,33,False,0.23570536660305857,0.23588003101063265,0.0,0.610738255033557,0.3711340206185567,True,True,0,20,1.0,36,16,0.6923076923076923,0.6,320,0.0,0.05,0.05,0.0,0.0
deletion,0.05,0.7,,ordered,0.0,48,34,False,0.25177902495229393,0.2519100232579745,0.0,0.6050955414012739,0.37438423645320196,True,True,0,21,1.0,24,11,0.6857142857142857,0.5,333,0.0,0.05,0.05,0.0,0.0
deletion,0.05,0.7,,ordered,0.0,48,35,False,0.25133426871422043,0.2514325174434809,0.0,0.6073619631901841,0.37320574162679426,True,True,0,22,1.0,25,11,0.6944444444444444,0.45,349,0.0,0.05,0.05,0.0,0.0
deletion,0.05,0.7,,ordered,0.0,48,36,False,0.24475070153566533,0.24482438808261067,0.0,0.6047904191616766,0.37209302325581395,True,True,0,23,1.0,24,11,0.6857142857142857,0.45,360,0.0,0.05,0.05,0.0,0.0
deletion,0.05,0.7,,ordered,0.0,48,37,False,0.239813026151749,0.239868291061958,0.0,0.6045197740112994,0.37668161434977576,True,True,0,24,1.0,22,12,0.6470588235294118,0.5,373,0.0,0.05,0.05,0.0,0.0
deletion,0.05,0.7,,ordered,0.0,48,38,False,0.24235976961381175,0.2424012182964685,0.0,0.6022099447513812,0.3739130434782609,True,True,0,25,1.0,32,16,0.6666666666666666,0.4,390,0.0,0.05,0.05,0.0,0.0
deletion,0.05,0.7,,ordered,0.0,48,39,False,0.2317698272103588,0.23180091372235134,0.0,0.6129032258064516,0.3686440677966102,False,True,0,25,1.0,30,12,0.7142857142857143,0.6,420,0.0,0.05,0.05,0.0,0.0
deletion,0.05,0.7,,ordered,0.0,49,0,False,0.0,0.0,0.0,0.0,1.0,False,True,0,0,0.1,0,0,0.0,0.0,0,0.0,0.05,0.05,0.0,0.0
deletion,0.05,0.7,,ordered,0.0,49,1,False,0.0,0.0,0.16666666666666666,0.16666666666666666,0.8076923076923077,False,True,0,0,0.2,4,42,0.08695652173913043,1.0,4,0.0,0.05,0.05,0.0,0.0
deletion,0.05,0.7,,ordered,0.0,49,2,False,0.05654761904761905,0.14583333333333334,0.2222222222222222,0.2222222222222222,0.696969696969697,False,True,0,0,0.2,14,30,0.3181818181818182,0.6111111111111112,18,0.0,0.05,0.05,0.0,0.0
deletion,0.05,0.7,,ordered,0.0,49,3,False,0.10491071428571429,0.21354166666666669,0.3,0.3,0.675,False,True,0,0,0.2,3,37,0.075,0.65,21,0.0,0.05,0.05,0.0,0.0
deletion,0.05,0.7,,ordered,0.0,49,4,False,0.1599330357142857,0.27890625,0.46153846153846156,0.46153846153846156,0.6041666666666666,True,True,0,1,0.2,7,31,0.18421052631578946,0.7894736842105263,19,0.0,0.05,0.05,0.0,0.0
deletion,0.05,0.7,,ordered,0.0,49,5,False,0.24119037828947368,0.36555620571862346,0.5,0.5,0.5740740740740741,False,True,0,1,0.3,8,35,0.18604651162790697,0.8,27,0.0,0.05,0.05000000000000001,6.938893903907228e-18,0.0
deletion,0.05,0.7,,ordered,0.0,49,6,False,0.316607069431391,0.43666715428896763,0.5,0.5,0.559322033898305,False,True,0,1,0.4,4,38,0.09523809523809523,0.85,31,0.0,0.05,0.05,0.0,0.0
deletion,0.05,0.7,,ordered,0.0,49,7,False,0.38120530207354325,0.4962503657167257,0.5,0.5652173913043478,0.53125,False,True,0,1,0.4,8,29,0.21621621621621623,0.8,39,0.0,0.05,0.05,0.0,0.0
deletion,0.05,0.7,,ordered,0.0,49,8,False,0.42697540512658605,0.5346877742875443,0.5,0.6,0.5072463768115942,False,True,0,1,0.5,14,30,0.3181818181818182,0.8,53,0.0,0.05,0.05,0.0,0.0
deletion,0.05,0.7,,ordered,0.0,49,9,False,0.4613029824163681,0.5635158307156583,0.5,0.6153846153846154,0.49333333333333335,True,True,0,2,0.6,13,30,0.3023255813953488,0.7,38,0.0,0.05,0.05000000000000001,6.938893903907228e-18,0.0
deletion,0.05,0.7,,ordered,0.0,49,10,False,0.48526295109799034,0.5726368730367437,0.45,0.6363636363636364,0.47560975609756095,True,True,0,3,0.7,14,25,0.358974358974359,0.6,46,0.0,0.05,0.05,0.0,0.0
deletion,0.05,0.7,,ordered,0.0,49,11,False,0.48984007046634986,0.5607276547775578,0.35,0.6,0.4883720930232558,True,True,0,4,0.7,23,24,0.48936170212765956,0.55,55,0.0,0.05,0.05,0.0,0.0
deletion,0.05,0.7,,ordered,0.0,49,12,False,0.4727371957069053,0.5330457410831684,0.2,0.5641025641025641,0.4888888888888889,True,True,0,5,0.7,21,25,0.45652173913043476,0.45,69,0.0,0.05,0.05,0.0,0.0
deletion,0.05,0.7,,ordered,0.0,49,13,False,0.4268743253516075,0.4810343058123763,0.2,0.5952380952380952,0.46808510638297873,False,True,0,5,0.8,19,23,0.4523809523809524,0.65,88,0.0,0.05,0.05,0.0,0.0
deletion,0.05,0.7,,ordered,0.0,49,14,False,0.41033431544227705,0.4670257293592822,0.05,0.5833333333333334,0.46078431372549017,True,True,0,6,0.9,31,14,0.6888888888888889,0.55,96,0.0,0.05,0.05,0.0,0.0
deletion,0.05,0.7,,ordered,0.0,49,15,False,0.37382216515313643,0.42526929701946165,0.0,0.5714285714285714,0.46788990825688076,False,True,0,6,1.0,24,13,0.6486486486486487,0.65,120,0.0,0.05,0.05,0.0,0.0
deletion,0.05,0.7,,ordered,0.0,49,16,False,0.36161662386485227,0.40020197276459624,0.0,0.5555555555555556,0.4700854700854701,True,True,0,7,1.0,37,9,0.8043478260869565,0.6,131,0.0,0.05,0.05,0.0,0.0
deletion,0.05,0.7,,ordered,0.0,49,17,False,0.34621246789863924,0.3751514795734472,0.0,0.5671641791044776,0.45901639344262296,True,True,0,8,1.0,33,20,0.6226415094339622,0.65,148,0.0,0.05,0.05,0.0,0.0
deletion,0.05,0.7,,ordered,0.0,49,18,False,0.34090935092397945,0.3626136096800854,0.0,0.5774647887323944,0.4453125,True,True,0,9,1.0,29,10,0.7435897435897436,0.7,164,0.0,0.05,0.05,0.0,0.0
deletion,0.05,0.7,,ordered,0.0,49,19,False,0.3431820131929845,0.359460207260064,0.0,0.589041095890411,0.4418604651162791,False,True,0,9,1.0,34,10,0.7727272727272727,0.5,198,0.0,0.05,0.05,0.0,0.0
deletion,0.05,0.7,,ordered,0.0,49,20,False,0.3198865098947384,0.332095155445048,0.0,0.5897435897435898,0.44360902255639095,True,True,0,10,1.0,33,9,0.7857142857142857,0.45,203,0.0,0.05,0.05,0.0,0.0
deletion,0.05,0.7,,ordered,0.0,49,21,False,0.2961648824210538,0.305321366583786,0.0,0.5813953488372093,0.44680851063829785,True,True,0,11,1.0,23,9,0.71875,0.55,212,0.0,0.05,0.05,0.0,0.0
deletion,0.05,0.7,,ordered,0.0,49,22,False,0.2908736618157904,0.2977410249378395,0.0,0.5777777777777777,0.4520547945205479,True,True,0,12,1.0,34,13,0.723404255319149,0.45,228,0.0,0.05,0.05,0.0,0.0
deletion,0.05,0.7,,ordered,0.0,49,23,False,0.27440524636184277,0.2795557687033796,0.0,0.5578947368421052,0.46,True,True,0,13,1.0,30,7,0.8108108108108109,0.4,240,0.0,0.05,0.05,0.0,0.0
deletion,0.05,0.7,,ordered,0.0,49,24,False,0.2558039347713821,0.2596668265275347,0.0,0.5643564356435643,0.45222929936305734,True,True,0,14,1.0,27,14,0.6585365853658537,0.45,256,0.0,0.05,0.05,0.0,0.0
deletion,0.05,0.7,,ordered,0.0,49,25,False,0.24810295107853658,0.251000119895651,0.0,0.5462962962962963,0.4634146341463415,True,True,0,15,1.0,28,9,0.7567567567567568,0.45,268,0.0,0.05,0.05,0.0,0.0
deletion,0.05,0.7,,ordered,0.0,49,26,False,0.24232721330890244,0.24450008992173825,0.0,0.5446428571428571,0.46745562130177515,True,True,0,16,1.0,31,11,0.7380952380952381,0.5,283,0.0,0.05,0.05,0.0,0.0
deletion,0.05,0.7,,ordered,0.0,49,27,False,0.24424540998167682,0.2458750674413037,0.0,0.5384615384615384,0.47093023255813954,True,True,0,17,1.0,30,11,0.7317073170731707,0.55,300,0.0,0.05,0.05,0.0,0.0
deletion,0.05,0.7,,ordered,0.0,49,28,False,0.2519340574862576,0.25315630058097777,0.0,0.544,0.46408839779005523,True,True,0,18,1.0,27,14,0.6585365853658537,0.5,312,0.0,0.05,0.05,0.0,0.0
deletion,0.05,0.7,,ordered,0.0,49,29,False,0.2514505431146932,0.2523672254357333,0.0,0.5488721804511278,0.4627659574468085,True,True,0,19,1.0,27,10,0.7297297297297297,0.3,323,0.0,0.05,0.05,0.0,0.0
deletion,0.05,0.7,,ordered,0.0,49,30,False,0.22608790733601994,0.2267754190768,0.0,0.5474452554744526,0.4587628865979381,True,True,0,20,1.0,24,15,0.6153846153846154,0.35,335,0.0,0.05,0.05,0.0,0.0
deletion,0.05,0.7,,ordered,0.0,49,31,False,0.21331593050201494,0.21383156430759998,0.0,0.55,0.45226130653266333,False,True,0,20,1.0,29,16,0.6444444444444445,0.35,364,0.0,0.05,0.05,0.0,0.0
deletion,0.05,0.7,,ordered,0.0,49,32,False,0.2037369478765112,0.20412367323069996,0.0,0.5563380281690141,0.44390243902439025,True,True,0,21,1.0,23,23,0.5,0.6,361,0.0,0.05,0.05,0.0,0.0
deletion,0.05,0.7,,ordered,0.0,49,33,False,0.2278027109073834,0.228092754923025,0.0,0.547945205479452,0.44549763033175355,True,True,0,22,1.0,34,15,0.6938775510204082,0.55,374,0.0,0.05,0.05,0.0,0.0
deletion,0.05,0.7,,ordered,0.0,49,34,False,0.23960203318053758,0.23981956619226877,0.0,0.535483870967742,0.45662100456621,False,True,0,22,1.0,26,9,0.7428571428571429,0.35,400,0.0,0.05,0.05,0.0,0.0
deletion,0.05,0.7,,ordered,0.0,49,35,False,0.22345152488540318,0.2236146746442016,0.0,0.5345911949685535,0.45739910313901344,False,True,0,22,1.0,36,9,0.8,0.55,436,0.0,0.05,0.05,0.0,0.0
deletion,0.05,0.7,,ordered,0.0,49,36,False,0.2363386436640524,0.2364610059831512,0.0,0.5421686746987951,0.45217391304347826,False,True,0,22,1.0,26,7,0.7878787878787878,0.6,462,0.0,0.05,0.05,0.0,0.0
deletion,0.05,0.7,,ordered,0.0,49,37,False,0.2522539827480393,0.2523457544873634,0.0,0.5384615384615384,0.452991452991453,True,True,0,23,1.0,28,14,0.6666666666666666,0.65,424,0.0,0.05,0.05,0.0,0.0
deletion,0.05,0.7,,ordered,0.0,49,38,False,0.27044048706102947,0.27050931586552257,0.0,0.5348837209302325,0.45416666666666666,True,True,0,24,1.0,28,20,0.5833333333333334,0.55,440,0.0,0.05,0.05,0.0,0.0
deletion,0.05,0.7,,ordered,0.0,49,39,False,0.27158036529577206,0.2716319868991419,0.0,0.5388888888888889,0.4538152610441767,False,True,0,24,1.0,20,16,0.5555555555555556,0.5,460,0.0,0.05,0.05,0.0,0.0
deletion,0.05,0.7,,ordered,0.0,50,0,False,0.0,0.0,0.0,0.0,1.0,False,True,0,0,0.0,0,0,0.0,0.0,0,0.0,0.05,0.05,0.0,0.0
deletion,0.05,0.7,,ordered,0.0,50,1,False,0.0,0.0,0.21052631578947367,0.21052631578947367,0.8214285714285714,False,True,0,0,0.1,0,42,0.0,0.0,0,0.0,0.05,0.05,0.0,0.0
deletion,0.05,0.7,,ordered,0.0,50,2,False,0.05263157894736842,0.05263157894736842,0.25,0.34782608695652173,0.7058823529411765,False,True,0,0,0.1,2,44,0.043478260869565216,0.0,2,0.0,0.05,0.05,0.0,0.0
deletion,0.05,0.7,,ordered,0.0,50,3,False,0.0975093984962406,0.10197368421052631,0.25,0.4,0.6486486486486487,False,True,0,0,0.3,0,43,0.0,0.0,2,0.0,0.05,0.05000000000000001,6.938893903907228e-18,0.0
deletion,0.05,0.7,,ordered,0.0,50,4,False,0.12670347744360902,0.13898026315789475,0.15,0.43333333333333335,0.627906976744186,True,True,0,1,0.5,9,30,0.23076923076923078,0.6666666666666666,9,0.0,0.05,0.05,0.0,0.0
deletion,0.05,0.7,,ordered,0.0,50,5,False,0.1602061795112782,0.20631853070175438,0.05,0.42857142857142855,0.6170212765957447,True,True,0,2,0.7,16,28,0.36363636363636365,0.6111111111111112,18,0.0,0.05,0.05,0.0,0.0
deletion,0.05,0.7,,ordered,0.0,50,6,False,0.182753840982665,0.2373777869152047,0.05,0.4166666666666667,0.6,True,True,0,3,0.7,16,28,0.36363636363636365,0.6,24,0.0,0.05,0.05,0.0,0.0
deletion,0.05,0.7,,ordered,0.0,50,7,False,0.19867252359414161,0.25928334018640353,0.05,0.45454545454545453,0.5789473684210527,False,True,0,3,0.7,11,23,0.3235294117647059,0.6,35,0.0,0.05,0.05,0.0,0.0
deletion,0.05,0.7,,ordered,0.0,50,8,False,0.21061153555274909,0.27571250513980267,0.0,0.46938775510204084,0.5555555555555556,True,True,0,4,0.7,13,23,0.3611111111111111,0.45,39,0.0,0.05,0.05,0.0,0.0
deletion,0.05,0.7,,ordered,0.0,50,9,False,0.19813722309313325,0.26303437885485204,0.0,0.49056603773584906,0.5294117647058824,True,True,0,5,0.7,12,29,0.2926829268292683,0.5,46,0.0,0.05,0.05,0.0,0.0
deletion,0.05,0.7,,ordered,0.0,50,10,False,0.19324577446270705,0.259775784141139,0.0,0.49122807017543857,0.5135135135135135,False,True,0,5,0.7,19,26,0.4222222222222222,0.35,65,0.0,0.05,0.05,0.0,0.0
deletion,0.05,0.7,,ordered,0.0,50,11,False,0.1761843308470303,0.23858183810585426,0.0,0.5,0.5,False,True,0,5,0.8,15,26,0.36585365853658536,0.55,80,0.0,0.05,0.05,0.0,0.0
deletion,0.05,0.7,,ordered,0.0,50,12,False,0.1812453909924156,0.24768637857939071,0.0,0.4925373134328358,0.5,True,True,0,6,0.9,15,17,0.46875,0.6,76,0.0,0.05,0.05,0.0,0.0
deletion,0.05,0.7,,ordered,0.0,50,13,False,0.200219757530026,0.26076478393454305,0.0,0.4714285714285714,0.5168539325842697,False,True,0,6,1.0,26,11,0.7027027027027027,0.55,102,0.0,0.05,0.05,0.0,0.0
deletion,0.05,0.7,,ordered,0.0,50,14,False,0.21891481814751948,0.26432358795090727,0.0,0.4794520547945205,0.5053763440860215,True,True,0,7,1.0,27,11,0.7105263157894737,0.8,96,0.0,0.05,0.05,0.0,0.0
deletion,0.05,0.7,,ordered,0.0,50,15,False,0.2641861136106396,0.29824269096318046,0.0,0.4810126582278481,0.5050505050505051,True,True,0,8,1.0,26,14,0.65,0.55,108,0.0,0.05,0.05,0.0,0.0
deletion,0.05,0.7,,ordered,0.0,50,16,False,0.26688958520797973,0.29243201822238535,0.0,0.47560975609756095,0.5048543689320388,True,True,0,9,1.0,33,9,0.7857142857142857,0.6,125,0.0,0.05,0.05,0.0,0.0
deletion,0.05,0.7,,ordered,0.0,50,17,False,0.2751671889059848,0.294324013666789,0.0,0.47674418604651164,0.5,True,True,0,10,1.0,32,15,0.6808510638297872,0.5,140,0.0,0.05,0.05,0.0,0.0
deletion,0.05,0.7,,ordered,0.0,50,18,False,0.2688753916794886,0.28324301025009174,0.0,0.4891304347826087,0.4827586206896552,True,True,0,11,1.0,34,13,0.723404255319149,0.55,154,0.0,0.05,0.05,0.0,0.0
deletion,0.05,0.7,,ordered,0.0,50,19,False,0.2704065437596164,0.28118225768756877,0.0,0.4948453608247423,0.4793388429752066,True,True,0,12,1.0,33,7,0.825,0.55,171,0.0,0.05,0.05,0.0,0.0
deletion,0.05,0.7,,ordered,0.0,50,20,False,0.2715549078197123,0.2796366932656766,0.0,0.5,0.4838709677419355,True,True,0,13,1.0,26,12,0.6842105263157895,0.5,185,0.0,0.05,0.05,0.0,0.0
deletion,0.05,0.7,,ordered,0.0,50,21,False,0.2661661808647842,0.2722275199492574,0.0,0.4953271028037383,0.4883720930232558,True,True,0,14,1.0,22,14,0.6111111111111112,0.55,192,0.0,0.05,0.05,0.0,0.0
deletion,0.05,0.7,,ordered,0.0,50,22,False,0.26837463564858816,0.27292063996194305,0.0,0.5130434782608696,0.4676258992805755,False,True,0,14,1.0,24,11,0.6857142857142857,0.5,216,0.0,0.05,0.05,0.0,0.0
deletion,0.05,0.7,,ordered,0.0,50,23,False,0.26378097673644113,0.2671904799714573,0.0,0.5203252032520326,0.4657534246575342,True,True,0,15,1.0,28,15,0.6511627906976745,0.55,220,0.0,0.05,0.05,0.0,0.0
deletion,0.05,0.7,,ordered,0.0,50,24,False,0.26658573255233087,0.269142859978593,0.0,0.5238095238095238,0.46,True,True,0,16,1.0,29,16,0.6444444444444445,0.5,236,0.0,0.05,0.05,0.0,0.0
deletion,0.05,0.7,,ordered,0.0,50,25,False,0.26243929941424815,0.26435714498394475,0.0,0.5303030303030303,0.44936708860759494,True,True,0,17,1.0,23,14,0.6216216216216216,0.5,247,0.0,0.05,0.05,0.0,0.0
deletion,0.05,0.7,,ordered,0.0,50,26,False,0.2593294745606861,0.26076785873795855,0.0,0.5328467153284672,0.4451219512195122,True,True,0,18,1.0,29,20,0.5918367346938775,0.5,260,0.0,0.05,0.05,0.0,0.0
deletion,0.05,0.7,,ordered,0.0,50,27,False,0.2569971059205146,0.2580758940534689,0.0,0.5244755244755245,0.4556213017751479,True,True,0,19,1.0,33,10,0.7674418604651163,0.65,282,0.0,0.05,0.05,0.0,0.0
deletion,0.05,0.7,,ordered,0.0,50,28,False,0.2739978294403859,0.2748069205401017,0.0,0.5231788079470199,0.4576271186440678,True,True,0,20,1.0,35,9,0.7954545454545454,0.6,304,0.0,0.05,0.05,0.0,0.0
deletion,0.05,0.7,,ordered,0.0,50,29,False,0.28049837208028944,0.28110519040507626,0.0,0.5031847133757962,0.47282608695652173,True,True,0,21,1.0,28,13,0.6829268292682927,0.45,320,0.0,0.05,0.05,0.0,0.0
deletion,0.05,0.7,,ordered,0.0,50,30,False,0.2666237790602171,0.2670788928038072,0.0,0.5121951219512195,0.46842105263157896,True,True,0,22,1.0,31,13,0.7045454545454546,0.5,333,0.0,0.05,0.05,0.0,0.0
deletion,0.05,0.7,,ordered,0.0,50,31,False,0.26246783429516285,0.2628091696028554,0.0,0.5178571428571429,0.4639175257731959,False,True,0,22,1.0,30,13,0.6976744186046512,0.55,363,0.0,0.05,0.05,0.0,0.0
deletion,0.05,0.7,,ordered,0.0,50,32,False,0.26560087572137214,0.2658568772021416,0.0,0.5085714285714286,0.47029702970297027,True,True,0,23,1.0,28,14,0.6666666666666666,0.65,365,0.0,0.05,0.05,0.0,0.0
deletion,0.05,0.7,,ordered,0.0,50,33,False,0.2804506567910291,0.2806426579016062,0.0,0.5083798882681564,0.47342995169082125,True,True,0,24,1.0,34,13,0.723404255319149,0.7,385,0.0,0.05,0.05,0.0,0.0
deletion,0.05,0.7,,ordered,0.0,50,34,False,0.2978379925932718,0.2979819934262047,0.0,0.5081081081081081,0.4716981132075472,True,True,0,25,1.0,28,11,0.717948717948718,0.6,401,0.0,0.05,0.05,0.0,0.0
deletion,0.05,0.7,,ordered,0.0,50,35,False,0.2983784944449539,0.2984864950696535,0.0,0.5053191489361702,0.4744186046511628,False,True,0,25,1.0,25,17,0.5952380952380952,0.35,426,0.0,0.05,0.05,0.0,0.0
deletion,0.05,0.7,,ordered,0.0,50,36,False,0.26753387083371544,0.26761487130224015,0.0,0.5177664974619289,0.4666666666666667,True,True,0,26,1.0,26,12,0.6842105263157895,0.4,427,0.0,0.05,0.05,0.0,0.0
deletion,0.05,0.7,,ordered,0.0,50,37,False,0.2506504031252866,0.2507111534766801,0.0,0.5174129353233831,0.46320346320346323,True,True,0,27,1.0,33,14,0.7021276595744681,0.4,447,0.0,0.05,0.05,0.0,0.0
deletion,0.05,0.7,,ordered,0.0,50,38,False,0.23798780234396494,0.23803336510751005,0.0,0.5285714285714286,0.4560669456066946,True,True,0,28,1.0,30,11,0.7317073170731707,0.5,461,0.0,0.05,0.05,0.0,0.0
deletion,0.05,0.7,,ordered,0.0,50,39,False,0.2409908517579737,0.24102502383063254,0.0,0.5258215962441315,0.4567901234567901,True,True,0,29,1.0,27,18,0.6,0.6,477,0.0,0.05,0.05,0.0,0.0
deletion,0.05,0.7,,ordered,0.0,51,0,False,0.0,0.0,0.0,0.0,1.0,False,True,0,0,0.0,0,0,0.0,0.0,0,0.0,0.05,0.05,0.0,0.0
deletion,0.05,0.7,,ordered,0.0,51,1,False,0.0,0.0,0.14285714285714285,0.14285714285714285,0.8709677419354839,False,True,0,0,0.2,0,45,0.0,0.0,0,0.0,0.05,0.05,0.0,0.0
deletion,0.05,0.7,,ordered,0.0,51,2,False,0.03571428571428571,0.03571428571428571,0.2777777777777778,0.2777777777777778,0.7777777777777778,False,True,0,0,0.3,4,34,0.10526315789473684,0.0,4,0.0,0.05,0.05000000000000001,6.938893903907228e-18,0.0
deletion,0.05,0.7,,ordered,0.0,51,3,False,0.08630952380952382,0.09623015873015874,0.2,0.3333333333333333,0.7209302325581395,True,True,0,1,0.3,11,33,0.25,0.5714285714285714,7,0.0,0.05,0.05000000000000001,6.938893903907228e-18,0.0
deletion,0.05,0.7,,ordered,0.0,51,4,False,0.12799744897959184,0.1425595238095238,0.05,0.36666666666666664,0.68,False,True,0,1,0.3,9,33,0.21428571428571427,0.625,16,0.0,0.05,0.05000000000000001,6.938893903907228e-18,0.0
deletion,0.05,0.7,,ordered,0.0,51,5,False,0.12903380102040818,0.19129464285714287,0.0,0.36363636363636365,0.6545454545454545,True,True,0,2,0.4,8,33,0.1951219512195122,0.6153846153846154,13,0.0,0.05,0.05,0.0,0.0
deletion,0.05,0.7,,ordered,0.0,51,6,False,0.1297423837323391,0.22039405906593407,0.05,0.4166666666666667,0.6229508196721312,False,True,0,2,0.4,12,32,0.2727272727272727,0.65,25,0.0,0.05,0.05,0.0,0.0
deletion,0.05,0.7,,ordered,0.0,51,7,False,0.14194964494211146,0.25279554429945056,0.0,0.42105263157894735,0.6,False,True,0,2,0.4,8,31,0.20512820512820512,0.65,33,0.0,0.05,0.05,0.0,0.0
deletion,0.05,0.7,,ordered,0.0,51,8,False,0.14128366227801217,0.2708466582245879,0.0,0.4883720930232558,0.5492957746478874,False,True,0,2,0.5,12,23,0.34285714285714286,0.65,45,0.0,0.05,0.05,0.0,0.0
deletion,0.05,0.7,,ordered,0.0,51,9,False,0.15239131813708057,0.28438499366844094,0.0,0.5306122448979592,0.5189873417721519,True,True,0,3,0.8,19,23,0.4523809523809524,0.45,39,0.0,0.05,0.05,0.0,0.0
deletion,0.05,0.7,,ordered,0.0,51,10,False,0.1705434886028104,0.2695387452513307,0.0,0.5535714285714286,0.5058823529411764,True,True,0,4,1.0,22,17,0.5641025641025641,0.25,49,0.0,0.05,0.05,0.0,0.0
deletion,0.05,0.7,,ordered,0.0,51,11,False,0.1591576164521078,0.23340405893849803,0.0,0.576271186440678,0.4835164835164835,False,True,0,4,1.0,31,13,0.7045454545454546,0.4,80,0.0,0.05,0.05,0.0,0.0
deletion,0.05,0.7,,ordered,0.0,51,12,False,0.16936821233908086,0.2250530442038735,0.0,0.5522388059701493,0.4948453608247423,True,True,0,5,1.0,32,6,0.8421052631578947,0.7,87,0.0,0.05,0.05,0.0,0.0
deletion,0.05,0.7,,ordered,0.0,51,13,False,0.21452615925431065,0.2562897831529051,0.0,0.5416666666666666,0.49514563106796117,False,True,0,5,1.0,28,9,0.7567567567567568,0.6,115,0.0,0.05,0.05,0.0,0.0
deletion,0.05,0.7,,ordered,0.0,51,14,False,0.23589461944073298,0.26721733736467884,0.0,0.5466666666666666,0.48148148148148145,True,True,0,6,1.0,28,16,0.6363636363636364,0.45,115,0.0,0.05,0.05,0.0,0.0
deletion,0.05,0.7,,ordered,0.0,51,15,False,0.23317096458054976,0.25666300302350914,0.0,0.5465116279069767,0.4789915966386555,True,True,0,7,1.0,19,15,0.5588235294117647,0.35,126,0.0,0.05,0.05,0.0,0.0
deletion,0.05,0.7,,ordered,0.0,51,16,False,0.2186282234354123,0.23624725226763188,0.0,0.5444444444444444,0.47580645161290325,True,True,0,8,1.0,31,9,0.775,0.6,143,0.0,0.05,0.05,0.0,0.0
deletion,0.05,0.7,,ordered,0.0,51,17,False,0.23897116757655926,0.2521854392007239,0.0,0.5416666666666666,0.48091603053435117,True,True,0,9,1.0,36,9,0.8,0.65,161,0.0,0.05,0.05,0.0,0.0
deletion,0.05,0.7,,ordered,0.0,51,18,False,0.26047837568241944,0.2703890794005429,0.0,0.5294117647058824,0.48175182481751827,False,True,0,9,1.0,28,11,0.717948717948718,0.6,189,0.0,0.05,0.05,0.0,0.0
deletion,0.05,0.7,,ordered,0.0,51,19,False,0.27035878176181455,0.27779180955040716,0.0,0.5420560747663551,0.4788732394366197,True,True,0,10,1.0,21,15,0.5833333333333334,0.65,182,0.0,0.05,0.05,0.0,0.0
deletion,0.05,0.7,,ordered,0.0,51,20,False,0.2840190863213609,0.2895938571628054,0.0,0.5213675213675214,0.48366013071895425,True,True,0,11,1.0,29,9,0.7631578947368421,0.6,194,0.0,0.05,0.05,0.0,0.0
deletion,0.05,0.7,,ordered,0.0,51,21,False,0.28801431474102074,0.29219539287210405,0.0,0.5333333333333333,0.4805194805194805,False,True,0,11,1.0,33,7,0.825,0.5,227,0.0,0.05,0.05,0.0,0.0
deletion,0.05,0.7,,ordered,0.0,51,22,False,0.27851073605576554,0.281646544654078,0.0,0.5348837209302325,0.4785276073619632,True,True,0,12,1.0,26,12,0.6842105263157895,0.65,225,0.0,0.05,0.05,0.0,0.0
deletion,0.05,0.7,,ordered,0.0,51,23,False,0.29013305204182416,0.2924849084905585,0.0,0.5223880597014925,0.48520710059171596,True,True,0,13,1.0,30,10,0.75,0.6,242,0.0,0.05,0.05,0.0,0.0
deletion,0.05,0.7,,ordered,0.0,51,24,False,0.29259978903136813,0.2943636813679189,0.0,0.5255474452554745,0.47701149425287354,True,True,0,14,1.0,30,9,0.7692307692307693,0.45,257,0.0,0.05,0.05,0.0,0.0
deletion,0.05,0.7,,ordered,0.0,51,25,False,0.2756998417735261,0.2770227610259392,0.0,0.5310344827586206,0.47513812154696133,False,True,0,14,1.0,27,16,0.627906976744186,0.45,284,0.0,0.05,0.05,0.0,0.0
deletion,0.05,0.7,,ordered,0.0,51,26,False,0.2630248813301446,0.2640170707694544,0.0,0.5231788079470199,0.4787234042553192,False,True,0,14,1.0,35,15,0.7,0.65,319,0.0,0.05,0.05,0.0,0.0
deletion,0.05,0.7,,ordered,0.0,51,27,False,0.2785186609976084,0.2792628030770908,0.0,0.5192307692307693,0.47692307692307695,False,True,0,14,1.0,31,11,0.7380952380952381,0.35,350,0.0,0.05,0.05,0.0,0.0
deletion,0.05,0.7,,ordered,0.0,51,28,False,0.2526389957482063,0.2531971023078181,0.0,0.50920245398773,0.48756218905472637,False,True,0,14,1.0,29,12,0.7073170731707317,0.75,379,0.0,0.05,0.05,0.0,0.0
deletion,0.05,0.7,,ordered,0.0,51,29,False,0.28322924681115474,0.2836478267308636,0.0,0.5119047619047619,0.4784688995215311,True,True,0,15,1.0,31,10,0.7560975609756098,0.45,336,0.0,0.05,0.05,0.0,0.0
deletion,0.05,0.7,,ordered,0.0,51,30,False,0.26867193510836607,0.2689858700481477,0.0,0.5176470588235295,0.4716981132075472,False,True,0,15,1.0,29,13,0.6904761904761905,0.7,365,0.0,0.05,0.05,0.0,0.0
deletion,0.05,0.7,,ordered,0.0,51,31,False,0.2890039513312746,0.2892394025361108,0.0,0.5287356321839081,0.4608294930875576,False,True,0,15,1.0,25,18,0.5813953488372093,0.4,390,0.0,0.05,0.05,0.0,0.0
deletion,0.05,0.7,,ordered,0.0,51,32,False,0.2667529634984559,0.2669295519020831,0.0,0.5271739130434783,0.46255506607929514,False,True,0,15,1.0,31,9,0.775,0.55,421,0.0,0.05,0.05,0.0,0.0
deletion,0.05,0.7,,ordered,0.0,51,33,False,0.268814722623842,0.26894716392656237,0.0,0.5343915343915344,0.46120689655172414,False,True,0,15,1.0,33,13,0.717391304347826,0.8,454,0.0,0.05,0.05,0.0,0.0
deletion,0.05,0.7,,ordered,0.0,51,34,False,0.30161104196788147,0.30171037294492176,0.0,0.5364583333333334,0.45569620253164556,True,True,0,16,1.0,37,17,0.6851851851851852,0.65,409,0.0,0.05,0.05,0.0,0.0
deletion,0.05,0.7,,ordered,0.0,51,35,False,0.3074582814759111,0.3075327797086913,0.0,0.5252525252525253,0.4596774193548387,False,True,0,16,1.0,19,15,0.5588235294117647,0.6,428,0.0,0.05,0.05,0.0,0.0
deletion,0.05,0.7,,ordered,0.0,51,36,False,0.30559371110693334,0.3056495847815185,0.0,0.5320197044334976,0.4581673306772908,False,True,0,16,1.0,23,11,0.6764705882352942,0.5,451,0.0,0.05,0.05,0.0,0.0
deletion,0.05,0.7,,ordered,0.0,51,37,False,0.2916952833302,0.29173718858613884,0.0,0.5263157894736842,0.46484375,True,True,0,17,1.0,29,10,0.7435897435897436,0.8,449,0.0,0.05,0.05,0.0,0.0
deletion,0.05,0.7,,ordered,0.0,51,38,False,0.31877146249765,0.31880289143960416,0.0,0.5211267605633803,0.46923076923076923,True,True,0,18,1.0,33,13,0.717391304347826,0.7,468,0.0,0.05,0.05,0.0,0.0
deletion,0.05,0.7,,ordered,0.0,51,39,False,0.32657859687323754,0.32660216857970314,0.0,0.5277777777777778,0.46387832699619774,True,True,0,19,1.0,28,20,0.5833333333333334,0.45,477,0.0,0.05,0.05,0.0,0.0
deletion,0.05,0.7,,ordered,0.5,42,0,False,0.0,0.0,0.0,0.0,1.0,False,True,0,0,0.1,0,0,0.0,0.0,0,0.0,0.05,0.05,0.0,0.0
deletion,0.05,0.7,,ordered,0.5,42,1,False,0.0,0.0,0.42857142857142855,0.42857142857142855,0.8181818181818182,False,True,0,0,0.5,4,48,0.07692307692307693,0.0,4,0.0,0.05,0.05,0.0,0.0
deletion,0.05,0.7,,ordered,0.5,42,2,False,0.06887755102040816,0.10714285714285714,0.5,0.5,0.7407407407407407,False,True,0,0,0.5,16,26,0.38095238095238093,0.0,20,0.0,0.05,0.05,0.0,0.0
deletion,0.05,0.7,,ordered,0.5,42,3,False,0.13201530612244897,0.20535714285714285,0.6666666666666666,0.6666666666666666,0.5882352941176471,True,True,0,1,0.6,12,26,0.3157894736842105,0.0,20,0.2,0.05,0.05000000000000001,6.938893903907228e-18,0.0
deletion,0.05,0.7,,ordered,0.5,42,4,False,0.20615433673469388,0.32068452380952384,0.6875,0.6875,0.5714285714285714,False,True,0,1,0.8,18,22,0.45,0.15,38,0.2,0.05,0.05,0.0,0.0
deletion,0.05,0.7,,ordered,0.5,42,5,False,0.25930325255102044,0.3452008928571429,0.65,0.7083333333333334,0.5227272727272727,False,True,0,1,0.8,17,18,0.4857142857142857,0.3,55,0.2,0.05,0.05,0.0,0.0
deletion,0.05,0.7,,ordered,0.5,42,6,False,0.31322743941326536,0.3776506696428572,0.55,0.6666666666666666,0.5217391304347826,True,True,0,2,0.8,20,27,0.425531914893617,0.3,61,0.4,0.05,0.05,0.0,0.0
deletion,0.05,0.7,,ordered,0.5,42,7,False,0.341170579559949,0.3894880022321429,0.35,0.6388888888888888,0.49122807017543857,False,True,0,2,0.9,17,19,0.4722222222222222,0.4,78,0.4,0.05,0.05,0.0,0.0
deletion,0.05,0.7,,ordered,0.5,42,8,False,0.3496279346699618,0.3858660016741072,0.3,0.6585365853658537,0.46774193548387094,True,True,0,3,1.0,28,14,0.6666666666666666,0.35,98,0.5,0.05,0.05,0.0,0.0
deletion,0.05,0.7,,ordered,0.5,42,9,False,0.3434709510024713,0.3706495012555804,0.25,0.6590909090909091,0.44776119402985076,True,True,0,4,1.0,23,17,0.575,0.35,115,0.9,0.05,0.05,0.0,0.0
deletion,0.05,0.7,,ordered,0.5,42,10,False,0.33260321325185344,0.3529871259416853,0.1,0.6170212765957447,0.4583333333333333,True,True,0,5,1.0,35,13,0.7291666666666666,0.6,147,0.9,0.05,0.05,0.0,0.0
deletion,0.05,0.7,,ordered,0.5,42,11,False,0.33695240993889014,0.35224034445626395,0.05,0.6296296296296297,0.45454545454545453,True,True,0,6,1.0,33,8,0.8048780487804879,0.7,177,1.0,0.05,0.05,0.0,0.0
deletion,0.05,0.7,,ordered,0.5,42,12,False,0.3464643074541676,0.35793025834219794,0.05,0.6101694915254238,0.4578313253012048,True,True,0,7,1.0,20,12,0.625,0.55,197,1.0,0.05,0.05,0.0,0.0
deletion,0.05,0.7,,ordered,0.5,42,13,False,0.3348482305906257,0.34344769375664846,0.05,0.6307692307692307,0.43333333333333335,False,True,0,7,1.0,29,14,0.6744186046511628,0.65,226,1.0,0.05,0.05,0.0,0.0
deletion,0.05,0.7,,ordered,0.5,42,14,False,0.3386361729429693,0.3450857703174864,0.05,0.6417910447761194,0.41935483870967744,True,True,0,8,1.0,36,11,0.7659574468085106,0.5,262,1.0,0.05,0.05,0.0,0.0
deletion,0.05,0.7,,ordered,0.5,42,15,False,0.322727129707227,0.32756432773811484,0.05,0.6388888888888888,0.422680412371134,True,True,0,9,1.0,33,15,0.6875,0.45,295,1.0,0.05,0.05,0.0,0.0
deletion,0.05,0.7,,ordered,0.5,42,16,False,0.3045453472804202,0.3081732458035861,0.05,0.6538461538461539,0.40384615384615385,True,True,0,10,1.0,22,17,0.5641025641025641,0.45,317,1.0,0.05,0.05,0.0,0.0
deletion,0.05,0.7,,ordered,0.5,42,17,False,0.2909090104603151,0.2936299343526896,0.05,0.6265060240963856,0.42201834862385323,False,True,0,10,1.0,35,12,0.7446808510638298,0.45,352,1.0,0.05,0.05,0.0,0.0
deletion,0.05,0.7,,ordered,0.5,42,18,False,0.28068175784523636,0.2827224507645172,0.0,0.6333333333333333,0.41739130434782606,True,True,0,11,1.0,37,5,0.8809523809523809,0.55,389,1.0,0.05,0.05,0.0,0.0
deletion,0.05,0.7,,ordered,0.5,42,19,False,0.27926131838392726,0.2807918380733879,0.0,0.6391752577319587,0.4065040650406504,False,True,0,11,1.0,26,10,0.7222222222222222,0.4,415,1.0,0.05,0.05,0.0,0.0
deletion,0.05,0.7,,ordered,0.5,42,20,False,0.25944598878794545,0.26059387855504096,0.0,0.64,0.40476190476190477,True,True,0,12,1.0,27,13,0.675,0.55,442,1.0,0.05,0.05,0.0,0.0
deletion,0.05,0.7,,ordered,0.5,42,21,False,0.26333449159095906,0.2641954089162807,0.0,0.6415094339622641,0.4015151515151515,True,True,0,13,1.0,33,9,0.7857142857142857,0.5,475,1.0,0.05,0.05,0.0,0.0
deletion,0.05,0.7,,ordered,0.5,42,22,False,0.2600008686932193,0.2606465566872105,0.0,0.6283185840707964,0.41007194244604317,True,True,0,14,1.0,24,16,0.6,0.45,499,1.0,0.05,0.05,0.0,0.0
deletion,0.05,0.7,,ordered,0.5,42,23,False,0.25125065151991455,0.2517349175154079,0.0,0.6239316239316239,0.4125874125874126,True,True,0,15,1.0,30,13,0.6976744186046512,0.55,529,1.0,0.05,0.05,0.0,0.0
deletion,0.05,0.7,,ordered,0.5,42,24,False,0.25718798863993586,0.2575511881365559,0.0,0.628099173553719,0.40540540540540543,True,True,0,16,1.0,26,14,0.65,0.6,555,1.0,0.05,0.05,0.0,0.0
deletion,0.05,0.7,,ordered,0.5,42,25,False,0.26789099147995193,0.26816339110241694,0.0,0.6260162601626016,0.3961038961038961,False,True,0,16,1.0,26,23,0.5306122448979592,0.6,581,1.0,0.05,0.05,0.0,0.0
deletion,0.05,0.7,,ordered,0.5,42,26,False,0.2759182436099639,0.2761225433268127,0.0,0.6299212598425197,0.39490445859872614,True,True,0,17,1.0,37,13,0.74,0.45,618,1.0,0.05,0.05,0.0,0.0
deletion,0.05,0.7,,ordered,0.5,42,27,False,0.2631886827074729,0.26334190749510955,0.0,0.6268656716417911,0.39156626506024095,False,True,0,17,1.0,21,14,0.6,0.5,639,1.0,0.05,0.05,0.0,0.0
deletion,0.05,0.7,,ordered,0.5,42,28,False,0.25989151203060473,0.26000643062133216,0.0,0.6258992805755396,0.38953488372093026,True,True,0,18,1.0,26,19,0.5777777777777777,0.6,665,1.0,0.05,0.05,0.0,0.0
deletion,0.05,0.7,,ordered,0.5,42,29,False,0.2699186340229535,0.27000482296599915,0.0,0.6275862068965518,0.3854748603351955,True,True,0,19,1.0,24,14,0.631578947368421,0.55,689,1.0,0.05,0.05,0.0,0.0
deletion,0.05,0.7,,ordered,0.5,42,30,False,0.27118897551721516,0.27125361722449937,0.0,0.6333333333333333,0.3804347826086957,False,True,0,19,1.0,30,16,0.6521739130434783,0.55,719,1.0,0.05,0.05,0.0,0.0
deletion,0.05,0.7,,ordered,0.5,42,31,False,0.2721417316379114,0.27219021291837453,0.0,0.6305732484076433,0.37823834196891193,True,True,0,20,1.0,26,14,0.65,0.5,745,1.0,0.05,0.05,0.0,0.0
deletion,0.05,0.7,,ordered,0.5,42,32,False,0.26660629872843356,0.26664265968878087,0.0,0.6419753086419753,0.37055837563451777,True,True,0,21,1.0,34,13,0.723404255319149,0.5,779,1.0,0.05,0.05,0.0,0.0
deletion,0.05,0.7,,ordered,0.5,42,33,False,0.26245472404632514,0.2624819947665856,0.0,0.6484848484848484,0.365,True,True,0,22,1.0,36,12,0.75,0.5,815,1.0,0.05,0.05,0.0,0.0
deletion,0.05,0.7,,ordered,0.5,42,34,False,0.25934104303474387,0.2593614960749392,0.0,0.6331360946745562,0.375,True,True,0,23,1.0,30,13,0.6976744186046512,0.65,845,1.0,0.05,0.05,0.0,0.0
deletion,0.05,0.7,,ordered,0.5,42,35,False,0.2757557822760579,0.2757711220562044,0.0,0.6285714285714286,0.37209302325581395,False,True,0,23,1.0,23,15,0.6052631578947368,0.65,868,1.0,0.05,0.05,0.0,0.0
deletion,0.05,0.7,,ordered,0.5,42,36,False,0.2880668367070434,0.2880783415421533,0.0,0.625,0.37333333333333335,False,True,0,23,1.0,27,16,0.627906976744186,0.6,895,1.0,0.05,0.05,0.0,0.0
deletion,0.05,0.7,,ordered,0.5,42,37,False,0.2910501275302826,0.291058756156615,0.0,0.6178010471204188,0.38095238095238093,True,True,0,24,1.0,31,8,0.7948717948717948,0.4,926,1.0,0.05,0.05,0.0,0.0
deletion,0.05,0.7,,ordered,0.5,42,38,False,0.26828759564771193,0.26829406711746123,0.0,0.6217616580310881,0.37606837606837606,True,True,0,25,1.0,26,11,0.7027027027027027,0.6,952,1.0,0.05,0.05,0.0,0.0
deletion,0.05,0.7,,ordered,0.5,42,39,False,0.27621569673578394,0.27622055033809595,0.0,0.615,0.3817427385892116,True,True,0,26,1.0,29,12,0.7073170731707317,0.5,981,1.0,0.05,0.05,0.0,0.0
deletion,0.05,0.7,,ordered,0.5,43,0,False,0.0,0.0,0.0,0.0,1.0,False,True,0,0,0.0,0,0,0.0,0.0,0,0.0,0.05,0.05,0.0,0.0
deletion,0.05,0.7,,ordered,0.5,43,1,False,0.0,0.0,0.09090909090909091,0.09090909090909091,0.8518518518518519,False,True,0,0,0.0,0,50,0.0,0.0,0,0.0,0.05,0.05,0.0,0.0
deletion,0.05,0.7,,ordered,0.5,43,2,False,0.022727272727272728,0.022727272727272728,0.29411764705882354,0.29411764705882354,0.7352941176470589,False,True,0,0,0.1,0,35,0.0,0.0,0,0.0,0.05,0.05,0.0,0.0
deletion,0.05,0.7,,ordered,0.5,43,3,False,0.09057486631016043,0.09057486631016043,0.4,0.42857142857142855,0.6190476190476191,False,True,0,0,0.2,1,37,0.02631578947368421,0.0,1,0.0,0.05,0.05,0.0,0.0
deletion,0.05,0.7,,ordered,0.5,43,4,False,0.16078829258976318,0.16793114973262033,0.35,0.48,0.574468085106383,False,True,0,0,0.5,1,36,0.02702702702702703,0.0,2,0.0,0.05,0.05,0.0,0.0
deletion,0.05,0.7,,ordered,0.5,43,5,False,0.18934121944232235,0.21344836229946523,0.3,0.5333333333333333,0.509090909090909,False,True,0,0,0.5,16,18,0.47058823529411764,0.3333333333333333,18,0.0,0.05,0.05,0.0,0.0
deletion,0.05,0.7,,ordered,0.5,43,6,False,0.21879162886745607,0.23508627172459895,0.25,0.53125,0.5172413793103449,False,True,0,0,0.5,10,32,0.23809523809523808,0.35,28,0.0,0.05,0.05,0.0,0.0
deletion,0.05,0.7,,ordered,0.5,43,7,False,0.23195086450773492,0.2388147037934492,0.2,0.5227272727272727,0.5072463768115942,True,True,0,1,0.5,14,21,0.4,0.45,21,0.1,0.05,0.05,0.0,0.0
deletion,0.05,0.7,,ordered,0.5,43,8,False,0.23735600552365832,0.2536227465950869,0.15,0.5416666666666666,0.47368421052631576,False,True,0,1,0.6,13,33,0.2826086956521739,0.5,34,0.1,0.05,0.05000000000000001,6.938893903907228e-18,0.0
deletion,0.05,0.7,,ordered,0.5,43,9,False,0.24051700414274374,0.27146705994631515,0.05,0.5294117647058824,0.4875,True,True,0,2,0.7,15,26,0.36585365853658536,0.55,40,0.4,0.05,0.05,0.0,0.0
deletion,0.05,0.7,,ordered,0.5,43,10,False,0.23753061024991498,0.27860029495973637,0.0,0.5272727272727272,0.4823529411764706,False,True,0,2,0.8,20,20,0.5,0.35,60,0.4,0.05,0.05,0.0,0.0
deletion,0.05,0.7,,ordered,0.5,43,11,False,0.21564795768743622,0.2527002212198023,0.0,0.5483870967741935,0.4574468085106383,True,True,0,3,0.8,18,20,0.47368421052631576,0.25,67,0.5,0.05,0.05,0.0,0.0
deletion,0.05,0.7,,ordered,0.5,43,12,False,0.18852168255129145,0.22077516591485172,0.0,0.546875,0.4583333333333333,True,True,0,4,0.8,22,23,0.4888888888888889,0.4,85,0.5,0.05,0.05,0.0,0.0
deletion,0.05,0.7,,ordered,0.5,43,13,False,0.18424840477061144,0.21558137443613878,0.0,0.5588235294117647,0.44554455445544555,False,True,0,4,0.9,21,23,0.4772727272727273,0.45,106,0.5,0.05,0.05,0.0,0.0
deletion,0.05,0.7,,ordered,0.5,43,14,False,0.1864005892922443,0.21793603082710408,0.0,0.5753424657534246,0.42990654205607476,True,True,0,5,0.9,24,21,0.5333333333333333,0.5,125,0.7,0.05,0.05,0.0,0.0
deletion,0.05,0.7,,ordered,0.5,43,15,False,0.19337187054061178,0.22595202312032805,0.0,0.5641025641025641,0.4188034188034188,True,True,0,6,1.0,26,21,0.5531914893617021,0.35,150,0.8,0.05,0.05,0.0,0.0
deletion,0.05,0.7,,ordered,0.5,43,16,False,0.18877890290545882,0.21321401734024603,0.0,0.5882352941176471,0.4065040650406504,True,True,0,7,1.0,29,13,0.6904761904761905,0.4,177,0.9,0.05,0.05,0.0,0.0
deletion,0.05,0.7,,ordered,0.5,43,17,False,0.19158417717909412,0.20991051300518454,0.0,0.5824175824175825,0.4108527131782946,True,True,0,8,1.0,29,13,0.6904761904761905,0.6,206,1.0,0.05,0.05,0.0,0.0
deletion,0.05,0.7,,ordered,0.5,43,18,False,0.2186881328843206,0.2324328847538884,0.0,0.5806451612903226,0.40298507462686567,True,True,0,9,1.0,32,15,0.6808510638297872,0.6,238,1.0,0.05,0.05,0.0,0.0
deletion,0.05,0.7,,ordered,0.5,43,19,False,0.23901609966324047,0.24932466356541633,0.0,0.5918367346938775,0.40441176470588236,True,True,0,10,1.0,24,15,0.6153846153846154,0.5,262,1.0,0.05,0.05,0.0,0.0
deletion,0.05,0.7,,ordered,0.5,43,20,False,0.24176207474743036,0.24949349767406226,0.0,0.5714285714285714,0.410958904109589,True,True,0,11,1.0,27,12,0.6923076923076923,0.55,289,1.0,0.05,0.05,0.0,0.0
deletion,0.05,0.7,,ordered,0.5,43,21,False,0.25007155606057274,0.2558701232555467,0.0,0.5663716814159292,0.41830065359477125,True,True,0,12,1.0,24,17,0.5853658536585366,0.6,313,1.0,0.05,0.05,0.0,0.0
deletion,0.05,0.7,,ordered,0.5,43,22,False,0.2625536670454296,0.26690259244166004,0.0,0.5677966101694916,0.4177215189873418,True,True,0,13,1.0,34,12,0.7391304347826086,0.55,347,1.0,0.05,0.05,0.0,0.0
deletion,0.05,0.7,,ordered,0.5,43,23,False,0.26566525028407223,0.26892694433124503,0.0,0.5737704918032787,0.4121212121212121,True,True,0,14,1.0,28,16,0.6363636363636364,0.45,375,1.0,0.05,0.05,0.0,0.0
deletion,0.05,0.7,,ordered,0.5,43,24,False,0.2554989377130542,0.2579452082484338,0.0,0.5859375,0.40588235294117647,False,True,0,14,1.0,28,14,0.6666666666666666,0.65,403,1.0,0.05,0.05,0.0,0.0
deletion,0.05,0.7,,ordered,0.5,43,25,False,0.2728742032847907,0.2747089061863254,0.0,0.5864661654135338,0.4057142857142857,False,True,0,14,1.0,27,13,0.675,0.5,430,1.0,0.05,0.05,0.0,0.0
deletion,0.05,0.7,,ordered,0.5,43,26,False,0.26715565246359296,0.268531679639744,0.0,0.5683453237410072,0.4198895027624309,False,True,0,14,1.0,34,7,0.8292682926829268,0.7,464,1.0,0.05,0.05,0.0,0.0
deletion,0.05,0.7,,ordered,0.5,43,27,False,0.28786673934769474,0.288898759729808,0.0,0.5724137931034483,0.4148936170212766,True,True,0,15,1.0,32,9,0.7804878048780488,0.55,496,1.0,0.05,0.05,0.0,0.0
deletion,0.05,0.7,,ordered,0.5,43,28,False,0.284650054510771,0.285424069797356,0.0,0.5629139072847682,0.42487046632124353,True,True,0,16,1.0,29,9,0.7631578947368421,0.55,525,1.0,0.05,0.05,0.0,0.0
deletion,0.05,0.7,,ordered,0.5,43,29,False,0.2822375408830783,0.28281805234801705,0.0,0.5612903225806452,0.42,False,True,0,16,1.0,28,10,0.7368421052631579,0.6,553,1.0,0.05,0.05,0.0,0.0
deletion,0.05,0.7,,ordered,0.5,43,30,False,0.2866781556623087,0.2871135392610128,0.0,0.577639751552795,0.4117647058823529,False,True,0,16,1.0,34,10,0.7727272727272727,0.45,587,1.0,0.05,0.05,0.0,0.0
deletion,0.05,0.7,,ordered,0.5,43,31,False,0.2712586167467316,0.2715851544457596,0.0,0.5843373493975904,0.40669856459330145,False,True,0,16,1.0,27,15,0.6428571428571429,0.45,614,1.0,0.05,0.05,0.0,0.0
deletion,0.05,0.7,,ordered,0.5,43,32,False,0.2596939625600487,0.2599388658343197,0.0,0.5919540229885057,0.4009216589861751,True,True,0,17,1.0,19,16,0.5428571428571428,0.55,633,1.0,0.05,0.05,0.0,0.0
deletion,0.05,0.7,,ordered,0.5,43,33,False,0.26352047192003647,0.26370414937573977,0.0,0.5810055865921788,0.4080717488789238,True,True,0,18,1.0,31,15,0.6739130434782609,0.45,664,1.0,0.05,0.05,0.0,0.0
deletion,0.05,0.7,,ordered,0.5,43,34,False,0.25389035394002735,0.25402811203180486,0.0,0.5797872340425532,0.41125541125541126,True,True,0,19,1.0,28,13,0.6829268292682927,0.35,692,1.0,0.05,0.05,0.0,0.0
deletion,0.05,0.7,,ordered,0.5,43,35,False,0.23416776545502055,0.23427108402385366,0.0,0.5846153846153846,0.40756302521008403,True,True,0,20,1.0,26,12,0.6842105263157895,0.5,718,1.0,0.05,0.05,0.0,0.0
deletion,0.05,0.7,,ordered,0.5,43,36,False,0.2381258240912654,0.23820331301789024,0.0,0.575,0.4139344262295082,True,True,0,21,1.0,36,10,0.782608695652174,0.6,754,1.0,0.05,0.05,0.0,0.0
deletion,0.05,0.7,,ordered,0.5,43,37,False,0.25359436806844904,0.2536524847634177,0.0,0.5686274509803921,0.42105263157894735,False,True,0,21,1.0,32,10,0.7619047619047619,0.55,786,1.0,0.05,0.05,0.0,0.0
deletion,0.05,0.7,,ordered,0.5,43,38,False,0.2589457760513368,0.2589893635725633,0.0,0.5761904761904761,0.41338582677165353,True,True,0,22,1.0,23,12,0.6571428571428571,0.4,809,1.0,0.05,0.05,0.0,0.0
deletion,0.05,0.7,,ordered,0.5,43,39,False,0.2442093320385026,0.24424202267942247,0.0,0.5787037037037037,0.4099616858237548,True,True,0,23,1.0,31,11,0.7380952380952381,0.55,840,1.0,0.05,0.05,0.0,0.0
deletion,0.05,0.7,,ordered,0.5,44,0,False,0.0,0.0,0.0,0.0,1.0,False,True,0,0,0.0,0,0,0.0,0.0,0,0.0,0.05,0.05,0.0,0.0
deletion,0.05,0.7,,ordered,0.5,44,1,False,0.0,0.0,0.3,0.3,0.72,False,True,0,0,0.0,0,43,0.0,0.0,0,0.0,0.05,0.05,0.0,0.0
deletion,0.05,0.7,,ordered,0.5,44,2,False,0.075,0.075,0.4166666666666667,0.4166666666666667,0.6785714285714286,False,True,0,0,0.1,0,43,0.0,0.0,0,0.0,0.05,0.05,0.0,0.0
deletion,0.05,0.7,,ordered,0.5,44,3,False,0.16041666666666665,0.16041666666666665,0.5625,0.5625,0.5714285714285714,False,True,0,0,0.2,2,36,0.05263157894736842,0.0,2,0.0,0.05,0.05,0.0,0.0
deletion,0.05,0.7,,ordered,0.5,44,4,False,0.25089285714285714,0.2609375,0.5789473684210527,0.5789473684210527,0.5384615384615384,False,True,0,0,0.4,2,33,0.05714285714285714,0.5,4,0.0,0.05,0.05,0.0,0.0
deletion,0.05,0.7,,ordered,0.5,44,5,False,0.33008693609022555,0.34043996710526314,0.6,0.6363636363636364,0.5,True,True,0,1,0.5,14,32,0.30434782608695654,0.6363636363636364,11,0.3,0.05,0.05,0.0,0.0
deletion,0.05,0.7,,ordered,0.5,44,6,False,0.3995132540157211,0.4098754298744019,0.5,0.6296296296296297,0.5,True,True,0,2,0.6,8,33,0.1951219512195122,0.4444444444444444,18,0.3,0.05,0.05000000000000001,6.938893903907228e-18,0.0
deletion,0.05,0.7,,ordered,0.5,44,7,False,0.4216587500356003,0.42899748149671046,0.3,0.5757575757575758,0.5185185185185185,False,True,0,2,0.7,18,25,0.4186046511627907,0.55,36,0.3,0.05,0.05,0.0,0.0
deletion,0.05,0.7,,ordered,0.5,44,8,False,0.4091012053838431,0.4279981111225329,0.2,0.5526315789473685,0.5254237288135594,False,True,0,2,0.7,20,27,0.425531914893617,0.65,56,0.3,0.05,0.05,0.0,0.0
deletion,0.05,0.7,,ordered,0.5,44,9,False,0.3889687611807395,0.4272485833418997,0.1,0.5476190476190477,0.5076923076923077,True,True,0,3,0.9,16,27,0.37209302325581395,0.5,53,0.5,0.05,0.05,0.0,0.0
deletion,0.05,0.7,,ordered,0.5,44,10,False,0.3595837137426975,0.39543643750642476,0.05,0.5416666666666666,0.5070422535211268,False,True,0,3,0.9,29,13,0.6904761904761905,0.7,82,0.5,0.05,0.05,0.0,0.0
deletion,0.05,0.7,,ordered,0.5,44,11,False,0.3518306424498802,0.3903273281298186,0.0,0.5185185185185185,0.5256410256410257,True,True,0,4,0.9,30,12,0.7142857142857143,0.85,92,0.8,0.05,0.05,0.0,0.0
deletion,0.05,0.7,,ordered,0.5,44,12,False,0.35494441040883873,0.39899549609736396,0.0,0.5344827586206896,0.5060240963855421,True,True,0,5,1.0,34,12,0.7391304347826086,0.65,124,0.9,0.05,0.05,0.0,0.0
deletion,0.05,0.7,,ordered,0.5,44,13,False,0.34745830780662906,0.380496622073023,0.0,0.5454545454545454,0.5,True,True,0,6,1.0,27,12,0.6923076923076923,0.8,150,0.9,0.05,0.05,0.0,0.0
deletion,0.05,0.7,,ordered,0.5,44,14,False,0.3605937308549718,0.3853724665547672,0.0,0.5714285714285714,0.4787234042553192,False,True,0,6,1.0,28,10,0.7368421052631579,0.5,178,0.9,0.05,0.05,0.0,0.0
deletion,0.05,0.7,,ordered,0.5,44,15,False,0.3329452981412289,0.35152934991607543,0.0,0.589041095890411,0.4639175257731959,True,True,0,7,1.0,34,15,0.6938775510204082,0.6,210,0.9,0.05,0.05,0.0,0.0
deletion,0.05,0.7,,ordered,0.5,44,16,False,0.3247089736059217,0.3386470124370566,0.0,0.5609756097560976,0.4811320754716981,False,True,0,7,1.0,26,8,0.7647058823529411,0.45,236,0.9,0.05,0.05,0.0,0.0
deletion,0.05,0.7,,ordered,0.5,44,17,False,0.29978173020444127,0.31023525932779245,0.0,0.5581395348837209,0.4774774774774775,True,True,0,8,1.0,29,12,0.7073170731707317,0.7,265,1.0,0.05,0.05,0.0,0.0
deletion,0.05,0.7,,ordered,0.5,44,18,False,0.312336297653331,0.32017644449584437,0.0,0.5666666666666667,0.46551724137931033,False,True,0,8,1.0,34,8,0.8095238095238095,0.55,299,1.0,0.05,0.05,0.0,0.0
deletion,0.05,0.7,,ordered,0.5,44,19,False,0.3030022232399982,0.3088823333718833,0.0,0.5625,0.47107438016528924,True,True,0,9,1.0,27,7,0.7941176470588235,0.6,326,1.0,0.05,0.05,0.0,0.0
deletion,0.05,0.7,,ordered,0.5,44,20,False,0.3022516674299987,0.3066617500289125,0.0,0.5686274509803921,0.4645669291338583,False,True,0,9,1.0,25,16,0.6097560975609756,0.55,351,1.0,0.05,0.05,0.0,0.0
deletion,0.05,0.7,,ordered,0.5,44,21,False,0.295438750572499,0.2987463125216844,0.0,0.5566037735849056,0.4696969696969697,True,True,0,10,1.0,32,11,0.7441860465116279,0.45,383,1.0,0.05,0.05,0.0,0.0
deletion,0.05,0.7,,ordered,0.5,44,22,False,0.27782906292937426,0.2803097343912633,0.0,0.5714285714285714,0.45652173913043476,True,True,0,11,1.0,28,12,0.7,0.6,411,1.0,0.05,0.05,0.0,0.0
deletion,0.05,0.7,,ordered,0.5,44,23,False,0.2833717971970307,0.28523230079344747,0.0,0.5739130434782609,0.44755244755244755,True,True,0,12,1.0,36,11,0.7659574468085106,0.45,447,1.0,0.05,0.05,0.0,0.0
deletion,0.05,0.7,,ordered,0.5,44,24,False,0.26877884789777307,0.27017422559508564,0.0,0.5950413223140496,0.43243243243243246,True,True,0,13,1.0,23,16,0.5897435897435898,0.55,470,1.0,0.05,0.05,0.0,0.0
deletion,0.05,0.7,,ordered,0.5,44,25,False,0.2703341359233298,0.2713806691963142,0.0,0.5923076923076923,0.43312101910828027,True,True,0,14,1.0,31,13,0.7045454545454546,0.5,501,1.0,0.05,0.05,0.0,0.0
deletion,0.05,0.7,,ordered,0.5,44,26,False,0.26525060194249733,0.2660355018972357,0.0,0.5925925925925926,0.4294478527607362,False,True,0,14,1.0,32,9,0.7804878048780488,0.45,533,1.0,0.05,0.05,0.0,0.0
deletion,0.05,0.7,,ordered,0.5,44,27,False,0.255187951456873,0.25577662642292676,0.0,0.5869565217391305,0.4311377245508982,True,True,0,15,1.0,24,18,0.5714285714285714,0.45,557,1.0,0.05,0.05,0.0,0.0
deletion,0.05,0.7,,ordered,0.5,44,28,False,0.24764096359265478,0.24808246981719506,0.0,0.5774647887323944,0.43859649122807015,True,True,0,16,1.0,33,7,0.825,0.45,590,1.0,0.05,0.05,0.0,0.0
deletion,0.05,0.7,,ordered,0.5,44,29,False,0.24198072269449106,0.2423118523628963,0.0,0.5724137931034483,0.4425287356321839,True,True,0,17,1.0,29,10,0.7435897435897436,0.65,619,1.0,0.05,0.05,0.0,0.0
deletion,0.05,0.7,,ordered,0.5,44,30,False,0.2627355420208683,0.2629838892721722,0.0,0.5714285714285714,0.4406779661016949,True,True,0,18,1.0,34,13,0.723404255319149,0.5,653,1.0,0.05,0.05,0.0,0.0
deletion,0.05,0.7,,ordered,0.5,44,31,False,0.2595516565156512,0.2597379169541292,0.0,0.5816993464052288,0.42702702702702705,True,True,0,19,1.0,28,14,0.6666666666666666,0.5,681,1.0,0.05,0.05,0.0,0.0
deletion,0.05,0.7,,ordered,0.5,44,32,False,0.25716374238673845,0.2573034377155969,0.0,0.5911949685534591,0.43157894736842106,True,True,0,20,1.0,33,13,0.717391304347826,0.5,714,1.0,0.05,0.05,0.0,0.0
deletion,0.05,0.7,,ordered,0.5,44,33,False,0.25537280679005386,0.25547757828669765,0.0,0.5773809523809523,0.43564356435643564,True,True,0,21,1.0,27,12,0.6923076923076923,0.45,741,1.0,0.05,0.05,0.0,0.0
deletion,0.05,0.7,,ordered,0.5,44,34,False,0.24777960509254035,0.24785818371502324,0.0,0.5862068965517241,0.4320388349514563,True,True,0,22,1.0,24,9,0.7272727272727273,0.5,765,1.0,0.05,0.05,0.0,0.0
deletion,0.05,0.7,,ordered,0.5,44,35,False,0.24833470381940528,0.24839363778626744,0.0,0.5875706214689266,0.430622009569378,True,True,0,23,1.0,29,17,0.6304347826086957,0.55,794,1.0,0.05,0.05,0.0,0.0
deletion,0.05,0.7,,ordered,0.5,44,36,False,0.255001027864554,0.25504522833970056,0.0,0.5783783783783784,0.4337899543378995,True,True,0,24,1.0,28,13,0.6829268292682927,0.5,822,1.0,0.05,0.05,0.0,0.0
deletion,0.05,0.7,,ordered,0.5,44,37,False,0.2537507708984155,0.25378392125477545,0.0,0.578125,0.43555555555555553,True,True,0,25,1.0,27,9,0.75,0.55,849,1.0,0.05,0.05,0.0,0.0
deletion,0.05,0.7,,ordered,0.5,44,38,False,0.25906307817381163,0.25908794094108156,0.0,0.5786802030456852,0.4329004329004329,True,True,0,26,1.0,29,9,0.7631578947368421,0.6,878,1.0,0.05,0.05,0.0,0.0
deletion,0.05,0.7,,ordered,0.5,44,39,False,0.2692973086303587,0.2693159557058112,0.0,0.5707317073170731,0.4393305439330544,True,True,0,27,1.0,30,9,0.7692307692307693,0.55,908,1.0,0.05,0.05,0.0,0.0
deletion,0.05,0.7,,ordered,0.5,45,0,False,0.0,0.0,0.0,0.0,1.0,False,True,0,0,0.2,0,0,0.0,0.0,0,0.0,0.05,0.05,0.0,0.0
deletion,0.05,0.7,,ordered,0.5,45,1,False,0.0,0.0,0.35294117647058826,0.35294117647058826,0.8064516129032258,True,True,0,1,0.4,5,39,0.11363636363636363,0.0,3,0.2,0.05,0.05,0.0,0.0
deletion,0.05,0.7,,ordered,0.5,45,2,False,0.06932773109243698,0.08823529411764706,0.42105263157894735,0.42105263157894735,0.7428571428571429,True,True,0,2,0.4,15,36,0.29411764705882354,0.35714285714285715,14,0.2,0.05,0.05,0.0,0.0
deletion,0.05,0.7,,ordered,0.5,45,3,False,0.15383521829784547,0.17143962848297212,0.4,0.42857142857142855,0.7105263157894737,False,True,0,2,0.6,5,33,0.13157894736842105,0.3157894736842105,19,0.2,0.05,0.05000000000000001,6.938893903907228e-18,0.0
deletion,0.05,0.7,,ordered,0.5,45,4,False,0.20936137612939912,0.2285797213622291,0.35,0.48,0.6521739130434783,True,True,0,3,0.8,16,23,0.41025641025641024,0.4,28,0.5,0.05,0.05,0.0,0.0
deletion,0.05,0.7,,ordered,0.5,45,5,False,0.24898531781133507,0.2651847910216718,0.35,0.5357142857142857,0.5882352941176471,True,True,0,4,0.9,29,16,0.6444444444444445,0.6,48,0.7,0.05,0.05,0.0,0.0
deletion,0.05,0.7,,ordered,0.5,45,6,False,0.3010247026442156,0.3176385932662539,0.3,0.5483870967741935,0.5714285714285714,False,True,0,4,1.0,28,16,0.6363636363636364,0.45,76,0.7,0.05,0.05,0.0,0.0
deletion,0.05,0.7,,ordered,0.5,45,7,False,0.31951852698316163,0.3319789449496904,0.2,0.4857142857142857,0.5833333333333334,False,True,0,4,1.0,35,11,0.7608695652173914,0.5,111,0.7,0.05,0.05,0.0,0.0
deletion,0.05,0.7,,ordered,0.5,45,8,False,0.3271388952373712,0.3364842087122678,0.2,0.5135135135135135,0.546875,False,True,0,4,1.0,36,9,0.8,0.65,147,0.7,0.05,0.05,0.0,0.0
deletion,0.05,0.7,,ordered,0.5,45,9,False,0.3516041714280284,0.35861315653420084,0.1,0.5238095238095238,0.5285714285714286,True,True,0,5,1.0,32,12,0.7272727272727273,0.6,167,0.8,0.05,0.05,0.0,0.0
deletion,0.05,0.7,,ordered,0.5,45,10,False,0.3512031285710213,0.3564598674006506,0.05,0.5217391304347826,0.527027027027027,True,True,0,6,1.0,32,13,0.7111111111111111,0.65,196,0.9,0.05,0.05,0.0,0.0
deletion,0.05,0.7,,ordered,0.5,45,11,False,0.35090234642826607,0.354844900550488,0.1,0.5686274509803921,0.4936708860759494,False,True,0,6,1.0,31,15,0.6739130434782609,0.6,227,0.9,0.05,0.05,0.0,0.0
deletion,0.05,0.7,,ordered,0.5,45,12,False,0.35067675982119956,0.35363367541286606,0.05,0.5370370370370371,0.5119047619047619,False,True,0,6,1.0,29,15,0.6590909090909091,0.6,256,0.9,0.05,0.05,0.0,0.0
deletion,0.05,0.7,,ordered,0.5,45,13,False,0.3442575698658996,0.34647525655964956,0.05,0.5357142857142857,0.5172413793103449,True,True,0,7,1.0,34,14,0.7083333333333334,0.5,290,1.0,0.05,0.05,0.0,0.0
deletion,0.05,0.7,,ordered,0.5,45,14,False,0.32694317739942474,0.32860644241973713,0.05,0.5079365079365079,0.5157894736842106,True,True,0,8,1.0,27,11,0.7105263157894737,0.55,317,1.0,0.05,0.05,0.0,0.0
deletion,0.05,0.7,,ordered,0.5,45,15,False,0.32020738304956853,0.32145483181480283,0.05,0.5428571428571428,0.49504950495049505,True,True,0,9,1.0,35,13,0.7291666666666666,0.35,352,1.0,0.05,0.05,0.0,0.0
deletion,0.05,0.7,,ordered,0.5,45,16,False,0.2901555372871764,0.29109112386110214,0.0,0.5263157894736842,0.5,False,True,0,9,1.0,31,14,0.6888888888888889,0.5,383,1.0,0.05,0.05,0.0,0.0
deletion,0.05,0.7,,ordered,0.5,45,17,False,0.2801166529653823,0.28081834289582663,0.0,0.5308641975308642,0.49557522123893805,False,True,0,9,1.0,29,10,0.7435897435897436,0.45,412,1.0,0.05,0.05,0.0,0.0
deletion,0.05,0.7,,ordered,0.5,45,18,False,0.26633748972403676,0.26686375717187,0.0,0.524390243902439,0.5,True,True,0,10,1.0,37,10,0.7872340425531915,0.45,449,1.0,0.05,0.05,0.0,0.0
deletion,0.05,0.7,,ordered,0.5,45,19,False,0.25600311729302755,0.25639781787890253,0.0,0.5227272727272727,0.5,True,True,0,11,1.0,23,16,0.5897435897435898,0.45,472,1.0,0.05,0.05,0.0,0.0
deletion,0.05,0.7,,ordered,0.5,45,20,False,0.2482523379697707,0.24854836340917688,0.0,0.5164835164835165,0.496,False,True,0,11,1.0,28,15,0.6511627906976745,0.8,500,1.0,0.05,0.05,0.0,0.0
deletion,0.05,0.7,,ordered,0.5,45,21,False,0.286189253477328,0.2864112725568827,0.0,0.5106382978723404,0.49612403100775193,True,True,0,12,1.0,24,17,0.5853658536585366,0.65,524,1.0,0.05,0.05,0.0,0.0
deletion,0.05,0.7,,ordered,0.5,45,22,False,0.295891940107996,0.29605845441766204,0.0,0.5353535353535354,0.47794117647058826,False,True,0,12,1.0,36,10,0.782608695652174,0.4,560,1.0,0.05,0.05,0.0,0.0
deletion,0.05,0.7,,ordered,0.5,45,23,False,0.271918955080997,0.2720438408132465,0.0,0.5288461538461539,0.4788732394366197,True,True,0,13,1.0,29,12,0.7073170731707317,0.7,589,1.0,0.05,0.05,0.0,0.0
deletion,0.05,0.7,,ordered,0.5,45,24,False,0.2914392163107477,0.2915328806099349,0.0,0.5363636363636364,0.47619047619047616,True,True,0,14,1.0,30,12,0.7142857142857143,0.45,619,1.0,0.05,0.05,0.0,0.0
deletion,0.05,0.7,,ordered,0.5,45,25,False,0.27482941223306084,0.2748996604574512,0.0,0.5309734513274337,0.477124183006536,True,True,0,15,1.0,36,18,0.6666666666666666,0.45,655,1.0,0.05,0.05,0.0,0.0
deletion,0.05,0.7,,ordered,0.5,45,26,False,0.26237205917479567,0.2624247453430884,0.0,0.5284552845528455,0.4782608695652174,True,True,0,16,1.0,25,9,0.7352941176470589,0.5,680,1.0,0.05,0.05,0.0,0.0
deletion,0.05,0.7,,ordered,0.5,45,27,False,0.2592790443810967,0.2593185590073163,0.0,0.5396825396825397,0.4666666666666667,True,True,0,17,1.0,31,13,0.7045454545454546,0.5,711,1.0,0.05,0.05,0.0,0.0
deletion,0.05,0.7,,ordered,0.5,45,28,False,0.25695928328582257,0.2569889192554872,0.0,0.5390625,0.4642857142857143,True,True,0,18,1.0,42,4,0.9130434782608695,0.45,753,1.0,0.05,0.05,0.0,0.0
deletion,0.05,0.7,,ordered,0.5,45,29,False,0.24896946246436694,0.2489916894416154,0.0,0.5407407407407407,0.46551724137931033,True,True,0,19,1.0,33,11,0.75,0.6,786,1.0,0.05,0.05,0.0,0.0
deletion,0.05,0.7,,ordered,0.5,45,30,False,0.26172709684827516,0.26174376708121155,0.0,0.5460992907801419,0.4585635359116022,True,True,0,20,1.0,26,16,0.6190476190476191,0.4,812,1.0,0.05,0.05,0.0,0.0
deletion,0.05,0.7,,ordered,0.5,45,31,False,0.24629532263620638,0.24630782531090867,0.0,0.5578231292517006,0.45161290322580644,False,True,0,20,1.0,34,14,0.7083333333333334,0.5,846,1.0,0.05,0.05,0.0,0.0
deletion,0.05,0.7,,ordered,0.5,45,32,False,0.24722149197715476,0.2472308689831815,0.0,0.56,0.44502617801047123,True,True,0,21,1.0,24,9,0.7272727272727273,0.55,870,1.0,0.05,0.05,0.0,0.0
deletion,0.05,0.7,,ordered,0.5,45,33,False,0.25416611898286606,0.25417315173738614,0.0,0.564935064935065,0.44329896907216493,True,True,0,22,1.0,34,14,0.7083333333333334,0.35,904,1.0,0.05,0.05,0.0,0.0
deletion,0.05,0.7,,ordered,0.5,45,34,False,0.23437458923714957,0.2343798638030396,0.0,0.559748427672956,0.445,False,True,0,22,1.0,29,9,0.7631578947368421,0.6,933,1.0,0.05,0.05,0.0,0.0
deletion,0.05,0.7,,ordered,0.5,45,35,False,0.25078094192786216,0.2507848978522797,0.0,0.5515151515151515,0.4492753623188406,True,True,0,23,1.0,26,14,0.65,0.55,959,1.0,0.05,0.05,0.0,0.0
deletion,0.05,0.7,,ordered,0.5,45,36,False,0.25683570644589665,0.25683867338920974,0.0,0.536723163841808,0.463302752293578,True,True,0,24,1.0,22,10,0.6875,0.6,981,1.0,0.05,0.05,0.0,0.0
deletion,0.05,0.7,,ordered,0.5,45,37,False,0.26762677983442246,0.2676290050419073,0.0,0.532608695652174,0.4666666666666667,True,True,0,25,1.0,25,10,0.7142857142857143,0.5,1006,1.0,0.05,0.05,0.0,0.0
deletion,0.05,0.7,,ordered,0.5,45,38,False,0.2632200848758169,0.2632217537814305,0.0,0.5294117647058824,0.4672489082969432,True,True,0,26,1.0,29,14,0.6744186046511628,0.6,1035,1.0,0.05,0.05,0.0,0.0
deletion,0.05,0.7,,ordered,0.5,45,39,False,0.27241506365686263,0.27241631533607286,0.0,0.5364583333333334,0.46153846153846156,True,True,0,27,1.0,29,12,0.7073170731707317,0.75,1064,1.0,0.05,0.05,0.0,0.0
deletion,0.05,0.7,,ordered,0.5,46,0,False,0.0,0.0,0.0,0.0,1.0,False,True,0,0,0.1,0,0,0.0,0.0,0,0.0,0.05,0.05,0.0,0.0
deletion,0.05,0.7,,ordered,0.5,46,1,False,0.0,0.0,0.2,0.2,0.84,False,True,0,0,0.2,3,41,0.06818181818181818,0.0,3,0.0,0.05,0.05,0.0,0.0
deletion,0.05,0.7,,ordered,0.5,46,2,False,0.04642857142857143,0.05,0.4,0.4,0.7096774193548387,False,True,0,0,0.2,3,33,0.08333333333333333,0.0,6,0.0,0.05,0.05,0.0,0.0
deletion,0.05,0.7,,ordered,0.5,46,3,False,0.12767857142857145,0.1375,0.4117647058823529,0.4117647058823529,0.6666666666666666,False,True,0,0,0.3,2,41,0.046511627906976744,0.0,8,0.0,0.05,0.05000000000000001,6.938893903907228e-18,0.0
deletion,0.05,0.7,,ordered,0.5,46,4,False,0.18399422268907561,0.20606617647058822,0.5,0.5652173913043478,0.5581395348837209,False,True,0,0,0.5,3,29,0.09375,0.0,11,0.0,0.05,0.05,0.0,0.0
deletion,0.05,0.7,,ordered,0.5,46,5,False,0.2362099527310924,0.27954963235294117,0.45,0.5769230769230769,0.5208333333333334,False,True,0,0,0.7,9,34,0.20930232558139536,0.3,20,0.0,0.05,0.05,0.0,0.0
deletion,0.05,0.7,,ordered,0.5,46,6,False,0.27626460740546216,0.32216222426470587,0.25,0.53125,0.5178571428571429,True,True,0,1,0.8,26,18,0.5909090909090909,0.45,23,0.3,0.05,0.05,0.0,0.0
deletion,0.05,0.7,,ordered,0.5,46,7,False,0.29112702698266807,0.3291216681985294,0.2,0.5555555555555556,0.4918032786885246,True,True,0,2,0.8,31,20,0.6078431372549019,0.3,44,0.6,0.05,0.05,0.0,0.0
deletion,0.05,0.7,,ordered,0.5,46,8,False,0.2790595559512868,0.30934125114889705,0.25,0.5641025641025641,0.47692307692307695,True,True,0,3,0.8,26,19,0.5777777777777777,0.35,66,0.6,0.05,0.05,0.0,0.0
deletion,0.05,0.7,,ordered,0.5,46,9,False,0.2825089526777508,0.3070059383616728,0.15,0.5681818181818182,0.4647887323943662,True,True,0,4,0.8,25,17,0.5952380952380952,0.35,85,0.6,0.05,0.05,0.0,0.0
deletion,0.05,0.7,,ordered,0.5,46,10,False,0.2708102859368845,0.2927544537712546,0.0,0.56,0.4675324675324675,True,True,0,5,0.9,24,17,0.5853658536585366,0.45,106,0.8,0.05,0.05,0.0,0.0
deletion,0.05,0.7,,ordered,0.5,46,11,False,0.2513220001669491,0.275815840328441,0.0,0.5555555555555556,0.4578313253012048,True,True,0,6,0.9,24,16,0.6,0.6,129,0.9,0.05,0.05,0.0,0.0
deletion,0.05,0.7,,ordered,0.5,46,12,False,0.2527772144109261,0.28186188024633074,0.0,0.576271186440678,0.43820224719101125,True,True,0,7,0.9,27,16,0.627906976744186,0.5,156,0.9,0.05,0.05,0.0,0.0
deletion,0.05,0.7,,ordered,0.5,46,13,False,0.24315433937962316,0.2738964101847481,0.0,0.59375,0.42105263157894735,True,True,0,8,1.0,25,11,0.6944444444444444,0.6,181,0.9,0.05,0.05,0.0,0.0
deletion,0.05,0.7,,ordered,0.5,46,14,False,0.2573657545347174,0.2804223076385611,0.0,0.6027397260273972,0.4215686274509804,False,True,0,8,1.0,28,12,0.7,0.75,209,0.9,0.05,0.05,0.0,0.0
deletion,0.05,0.7,,ordered,0.5,46,15,False,0.286774315901038,0.3040667307289208,0.0,0.5679012345679012,0.44144144144144143,True,True,0,9,1.0,30,10,0.75,0.4,239,1.0,0.05,0.05,0.0,0.0
deletion,0.05,0.7,,ordered,0.5,46,16,False,0.2650807369257785,0.2780500480466906,0.0,0.5813953488372093,0.43103448275862066,True,True,0,10,1.0,30,12,0.7142857142857143,0.4,269,1.0,0.05,0.05,0.0,0.0
deletion,0.05,0.7,,ordered,0.5,46,17,False,0.2488105526943339,0.25853753603501795,0.0,0.5806451612903226,0.43089430894308944,True,True,0,11,1.0,32,14,0.6956521739130435,0.45,301,1.0,0.05,0.05,0.0,0.0
deletion,0.05,0.7,,ordered,0.5,46,18,False,0.2428579145207504,0.2501531520262635,0.0,0.5876288659793815,0.4153846153846154,True,True,0,12,1.0,26,19,0.5777777777777777,0.6,327,1.0,0.05,0.05,0.0,0.0
deletion,0.05,0.7,,ordered,0.5,46,19,False,0.2571434358905628,0.26261486401969764,0.0,0.5882352941176471,0.4117647058823529,True,True,0,13,1.0,31,9,0.775,0.45,358,1.0,0.05,0.05,0.0,0.0
deletion,0.05,0.7,,ordered,0.5,46,20,False,0.24910757691792212,0.25321114801477324,0.0,0.6055045871559633,0.4027777777777778,True,True,0,14,1.0,27,10,0.7297297297297297,0.5,385,1.0,0.05,0.05,0.0,0.0
deletion,0.05,0.7,,ordered,0.5,46,21,False,0.2493306826884416,0.25240836101107994,0.0,0.6120689655172413,0.3959731543624161,False,True,0,14,1.0,36,8,0.8181818181818182,0.55,421,1.0,0.05,0.05,0.0,0.0
deletion,0.05,0.7,,ordered,0.5,46,22,False,0.2557480120163312,0.25805627075830995,0.0,0.5916666666666667,0.40384615384615385,True,True,0,15,1.0,31,10,0.7560975609756098,0.5,452,1.0,0.05,0.05,0.0,0.0
deletion,0.05,0.7,,ordered,0.5,46,23,False,0.25431100901224835,0.2560422030687325,0.0,0.5905511811023622,0.40993788819875776,True,True,0,16,1.0,33,13,0.717391304347826,0.65,485,1.0,0.05,0.05,0.0,0.0
deletion,0.05,0.7,,ordered,0.5,46,24,False,0.2719832567591863,0.2732816523015494,0.0,0.6015037593984962,0.40119760479041916,True,True,0,17,1.0,32,9,0.7804878048780488,0.45,517,1.0,0.05,0.05,0.0,0.0
deletion,0.05,0.7,,ordered,0.5,46,25,False,0.26023744256938974,0.2612112392261621,0.0,0.60431654676259,0.3988439306358382,True,True,0,18,1.0,29,10,0.7435897435897436,0.3,546,1.0,0.05,0.05,0.0,0.0
deletion,0.05,0.7,,ordered,0.5,46,26,False,0.23267808192704229,0.23340842941962156,0.0,0.6068965517241379,0.39664804469273746,False,True,0,18,1.0,24,12,0.6666666666666666,0.45,570,1.0,0.05,0.05,0.0,0.0
deletion,0.05,0.7,,ordered,0.5,46,27,False,0.2307585614452817,0.23130632206471616,0.0,0.6066666666666667,0.3945945945945946,True,True,0,19,1.0,33,7,0.825,0.35,603,1.0,0.05,0.05,0.0,0.0
deletion,0.05,0.7,,ordered,0.5,46,28,False,0.21681892108396128,0.21722974154853714,0.0,0.6163522012578616,0.38860103626943004,True,True,0,20,1.0,26,10,0.7222222222222222,0.4,629,1.0,0.05,0.05,0.0,0.0
deletion,0.05,0.7,,ordered,0.5,46,29,False,0.21261419081297098,0.21292230616140284,0.0,0.6073619631901841,0.3939393939393939,True,True,0,21,1.0,30,12,0.7142857142857143,0.65,659,1.0,0.05,0.05,0.0,0.0
deletion,0.05,0.7,,ordered,0.5,46,30,False,0.2407106431097282,0.24094172962105215,0.0,0.5988023952095808,0.39705882352941174,True,True,0,22,1.0,37,10,0.7872340425531915,0.55,696,1.0,0.05,0.05,0.0,0.0
deletion,0.05,0.7,,ordered,0.5,46,31,False,0.24928298233229618,0.24945629721578913,0.0,0.5906432748538012,0.4019138755980861,False,True,0,22,1.0,30,13,0.6976744186046512,0.5,726,1.0,0.05,0.05,0.0,0.0
deletion,0.05,0.7,,ordered,0.5,46,32,False,0.24946223674922213,0.24959222291184185,0.0,0.5965909090909091,0.3953488372093023,True,True,0,23,1.0,26,12,0.6842105263157895,0.45,752,1.0,0.05,0.05,0.0,0.0
deletion,0.05,0.7,,ordered,0.5,46,33,False,0.24334667756191658,0.24344416718388137,0.0,0.5978260869565217,0.39555555555555555,False,True,0,23,1.0,27,9,0.75,0.5,779,1.0,0.05,0.05,0.0,0.0
deletion,0.05,0.7,,ordered,0.5,46,34,False,0.24501000817143745,0.24508312538791102,0.0,0.6020942408376964,0.3879310344827586,True,True,0,24,1.0,27,11,0.7105263157894737,0.45,806,1.0,0.05,0.05,0.0,0.0
deletion,0.05,0.7,,ordered,0.5,46,35,False,0.24000750612857807,0.24006234404093327,0.0,0.5970149253731343,0.3941908713692946,True,True,0,25,1.0,21,19,0.525,0.5,827,1.0,0.05,0.05,0.0,0.0
deletion,0.05,0.7,,ordered,0.5,46,36,False,0.24250562959643357,0.24254675803069994,0.0,0.5904761904761905,0.4,True,True,0,26,1.0,22,13,0.6285714285714286,0.6,849,1.0,0.05,0.05,0.0,0.0
deletion,0.05,0.7,,ordered,0.5,46,37,False,0.2568792221973252,0.25691006852302495,0.0,0.5972222222222222,0.396078431372549,True,True,0,27,1.0,22,14,0.6111111111111112,0.5,871,1.0,0.05,0.05,0.0,0.0
deletion,0.05,0.7,,ordered,0.5,46,38,False,0.25515941664799385,0.2551825513922687,0.0,0.5972850678733032,0.3916349809885932,True,True,0,28,1.0,28,12,0.7,0.35,899,1.0,0.05,0.05,0.0,0.0
deletion,0.05,0.7,,ordered,0.5,46,39,False,0.2351195624859954,0.23513691354420152,0.0,0.5973451327433629,0.39473684210526316,False,True,0,28,1.0,28,20,0.5833333333333334,0.55,927,1.0,0.05,0.05,0.0,0.0
deletion,0.05,0.7,,ordered,0.5,47,0,False,0.0,0.0,0.0,0.0,1.0,False,True,0,0,0.1,0,0,0.0,0.0,0,0.0,0.05,0.05,0.0,0.0
deletion,0.05,0.7,,ordered,0.5,47,1,False,0.0,0.0,0.18181818181818182,0.18181818181818182,0.8148148148148148,False,True,0,0,0.2,4,39,0.09302325581395349,1.0,4,0.0,0.05,0.05,0.0,0.0
deletion,0.05,0.7,,ordered,0.5,47,2,False,0.060064935064935064,0.14772727272727273,0.1875,0.1875,0.7878787878787878,True,True,0,1,0.3,12,28,0.3,0.7777777777777778,9,0.0,0.05,0.05000000000000001,6.938893903907228e-18,0.0
deletion,0.05,0.7,,ordered,0.5,47,3,False,0.11300505050505051,0.2314551767676768,0.35,0.35,0.6511627906976745,True,True,0,2,0.3,14,20,0.4117647058823529,0.6875,16,0.2,0.05,0.05000000000000001,6.938893903907228e-18,0.0
deletion,0.05,0.7,,ordered,0.5,47,4,False,0.18430735930735934,0.30327888257575764,0.35,0.4090909090909091,0.5833333333333334,True,True,0,3,0.5,10,33,0.23255813953488372,0.5,23,0.3,0.05,0.05,0.0,0.0
deletion,0.05,0.7,,ordered,0.5,47,5,False,0.2364448051948052,0.3337091619318182,0.3,0.44,0.5769230769230769,True,True,0,4,0.5,17,29,0.3695652173913043,0.45,38,0.4,0.05,0.05,0.0,0.0
deletion,0.05,0.7,,ordered,0.5,47,6,False,0.2630478896103896,0.34403187144886366,0.05,0.42424242424242425,0.5666666666666667,False,True,0,4,0.5,17,21,0.4473684210526316,0.4,55,0.4,0.05,0.05,0.0,0.0
deletion,0.05,0.7,,ordered,0.5,47,7,False,0.2347859172077922,0.31427390358664775,0.05,0.42857142857142855,0.5555555555555556,True,True,0,5,0.6,19,25,0.4318181818181818,0.6,72,0.5,0.05,0.05000000000000001,6.938893903907228e-18,0.0
deletion,0.05,0.7,,ordered,0.5,47,8,False,0.23769658076298703,0.3169554276899858,0.05,0.46153846153846156,0.5217391304347826,True,True,0,6,0.6,26,19,0.5777777777777777,0.5,97,0.5,0.05,0.05000000000000001,6.938893903907228e-18,0.0
deletion,0.05,0.7,,ordered,0.5,47,9,False,0.2309510070008117,0.3064665707674894,0.05,0.43902439024390244,0.5205479452054794,True,True,0,7,0.6,19,22,0.4634146341463415,0.55,114,0.5,0.05,0.05000000000000001,6.938893903907228e-18,0.0
deletion,0.05,0.7,,ordered,0.5,47,10,False,0.23035611239346593,0.30484992807561706,0.05,0.4186046511627907,0.5324675324675324,True,True,0,8,0.7,20,21,0.4878048780487805,0.5,133,0.5,0.05,0.05,0.0,0.0
deletion,0.05,0.7,,ordered,0.5,47,11,False,0.23348137000938518,0.2973874460567128,0.05,0.4375,0.5058823529411764,True,True,0,9,0.9,24,20,0.5454545454545454,0.4,156,0.6,0.05,0.05,0.0,0.0
deletion,0.05,0.7,,ordered,0.5,47,12,False,0.23136102750703888,0.27929058454253464,0.05,0.46,0.4888888888888889,False,True,0,9,0.9,23,17,0.575,0.45,179,0.6,0.05,0.05,0.0,0.0
deletion,0.05,0.7,,ordered,0.5,47,13,False,0.2360207706302792,0.271967938406901,0.05,0.509090909090909,0.46875,True,True,0,10,0.9,28,12,0.7,0.35,202,0.9,0.05,0.05,0.0,0.0
deletion,0.05,0.7,,ordered,0.5,47,14,False,0.22701557797270938,0.25397595380517574,0.0,0.5166666666666667,0.46534653465346537,False,True,0,10,0.9,34,8,0.8095238095238095,0.45,236,0.9,0.05,0.05,0.0,0.0
deletion,0.05,0.7,,ordered,0.5,47,15,False,0.22651168347953202,0.24673196535388178,0.0,0.5,0.47619047619047616,True,True,0,11,0.9,30,14,0.6818181818181818,0.6,266,0.9,0.05,0.05,0.0,0.0
deletion,0.05,0.7,,ordered,0.5,47,16,False,0.244883762609649,0.2600489740154113,0.0,0.5147058823529411,0.4636363636363636,True,True,0,12,0.9,34,13,0.723404255319149,0.65,300,0.9,0.05,0.05,0.0,0.0
deletion,0.05,0.7,,ordered,0.5,47,17,False,0.26491282195723675,0.2762867305115585,0.0,0.5135135135135135,0.46551724137931033,True,True,0,13,0.9,29,16,0.6444444444444445,0.4,329,0.9,0.05,0.05,0.0,0.0
deletion,0.05,0.7,,ordered,0.5,47,18,False,0.24868461646792756,0.2572150478836689,0.0,0.5194805194805194,0.45454545454545453,True,True,0,14,1.0,23,21,0.5227272727272727,0.55,352,0.9,0.05,0.05,0.0,0.0
deletion,0.05,0.7,,ordered,0.5,47,19,False,0.25526346235094566,0.2616612859127517,0.0,0.5421686746987951,0.4444444444444444,False,True,0,14,1.0,29,12,0.7073170731707317,0.6,381,0.9,0.05,0.05,0.0,0.0
deletion,0.05,0.7,,ordered,0.5,47,20,False,0.2664475967632093,0.2712459644345638,0.0,0.5454545454545454,0.44274809160305345,False,True,0,14,1.0,21,12,0.6363636363636364,0.5,402,0.9,0.05,0.05,0.0,0.0
deletion,0.05,0.7,,ordered,0.5,47,21,False,0.262335697572407,0.26593447332592285,0.0,0.5520833333333334,0.44285714285714284,True,True,0,15,1.0,20,13,0.6060606060606061,0.6,420,0.9,0.05,0.05,0.0,0.0
deletion,0.05,0.7,,ordered,0.5,47,22,False,0.2717517731793052,0.27445085499444216,0.0,0.53,0.45454545454545453,True,True,0,16,1.0,36,7,0.8372093023255814,0.45,452,0.9,0.05,0.05,0.0,0.0
deletion,0.05,0.7,,ordered,0.5,47,23,False,0.26006382988447896,0.26208814124583163,0.0,0.5436893203883495,0.4421768707482993,True,True,0,17,1.0,32,11,0.7441860465116279,0.45,483,0.9,0.05,0.05,0.0,0.0
deletion,0.05,0.7,,ordered,0.5,47,24,False,0.25129787241335916,0.25281610593437376,0.0,0.5462962962962963,0.4407894736842105,True,True,0,18,1.0,34,12,0.7391304347826086,0.5,517,1.0,0.05,0.05,0.0,0.0
deletion,0.05,0.7,,ordered,0.5,47,25,False,0.2509734043100194,0.2521120794507803,0.0,0.5545454545454546,0.432258064516129,False,True,0,18,1.0,35,14,0.7142857142857143,0.65,552,1.0,0.05,0.05,0.0,0.0
deletion,0.05,0.7,,ordered,0.5,47,26,False,0.26948005323251456,0.2703340595880852,0.0,0.5423728813559322,0.4451219512195122,True,True,0,19,1.0,24,12,0.6666666666666666,0.55,576,1.0,0.05,0.05,0.0,0.0
deletion,0.05,0.7,,ordered,0.5,47,27,False,0.2708600399243859,0.2715005446910639,0.0,0.5409836065573771,0.4437869822485207,True,True,0,20,1.0,32,14,0.6956521739130435,0.6,608,1.0,0.05,0.05,0.0,0.0
deletion,0.05,0.7,,ordered,0.5,47,28,False,0.27814502994328943,0.2786254085182979,0.0,0.5354330708661418,0.4482758620689655,True,True,0,21,1.0,25,18,0.5813953488372093,0.65,633,1.0,0.05,0.05,0.0,0.0
deletion,0.05,0.7,,ordered,0.5,47,29,False,0.28985877245746705,0.2902190563887234,0.0,0.5461538461538461,0.43575418994413406,False,True,0,21,1.0,26,14,0.65,0.55,659,1.0,0.05,0.05,0.0,0.0
deletion,0.05,0.7,,ordered,0.5,47,30,False,0.2861440793431003,0.2864142922915426,0.0,0.5620437956204379,0.42702702702702705,True,True,0,22,1.0,28,12,0.7,0.35,687,1.0,0.05,0.05,0.0,0.0
deletion,0.05,0.7,,ordered,0.5,47,31,False,0.2583580595073252,0.2585607192186569,0.0,0.5704225352112676,0.42328042328042326,True,True,0,23,1.0,28,11,0.717948717948718,0.5,715,1.0,0.05,0.05,0.0,0.0
deletion,0.05,0.7,,ordered,0.5,47,32,False,0.2562685446304939,0.2564205394139927,0.0,0.5675675675675675,0.4256410256410256,True,True,0,24,1.0,27,9,0.75,0.45,742,1.0,0.05,0.05,0.0,0.0
deletion,0.05,0.7,,ordered,0.5,47,33,False,0.24845140847287042,0.2485654045604945,0.0,0.5620915032679739,0.42786069651741293,False,True,0,24,1.0,29,14,0.6744186046511628,0.5,771,1.0,0.05,0.05,0.0,0.0
deletion,0.05,0.7,,ordered,0.5,47,34,False,0.24883855635465282,0.24892405342037088,0.0,0.5668789808917197,0.4223300970873786,True,True,0,25,1.0,33,13,0.717391304347826,0.3,804,1.0,0.05,0.05,0.0,0.0
deletion,0.05,0.7,,ordered,0.5,47,35,False,0.22412891726598963,0.22419304006527815,0.0,0.5696969696969697,0.4205607476635514,True,True,0,26,1.0,23,10,0.696969696969697,0.7,827,1.0,0.05,0.05,0.0,0.0
deletion,0.05,0.7,,ordered,0.5,47,36,False,0.2555966879494922,0.25564478004895863,0.0,0.5555555555555556,0.4298642533936652,True,True,0,27,1.0,33,8,0.8048780487804879,0.55,860,1.0,0.05,0.05,0.0,0.0
deletion,0.05,0.7,,ordered,0.5,47,37,False,0.2604475159621192,0.260483585036719,0.0,0.5574712643678161,0.4266666666666667,False,True,0,27,1.0,27,16,0.627906976744186,0.5,887,1.0,0.05,0.05,0.0,0.0
deletion,0.05,0.7,,ordered,0.5,47,38,False,0.2578356369715894,0.25786268877753926,0.0,0.5611111111111111,0.4224137931034483,True,True,0,28,1.0,25,20,0.5555555555555556,0.7,912,1.0,0.05,0.05,0.0,0.0
deletion,0.05,0.7,,ordered,0.5,47,39,False,0.28087672772869204,0.28089701658315447,0.0,0.5628415300546448,0.4194915254237288,True,True,0,29,1.0,37,10,0.7872340425531915,0.55,949,1.0,0.05,0.05,0.0,0.0
deletion,0.05,0.7,,ordered,0.5,48,0,False,0.0,0.0,0.0,0.0,1.0,False,True,0,0,0.0,0,0,0.0,0.0,0,0.0,0.05,0.05,0.0,0.0
deletion,0.05,0.7,,ordered,0.5,48,1,False,0.0,0.0,0.3333333333333333,0.3333333333333333,0.85,False,True,0,0,0.0,0,44,0.0,0.0,0,0.0,0.05,0.05,0.0,0.0
deletion,0.05,0.7,,ordered,0.5,48,2,False,0.08333333333333333,0.08333333333333333,0.4,0.4,0.7083333333333334,False,True,0,0,0.0,0,41,0.0,0.0,0,0.0,0.05,0.05,0.0,0.0
deletion,0.05,0.7,,ordered,0.5,48,3,False,0.1625,0.1625,0.5714285714285714,0.5714285714285714,0.5666666666666667,False,True,0,0,0.0,0,42,0.0,0.0,0,0.0,0.05,0.05,0.0,0.0
deletion,0.05,0.7,,ordered,0.5,48,4,False,0.26473214285714286,0.26473214285714286,0.6111111111111112,0.6111111111111112,0.5294117647058824,False,True,0,0,0.0,0,43,0.0,0.0,0,0.0,0.05,0.05,0.0,0.0
deletion,0.05,0.7,,ordered,0.5,48,5,False,0.3513268849206349,0.3513268849206349,0.6111111111111112,0.6111111111111112,0.5142857142857142,False,True,0,0,0.0,0,43,0.0,0.0,0,0.0,0.05,0.05,0.0,0.0
deletion,0.05,0.7,,ordered,0.5,48,6,False,0.41627294146825405,0.416272941468254,0.65,0.6666666666666666,0.4523809523809524,False,True,0,0,0.0,0,40,0.0,0.0,0,0.0,0.05,0.05,0.0,0.0
deletion,0.05,0.7,,ordered,0.5,48,7,False,0.47470470610119053,0.47470470610119053,0.65,0.6818181818181818,0.4222222222222222,False,True,0,0,0.1,0,48,0.0,0.0,0,0.0,0.05,0.05,0.0,0.0
deletion,0.05,0.7,,ordered,0.5,48,8,False,0.5185285295758929,0.5185285295758929,0.5,0.6296296296296297,0.44,True,True,0,1,0.2,6,31,0.16216216216216217,0.5,2,0.0,0.05,0.05,0.0,0.0
deletion,0.05,0.7,,ordered,0.5,48,9,False,0.5138963971819197,0.5138963971819197,0.5,0.6551724137931034,0.42592592592592593,True,True,0,2,0.2,9,34,0.20930232558139536,0.3333333333333333,6,0.0,0.05,0.05,0.0,0.0
deletion,0.05,0.7,,ordered,0.5,48,10,False,0.5044699169340588,0.5104222978864398,0.45,0.65625,0.4166666666666667,False,True,0,2,0.2,12,30,0.2857142857142857,0.3888888888888889,18,0.0,0.05,0.05,0.0,0.0
deletion,0.05,0.7,,ordered,0.5,48,11,False,0.4886698980180045,0.49531672341482985,0.45,0.6857142857142857,0.373134328358209,False,True,0,2,0.3,7,37,0.1590909090909091,0.4,25,0.0,0.05,0.05000000000000001,6.938893903907228e-18,0.0
deletion,0.05,0.7,,ordered,0.5,48,12,False,0.4772167092277891,0.48398754256112236,0.45,0.7105263157894737,0.36231884057971014,True,True,0,3,0.5,14,26,0.35,0.5,21,0.3,0.05,0.05,0.0,0.0
deletion,0.05,0.7,,ordered,0.5,48,13,False,0.4730911033494132,0.4817406569208418,0.4,0.7209302325581395,0.35135135135135137,True,True,0,4,0.6,19,29,0.3958333333333333,0.7,38,0.4,0.05,0.05000000000000001,6.938893903907228e-18,0.0
deletion,0.05,0.7,,ordered,0.5,48,14,False,0.47088975608348843,0.49880549269063135,0.25,0.6808510638297872,0.3670886075949367,True,True,0,5,0.6,29,21,0.58,0.7,64,0.5,0.05,0.05000000000000001,6.938893903907228e-18,0.0
deletion,0.05,0.7,,ordered,0.5,48,15,False,0.43977445991975916,0.49285411951797353,0.15,0.6730769230769231,0.36046511627906974,False,True,0,5,0.8,20,26,0.43478260869565216,0.7,84,0.5,0.05,0.05,0.0,0.0
deletion,0.05,0.7,,ordered,0.5,48,16,False,0.41643798779696223,0.47589058963848013,0.1,0.6727272727272727,0.3516483516483517,True,True,0,6,0.8,31,14,0.6888888888888889,0.4,107,0.6,0.05,0.05,0.0,0.0
deletion,0.05,0.7,,ordered,0.5,48,17,False,0.36411420513343595,0.4194179422288601,0.0,0.6721311475409836,0.3541666666666667,True,True,0,7,0.8,29,18,0.6170212765957447,0.6,136,0.7,0.05,0.05,0.0,0.0
deletion,0.05,0.7,,ordered,0.5,48,18,False,0.3266570824215056,0.3895634566716451,0.0,0.6875,0.34,True,True,0,8,0.8,28,18,0.6086956521739131,0.55,160,0.8,0.05,0.05,0.0,0.0
deletion,0.05,0.7,,ordered,0.5,48,19,False,0.29409995467327205,0.3609225925037338,0.0,0.704225352112676,0.3333333333333333,False,True,0,8,0.9,21,15,0.5833333333333334,0.55,181,0.8,0.05,0.05,0.0,0.0
deletion,0.05,0.7,,ordered,0.5,48,20,False,0.27950353743352546,0.3394419443778004,0.0,0.6623376623376623,0.3508771929824561,True,True,0,9,0.9,29,13,0.6904761904761905,0.65,209,0.9,0.05,0.05,0.0,0.0
deletion,0.05,0.7,,ordered,0.5,48,21,False,0.2792705102180012,0.3358314582833503,0.05,0.6666666666666666,0.35,True,True,0,10,0.9,22,14,0.6111111111111112,0.5,231,0.9,0.05,0.05,0.0,0.0
deletion,0.05,0.7,,ordered,0.5,48,22,False,0.2701671683777866,0.3206235937125127,0.05,0.6363636363636364,0.36220472440944884,True,True,0,11,1.0,28,12,0.7,0.6,259,0.9,0.05,0.05,0.0,0.0
deletion,0.05,0.7,,ordered,0.5,48,23,False,0.28387537628334,0.32171769528438454,0.0,0.6195652173913043,0.3787878787878788,True,True,0,12,1.0,33,7,0.825,0.5,291,1.0,0.05,0.05,0.0,0.0
deletion,0.05,0.7,,ordered,0.5,48,24,False,0.27540653221250494,0.3037882714632884,0.0,0.6105263157894737,0.38235294117647056,True,True,0,13,1.0,33,8,0.8048780487804879,0.6,324,1.0,0.05,0.05,0.0,0.0
deletion,0.05,0.7,,ordered,0.5,48,25,False,0.28155489915937876,0.3028412035974663,0.0,0.61,0.38571428571428573,True,True,0,14,1.0,24,13,0.6486486486486487,0.35,348,1.0,0.05,0.05,0.0,0.0
deletion,0.05,0.7,,ordered,0.5,48,26,False,0.25491617436953407,0.2708809026980997,0.0,0.6019417475728155,0.3916083916083916,True,True,0,15,1.0,34,12,0.7391304347826086,0.6,382,1.0,0.05,0.05,0.0,0.0
deletion,0.05,0.7,,ordered,0.5,48,27,False,0.2661871307771505,0.2781606770235748,0.0,0.6055045871559633,0.3841059602649007,True,True,0,16,1.0,29,15,0.6590909090909091,0.5,411,1.0,0.05,0.05,0.0,0.0
deletion,0.05,0.7,,ordered,0.5,48,28,False,0.2621403480828629,0.2711205077676811,0.0,0.6,0.3935483870967742,True,True,0,17,1.0,39,6,0.8666666666666667,0.45,450,1.0,0.05,0.05,0.0,0.0
deletion,0.05,0.7,,ordered,0.5,48,29,False,0.2528552610621472,0.25959038082576086,0.0,0.5950413223140496,0.3950617283950617,True,True,0,18,1.0,30,16,0.6521739130434783,0.5,480,1.0,0.05,0.05,0.0,0.0
deletion,0.05,0.7,,ordered,0.5,48,30,False,0.2521414457966104,0.25719278561932063,0.0,0.6,0.39285714285714285,True,True,0,19,1.0,33,11,0.75,0.5,513,1.0,0.05,0.05,0.0,0.0
deletion,0.05,0.7,,ordered,0.5,48,31,False,0.2516060843474578,0.2553945892144905,0.0,0.5970149253731343,0.3977272727272727,True,True,0,20,1.0,24,10,0.7058823529411765,0.45,537,1.0,0.05,0.05,0.0,0.0
deletion,0.05,0.7,,ordered,0.5,48,32,False,0.24495456326059337,0.24779594191086787,0.0,0.5827338129496403,0.4065934065934066,True,True,0,21,1.0,29,13,0.6904761904761905,0.45,566,1.0,0.05,0.05,0.0,0.0
deletion,0.05,0.7,,ordered,0.5,48,33,False,0.23996592244544504,0.2420969564331509,0.0,0.5915492957746479,0.3978494623655914,True,True,0,22,1.0,27,16,0.627906976744186,0.6,593,1.0,0.05,0.05,0.0,0.0
deletion,0.05,0.7,,ordered,0.5,48,34,False,0.25497444183408374,0.2565727173248632,0.0,0.5906040268456376,0.39690721649484534,True,True,0,23,1.0,31,10,0.7560975609756098,0.5,624,1.0,0.05,0.05,0.0,0.0
deletion,0.05,0.7,,ordered,0.5,48,35,False,0.2537308313755628,0.25492953799364737,0.0,0.5897435897435898,0.4,True,True,0,24,1.0,19,11,0.6333333333333333,0.5,643,1.0,0.05,0.05,0.0,0.0
deletion,0.05,0.7,,ordered,0.5,48,36,False,0.25279812353167214,0.25369715349523553,0.0,0.5875,0.4,True,True,0,25,1.0,30,14,0.6818181818181818,0.5,673,1.0,0.05,0.05,0.0,0.0
deletion,0.05,0.7,,ordered,0.5,48,37,False,0.2520985926487541,0.25277286512142666,0.0,0.5843373493975904,0.40476190476190477,True,True,0,26,1.0,34,7,0.8292682926829268,0.5,707,1.0,0.05,0.05,0.0,0.0
deletion,0.05,0.7,,ordered,0.5,48,38,False,0.25157394448656556,0.25207964884107,0.0,0.5780346820809249,0.41013824884792627,True,True,0,27,1.0,33,14,0.7021276595744681,0.6,740,1.0,0.05,0.05,0.0,0.0
deletion,0.05,0.7,,ordered,0.5,48,39,False,0.2636804583649242,0.2640597366308025,0.0,0.5683060109289617,0.4185022026431718,True,True,0,28,1.0,22,17,0.5641025641025641,0.55,762,1.0,0.05,0.05,0.0,0.0
deletion,0.05,0.7,,ordered,0.5,49,0,False,0.0,0.0,0.0,0.0,1.0,False,True,0,0,0.1,0,0,0.0,0.0,0,0.0,0.05,0.05,0.0,0.0
deletion,0.05,0.7,,ordered,0.5,49,1,False,0.0,0.0,0.16666666666666666,0.16666666666666666,0.8076923076923077,False,True,0,0,0.2,4,42,0.08695652173913043,1.0,4,0.0,0.05,0.05,0.0,0.0
deletion,0.05,0.7,,ordered,0.5,49,2,False,0.05654761904761905,0.14583333333333334,0.2222222222222222,0.2222222222222222,0.696969696969697,False,True,0,0,0.2,14,30,0.3181818181818182,0.6111111111111112,18,0.0,0.05,0.05,0.0,0.0
deletion,0.05,0.7,,ordered,0.5,49,3,False,0.10491071428571429,0.21354166666666669,0.3,0.3,0.675,False,True,0,0,0.2,3,37,0.075,0.65,21,0.0,0.05,0.05,0.0,0.0
deletion,0.05,0.7,,ordered,0.5,49,4,False,0.1599330357142857,0.27890625,0.46153846153846156,0.46153846153846156,0.6041666666666666,True,True,0,1,0.2,7,31,0.18421052631578946,0.7894736842105263,19,0.1,0.05,0.05,0.0,0.0
deletion,0.05,0.7,,ordered,0.5,49,5,False,0.24119037828947368,0.36555620571862346,0.5,0.5,0.5740740740740741,False,True,0,1,0.3,8,35,0.18604651162790697,0.8,27,0.1,0.05,0.05000000000000001,6.938893903907228e-18,0.0
deletion,0.05,0.7,,ordered,0.5,49,6,False,0.316607069431391,0.43666715428896763,0.5,0.5,0.559322033898305,False,True,0,1,0.4,4,38,0.09523809523809523,0.85,31,0.1,0.05,0.05,0.0,0.0
deletion,0.05,0.7,,ordered,0.5,49,7,False,0.38120530207354325,0.4962503657167257,0.5,0.5652173913043478,0.53125,False,True,0,1,0.4,8,29,0.21621621621621623,0.8,39,0.1,0.05,0.05,0.0,0.0
deletion,0.05,0.7,,ordered,0.5,49,8,False,0.42697540512658605,0.5346877742875443,0.5,0.6,0.5072463768115942,False,True,0,1,0.5,14,30,0.3181818181818182,0.8,53,0.1,0.05,0.05,0.0,0.0
deletion,0.05,0.7,,ordered,0.5,49,9,False,0.4613029824163681,0.5635158307156583,0.5,0.6153846153846154,0.49333333333333335,True,True,0,2,0.6,13,30,0.3023255813953488,0.7,43,0.4,0.05,0.05000000000000001,6.938893903907228e-18,0.0
deletion,0.05,0.7,,ordered,0.5,49,10,False,0.48526295109799034,0.5726368730367437,0.35,0.6111111111111112,0.4823529411764706,False,True,0,2,0.6,19,18,0.5135135135135135,0.5,62,0.4,0.05,0.05000000000000001,6.938893903907228e-18,0.0
deletion,0.05,0.7,,ordered,0.5,49,11,False,0.46216149903777853,0.5357276547775578,0.25,0.6,0.4777777777777778,False,True,0,2,0.6,21,26,0.44680851063829785,0.6,83,0.4,0.05,0.05000000000000001,6.938893903907228e-18,0.0
deletion,0.05,0.7,,ordered,0.5,49,12,False,0.4341211242783339,0.5080457410831684,0.15,0.5813953488372093,0.4787234042553192,False,True,0,2,0.6,20,23,0.46511627906976744,0.6,103,0.4,0.05,0.05000000000000001,6.938893903907228e-18,0.0
deletion,0.05,0.7,,ordered,0.5,49,13,False,0.39523370035160754,0.4747843058123763,0.1,0.6041666666666666,0.46464646464646464,True,True,0,3,0.7,16,20,0.4444444444444444,0.6,96,0.4,0.05,0.05,0.0,0.0
deletion,0.05,0.7,,ordered,0.5,49,14,False,0.36606813240656283,0.4435882293592822,0.1,0.6346153846153846,0.4380952380952381,True,True,0,4,0.7,21,25,0.45652173913043476,0.45,108,0.6,0.05,0.05,0.0,0.0
deletion,0.05,0.7,,ordered,0.5,49,15,False,0.3308010993049221,0.4014411720194616,0.0,0.625,0.43636363636363634,False,True,0,4,0.9,27,23,0.54,0.6,135,0.6,0.05,0.05,0.0,0.0
deletion,0.05,0.7,,ordered,0.5,49,16,False,0.31238653876440586,0.37608087901459625,0.0,0.639344262295082,0.4224137931034483,True,True,0,5,0.9,29,19,0.6041666666666666,0.6,149,0.8,0.05,0.05,0.0,0.0
deletion,0.05,0.7,,ordered,0.5,49,17,False,0.2985756183590187,0.3570606592609472,0.0,0.6153846153846154,0.43333333333333335,True,True,0,6,0.9,36,14,0.72,0.65,182,0.9,0.05,0.05,0.0,0.0
deletion,0.05,0.7,,ordered,0.5,49,18,False,0.29357457091212114,0.34904549444571037,0.0,0.5882352941176471,0.44,True,True,0,7,0.9,27,15,0.6428571428571429,0.6,209,0.9,0.05,0.05,0.0,0.0
deletion,0.05,0.7,,ordered,0.5,49,19,False,0.28446664246980513,0.3367841208342828,0.0,0.6,0.43410852713178294,False,True,0,7,1.0,26,18,0.5909090909090909,0.75,235,0.9,0.05,0.05,0.0,0.0
deletion,0.05,0.7,,ordered,0.5,49,20,False,0.3070999818523538,0.3463380906257121,0.0,0.6103896103896104,0.4222222222222222,False,True,0,7,1.0,25,17,0.5952380952380952,0.6,260,0.9,0.05,0.05,0.0,0.0
deletion,0.05,0.7,,ordered,0.5,49,21,False,0.3053249863892654,0.33475356796928407,0.0,0.6265060240963856,0.4142857142857143,True,True,0,8,1.0,23,15,0.6052631578947368,0.55,280,1.0,0.05,0.05,0.0,0.0
deletion,0.05,0.7,,ordered,0.5,49,22,False,0.29774373979194907,0.3198151759769631,0.0,0.6206896551724138,0.41379310344827586,False,True,0,8,1.0,30,12,0.7142857142857143,0.45,310,1.0,0.05,0.05,0.0,0.0
deletion,0.05,0.7,,ordered,0.5,49,23,False,0.2795578048439618,0.2961113819827223,0.0,0.6041666666666666,0.41935483870967744,True,True,0,9,1.0,23,10,0.696969696969697,0.45,333,1.0,0.05,0.05,0.0,0.0
deletion,0.05,0.7,,ordered,0.5,49,24,False,0.2659183536329714,0.27833353648704173,0.0,0.6161616161616161,0.40625,True,True,0,10,1.0,32,15,0.6808510638297872,0.45,365,1.0,0.05,0.05,0.0,0.0
deletion,0.05,0.7,,ordered,0.5,49,25,False,0.25568876522472855,0.2650001523652813,0.0,0.6018518518518519,0.4166666666666667,True,True,0,11,1.0,30,8,0.7894736842105263,0.4,395,1.0,0.05,0.05,0.0,0.0
deletion,0.05,0.7,,ordered,0.5,49,26,False,0.2417665739185464,0.248750114273961,0.0,0.5877192982456141,0.4228571428571429,True,True,0,12,1.0,33,11,0.75,0.55,428,1.0,0.05,0.05,0.0,0.0
deletion,0.05,0.7,,ordered,0.5,49,27,False,0.25007493043890977,0.2553125857054708,0.0,0.5916666666666667,0.4222222222222222,True,True,0,13,1.0,34,13,0.723404255319149,0.45,462,1.0,0.05,0.05,0.0,0.0
deletion,0.05,0.7,,ordered,0.5,49,28,False,0.24380619782918236,0.24773443927910307,0.0,0.5748031496062992,0.4308510638297872,True,True,0,14,1.0,33,12,0.7333333333333333,0.35,495,1.0,0.05,0.05,0.0,0.0
deletion,0.05,0.7,,ordered,0.5,49,29,False,0.2266046483718868,0.2295508294593273,0.0,0.5877862595419847,0.4175257731958763,True,True,0,15,1.0,30,12,0.7142857142857143,0.55,525,1.0,0.05,0.05,0.0,0.0
deletion,0.05,0.7,,ordered,0.5,49,30,False,0.23870348627891508,0.24091312209449547,0.0,0.5797101449275363,0.42786069651741293,True,True,0,16,1.0,26,12,0.6842105263157895,0.55,551,1.0,0.05,0.05,0.0,0.0
deletion,0.05,0.7,,ordered,0.5,49,31,False,0.24777761470918633,0.24943484157087162,0.0,0.5734265734265734,0.4292682926829268,False,True,0,16,1.0,30,8,0.7894736842105263,0.35,581,1.0,0.05,0.05,0.0,0.0
deletion,0.05,0.7,,ordered,0.5,49,32,False,0.22958321103188975,0.2308261311781537,0.0,0.5675675675675675,0.4252336448598131,False,True,0,16,1.0,27,18,0.6,0.5,608,1.0,0.05,0.05,0.0,0.0
deletion,0.05,0.7,,ordered,0.5,49,33,False,0.2346874082739173,0.2356195983836153,0.0,0.5733333333333334,0.41743119266055045,True,True,0,17,1.0,27,19,0.5869565217391305,0.6,635,1.0,0.05,0.05,0.0,0.0
deletion,0.05,0.7,,ordered,0.5,49,34,False,0.251015556205438,0.25171469878771147,0.0,0.5802469135802469,0.4148471615720524,False,True,0,17,1.0,22,9,0.7096774193548387,0.3,657,1.0,0.05,0.05,0.0,0.0
deletion,0.05,0.7,,ordered,0.5,49,35,False,0.2257616671540785,0.2262860240907836,0.0,0.5757575757575758,0.41810344827586204,True,True,0,18,1.0,30,11,0.7317073170731707,0.55,687,1.0,0.05,0.05,0.0,0.0
deletion,0.05,0.7,,ordered,0.5,49,36,False,0.23807125036555887,0.23846451806808772,0.0,0.5739644970414202,0.4194915254237288,True,True,0,19,1.0,30,8,0.7894736842105263,0.55,717,1.0,0.05,0.05,0.0,0.0
deletion,0.05,0.7,,ordered,0.5,49,37,False,0.24730343777416916,0.24759838855106578,0.0,0.5697674418604651,0.4225941422594142,True,True,0,20,1.0,38,9,0.8085106382978723,0.45,755,1.0,0.05,0.05,0.0,0.0
deletion,0.05,0.7,,ordered,0.5,49,38,False,0.24172757833062689,0.24194879141329934,0.0,0.5674157303370787,0.42276422764227645,True,True,0,21,1.0,32,14,0.6956521739130435,0.65,787,1.0,0.05,0.05,0.0,0.0
deletion,0.05,0.7,,ordered,0.5,49,39,False,0.26254568374797016,0.2627115935599745,0.0,0.5659340659340659,0.42231075697211157,True,True,0,22,1.0,35,13,0.7291666666666666,0.45,822,1.0,0.05,0.05,0.0,0.0
deletion,0.05,0.7,,ordered,0.5,50,0,False,0.0,0.0,0.0,0.0,1.0,False,True,0,0,0.0,0,0,0.0,0.0,0,0.0,0.05,0.05,0.0,0.0
deletion,0.05,0.7,,ordered,0.5,50,1,False,0.0,0.0,0.21052631578947367,0.21052631578947367,0.8214285714285714,False,True,0,0,0.1,0,42,0.0,0.0,0,0.0,0.05,0.05,0.0,0.0
deletion,0.05,0.7,,ordered,0.5,50,2,False,0.05263157894736842,0.05263157894736842,0.25,0.34782608695652173,0.7058823529411765,False,True,0,0,0.1,2,44,0.043478260869565216,0.0,2,0.0,0.05,0.05,0.0,0.0
deletion,0.05,0.7,,ordered,0.5,50,3,False,0.0975093984962406,0.10197368421052631,0.25,0.4,0.6486486486486487,False,True,0,0,0.3,0,43,0.0,0.0,2,0.0,0.05,0.05000000000000001,6.938893903907228e-18,0.0
deletion,0.05,0.7,,ordered,0.5,50,4,False,0.12670347744360902,0.13898026315789475,0.15,0.43333333333333335,0.627906976744186,True,True,0,1,0.5,9,30,0.23076923076923078,0.6666666666666666,9,0.1,0.05,0.05,0.0,0.0
deletion,0.05,0.7,,ordered,0.5,50,5,False,0.1602061795112782,0.20631853070175438,0.05,0.42857142857142855,0.6170212765957447,True,True,0,2,0.7,16,28,0.36363636363636365,0.55,20,0.2,0.05,0.05,0.0,0.0
deletion,0.05,0.7,,ordered,0.5,50,6,False,0.16836892034774437,0.2297388980263158,0.1,0.47368421052631576,0.5660377358490566,True,True,0,3,0.8,21,23,0.4772727272727273,0.55,34,0.3,0.05,0.05,0.0,0.0
deletion,0.05,0.7,,ordered,0.5,50,7,False,0.1914552616893797,0.25355417351973686,0.1,0.5,0.5254237288135594,False,True,0,3,0.9,17,21,0.4473684210526316,0.6,51,0.3,0.05,0.05,0.0,0.0
deletion,0.05,0.7,,ordered,0.5,50,8,False,0.22216287483846336,0.2776656301398026,0.1,0.5111111111111111,0.5,True,True,0,4,0.9,23,19,0.5476190476190477,0.5,65,0.5,0.05,0.05,0.0,0.0
deletion,0.05,0.7,,ordered,0.5,50,9,False,0.23447929898599035,0.28324922260485197,0.1,0.5490196078431373,0.4647887323943662,True,True,0,5,1.0,23,23,0.5,0.35,87,0.7,0.05,0.05,0.0,0.0
deletion,0.05,0.7,,ordered,0.5,50,10,False,0.23210947423949277,0.268686916953639,0.1,0.5555555555555556,0.45454545454545453,True,True,0,6,1.0,28,13,0.6829268292682927,0.4,108,0.7,0.05,0.05,0.0,0.0
deletion,0.05,0.7,,ordered,0.5,50,11,False,0.23658210567961957,0.26401518771522925,0.05,0.5833333333333334,0.43373493975903615,True,True,0,7,1.0,31,9,0.775,0.7,129,0.8,0.05,0.05,0.0,0.0
deletion,0.05,0.7,,ordered,0.5,50,12,False,0.2711865792597147,0.29176139078642194,0.05,0.6153846153846154,0.41379310344827586,True,True,0,8,1.0,30,8,0.7894736842105263,0.4,154,0.9,0.05,0.05,0.0,0.0
deletion,0.05,0.7,,ordered,0.5,50,13,False,0.259639934444786,0.27507104308981645,0.0,0.6029411764705882,0.4222222222222222,True,True,0,9,1.0,30,6,0.8333333333333334,0.6,180,0.9,0.05,0.05,0.0,0.0
deletion,0.05,0.7,,ordered,0.5,50,14,False,0.2697299508335895,0.28130328231736235,0.0,0.6056338028169014,0.4105263157894737,True,True,0,10,1.0,30,10,0.75,0.65,206,0.9,0.05,0.05,0.0,0.0
deletion,0.05,0.7,,ordered,0.5,50,15,False,0.28354746312519213,0.2922274617380218,0.0,0.5844155844155844,0.42574257425742573,True,True,0,11,1.0,31,13,0.7045454545454546,0.55,231,1.0,0.05,0.05,0.0,0.0
deletion,0.05,0.7,,ordered,0.5,50,16,False,0.2814105973438941,0.2879205963035163,0.0,0.5875,0.4230769230769231,True,True,0,12,1.0,33,13,0.717391304347826,0.55,264,1.0,0.05,0.05,0.0,0.0
deletion,0.05,0.7,,ordered,0.5,50,17,False,0.2798079480079206,0.28469044722763726,0.0,0.5764705882352941,0.43119266055045874,True,True,0,13,1.0,35,9,0.7954545454545454,0.65,299,1.0,0.05,0.05,0.0,0.0
deletion,0.05,0.7,,ordered,0.5,50,18,False,0.29110596100594044,0.29476783542072793,0.0,0.5862068965517241,0.42105263157894735,True,True,0,14,1.0,35,13,0.7291666666666666,0.5,334,1.0,0.05,0.05,0.0,0.0
deletion,0.05,0.7,,ordered,0.5,50,19,False,0.2808294707544553,0.28357587656554595,0.0,0.5806451612903226,0.4214876033057851,False,True,0,14,1.0,28,11,0.717948717948718,0.8,362,1.0,0.05,0.05,0.0,0.0
deletion,0.05,0.7,,ordered,0.5,50,20,False,0.3106221030658415,0.31268190742415947,0.0,0.5825242718446602,0.4307692307692308,True,True,0,15,1.0,30,10,0.75,0.55,392,1.0,0.05,0.05,0.0,0.0
deletion,0.05,0.7,,ordered,0.5,50,21,False,0.3017165772993811,0.3032614305681196,0.0,0.5925925925925926,0.417910447761194,False,True,0,15,1.0,25,15,0.625,0.65,417,1.0,0.05,0.05,0.0,0.0
deletion,0.05,0.7,,ordered,0.5,50,22,False,0.30753743297453584,0.3086960729260897,0.0,0.5945945945945946,0.41304347826086957,True,True,0,16,1.0,35,9,0.7954545454545454,0.45,452,1.0,0.05,0.05,0.0,0.0
deletion,0.05,0.7,,ordered,0.5,50,23,False,0.28690307473090193,0.2877720546945673,0.0,0.591304347826087,0.4125874125874126,False,True,0,16,1.0,24,20,0.5454545454545454,0.4,476,1.0,0.05,0.05,0.0,0.0
deletion,0.05,0.7,,ordered,0.5,50,24,False,0.2651773060481764,0.26582904102092547,0.0,0.5916666666666667,0.40397350993377484,True,True,0,17,1.0,26,11,0.7027027027027027,0.6,502,1.0,0.05,0.05,0.0,0.0
deletion,0.05,0.7,,ordered,0.5,50,25,False,0.27388297953613233,0.27437178076569413,0.0,0.6046511627906976,0.4050632911392405,True,True,0,18,1.0,27,11,0.7105263157894737,0.5,529,1.0,0.05,0.05,0.0,0.0
deletion,0.05,0.7,,ordered,0.5,50,26,False,0.26791223465209923,0.26827883557427057,0.0,0.6030534351145038,0.4,True,True,0,19,1.0,29,18,0.6170212765957447,0.65,558,1.0,0.05,0.05,0.0,0.0
deletion,0.05,0.7,,ordered,0.5,50,27,False,0.2821841759890744,0.28245912668070294,0.0,0.5895522388059702,0.40606060606060607,False,True,0,19,1.0,33,17,0.66,0.4,591,1.0,0.05,0.05,0.0,0.0
deletion,0.05,0.7,,ordered,0.5,50,28,False,0.26163813199180586,0.2618443450105272,0.0,0.5886524822695035,0.41040462427745666,True,True,0,20,1.0,31,12,0.7209302325581395,0.5,622,1.0,0.05,0.05,0.0,0.0
deletion,0.05,0.7,,ordered,0.5,50,29,False,0.25872859899385436,0.2588832587578954,0.0,0.5793103448275863,0.41899441340782123,True,True,0,21,1.0,25,13,0.6578947368421053,0.5,647,1.0,0.05,0.05,0.0,0.0
deletion,0.05,0.7,,ordered,0.5,50,30,False,0.2565464492453908,0.25666244406842154,0.0,0.5620915032679739,0.43010752688172044,False,True,0,21,1.0,21,15,0.5833333333333334,0.8,668,1.0,0.05,0.05,0.0,0.0
deletion,0.05,0.7,,ordered,0.5,50,31,False,0.2924098369340431,0.29249683305131613,0.0,0.5605095541401274,0.43005181347150256,True,True,0,22,1.0,34,12,0.7391304347826086,0.3,702,1.0,0.05,0.05,0.0,0.0
deletion,0.05,0.7,,ordered,0.5,50,32,False,0.2568073777005323,0.2568726247884871,0.0,0.5636363636363636,0.42786069651741293,False,True,0,22,1.0,28,13,0.6829268292682927,0.55,730,1.0,0.05,0.05,0.0,0.0
deletion,0.05,0.7,,ordered,0.5,50,33,False,0.26135553327539923,0.26140446859136535,0.0,0.5606936416184971,0.430622009569378,True,True,0,23,1.0,26,13,0.6666666666666666,0.5,756,1.0,0.05,0.05,0.0,0.0
deletion,0.05,0.7,,ordered,0.5,50,34,False,0.2585166499565494,0.258553351443524,0.0,0.55,0.4398148148148148,True,True,0,24,1.0,31,10,0.7560975609756098,0.5,787,1.0,0.05,0.05,0.0,0.0
deletion,0.05,0.7,,ordered,0.5,50,35,False,0.256387487467412,0.25641501358264296,0.0,0.554945054945055,0.4260089686098655,False,True,0,24,1.0,25,13,0.6578947368421053,0.45,812,1.0,0.05,0.05,0.0,0.0
deletion,0.05,0.7,,ordered,0.5,50,36,False,0.248540615600559,0.2485612601869822,0.0,0.5706806282722513,0.42290748898678415,True,True,0,25,1.0,28,9,0.7567567567567568,0.55,840,1.0,0.05,0.05,0.0,0.0
deletion,0.05,0.7,,ordered,0.5,50,37,False,0.2551554617004193,0.25517094514023664,0.0,0.5721649484536082,0.4199134199134199,True,True,0,26,1.0,31,12,0.7209302325581395,0.6,871,1.0,0.05,0.05,0.0,0.0
deletion,0.05,0.7,,ordered,0.5,50,38,False,0.26636659627531445,0.2663782088551775,0.0,0.58,0.4152542372881356,True,True,0,27,1.0,26,16,0.6190476190476191,0.55,897,1.0,0.05,0.05,0.0,0.0
deletion,0.05,0.7,,ordered,0.5,50,39,False,0.26852494720648584,0.2685336566413831,0.0,0.5812807881773399,0.4107883817427386,True,True,0,28,1.0,26,17,0.6046511627906976,0.45,923,1.0,0.05,0.05,0.0,0.0
deletion,0.05,0.7,,ordered,0.5,51,0,False,0.0,0.0,0.0,0.0,1.0,False,True,0,0,0.0,0,0,0.0,0.0,0,0.0,0.05,0.05,0.0,0.0
deletion,0.05,0.7,,ordered,0.5,51,1,False,0.0,0.0,0.14285714285714285,0.14285714285714285,0.8709677419354839,False,True,0,0,0.2,0,45,0.0,0.0,0,0.0,0.05,0.05,0.0,0.0
deletion,0.05,0.7,,ordered,0.5,51,2,False,0.03571428571428571,0.03571428571428571,0.2777777777777778,0.2777777777777778,0.7777777777777778,False,True,0,0,0.3,4,34,0.10526315789473684,0.0,4,0.0,0.05,0.05000000000000001,6.938893903907228e-18,0.0
deletion,0.05,0.7,,ordered,0.5,51,3,False,0.08630952380952382,0.09623015873015874,0.2,0.3333333333333333,0.7209302325581395,True,True,0,1,0.3,11,33,0.25,0.5714285714285714,7,0.2,0.05,0.05000000000000001,6.938893903907228e-18,0.0
deletion,0.05,0.7,,ordered,0.5,51,4,False,0.12799744897959184,0.1425595238095238,0.05,0.36666666666666664,0.68,False,True,0,1,0.3,9,33,0.21428571428571427,0.625,16,0.2,0.05,0.05000000000000001,6.938893903907228e-18,0.0
deletion,0.05,0.7,,ordered,0.5,51,5,False,0.12903380102040818,0.19129464285714287,0.0,0.36363636363636365,0.6545454545454545,True,True,0,2,0.4,8,33,0.1951219512195122,0.7,23,0.3,0.05,0.05,0.0,0.0
deletion,0.05,0.7,,ordered,0.5,51,6,False,0.12177535076530611,0.23097098214285713,0.0,0.3888888888888889,0.639344262295082,False,True,0,2,0.5,18,27,0.4,0.7,41,0.3,0.05,0.05,0.0,0.0
deletion,0.05,0.7,,ordered,0.5,51,7,False,0.12883151307397958,0.26072823660714284,0.0,0.4,0.6029411764705882,True,True,0,3,0.7,19,24,0.4418604651162791,0.75,55,0.5,0.05,0.05,0.0,0.0
deletion,0.05,0.7,,ordered,0.5,51,8,False,0.1635879205197704,0.28929617745535713,0.0,0.41304347826086957,0.6027397260273972,False,True,0,3,0.7,20,19,0.5128205128205128,0.55,75,0.5,0.05,0.05,0.0,0.0
deletion,0.05,0.7,,ordered,0.5,51,9,False,0.17179808324697068,0.28572213309151784,0.0,0.3888888888888889,0.6024096385542169,False,True,0,3,0.8,14,28,0.3333333333333333,0.6,89,0.5,0.05,0.05,0.0,0.0
deletion,0.05,0.7,,ordered,0.5,51,10,False,0.18241999100665657,0.2892915998186384,0.0,0.40350877192982454,0.5862068965517241,True,True,0,4,0.8,22,19,0.5365853658536586,0.65,104,0.6,0.05,0.05,0.0,0.0
deletion,0.05,0.7,,ordered,0.5,51,11,False,0.1948507075407067,0.2982186998639788,0.0,0.42857142857142855,0.574468085106383,True,True,0,5,0.8,19,24,0.4418604651162791,0.65,122,0.6,0.05,0.05,0.0,0.0
deletion,0.05,0.7,,ordered,0.5,51,12,False,0.20417374494124432,0.3049140248979841,0.0,0.4393939393939394,0.5714285714285714,True,True,0,6,0.8,17,20,0.4594594594594595,0.85,138,0.7,0.05,0.05,0.0,0.0
deletion,0.05,0.7,,ordered,0.5,51,13,False,0.2290231658487904,0.3349355186734881,0.0,0.44285714285714284,0.5631067961165048,True,True,0,7,0.8,24,22,0.5217391304347826,0.65,162,0.7,0.05,0.05,0.0,0.0
deletion,0.05,0.7,,ordered,0.5,51,14,False,0.22980308867230706,0.33245163900511604,0.0,0.4605263157894737,0.5454545454545454,True,True,0,8,0.8,22,19,0.5365853658536586,0.7,182,0.8,0.05,0.05,0.0,0.0
deletion,0.05,0.7,,ordered,0.5,51,15,False,0.2348523165042303,0.33683872925383707,0.0,0.48148148148148145,0.5213675213675214,False,True,0,8,0.8,12,24,0.3333333333333333,0.55,194,0.8,0.05,0.05,0.0,0.0
deletion,0.05,0.7,,ordered,0.5,51,16,False,0.22524638023531557,0.3213790469403778,0.0,0.4880952380952381,0.512396694214876,False,True,0,8,0.9,21,25,0.45652173913043476,0.7,215,0.8,0.05,0.05,0.0,0.0
deletion,0.05,0.7,,ordered,0.5,51,17,False,0.24393478517648667,0.3285342852052833,0.0,0.48314606741573035,0.5234375,False,True,0,8,0.9,25,21,0.5434782608695652,0.55,240,0.8,0.05,0.05,0.0,0.0
deletion,0.05,0.7,,ordered,0.5,51,18,False,0.24187966031093647,0.31515071390396254,0.0,0.46808510638297873,0.5298507462686567,True,True,0,9,0.9,24,17,0.5853658536585366,0.65,261,0.9,0.05,0.05,0.0,0.0
deletion,0.05,0.7,,ordered,0.5,51,19,False,0.2510526023760595,0.3176130354279719,0.0,0.4639175257731959,0.5362318840579711,False,True,0,9,0.9,15,18,0.45454545454545453,0.8,276,0.9,0.05,0.05,0.0,0.0
deletion,0.05,0.7,,ordered,0.5,51,20,False,0.27400373749633034,0.33820977657097895,0.0,0.48,0.5172413793103449,True,True,0,10,1.0,16,20,0.4444444444444444,0.75,292,0.9,0.05,0.05,0.0,0.0
deletion,0.05,0.7,,ordered,0.5,51,21,False,0.2992528031222478,0.3474073324282342,0.0,0.5137614678899083,0.4966887417218543,False,True,0,10,1.0,29,8,0.7837837837837838,0.5,321,0.9,0.05,0.05,0.0,0.0
deletion,0.05,0.7,,ordered,0.5,51,22,False,0.2869396023416858,0.3230554993211756,0.0,0.5217391304347826,0.49044585987261147,True,True,0,11,1.0,26,11,0.7027027027027027,0.45,340,1.0,0.05,0.05,0.0,0.0
deletion,0.05,0.7,,ordered,0.5,51,23,False,0.2714547017562644,0.29854162449088173,0.0,0.5083333333333333,0.49693251533742333,True,True,0,12,1.0,28,13,0.6829268292682927,0.7,368,1.0,0.05,0.05,0.0,0.0
deletion,0.05,0.7,,ordered,0.5,51,24,False,0.2910910263171983,0.3114062183681613,0.0,0.5163934426229508,0.48502994011976047,True,True,0,13,1.0,33,15,0.6875,0.65,401,1.0,0.05,0.05,0.0,0.0
deletion,0.05,0.7,,ordered,0.5,51,25,False,0.2995682697378987,0.314804663776121,0.0,0.5118110236220472,0.4913294797687861,True,True,0,14,1.0,25,17,0.5952380952380952,0.4,426,1.0,0.05,0.05,0.0,0.0
deletion,0.05,0.7,,ordered,0.5,51,26,False,0.27467620230342404,0.2861034978320907,0.0,0.5190839694656488,0.48044692737430167,True,True,0,15,1.0,32,15,0.6808510638297872,0.35,458,1.0,0.05,0.05,0.0,0.0
deletion,0.05,0.7,,ordered,0.5,51,27,False,0.24975715172756802,0.25832762337406806,0.0,0.5328467153284672,0.47540983606557374,True,True,0,16,1.0,32,8,0.8,0.35,490,1.0,0.05,0.05,0.0,0.0
deletion,0.05,0.7,,ordered,0.5,51,28,False,0.231067863795676,0.23749571753055104,0.0,0.5357142857142857,0.47058823529411764,True,True,0,17,1.0,33,11,0.75,0.45,523,1.0,0.05,0.05,0.0,0.0
deletion,0.05,0.7,,ordered,0.5,51,29,False,0.22955089784675703,0.2343717881479133,0.0,0.5241379310344828,0.47668393782383417,False,True,0,17,1.0,22,16,0.5789473684210527,0.5,545,1.0,0.05,0.05,0.0,0.0
deletion,0.05,0.7,,ordered,0.5,51,30,False,0.23466317338506776,0.23827884111093497,0.0,0.5337837837837838,0.46464646464646464,False,True,0,17,1.0,29,14,0.6744186046511628,0.4,574,1.0,0.05,0.05,0.0,0.0
deletion,0.05,0.7,,ordered,0.5,51,31,False,0.22599738003880082,0.2287091308332012,0.0,0.5394736842105263,0.458128078817734,True,True,0,18,1.0,38,11,0.7755102040816326,0.65,612,1.0,0.05,0.05,0.0,0.0
deletion,0.05,0.7,,ordered,0.5,51,32,False,0.2507480350291006,0.2527818481249009,0.0,0.5279503105590062,0.46919431279620855,True,True,0,19,1.0,34,10,0.7727272727272727,0.5,646,1.0,0.05,0.05,0.0,0.0
deletion,0.05,0.7,,ordered,0.5,51,33,False,0.25056102627182547,0.2520863860936757,0.0,0.5272727272727272,0.463302752293578,True,True,0,20,1.0,31,11,0.7380952380952381,0.55,677,1.0,0.05,0.05,0.0,0.0
deletion,0.05,0.7,,ordered,0.5,51,34,False,0.2566707697038691,0.2578147895702567,0.0,0.5348837209302325,0.45982142857142855,True,True,0,21,1.0,25,12,0.6756756756756757,0.55,702,1.0,0.05,0.05,0.0,0.0
deletion,0.05,0.7,,ordered,0.5,51,35,False,0.2612530772779018,0.2621110921776926,0.0,0.5454545454545454,0.4497816593886463,True,True,0,22,1.0,25,17,0.5952380952380952,0.35,727,1.0,0.05,0.05,0.0,0.0
deletion,0.05,0.7,,ordered,0.5,51,36,False,0.23968980795842637,0.24033331913326944,0.0,0.553072625698324,0.44206008583690987,True,True,0,23,1.0,19,15,0.5588235294117647,0.3,746,1.0,0.05,0.05,0.0,0.0
deletion,0.05,0.7,,ordered,0.5,51,37,False,0.21726735596881977,0.21774998934995207,0.0,0.5531914893617021,0.4403292181069959,True,True,0,24,1.0,27,9,0.75,0.5,773,1.0,0.05,0.05,0.0,0.0
deletion,0.05,0.7,,ordered,0.5,51,38,False,0.22545051697661483,0.22581249201246406,0.0,0.5567010309278351,0.43951612903225806,False,True,0,24,1.0,29,14,0.6744186046511628,0.5,802,1.0,0.05,0.05,0.0,0.0
deletion,0.05,0.7,,ordered,0.5,51,39,False,0.2315878877324611,0.23185936900934806,0.0,0.555,0.4409448818897638,False,True,0,24,1.0,31,14,0.6888888888888889,0.45,833,1.0,0.05,0.05,0.0,0.0
deletion,0.05,0.7,,random,0.0,42,0,False,0.0,0.0,0.0,0.0,1.0,False,True,0,0,0.1,0,0,0.0,0.0,0,0.0,0.05,0.05,0.0,0.0
deletion,0.05,0.7,,random,0.0,42,1,False,0.0,0.0,0.42857142857142855,0.42857142857142855,0.8181818181818182,False,True,0,0,0.5,4,48,0.07692307692307693,0.0,4,0.0,0.05,0.05,0.0,0.0
deletion,0.05,0.7,,random,0.0,42,2,False,0.06887755102040816,0.10714285714285714,0.5,0.5,0.7407407407407407,False,True,0,0,0.5,16,26,0.38095238095238093,0.0,20,0.0,0.05,0.05,0.0,0.0
deletion,0.05,0.7,,random,0.0,42,3,False,0.13201530612244897,0.20535714285714285,0.6666666666666666,0.6666666666666666,0.5882352941176471,True,True,0,1,0.6,12,26,0.3157894736842105,0.0,12,0.0,0.05,0.05000000000000001,6.938893903907228e-18,0.0
deletion,0.05,0.7,,random,0.0,42,4,False,0.194249574829932,0.32068452380952384,0.6875,0.6875,0.5714285714285714,False,True,0,1,0.7,16,24,0.4,0.05,28,0.0,0.05,0.05,0.0,0.0
deletion,0.05,0.7,,random,0.0,42,5,False,0.24925860969387756,0.4123883928571429,0.75,0.7619047619047619,0.4878048780487805,True,True,0,2,0.8,14,21,0.4,0.2,15,0.0,0.05,0.05,0.0,0.0
deletion,0.05,0.7,,random,0.0,42,6,False,0.31551538584183675,0.4967912946428572,0.7,0.7391304347826086,0.4883720930232558,True,True,0,3,0.8,20,24,0.45454545454545453,0.29411764705882354,17,0.0,0.05,0.05,0.0,0.0
deletion,0.05,0.7,,random,0.0,42,7,False,0.36814914442339436,0.5475934709821428,0.6,0.7333333333333333,0.47058823529411764,True,True,0,4,1.0,24,16,0.6,0.25,22,0.0,0.05,0.05,0.0,0.0
deletion,0.05,0.7,,random,0.0,42,8,False,0.3823618583175458,0.5169451032366071,0.55,0.7272727272727273,0.43103448275862066,True,True,0,5,1.0,19,22,0.4634146341463415,0.45,20,0.0,0.05,0.05,0.0,0.0
deletion,0.05,0.7,,random,0.0,42,9,False,0.41177139373815935,0.5127088274274554,0.45,0.7027027027027027,0.4375,False,True,0,5,1.0,24,17,0.5853658536585366,0.6,44,0.0,0.05,0.05,0.0,0.0
deletion,0.05,0.7,,random,0.0,42,10,False,0.44007854530361945,0.5157816205705915,0.3,0.6818181818181818,0.4305555555555556,True,True,0,6,1.0,33,13,0.717391304347826,0.7,37,0.0,0.05,0.05,0.0,0.0
deletion,0.05,0.7,,random,0.0,42,11,False,0.4550589089777146,0.5118362154279437,0.2,0.6862745098039216,0.4177215189873418,True,True,0,7,1.0,23,17,0.575,0.7,36,0.0,0.05,0.05,0.0,0.0
deletion,0.05,0.7,,random,0.0,42,12,False,0.45379418173328595,0.49637716157095774,0.1,0.6428571428571429,0.43023255813953487,True,True,0,8,1.0,22,13,0.6285714285714286,0.65,33,0.0,0.05,0.05,0.0,0.0
deletion,0.05,0.7,,random,0.0,42,13,False,0.43409563629996445,0.4660328711782183,0.1,0.6610169491525424,0.42045454545454547,True,True,0,9,1.0,37,6,0.8604651162790697,0.4,33,0.0,0.05,0.05,0.0,0.0
deletion,0.05,0.7,,random,0.0,42,14,False,0.3880717272249733,0.41202465338366373,0.1,0.6557377049180327,0.4175824175824176,False,True,0,9,1.0,34,10,0.7727272727272727,0.6,67,0.0,0.05,0.05,0.0,0.0
deletion,0.05,0.7,,random,0.0,42,15,False,0.37855379541873,0.39651849003774775,0.05,0.6567164179104478,0.4166666666666667,False,True,0,9,1.0,31,16,0.6595744680851063,0.65,98,0.0,0.05,0.05,0.0,0.0
deletion,0.05,0.7,,random,0.0,42,16,False,0.3714153465640475,0.38488886752831086,0.0,0.6666666666666666,0.4019607843137255,True,True,0,10,1.0,27,12,0.6923076923076923,0.6,54,0.0,0.05,0.05,0.0,0.0
deletion,0.05,0.7,,random,0.0,42,17,False,0.35356150992303564,0.36366665064623316,0.0,0.6842105263157895,0.3867924528301887,True,True,0,11,1.0,35,13,0.7291666666666666,0.5,49,0.0,0.05,0.05,0.0,0.0
deletion,0.05,0.7,,random,0.0,42,18,False,0.32767113244227675,0.33524998798467487,0.0,0.6708860759493671,0.39090909090909093,True,True,0,12,1.0,40,9,0.8163265306122449,0.45,47,0.0,0.05,0.05,0.0,0.0
deletion,0.05,0.7,,random,0.0,42,19,False,0.3020033493317076,0.3076874909885062,0.0,0.6511627906976745,0.4017094017094017,True,True,0,13,1.0,25,11,0.6944444444444444,0.5,40,0.0,0.05,0.05,0.0,0.0
deletion,0.05,0.7,,random,0.0,42,20,False,0.2890025119987807,0.29326561824137964,0.0,0.6590909090909091,0.3949579831932773,True,True,0,14,1.0,34,13,0.723404255319149,0.5,35,0.0,0.05,0.05,0.0,0.0
deletion,0.05,0.7,,random,0.0,42,21,False,0.2792518839990855,0.2824492136810347,0.0,0.6555555555555556,0.3902439024390244,True,True,0,15,1.0,28,14,0.6666666666666666,0.45,28,0.0,0.05,0.05,0.0,0.0
deletion,0.05,0.7,,random,0.0,42,22,False,0.26568891299931413,0.268086910260776,0.0,0.6494845360824743,0.3953488372093023,False,True,0,15,1.0,27,15,0.6428571428571429,0.6,55,0.0,0.05,0.05,0.0,0.0
deletion,0.05,0.7,,random,0.0,42,23,False,0.2742666847494856,0.276065182695582,0.0,0.6442307692307693,0.39705882352941174,True,True,0,16,1.0,25,13,0.6578947368421053,0.55,34,0.0,0.05,0.05,0.0,0.0
deletion,0.05,0.7,,random,0.0,42,24,False,0.27445001356211424,0.27579888702168653,0.0,0.6320754716981132,0.3986013986013986,False,True,0,16,1.0,28,19,0.5957446808510638,0.45,62,0.0,0.05,0.05,0.0,0.0
deletion,0.05,0.7,,random,0.0,42,25,False,0.26208751017158566,0.2630991652662649,0.0,0.6363636363636364,0.3877551020408163,True,True,0,17,1.0,38,14,0.7307692307692307,0.5,47,0.0,0.05,0.05,0.0,0.0
deletion,0.05,0.7,,random,0.0,42,26,False,0.25906563262868926,0.2598243739496987,0.0,0.6521739130434783,0.37254901960784315,True,True,0,18,1.0,28,12,0.7,0.45,36,0.0,0.05,0.05,0.0,0.0
deletion,0.05,0.7,,random,0.0,42,27,False,0.25054922447151695,0.251118280462274,0.0,0.6470588235294118,0.375,True,True,0,19,1.0,24,9,0.7272727272727273,0.5,28,0.0,0.05,0.05,0.0,0.0
deletion,0.05,0.7,,random,0.0,42,28,False,0.2504119183536377,0.2508387103467055,0.0,0.648,0.37575757575757573,False,True,0,19,1.0,31,16,0.6595744680851063,0.6,59,0.0,0.05,0.05,0.0,0.0
deletion,0.05,0.7,,random,0.0,42,29,False,0.26280893876522826,0.26312903276002914,0.0,0.6390977443609023,0.3793103448275862,False,True,0,19,1.0,20,17,0.5405405405405406,0.7,79,0.0,0.05,0.05,0.0,0.0
deletion,0.05,0.7,,random,0.0,42,30,False,0.2846067040739212,0.28484677457002183,0.0,0.6370370370370371,0.3785310734463277,True,True,0,20,1.0,36,13,0.7346938775510204,0.45,61,0.0,0.05,0.05,0.0,0.0
deletion,0.05,0.7,,random,0.0,42,31,False,0.2697050280554409,0.2698850809275164,0.0,0.625,0.3870967741935484,True,True,0,21,1.0,30,13,0.6976744186046512,0.3,47,0.0,0.05,0.05,0.0,0.0
deletion,0.05,0.7,,random,0.0,42,32,False,0.23977877104158068,0.2399138106956373,0.0,0.5909090909090909,0.41116751269035534,False,True,0,21,1.0,25,11,0.6944444444444444,0.8,72,0.0,0.05,0.05,0.0,0.0
deletion,0.05,0.7,,random,0.0,42,33,False,0.2798340782811855,0.279935358021728,0.0,0.6012658227848101,0.40298507462686567,True,True,0,22,1.0,33,14,0.7021276595744681,0.65,49,0.0,0.05,0.05,0.0,0.0
deletion,0.05,0.7,,random,0.0,42,34,False,0.29112555871088913,0.291201518516296,0.0,0.5914634146341463,0.40476190476190477,False,True,0,22,1.0,25,14,0.6410256410256411,0.45,74,0.0,0.05,0.05,0.0,0.0
deletion,0.05,0.7,,random,0.0,42,35,False,0.2745941690331669,0.27465113888722203,0.0,0.5952380952380952,0.40186915887850466,True,True,0,23,1.0,31,13,0.7045454545454546,0.45,50,0.0,0.05,0.05,0.0,0.0
deletion,0.05,0.7,,random,0.0,42,36,False,0.2621956267748752,0.2622383541654165,0.0,0.5919540229885057,0.40271493212669685,True,True,0,24,1.0,31,12,0.7209302325581395,0.5,42,0.0,0.05,0.05,0.0,0.0
deletion,0.05,0.7,,random,0.0,42,37,False,0.2591467200811564,0.2591787656240624,0.0,0.5879120879120879,0.40789473684210525,True,True,0,25,1.0,28,10,0.7368421052631579,0.45,33,0.0,0.05,0.05,0.0,0.0
deletion,0.05,0.7,,random,0.0,42,38,False,0.25061004006086735,0.2506340742180468,0.0,0.5767195767195767,0.4152542372881356,True,True,0,26,1.0,29,10,0.7435897435897436,0.45,31,0.0,0.05,0.05,0.0,0.0
deletion,0.05,0.7,,random,0.0,42,39,False,0.2442075300456505,0.24422555566353507,0.0,0.5833333333333334,0.4117647058823529,True,True,0,27,1.0,29,16,0.6444444444444445,0.4,27,0.0,0.05,0.05,0.0,0.0
deletion,0.05,0.7,,random,0.0,43,0,False,0.0,0.0,0.0,0.0,1.0,False,True,0,0,0.0,0,0,0.0,0.0,0,0.0,0.05,0.05,0.0,0.0
deletion,0.05,0.7,,random,0.0,43,1,False,0.0,0.0,0.09090909090909091,0.09090909090909091,0.8518518518518519,False,True,0,0,0.0,0,50,0.0,0.0,0,0.0,0.05,0.05,0.0,0.0
deletion,0.05,0.7,,random,0.0,43,2,False,0.022727272727272728,0.022727272727272728,0.29411764705882354,0.29411764705882354,0.7352941176470589,False,True,0,0,0.1,0,35,0.0,0.0,0,0.0,0.05,0.05,0.0,0.0
deletion,0.05,0.7,,random,0.0,43,3,False,0.09057486631016043,0.09057486631016043,0.4,0.42857142857142855,0.6190476190476191,False,True,0,0,0.2,1,37,0.02631578947368421,0.0,1,0.0,0.05,0.05,0.0,0.0
deletion,0.05,0.7,,random,0.0,43,4,False,0.16078829258976318,0.16793114973262033,0.35,0.48,0.574468085106383,False,True,0,0,0.5,1,36,0.02702702702702703,0.0,2,0.0,0.05,0.05,0.0,0.0
deletion,0.05,0.7,,random,0.0,43,5,False,0.18934121944232235,0.21344836229946523,0.3,0.5333333333333333,0.509090909090909,False,True,0,0,0.5,16,18,0.47058823529411764,0.3333333333333333,18,0.0,0.05,0.05,0.0,0.0
deletion,0.05,0.7,,random,0.0,43,6,False,0.21879162886745607,0.23508627172459895,0.25,0.53125,0.5172413793103449,False,True,0,0,0.5,10,32,0.23809523809523808,0.35,28,0.0,0.05,0.05,0.0,0.0
deletion,0.05,0.7,,random,0.0,43,7,False,0.23195086450773492,0.2388147037934492,0.2,0.5227272727272727,0.5072463768115942,True,True,0,1,0.7,14,21,0.4,0.5,23,0.0,0.05,0.05,0.0,0.0
deletion,0.05,0.7,,random,0.0,43,8,False,0.25074886266651547,0.26661102784508695,0.2,0.5625,0.49333333333333335,False,True,0,1,0.7,21,23,0.4772727272727273,0.55,44,0.0,0.05,0.05,0.0,0.0
deletion,0.05,0.7,,random,0.0,43,9,False,0.26931164699988663,0.29370827088381524,0.15,0.56,0.5,True,True,0,2,0.7,20,20,0.5,0.55,36,0.0,0.05,0.05,0.0,0.0
deletion,0.05,0.7,,random,0.0,43,10,False,0.2751980209642007,0.30778120316286145,0.15,0.5686274509803921,0.4875,False,True,0,2,0.9,19,26,0.4222222222222222,0.5,55,0.0,0.05,0.05,0.0,0.0
deletion,0.05,0.7,,random,0.0,43,11,False,0.2813985157231505,0.31208590237214606,0.05,0.5789473684210527,0.47126436781609193,True,True,0,3,1.0,25,17,0.5952380952380952,0.55,38,0.0,0.05,0.05,0.0,0.0
deletion,0.05,0.7,,random,0.0,43,12,False,0.28604888679236284,0.30906442677910956,0.05,0.578125,0.4731182795698925,False,True,0,3,1.0,32,11,0.7441860465116279,0.7,70,0.0,0.05,0.05,0.0,0.0
deletion,0.05,0.7,,random,0.0,43,13,False,0.3082866650942722,0.32554832008433215,0.05,0.5757575757575758,0.4639175257731959,True,True,0,4,1.0,28,15,0.6511627906976745,0.7,54,0.0,0.05,0.05,0.0,0.0
deletion,0.05,0.7,,random,0.0,43,14,False,0.3249649988207041,0.33791124006324913,0.05,0.6,0.4368932038834951,True,True,0,5,1.0,26,13,0.6666666666666666,0.6,44,0.0,0.05,0.05,0.0,0.0
deletion,0.05,0.7,,random,0.0,43,15,False,0.3249737491155281,0.33468343004743684,0.0,0.6,0.4392523364485981,True,True,0,6,1.0,34,13,0.723404255319149,0.55,40,0.0,0.05,0.05,0.0,0.0
deletion,0.05,0.7,,random,0.0,43,16,False,0.3124803118366461,0.3197625725355776,0.0,0.5949367088607594,0.4375,True,True,0,7,1.0,25,15,0.625,0.5,30,0.0,0.05,0.05,0.0,0.0
deletion,0.05,0.7,,random,0.0,43,17,False,0.29686023387748456,0.30232192940168323,0.0,0.5783132530120482,0.4482758620689655,True,True,0,8,1.0,33,14,0.7021276595744681,0.65,27,0.0,0.05,0.05,0.0,0.0
deletion,0.05,0.7,,random,0.0,43,18,False,0.30389517540811345,0.3079914470512624,0.0,0.5862068965517241,0.43089430894308944,True,True,0,9,1.0,23,14,0.6216216216216216,0.55,25,0.0,0.05,0.05,0.0,0.0
deletion,0.05,0.7,,random,0.0,43,19,False,0.296671381556085,0.2997435852884468,0.0,0.6063829787234043,0.4122137404580153,True,True,0,10,1.0,28,13,0.6829268292682927,0.55,26,0.0,0.05,0.05,0.0,0.0
deletion,0.05,0.7,,random,0.0,43,20,False,0.2912535361670638,0.2935576889663351,0.0,0.6020408163265306,0.4117647058823529,False,True,0,10,1.0,27,15,0.6428571428571429,0.45,53,0.0,0.05,0.05,0.0,0.0
deletion,0.05,0.7,,random,0.0,43,21,False,0.27469015212529785,0.27641826672475134,0.0,0.616822429906542,0.4027777777777778,False,True,0,10,1.0,27,11,0.7105263157894737,0.55,80,0.0,0.05,0.05,0.0,0.0
deletion,0.05,0.7,,random,0.0,43,22,False,0.2747676140939734,0.2760637000435635,0.0,0.6203703703703703,0.39864864864864863,True,True,0,11,1.0,44,9,0.8301886792452831,0.45,57,0.0,0.05,0.05,0.0,0.0
deletion,0.05,0.7,,random,0.0,43,23,False,0.26232571057048004,0.26329777503267265,0.0,0.625,0.39215686274509803,True,True,0,12,1.0,23,18,0.5609756097560976,0.6,36,0.0,0.05,0.05,0.0,0.0
deletion,0.05,0.7,,random,0.0,43,24,False,0.27174428292786007,0.2724733312745045,0.0,0.6206896551724138,0.389937106918239,True,True,0,13,1.0,28,12,0.7,0.6,29,0.0,0.05,0.05,0.0,0.0
deletion,0.05,0.7,,random,0.0,43,25,False,0.2788082121958951,0.2793549984558784,0.0,0.6302521008403361,0.3803680981595092,True,True,0,14,1.0,30,13,0.6976744186046512,0.5,29,0.0,0.05,0.05,0.0,0.0
deletion,0.05,0.7,,random,0.0,43,26,False,0.27160615914692127,0.2720162488419088,0.0,0.6428571428571429,0.375,True,True,0,15,1.0,29,7,0.8055555555555556,0.5,24,0.0,0.05,0.05,0.0,0.0
deletion,0.05,0.7,,random,0.0,43,27,False,0.26620461936019096,0.2665121866314316,0.0,0.631578947368421,0.3785310734463277,False,True,0,15,1.0,23,15,0.6052631578947368,0.45,47,0.0,0.05,0.05,0.0,0.0
deletion,0.05,0.7,,random,0.0,43,28,False,0.25590346452014323,0.2561341399735737,0.0,0.6357142857142857,0.3791208791208791,True,True,0,16,1.0,26,13,0.6666666666666666,0.55,35,0.0,0.05,0.05,0.0,0.0
deletion,0.05,0.7,,random,0.0,43,29,False,0.26067759839010746,0.2608506049801803,0.0,0.6301369863013698,0.38095238095238093,True,True,0,17,1.0,39,5,0.8863636363636364,0.55,37,0.0,0.05,0.05,0.0,0.0
deletion,0.05,0.7,,random,0.0,43,30,False,0.2642581987925806,0.26438795373513524,0.0,0.6266666666666667,0.38341968911917096,True,True,0,18,1.0,34,15,0.6938775510204082,0.65,42,0.0,0.05,0.05,0.0,0.0
deletion,0.05,0.7,,random,0.0,43,31,False,0.2794436490944355,0.2795409653013514,0.0,0.6274509803921569,0.3787878787878788,True,True,0,19,1.0,27,13,0.675,0.55,36,0.0,0.05,0.05,0.0,0.0
deletion,0.05,0.7,,random,0.0,43,32,False,0.2783327368208266,0.2784057239760136,0.0,0.6163522012578616,0.3891625615763547,True,True,0,20,1.0,25,13,0.6578947368421053,0.55,30,0.0,0.05,0.05,0.0,0.0
deletion,0.05,0.7,,random,0.0,43,33,False,0.2774995526156199,0.2775542929820102,0.0,0.6,0.4019138755980861,True,True,0,21,1.0,35,12,0.7446808510638298,0.55,35,0.0,0.05,0.05,0.0,0.0
deletion,0.05,0.7,,random,0.0,43,34,False,0.27687466446171494,0.27691571973650764,0.0,0.6023391812865497,0.39814814814814814,True,True,0,22,1.0,26,17,0.6046511627906976,0.6,28,0.0,0.05,0.05,0.0,0.0
deletion,0.05,0.7,,random,0.0,43,35,False,0.28265599834628624,0.2826867898023807,0.0,0.5898876404494382,0.40625,False,True,0,22,1.0,32,11,0.7441860465116279,0.45,60,0.0,0.05,0.05,0.0,0.0
deletion,0.05,0.7,,random,0.0,43,36,False,0.26824199875971466,0.26826509235178553,0.0,0.5901639344262295,0.4043478260869565,True,True,0,23,1.0,25,15,0.625,0.4,51,0.0,0.05,0.05,0.0,0.0
deletion,0.05,0.7,,random,0.0,43,37,False,0.251181499069786,0.25119881926383913,0.0,0.5882352941176471,0.4025423728813559,True,True,0,24,1.0,33,10,0.7674418604651163,0.5,44,0.0,0.05,0.05,0.0,0.0
deletion,0.05,0.7,,random,0.0,43,38,False,0.25088612430233953,0.2508991144478794,0.0,0.5906735751295337,0.4041666666666667,True,True,0,25,1.0,25,12,0.6756756756756757,0.55,48,0.0,0.05,0.05,0.0,0.0
deletion,0.05,0.7,,random,0.0,43,39,False,0.25691459322675464,0.25692433583590957,0.0,0.583756345177665,0.4098360655737705,True,True,0,26,1.0,30,12,0.7142857142857143,0.5,36,0.0,0.05,0.05,0.0,0.0
deletion,0.05,0.7,,random,0.0,44,0,False,0.0,0.0,0.0,0.0,1.0,False,True,0,0,0.0,0,0,0.0,0.0,0,0.0,0.05,0.05,0.0,0.0
deletion,0.05,0.7,,random,0.0,44,1,False,0.0,0.0,0.3,0.3,0.72,False,True,0,0,0.0,0,43,0.0,0.0,0,0.0,0.05,0.05,0.0,0.0
deletion,0.05,0.7,,random,0.0,44,2,False,0.075,0.075,0.4166666666666667,0.4166666666666667,0.6785714285714286,False,True,0,0,0.1,0,43,0.0,0.0,0,0.0,0.05,0.05,0.0,0.0
deletion,0.05,0.7,,random,0.0,44,3,False,0.16041666666666665,0.16041666666666665,0.5625,0.5625,0.5714285714285714,False,True,0,0,0.2,2,36,0.05263157894736842,0.0,2,0.0,0.05,0.05,0.0,0.0
deletion,0.05,0.7,,random,0.0,44,4,False,0.25089285714285714,0.2609375,0.5789473684210527,0.5789473684210527,0.5384615384615384,False,True,0,0,0.4,2,33,0.05714285714285714,0.5,4,0.0,0.05,0.05,0.0,0.0
deletion,0.05,0.7,,random,0.0,44,5,False,0.33008693609022555,0.34043996710526314,0.6,0.6363636363636364,0.5,True,True,0,1,0.4,14,32,0.30434782608695654,1.0,4,0.0,0.05,0.05,0.0,0.0
deletion,0.05,0.7,,random,0.0,44,6,False,0.4118509163533834,0.4479286595394737,0.5,0.6296296296296297,0.46938775510204084,False,True,0,1,0.4,5,32,0.13513513513513514,0.7777777777777778,9,0.0,0.05,0.05,0.0,0.0
deletion,0.05,0.7,,random,0.0,44,7,False,0.44380882218567247,0.49566871687682745,0.3,0.5625,0.4909090909090909,False,True,0,1,0.5,14,30,0.3181818181818182,0.65,23,0.0,0.05,0.05,0.0,0.0
deletion,0.05,0.7,,random,0.0,44,8,False,0.42660661663925437,0.4905015376576206,0.25,0.5675675675675675,0.4918032786885246,True,True,0,2,0.5,14,32,0.30434782608695654,0.8,22,0.0,0.05,0.05,0.0,0.0
deletion,0.05,0.7,,random,0.0,44,9,False,0.4119192481937265,0.4991261532432154,0.25,0.5897435897435898,0.47619047619047616,False,True,0,2,0.7,12,32,0.2727272727272727,0.8,34,0.0,0.05,0.05,0.0,0.0
deletion,0.05,0.7,,random,0.0,44,10,False,0.42054657900243775,0.5055946149324115,0.15,0.5909090909090909,0.47058823529411764,True,True,0,3,0.9,17,24,0.4146341463414634,0.65,22,0.0,0.05,0.05,0.0,0.0
deletion,0.05,0.7,,random,0.0,44,11,False,0.4064813628232569,0.47919596119930863,0.0,0.5849056603773585,0.46153846153846156,False,True,0,3,0.9,30,11,0.7317073170731707,0.65,52,0.0,0.05,0.05,0.0,0.0
deletion,0.05,0.7,,random,0.0,44,12,False,0.3745038792602998,0.44064697089948146,0.0,0.5614035087719298,0.47560975609756095,True,True,0,4,1.0,32,11,0.7441860465116279,0.75,36,0.0,0.05,0.05,0.0,0.0
deletion,0.05,0.7,,random,0.0,44,13,False,0.37462790944522484,0.4242352281746111,0.0,0.5483870967741935,0.45652173913043476,True,True,0,5,1.0,29,14,0.6744186046511628,0.55,37,0.0,0.05,0.05,0.0,0.0
deletion,0.05,0.7,,random,0.0,44,14,False,0.3497209320839186,0.3869264211309583,0.0,0.5714285714285714,0.4489795918367347,True,True,0,6,1.0,28,12,0.7,0.25,35,0.0,0.05,0.05,0.0,0.0
deletion,0.05,0.7,,random,0.0,44,15,False,0.29354069906293895,0.3214448158482187,0.0,0.56,0.4519230769230769,True,True,0,7,1.0,33,15,0.6875,0.65,38,0.0,0.05,0.05,0.0,0.0
deletion,0.05,0.7,,random,0.0,44,16,False,0.30140552429720424,0.32233361188616405,0.0,0.5641025641025641,0.4485981308411215,True,True,0,8,1.0,34,16,0.68,0.6,35,0.0,0.05,0.05,0.0,0.0
deletion,0.05,0.7,,random,0.0,44,17,False,0.30105414322290314,0.316750208914623,0.0,0.5581395348837209,0.4444444444444444,False,True,0,8,1.0,30,12,0.7142857142857143,0.5,65,0.0,0.05,0.05,0.0,0.0
deletion,0.05,0.7,,random,0.0,44,18,False,0.2882906074171774,0.30006265668596727,0.0,0.5604395604395604,0.4426229508196721,False,True,0,8,1.0,30,10,0.75,0.45,95,0.0,0.05,0.05,0.0,0.0
deletion,0.05,0.7,,random,0.0,44,19,False,0.272467955562883,0.2812969925144755,0.0,0.5555555555555556,0.453125,False,True,0,8,1.0,23,10,0.696969696969697,0.65,118,0.0,0.05,0.05,0.0,0.0
deletion,0.05,0.7,,random,0.0,44,20,False,0.2856009666721623,0.2922227443858566,0.0,0.5576923076923077,0.4552238805970149,True,True,0,9,1.0,28,9,0.7567567567567568,0.55,70,0.0,0.05,0.05,0.0,0.0
deletion,0.05,0.7,,random,0.0,44,21,False,0.2829507250041217,0.28791705828939246,0.0,0.5514018691588785,0.45255474452554745,True,True,0,10,1.0,29,11,0.725,0.6,50,0.0,0.05,0.05,0.0,0.0
deletion,0.05,0.7,,random,0.0,44,22,False,0.2872130437530913,0.29093779371704437,0.0,0.5495495495495496,0.45774647887323944,True,True,0,11,1.0,21,18,0.5384615384615384,0.45,28,0.0,0.05,0.05,0.0,0.0
deletion,0.05,0.7,,random,0.0,44,23,False,0.27165978281481845,0.2744533452877833,0.0,0.5603448275862069,0.4429530201342282,True,True,0,12,1.0,30,12,0.7142857142857143,0.4,27,0.0,0.05,0.05,0.0,0.0
deletion,0.05,0.7,,random,0.0,44,24,False,0.25374483711111384,0.2558400089658375,0.0,0.5785123966942148,0.4258064516129032,False,True,0,12,1.0,30,12,0.7142857142857143,0.4,57,0.0,0.05,0.05,0.0,0.0
deletion,0.05,0.7,,random,0.0,44,25,False,0.24030862783333537,0.2418800067243781,0.0,0.5826771653543307,0.41975308641975306,True,True,0,13,1.0,32,14,0.6956521739130435,0.6,44,0.0,0.05,0.05,0.0,0.0
deletion,0.05,0.7,,random,0.0,44,26,False,0.25523147087500153,0.2564100050432836,0.0,0.5801526717557252,0.4166666666666667,True,True,0,14,1.0,22,16,0.5789473684210527,0.7,36,0.0,0.05,0.05,0.0,0.0
deletion,0.05,0.7,,random,0.0,44,27,False,0.27892360315625114,0.27980750378246266,0.0,0.5766423357664233,0.41714285714285715,False,True,0,14,1.0,28,13,0.6829268292682927,0.5,64,0.0,0.05,0.05,0.0,0.0
deletion,0.05,0.7,,random,0.0,44,28,False,0.27169270236718834,0.27235562783684697,0.0,0.5845070422535211,0.41208791208791207,True,True,0,15,1.0,30,12,0.7142857142857143,0.4,47,0.0,0.05,0.05,0.0,0.0
deletion,0.05,0.7,,random,0.0,44,29,False,0.2537695267753913,0.25426672087763524,0.0,0.5866666666666667,0.4074074074074074,True,True,0,16,1.0,22,15,0.5945945945945946,0.45,31,0.0,0.05,0.05,0.0,0.0
deletion,0.05,0.7,,random,0.0,44,30,False,0.24657714508154346,0.24695004065822643,0.0,0.5935483870967742,0.4,True,True,0,17,1.0,33,11,0.75,0.5,35,0.0,0.05,0.05,0.0,0.0
deletion,0.05,0.7,,random,0.0,44,31,False,0.2474328588111576,0.2477125304936698,0.0,0.59375,0.4,True,True,0,18,1.0,25,15,0.625,0.55,33,0.0,0.05,0.05,0.0,0.0
deletion,0.05,0.7,,random,0.0,44,32,False,0.2543246441083682,0.25453439787025234,0.0,0.5975609756097561,0.4,True,True,0,19,1.0,21,16,0.5675675675675675,0.55,31,0.0,0.05,0.05,0.0,0.0
deletion,0.05,0.7,,random,0.0,44,33,False,0.2594934830812762,0.25965079840268923,0.0,0.6,0.39622641509433965,True,True,0,20,1.0,28,11,0.717948717948718,0.4,25,0.0,0.05,0.05,0.0,0.0
deletion,0.05,0.7,,random,0.0,44,34,False,0.2446201123109571,0.2447380988020169,0.0,0.6067415730337079,0.39090909090909093,True,True,0,21,1.0,25,16,0.6097560975609756,0.55,27,0.0,0.05,0.05,0.0,0.0
deletion,0.05,0.7,,random,0.0,44,35,False,0.25221508423321787,0.2523035741015127,0.0,0.6065573770491803,0.39285714285714285,True,True,0,22,1.0,32,12,0.7272727272727273,0.6,32,0.0,0.05,0.05,0.0,0.0
deletion,0.05,0.7,,random,0.0,44,36,False,0.26416131317491337,0.26422768057613455,0.0,0.6129032258064516,0.38596491228070173,True,True,0,23,1.0,23,16,0.5897435897435898,0.55,33,0.0,0.05,0.05,0.0,0.0
deletion,0.05,0.7,,random,0.0,44,37,False,0.26687098488118505,0.2669207604321009,0.0,0.6113989637305699,0.39148936170212767,True,True,0,24,1.0,30,10,0.75,0.6,29,0.0,0.05,0.05,0.0,0.0
deletion,0.05,0.7,,random,0.0,44,38,False,0.27515323866088875,0.2751905703240757,0.0,0.6091370558375635,0.3900414937759336,True,True,0,25,1.0,31,13,0.7045454545454546,0.45,30,0.0,0.05,0.05,0.0,0.0
deletion,0.05,0.7,,random,0.0,44,39,False,0.2626149289956666,0.26264292774305675,0.0,0.6080402010050251,0.39094650205761317,True,True,0,26,1.0,28,17,0.6222222222222222,0.45,28,0.0,0.05,0.05,0.0,0.0
deletion,0.05,0.7,,random,0.0,45,0,False,0.0,0.0,0.0,0.0,1.0,False,True,0,0,0.2,0,0,0.0,0.0,0,0.0,0.05,0.05,0.0,0.0
deletion,0.05,0.7,,random,0.0,45,1,False,0.0,0.0,0.35294117647058826,0.35294117647058826,0.8064516129032258,True,True,0,1,0.3,5,39,0.11363636363636363,0.0,1,0.0,0.05,0.05000000000000001,6.938893903907228e-18,0.0
deletion,0.05,0.7,,random,0.0,45,2,False,0.07563025210084033,0.08823529411764706,0.3,0.391304347826087,0.7567567567567568,False,True,0,1,0.5,10,38,0.20833333333333334,0.6363636363636364,11,0.0,0.05,0.05,0.0,0.0
deletion,0.05,0.7,,random,0.0,45,3,False,0.14974216959511075,0.18322192513368984,0.3,0.4166666666666667,0.7,False,True,0,1,0.7,12,24,0.3333333333333333,0.7,23,0.0,0.05,0.05,0.0,0.0
deletion,0.05,0.7,,random,0.0,45,4,False,0.21587805576776167,0.2624164438502674,0.25,0.4642857142857143,0.6595744680851063,False,True,0,1,0.8,17,19,0.4722222222222222,0.7,40,0.0,0.05,0.05,0.0,0.0
deletion,0.05,0.7,,random,0.0,45,5,False,0.26458711325439266,0.3155623328877005,0.25,0.4827586206896552,0.6458333333333334,True,True,0,2,0.8,31,17,0.6458333333333334,0.6,31,0.0,0.05,0.05,0.0,0.0
deletion,0.05,0.7,,random,0.0,45,6,False,0.2921903349407945,0.3429217496657754,0.25,0.48484848484848486,0.6111111111111112,True,True,0,3,0.8,22,19,0.5365853658536586,0.6,24,0.0,0.05,0.05,0.0,0.0
deletion,0.05,0.7,,random,0.0,45,7,False,0.31289275120559584,0.36344131224933157,0.2,0.47058823529411764,0.6206896551724138,True,True,0,4,0.9,25,25,0.5,0.6,25,0.0,0.05,0.05,0.0,0.0
deletion,0.05,0.7,,random,0.0,45,8,False,0.3275267062613398,0.3725809841869987,0.1,0.48717948717948717,0.5909090909090909,True,True,0,5,0.9,28,19,0.5957446808510638,0.6,26,0.0,0.05,0.05,0.0,0.0
deletion,0.05,0.7,,random,0.0,45,9,False,0.32421645826743345,0.36693573814024905,0.0,0.4883720930232558,0.5774647887323944,False,True,0,5,0.9,31,13,0.7045454545454546,0.75,57,0.0,0.05,0.05,0.0,0.0
deletion,0.05,0.7,,random,0.0,45,10,False,0.3235194865577179,0.36895180360518676,0.0,0.4583333333333333,0.5921052631578947,True,True,0,6,1.0,27,19,0.5869565217391305,0.6,43,0.0,0.05,0.05,0.0,0.0
deletion,0.05,0.7,,random,0.0,45,11,False,0.31763961491828846,0.35171385270389005,0.0,0.48,0.5769230769230769,True,True,0,7,1.0,35,15,0.7,0.55,32,0.0,0.05,0.05,0.0,0.0
deletion,0.05,0.7,,random,0.0,45,12,False,0.30697971118871636,0.3325353895279175,0.0,0.4642857142857143,0.5813953488372093,True,True,0,8,1.0,35,8,0.813953488372093,0.35,28,0.0,0.05,0.05,0.0,0.0
deletion,0.05,0.7,,random,0.0,45,13,False,0.27398478339153726,0.29315154214593814,0.0,0.4838709677419355,0.5591397849462365,True,True,0,9,1.0,24,21,0.5333333333333333,0.65,25,0.0,0.05,0.05,0.0,0.0
deletion,0.05,0.7,,random,0.0,45,14,False,0.28673858754365295,0.3011136566094536,0.0,0.4925373134328358,0.5567010309278351,True,True,0,10,1.0,29,9,0.7631578947368421,0.5,29,0.0,0.05,0.05,0.0,0.0
deletion,0.05,0.7,,random,0.0,45,15,False,0.2775539406577397,0.2883352424570902,0.0,0.5138888888888888,0.5436893203883495,True,True,0,11,1.0,32,14,0.6956521739130435,0.35,41,0.0,0.05,0.05,0.0,0.0
deletion,0.05,0.7,,random,0.0,45,16,False,0.2519154554933048,0.26000143184281765,0.0,0.5,0.5454545454545454,False,True,0,11,1.0,28,12,0.7,0.55,69,0.0,0.05,0.05,0.0,0.0
deletion,0.05,0.7,,random,0.0,45,17,False,0.2576865916199786,0.2637510738821133,0.0,0.5185185185185185,0.5309734513274337,True,True,0,12,1.0,35,9,0.7954545454545454,0.45,49,0.0,0.05,0.05,0.0,0.0
deletion,0.05,0.7,,random,0.0,45,18,False,0.24951494371498395,0.25406330541158495,0.0,0.5348837209302325,0.5169491525423728,True,True,0,13,1.0,30,13,0.6976744186046512,0.45,41,0.0,0.05,0.05,0.0,0.0
deletion,0.05,0.7,,random,0.0,45,19,False,0.24338620778623793,0.2467974790586887,0.0,0.5494505494505495,0.5040650406504065,True,True,0,14,1.0,25,13,0.6578947368421053,0.6,26,0.0,0.05,0.05,0.0,0.0
deletion,0.05,0.7,,random,0.0,45,20,False,0.25753965583967847,0.26009810929401656,0.0,0.5425531914893617,0.5039370078740157,True,True,0,15,1.0,31,12,0.7209302325581395,0.55,30,0.0,0.05,0.05,0.0,0.0
deletion,0.05,0.7,,random,0.0,45,21,False,0.2619047418797588,0.2638235819705124,0.0,0.5306122448979592,0.5114503816793893,True,True,0,16,1.0,35,12,0.7446808510638298,0.65,33,0.0,0.05,0.05,0.0,0.0
deletion,0.05,0.7,,random,0.0,45,22,False,0.27767855640981914,0.2791176864778843,0.0,0.5294117647058824,0.5109489051094891,True,True,0,17,1.0,33,9,0.7857142857142857,0.6,39,0.0,0.05,0.05,0.0,0.0
deletion,0.05,0.7,,random,0.0,45,23,False,0.28325891730736436,0.28433826485841324,0.0,0.5377358490566038,0.49295774647887325,True,True,0,18,1.0,25,16,0.6097560975609756,0.4,30,0.0,0.05,0.05,0.0,0.0
deletion,0.05,0.7,,random,0.0,45,24,False,0.26244418798052327,0.26325369864380993,0.0,0.5446428571428571,0.4864864864864865,False,True,0,18,1.0,27,15,0.6428571428571429,0.45,57,0.0,0.05,0.05,0.0,0.0
deletion,0.05,0.7,,random,0.0,45,25,False,0.2530831409853925,0.2536902739828575,0.0,0.5169491525423728,0.4968152866242038,True,True,0,19,1.0,29,10,0.7435897435897436,0.55,47,0.0,0.05,0.05,0.0,0.0
deletion,0.05,0.7,,random,0.0,45,26,False,0.25856235573904435,0.2590177054871431,0.0,0.536,0.48466257668711654,True,True,0,20,1.0,30,10,0.75,0.6,38,0.0,0.05,0.05,0.0,0.0
deletion,0.05,0.7,,random,0.0,45,27,False,0.26892176680428326,0.2692632791153573,0.0,0.5503875968992248,0.47305389221556887,False,True,0,20,1.0,37,8,0.8222222222222222,0.45,75,0.0,0.05,0.05,0.0,0.0
deletion,0.05,0.7,,random,0.0,45,28,False,0.25794132510321244,0.258197459336518,0.0,0.556390977443609,0.47058823529411764,True,True,0,21,1.0,28,14,0.6666666666666666,0.35,51,0.0,0.05,0.05,0.0,0.0
deletion,0.05,0.7,,random,0.0,45,29,False,0.23720599382740934,0.23739809450238852,0.0,0.5620437956204379,0.4602272727272727,True,True,0,22,1.0,30,10,0.75,0.45,39,0.0,0.05,0.05,0.0,0.0
deletion,0.05,0.7,,random,0.0,45,30,False,0.234154495370557,0.23429857087679137,0.0,0.5633802816901409,0.4585635359116022,False,True,0,22,1.0,31,12,0.7209302325581395,0.45,70,0.0,0.05,0.05,0.0,0.0
deletion,0.05,0.7,,random,0.0,45,31,False,0.23186587152791777,0.23197392815759352,0.0,0.5578231292517006,0.46236559139784944,True,True,0,23,1.0,36,13,0.7346938775510204,0.65,47,0.0,0.05,0.05,0.0,0.0
deletion,0.05,0.7,,random,0.0,45,32,False,0.2551494036459383,0.2552304461181951,0.0,0.538961038961039,0.4717948717948718,True,True,0,24,1.0,31,11,0.7380952380952381,0.6,39,0.0,0.05,0.05,0.0,0.0
deletion,0.05,0.7,,random,0.0,45,33,False,0.26636205273445374,0.26642283458864635,0.0,0.5345911949685535,0.47029702970297027,True,True,0,25,1.0,25,10,0.7142857142857143,0.65,27,0.0,0.05,0.05,0.0,0.0
deletion,0.05,0.7,,random,0.0,45,34,False,0.2810215395508403,0.28106712594148475,0.0,0.5308641975308642,0.47317073170731705,True,True,0,26,1.0,35,10,0.7777777777777778,0.75,32,0.0,0.05,0.05,0.0,0.0
deletion,0.05,0.7,,random,0.0,45,35,False,0.30451615466313026,0.30455034445611356,0.0,0.536144578313253,0.4666666666666667,True,True,0,27,1.0,35,11,0.7608695652173914,0.45,34,0.0,0.05,0.05,0.0,0.0
deletion,0.05,0.7,,random,0.0,45,36,False,0.2846371159973477,0.2846627583420852,0.0,0.5348837209302325,0.4700460829493088,False,True,0,27,1.0,17,15,0.53125,0.6,51,0.0,0.05,0.05,0.0,0.0
deletion,0.05,0.7,,random,0.0,45,37,False,0.2884778369980108,0.2884970687565639,0.0,0.547486033519553,0.4577777777777778,True,True,0,28,1.0,25,12,0.6756756756756757,0.55,27,0.0,0.05,0.05,0.0,0.0
deletion,0.05,0.7,,random,0.0,45,38,False,0.2851083777485081,0.2851228015674229,0.0,0.5513513513513514,0.45652173913043476,True,True,0,29,1.0,33,12,0.7333333333333333,0.4,36,0.0,0.05,0.05,0.0,0.0
deletion,0.05,0.7,,random,0.0,45,39,False,0.26383128331138106,0.26384210117556717,0.0,0.5520833333333334,0.453781512605042,True,True,0,30,1.0,23,13,0.6388888888888888,0.4,27,0.0,0.05,0.05,0.0,0.0
deletion,0.05,0.7,,random,0.0,46,0,False,0.0,0.0,0.0,0.0,1.0,False,True,0,0,0.1,0,0,0.0,0.0,0,0.0,0.05,0.05,0.0,0.0
deletion,0.05,0.7,,random,0.0,46,1,False,0.0,0.0,0.2,0.2,0.84,False,True,0,0,0.2,3,41,0.06818181818181818,0.0,3,0.0,0.05,0.05,0.0,0.0
deletion,0.05,0.7,,random,0.0,46,2,False,0.04642857142857143,0.05,0.4,0.4,0.7096774193548387,False,True,0,0,0.2,3,33,0.08333333333333333,0.0,6,0.0,0.05,0.05,0.0,0.0
deletion,0.05,0.7,,random,0.0,46,3,False,0.12767857142857145,0.1375,0.4117647058823529,0.4117647058823529,0.6666666666666666,False,True,0,0,0.3,2,41,0.046511627906976744,0.0,8,0.0,0.05,0.05000000000000001,6.938893903907228e-18,0.0
deletion,0.05,0.7,,random,0.0,46,4,False,0.18399422268907561,0.20606617647058822,0.5,0.5652173913043478,0.5581395348837209,False,True,0,0,0.5,3,29,0.09375,0.0,11,0.0,0.05,0.05,0.0,0.0
deletion,0.05,0.7,,random,0.0,46,5,False,0.2362099527310924,0.27954963235294117,0.45,0.5769230769230769,0.5208333333333334,False,True,0,0,0.7,9,34,0.20930232558139536,0.3,20,0.0,0.05,0.05,0.0,0.0
deletion,0.05,0.7,,random,0.0,46,6,False,0.27626460740546216,0.32216222426470587,0.25,0.53125,0.5178571428571429,True,True,0,1,0.8,26,18,0.5909090909090909,0.4,24,0.0,0.05,0.05,0.0,0.0
deletion,0.05,0.7,,random,0.0,46,7,False,0.28309131269695376,0.3088091681985294,0.2,0.5,0.5161290322580645,True,True,0,2,0.9,32,18,0.64,0.4117647058823529,17,0.0,0.05,0.05,0.0,0.0
deletion,0.05,0.7,,random,0.0,46,8,False,0.2850075601529674,0.30807746438419115,0.0,0.47619047619047616,0.5294117647058824,True,True,0,3,0.9,35,14,0.7142857142857143,0.55,28,0.0,0.05,0.05,0.0,0.0
deletion,0.05,0.7,,random,0.0,46,9,False,0.27268424154329696,0.29980809828814337,0.0,0.49019607843137253,0.5128205128205128,False,True,0,3,1.0,26,10,0.7222222222222222,0.6,54,0.0,0.05,0.05,0.0,0.0
deletion,0.05,0.7,,random,0.0,46,10,False,0.27951318115747276,0.2998560737161075,0.0,0.4915254237288136,0.5402298850574713,False,True,0,3,1.0,29,10,0.7435897435897436,0.5,83,0.0,0.05,0.05,0.0,0.0
deletion,0.05,0.7,,random,0.0,46,11,False,0.2721348858681045,0.2873920552870806,0.0,0.4696969696969697,0.5263157894736842,True,True,0,4,1.0,30,14,0.6818181818181818,0.65,60,0.0,0.05,0.05,0.0,0.0
deletion,0.05,0.7,,random,0.0,46,12,False,0.2853511644010784,0.29679404146531047,0.0,0.4861111111111111,0.5098039215686274,True,True,0,5,1.0,34,16,0.68,0.6,51,0.0,0.05,0.05,0.0,0.0
deletion,0.05,0.7,,random,0.0,46,13,False,0.2890133733008088,0.29759553109898285,0.0,0.5,0.5,True,True,0,6,1.0,24,18,0.5714285714285714,0.6,38,0.0,0.05,0.05,0.0,0.0
deletion,0.05,0.7,,random,0.0,46,14,False,0.2917600299756066,0.29819664832423715,0.0,0.5,0.4956521739130435,True,True,0,7,1.0,22,15,0.5945945945945946,0.5,30,0.0,0.05,0.05,0.0,0.0
deletion,0.05,0.7,,random,0.0,46,15,False,0.28132002248170496,0.2861474862431779,0.0,0.5056179775280899,0.4918032786885246,True,True,0,8,1.0,28,14,0.6666666666666666,0.45,35,0.0,0.05,0.05,0.0,0.0
deletion,0.05,0.7,,random,0.0,46,16,False,0.26724001686127874,0.2708606146823834,0.0,0.5,0.48854961832061067,True,True,0,9,1.0,28,13,0.6829268292682927,0.55,25,0.0,0.05,0.05,0.0,0.0
deletion,0.05,0.7,,random,0.0,46,17,False,0.2691800126459591,0.2718954610117876,0.0,0.5048543689320388,0.4782608695652174,True,True,0,10,1.0,26,16,0.6190476190476191,0.4117647058823529,17,0.0,0.05,0.05,0.0,0.0
deletion,0.05,0.7,,random,0.0,46,18,False,0.2533555977197634,0.25539218399413477,0.0,0.5142857142857142,0.4647887323943662,True,True,0,11,1.0,31,17,0.6458333333333334,0.47368421052631576,19,0.0,0.05,0.05,0.0,0.0
deletion,0.05,0.7,,random,0.0,46,19,False,0.24922722460561203,0.25075466431139054,0.0,0.5267857142857143,0.4563758389261745,True,True,0,12,1.0,32,8,0.8,0.4,26,0.0,0.05,0.05,0.0,0.0
deletion,0.05,0.7,,random,0.0,46,20,False,0.23692041845420903,0.2380659982335429,0.0,0.5384615384615384,0.45098039215686275,True,True,0,13,1.0,31,5,0.8611111111111112,0.55,30,0.0,0.05,0.05,0.0,0.0
deletion,0.05,0.7,,random,0.0,46,21,False,0.24644031384065676,0.2472994986751572,0.0,0.5423728813559322,0.44516129032258067,True,True,0,14,1.0,33,11,0.75,0.6,34,0.0,0.05,0.05,0.0,0.0
deletion,0.05,0.7,,random,0.0,46,22,False,0.25983023538049255,0.2604746240063679,0.0,0.5476190476190477,0.44171779141104295,True,True,0,15,1.0,29,10,0.7435897435897436,0.4,27,0.0,0.05,0.05,0.0,0.0
deletion,0.05,0.7,,random,0.0,46,23,False,0.24487267653536943,0.24535596800477594,0.0,0.5511811023622047,0.4260355029585799,False,True,0,15,1.0,22,19,0.5365853658536586,0.55,49,0.0,0.05,0.05,0.0,0.0
deletion,0.05,0.7,,random,0.0,46,24,False,0.2524045074015271,0.252766976003582,0.0,0.556390977443609,0.43103448275862066,True,True,0,16,1.0,29,15,0.6590909090909091,0.55,36,0.0,0.05,0.05,0.0,0.0
deletion,0.05,0.7,,random,0.0,46,25,False,0.2580533805511453,0.25832523200268653,0.0,0.55,0.430939226519337,True,True,0,17,1.0,26,12,0.6842105263157895,0.4,27,0.0,0.05,0.05,0.0,0.0
deletion,0.05,0.7,,random,0.0,46,26,False,0.243540035413359,0.2437439240020149,0.0,0.547945205479452,0.43548387096774194,True,True,0,18,1.0,26,15,0.6341463414634146,0.4,32,0.0,0.05,0.05,0.0,0.0
deletion,0.05,0.7,,random,0.0,46,27,False,0.2326550265600192,0.23280794300151114,0.0,0.5620915032679739,0.422680412371134,True,True,0,19,1.0,30,9,0.7692307692307693,0.5,33,0.0,0.05,0.05,0.0,0.0
deletion,0.05,0.7,,random,0.0,46,28,False,0.23699126992001443,0.23710595725113337,0.0,0.5569620253164557,0.43,False,True,0,19,1.0,27,9,0.75,0.55,60,0.0,0.05,0.05,0.0,0.0
deletion,0.05,0.7,,random,0.0,46,29,False,0.24649345244001084,0.24657946793835003,0.0,0.5515151515151515,0.42995169082125606,True,True,0,20,1.0,26,16,0.6190476190476191,0.75,51,0.0,0.05,0.05,0.0,0.0
deletion,0.05,0.7,,random,0.0,46,30,False,0.2786200893300081,0.2786846009537625,0.0,0.5529411764705883,0.42924528301886794,False,True,0,20,1.0,28,11,0.717948717948718,0.6,79,0.0,0.05,0.05,0.0,0.0
deletion,0.05,0.7,,random,0.0,46,31,False,0.2839650669975061,0.2840134507153219,0.0,0.5459770114942529,0.42727272727272725,False,True,0,20,1.0,30,16,0.6521739130434783,0.45,109,0.0,0.05,0.05,0.0,0.0
deletion,0.05,0.7,,random,0.0,46,32,False,0.2692238002481296,0.26926008803649143,0.0,0.5567567567567567,0.42358078602620086,True,True,0,21,1.0,25,13,0.6578947368421053,0.4,70,0.0,0.05,0.05,0.0,0.0
deletion,0.05,0.7,,random,0.0,46,33,False,0.2519178501860972,0.25194506602736855,0.0,0.5578947368421052,0.4230769230769231,True,True,0,22,1.0,37,13,0.74,0.45,56,0.0,0.05,0.05,0.0,0.0
deletion,0.05,0.7,,random,0.0,46,34,False,0.24518838763957287,0.2452087995205264,0.0,0.5538461538461539,0.42677824267782427,True,True,0,23,1.0,29,8,0.7837837837837838,0.55,36,0.0,0.05,0.05,0.0,0.0
deletion,0.05,0.7,,random,0.0,46,35,False,0.25264129072967967,0.2526565996403948,0.0,0.5577889447236181,0.42213114754098363,True,True,0,24,1.0,33,12,0.7333333333333333,0.3,30,0.0,0.05,0.05,0.0,0.0
deletion,0.05,0.7,,random,0.0,46,36,False,0.22698096804725973,0.2269924497302961,0.0,0.5507246376811594,0.4302788844621514,True,True,0,25,1.0,26,9,0.7428571428571429,0.55,30,0.0,0.05,0.05,0.0,0.0
deletion,0.05,0.7,,random,0.0,46,37,False,0.23898572603544482,0.23899433729772207,0.0,0.5450236966824644,0.43529411764705883,False,True,0,25,1.0,34,8,0.8095238095238095,0.35,64,0.0,0.05,0.05,0.0,0.0
deletion,0.05,0.7,,random,0.0,46,38,False,0.22298929452658361,0.22299575297329155,0.0,0.5416666666666666,0.4351145038167939,True,True,0,26,1.0,29,13,0.6904761904761905,0.4,56,0.0,0.05,0.05,0.0,0.0
deletion,0.05,0.7,,random,0.0,46,39,False,0.21724197089493766,0.21724681472996865,0.0,0.5520361990950227,0.4307116104868914,True,True,0,27,1.0,34,11,0.7555555555555555,0.45,53,0.0,0.05,0.05,0.0,0.0
deletion,0.05,0.7,,random,0.0,47,0,False,0.0,0.0,0.0,0.0,1.0,False,True,0,0,0.1,0,0,0.0,0.0,0,0.0,0.05,0.05,0.0,0.0
deletion,0.05,0.7,,random,0.0,47,1,False,0.0,0.0,0.18181818181818182,0.18181818181818182,0.8148148148148148,False,True,0,0,0.2,4,39,0.09302325581395349,1.0,4,0.0,0.05,0.05,0.0,0.0
deletion,0.05,0.7,,random,0.0,47,2,False,0.060064935064935064,0.14772727272727273,0.1875,0.1875,0.7878787878787878,True,True,0,1,0.4,12,28,0.3,0.8,10,0.0,0.05,0.05,0.0,0.0
deletion,0.05,0.7,,random,0.0,47,3,False,0.10286120129870129,0.23423295454545456,0.2,0.23809523809523808,0.7631578947368421,False,True,0,1,0.5,23,16,0.5897435897435898,0.7,33,0.0,0.05,0.05,0.0,0.0
deletion,0.05,0.7,,random,0.0,47,4,False,0.14500304383116885,0.28817471590909094,0.0,0.21428571428571427,0.7659574468085106,True,True,0,2,0.6,17,16,0.5151515151515151,0.7,27,0.0,0.05,0.05000000000000001,6.938893903907228e-18,0.0
deletion,0.05,0.7,,random,0.0,47,5,False,0.1462522828733766,0.3036310369318182,0.0,0.2413793103448276,0.75,True,True,0,3,0.7,24,27,0.47058823529411764,0.75,21,0.0,0.05,0.05,0.0,0.0
deletion,0.05,0.7,,random,0.0,47,6,False,0.16326064072646104,0.32147327769886364,0.0,0.2702702702702703,0.7068965517241379,True,True,0,4,0.9,21,12,0.6363636363636364,0.6,21,0.0,0.05,0.05,0.0,0.0
deletion,0.05,0.7,,random,0.0,47,7,False,0.18673119483056008,0.31610495827414775,0.0,0.30952380952380953,0.6825396825396826,True,True,0,5,0.9,35,11,0.7608695652173914,0.5,33,0.0,0.05,0.05,0.0,0.0
deletion,0.05,0.7,,random,0.0,47,8,False,0.1936198246943486,0.2995787187056108,0.0,0.3076923076923077,0.684931506849315,True,True,0,6,0.9,29,9,0.7631578947368421,0.55,25,0.0,0.05,0.05,0.0,0.0
deletion,0.05,0.7,,random,0.0,47,9,False,0.2041434399493329,0.2934340390292081,0.0,0.3333333333333333,0.654320987654321,True,True,0,7,0.9,30,21,0.5882352941176471,0.45,30,0.0,0.05,0.05,0.0,0.0
deletion,0.05,0.7,,random,0.0,47,10,False,0.20132186567628538,0.2763255292719061,0.0,0.3125,0.6590909090909091,True,True,0,8,0.9,29,12,0.7073170731707317,0.5,36,0.0,0.05,0.05,0.0,0.0
deletion,0.05,0.7,,random,0.0,47,11,False,0.2045628278286426,0.26974414695392956,0.0,0.352112676056338,0.625,True,True,0,9,1.0,27,14,0.6585365853658537,0.55,31,0.0,0.05,0.05,0.0,0.0
deletion,0.05,0.7,,random,0.0,47,12,False,0.22217212087148194,0.2710581102154472,0.0,0.35526315789473684,0.6274509803921569,True,True,0,10,1.0,37,11,0.7708333333333334,0.6,37,0.0,0.05,0.05,0.0,0.0
deletion,0.05,0.7,,random,0.0,47,13,False,0.24162909065361146,0.2782935826615854,0.0,0.36585365853658536,0.6238532110091743,True,True,0,11,1.0,26,11,0.7027027027027027,0.55,22,0.0,0.05,0.05,0.0,0.0
deletion,0.05,0.7,,random,0.0,47,14,False,0.2499718179902086,0.2774701869961891,0.0,0.4044943820224719,0.5964912280701754,True,True,0,12,1.0,29,13,0.6904761904761905,0.35,28,0.0,0.05,0.05,0.0,0.0
deletion,0.05,0.7,,random,0.0,47,15,False,0.23122886349265645,0.2518526402471418,0.0,0.4148936170212766,0.5882352941176471,True,True,0,13,1.0,24,13,0.6486486486486487,0.4,24,0.0,0.05,0.05,0.0,0.0
deletion,0.05,0.7,,random,0.0,47,16,False,0.22342164761949235,0.23888948018535638,0.0,0.41836734693877553,0.5806451612903226,True,True,0,14,1.0,31,18,0.6326530612244898,0.75,28,0.0,0.05,0.05,0.0,0.0
deletion,0.05,0.7,,random,0.0,47,17,False,0.26131623571461926,0.2729171101390173,0.0,0.4205607476635514,0.5746268656716418,True,True,0,15,1.0,29,9,0.7631578947368421,0.5,31,0.0,0.05,0.05,0.0,0.0
deletion,0.05,0.7,,random,0.0,47,18,False,0.25848717678596445,0.267187832604263,0.0,0.42727272727272725,0.5652173913043478,True,True,0,16,1.0,28,16,0.6363636363636364,0.4,35,0.0,0.05,0.05,0.0,0.0
deletion,0.05,0.7,,random,0.0,47,19,False,0.24386538258947335,0.25039087445319724,0.0,0.453781512605042,0.54421768707483,True,True,0,17,1.0,26,12,0.6842105263157895,0.4,33,0.0,0.05,0.05,0.0,0.0
deletion,0.05,0.7,,random,0.0,47,20,False,0.23289903694210498,0.2377931558398979,0.0,0.464,0.538961038961039,True,True,0,18,1.0,27,13,0.675,0.55,29,0.0,0.05,0.05,0.0,0.0
deletion,0.05,0.7,,random,0.0,47,21,False,0.24342427770657873,0.24709486687992344,0.0,0.46511627906976744,0.535031847133758,False,True,0,18,1.0,22,10,0.6875,0.7,51,0.0,0.05,0.05,0.0,0.0
deletion,0.05,0.7,,random,0.0,47,22,False,0.27006820827993405,0.27282115015994257,0.0,0.48120300751879697,0.5185185185185185,True,True,0,19,1.0,25,20,0.5555555555555556,0.6,44,0.0,0.05,0.05,0.0,0.0
deletion,0.05,0.7,,random,0.0,47,23,False,0.2775511562099505,0.2796158626199569,0.0,0.4928571428571429,0.5058823529411764,True,True,0,20,1.0,25,16,0.6097560975609756,0.3,38,0.0,0.05,0.05,0.0,0.0
deletion,0.05,0.7,,random,0.0,47,24,False,0.2456633671574629,0.24721189696496768,0.0,0.4931506849315068,0.5056818181818182,True,True,0,21,1.0,29,12,0.7073170731707317,0.5,36,0.0,0.05,0.05,0.0,0.0
deletion,0.05,0.7,,random,0.0,47,25,False,0.24674752536809721,0.24790892272372575,0.0,0.5,0.4891304347826087,True,True,0,22,1.0,20,18,0.5263157894736842,0.7,34,0.0,0.05,0.05,0.0,0.0
deletion,0.05,0.7,,random,0.0,47,26,False,0.2725606440260729,0.27343169204279427,0.0,0.5064102564102564,0.48936170212765956,False,True,0,22,1.0,35,11,0.7608695652173914,0.4,69,0.0,0.05,0.05,0.0,0.0
deletion,0.05,0.7,,random,0.0,47,27,False,0.25442048301955467,0.2550737690320957,0.0,0.5063291139240507,0.484375,True,True,0,23,1.0,38,11,0.7755102040816326,0.25,52,0.0,0.05,0.05,0.0,0.0
deletion,0.05,0.7,,random,0.0,47,28,False,0.222065362264666,0.2225553267740718,0.0,0.5060975609756098,0.4824120603015075,True,True,0,24,1.0,27,12,0.6923076923076923,0.3,37,0.0,0.05,0.05,0.0,0.0
deletion,0.05,0.7,,random,0.0,47,29,False,0.2040490216984995,0.20441649508055384,0.0,0.514792899408284,0.47549019607843135,True,True,0,25,1.0,27,14,0.6585365853658537,0.5,26,0.0,0.05,0.05,0.0,0.0
deletion,0.05,0.7,,random,0.0,47,30,False,0.2155367662738746,0.2158123713104154,0.0,0.5257142857142857,0.4666666666666667,True,True,0,26,1.0,30,9,0.7692307692307693,0.6,28,0.0,0.05,0.05,0.0,0.0
deletion,0.05,0.7,,random,0.0,47,31,False,0.236652574705406,0.23685927848281152,0.0,0.5303867403314917,0.46296296296296297,False,True,0,26,1.0,33,10,0.7674418604651163,0.4,61,0.0,0.05,0.05,0.0,0.0
deletion,0.05,0.7,,random,0.0,47,32,False,0.22748943102905447,0.22764445886210866,0.0,0.532258064516129,0.46153846153846156,True,True,0,27,1.0,30,6,0.8333333333333334,0.55,43,0.0,0.05,0.05,0.0,0.0
deletion,0.05,0.7,,random,0.0,47,33,False,0.23936707327179088,0.23948334414658148,0.0,0.5368421052631579,0.4557522123893805,True,True,0,28,1.0,25,13,0.6578947368421053,0.65,32,0.0,0.05,0.05,0.0,0.0
deletion,0.05,0.7,,random,0.0,47,34,False,0.26077530495384316,0.2608625081099361,0.0,0.5357142857142857,0.45493562231759654,True,True,0,29,1.0,35,11,0.7608695652173914,0.3,35,0.0,0.05,0.05,0.0,0.0
deletion,0.05,0.7,,random,0.0,47,35,False,0.23308147871538237,0.2331468810824521,0.0,0.5339805825242718,0.4605809128630705,True,True,0,30,1.0,27,11,0.7105263157894737,0.45,36,0.0,0.05,0.05,0.0,0.0
deletion,0.05,0.7,,random,0.0,47,36,False,0.2310611090365368,0.23111016081183908,0.0,0.5355450236966824,0.45934959349593496,True,True,0,31,1.0,29,11,0.725,0.4,29,0.0,0.05,0.05,0.0,0.0
deletion,0.05,0.7,,random,0.0,47,37,False,0.22329583177740256,0.22333262060887932,0.0,0.5395348837209303,0.4523809523809524,True,True,0,32,1.0,32,13,0.7111111111111111,0.4,32,0.0,0.05,0.05,0.0,0.0
deletion,0.05,0.7,,random,0.0,47,38,False,0.21747187383305194,0.2174994654566595,0.0,0.5409090909090909,0.45136186770428016,True,True,0,33,1.0,29,12,0.7073170731707317,0.65,34,0.0,0.05,0.05,0.0,0.0
deletion,0.05,0.7,,random,0.0,47,39,False,0.24435390537478893,0.2443745990924946,0.0,0.5405405405405406,0.4482758620689655,True,True,0,34,1.0,37,14,0.7254901960784313,0.4,31,0.0,0.05,0.05,0.0,0.0
deletion,0.05,0.7,,random,0.0,48,0,False,0.0,0.0,0.0,0.0,1.0,False,True,0,0,0.0,0,0,0.0,0.0,0,0.0,0.05,0.05,0.0,0.0
deletion,0.05,0.7,,random,0.0,48,1,False,0.0,0.0,0.3333333333333333,0.3333333333333333,0.85,False,True,0,0,0.0,0,44,0.0,0.0,0,0.0,0.05,0.05,0.0,0.0
deletion,0.05,0.7,,random,0.0,48,2,False,0.08333333333333333,0.08333333333333333,0.4,0.4,0.7083333333333334,False,True,0,0,0.0,0,41,0.0,0.0,0,0.0,0.05,0.05,0.0,0.0
deletion,0.05,0.7,,random,0.0,48,3,False,0.1625,0.1625,0.5714285714285714,0.5714285714285714,0.5666666666666667,False,True,0,0,0.0,0,42,0.0,0.0,0,0.0,0.05,0.05,0.0,0.0
deletion,0.05,0.7,,random,0.0,48,4,False,0.26473214285714286,0.26473214285714286,0.6111111111111112,0.6111111111111112,0.5294117647058824,False,True,0,0,0.0,0,43,0.0,0.0,0,0.0,0.05,0.05,0.0,0.0
deletion,0.05,0.7,,random,0.0,48,5,False,0.3513268849206349,0.3513268849206349,0.6111111111111112,0.6111111111111112,0.5142857142857142,False,True,0,0,0.0,0,43,0.0,0.0,0,0.0,0.05,0.05,0.0,0.0
deletion,0.05,0.7,,random,0.0,48,6,False,0.41627294146825405,0.416272941468254,0.65,0.6666666666666666,0.4523809523809524,False,True,0,0,0.0,0,40,0.0,0.0,0,0.0,0.05,0.05,0.0,0.0
deletion,0.05,0.7,,random,0.0,48,7,False,0.47470470610119053,0.47470470610119053,0.65,0.6818181818181818,0.4222222222222222,False,True,0,0,0.1,0,48,0.0,0.0,0,0.0,0.05,0.05,0.0,0.0
deletion,0.05,0.7,,random,0.0,48,8,False,0.5185285295758929,0.5185285295758929,0.5,0.6296296296296297,0.44,True,True,0,1,0.3,6,31,0.16216216216216217,0.2,5,0.0,0.05,0.05000000000000001,6.938893903907228e-18,0.0
deletion,0.05,0.7,,random,0.0,48,9,False,0.503182111467634,0.5138963971819197,0.5,0.6551724137931034,0.41509433962264153,True,True,0,2,0.4,16,28,0.36363636363636365,0.8181818181818182,11,0.0,0.05,0.05,0.0,0.0
deletion,0.05,0.7,,random,0.0,48,10,False,0.51943203814618,0.5501950251591671,0.35,0.6176470588235294,0.4406779661016949,True,True,0,3,0.5,15,23,0.39473684210526316,0.6363636363636364,11,0.0,0.05,0.05,0.0,0.0
deletion,0.05,0.7,,random,0.0,48,11,False,0.49752857406418055,0.5359417234148298,0.3,0.631578947368421,0.4090909090909091,True,True,0,4,0.6,14,22,0.3888888888888889,0.75,12,0.0,0.05,0.05000000000000001,6.938893903907228e-18,0.0
deletion,0.05,0.7,,random,0.0,48,12,False,0.4802892876909926,0.5332062925611224,0.2,0.6444444444444445,0.4189189189189189,True,True,0,5,0.7,23,24,0.48936170212765956,0.85,20,0.0,0.05,0.05,0.0,0.0
deletion,0.05,0.7,,random,0.0,48,13,False,0.4682526800539587,0.5311547194208418,0.2,0.6666666666666666,0.3974358974358974,True,True,0,6,0.7,23,22,0.5111111111111111,0.65,23,0.0,0.05,0.05,0.0,0.0
deletion,0.05,0.7,,random,0.0,48,14,False,0.4413680814690405,0.5046160395656314,0.15,0.6666666666666666,0.39759036144578314,True,True,0,7,0.8,22,24,0.4782608695652174,0.7,22,0.0,0.05,0.05,0.0,0.0
deletion,0.05,0.7,,random,0.0,48,15,False,0.42745463253035176,0.48471202967422355,0.1,0.6666666666666666,0.38636363636363635,True,True,0,8,0.9,35,22,0.6140350877192983,0.55,31,0.0,0.05,0.05,0.0,0.0
deletion,0.05,0.7,,random,0.0,48,16,False,0.4018409743977638,0.44478402225566765,0.05,0.6779661016949152,0.3723404255319149,True,True,0,9,0.9,35,12,0.7446808510638298,0.7,32,0.0,0.05,0.05,0.0,0.0
deletion,0.05,0.7,,random,0.0,48,17,False,0.39513073079832284,0.42733801669175075,0.0,0.676923076923077,0.37,False,True,0,9,0.9,27,13,0.675,0.4,59,0.0,0.05,0.05,0.0,0.0
deletion,0.05,0.7,,random,0.0,48,18,False,0.34634804809874215,0.370503512518813,0.0,0.6619718309859155,0.38095238095238093,True,True,0,10,0.9,37,9,0.8043478260869565,0.75,47,0.0,0.05,0.05,0.0,0.0
deletion,0.05,0.7,,random,0.0,48,19,False,0.35351103607405665,0.3716276343891098,0.0,0.6533333333333333,0.3853211009174312,True,True,0,11,0.9,22,13,0.6285714285714286,0.7,34,0.0,0.05,0.05,0.0,0.0
deletion,0.05,0.7,,random,0.0,48,20,False,0.3526332770555424,0.3662207257918323,0.0,0.6410256410256411,0.39473684210526316,True,True,0,12,0.9,21,19,0.525,0.6,21,0.0,0.05,0.05,0.0,0.0
deletion,0.05,0.7,,random,0.0,48,21,False,0.3394749577916568,0.34966554434387426,0.0,0.6341463414634146,0.3898305084745763,True,True,0,13,0.9,24,12,0.6666666666666666,0.55,25,0.0,0.05,0.05,0.0,0.0
deletion,0.05,0.7,,random,0.0,48,22,False,0.3233562183437427,0.3309991582579057,0.0,0.6136363636363636,0.4,True,True,0,14,1.0,22,18,0.55,0.3333333333333333,18,0.0,0.05,0.05,0.0,0.0
deletion,0.05,0.7,,random,0.0,48,23,False,0.28418383042447365,0.28991603536009597,0.0,0.6129032258064516,0.40310077519379844,True,True,0,15,1.0,37,12,0.7551020408163265,0.5,28,0.0,0.05,0.05,0.0,0.0
deletion,0.05,0.7,,random,0.0,48,24,False,0.2756378728183552,0.27993702652007196,0.0,0.6145833333333334,0.3925925925925926,True,True,0,16,1.0,26,13,0.6666666666666666,0.5,29,0.0,0.05,0.05,0.0,0.0
deletion,0.05,0.7,,random,0.0,48,25,False,0.2692284046137664,0.27245276989005396,0.0,0.6078431372549019,0.41007194244604317,True,True,0,17,1.0,20,14,0.5882352941176471,0.6,27,0.0,0.05,0.05,0.0,0.0
deletion,0.05,0.7,,random,0.0,48,26,False,0.2769213034603248,0.27933957741754045,0.0,0.5981308411214953,0.40816326530612246,True,True,0,18,1.0,33,10,0.7674418604651163,0.3,33,0.0,0.05,0.05,0.0,0.0
deletion,0.05,0.7,,random,0.0,48,27,False,0.24519097759524364,0.24700468306315534,0.0,0.6106194690265486,0.40131578947368424,True,True,0,19,1.0,20,24,0.45454545454545453,0.35,23,0.0,0.05,0.05,0.0,0.0
deletion,0.05,0.7,,random,0.0,48,28,False,0.2276432331964327,0.22900351229736648,0.0,0.6239316239316239,0.3885350318471338,True,True,0,20,1.0,33,12,0.7333333333333333,0.3,31,0.0,0.05,0.05,0.0,0.0
deletion,0.05,0.7,,random,0.0,48,29,False,0.20823242489732455,0.20925263422302487,0.0,0.6229508196721312,0.3772455089820359,False,True,0,20,1.0,24,12,0.6666666666666666,0.35,55,0.0,0.05,0.05,0.0,0.0
deletion,0.05,0.7,,random,0.0,48,30,False,0.1999243186729934,0.20068947566726864,0.0,0.6287878787878788,0.38372093023255816,True,True,0,21,1.0,29,10,0.7435897435897436,0.4,36,0.0,0.05,0.05,0.0,0.0
deletion,0.05,0.7,,random,0.0,48,31,False,0.19994323900474506,0.20051710675045148,0.0,0.6176470588235294,0.3898305084745763,True,True,0,22,1.0,33,15,0.6875,0.25,43,0.0,0.05,0.05,0.0,0.0
deletion,0.05,0.7,,random,0.0,48,32,False,0.1812074292535588,0.18163783006283862,0.0,0.6071428571428571,0.39344262295081966,True,True,0,23,1.0,26,12,0.6842105263157895,0.3,38,0.0,0.05,0.05,0.0,0.0
deletion,0.05,0.7,,random,0.0,48,33,False,0.1734055719401691,0.17372837254712897,0.0,0.6027397260273972,0.39473684210526316,True,True,0,24,1.0,35,12,0.7446808510638298,0.3,29,0.0,0.05,0.05,0.0,0.0
deletion,0.05,0.7,,random,0.0,48,34,False,0.16755417895512684,0.16779627941034672,0.0,0.6052631578947368,0.39285714285714285,True,True,0,25,1.0,26,13,0.6666666666666666,0.2,24,0.0,0.05,0.05,0.0,0.0
deletion,0.05,0.7,,random,0.0,48,35,False,0.1506656342163451,0.15084720955776004,0.0,0.6089743589743589,0.39195979899497485,True,True,0,26,1.0,24,11,0.6857142857142857,0.4,23,0.0,0.05,0.05,0.0,0.0
deletion,0.05,0.7,,random,0.0,48,36,False,0.16299922566225883,0.16313540716832003,0.0,0.5974842767295597,0.39705882352941174,True,True,0,27,1.0,32,10,0.7619047619047619,0.65,25,0.0,0.05,0.05,0.0,0.0
deletion,0.05,0.7,,random,0.0,48,37,False,0.20349941924669412,0.20360155537624003,0.0,0.608433734939759,0.3923444976076555,False,True,0,27,1.0,28,12,0.7,0.6,53,0.0,0.05,0.05,0.0,0.0
deletion,0.05,0.7,,random,0.0,48,38,False,0.2276245644350206,0.22770116653218003,0.0,0.611764705882353,0.3878504672897196,True,True,0,28,1.0,37,13,0.74,0.45,45,0.0,0.05,0.05,0.0,0.0
deletion,0.05,0.7,,random,0.0,48,39,False,0.22696842332626543,0.22702587489913503,0.0,0.6171428571428571,0.3853211009174312,True,True,0,29,1.0,32,13,0.7111111111111111,0.55,39,0.0,0.05,0.05,0.0,0.0
deletion,0.05,0.7,,random,0.0,49,0,False,0.0,0.0,0.0,0.0,1.0,False,True,0,0,0.1,0,0,0.0,0.0,0,0.0,0.05,0.05,0.0,0.0
deletion,0.05,0.7,,random,0.0,49,1,False,0.0,0.0,0.16666666666666666,0.16666666666666666,0.8076923076923077,False,True,0,0,0.2,4,42,0.08695652173913043,1.0,4,0.0,0.05,0.05,0.0,0.0
deletion,0.05,0.7,,random,0.0,49,2,False,0.05654761904761905,0.14583333333333334,0.2222222222222222,0.2222222222222222,0.696969696969697,False,True,0,0,0.2,14,30,0.3181818181818182,0.6111111111111112,18,0.0,0.05,0.05,0.0,0.0
deletion,0.05,0.7,,random,0.0,49,3,False,0.10491071428571429,0.21354166666666669,0.3,0.3,0.675,False,True,0,0,0.2,3,37,0.075,0.65,21,0.0,0.05,0.05,0.0,0.0
deletion,0.05,0.7,,random,0.0,49,4,False,0.1599330357142857,0.27890625,0.46153846153846156,0.46153846153846156,0.6041666666666666,True,True,0,1,0.3,7,31,0.18421052631578946,0.8125,16,0.0,0.05,0.05000000000000001,6.938893903907228e-18,0.0
deletion,0.05,0.7,,random,0.0,49,5,False,0.2478687328296703,0.36843449519230775,0.5,0.5,0.5925925925925926,True,True,0,2,0.3,11,30,0.2682926829268293,0.7272727272727273,11,0.0,0.05,0.05000000000000001,6.938893903907228e-18,0.0
deletion,0.05,0.7,,random,0.0,49,6,False,0.3190184327391359,0.42973496230332175,0.5,0.5,0.5892857142857143,True,True,0,3,0.4,10,38,0.20833333333333334,0.7,10,0.0,0.05,0.05,0.0,0.0
deletion,0.05,0.7,,random,0.0,49,7,False,0.37497811026863764,0.47230122172749134,0.5,0.5,0.55,False,True,0,3,0.5,12,40,0.23076923076923078,0.75,22,0.0,0.05,0.05,0.0,0.0
deletion,0.05,0.7,,random,0.0,49,8,False,0.41962643984433534,0.5104759162956185,0.45,0.5,0.5373134328358209,True,True,0,4,0.6,11,35,0.2391304347826087,0.6428571428571429,14,0.0,0.05,0.05000000000000001,6.938893903907228e-18,0.0
deletion,0.05,0.7,,random,0.0,49,9,False,0.44099534008733315,0.5194640800788568,0.4,0.52,0.5,True,True,0,5,0.7,14,31,0.3111111111111111,0.6875,16,0.0,0.05,0.05,0.0,0.0
deletion,0.05,0.7,,random,0.0,49,10,False,0.4564161479226427,0.5255355600591426,0.35,0.5666666666666667,0.4810126582278481,True,True,0,6,0.7,17,27,0.38636363636363635,0.6153846153846154,13,0.0,0.05,0.05,0.0,0.0
deletion,0.05,0.7,,random,0.0,49,11,False,0.45350716588703704,0.5148247469674339,0.3,0.5625,0.47560975609756095,True,True,0,7,0.9,19,26,0.4222222222222222,0.5294117647058824,17,0.0,0.05,0.05,0.0,0.0
deletion,0.05,0.7,,random,0.0,49,12,False,0.44380684500351303,0.4897950308138107,0.3,0.6,0.4482758620689655,True,True,0,8,0.9,25,22,0.5319148936170213,0.5,23,0.0,0.05,0.05,0.0,0.0
deletion,0.05,0.7,,random,0.0,49,13,False,0.4328551337526348,0.46734627311035803,0.25,0.6097560975609756,0.43617021276595747,False,True,0,8,0.9,20,19,0.5128205128205128,0.45,43,0.0,0.05,0.05,0.0,0.0
deletion,0.05,0.7,,random,0.0,49,14,False,0.4121413503144761,0.4380097048327686,0.2,0.6222222222222222,0.42,True,True,0,9,0.9,25,22,0.5319148936170213,0.4,34,0.0,0.05,0.05,0.0,0.0
deletion,0.05,0.7,,random,0.0,49,15,False,0.38410601273585704,0.4035072786245764,0.2,0.6530612244897959,0.39622641509433965,False,True,0,9,0.9,25,24,0.5102040816326531,0.35,59,0.0,0.05,0.05,0.0,0.0
deletion,0.05,0.7,,random,0.0,49,16,False,0.3568295095518928,0.3713804589684323,0.15,0.6727272727272727,0.3805309734513274,True,True,0,10,0.9,20,21,0.4878048780487805,0.3,35,0.0,0.05,0.05,0.0,0.0
deletion,0.05,0.7,,random,0.0,49,17,False,0.3238721321639196,0.3347853442263242,0.15,0.6842105263157895,0.36752136752136755,True,True,0,11,0.9,26,19,0.5777777777777777,0.4,25,0.0,0.05,0.05,0.0,0.0
deletion,0.05,0.7,,random,0.0,49,18,False,0.3116540991229397,0.3198390081697432,0.15,0.7,0.34959349593495936,True,True,0,12,0.9,22,21,0.5116279069767442,0.5,20,0.0,0.05,0.05,0.0,0.0
deletion,0.05,0.7,,random,0.0,49,19,False,0.3149905743422048,0.3211292561273074,0.05,0.696969696969697,0.3543307086614173,True,True,0,13,1.0,26,16,0.6190476190476191,0.5,23,0.0,0.05,0.05,0.0,0.0
deletion,0.05,0.7,,random,0.0,49,20,False,0.30499293075665357,0.3095969420954806,0.0,0.7,0.3511450381679389,True,True,0,14,1.0,27,15,0.6428571428571429,0.55,26,0.0,0.05,0.05,0.0,0.0
deletion,0.05,0.7,,random,0.0,49,21,False,0.29749469806749024,0.30094770657161046,0.0,0.7105263157894737,0.34306569343065696,False,True,0,14,1.0,24,10,0.7058823529411765,0.6,50,0.0,0.05,0.05,0.0,0.0
deletion,0.05,0.7,,random,0.0,49,22,False,0.29812102355061765,0.30071077992870787,0.0,0.7037037037037037,0.34265734265734266,True,True,0,15,1.0,28,14,0.6666666666666666,0.65,42,0.0,0.05,0.05,0.0,0.0
deletion,0.05,0.7,,random,0.0,49,23,False,0.30484076766296325,0.3067830849465309,0.0,0.7058823529411765,0.3401360544217687,True,True,0,16,1.0,34,9,0.7906976744186046,0.55,30,0.0,0.05,0.05,0.0,0.0
deletion,0.05,0.7,,random,0.0,49,24,False,0.29738057574722243,0.2988373137098982,0.0,0.6931818181818182,0.34210526315789475,True,True,0,17,1.0,31,10,0.7560975609756098,0.7,31,0.0,0.05,0.05,0.0,0.0
deletion,0.05,0.7,,random,0.0,49,25,False,0.3105354318104169,0.31162798528242364,0.0,0.6666666666666666,0.35625,True,True,0,18,1.0,24,15,0.6153846153846154,0.5,29,0.0,0.05,0.05,0.0,0.0
deletion,0.05,0.7,,random,0.0,49,26,False,0.29540157385781257,0.2962209889618177,0.0,0.6767676767676768,0.35185185185185186,True,True,0,19,1.0,37,9,0.8043478260869565,0.4,35,0.0,0.05,0.05,0.0,0.0
deletion,0.05,0.7,,random,0.0,49,27,False,0.27155118039335946,0.27216574172136326,0.0,0.6601941747572816,0.3592814371257485,True,True,0,20,1.0,31,12,0.7209302325581395,0.45,26,0.0,0.05,0.05,0.0,0.0
deletion,0.05,0.7,,random,0.0,49,28,False,0.2599133852950196,0.2603743062910225,0.0,0.6574074074074074,0.3583815028901734,False,True,0,20,1.0,31,14,0.6888888888888889,0.45,57,0.0,0.05,0.05,0.0,0.0
deletion,0.05,0.7,,random,0.0,49,29,False,0.25118503897126476,0.2515307297182669,0.0,0.6578947368421053,0.35555555555555557,True,True,0,21,1.0,27,12,0.6923076923076923,0.55,47,0.0,0.05,0.05,0.0,0.0
deletion,0.05,0.7,,random,0.0,49,30,False,0.2571387792284486,0.2573980472887002,0.0,0.6528925619834711,0.3582887700534759,True,True,0,22,1.0,27,12,0.6923076923076923,0.45,38,0.0,0.05,0.05,0.0,0.0
deletion,0.05,0.7,,random,0.0,49,31,False,0.2491040844213364,0.24929853546652514,0.0,0.6307692307692307,0.37244897959183676,True,True,0,23,1.0,24,14,0.631578947368421,0.5,33,0.0,0.05,0.05,0.0,0.0
deletion,0.05,0.7,,random,0.0,49,32,False,0.2493280633160023,0.24947390159989385,0.0,0.6343283582089553,0.36633663366336633,True,True,0,24,1.0,32,16,0.6666666666666666,0.55,35,0.0,0.05,0.05,0.0,0.0
deletion,0.05,0.7,,random,0.0,49,33,False,0.25574604748700175,0.2558554261999204,0.0,0.6258992805755396,0.3701923076923077,True,True,0,25,1.0,30,12,0.7142857142857143,0.75,29,0.0,0.05,0.05,0.0,0.0
deletion,0.05,0.7,,random,0.0,49,34,False,0.2855595356152513,0.2856415696499403,0.0,0.6133333333333333,0.3789954337899543,False,True,0,25,1.0,32,6,0.8421052631578947,0.45,61,0.0,0.05,0.05,0.0,0.0
deletion,0.05,0.7,,random,0.0,49,35,False,0.2704196517114385,0.27048117723745524,0.0,0.6103896103896104,0.3811659192825112,False,True,0,25,1.0,29,15,0.6590909090909091,0.45,90,0.0,0.05,0.05,0.0,0.0
deletion,0.05,0.7,,random,0.0,49,36,False,0.2590647387835789,0.2591108829280914,0.0,0.6226415094339622,0.37280701754385964,True,True,0,26,1.0,27,12,0.6923076923076923,0.7,56,0.0,0.05,0.05,0.0,0.0
deletion,0.05,0.7,,random,0.0,49,37,False,0.2817985540876841,0.2818331621960686,0.0,0.6172839506172839,0.37662337662337664,True,True,0,27,1.0,26,14,0.65,0.65,37,0.0,0.05,0.05,0.0,0.0
deletion,0.05,0.7,,random,0.0,49,38,False,0.2925989155657631,0.2926248716470514,0.0,0.6167664670658682,0.37815126050420167,True,True,0,28,1.0,35,14,0.7142857142857143,0.45,39,0.0,0.05,0.05,0.0,0.0
deletion,0.05,0.7,,random,0.0,49,39,False,0.27569918667432236,0.2757186537352886,0.0,0.6176470588235294,0.3786008230452675,True,True,0,29,1.0,31,15,0.6739130434782609,0.55,37,0.0,0.05,0.05,0.0,0.0
deletion,0.05,0.7,,random,0.0,50,0,False,0.0,0.0,0.0,0.0,1.0,False,True,0,0,0.0,0,0,0.0,0.0,0,0.0,0.05,0.05,0.0,0.0
deletion,0.05,0.7,,random,0.0,50,1,False,0.0,0.0,0.21052631578947367,0.21052631578947367,0.8214285714285714,False,True,0,0,0.1,0,42,0.0,0.0,0,0.0,0.05,0.05,0.0,0.0
deletion,0.05,0.7,,random,0.0,50,2,False,0.05263157894736842,0.05263157894736842,0.25,0.34782608695652173,0.7058823529411765,False,True,0,0,0.1,2,44,0.043478260869565216,0.0,2,0.0,0.05,0.05,0.0,0.0
deletion,0.05,0.7,,random,0.0,50,3,False,0.0975093984962406,0.10197368421052631,0.25,0.4,0.6486486486486487,False,True,0,0,0.3,0,43,0.0,0.0,2,0.0,0.05,0.05000000000000001,6.938893903907228e-18,0.0
deletion,0.05,0.7,,random,0.0,50,4,False,0.12670347744360902,0.13898026315789475,0.15,0.43333333333333335,0.627906976744186,True,True,0,1,0.4,9,30,0.23076923076923078,0.7142857142857143,7,0.0,0.05,0.05,0.0,0.0
deletion,0.05,0.7,,random,0.0,50,5,False,0.16275719991944146,0.21227091165413536,0.05,0.42424242424242425,0.6086956521739131,True,True,0,2,0.4,15,33,0.3125,0.6,10,0.0,0.05,0.05,0.0,0.0
deletion,0.05,0.7,,random,0.0,50,6,False,0.16403218565386682,0.24045318374060154,0.05,0.4117647058823529,0.6122448979591837,True,True,0,3,0.4,11,33,0.25,0.5555555555555556,9,0.0,0.05,0.05,0.0,0.0
deletion,0.05,0.7,,random,0.0,50,7,False,0.16260747257373342,0.2560343322498956,0.05,0.45,0.5818181818181818,False,True,0,3,0.5,10,24,0.29411764705882354,0.631578947368421,19,0.0,0.05,0.05,0.0,0.0
deletion,0.05,0.7,,random,0.0,50,8,False,0.17599695781375874,0.2772231176084743,0.0,0.4772727272727273,0.5409836065573771,False,True,0,3,0.7,12,31,0.27906976744186046,0.5,31,0.0,0.05,0.05,0.0,0.0
deletion,0.05,0.7,,random,0.0,50,9,False,0.17664057550317616,0.2704173382063557,0.0,0.52,0.5,True,True,0,4,0.7,19,20,0.48717948717948717,0.55,23,0.0,0.05,0.05,0.0,0.0
deletion,0.05,0.7,,random,0.0,50,10,False,0.181587574484525,0.2715630036547668,0.0,0.49056603773584906,0.5066666666666667,False,True,0,4,0.9,20,28,0.4166666666666667,0.6,43,0.0,0.05,0.05,0.0,0.0
deletion,0.05,0.7,,random,0.0,50,11,False,0.20047639514910803,0.2786722527410751,0.0,0.48333333333333334,0.5121951219512195,True,True,0,5,1.0,24,17,0.5853658536585366,0.6,38,0.0,0.05,0.05,0.0,0.0
deletion,0.05,0.7,,random,0.0,50,12,False,0.22535729636183102,0.2840041895558063,0.0,0.4626865671641791,0.5222222222222223,False,True,0,5,1.0,30,6,0.8333333333333334,0.45,68,0.0,0.05,0.05,0.0,0.0
deletion,0.05,0.7,,random,0.0,50,13,False,0.22526797227137327,0.26925314216685475,0.0,0.4794520547945205,0.5104166666666666,True,True,0,6,1.0,26,13,0.6666666666666666,0.35,38,0.0,0.05,0.05,0.0,0.0
deletion,0.05,0.7,,random,0.0,50,14,False,0.21270097920352996,0.2456898566251411,0.0,0.46835443037974683,0.5196078431372549,True,True,0,7,1.0,27,12,0.6923076923076923,0.6,32,0.0,0.05,0.05,0.0,0.0
deletion,0.05,0.7,,random,0.0,50,15,False,0.23452573440264748,0.25926739246885583,0.0,0.4819277108433735,0.5092592592592593,False,True,0,7,1.0,26,15,0.6341463414634146,0.45,58,0.0,0.05,0.05,0.0,0.0
deletion,0.05,0.7,,random,0.0,50,16,False,0.23214430080198561,0.2507005443516419,0.0,0.48863636363636365,0.5,True,True,0,8,1.0,34,12,0.7391304347826086,0.5,47,0.0,0.05,0.05,0.0,0.0
deletion,0.05,0.7,,random,0.0,50,17,False,0.23660822560148922,0.25052540826373143,0.0,0.5157894736842106,0.4793388429752066,True,True,0,9,1.0,30,11,0.7317073170731707,0.5,36,0.0,0.05,0.05,0.0,0.0
deletion,0.05,0.7,,random,0.0,50,18,False,0.23995616920111693,0.2503940561977986,0.0,0.5306122448979592,0.4603174603174603,False,True,0,9,1.0,25,16,0.6097560975609756,0.45,61,0.0,0.05,0.05,0.0,0.0
deletion,0.05,0.7,,random,0.0,50,19,False,0.23621712690083768,0.24404554214834892,0.0,0.5370370370370371,0.45925925925925926,True,True,0,10,1.0,27,9,0.75,0.55,47,0.0,0.05,0.05,0.0,0.0
deletion,0.05,0.7,,random,0.0,50,20,False,0.24591284517562825,0.2517841566112617,0.0,0.5614035087719298,0.43661971830985913,True,True,0,11,1.0,32,12,0.7272727272727273,0.45,37,0.0,0.05,0.05,0.0,0.0
deletion,0.05,0.7,,random,0.0,50,21,False,0.24068463388172118,0.24508811745844625,0.0,0.5546218487394958,0.4421768707482993,True,True,0,12,1.0,30,8,0.7894736842105263,0.3,31,0.0,0.05,0.05,0.0,0.0
deletion,0.05,0.7,,random,0.0,50,22,False,0.21801347541129087,0.22131608809383468,0.0,0.56,0.43506493506493504,True,True,0,13,1.0,23,11,0.6764705882352942,0.5,26,0.0,0.05,0.05,0.0,0.0
deletion,0.05,0.7,,random,0.0,50,23,False,0.22601010655846815,0.228487066070376,0.0,0.5681818181818182,0.42592592592592593,False,True,0,13,1.0,35,11,0.7608695652173914,0.25,61,0.0,0.05,0.05,0.0,0.0
deletion,0.05,0.7,,random,0.0,50,24,False,0.20075757991885115,0.202615299552782,0.0,0.5703703703703704,0.42168674698795183,True,True,0,14,1.0,30,11,0.7317073170731707,0.5,48,0.0,0.05,0.05,0.0,0.0
deletion,0.05,0.7,,random,0.0,50,25,False,0.21306818493913834,0.2144614746645865,0.0,0.5602836879432624,0.4277456647398844,False,True,0,14,1.0,25,20,0.5555555555555556,0.45,73,0.0,0.05,0.05,0.0,0.0
deletion,0.05,0.7,,random,0.0,50,26,False,0.21605113870435375,0.21709610599843987,0.0,0.5616438356164384,0.4245810055865922,True,True,0,15,1.0,27,11,0.7105263157894737,0.6,49,0.0,0.05,0.05,0.0,0.0
deletion,0.05,0.7,,random,0.0,50,27,False,0.2370383540282653,0.23782207949882989,0.0,0.5592105263157895,0.42702702702702705,True,True,0,16,1.0,32,13,0.7111111111111111,0.45,40,0.0,0.05,0.05,0.0,0.0
deletion,0.05,0.7,,random,0.0,50,28,False,0.23402876552119897,0.2346165596241224,0.0,0.569620253164557,0.418848167539267,True,True,0,17,1.0,24,20,0.5454545454545454,0.4,35,0.0,0.05,0.05,0.0,0.0
deletion,0.05,0.7,,random,0.0,50,29,False,0.2255215741408992,0.22596241971809178,0.0,0.572289156626506,0.415,True,True,0,18,1.0,28,9,0.7567567567567568,0.3,28,0.0,0.05,0.05,0.0,0.0
deletion,0.05,0.7,,random,0.0,50,30,False,0.20664118060567443,0.20697181478856883,0.0,0.5722543352601156,0.4174757281553398,False,True,0,18,1.0,26,13,0.6666666666666666,0.45,54,0.0,0.05,0.05,0.0,0.0
deletion,0.05,0.7,,random,0.0,50,31,False,0.2112308854542558,0.2114788610914266,0.0,0.5706214689265536,0.41509433962264153,True,True,0,19,1.0,29,17,0.6304347826086957,0.6,46,0.0,0.05,0.05,0.0,0.0
deletion,0.05,0.7,,random,0.0,50,32,False,0.23342316409069186,0.23360914581856995,0.0,0.5769230769230769,0.41013824884792627,True,True,0,20,1.0,24,21,0.5333333333333333,0.75,34,0.0,0.05,0.05,0.0,0.0
deletion,0.05,0.7,,random,0.0,50,33,False,0.2688173730680189,0.26895685936392744,0.0,0.574468085106383,0.41517857142857145,True,True,0,21,1.0,28,16,0.6363636363636364,0.6,27,0.0,0.05,0.05,0.0,0.0
deletion,0.05,0.7,,random,0.0,50,34,False,0.2766130298010142,0.27671764452294556,0.0,0.5743589743589743,0.4155844155844156,True,True,0,22,1.0,29,12,0.7073170731707317,0.5,28,0.0,0.05,0.05,0.0,0.0
deletion,0.05,0.7,,random,0.0,50,35,False,0.26995977235076063,0.27003823339220917,0.0,0.572139303482587,0.41596638655462187,True,True,0,23,1.0,30,12,0.7142857142857143,0.45,31,0.0,0.05,0.05,0.0,0.0
deletion,0.05,0.7,,random,0.0,50,36,False,0.25871982926307047,0.2587786750441569,0.0,0.5631067961165048,0.42386831275720166,True,True,0,24,1.0,21,14,0.6,0.35,24,0.0,0.05,0.05,0.0,0.0
deletion,0.05,0.7,,random,0.0,50,37,False,0.23778987194730286,0.23783400628311768,0.0,0.5654205607476636,0.4189723320158103,False,True,0,24,1.0,27,11,0.7105263157894737,0.55,51,0.0,0.05,0.05,0.0,0.0
deletion,0.05,0.7,,random,0.0,50,38,False,0.24709240396047716,0.24712550471233827,0.0,0.5636363636363636,0.42084942084942084,False,True,0,24,1.0,32,13,0.7111111111111111,0.3,83,0.0,0.05,0.05,0.0,0.0
deletion,0.05,0.7,,random,0.0,50,39,False,0.22281930297035787,0.2228441285342537,0.0,0.56,0.42424242424242425,True,True,0,25,1.0,30,15,0.6666666666666666,0.5,61,0.0,0.05,0.05,0.0,0.0
deletion,0.05,0.7,,random,0.0,51,0,False,0.0,0.0,0.0,0.0,1.0,False,True,0,0,0.0,0,0,0.0,0.0,0,0.0,0.05,0.05,0.0,0.0
deletion,0.05,0.7,,random,0.0,51,1,False,0.0,0.0,0.14285714285714285,0.14285714285714285,0.8709677419354839,False,True,0,0,0.2,0,45,0.0,0.0,0,0.0,0.05,0.05,0.0,0.0
deletion,0.05,0.7,,random,0.0,51,2,False,0.03571428571428571,0.03571428571428571,0.2777777777777778,0.2777777777777778,0.7777777777777778,False,True,0,0,0.3,4,34,0.10526315789473684,0.0,4,0.0,0.05,0.05000000000000001,6.938893903907228e-18,0.0
deletion,0.05,0.7,,random,0.0,51,3,False,0.08630952380952382,0.09623015873015874,0.2,0.3333333333333333,0.7209302325581395,True,True,0,1,0.4,11,33,0.25,0.42857142857142855,7,0.0,0.05,0.05,0.0,0.0
deletion,0.05,0.7,,random,0.0,51,4,False,0.12697704081632652,0.15074404761904764,0.05,0.36666666666666664,0.6938775510204082,True,True,0,2,0.5,13,29,0.30952380952380953,0.5,12,0.0,0.05,0.05,0.0,0.0
deletion,0.05,0.7,,random,0.0,51,5,False,0.13987563775510206,0.18180803571428572,0.0,0.375,0.6666666666666666,True,True,0,3,0.6,14,25,0.358974358974359,0.6923076923076923,13,0.0,0.05,0.05000000000000001,6.938893903907228e-18,0.0
deletion,0.05,0.7,,random,0.0,51,6,False,0.16671991512951334,0.22289448832417583,0.0,0.42857142857142855,0.6206896551724138,False,True,0,3,0.6,25,20,0.5555555555555556,0.45,38,0.0,0.05,0.05000000000000001,6.938893903907228e-18,0.0
deletion,0.05,0.7,,random,0.0,51,7,False,0.16521850777570643,0.22342086624313187,0.0,0.40476190476190477,0.6212121212121212,True,True,0,4,0.6,18,18,0.5,0.5,33,0.0,0.05,0.05000000000000001,6.938893903907228e-18,0.0
deletion,0.05,0.7,,random,0.0,51,8,False,0.16855673797463697,0.2300656496823489,0.0,0.46,0.5733333333333334,False,True,0,4,0.6,19,15,0.5588235294117647,0.45,52,0.0,0.05,0.05000000000000001,6.938893903907228e-18,0.0
deletion,0.05,0.7,,random,0.0,51,9,False,0.16659612490954914,0.22879923726176168,0.0,0.4827586206896552,0.5542168674698795,False,True,0,4,0.7,16,22,0.42105263157894735,0.2,68,0.0,0.05,0.05,0.0,0.0
deletion,0.05,0.7,,random,0.0,51,10,False,0.1428042365393047,0.19659942794632126,0.0,0.5,0.5340909090909091,True,True,0,5,0.7,17,23,0.425,0.35,47,0.0,0.05,0.05,0.0,0.0
deletion,0.05,0.7,,random,0.0,51,11,False,0.13835317740447853,0.19119957095974094,0.0,0.5070422535211268,0.5306122448979592,True,True,0,6,0.7,20,17,0.5405405405405406,0.5,28,0.0,0.05,0.05,0.0,0.0
deletion,0.05,0.7,,random,0.0,51,12,False,0.14840774019621605,0.2058996782198057,0.0,0.5,0.5277777777777778,True,True,0,7,0.8,18,11,0.6206896551724138,0.5,28,0.0,0.05,0.05,0.0,0.0
deletion,0.05,0.7,,random,0.0,51,13,False,0.16487723371859062,0.21692475866485428,0.0,0.5113636363636364,0.5130434782608696,True,True,0,8,0.9,17,21,0.4473684210526316,0.4,21,0.0,0.05,0.05,0.0,0.0
deletion,0.05,0.7,,random,0.0,51,14,False,0.16651506814608583,0.21269356899864073,0.0,0.5108695652173914,0.512396694214876,False,True,0,8,0.9,26,13,0.6666666666666666,0.55,47,0.0,0.05,0.05,0.0,0.0
deletion,0.05,0.7,,random,0.0,51,15,False,0.1838148725381358,0.22827017674898056,0.0,0.5051546391752577,0.5116279069767442,False,True,0,8,0.9,20,20,0.5,0.45,67,0.0,0.05,0.05,0.0,0.0
deletion,0.05,0.7,,random,0.0,51,16,False,0.18607544011788754,0.22745263256173542,0.0,0.5047619047619047,0.5111111111111111,True,True,0,9,0.9,27,12,0.6923076923076923,0.75,48,0.0,0.05,0.05,0.0,0.0
deletion,0.05,0.7,,random,0.0,51,17,False,0.21991372294555853,0.26433947442130157,0.0,0.504424778761062,0.5104895104895105,True,True,0,10,0.9,22,19,0.5365853658536586,0.6,41,0.0,0.05,0.05,0.0,0.0
deletion,0.05,0.7,,random,0.0,51,18,False,0.22922100649488317,0.27325460581597616,0.0,0.49586776859504134,0.5131578947368421,True,True,0,11,0.9,33,10,0.7674418604651163,0.5,47,0.0,0.05,0.05,0.0,0.0
deletion,0.05,0.7,,random,0.0,51,19,False,0.22548718344259094,0.2674409543619821,0.0,0.5,0.5093167701863354,True,True,0,12,0.9,27,9,0.75,0.4,37,0.0,0.05,0.05,0.0,0.0
deletion,0.05,0.7,,random,0.0,51,20,False,0.21197253043908607,0.2505807157714866,0.0,0.5,0.5089820359281437,False,True,0,12,1.0,34,9,0.7906976744186046,0.5,71,0.0,0.05,0.05,0.0,0.0
deletion,0.05,0.7,,random,0.0,51,21,False,0.22147939782931456,0.25043553682861497,0.0,0.5034965034965035,0.5,False,True,0,12,1.0,25,16,0.6097560975609756,0.5,96,0.0,0.05,0.05,0.0,0.0
deletion,0.05,0.7,,random,0.0,51,22,False,0.22860954837198594,0.25032665262146125,0.0,0.5165562913907285,0.4918918918918919,True,True,0,13,1.0,16,13,0.5517241379310345,0.55,52,0.0,0.05,0.05,0.0,0.0
deletion,0.05,0.7,,random,0.0,51,23,False,0.24020716127898947,0.25649498946609595,0.0,0.5161290322580645,0.48677248677248675,True,True,0,14,1.0,30,12,0.7142857142857143,0.55,47,0.0,0.05,0.05,0.0,0.0
deletion,0.05,0.7,,random,0.0,51,24,False,0.24890537095924212,0.261121242099572,0.0,0.5094339622641509,0.4846938775510204,True,True,0,15,1.0,30,14,0.6818181818181818,0.55,39,0.0,0.05,0.05,0.0,0.0
deletion,0.05,0.7,,random,0.0,51,25,False,0.2554290282194316,0.264590931574679,0.0,0.5178571428571429,0.48514851485148514,True,True,0,16,1.0,20,16,0.5555555555555556,0.55,27,0.0,0.05,0.05,0.0,0.0
deletion,0.05,0.7,,random,0.0,51,26,False,0.26032177116457367,0.2671931986810092,0.0,0.5260115606936416,0.4782608695652174,True,True,0,17,1.0,34,19,0.6415094339622641,0.45,32,0.0,0.05,0.05,0.0,0.0
deletion,0.05,0.7,,random,0.0,51,27,False,0.25149132837343025,0.25664489901075693,0.0,0.5314285714285715,0.47368421052631576,True,True,0,18,1.0,31,12,0.7209302325581395,0.5,41,0.0,0.05,0.05,0.0,0.0
deletion,0.05,0.7,,random,0.0,51,28,False,0.2511184962800727,0.25498367425806767,0.0,0.5307262569832403,0.47417840375586856,False,True,0,18,1.0,28,11,0.717948717948718,0.5,69,0.0,0.05,0.05,0.0,0.0
deletion,0.05,0.7,,random,0.0,51,29,False,0.2508388722100545,0.2537377556935507,0.0,0.5300546448087432,0.4660633484162896,True,True,0,19,1.0,22,15,0.5945945945945946,0.6,44,0.0,0.05,0.05,0.0,0.0
deletion,0.05,0.7,,random,0.0,51,30,False,0.2631291541575409,0.26530331677016306,0.0,0.5347593582887701,0.4622222222222222,True,True,0,20,1.0,25,11,0.6944444444444444,0.65,26,0.0,0.05,0.05,0.0,0.0
deletion,0.05,0.7,,random,0.0,51,31,False,0.27859686561815566,0.2802274875776223,0.0,0.5392670157068062,0.45652173913043476,False,True,0,20,1.0,36,17,0.6792452830188679,0.4,62,0.0,0.05,0.05,0.0,0.0
deletion,0.05,0.7,,random,0.0,51,32,False,0.25894764921361674,0.2601706156832167,0.0,0.5346534653465347,0.4605809128630705,False,True,0,20,1.0,30,6,0.8333333333333334,0.6,92,0.0,0.05,0.05,0.0,0.0
deletion,0.05,0.7,,random,0.0,51,33,False,0.2692107369102126,0.27012796176241255,0.0,0.5314009661835749,0.46530612244897956,True,True,0,21,1.0,32,16,0.6666666666666666,0.45,62,0.0,0.05,0.05,0.0,0.0
deletion,0.05,0.7,,random,0.0,51,34,False,0.25815805268265946,0.2588459713218094,0.0,0.5333333333333333,0.46,False,True,0,21,1.0,31,14,0.6888888888888889,0.35,93,0.0,0.05,0.05,0.0,0.0
deletion,0.05,0.7,,random,0.0,51,35,False,0.2373685395119946,0.23788447849135708,0.0,0.5324074074074074,0.4591439688715953,False,True,0,21,1.0,30,13,0.6976744186046512,0.75,123,0.0,0.05,0.05,0.0,0.0
deletion,0.05,0.7,,random,0.0,51,36,False,0.27177640463399594,0.27216335886851784,0.0,0.527027027027027,0.46387832699619774,True,True,0,22,1.0,25,13,0.6578947368421053,0.65,66,0.0,0.05,0.05,0.0,0.0
deletion,0.05,0.7,,random,0.0,51,37,False,0.28508230347549696,0.2853725191513884,0.0,0.5152838427947598,0.47601476014760147,True,True,0,23,1.0,27,11,0.7105263157894737,0.55,43,0.0,0.05,0.05,0.0,0.0
deletion,0.05,0.7,,random,0.0,51,38,False,0.28256172760662274,0.2827793893635413,0.0,0.51931330472103,0.4727272727272727,False,True,0,23,1.0,26,15,0.6341463414634146,0.45,69,0.0,0.05,0.05,0.0,0.0
deletion,0.05,0.7,,random,0.0,51,39,False,0.26817129570496706,0.268334542022656,0.0,0.5188284518828452,0.4716312056737589,True,True,0,24,1.0,35,11,0.7608695652173914,0.45,47,0.0,0.05,0.05,0.0,0.0
deletion,0.05,0.7,,random,0.5,42,0,False,0.0,0.0,0.0,0.0,1.0,False,True,0,0,0.1,0,0,0.0,0.0,0,0.0,0.05,0.05,0.0,0.0
deletion,0.05,0.7,,random,0.5,42,1,False,0.0,0.0,0.42857142857142855,0.42857142857142855,0.8181818181818182,False,True,0,0,0.5,4,48,0.07692307692307693,0.0,4,0.0,0.05,0.05,0.0,0.0
deletion,0.05,0.7,,random,0.5,42,2,False,0.06887755102040816,0.10714285714285714,0.5,0.5,0.7407407407407407,False,True,0,0,0.5,16,26,0.38095238095238093,0.0,20,0.0,0.05,0.05,0.0,0.0
deletion,0.05,0.7,,random,0.5,42,3,False,0.13201530612244897,0.20535714285714285,0.6666666666666666,0.6666666666666666,0.5882352941176471,True,True,0,1,0.6,12,26,0.3157894736842105,0.0,12,0.0,0.05,0.05000000000000001,6.938893903907228e-18,0.0
deletion,0.05,0.7,,random,0.5,42,4,False,0.194249574829932,0.32068452380952384,0.6875,0.6875,0.5714285714285714,False,True,0,1,0.7,16,24,0.4,0.05,28,0.0,0.05,0.05,0.0,0.0
deletion,0.05,0.7,,random,0.5,42,5,False,0.24925860969387756,0.4123883928571429,0.75,0.7619047619047619,0.4878048780487805,True,True,0,2,0.8,14,21,0.4,0.2,15,0.0,0.05,0.05,0.0,0.0
deletion,0.05,0.7,,random,0.5,42,6,False,0.31551538584183675,0.4967912946428572,0.7,0.7391304347826086,0.4883720930232558,True,True,0,3,0.8,20,24,0.45454545454545453,0.29411764705882354,17,0.0,0.05,0.05,0.0,0.0
deletion,0.05,0.7,,random,0.5,42,7,False,0.36814914442339436,0.5475934709821428,0.6,0.7333333333333333,0.47058823529411764,True,True,0,4,1.0,24,16,0.6,0.25,22,0.0,0.05,0.05,0.0,0.0
deletion,0.05,0.7,,random,0.5,42,8,False,0.3823618583175458,0.5169451032366071,0.55,0.7272727272727273,0.43103448275862066,True,True,0,5,1.0,19,22,0.4634146341463415,0.45,20,0.0,0.05,0.05,0.0,0.0
deletion,0.05,0.7,,random,0.5,42,9,False,0.41177139373815935,0.5127088274274554,0.45,0.7027027027027027,0.4375,False,True,0,5,1.0,24,17,0.5853658536585366,0.6,44,0.0,0.05,0.05,0.0,0.0
deletion,0.05,0.7,,random,0.5,42,10,False,0.44007854530361945,0.5157816205705915,0.3,0.6818181818181818,0.4305555555555556,True,True,0,6,1.0,33,13,0.717391304347826,0.7,37,0.0,0.05,0.05,0.0,0.0
deletion,0.05,0.7,,random,0.5,42,11,False,0.4550589089777146,0.5118362154279437,0.2,0.6862745098039216,0.4177215189873418,True,True,0,7,1.0,23,17,0.575,0.7,36,0.0,0.05,0.05,0.0,0.0
deletion,0.05,0.7,,random,0.5,42,12,False,0.45379418173328595,0.49637716157095774,0.1,0.6428571428571429,0.43023255813953487,True,True,0,8,1.0,22,13,0.6285714285714286,0.65,33,0.0,0.05,0.05,0.0,0.0
deletion,0.05,0.7,,random,0.5,42,13,False,0.43409563629996445,0.4660328711782183,0.1,0.6610169491525424,0.42045454545454547,True,True,0,9,1.0,37,6,0.8604651162790697,0.4,33,0.0,0.05,0.05,0.0,0.0
deletion,0.05,0.7,,random,0.5,42,14,False,0.3880717272249733,0.41202465338366373,0.1,0.6557377049180327,0.4175824175824176,False,True,0,9,1.0,34,10,0.7727272727272727,0.6,67,0.0,0.05,0.05,0.0,0.0
deletion,0.05,0.7,,random,0.5,42,15,False,0.37855379541873,0.39651849003774775,0.05,0.6567164179104478,0.4166666666666667,False,True,0,9,1.0,31,16,0.6595744680851063,0.65,98,0.0,0.05,0.05,0.0,0.0
deletion,0.05,0.7,,random,0.5,42,16,False,0.3714153465640475,0.38488886752831086,0.0,0.6666666666666666,0.4019607843137255,True,True,0,10,1.0,27,12,0.6923076923076923,0.6,54,0.0,0.05,0.05,0.0,0.0
deletion,0.05,0.7,,random,0.5,42,17,False,0.35356150992303564,0.36366665064623316,0.0,0.6842105263157895,0.3867924528301887,True,True,0,11,1.0,35,13,0.7291666666666666,0.5,49,0.0,0.05,0.05,0.0,0.0
deletion,0.05,0.7,,random,0.5,42,18,False,0.32767113244227675,0.33524998798467487,0.0,0.6708860759493671,0.39090909090909093,True,True,0,12,1.0,40,9,0.8163265306122449,0.45,47,0.0,0.05,0.05,0.0,0.0
deletion,0.05,0.7,,random,0.5,42,19,False,0.3020033493317076,0.3076874909885062,0.0,0.6511627906976745,0.4017094017094017,True,True,0,13,1.0,25,11,0.6944444444444444,0.5,40,0.0,0.05,0.05,0.0,0.0
deletion,0.05,0.7,,random,0.5,42,20,False,0.2890025119987807,0.29326561824137964,0.0,0.6590909090909091,0.3949579831932773,True,True,0,14,1.0,34,13,0.723404255319149,0.5,35,0.0,0.05,0.05,0.0,0.0
deletion,0.05,0.7,,random,0.5,42,21,False,0.2792518839990855,0.2824492136810347,0.0,0.6555555555555556,0.3902439024390244,True,True,0,15,1.0,28,14,0.6666666666666666,0.45,28,0.0,0.05,0.05,0.0,0.0
deletion,0.05,0.7,,random,0.5,42,22,False,0.26568891299931413,0.268086910260776,0.0,0.6494845360824743,0.3953488372093023,False,True,0,15,1.0,27,15,0.6428571428571429,0.6,55,0.0,0.05,0.05,0.0,0.0
deletion,0.05,0.7,,random,0.5,42,23,False,0.2742666847494856,0.276065182695582,0.0,0.6442307692307693,0.39705882352941174,True,True,0,16,1.0,25,13,0.6578947368421053,0.55,34,0.0,0.05,0.05,0.0,0.0
deletion,0.05,0.7,,random,0.5,42,24,False,0.27445001356211424,0.27579888702168653,0.0,0.6320754716981132,0.3986013986013986,False,True,0,16,1.0,28,19,0.5957446808510638,0.45,62,0.0,0.05,0.05,0.0,0.0
deletion,0.05,0.7,,random,0.5,42,25,False,0.26208751017158566,0.2630991652662649,0.0,0.6363636363636364,0.3877551020408163,True,True,0,17,1.0,38,14,0.7307692307692307,0.5,47,0.0,0.05,0.05,0.0,0.0
deletion,0.05,0.7,,random,0.5,42,26,False,0.25906563262868926,0.2598243739496987,0.0,0.6521739130434783,0.37254901960784315,True,True,0,18,1.0,28,12,0.7,0.45,36,0.0,0.05,0.05,0.0,0.0
deletion,0.05,0.7,,random,0.5,42,27,False,0.25054922447151695,0.251118280462274,0.0,0.6470588235294118,0.375,True,True,0,19,1.0,24,9,0.7272727272727273,0.5,28,0.0,0.05,0.05,0.0,0.0
deletion,0.05,0.7,,random,0.5,42,28,False,0.2504119183536377,0.2508387103467055,0.0,0.648,0.37575757575757573,False,True,0,19,1.0,31,16,0.6595744680851063,0.6,59,0.0,0.05,0.05,0.0,0.0
deletion,0.05,0.7,,random,0.5,42,29,False,0.26280893876522826,0.26312903276002914,0.0,0.6390977443609023,0.3793103448275862,False,True,0,19,1.0,20,17,0.5405405405405406,0.7,79,0.0,0.05,0.05,0.0,0.0
deletion,0.05,0.7,,random,0.5,42,30,False,0.2846067040739212,0.28484677457002183,0.0,0.6370370370370371,0.3785310734463277,True,True,0,20,1.0,36,13,0.7346938775510204,0.45,61,0.0,0.05,0.05,0.0,0.0
deletion,0.05,0.7,,random,0.5,42,31,False,0.2697050280554409,0.2698850809275164,0.0,0.625,0.3870967741935484,True,True,0,21,1.0,30,13,0.6976744186046512,0.3,47,0.0,0.05,0.05,0.0,0.0
deletion,0.05,0.7,,random,0.5,42,32,False,0.23977877104158068,0.2399138106956373,0.0,0.5909090909090909,0.41116751269035534,False,True,0,21,1.0,25,11,0.6944444444444444,0.8,72,0.0,0.05,0.05,0.0,0.0
deletion,0.05,0.7,,random,0.5,42,33,False,0.2798340782811855,0.279935358021728,0.0,0.6012658227848101,0.40298507462686567,True,True,0,22,1.0,33,14,0.7021276595744681,0.65,49,0.0,0.05,0.05,0.0,0.0
deletion,0.05,0.7,,random,0.5,42,34,False,0.29112555871088913,0.291201518516296,0.0,0.5914634146341463,0.40476190476190477,False,True,0,22,1.0,25,14,0.6410256410256411,0.45,74,0.0,0.05,0.05,0.0,0.0
deletion,0.05,0.7,,random,0.5,42,35,False,0.2745941690331669,0.27465113888722203,0.0,0.5952380952380952,0.40186915887850466,True,True,0,23,1.0,31,13,0.7045454545454546,0.45,50,0.0,0.05,0.05,0.0,0.0
deletion,0.05,0.7,,random,0.5,42,36,False,0.2621956267748752,0.2622383541654165,0.0,0.5919540229885057,0.40271493212669685,True,True,0,24,1.0,31,12,0.7209302325581395,0.5,42,0.0,0.05,0.05,0.0,0.0
deletion,0.05,0.7,,random,0.5,42,37,False,0.2591467200811564,0.2591787656240624,0.0,0.5879120879120879,0.40789473684210525,True,True,0,25,1.0,28,10,0.7368421052631579,0.45,33,0.0,0.05,0.05,0.0,0.0
deletion,0.05,0.7,,random,0.5,42,38,False,0.25061004006086735,0.2506340742180468,0.0,0.5767195767195767,0.4152542372881356,True,True,0,26,1.0,29,10,0.7435897435897436,0.45,31,0.0,0.05,0.05,0.0,0.0
deletion,0.05,0.7,,random,0.5,42,39,False,0.2442075300456505,0.24422555566353507,0.0,0.5833333333333334,0.4117647058823529,True,True,0,27,1.0,29,16,0.6444444444444445,0.4,27,0.0,0.05,0.05,0.0,0.0
deletion,0.05,0.7,,random,0.5,43,0,False,0.0,0.0,0.0,0.0,1.0,False,True,0,0,0.0,0,0,0.0,0.0,0,0.0,0.05,0.05,0.0,0.0
deletion,0.05,0.7,,random,0.5,43,1,False,0.0,0.0,0.09090909090909091,0.09090909090909091,0.8518518518518519,False,True,0,0,0.0,0,50,0.0,0.0,0,0.0,0.05,0.05,0.0,0.0
deletion,0.05,0.7,,random,0.5,43,2,False,0.022727272727272728,0.022727272727272728,0.29411764705882354,0.29411764705882354,0.7352941176470589,False,True,0,0,0.1,0,35,0.0,0.0,0,0.0,0.05,0.05,0.0,0.0
deletion,0.05,0.7,,random,0.5,43,3,False,0.09057486631016043,0.09057486631016043,0.4,0.42857142857142855,0.6190476190476191,False,True,0,0,0.2,1,37,0.02631578947368421,0.0,1,0.0,0.05,0.05,0.0,0.0
deletion,0.05,0.7,,random,0.5,43,4,False,0.16078829258976318,0.16793114973262033,0.35,0.48,0.574468085106383,False,True,0,0,0.5,1,36,0.02702702702702703,0.0,2,0.0,0.05,0.05,0.0,0.0
deletion,0.05,0.7,,random,0.5,43,5,False,0.18934121944232235,0.21344836229946523,0.3,0.5333333333333333,0.509090909090909,False,True,0,0,0.5,16,18,0.47058823529411764,0.3333333333333333,18,0.0,0.05,0.05,0.0,0.0
deletion,0.05,0.7,,random,0.5,43,6,False,0.21879162886745607,0.23508627172459895,0.25,0.53125,0.5172413793103449,False,True,0,0,0.5,10,32,0.23809523809523808,0.35,28,0.0,0.05,0.05,0.0,0.0
deletion,0.05,0.7,,random,0.5,43,7,False,0.23195086450773492,0.2388147037934492,0.2,0.5227272727272727,0.5072463768115942,True,True,0,1,0.7,14,21,0.4,0.5,23,0.0,0.05,0.05,0.0,0.0
deletion,0.05,0.7,,random,0.5,43,8,False,0.25074886266651547,0.26661102784508695,0.2,0.5625,0.49333333333333335,False,True,0,1,0.7,21,23,0.4772727272727273,0.55,44,0.0,0.05,0.05,0.0,0.0
deletion,0.05,0.7,,random,0.5,43,9,False,0.26931164699988663,0.29370827088381524,0.15,0.56,0.5,True,True,0,2,0.7,20,20,0.5,0.55,36,0.0,0.05,0.05,0.0,0.0
deletion,0.05,0.7,,random,0.5,43,10,False,0.2751980209642007,0.30778120316286145,0.15,0.5686274509803921,0.4875,False,True,0,2,0.9,19,26,0.4222222222222222,0.5,55,0.0,0.05,0.05,0.0,0.0
deletion,0.05,0.7,,random,0.5,43,11,False,0.2813985157231505,0.31208590237214606,0.05,0.5789473684210527,0.47126436781609193,True,True,0,3,1.0,25,17,0.5952380952380952,0.55,38,0.0,0.05,0.05,0.0,0.0
deletion,0.05,0.7,,random,0.5,43,12,False,0.28604888679236284,0.30906442677910956,0.05,0.578125,0.4731182795698925,False,True,0,3,1.0,32,11,0.7441860465116279,0.7,70,0.0,0.05,0.05,0.0,0.0
deletion,0.05,0.7,,random,0.5,43,13,False,0.3082866650942722,0.32554832008433215,0.05,0.5757575757575758,0.4639175257731959,True,True,0,4,1.0,28,15,0.6511627906976745,0.7,54,0.0,0.05,0.05,0.0,0.0
deletion,0.05,0.7,,random,0.5,43,14,False,0.3249649988207041,0.33791124006324913,0.05,0.6,0.4368932038834951,True,True,0,5,1.0,26,13,0.6666666666666666,0.6,44,0.0,0.05,0.05,0.0,0.0
deletion,0.05,0.7,,random,0.5,43,15,False,0.3249737491155281,0.33468343004743684,0.0,0.6,0.4392523364485981,True,True,0,6,1.0,34,13,0.723404255319149,0.55,40,0.0,0.05,0.05,0.0,0.0
deletion,0.05,0.7,,random,0.5,43,16,False,0.3124803118366461,0.3197625725355776,0.0,0.5949367088607594,0.4375,True,True,0,7,1.0,25,15,0.625,0.5,30,0.0,0.05,0.05,0.0,0.0
deletion,0.05,0.7,,random,0.5,43,17,False,0.29686023387748456,0.30232192940168323,0.0,0.5783132530120482,0.4482758620689655,True,True,0,8,1.0,33,14,0.7021276595744681,0.65,27,0.0,0.05,0.05,0.0,0.0
deletion,0.05,0.7,,random,0.5,43,18,False,0.30389517540811345,0.3079914470512624,0.0,0.5862068965517241,0.43089430894308944,True,True,0,9,1.0,23,14,0.6216216216216216,0.55,25,0.0,0.05,0.05,0.0,0.0
deletion,0.05,0.7,,random,0.5,43,19,False,0.296671381556085,0.2997435852884468,0.0,0.6063829787234043,0.4122137404580153,True,True,0,10,1.0,28,13,0.6829268292682927,0.55,26,0.0,0.05,0.05,0.0,0.0
deletion,0.05,0.7,,random,0.5,43,20,False,0.2912535361670638,0.2935576889663351,0.0,0.6020408163265306,0.4117647058823529,False,True,0,10,1.0,27,15,0.6428571428571429,0.45,53,0.0,0.05,0.05,0.0,0.0
deletion,0.05,0.7,,random,0.5,43,21,False,0.27469015212529785,0.27641826672475134,0.0,0.616822429906542,0.4027777777777778,False,True,0,10,1.0,27,11,0.7105263157894737,0.55,80,0.0,0.05,0.05,0.0,0.0
deletion,0.05,0.7,,random,0.5,43,22,False,0.2747676140939734,0.2760637000435635,0.0,0.6203703703703703,0.39864864864864863,True,True,0,11,1.0,44,9,0.8301886792452831,0.45,57,0.0,0.05,0.05,0.0,0.0
deletion,0.05,0.7,,random,0.5,43,23,False,0.26232571057048004,0.26329777503267265,0.0,0.625,0.39215686274509803,True,True,0,12,1.0,23,18,0.5609756097560976,0.6,36,0.0,0.05,0.05,0.0,0.0
deletion,0.05,0.7,,random,0.5,43,24,False,0.27174428292786007,0.2724733312745045,0.0,0.6206896551724138,0.389937106918239,True,True,0,13,1.0,28,12,0.7,0.6,29,0.0,0.05,0.05,0.0,0.0
deletion,0.05,0.7,,random,0.5,43,25,False,0.2788082121958951,0.2793549984558784,0.0,0.6302521008403361,0.3803680981595092,True,True,0,14,1.0,30,13,0.6976744186046512,0.5,29,0.0,0.05,0.05,0.0,0.0
deletion,0.05,0.7,,random,0.5,43,26,False,0.27160615914692127,0.2720162488419088,0.0,0.6428571428571429,0.375,True,True,0,15,1.0,29,7,0.8055555555555556,0.5,24,0.0,0.05,0.05,0.0,0.0
deletion,0.05,0.7,,random,0.5,43,27,False,0.26620461936019096,0.2665121866314316,0.0,0.631578947368421,0.3785310734463277,False,True,0,15,1.0,23,15,0.6052631578947368,0.45,47,0.0,0.05,0.05,0.0,0.0
deletion,0.05,0.7,,random,0.5,43,28,False,0.25590346452014323,0.2561341399735737,0.0,0.6357142857142857,0.3791208791208791,True,True,0,16,1.0,26,13,0.6666666666666666,0.55,35,0.0,0.05,0.05,0.0,0.0
deletion,0.05,0.7,,random,0.5,43,29,False,0.26067759839010746,0.2608506049801803,0.0,0.6301369863013698,0.38095238095238093,True,True,0,17,1.0,39,5,0.8863636363636364,0.55,37,0.0,0.05,0.05,0.0,0.0
deletion,0.05,0.7,,random,0.5,43,30,False,0.2642581987925806,0.26438795373513524,0.0,0.6266666666666667,0.38341968911917096,True,True,0,18,1.0,34,15,0.6938775510204082,0.65,42,0.0,0.05,0.05,0.0,0.0
deletion,0.05,0.7,,random,0.5,43,31,False,0.2794436490944355,0.2795409653013514,0.0,0.6274509803921569,0.3787878787878788,True,True,0,19,1.0,27,13,0.675,0.55,36,0.0,0.05,0.05,0.0,0.0
deletion,0.05,0.7,,random,0.5,43,32,False,0.2783327368208266,0.2784057239760136,0.0,0.6163522012578616,0.3891625615763547,True,True,0,20,1.0,25,13,0.6578947368421053,0.55,30,0.0,0.05,0.05,0.0,0.0
deletion,0.05,0.7,,random,0.5,43,33,False,0.2774995526156199,0.2775542929820102,0.0,0.6,0.4019138755980861,True,True,0,21,1.0,35,12,0.7446808510638298,0.55,35,0.0,0.05,0.05,0.0,0.0
deletion,0.05,0.7,,random,0.5,43,34,False,0.27687466446171494,0.27691571973650764,0.0,0.6023391812865497,0.39814814814814814,True,True,0,22,1.0,26,17,0.6046511627906976,0.6,28,0.0,0.05,0.05,0.0,0.0
deletion,0.05,0.7,,random,0.5,43,35,False,0.28265599834628624,0.2826867898023807,0.0,0.5898876404494382,0.40625,False,True,0,22,1.0,32,11,0.7441860465116279,0.45,60,0.0,0.05,0.05,0.0,0.0
deletion,0.05,0.7,,random,0.5,43,36,False,0.26824199875971466,0.26826509235178553,0.0,0.5901639344262295,0.4043478260869565,True,True,0,23,1.0,25,15,0.625,0.4,51,0.0,0.05,0.05,0.0,0.0
deletion,0.05,0.7,,random,0.5,43,37,False,0.251181499069786,0.25119881926383913,0.0,0.5882352941176471,0.4025423728813559,True,True,0,24,1.0,33,10,0.7674418604651163,0.5,44,0.0,0.05,0.05,0.0,0.0
deletion,0.05,0.7,,random,0.5,43,38,False,0.25088612430233953,0.2508991144478794,0.0,0.5906735751295337,0.4041666666666667,True,True,0,25,1.0,25,12,0.6756756756756757,0.55,48,0.0,0.05,0.05,0.0,0.0
deletion,0.05,0.7,,random,0.5,43,39,False,0.25691459322675464,0.25692433583590957,0.0,0.583756345177665,0.4098360655737705,True,True,0,26,1.0,30,12,0.7142857142857143,0.5,36,0.0,0.05,0.05,0.0,0.0
deletion,0.05,0.7,,random,0.5,44,0,False,0.0,0.0,0.0,0.0,1.0,False,True,0,0,0.0,0,0,0.0,0.0,0,0.0,0.05,0.05,0.0,0.0
deletion,0.05,0.7,,random,0.5,44,1,False,0.0,0.0,0.3,0.3,0.72,False,True,0,0,0.0,0,43,0.0,0.0,0,0.0,0.05,0.05,0.0,0.0
deletion,0.05,0.7,,random,0.5,44,2,False,0.075,0.075,0.4166666666666667,0.4166666666666667,0.6785714285714286,False,True,0,0,0.1,0,43,0.0,0.0,0,0.0,0.05,0.05,0.0,0.0
deletion,0.05,0.7,,random,0.5,44,3,False,0.16041666666666665,0.16041666666666665,0.5625,0.5625,0.5714285714285714,False,True,0,0,0.2,2,36,0.05263157894736842,0.0,2,0.0,0.05,0.05,0.0,0.0
deletion,0.05,0.7,,random,0.5,44,4,False,0.25089285714285714,0.2609375,0.5789473684210527,0.5789473684210527,0.5384615384615384,False,True,0,0,0.4,2,33,0.05714285714285714,0.5,4,0.0,0.05,0.05,0.0,0.0
deletion,0.05,0.7,,random,0.5,44,5,False,0.33008693609022555,0.34043996710526314,0.6,0.6363636363636364,0.5,True,True,0,1,0.4,14,32,0.30434782608695654,1.0,4,0.0,0.05,0.05,0.0,0.0
deletion,0.05,0.7,,random,0.5,44,6,False,0.4118509163533834,0.4479286595394737,0.5,0.6296296296296297,0.46938775510204084,False,True,0,1,0.4,5,32,0.13513513513513514,0.7777777777777778,9,0.0,0.05,0.05,0.0,0.0
deletion,0.05,0.7,,random,0.5,44,7,False,0.44380882218567247,0.49566871687682745,0.3,0.5625,0.4909090909090909,False,True,0,1,0.5,14,30,0.3181818181818182,0.65,23,0.0,0.05,0.05,0.0,0.0
deletion,0.05,0.7,,random,0.5,44,8,False,0.42660661663925437,0.4905015376576206,0.25,0.5675675675675675,0.4918032786885246,True,True,0,2,0.5,14,32,0.30434782608695654,0.8,22,0.0,0.05,0.05,0.0,0.0
deletion,0.05,0.7,,random,0.5,44,9,False,0.4119192481937265,0.4991261532432154,0.25,0.5897435897435898,0.47619047619047616,False,True,0,2,0.7,12,32,0.2727272727272727,0.8,34,0.0,0.05,0.05,0.0,0.0
deletion,0.05,0.7,,random,0.5,44,10,False,0.42054657900243775,0.5055946149324115,0.15,0.5909090909090909,0.47058823529411764,True,True,0,3,0.9,17,24,0.4146341463414634,0.65,22,0.0,0.05,0.05,0.0,0.0
deletion,0.05,0.7,,random,0.5,44,11,False,0.4064813628232569,0.47919596119930863,0.0,0.5849056603773585,0.46153846153846156,False,True,0,3,0.9,30,11,0.7317073170731707,0.65,52,0.0,0.05,0.05,0.0,0.0
deletion,0.05,0.7,,random,0.5,44,12,False,0.3745038792602998,0.44064697089948146,0.0,0.5614035087719298,0.47560975609756095,True,True,0,4,1.0,32,11,0.7441860465116279,0.75,36,0.0,0.05,0.05,0.0,0.0
deletion,0.05,0.7,,random,0.5,44,13,False,0.37462790944522484,0.4242352281746111,0.0,0.5483870967741935,0.45652173913043476,True,True,0,5,1.0,29,14,0.6744186046511628,0.55,37,0.0,0.05,0.05,0.0,0.0
deletion,0.05,0.7,,random,0.5,44,14,False,0.3497209320839186,0.3869264211309583,0.0,0.5714285714285714,0.4489795918367347,True,True,0,6,1.0,28,12,0.7,0.25,35,0.0,0.05,0.05,0.0,0.0
deletion,0.05,0.7,,random,0.5,44,15,False,0.29354069906293895,0.3214448158482187,0.0,0.56,0.4519230769230769,True,True,0,7,1.0,33,15,0.6875,0.65,38,0.0,0.05,0.05,0.0,0.0
deletion,0.05,0.7,,random,0.5,44,16,False,0.30140552429720424,0.32233361188616405,0.0,0.5641025641025641,0.4485981308411215,True,True,0,8,1.0,34,16,0.68,0.6,35,0.0,0.05,0.05,0.0,0.0
deletion,0.05,0.7,,random,0.5,44,17,False,0.30105414322290314,0.316750208914623,0.0,0.5581395348837209,0.4444444444444444,False,True,0,8,1.0,30,12,0.7142857142857143,0.5,65,0.0,0.05,0.05,0.0,0.0
deletion,0.05,0.7,,random,0.5,44,18,False,0.2882906074171774,0.30006265668596727,0.0,0.5604395604395604,0.4426229508196721,False,True,0,8,1.0,30,10,0.75,0.45,95,0.0,0.05,0.05,0.0,0.0
deletion,0.05,0.7,,random,0.5,44,19,False,0.272467955562883,0.2812969925144755,0.0,0.5555555555555556,0.453125,False,True,0,8,1.0,23,10,0.696969696969697,0.65,118,0.0,0.05,0.05,0.0,0.0
deletion,0.05,0.7,,random,0.5,44,20,False,0.2856009666721623,0.2922227443858566,0.0,0.5576923076923077,0.4552238805970149,True,True,0,9,1.0,28,9,0.7567567567567568,0.55,70,0.0,0.05,0.05,0.0,0.0
deletion,0.05,0.7,,random,0.5,44,21,False,0.2829507250041217,0.28791705828939246,0.0,0.5514018691588785,0.45255474452554745,True,True,0,10,1.0,29,11,0.725,0.6,50,0.0,0.05,0.05,0.0,0.0
deletion,0.05,0.7,,random,0.5,44,22,False,0.2872130437530913,0.29093779371704437,0.0,0.5495495495495496,0.45774647887323944,True,True,0,11,1.0,21,18,0.5384615384615384,0.45,28,0.0,0.05,0.05,0.0,0.0
deletion,0.05,0.7,,random,0.5,44,23,False,0.27165978281481845,0.2744533452877833,0.0,0.5603448275862069,0.4429530201342282,True,True,0,12,1.0,30,12,0.7142857142857143,0.4,27,0.0,0.05,0.05,0.0,0.0
deletion,0.05,0.7,,random,0.5,44,24,False,0.25374483711111384,0.2558400089658375,0.0,0.5785123966942148,0.4258064516129032,False,True,0,12,1.0,30,12,0.7142857142857143,0.4,57,0.0,0.05,0.05,0.0,0.0
deletion,0.05,0.7,,random,0.5,44,25,False,0.24030862783333537,0.2418800067243781,0.0,0.5826771653543307,0.41975308641975306,True,True,0,13,1.0,32,14,0.6956521739130435,0.6,44,0.0,0.05,0.05,0.0,0.0
deletion,0.05,0.7,,random,0.5,44,26,False,0.25523147087500153,0.2564100050432836,0.0,0.5801526717557252,0.4166666666666667,True,True,0,14,1.0,22,16,0.5789473684210527,0.7,36,0.0,0.05,0.05,0.0,0.0
deletion,0.05,0.7,,random,0.5,44,27,False,0.27892360315625114,0.27980750378246266,0.0,0.5766423357664233,0.41714285714285715,False,True,0,14,1.0,28,13,0.6829268292682927,0.5,64,0.0,0.05,0.05,0.0,0.0
deletion,0.05,0.7,,random,0.5,44,28,False,0.27169270236718834,0.27235562783684697,0.0,0.5845070422535211,0.41208791208791207,True,True,0,15,1.0,30,12,0.7142857142857143,0.4,47,0.0,0.05,0.05,0.0,0.0
deletion,0.05,0.7,,random,0.5,44,29,False,0.2537695267753913,0.25426672087763524,0.0,0.5866666666666667,0.4074074074074074,True,True,0,16,1.0,22,15,0.5945945945945946,0.45,31,0.0,0.05,0.05,0.0,0.0
deletion,0.05,0.7,,random,0.5,44,30,False,0.24657714508154346,0.24695004065822643,0.0,0.5935483870967742,0.4,True,True,0,17,1.0,33,11,0.75,0.5,35,0.0,0.05,0.05,0.0,0.0
deletion,0.05,0.7,,random,0.5,44,31,False,0.2474328588111576,0.2477125304936698,0.0,0.59375,0.4,True,True,0,18,1.0,25,15,0.625,0.55,33,0.0,0.05,0.05,0.0,0.0
deletion,0.05,0.7,,random,0.5,44,32,False,0.2543246441083682,0.25453439787025234,0.0,0.5975609756097561,0.4,True,True,0,19,1.0,21,16,0.5675675675675675,0.55,31,0.0,0.05,0.05,0.0,0.0
deletion,0.05,0.7,,random,0.5,44,33,False,0.2594934830812762,0.25965079840268923,0.0,0.6,0.39622641509433965,True,True,0,20,1.0,28,11,0.717948717948718,0.4,25,0.0,0.05,0.05,0.0,0.0
deletion,0.05,0.7,,random,0.5,44,34,False,0.2446201123109571,0.2447380988020169,0.0,0.6067415730337079,0.39090909090909093,True,True,0,21,1.0,25,16,0.6097560975609756,0.55,27,0.0,0.05,0.05,0.0,0.0
deletion,0.05,0.7,,random,0.5,44,35,False,0.25221508423321787,0.2523035741015127,0.0,0.6065573770491803,0.39285714285714285,True,True,0,22,1.0,32,12,0.7272727272727273,0.6,32,0.0,0.05,0.05,0.0,0.0
deletion,0.05,0.7,,random,0.5,44,36,False,0.26416131317491337,0.26422768057613455,0.0,0.6129032258064516,0.38596491228070173,True,True,0,23,1.0,23,16,0.5897435897435898,0.55,33,0.0,0.05,0.05,0.0,0.0
deletion,0.05,0.7,,random,0.5,44,37,False,0.26687098488118505,0.2669207604321009,0.0,0.6113989637305699,0.39148936170212767,True,True,0,24,1.0,30,10,0.75,0.6,29,0.0,0.05,0.05,0.0,0.0
deletion,0.05,0.7,,random,0.5,44,38,False,0.27515323866088875,0.2751905703240757,0.0,0.6091370558375635,0.3900414937759336,True,True,0,25,1.0,31,13,0.7045454545454546,0.45,30,0.0,0.05,0.05,0.0,0.0
deletion,0.05,0.7,,random,0.5,44,39,False,0.2626149289956666,0.26264292774305675,0.0,0.6080402010050251,0.39094650205761317,True,True,0,26,1.0,28,17,0.6222222222222222,0.45,28,0.0,0.05,0.05,0.0,0.0
deletion,0.05,0.7,,random,0.5,45,0,False,0.0,0.0,0.0,0.0,1.0,False,True,0,0,0.2,0,0,0.0,0.0,0,0.0,0.05,0.05,0.0,0.0
deletion,0.05,0.7,,random,0.5,45,1,False,0.0,0.0,0.35294117647058826,0.35294117647058826,0.8064516129032258,True,True,0,1,0.3,5,39,0.11363636363636363,0.0,1,0.0,0.05,0.05000000000000001,6.938893903907228e-18,0.0
deletion,0.05,0.7,,random,0.5,45,2,False,0.07563025210084033,0.08823529411764706,0.3,0.391304347826087,0.7567567567567568,False,True,0,1,0.5,10,38,0.20833333333333334,0.6363636363636364,11,0.0,0.05,0.05,0.0,0.0
deletion,0.05,0.7,,random,0.5,45,3,False,0.14974216959511075,0.18322192513368984,0.3,0.4166666666666667,0.7,False,True,0,1,0.7,12,24,0.3333333333333333,0.7,23,0.0,0.05,0.05,0.0,0.0
deletion,0.05,0.7,,random,0.5,45,4,False,0.21587805576776167,0.2624164438502674,0.25,0.4642857142857143,0.6595744680851063,False,True,0,1,0.8,17,19,0.4722222222222222,0.7,40,0.0,0.05,0.05,0.0,0.0
deletion,0.05,0.7,,random,0.5,45,5,False,0.26458711325439266,0.3155623328877005,0.25,0.4827586206896552,0.6458333333333334,True,True,0,2,0.8,31,17,0.6458333333333334,0.6,31,0.0,0.05,0.05,0.0,0.0
deletion,0.05,0.7,,random,0.5,45,6,False,0.2921903349407945,0.3429217496657754,0.25,0.48484848484848486,0.6111111111111112,True,True,0,3,0.8,22,19,0.5365853658536586,0.6,24,0.0,0.05,0.05,0.0,0.0
deletion,0.05,0.7,,random,0.5,45,7,False,0.31289275120559584,0.36344131224933157,0.2,0.47058823529411764,0.6206896551724138,True,True,0,4,0.9,25,25,0.5,0.6,25,0.0,0.05,0.05,0.0,0.0
deletion,0.05,0.7,,random,0.5,45,8,False,0.3275267062613398,0.3725809841869987,0.1,0.48717948717948717,0.5909090909090909,True,True,0,5,0.9,28,19,0.5957446808510638,0.6,26,0.0,0.05,0.05,0.0,0.0
deletion,0.05,0.7,,random,0.5,45,9,False,0.32421645826743345,0.36693573814024905,0.0,0.4883720930232558,0.5774647887323944,False,True,0,5,0.9,31,13,0.7045454545454546,0.75,57,0.0,0.05,0.05,0.0,0.0
deletion,0.05,0.7,,random,0.5,45,10,False,0.3235194865577179,0.36895180360518676,0.0,0.4583333333333333,0.5921052631578947,True,True,0,6,1.0,27,19,0.5869565217391305,0.6,43,0.0,0.05,0.05,0.0,0.0
deletion,0.05,0.7,,random,0.5,45,11,False,0.31763961491828846,0.35171385270389005,0.0,0.48,0.5769230769230769,True,True,0,7,1.0,35,15,0.7,0.55,32,0.0,0.05,0.05,0.0,0.0
deletion,0.05,0.7,,random,0.5,45,12,False,0.30697971118871636,0.3325353895279175,0.0,0.4642857142857143,0.5813953488372093,True,True,0,8,1.0,35,8,0.813953488372093,0.35,28,0.0,0.05,0.05,0.0,0.0
deletion,0.05,0.7,,random,0.5,45,13,False,0.27398478339153726,0.29315154214593814,0.0,0.4838709677419355,0.5591397849462365,True,True,0,9,1.0,24,21,0.5333333333333333,0.65,25,0.0,0.05,0.05,0.0,0.0
deletion,0.05,0.7,,random,0.5,45,14,False,0.28673858754365295,0.3011136566094536,0.0,0.4925373134328358,0.5567010309278351,True,True,0,10,1.0,29,9,0.7631578947368421,0.5,29,0.0,0.05,0.05,0.0,0.0
deletion,0.05,0.7,,random,0.5,45,15,False,0.2775539406577397,0.2883352424570902,0.0,0.5138888888888888,0.5436893203883495,True,True,0,11,1.0,32,14,0.6956521739130435,0.35,41,0.0,0.05,0.05,0.0,0.0
deletion,0.05,0.7,,random,0.5,45,16,False,0.2519154554933048,0.26000143184281765,0.0,0.5,0.5454545454545454,False,True,0,11,1.0,28,12,0.7,0.55,69,0.0,0.05,0.05,0.0,0.0
deletion,0.05,0.7,,random,0.5,45,17,False,0.2576865916199786,0.2637510738821133,0.0,0.5185185185185185,0.5309734513274337,True,True,0,12,1.0,35,9,0.7954545454545454,0.45,49,0.0,0.05,0.05,0.0,0.0
deletion,0.05,0.7,,random,0.5,45,18,False,0.24951494371498395,0.25406330541158495,0.0,0.5348837209302325,0.5169491525423728,True,True,0,13,1.0,30,13,0.6976744186046512,0.45,41,0.0,0.05,0.05,0.0,0.0
deletion,0.05,0.7,,random,0.5,45,19,False,0.24338620778623793,0.2467974790586887,0.0,0.5494505494505495,0.5040650406504065,True,True,0,14,1.0,25,13,0.6578947368421053,0.6,26,0.0,0.05,0.05,0.0,0.0
deletion,0.05,0.7,,random,0.5,45,20,False,0.25753965583967847,0.26009810929401656,0.0,0.5425531914893617,0.5039370078740157,True,True,0,15,1.0,31,12,0.7209302325581395,0.55,30,0.0,0.05,0.05,0.0,0.0
deletion,0.05,0.7,,random,0.5,45,21,False,0.2619047418797588,0.2638235819705124,0.0,0.5306122448979592,0.5114503816793893,True,True,0,16,1.0,35,12,0.7446808510638298,0.65,33,0.0,0.05,0.05,0.0,0.0
deletion,0.05,0.7,,random,0.5,45,22,False,0.27767855640981914,0.2791176864778843,0.0,0.5294117647058824,0.5109489051094891,True,True,0,17,1.0,33,9,0.7857142857142857,0.6,39,0.0,0.05,0.05,0.0,0.0
deletion,0.05,0.7,,random,0.5,45,23,False,0.28325891730736436,0.28433826485841324,0.0,0.5377358490566038,0.49295774647887325,True,True,0,18,1.0,25,16,0.6097560975609756,0.4,30,0.0,0.05,0.05,0.0,0.0
deletion,0.05,0.7,,random,0.5,45,24,False,0.26244418798052327,0.26325369864380993,0.0,0.5446428571428571,0.4864864864864865,False,True,0,18,1.0,27,15,0.6428571428571429,0.45,57,0.0,0.05,0.05,0.0,0.0
deletion,0.05,0.7,,random,0.5,45,25,False,0.2530831409853925,0.2536902739828575,0.0,0.5169491525423728,0.4968152866242038,True,True,0,19,1.0,29,10,0.7435897435897436,0.55,47,0.0,0.05,0.05,0.0,0.0
deletion,0.05,0.7,,random,0.5,45,26,False,0.25856235573904435,0.2590177054871431,0.0,0.536,0.48466257668711654,True,True,0,20,1.0,30,10,0.75,0.6,38,0.0,0.05,0.05,0.0,0.0
deletion,0.05,0.7,,random,0.5,45,27,False,0.26892176680428326,0.2692632791153573,0.0,0.5503875968992248,0.47305389221556887,False,True,0,20,1.0,37,8,0.8222222222222222,0.45,75,0.0,0.05,0.05,0.0,0.0
deletion,0.05,0.7,,random,0.5,45,28,False,0.25794132510321244,0.258197459336518,0.0,0.556390977443609,0.47058823529411764,True,True,0,21,1.0,28,14,0.6666666666666666,0.35,51,0.0,0.05,0.05,0.0,0.0
deletion,0.05,0.7,,random,0.5,45,29,False,0.23720599382740934,0.23739809450238852,0.0,0.5620437956204379,0.4602272727272727,True,True,0,22,1.0,30,10,0.75,0.45,39,0.0,0.05,0.05,0.0,0.0
deletion,0.05,0.7,,random,0.5,45,30,False,0.234154495370557,0.23429857087679137,0.0,0.5633802816901409,0.4585635359116022,False,True,0,22,1.0,31,12,0.7209302325581395,0.45,70,0.0,0.05,0.05,0.0,0.0
deletion,0.05,0.7,,random,0.5,45,31,False,0.23186587152791777,0.23197392815759352,0.0,0.5578231292517006,0.46236559139784944,True,True,0,23,1.0,36,13,0.7346938775510204,0.65,47,0.0,0.05,0.05,0.0,0.0
deletion,0.05,0.7,,random,0.5,45,32,False,0.2551494036459383,0.2552304461181951,0.0,0.538961038961039,0.4717948717948718,True,True,0,24,1.0,31,11,0.7380952380952381,0.6,39,0.0,0.05,0.05,0.0,0.0
deletion,0.05,0.7,,random,0.5,45,33,False,0.26636205273445374,0.26642283458864635,0.0,0.5345911949685535,0.47029702970297027,True,True,0,25,1.0,25,10,0.7142857142857143,0.65,27,0.0,0.05,0.05,0.0,0.0
deletion,0.05,0.7,,random,0.5,45,34,False,0.2810215395508403,0.28106712594148475,0.0,0.5308641975308642,0.47317073170731705,True,True,0,26,1.0,35,10,0.7777777777777778,0.75,32,0.0,0.05,0.05,0.0,0.0
deletion,0.05,0.7,,random,0.5,45,35,False,0.30451615466313026,0.30455034445611356,0.0,0.536144578313253,0.4666666666666667,True,True,0,27,1.0,35,11,0.7608695652173914,0.45,34,0.0,0.05,0.05,0.0,0.0
deletion,0.05,0.7,,random,0.5,45,36,False,0.2846371159973477,0.2846627583420852,0.0,0.5348837209302325,0.4700460829493088,False,True,0,27,1.0,17,15,0.53125,0.6,51,0.0,0.05,0.05,0.0,0.0
deletion,0.05,0.7,,random,0.5,45,37,False,0.2884778369980108,0.2884970687565639,0.0,0.547486033519553,0.4577777777777778,True,True,0,28,1.0,25,12,0.6756756756756757,0.55,27,0.0,0.05,0.05,0.0,0.0
deletion,0.05,0.7,,random,0.5,45,38,False,0.2851083777485081,0.2851228015674229,0.0,0.5513513513513514,0.45652173913043476,True,True,0,29,1.0,33,12,0.7333333333333333,0.4,36,0.0,0.05,0.05,0.0,0.0
deletion,0.05,0.7,,random,0.5,45,39,False,0.26383128331138106,0.26384210117556717,0.0,0.5520833333333334,0.453781512605042,True,True,0,30,1.0,23,13,0.6388888888888888,0.4,27,0.0,0.05,0.05,0.0,0.0
deletion,0.05,0.7,,random,0.5,46,0,False,0.0,0.0,0.0,0.0,1.0,False,True,0,0,0.1,0,0,0.0,0.0,0,0.0,0.05,0.05,0.0,0.0
deletion,0.05,0.7,,random,0.5,46,1,False,0.0,0.0,0.2,0.2,0.84,False,True,0,0,0.2,3,41,0.06818181818181818,0.0,3,0.0,0.05,0.05,0.0,0.0
deletion,0.05,0.7,,random,0.5,46,2,False,0.04642857142857143,0.05,0.4,0.4,0.7096774193548387,False,True,0,0,0.2,3,33,0.08333333333333333,0.0,6,0.0,0.05,0.05,0.0,0.0
deletion,0.05,0.7,,random,0.5,46,3,False,0.12767857142857145,0.1375,0.4117647058823529,0.4117647058823529,0.6666666666666666,False,True,0,0,0.3,2,41,0.046511627906976744,0.0,8,0.0,0.05,0.05000000000000001,6.938893903907228e-18,0.0
deletion,0.05,0.7,,random,0.5,46,4,False,0.18399422268907561,0.20606617647058822,0.5,0.5652173913043478,0.5581395348837209,False,True,0,0,0.5,3,29,0.09375,0.0,11,0.0,0.05,0.05,0.0,0.0
deletion,0.05,0.7,,random,0.5,46,5,False,0.2362099527310924,0.27954963235294117,0.45,0.5769230769230769,0.5208333333333334,False,True,0,0,0.7,9,34,0.20930232558139536,0.3,20,0.0,0.05,0.05,0.0,0.0
deletion,0.05,0.7,,random,0.5,46,6,False,0.27626460740546216,0.32216222426470587,0.25,0.53125,0.5178571428571429,True,True,0,1,0.8,26,18,0.5909090909090909,0.4,24,0.0,0.05,0.05,0.0,0.0
deletion,0.05,0.7,,random,0.5,46,7,False,0.28309131269695376,0.3088091681985294,0.2,0.5,0.5161290322580645,True,True,0,2,0.9,32,18,0.64,0.4117647058823529,17,0.0,0.05,0.05,0.0,0.0
deletion,0.05,0.7,,random,0.5,46,8,False,0.2850075601529674,0.30807746438419115,0.0,0.47619047619047616,0.5294117647058824,True,True,0,3,0.9,35,14,0.7142857142857143,0.55,28,0.0,0.05,0.05,0.0,0.0
deletion,0.05,0.7,,random,0.5,46,9,False,0.27268424154329696,0.29980809828814337,0.0,0.49019607843137253,0.5128205128205128,False,True,0,3,1.0,26,10,0.7222222222222222,0.6,54,0.0,0.05,0.05,0.0,0.0
deletion,0.05,0.7,,random,0.5,46,10,False,0.27951318115747276,0.2998560737161075,0.0,0.4915254237288136,0.5402298850574713,False,True,0,3,1.0,29,10,0.7435897435897436,0.5,83,0.0,0.05,0.05,0.0,0.0
deletion,0.05,0.7,,random,0.5,46,11,False,0.2721348858681045,0.2873920552870806,0.0,0.4696969696969697,0.5263157894736842,True,True,0,4,1.0,30,14,0.6818181818181818,0.65,60,0.0,0.05,0.05,0.0,0.0
deletion,0.05,0.7,,random,0.5,46,12,False,0.2853511644010784,0.29679404146531047,0.0,0.4861111111111111,0.5098039215686274,True,True,0,5,1.0,34,16,0.68,0.6,51,0.0,0.05,0.05,0.0,0.0
deletion,0.05,0.7,,random,0.5,46,13,False,0.2890133733008088,0.29759553109898285,0.0,0.5,0.5,True,True,0,6,1.0,24,18,0.5714285714285714,0.6,38,0.0,0.05,0.05,0.0,0.0
deletion,0.05,0.7,,random,0.5,46,14,False,0.2917600299756066,0.29819664832423715,0.0,0.5,0.4956521739130435,True,True,0,7,1.0,22,15,0.5945945945945946,0.5,30,0.0,0.05,0.05,0.0,0.0
deletion,0.05,0.7,,random,0.5,46,15,False,0.28132002248170496,0.2861474862431779,0.0,0.5056179775280899,0.4918032786885246,True,True,0,8,1.0,28,14,0.6666666666666666,0.45,35,0.0,0.05,0.05,0.0,0.0
deletion,0.05,0.7,,random,0.5,46,16,False,0.26724001686127874,0.2708606146823834,0.0,0.5,0.48854961832061067,True,True,0,9,1.0,28,13,0.6829268292682927,0.55,25,0.0,0.05,0.05,0.0,0.0
deletion,0.05,0.7,,random,0.5,46,17,False,0.2691800126459591,0.2718954610117876,0.0,0.5048543689320388,0.4782608695652174,True,True,0,10,1.0,26,16,0.6190476190476191,0.4117647058823529,17,0.0,0.05,0.05,0.0,0.0
deletion,0.05,0.7,,random,0.5,46,18,False,0.2533555977197634,0.25539218399413477,0.0,0.5142857142857142,0.4647887323943662,True,True,0,11,1.0,31,17,0.6458333333333334,0.47368421052631576,19,0.0,0.05,0.05,0.0,0.0
deletion,0.05,0.7,,random,0.5,46,19,False,0.24922722460561203,0.25075466431139054,0.0,0.5267857142857143,0.4563758389261745,True,True,0,12,1.0,32,8,0.8,0.4,26,0.0,0.05,0.05,0.0,0.0
deletion,0.05,0.7,,random,0.5,46,20,False,0.23692041845420903,0.2380659982335429,0.0,0.5384615384615384,0.45098039215686275,True,True,0,13,1.0,31,5,0.8611111111111112,0.55,30,0.0,0.05,0.05,0.0,0.0
deletion,0.05,0.7,,random,0.5,46,21,False,0.24644031384065676,0.2472994986751572,0.0,0.5423728813559322,0.44516129032258067,True,True,0,14,1.0,33,11,0.75,0.6,34,0.0,0.05,0.05,0.0,0.0
deletion,0.05,0.7,,random,0.5,46,22,False,0.25983023538049255,0.2604746240063679,0.0,0.5476190476190477,0.44171779141104295,True,True,0,15,1.0,29,10,0.7435897435897436,0.4,27,0.0,0.05,0.05,0.0,0.0
deletion,0.05,0.7,,random,0.5,46,23,False,0.24487267653536943,0.24535596800477594,0.0,0.5511811023622047,0.4260355029585799,False,True,0,15,1.0,22,19,0.5365853658536586,0.55,49,0.0,0.05,0.05,0.0,0.0
deletion,0.05,0.7,,random,0.5,46,24,False,0.2524045074015271,0.252766976003582,0.0,0.556390977443609,0.43103448275862066,True,True,0,16,1.0,29,15,0.6590909090909091,0.55,36,0.0,0.05,0.05,0.0,0.0
deletion,0.05,0.7,,random,0.5,46,25,False,0.2580533805511453,0.25832523200268653,0.0,0.55,0.430939226519337,True,True,0,17,1.0,26,12,0.6842105263157895,0.4,27,0.0,0.05,0.05,0.0,0.0
deletion,0.05,0.7,,random,0.5,46,26,False,0.243540035413359,0.2437439240020149,0.0,0.547945205479452,0.43548387096774194,True,True,0,18,1.0,26,15,0.6341463414634146,0.4,32,0.0,0.05,0.05,0.0,0.0
deletion,0.05,0.7,,random,0.5,46,27,False,0.2326550265600192,0.23280794300151114,0.0,0.5620915032679739,0.422680412371134,True,True,0,19,1.0,30,9,0.7692307692307693,0.5,33,0.0,0.05,0.05,0.0,0.0
deletion,0.05,0.7,,random,0.5,46,28,False,0.23699126992001443,0.23710595725113337,0.0,0.5569620253164557,0.43,False,True,0,19,1.0,27,9,0.75,0.55,60,0.0,0.05,0.05,0.0,0.0
deletion,0.05,0.7,,random,0.5,46,29,False,0.24649345244001084,0.24657946793835003,0.0,0.5515151515151515,0.42995169082125606,True,True,0,20,1.0,26,16,0.6190476190476191,0.75,51,0.0,0.05,0.05,0.0,0.0
deletion,0.05,0.7,,random,0.5,46,30,False,0.2786200893300081,0.2786846009537625,0.0,0.5529411764705883,0.42924528301886794,False,True,0,20,1.0,28,11,0.717948717948718,0.6,79,0.0,0.05,0.05,0.0,0.0
deletion,0.05,0.7,,random,0.5,46,31,False,0.2839650669975061,0.2840134507153219,0.0,0.5459770114942529,0.42727272727272725,False,True,0,20,1.0,30,16,0.6521739130434783,0.45,109,0.0,0.05,0.05,0.0,0.0
deletion,0.05,0.7,,random,0.5,46,32,False,0.2692238002481296,0.26926008803649143,0.0,0.5567567567567567,0.42358078602620086,True,True,0,21,1.0,25,13,0.6578947368421053,0.4,70,0.0,0.05,0.05,0.0,0.0
deletion,0.05,0.7,,random,0.5,46,33,False,0.2519178501860972,0.25194506602736855,0.0,0.5578947368421052,0.4230769230769231,True,True,0,22,1.0,37,13,0.74,0.45,56,0.0,0.05,0.05,0.0,0.0
deletion,0.05,0.7,,random,0.5,46,34,False,0.24518838763957287,0.2452087995205264,0.0,0.5538461538461539,0.42677824267782427,True,True,0,23,1.0,29,8,0.7837837837837838,0.55,36,0.0,0.05,0.05,0.0,0.0
deletion,0.05,0.7,,random,0.5,46,35,False,0.25264129072967967,0.2526565996403948,0.0,0.5577889447236181,0.42213114754098363,True,True,0,24,1.0,33,12,0.7333333333333333,0.3,30,0.0,0.05,0.05,0.0,0.0
deletion,0.05,0.7,,random,0.5,46,36,False,0.22698096804725973,0.2269924497302961,0.0,0.5507246376811594,0.4302788844621514,True,True,0,25,1.0,26,9,0.7428571428571429,0.55,30,0.0,0.05,0.05,0.0,0.0
deletion,0.05,0.7,,random,0.5,46,37,False,0.23898572603544482,0.23899433729772207,0.0,0.5450236966824644,0.43529411764705883,False,True,0,25,1.0,34,8,0.8095238095238095,0.35,64,0.0,0.05,0.05,0.0,0.0
deletion,0.05,0.7,,random,0.5,46,38,False,0.22298929452658361,0.22299575297329155,0.0,0.5416666666666666,0.4351145038167939,True,True,0,26,1.0,29,13,0.6904761904761905,0.4,56,0.0,0.05,0.05,0.0,0.0
deletion,0.05,0.7,,random,0.5,46,39,False,0.21724197089493766,0.21724681472996865,0.0,0.5520361990950227,0.4307116104868914,True,True,0,27,1.0,34,11,0.7555555555555555,0.45,53,0.0,0.05,0.05,0.0,0.0
deletion,0.05,0.7,,random,0.5,47,0,False,0.0,0.0,0.0,0.0,1.0,False,True,0,0,0.1,0,0,0.0,0.0,0,0.0,0.05,0.05,0.0,0.0
deletion,0.05,0.7,,random,0.5,47,1,False,0.0,0.0,0.18181818181818182,0.18181818181818182,0.8148148148148148,False,True,0,0,0.2,4,39,0.09302325581395349,1.0,4,0.0,0.05,0.05,0.0,0.0
deletion,0.05,0.7,,random,0.5,47,2,False,0.060064935064935064,0.14772727272727273,0.1875,0.1875,0.7878787878787878,True,True,0,1,0.4,12,28,0.3,0.8,10,0.0,0.05,0.05,0.0,0.0
deletion,0.05,0.7,,random,0.5,47,3,False,0.10286120129870129,0.23423295454545456,0.2,0.23809523809523808,0.7631578947368421,False,True,0,1,0.5,23,16,0.5897435897435898,0.7,33,0.0,0.05,0.05,0.0,0.0
deletion,0.05,0.7,,random,0.5,47,4,False,0.14500304383116885,0.28817471590909094,0.0,0.21428571428571427,0.7659574468085106,True,True,0,2,0.6,17,16,0.5151515151515151,0.7,27,0.0,0.05,0.05000000000000001,6.938893903907228e-18,0.0
deletion,0.05,0.7,,random,0.5,47,5,False,0.1462522828733766,0.3036310369318182,0.0,0.2413793103448276,0.75,True,True,0,3,0.7,24,27,0.47058823529411764,0.75,21,0.0,0.05,0.05,0.0,0.0
deletion,0.05,0.7,,random,0.5,47,6,False,0.16326064072646104,0.32147327769886364,0.0,0.2702702702702703,0.7068965517241379,True,True,0,4,0.9,21,12,0.6363636363636364,0.6,21,0.0,0.05,0.05,0.0,0.0
deletion,0.05,0.7,,random,0.5,47,7,False,0.18673119483056008,0.31610495827414775,0.0,0.30952380952380953,0.6825396825396826,True,True,0,5,0.9,35,11,0.7608695652173914,0.5,33,0.0,0.05,0.05,0.0,0.0
deletion,0.05,0.7,,random,0.5,47,8,False,0.1936198246943486,0.2995787187056108,0.0,0.3076923076923077,0.684931506849315,True,True,0,6,0.9,29,9,0.7631578947368421,0.55,25,0.0,0.05,0.05,0.0,0.0
deletion,0.05,0.7,,random,0.5,47,9,False,0.2041434399493329,0.2934340390292081,0.0,0.3333333333333333,0.654320987654321,True,True,0,7,0.9,30,21,0.5882352941176471,0.45,30,0.0,0.05,0.05,0.0,0.0
deletion,0.05,0.7,,random,0.5,47,10,False,0.20132186567628538,0.2763255292719061,0.0,0.3125,0.6590909090909091,True,True,0,8,0.9,29,12,0.7073170731707317,0.5,36,0.0,0.05,0.05,0.0,0.0
deletion,0.05,0.7,,random,0.5,47,11,False,0.2045628278286426,0.26974414695392956,0.0,0.352112676056338,0.625,True,True,0,9,1.0,27,14,0.6585365853658537,0.55,31,0.0,0.05,0.05,0.0,0.0
deletion,0.05,0.7,,random,0.5,47,12,False,0.22217212087148194,0.2710581102154472,0.0,0.35526315789473684,0.6274509803921569,True,True,0,10,1.0,37,11,0.7708333333333334,0.6,37,0.0,0.05,0.05,0.0,0.0
deletion,0.05,0.7,,random,0.5,47,13,False,0.24162909065361146,0.2782935826615854,0.0,0.36585365853658536,0.6238532110091743,True,True,0,11,1.0,26,11,0.7027027027027027,0.55,22,0.0,0.05,0.05,0.0,0.0
deletion,0.05,0.7,,random,0.5,47,14,False,0.2499718179902086,0.2774701869961891,0.0,0.4044943820224719,0.5964912280701754,True,True,0,12,1.0,29,13,0.6904761904761905,0.35,28,0.0,0.05,0.05,0.0,0.0
deletion,0.05,0.7,,random,0.5,47,15,False,0.23122886349265645,0.2518526402471418,0.0,0.4148936170212766,0.5882352941176471,True,True,0,13,1.0,24,13,0.6486486486486487,0.4,24,0.0,0.05,0.05,0.0,0.0
deletion,0.05,0.7,,random,0.5,47,16,False,0.22342164761949235,0.23888948018535638,0.0,0.41836734693877553,0.5806451612903226,True,True,0,14,1.0,31,18,0.6326530612244898,0.75,28,0.0,0.05,0.05,0.0,0.0
deletion,0.05,0.7,,random,0.5,47,17,False,0.26131623571461926,0.2729171101390173,0.0,0.4205607476635514,0.5746268656716418,True,True,0,15,1.0,29,9,0.7631578947368421,0.5,31,0.0,0.05,0.05,0.0,0.0
deletion,0.05,0.7,,random,0.5,47,18,False,0.25848717678596445,0.267187832604263,0.0,0.42727272727272725,0.5652173913043478,True,True,0,16,1.0,28,16,0.6363636363636364,0.4,35,0.0,0.05,0.05,0.0,0.0
deletion,0.05,0.7,,random,0.5,47,19,False,0.24386538258947335,0.25039087445319724,0.0,0.453781512605042,0.54421768707483,True,True,0,17,1.0,26,12,0.6842105263157895,0.4,33,0.0,0.05,0.05,0.0,0.0
deletion,0.05,0.7,,random,0.5,47,20,False,0.23289903694210498,0.2377931558398979,0.0,0.464,0.538961038961039,True,True,0,18,1.0,27,13,0.675,0.55,29,0.0,0.05,0.05,0.0,0.0
deletion,0.05,0.7,,random,0.5,47,21,False,0.24342427770657873,0.24709486687992344,0.0,0.46511627906976744,0.535031847133758,False,True,0,18,1.0,22,10,0.6875,0.7,51,0.0,0.05,0.05,0.0,0.0
deletion,0.05,0.7,,random,0.5,47,22,False,0.27006820827993405,0.27282115015994257,0.0,0.48120300751879697,0.5185185185185185,True,True,0,19,1.0,25,20,0.5555555555555556,0.6,44,0.0,0.05,0.05,0.0,0.0
deletion,0.05,0.7,,random,0.5,47,23,False,0.2775511562099505,0.2796158626199569,0.0,0.4928571428571429,0.5058823529411764,True,True,0,20,1.0,25,16,0.6097560975609756,0.3,38,0.0,0.05,0.05,0.0,0.0
deletion,0.05,0.7,,random,0.5,47,24,False,0.2456633671574629,0.24721189696496768,0.0,0.4931506849315068,0.5056818181818182,True,True,0,21,1.0,29,12,0.7073170731707317,0.5,36,0.0,0.05,0.05,0.0,0.0
deletion,0.05,0.7,,random,0.5,47,25,False,0.24674752536809721,0.24790892272372575,0.0,0.5,0.4891304347826087,True,True,0,22,1.0,20,18,0.5263157894736842,0.7,34,0.0,0.05,0.05,0.0,0.0
deletion,0.05,0.7,,random,0.5,47,26,False,0.2725606440260729,0.27343169204279427,0.0,0.5064102564102564,0.48936170212765956,False,True,0,22,1.0,35,11,0.7608695652173914,0.4,69,0.0,0.05,0.05,0.0,0.0
deletion,0.05,0.7,,random,0.5,47,27,False,0.25442048301955467,0.2550737690320957,0.0,0.5063291139240507,0.484375,True,True,0,23,1.0,38,11,0.7755102040816326,0.25,52,0.0,0.05,0.05,0.0,0.0
deletion,0.05,0.7,,random,0.5,47,28,False,0.222065362264666,0.2225553267740718,0.0,0.5060975609756098,0.4824120603015075,True,True,0,24,1.0,27,12,0.6923076923076923,0.3,37,0.0,0.05,0.05,0.0,0.0
deletion,0.05,0.7,,random,0.5,47,29,False,0.2040490216984995,0.20441649508055384,0.0,0.514792899408284,0.47549019607843135,True,True,0,25,1.0,27,14,0.6585365853658537,0.5,26,0.0,0.05,0.05,0.0,0.0
deletion,0.05,0.7,,random,0.5,47,30,False,0.2155367662738746,0.2158123713104154,0.0,0.5257142857142857,0.4666666666666667,True,True,0,26,1.0,30,9,0.7692307692307693,0.6,28,0.0,0.05,0.05,0.0,0.0
deletion,0.05,0.7,,random,0.5,47,31,False,0.236652574705406,0.23685927848281152,0.0,0.5303867403314917,0.46296296296296297,False,True,0,26,1.0,33,10,0.7674418604651163,0.4,61,0.0,0.05,0.05,0.0,0.0
deletion,0.05,0.7,,random,0.5,47,32,False,0.22748943102905447,0.22764445886210866,0.0,0.532258064516129,0.46153846153846156,True,True,0,27,1.0,30,6,0.8333333333333334,0.55,43,0.0,0.05,0.05,0.0,0.0
deletion,0.05,0.7,,random,0.5,47,33,False,0.23936707327179088,0.23948334414658148,0.0,0.5368421052631579,0.4557522123893805,True,True,0,28,1.0,25,13,0.6578947368421053,0.65,32,0.0,0.05,0.05,0.0,0.0
deletion,0.05,0.7,,random,0.5,47,34,False,0.26077530495384316,0.2608625081099361,0.0,0.5357142857142857,0.45493562231759654,True,True,0,29,1.0,35,11,0.7608695652173914,0.3,35,0.0,0.05,0.05,0.0,0.0
deletion,0.05,0.7,,random,0.5,47,35,False,0.23308147871538237,0.2331468810824521,0.0,0.5339805825242718,0.4605809128630705,True,True,0,30,1.0,27,11,0.7105263157894737,0.45,36,0.0,0.05,0.05,0.0,0.0
deletion,0.05,0.7,,random,0.5,47,36,False,0.2310611090365368,0.23111016081183908,0.0,0.5355450236966824,0.45934959349593496,True,True,0,31,1.0,29,11,0.725,0.4,29,0.0,0.05,0.05,0.0,0.0
deletion,0.05,0.7,,random,0.5,47,37,False,0.22329583177740256,0.22333262060887932,0.0,0.5395348837209303,0.4523809523809524,True,True,0,32,1.0,32,13,0.7111111111111111,0.4,32,0.0,0.05,0.05,0.0,0.0
deletion,0.05,0.7,,random,0.5,47,38,False,0.21747187383305194,0.2174994654566595,0.0,0.5409090909090909,0.45136186770428016,True,True,0,33,1.0,29,12,0.7073170731707317,0.65,34,0.0,0.05,0.05,0.0,0.0
deletion,0.05,0.7,,random,0.5,47,39,False,0.24435390537478893,0.2443745990924946,0.0,0.5405405405405406,0.4482758620689655,True,True,0,34,1.0,37,14,0.7254901960784313,0.4,31,0.0,0.05,0.05,0.0,0.0
deletion,0.05,0.7,,random,0.5,48,0,False,0.0,0.0,0.0,0.0,1.0,False,True,0,0,0.0,0,0,0.0,0.0,0,0.0,0.05,0.05,0.0,0.0
deletion,0.05,0.7,,random,0.5,48,1,False,0.0,0.0,0.3333333333333333,0.3333333333333333,0.85,False,True,0,0,0.0,0,44,0.0,0.0,0,0.0,0.05,0.05,0.0,0.0
deletion,0.05,0.7,,random,0.5,48,2,False,0.08333333333333333,0.08333333333333333,0.4,0.4,0.7083333333333334,False,True,0,0,0.0,0,41,0.0,0.0,0,0.0,0.05,0.05,0.0,0.0
deletion,0.05,0.7,,random,0.5,48,3,False,0.1625,0.1625,0.5714285714285714,0.5714285714285714,0.5666666666666667,False,True,0,0,0.0,0,42,0.0,0.0,0,0.0,0.05,0.05,0.0,0.0
deletion,0.05,0.7,,random,0.5,48,4,False,0.26473214285714286,0.26473214285714286,0.6111111111111112,0.6111111111111112,0.5294117647058824,False,True,0,0,0.0,0,43,0.0,0.0,0,0.0,0.05,0.05,0.0,0.0
deletion,0.05,0.7,,random,0.5,48,5,False,0.3513268849206349,0.3513268849206349,0.6111111111111112,0.6111111111111112,0.5142857142857142,False,True,0,0,0.0,0,43,0.0,0.0,0,0.0,0.05,0.05,0.0,0.0
deletion,0.05,0.7,,random,0.5,48,6,False,0.41627294146825405,0.416272941468254,0.65,0.6666666666666666,0.4523809523809524,False,True,0,0,0.0,0,40,0.0,0.0,0,0.0,0.05,0.05,0.0,0.0
deletion,0.05,0.7,,random,0.5,48,7,False,0.47470470610119053,0.47470470610119053,0.65,0.6818181818181818,0.4222222222222222,False,True,0,0,0.1,0,48,0.0,0.0,0,0.0,0.05,0.05,0.0,0.0
deletion,0.05,0.7,,random,0.5,48,8,False,0.5185285295758929,0.5185285295758929,0.5,0.6296296296296297,0.44,True,True,0,1,0.3,6,31,0.16216216216216217,0.2,5,0.0,0.05,0.05000000000000001,6.938893903907228e-18,0.0
deletion,0.05,0.7,,random,0.5,48,9,False,0.503182111467634,0.5138963971819197,0.5,0.6551724137931034,0.41509433962264153,True,True,0,2,0.4,16,28,0.36363636363636365,0.8181818181818182,11,0.0,0.05,0.05,0.0,0.0
deletion,0.05,0.7,,random,0.5,48,10,False,0.51943203814618,0.5501950251591671,0.35,0.6176470588235294,0.4406779661016949,True,True,0,3,0.5,15,23,0.39473684210526316,0.6363636363636364,11,0.0,0.05,0.05,0.0,0.0
deletion,0.05,0.7,,random,0.5,48,11,False,0.49752857406418055,0.5359417234148298,0.3,0.631578947368421,0.4090909090909091,True,True,0,4,0.6,14,22,0.3888888888888889,0.75,12,0.0,0.05,0.05000000000000001,6.938893903907228e-18,0.0
deletion,0.05,0.7,,random,0.5,48,12,False,0.4802892876909926,0.5332062925611224,0.2,0.6444444444444445,0.4189189189189189,True,True,0,5,0.7,23,24,0.48936170212765956,0.85,20,0.0,0.05,0.05,0.0,0.0
deletion,0.05,0.7,,random,0.5,48,13,False,0.4682526800539587,0.5311547194208418,0.2,0.6666666666666666,0.3974358974358974,True,True,0,6,0.7,23,22,0.5111111111111111,0.65,23,0.0,0.05,0.05,0.0,0.0
deletion,0.05,0.7,,random,0.5,48,14,False,0.4413680814690405,0.5046160395656314,0.15,0.6666666666666666,0.39759036144578314,True,True,0,7,0.8,22,24,0.4782608695652174,0.7,22,0.0,0.05,0.05,0.0,0.0
deletion,0.05,0.7,,random,0.5,48,15,False,0.42745463253035176,0.48471202967422355,0.1,0.6666666666666666,0.38636363636363635,True,True,0,8,0.9,35,22,0.6140350877192983,0.55,31,0.0,0.05,0.05,0.0,0.0
deletion,0.05,0.7,,random,0.5,48,16,False,0.4018409743977638,0.44478402225566765,0.05,0.6779661016949152,0.3723404255319149,True,True,0,9,0.9,35,12,0.7446808510638298,0.7,32,0.0,0.05,0.05,0.0,0.0
deletion,0.05,0.7,,random,0.5,48,17,False,0.39513073079832284,0.42733801669175075,0.0,0.676923076923077,0.37,False,True,0,9,0.9,27,13,0.675,0.4,59,0.0,0.05,0.05,0.0,0.0
deletion,0.05,0.7,,random,0.5,48,18,False,0.34634804809874215,0.370503512518813,0.0,0.6619718309859155,0.38095238095238093,True,True,0,10,0.9,37,9,0.8043478260869565,0.75,47,0.0,0.05,0.05,0.0,0.0
deletion,0.05,0.7,,random,0.5,48,19,False,0.35351103607405665,0.3716276343891098,0.0,0.6533333333333333,0.3853211009174312,True,True,0,11,0.9,22,13,0.6285714285714286,0.7,34,0.0,0.05,0.05,0.0,0.0
deletion,0.05,0.7,,random,0.5,48,20,False,0.3526332770555424,0.3662207257918323,0.0,0.6410256410256411,0.39473684210526316,True,True,0,12,0.9,21,19,0.525,0.6,21,0.0,0.05,0.05,0.0,0.0
deletion,0.05,0.7,,random,0.5,48,21,False,0.3394749577916568,0.34966554434387426,0.0,0.6341463414634146,0.3898305084745763,True,True,0,13,0.9,24,12,0.6666666666666666,0.55,25,0.0,0.05,0.05,0.0,0.0
deletion,0.05,0.7,,random,0.5,48,22,False,0.3233562183437427,0.3309991582579057,0.0,0.6136363636363636,0.4,True,True,0,14,1.0,22,18,0.55,0.3333333333333333,18,0.0,0.05,0.05,0.0,0.0
deletion,0.05,0.7,,random,0.5,48,23,False,0.28418383042447365,0.28991603536009597,0.0,0.6129032258064516,0.40310077519379844,True,True,0,15,1.0,37,12,0.7551020408163265,0.5,28,0.0,0.05,0.05,0.0,0.0
deletion,0.05,0.7,,random,0.5,48,24,False,0.2756378728183552,0.27993702652007196,0.0,0.6145833333333334,0.3925925925925926,True,True,0,16,1.0,26,13,0.6666666666666666,0.5,29,0.0,0.05,0.05,0.0,0.0
deletion,0.05,0.7,,random,0.5,48,25,False,0.2692284046137664,0.27245276989005396,0.0,0.6078431372549019,0.41007194244604317,True,True,0,17,1.0,20,14,0.5882352941176471,0.6,27,0.0,0.05,0.05,0.0,0.0
deletion,0.05,0.7,,random,0.5,48,26,False,0.2769213034603248,0.27933957741754045,0.0,0.5981308411214953,0.40816326530612246,True,True,0,18,1.0,33,10,0.7674418604651163,0.3,33,0.0,0.05,0.05,0.0,0.0
deletion,0.05,0.7,,random,0.5,48,27,False,0.24519097759524364,0.24700468306315534,0.0,0.6106194690265486,0.40131578947368424,True,True,0,19,1.0,20,24,0.45454545454545453,0.35,23,0.0,0.05,0.05,0.0,0.0
deletion,0.05,0.7,,random,0.5,48,28,False,0.2276432331964327,0.22900351229736648,0.0,0.6239316239316239,0.3885350318471338,True,True,0,20,1.0,33,12,0.7333333333333333,0.3,31,0.0,0.05,0.05,0.0,0.0
deletion,0.05,0.7,,random,0.5,48,29,False,0.20823242489732455,0.20925263422302487,0.0,0.6229508196721312,0.3772455089820359,False,True,0,20,1.0,24,12,0.6666666666666666,0.35,55,0.0,0.05,0.05,0.0,0.0
deletion,0.05,0.7,,random,0.5,48,30,False,0.1999243186729934,0.20068947566726864,0.0,0.6287878787878788,0.38372093023255816,True,True,0,21,1.0,29,10,0.7435897435897436,0.4,36,0.0,0.05,0.05,0.0,0.0
deletion,0.05,0.7,,random,0.5,48,31,False,0.19994323900474506,0.20051710675045148,0.0,0.6176470588235294,0.3898305084745763,True,True,0,22,1.0,33,15,0.6875,0.25,43,0.0,0.05,0.05,0.0,0.0
deletion,0.05,0.7,,random,0.5,48,32,False,0.1812074292535588,0.18163783006283862,0.0,0.6071428571428571,0.39344262295081966,True,True,0,23,1.0,26,12,0.6842105263157895,0.3,38,0.0,0.05,0.05,0.0,0.0
deletion,0.05,0.7,,random,0.5,48,33,False,0.1734055719401691,0.17372837254712897,0.0,0.6027397260273972,0.39473684210526316,True,True,0,24,1.0,35,12,0.7446808510638298,0.3,29,0.0,0.05,0.05,0.0,0.0
deletion,0.05,0.7,,random,0.5,48,34,False,0.16755417895512684,0.16779627941034672,0.0,0.6052631578947368,0.39285714285714285,True,True,0,25,1.0,26,13,0.6666666666666666,0.2,24,0.0,0.05,0.05,0.0,0.0
deletion,0.05,0.7,,random,0.5,48,35,False,0.1506656342163451,0.15084720955776004,0.0,0.6089743589743589,0.39195979899497485,True,True,0,26,1.0,24,11,0.6857142857142857,0.4,23,0.0,0.05,0.05,0.0,0.0
deletion,0.05,0.7,,random,0.5,48,36,False,0.16299922566225883,0.16313540716832003,0.0,0.5974842767295597,0.39705882352941174,True,True,0,27,1.0,32,10,0.7619047619047619,0.65,25,0.0,0.05,0.05,0.0,0.0
deletion,0.05,0.7,,random,0.5,48,37,False,0.20349941924669412,0.20360155537624003,0.0,0.608433734939759,0.3923444976076555,False,True,0,27,1.0,28,12,0.7,0.6,53,0.0,0.05,0.05,0.0,0.0
deletion,0.05,0.7,,random,0.5,48,38,False,0.2276245644350206,0.22770116653218003,0.0,0.611764705882353,0.3878504672897196,True,True,0,28,1.0,37,13,0.74,0.45,45,0.0,0.05,0.05,0.0,0.0
deletion,0.05,0.7,,random,0.5,48,39,False,0.22696842332626543,0.22702587489913503,0.0,0.6171428571428571,0.3853211009174312,True,True,0,29,1.0,32,13,0.7111111111111111,0.55,39,0.0,0.05,0.05,0.0,0.0
deletion,0.05,0.7,,random,0.5,49,0,False,0.0,0.0,0.0,0.0,1.0,False,True,0,0,0.1,0,0,0.0,0.0,0,0.0,0.05,0.05,0.0,0.0
deletion,0.05,0.7,,random,0.5,49,1,False,0.0,0.0,0.16666666666666666,0.16666666666666666,0.8076923076923077,False,True,0,0,0.2,4,42,0.08695652173913043,1.0,4,0.0,0.05,0.05,0.0,0.0
deletion,0.05,0.7,,random,0.5,49,2,False,0.05654761904761905,0.14583333333333334,0.2222222222222222,0.2222222222222222,0.696969696969697,False,True,0,0,0.2,14,30,0.3181818181818182,0.6111111111111112,18,0.0,0.05,0.05,0.0,0.0
deletion,0.05,0.7,,random,0.5,49,3,False,0.10491071428571429,0.21354166666666669,0.3,0.3,0.675,False,True,0,0,0.2,3,37,0.075,0.65,21,0.0,0.05,0.05,0.0,0.0
deletion,0.05,0.7,,random,0.5,49,4,False,0.1599330357142857,0.27890625,0.46153846153846156,0.46153846153846156,0.6041666666666666,True,True,0,1,0.3,7,31,0.18421052631578946,0.8125,16,0.0,0.05,0.05000000000000001,6.938893903907228e-18,0.0
deletion,0.05,0.7,,random,0.5,49,5,False,0.2478687328296703,0.36843449519230775,0.5,0.5,0.5925925925925926,True,True,0,2,0.3,11,30,0.2682926829268293,0.7272727272727273,11,0.0,0.05,0.05000000000000001,6.938893903907228e-18,0.0
deletion,0.05,0.7,,random,0.5,49,6,False,0.3190184327391359,0.42973496230332175,0.5,0.5,0.5892857142857143,True,True,0,3,0.4,10,38,0.20833333333333334,0.7,10,0.0,0.05,0.05,0.0,0.0
deletion,0.05,0.7,,random,0.5,49,7,False,0.37497811026863764,0.47230122172749134,0.5,0.5,0.55,False,True,0,3,0.5,12,40,0.23076923076923078,0.75,22,0.0,0.05,0.05,0.0,0.0
deletion,0.05,0.7,,random,0.5,49,8,False,0.41962643984433534,0.5104759162956185,0.45,0.5,0.5373134328358209,True,True,0,4,0.6,11,35,0.2391304347826087,0.6428571428571429,14,0.0,0.05,0.05000000000000001,6.938893903907228e-18,0.0
deletion,0.05,0.7,,random,0.5,49,9,False,0.44099534008733315,0.5194640800788568,0.4,0.52,0.5,True,True,0,5,0.7,14,31,0.3111111111111111,0.6875,16,0.0,0.05,0.05,0.0,0.0
deletion,0.05,0.7,,random,0.5,49,10,False,0.4564161479226427,0.5255355600591426,0.35,0.5666666666666667,0.4810126582278481,True,True,0,6,0.7,17,27,0.38636363636363635,0.6153846153846154,13,0.0,0.05,0.05,0.0,0.0
deletion,0.05,0.7,,random,0.5,49,11,False,0.45350716588703704,0.5148247469674339,0.3,0.5625,0.47560975609756095,True,True,0,7,0.9,19,26,0.4222222222222222,0.5294117647058824,17,0.0,0.05,0.05,0.0,0.0
deletion,0.05,0.7,,random,0.5,49,12,False,0.44380684500351303,0.4897950308138107,0.3,0.6,0.4482758620689655,True,True,0,8,0.9,25,22,0.5319148936170213,0.5,23,0.0,0.05,0.05,0.0,0.0
deletion,0.05,0.7,,random,0.5,49,13,False,0.4328551337526348,0.46734627311035803,0.25,0.6097560975609756,0.43617021276595747,False,True,0,8,0.9,20,19,0.5128205128205128,0.45,43,0.0,0.05,0.05,0.0,0.0
deletion,0.05,0.7,,random,0.5,49,14,False,0.4121413503144761,0.4380097048327686,0.2,0.6222222222222222,0.42,True,True,0,9,0.9,25,22,0.5319148936170213,0.4,34,0.0,0.05,0.05,0.0,0.0
deletion,0.05,0.7,,random,0.5,49,15,False,0.38410601273585704,0.4035072786245764,0.2,0.6530612244897959,0.39622641509433965,False,True,0,9,0.9,25,24,0.5102040816326531,0.35,59,0.0,0.05,0.05,0.0,0.0
deletion,0.05,0.7,,random,0.5,49,16,False,0.3568295095518928,0.3713804589684323,0.15,0.6727272727272727,0.3805309734513274,True,True,0,10,0.9,20,21,0.4878048780487805,0.3,35,0.0,0.05,0.05,0.0,0.0
deletion,0.05,0.7,,random,0.5,49,17,False,0.3238721321639196,0.3347853442263242,0.15,0.6842105263157895,0.36752136752136755,True,True,0,11,0.9,26,19,0.5777777777777777,0.4,25,0.0,0.05,0.05,0.0,0.0
deletion,0.05,0.7,,random,0.5,49,18,False,0.3116540991229397,0.3198390081697432,0.15,0.7,0.34959349593495936,True,True,0,12,0.9,22,21,0.5116279069767442,0.5,20,0.0,0.05,0.05,0.0,0.0
deletion,0.05,0.7,,random,0.5,49,19,False,0.3149905743422048,0.3211292561273074,0.05,0.696969696969697,0.3543307086614173,True,True,0,13,1.0,26,16,0.6190476190476191,0.5,23,0.0,0.05,0.05,0.0,0.0
deletion,0.05,0.7,,random,0.5,49,20,False,0.30499293075665357,0.3095969420954806,0.0,0.7,0.3511450381679389,True,True,0,14,1.0,27,15,0.6428571428571429,0.55,26,0.0,0.05,0.05,0.0,0.0
deletion,0.05,0.7,,random,0.5,49,21,False,0.29749469806749024,0.30094770657161046,0.0,0.7105263157894737,0.34306569343065696,False,True,0,14,1.0,24,10,0.7058823529411765,0.6,50,0.0,0.05,0.05,0.0,0.0
deletion,0.05,0.7,,random,0.5,49,22,False,0.29812102355061765,0.30071077992870787,0.0,0.7037037037037037,0.34265734265734266,True,True,0,15,1.0,28,14,0.6666666666666666,0.65,42,0.0,0.05,0.05,0.0,0.0
deletion,0.05,0.7,,random,0.5,49,23,False,0.30484076766296325,0.3067830849465309,0.0,0.7058823529411765,0.3401360544217687,True,True,0,16,1.0,34,9,0.7906976744186046,0.55,30,0.0,0.05,0.05,0.0,0.0
deletion,0.05,0.7,,random,0.5,49,24,False,0.29738057574722243,0.2988373137098982,0.0,0.6931818181818182,0.34210526315789475,True,True,0,17,1.0,31,10,0.7560975609756098,0.7,31,0.0,0.05,0.05,0.0,0.0
deletion,0.05,0.7,,random,0.5,49,25,False,0.3105354318104169,0.31162798528242364,0.0,0.6666666666666666,0.35625,True,True,0,18,1.0,24,15,0.6153846153846154,0.5,29,0.0,0.05,0.05,0.0,0.0
deletion,0.05,0.7,,random,0.5,49,26,False,0.29540157385781257,0.2962209889618177,0.0,0.6767676767676768,0.35185185185185186,True,True,0,19,1.0,37,9,0.8043478260869565,0.4,35,0.0,0.05,0.05,0.0,0.0
deletion,0.05,0.7,,random,0.5,49,27,False,0.27155118039335946,0.27216574172136326,0.0,0.6601941747572816,0.3592814371257485,True,True,0,20,1.0,31,12,0.7209302325581395,0.45,26,0.0,0.05,0.05,0.0,0.0
deletion,0.05,0.7,,random,0.5,49,28,False,0.2599133852950196,0.2603743062910225,0.0,0.6574074074074074,0.3583815028901734,False,True,0,20,1.0,31,14,0.6888888888888889,0.45,57,0.0,0.05,0.05,0.0,0.0
deletion,0.05,0.7,,random,0.5,49,29,False,0.25118503897126476,0.2515307297182669,0.0,0.6578947368421053,0.35555555555555557,True,True,0,21,1.0,27,12,0.6923076923076923,0.55,47,0.0,0.05,0.05,0.0,0.0
deletion,0.05,0.7,,random,0.5,49,30,False,0.2571387792284486,0.2573980472887002,0.0,0.6528925619834711,0.3582887700534759,True,True,0,22,1.0,27,12,0.6923076923076923,0.45,38,0.0,0.05,0.05,0.0,0.0
deletion,0.05,0.7,,random,0.5,49,31,False,0.2491040844213364,0.24929853546652514,0.0,0.6307692307692307,0.37244897959183676,True,True,0,23,1.0,24,14,0.631578947368421,0.5,33,0.0,0.05,0.05,0.0,0.0
deletion,0.05,0.7,,random,0.5,49,32,False,0.2493280633160023,0.24947390159989385,0.0,0.6343283582089553,0.36633663366336633,True,True,0,24,1.0,32,16,0.6666666666666666,0.55,35,0.0,0.05,0.05,0.0,0.0
deletion,0.05,0.7,,random,0.5,49,33,False,0.25574604748700175,0.2558554261999204,0.0,0.6258992805755396,0.3701923076923077,True,True,0,25,1.0,30,12,0.7142857142857143,0.75,29,0.0,0.05,0.05,0.0,0.0
deletion,0.05,0.7,,random,0.5,49,34,False,0.2855595356152513,0.2856415696499403,0.0,0.6133333333333333,0.3789954337899543,False,True,0,25,1.0,32,6,0.8421052631578947,0.45,61,0.0,0.05,0.05,0.0,0.0
deletion,0.05,0.7,,random,0.5,49,35,False,0.2704196517114385,0.27048117723745524,0.0,0.6103896103896104,0.3811659192825112,False,True,0,25,1.0,29,15,0.6590909090909091,0.45,90,0.0,0.05,0.05,0.0,0.0
deletion,0.05,0.7,,random,0.5,49,36,False,0.2590647387835789,0.2591108829280914,0.0,0.6226415094339622,0.37280701754385964,True,True,0,26,1.0,27,12,0.6923076923076923,0.7,56,0.0,0.05,0.05,0.0,0.0
deletion,0.05,0.7,,random,0.5,49,37,False,0.2817985540876841,0.2818331621960686,0.0,0.6172839506172839,0.37662337662337664,True,True,0,27,1.0,26,14,0.65,0.65,37,0.0,0.05,0.05,0.0,0.0
deletion,0.05,0.7,,random,0.5,49,38,False,0.2925989155657631,0.2926248716470514,0.0,0.6167664670658682,0.37815126050420167,True,True,0,28,1.0,35,14,0.7142857142857143,0.45,39,0.0,0.05,0.05,0.0,0.0
deletion,0.05,0.7,,random,0.5,49,39,False,0.27569918667432236,0.2757186537352886,0.0,0.6176470588235294,0.3786008230452675,True,True,0,29,1.0,31,15,0.6739130434782609,0.55,37,0.0,0.05,0.05,0.0,0.0
deletion,0.05,0.7,,random,0.5,50,0,False,0.0,0.0,0.0,0.0,1.0,False,True,0,0,0.0,0,0,0.0,0.0,0,0.0,0.05,0.05,0.0,0.0
deletion,0.05,0.7,,random,0.5,50,1,False,0.0,0.0,0.21052631578947367,0.21052631578947367,0.8214285714285714,False,True,0,0,0.1,0,42,0.0,0.0,0,0.0,0.05,0.05,0.0,0.0
deletion,0.05,0.7,,random,0.5,50,2,False,0.05263157894736842,0.05263157894736842,0.25,0.34782608695652173,0.7058823529411765,False,True,0,0,0.1,2,44,0.043478260869565216,0.0,2,0.0,0.05,0.05,0.0,0.0
deletion,0.05,0.7,,random,0.5,50,3,False,0.0975093984962406,0.10197368421052631,0.25,0.4,0.6486486486486487,False,True,0,0,0.3,0,43,0.0,0.0,2,0.0,0.05,0.05000000000000001,6.938893903907228e-18,0.0
deletion,0.05,0.7,,random,0.5,50,4,False,0.12670347744360902,0.13898026315789475,0.15,0.43333333333333335,0.627906976744186,True,True,0,1,0.4,9,30,0.23076923076923078,0.7142857142857143,7,0.0,0.05,0.05,0.0,0.0
deletion,0.05,0.7,,random,0.5,50,5,False,0.16275719991944146,0.21227091165413536,0.05,0.42424242424242425,0.6086956521739131,True,True,0,2,0.4,15,33,0.3125,0.6,10,0.0,0.05,0.05,0.0,0.0
deletion,0.05,0.7,,random,0.5,50,6,False,0.16403218565386682,0.24045318374060154,0.05,0.4117647058823529,0.6122448979591837,True,True,0,3,0.4,11,33,0.25,0.5555555555555556,9,0.0,0.05,0.05,0.0,0.0
deletion,0.05,0.7,,random,0.5,50,7,False,0.16260747257373342,0.2560343322498956,0.05,0.45,0.5818181818181818,False,True,0,3,0.5,10,24,0.29411764705882354,0.631578947368421,19,0.0,0.05,0.05,0.0,0.0
deletion,0.05,0.7,,random,0.5,50,8,False,0.17599695781375874,0.2772231176084743,0.0,0.4772727272727273,0.5409836065573771,False,True,0,3,0.7,12,31,0.27906976744186046,0.5,31,0.0,0.05,0.05,0.0,0.0
deletion,0.05,0.7,,random,0.5,50,9,False,0.17664057550317616,0.2704173382063557,0.0,0.52,0.5,True,True,0,4,0.7,19,20,0.48717948717948717,0.55,23,0.0,0.05,0.05,0.0,0.0
deletion,0.05,0.7,,random,0.5,50,10,False,0.181587574484525,0.2715630036547668,0.0,0.49056603773584906,0.5066666666666667,False,True,0,4,0.9,20,28,0.4166666666666667,0.6,43,0.0,0.05,0.05,0.0,0.0
deletion,0.05,0.7,,random,0.5,50,11,False,0.20047639514910803,0.2786722527410751,0.0,0.48333333333333334,0.5121951219512195,True,True,0,5,1.0,24,17,0.5853658536585366,0.6,38,0.0,0.05,0.05,0.0,0.0
deletion,0.05,0.7,,random,0.5,50,12,False,0.22535729636183102,0.2840041895558063,0.0,0.4626865671641791,0.5222222222222223,False,True,0,5,1.0,30,6,0.8333333333333334,0.45,68,0.0,0.05,0.05,0.0,0.0
deletion,0.05,0.7,,random,0.5,50,13,False,0.22526797227137327,0.26925314216685475,0.0,0.4794520547945205,0.5104166666666666,True,True,0,6,1.0,26,13,0.6666666666666666,0.35,38,0.0,0.05,0.05,0.0,0.0
deletion,0.05,0.7,,random,0.5,50,14,False,0.21270097920352996,0.2456898566251411,0.0,0.46835443037974683,0.5196078431372549,True,True,0,7,1.0,27,12,0.6923076923076923,0.6,32,0.0,0.05,0.05,0.0,0.0
deletion,0.05,0.7,,random,0.5,50,15,False,0.23452573440264748,0.25926739246885583,0.0,0.4819277108433735,0.5092592592592593,False,True,0,7,1.0,26,15,0.6341463414634146,0.45,58,0.0,0.05,0.05,0.0,0.0
deletion,0.05,0.7,,random,0.5,50,16,False,0.23214430080198561,0.2507005443516419,0.0,0.48863636363636365,0.5,True,True,0,8,1.0,34,12,0.7391304347826086,0.5,47,0.0,0.05,0.05,0.0,0.0
deletion,0.05,0.7,,random,0.5,50,17,False,0.23660822560148922,0.25052540826373143,0.0,0.5157894736842106,0.4793388429752066,True,True,0,9,1.0,30,11,0.7317073170731707,0.5,36,0.0,0.05,0.05,0.0,0.0
deletion,0.05,0.7,,random,0.5,50,18,False,0.23995616920111693,0.2503940561977986,0.0,0.5306122448979592,0.4603174603174603,False,True,0,9,1.0,25,16,0.6097560975609756,0.45,61,0.0,0.05,0.05,0.0,0.0
deletion,0.05,0.7,,random,0.5,50,19,False,0.23621712690083768,0.24404554214834892,0.0,0.5370370370370371,0.45925925925925926,True,True,0,10,1.0,27,9,0.75,0.55,47,0.0,0.05,0.05,0.0,0.0
deletion,0.05,0.7,,random,0.5,50,20,False,0.24591284517562825,0.2517841566112617,0.0,0.5614035087719298,0.43661971830985913,True,True,0,11,1.0,32,12,0.7272727272727273,0.45,37,0.0,0.05,0.05,0.0,0.0
deletion,0.05,0.7,,random,0.5,50,21,False,0.24068463388172118,0.24508811745844625,0.0,0.5546218487394958,0.4421768707482993,True,True,0,12,1.0,30,8,0.7894736842105263,0.3,31,0.0,0.05,0.05,0.0,0.0
deletion,0.05,0.7,,random,0.5,50,22,False,0.21801347541129087,0.22131608809383468,0.0,0.56,0.43506493506493504,True,True,0,13,1.0,23,11,0.6764705882352942,0.5,26,0.0,0.05,0.05,0.0,0.0
deletion,0.05,0.7,,random,0.5,50,23,False,0.22601010655846815,0.228487066070376,0.0,0.5681818181818182,0.42592592592592593,False,True,0,13,1.0,35,11,0.7608695652173914,0.25,61,0.0,0.05,0.05,0.0,0.0
deletion,0.05,0.7,,random,0.5,50,24,False,0.20075757991885115,0.202615299552782,0.0,0.5703703703703704,0.42168674698795183,True,True,0,14,1.0,30,11,0.7317073170731707,0.5,48,0.0,0.05,0.05,0.0,0.0
deletion,0.05,0.7,,random,0.5,50,25,False,0.21306818493913834,0.2144614746645865,0.0,0.5602836879432624,0.4277456647398844,False,True,0,14,1.0,25,20,0.5555555555555556,0.45,73,0.0,0.05,0.05,0.0,0.0
deletion,0.05,0.7,,random,0.5,50,26,False,0.21605113870435375,0.21709610599843987,0.0,0.5616438356164384,0.4245810055865922,True,True,0,15,1.0,27,11,0.7105263157894737,0.6,49,0.0,0.05,0.05,0.0,0.0
deletion,0.05,0.7,,random,0.5,50,27,False,0.2370383540282653,0.23782207949882989,0.0,0.5592105263157895,0.42702702702702705,True,True,0,16,1.0,32,13,0.7111111111111111,0.45,40,0.0,0.05,0.05,0.0,0.0
deletion,0.05,0.7,,random,0.5,50,28,False,0.23402876552119897,0.2346165596241224,0.0,0.569620253164557,0.418848167539267,True,True,0,17,1.0,24,20,0.5454545454545454,0.4,35,0.0,0.05,0.05,0.0,0.0
deletion,0.05,0.7,,random,0.5,50,29,False,0.2255215741408992,0.22596241971809178,0.0,0.572289156626506,0.415,True,True,0,18,1.0,28,9,0.7567567567567568,0.3,28,0.0,0.05,0.05,0.0,0.0
deletion,0.05,0.7,,random,0.5,50,30,False,0.20664118060567443,0.20697181478856883,0.0,0.5722543352601156,0.4174757281553398,False,True,0,18,1.0,26,13,0.6666666666666666,0.45,54,0.0,0.05,0.05,0.0,0.0
deletion,0.05,0.7,,random,0.5,50,31,False,0.2112308854542558,0.2114788610914266,0.0,0.5706214689265536,0.41509433962264153,True,True,0,19,1.0,29,17,0.6304347826086957,0.6,46,0.0,0.05,0.05,0.0,0.0
deletion,0.05,0.7,,random,0.5,50,32,False,0.23342316409069186,0.23360914581856995,0.0,0.5769230769230769,0.41013824884792627,True,True,0,20,1.0,24,21,0.5333333333333333,0.75,34,0.0,0.05,0.05,0.0,0.0
deletion,0.05,0.7,,random,0.5,50,33,False,0.2688173730680189,0.26895685936392744,0.0,0.574468085106383,0.41517857142857145,True,True,0,21,1.0,28,16,0.6363636363636364,0.6,27,0.0,0.05,0.05,0.0,0.0
deletion,0.05,0.7,,random,0.5,50,34,False,0.2766130298010142,0.27671764452294556,0.0,0.5743589743589743,0.4155844155844156,True,True,0,22,1.0,29,12,0.7073170731707317,0.5,28,0.0,0.05,0.05,0.0,0.0
deletion,0.05,0.7,,random,0.5,50,35,False,0.26995977235076063,0.27003823339220917,0.0,0.572139303482587,0.41596638655462187,True,True,0,23,1.0,30,12,0.7142857142857143,0.45,31,0.0,0.05,0.05,0.0,0.0
deletion,0.05,0.7,,random,0.5,50,36,False,0.25871982926307047,0.2587786750441569,0.0,0.5631067961165048,0.42386831275720166,True,True,0,24,1.0,21,14,0.6,0.35,24,0.0,0.05,0.05,0.0,0.0
deletion,0.05,0.7,,random,0.5,50,37,False,0.23778987194730286,0.23783400628311768,0.0,0.5654205607476636,0.4189723320158103,False,True,0,24,1.0,27,11,0.7105263157894737,0.55,51,0.0,0.05,0.05,0.0,0.0
deletion,0.05,0.7,,random,0.5,50,38,False,0.24709240396047716,0.24712550471233827,0.0,0.5636363636363636,0.42084942084942084,False,True,0,24,1.0,32,13,0.7111111111111111,0.3,83,0.0,0.05,0.05,0.0,0.0
deletion,0.05,0.7,,random,0.5,50,39,False,0.22281930297035787,0.2228441285342537,0.0,0.56,0.42424242424242425,True,True,0,25,1.0,30,15,0.6666666666666666,0.5,61,0.0,0.05,0.05,0.0,0.0
deletion,0.05,0.7,,random,0.5,51,0,False,0.0,0.0,0.0,0.0,1.0,False,True,0,0,0.0,0,0,0.0,0.0,0,0.0,0.05,0.05,0.0,0.0
deletion,0.05,0.7,,random,0.5,51,1,False,0.0,0.0,0.14285714285714285,0.14285714285714285,0.8709677419354839,False,True,0,0,0.2,0,45,0.0,0.0,0,0.0,0.05,0.05,0.0,0.0
deletion,0.05,0.7,,random,0.5,51,2,False,0.03571428571428571,0.03571428571428571,0.2777777777777778,0.2777777777777778,0.7777777777777778,False,True,0,0,0.3,4,34,0.10526315789473684,0.0,4,0.0,0.05,0.05000000000000001,6.938893903907228e-18,0.0
deletion,0.05,0.7,,random,0.5,51,3,False,0.08630952380952382,0.09623015873015874,0.2,0.3333333333333333,0.7209302325581395,True,True,0,1,0.4,11,33,0.25,0.42857142857142855,7,0.0,0.05,0.05,0.0,0.0
deletion,0.05,0.7,,random,0.5,51,4,False,0.12697704081632652,0.15074404761904764,0.05,0.36666666666666664,0.6938775510204082,True,True,0,2,0.5,13,29,0.30952380952380953,0.5,12,0.0,0.05,0.05,0.0,0.0
deletion,0.05,0.7,,random,0.5,51,5,False,0.13987563775510206,0.18180803571428572,0.0,0.375,0.6666666666666666,True,True,0,3,0.6,14,25,0.358974358974359,0.6923076923076923,13,0.0,0.05,0.05000000000000001,6.938893903907228e-18,0.0
deletion,0.05,0.7,,random,0.5,51,6,False,0.16671991512951334,0.22289448832417583,0.0,0.42857142857142855,0.6206896551724138,False,True,0,3,0.6,25,20,0.5555555555555556,0.45,38,0.0,0.05,0.05000000000000001,6.938893903907228e-18,0.0
deletion,0.05,0.7,,random,0.5,51,7,False,0.16521850777570643,0.22342086624313187,0.0,0.40476190476190477,0.6212121212121212,True,True,0,4,0.6,18,18,0.5,0.5,33,0.0,0.05,0.05000000000000001,6.938893903907228e-18,0.0
deletion,0.05,0.7,,random,0.5,51,8,False,0.16855673797463697,0.2300656496823489,0.0,0.46,0.5733333333333334,False,True,0,4,0.6,19,15,0.5588235294117647,0.45,52,0.0,0.05,0.05000000000000001,6.938893903907228e-18,0.0
deletion,0.05,0.7,,random,0.5,51,9,False,0.16659612490954914,0.22879923726176168,0.0,0.4827586206896552,0.5542168674698795,False,True,0,4,0.7,16,22,0.42105263157894735,0.2,68,0.0,0.05,0.05,0.0,0.0
deletion,0.05,0.7,,random,0.5,51,10,False,0.1428042365393047,0.19659942794632126,0.0,0.5,0.5340909090909091,True,True,0,5,0.7,17,23,0.425,0.35,47,0.0,0.05,0.05,0.0,0.0
deletion,0.05,0.7,,random,0.5,51,11,False,0.13835317740447853,0.19119957095974094,0.0,0.5070422535211268,0.5306122448979592,True,True,0,6,0.7,20,17,0.5405405405405406,0.5,28,0.0,0.05,0.05,0.0,0.0
deletion,0.05,0.7,,random,0.5,51,12,False,0.14840774019621605,0.2058996782198057,0.0,0.5,0.5277777777777778,True,True,0,7,0.8,18,11,0.6206896551724138,0.5,28,0.0,0.05,0.05,0.0,0.0
deletion,0.05,0.7,,random,0.5,51,13,False,0.16487723371859062,0.21692475866485428,0.0,0.5113636363636364,0.5130434782608696,True,True,0,8,0.9,17,21,0.4473684210526316,0.4,21,0.0,0.05,0.05,0.0,0.0
deletion,0.05,0.7,,random,0.5,51,14,False,0.16651506814608583,0.21269356899864073,0.0,0.5108695652173914,0.512396694214876,False,True,0,8,0.9,26,13,0.6666666666666666,0.55,47,0.0,0.05,0.05,0.0,0.0
deletion,0.05,0.7,,random,0.5,51,15,False,0.1838148725381358,0.22827017674898056,0.0,0.5051546391752577,0.5116279069767442,False,True,0,8,0.9,20,20,0.5,0.45,67,0.0,0.05,0.05,0.0,0.0
deletion,0.05,0.7,,random,0.5,51,16,False,0.18607544011788754,0.22745263256173542,0.0,0.5047619047619047,0.5111111111111111,True,True,0,9,0.9,27,12,0.6923076923076923,0.75,48,0.0,0.05,0.05,0.0,0.0
deletion,0.05,0.7,,random,0.5,51,17,False,0.21991372294555853,0.26433947442130157,0.0,0.504424778761062,0.5104895104895105,True,True,0,10,0.9,22,19,0.5365853658536586,0.6,41,0.0,0.05,0.05,0.0,0.0
deletion,0.05,0.7,,random,0.5,51,18,False,0.22922100649488317,0.27325460581597616,0.0,0.49586776859504134,0.5131578947368421,True,True,0,11,0.9,33,10,0.7674418604651163,0.5,47,0.0,0.05,0.05,0.0,0.0
deletion,0.05,0.7,,random,0.5,51,19,False,0.22548718344259094,0.2674409543619821,0.0,0.5,0.5093167701863354,True,True,0,12,0.9,27,9,0.75,0.4,37,0.0,0.05,0.05,0.0,0.0
deletion,0.05,0.7,,random,0.5,51,20,False,0.21197253043908607,0.2505807157714866,0.0,0.5,0.5089820359281437,False,True,0,12,1.0,34,9,0.7906976744186046,0.5,71,0.0,0.05,0.05,0.0,0.0
deletion,0.05,0.7,,random,0.5,51,21,False,0.22147939782931456,0.25043553682861497,0.0,0.5034965034965035,0.5,False,True,0,12,1.0,25,16,0.6097560975609756,0.5,96,0.0,0.05,0.05,0.0,0.0
deletion,0.05,0.7,,random,0.5,51,22,False,0.22860954837198594,0.25032665262146125,0.0,0.5165562913907285,0.4918918918918919,True,True,0,13,1.0,16,13,0.5517241379310345,0.55,52,0.0,0.05,0.05,0.0,0.0
deletion,0.05,0.7,,random,0.5,51,23,False,0.24020716127898947,0.25649498946609595,0.0,0.5161290322580645,0.48677248677248675,True,True,0,14,1.0,30,12,0.7142857142857143,0.55,47,0.0,0.05,0.05,0.0,0.0
deletion,0.05,0.7,,random,0.5,51,24,False,0.24890537095924212,0.261121242099572,0.0,0.5094339622641509,0.4846938775510204,True,True,0,15,1.0,30,14,0.6818181818181818,0.55,39,0.0,0.05,0.05,0.0,0.0
deletion,0.05,0.7,,random,0.5,51,25,False,0.2554290282194316,0.264590931574679,0.0,0.5178571428571429,0.48514851485148514,True,True,0,16,1.0,20,16,0.5555555555555556,0.55,27,0.0,0.05,0.05,0.0,0.0
deletion,0.05,0.7,,random,0.5,51,26,False,0.26032177116457367,0.2671931986810092,0.0,0.5260115606936416,0.4782608695652174,True,True,0,17,1.0,34,19,0.6415094339622641,0.45,32,0.0,0.05,0.05,0.0,0.0
deletion,0.05,0.7,,random,0.5,51,27,False,0.25149132837343025,0.25664489901075693,0.0,0.5314285714285715,0.47368421052631576,True,True,0,18,1.0,31,12,0.7209302325581395,0.5,41,0.0,0.05,0.05,0.0,0.0
deletion,0.05,0.7,,random,0.5,51,28,False,0.2511184962800727,0.25498367425806767,0.0,0.5307262569832403,0.47417840375586856,False,True,0,18,1.0,28,11,0.717948717948718,0.5,69,0.0,0.05,0.05,0.0,0.0
deletion,0.05,0.7,,random,0.5,51,29,False,0.2508388722100545,0.2537377556935507,0.0,0.5300546448087432,0.4660633484162896,True,True,0,19,1.0,22,15,0.5945945945945946,0.6,44,0.0,0.05,0.05,0.0,0.0
deletion,0.05,0.7,,random,0.5,51,30,False,0.2631291541575409,0.26530331677016306,0.0,0.5347593582887701,0.4622222222222222,True,True,0,20,1.0,25,11,0.6944444444444444,0.65,26,0.0,0.05,0.05,0.0,0.0
deletion,0.05,0.7,,random,0.5,51,31,False,0.27859686561815566,0.2802274875776223,0.0,0.5392670157068062,0.45652173913043476,False,True,0,20,1.0,36,17,0.6792452830188679,0.4,62,0.0,0.05,0.05,0.0,0.0
deletion,0.05,0.7,,random,0.5,51,32,False,0.25894764921361674,0.2601706156832167,0.0,0.5346534653465347,0.4605809128630705,False,True,0,20,1.0,30,6,0.8333333333333334,0.6,92,0.0,0.05,0.05,0.0,0.0
deletion,0.05,0.7,,random,0.5,51,33,False,0.2692107369102126,0.27012796176241255,0.0,0.5314009661835749,0.46530612244897956,True,True,0,21,1.0,32,16,0.6666666666666666,0.45,62,0.0,0.05,0.05,0.0,0.0
deletion,0.05,0.7,,random,0.5,51,34,False,0.25815805268265946,0.2588459713218094,0.0,0.5333333333333333,0.46,False,True,0,21,1.0,31,14,0.6888888888888889,0.35,93,0.0,0.05,0.05,0.0,0.0
deletion,0.05,0.7,,random,0.5,51,35,False,0.2373685395119946,0.23788447849135708,0.0,0.5324074074074074,0.4591439688715953,False,True,0,21,1.0,30,13,0.6976744186046512,0.75,123,0.0,0.05,0.05,0.0,0.0
deletion,0.05,0.7,,random,0.5,51,36,False,0.27177640463399594,0.27216335886851784,0.0,0.527027027027027,0.46387832699619774,True,True,0,22,1.0,25,13,0.6578947368421053,0.65,66,0.0,0.05,0.05,0.0,0.0
deletion,0.05,0.7,,random,0.5,51,37,False,0.28508230347549696,0.2853725191513884,0.0,0.5152838427947598,0.47601476014760147,True,True,0,23,1.0,27,11,0.7105263157894737,0.55,43,0.0,0.05,0.05,0.0,0.0
deletion,0.05,0.7,,random,0.5,51,38,False,0.28256172760662274,0.2827793893635413,0.0,0.51931330472103,0.4727272727272727,False,True,0,23,1.0,26,15,0.6341463414634146,0.45,69,0.0,0.05,0.05,0.0,0.0
deletion,0.05,0.7,,random,0.5,51,39,False,0.26817129570496706,0.268334542022656,0.0,0.5188284518828452,0.4716312056737589,True,True,0,24,1.0,35,11,0.7608695652173914,0.45,47,0.0,0.05,0.05,0.0,0.0
revocation,0.05,0.7,,complete,0.0,42,0,False,0.0,0.0,0.0,0.0,1.0,False,True,0,0,0.1,0,0,0.0,0.0,0,0.0,0.05,0.05,0.0,0.0
revocation,0.05,0.7,,complete,0.0,42,1,False,0.0,0.0,0.42857142857142855,0.42857142857142855,0.8181818181818182,False,True,0,0,0.5,4,48,0.07692307692307693,0.0,4,0.0,0.05,0.05,0.0,0.0
revocation,0.05,0.7,,complete,0.0,42,2,False,0.06887755102040816,0.10714285714285714,0.5,0.5,0.7407407407407407,False,True,0,0,0.5,16,26,0.38095238095238093,0.0,20,0.0,0.05,0.05,0.0,0.0
revocation,0.05,0.7,,complete,0.0,42,3,False,0.13201530612244897,0.20535714285714285,0.6666666666666666,0.6666666666666666,0.5882352941176471,True,False,1,0,0.0,12,26,0.3157894736842105,0.0,0,0.0,0.05,0.05,0.0,0.0
revocation,0.05,0.7,,complete,0.0,42,4,False,0.2656781462585034,0.32068452380952384,0.6875,0.6875,0.5714285714285714,False,True,1,0,0.1,0,41,0.0,0.0,0,0.0,0.05,0.05,0.0,0.0
revocation,0.05,0.7,,complete,0.0,42,5,False,0.37113360969387754,0.4123883928571429,0.7,0.7142857142857143,0.5121951219512195,False,True,1,0,0.2,1,34,0.02857142857142857,0.0,1,0.0,0.05,0.05,0.0,0.0
revocation,0.05,0.7,,complete,0.0,42,6,False,0.44085020727040813,0.4842912946428572,0.65,0.7083333333333334,0.4888888888888889,False,True,1,0,0.2,7,39,0.15217391304347827,0.75,8,0.0,0.05,0.05,0.0,0.0
revocation,0.05,0.7,,complete,0.0,42,7,False,0.49492336973852036,0.5257184709821429,0.55,0.6785714285714286,0.47058823529411764,False,True,1,0,0.3,6,36,0.14285714285714285,0.8571428571428571,14,0.0,0.05,0.05000000000000001,6.938893903907228e-18,0.0
revocation,0.05,0.7,,complete,0.0,42,8,False,0.5196619150589923,0.5458156040736606,0.55,0.6896551724137931,0.43859649122807015,False,True,1,0,0.3,16,33,0.32653061224489793,0.7,30,0.0,0.05,0.05000000000000001,6.938893903907228e-18,0.0
revocation,0.05,0.7,,complete,0.0,42,9,False,0.532603579151387,0.5656117030552454,0.35,0.6176470588235294,0.4603174603174603,True,False,2,0,0.1,15,25,0.375,0.0,0,0.0,0.05,0.05,0.0,0.0
revocation,0.05,0.7,,complete,0.0,42,10,False,0.4869526843635403,0.511708777291434,0.35,0.6388888888888888,0.4393939393939394,False,True,2,0,0.1,0,41,0.0,0.0,0,0.0,0.05,0.05,0.0,0.0
revocation,0.05,0.7,,complete,0.0,42,11,False,0.4527145132726552,0.4712815829685756,0.35,0.6666666666666666,0.4142857142857143,False,True,2,0,0.1,2,45,0.0425531914893617,0.0,2,0.0,0.05,0.05,0.0,0.0
revocation,0.05,0.7,,complete,0.0,42,12,False,0.4207858849544914,0.44096118722643174,0.3,0.6666666666666666,0.40540540540540543,False,True,2,0,0.1,1,42,0.023255813953488372,0.0,3,0.0,0.05,0.05,0.0,0.0
revocation,0.05,0.7,,complete,0.0,42,13,False,0.38523227085872563,0.4057208904198238,0.3,0.6888888888888889,0.375,False,True,2,0,0.2,3,38,0.07317073170731707,0.0,6,0.0,0.05,0.05,0.0,0.0
revocation,0.05,0.7,,complete,0.0,42,14,False,0.35320991742975855,0.37929066781486787,0.3,0.7021276595744681,0.3614457831325301,True,False,3,0,0.2,5,35,0.125,0.0,0,0.0,0.05,0.05,0.0,0.0
revocation,0.05,0.7,,complete,0.0,42,15,False,0.33990743807231893,0.3594680008611509,0.3,0.7142857142857143,0.3488372093023256,False,True,3,0,0.3,0,46,0.0,0.0,0,0.0,0.05,0.05000000000000001,6.938893903907228e-18,0.0
revocation,0.05,0.7,,complete,0.0,42,16,False,0.32993057855423924,0.3446010006458632,0.15,0.6909090909090909,0.3617021276595745,True,False,4,0,0.1,9,28,0.24324324324324326,0.0,0,0.0,0.05,0.05,0.0,0.0
revocation,0.05,0.7,,complete,0.0,42,17,False,0.2849479339156794,0.29595075048439734,0.1,0.6896551724137931,0.3469387755102041,False,True,4,0,0.1,0,43,0.0,0.0,0,0.0,0.05,0.05,0.0,0.0
revocation,0.05,0.7,,complete,0.0,42,18,False,0.23871095043675952,0.246963062863298,0.1,0.6949152542372882,0.3434343434343434,False,True,4,0,0.2,3,41,0.06818181818181818,0.0,3,0.0,0.05,0.05,0.0,0.0
revocation,0.05,0.7,,complete,0.0,42,19,False,0.20046178425614108,0.2102222971474735,0.1,0.7096774193548387,0.3269230769230769,True,False,5,0,0.1,3,39,0.07142857142857142,0.0,0,0.0,0.05,0.05,0.0,0.0
revocation,0.05,0.7,,complete,0.0,42,20,False,0.17534633819210582,0.18266672286060512,0.1,0.71875,0.3177570093457944,False,True,5,0,0.2,0,38,0.0,0.0,0,0.0,0.05,0.05,0.0,0.0
revocation,0.05,0.7,,complete,0.0,42,21,False,0.15650975364407935,0.16200004214545383,0.1,0.7272727272727273,0.3008849557522124,False,True,5,0,0.3,5,38,0.11627906976744186,1.0,5,0.0,0.05,0.05000000000000001,6.938893903907228e-18,0.0
revocation,0.05,0.7,,complete,0.0,42,22,False,0.17452517237591667,0.25303121749153823,0.05,0.7205882352941176,0.3103448275862069,True,False,6,0,0.0,9,33,0.21428571428571427,0.0,0,0.0,0.05,0.05,0.0,0.0
revocation,0.05,0.7,,complete,0.0,42,23,False,0.1433938792819375,0.20227341311865368,0.05,0.7183098591549296,0.30578512396694213,False,True,6,0,0.0,0,38,0.0,0.0,0,0.0,0.05,0.05,0.0,0.0
revocation,0.05,0.7,,complete,0.0,42,24,False,0.12004540946145312,0.16420505983899028,0.0,0.7123287671232876,0.30158730158730157,False,True,6,0,0.0,0,47,0.0,0.0,0,0.0,0.05,0.05,0.0,0.0
revocation,0.05,0.7,,complete,0.0,42,25,False,0.09003405709608983,0.12315379487924272,0.0,0.7027027027027027,0.3023255813953488,False,True,6,0,0.0,0,46,0.0,0.0,0,0.0,0.05,0.05,0.0,0.0
revocation,0.05,0.7,,complete,0.0,42,26,False,0.06752554282206738,0.09236534615943204,0.0,0.7066666666666667,0.2932330827067669,False,True,6,0,0.0,0,45,0.0,0.0,0,0.0,0.05,0.05,0.0,0.0
revocation,0.05,0.7,,complete,0.0,42,27,False,0.050644157116550535,0.06927400961957403,0.0,0.7215189873417721,0.2846715328467153,False,True,6,0,0.2,0,33,0.0,0.0,0,0.0,0.05,0.05,0.0,0.0
revocation,0.05,0.7,,complete,0.0,42,28,False,0.03798311783741291,0.05195550721468052,0.0,0.7108433734939759,0.2916666666666667,False,True,6,0,0.4,0,35,0.0,0.0,0,0.0,0.05,0.05,0.0,0.0
revocation,0.05,0.7,,complete,0.0,42,29,False,0.028487338378059675,0.038966630411010394,0.0,0.7093023255813954,0.2953020134228188,False,True,6,0,0.5,11,35,0.2391304347826087,0.8181818181818182,11,0.0,0.05,0.05,0.0,0.0
revocation,0.05,0.7,,complete,0.0,42,30,False,0.0651966726147136,0.1207614789708983,0.0,0.6777777777777778,0.3096774193548387,False,True,6,0,0.5,9,30,0.23076923076923078,0.75,20,0.0,0.05,0.05,0.0,0.0
revocation,0.05,0.7,,complete,0.0,42,31,False,0.08907607588960663,0.18432110922817374,0.0,0.6736842105263158,0.3128834355828221,False,True,6,0,0.6,12,25,0.32432432432432434,0.65,32,0.0,0.05,0.05000000000000001,6.938893903907228e-18,0.0
revocation,0.05,0.7,,complete,0.0,42,32,False,0.11323562834577638,0.21949083192113028,0.0,0.6633663366336634,0.30994152046783624,True,False,7,0,0.0,15,28,0.3488372093023256,0.0,0,0.0,0.05,0.05,0.0,0.0
revocation,0.05,0.7,,complete,0.0,42,33,False,0.08492672125933229,0.1646181239408477,0.0,0.6601941747572816,0.3125,False,True,7,0,0.1,0,45,0.0,0.0,0,0.0,0.05,0.05,0.0,0.0
revocation,0.05,0.7,,complete,0.0,42,34,False,0.06369504094449921,0.12346359295563578,0.0,0.6605504587155964,0.3081081081081081,True,False,8,0,0.1,3,35,0.07894736842105263,0.0,0,0.0,0.05,0.05,0.0,0.0
revocation,0.05,0.7,,complete,0.0,42,35,False,0.04777128070837441,0.09259769471672682,0.0,0.6637931034482759,0.3072916666666667,False,True,8,0,0.1,0,38,0.0,0.0,0,0.0,0.05,0.05,0.0,0.0
revocation,0.05,0.7,,complete,0.0,42,36,False,0.03582846053128081,0.06944827103754511,0.0,0.6722689075630253,0.3010204081632653,False,True,8,0,0.2,1,38,0.02564102564102564,0.0,1,0.0,0.05,0.05,0.0,0.0
revocation,0.05,0.7,,complete,0.0,42,37,False,0.026871345398460606,0.052086203278158834,0.0,0.6746031746031746,0.30392156862745096,False,True,8,0,0.3,5,29,0.14705882352941177,0.6666666666666666,6,0.0,0.05,0.05000000000000001,6.938893903907228e-18,0.0
revocation,0.05,0.7,,complete,0.0,42,38,False,0.043963032858369264,0.12239798579195246,0.0,0.6821705426356589,0.2995169082125604,False,True,8,0,0.5,6,35,0.14634146341463414,0.6666666666666666,12,0.0,0.05,0.05,0.0,0.0
revocation,0.05,0.7,,complete,0.0,42,39,False,0.08059132226282455,0.17513182267729765,0.0,0.6791044776119403,0.3051643192488263,True,False,9,0,0.0,13,20,0.3939393939393939,0.0,0,0.0,0.05,0.05,0.0,0.0
revocation,0.05,0.7,,complete,0.0,43,0,False,0.0,0.0,0.0,0.0,1.0,False,True,0,0,0.0,0,0,0.0,0.0,0,0.0,0.05,0.05,0.0,0.0
revocation,0.05,0.7,,complete,0.0,43,1,False,0.0,0.0,0.09090909090909091,0.09090909090909091,0.8518518518518519,False,True,0,0,0.0,0,50,0.0,0.0,0,0.0,0.05,0.05,0.0,0.0
revocation,0.05,0.7,,complete,0.0,43,2,False,0.022727272727272728,0.022727272727272728,0.29411764705882354,0.29411764705882354,0.7352941176470589,False,True,0,0,0.1,0,35,0.0,0.0,0,0.0,0.05,0.05,0.0,0.0
revocation,0.05,0.7,,complete,0.0,43,3,False,0.09057486631016043,0.09057486631016043,0.4,0.42857142857142855,0.6190476190476191,False,True,0,0,0.2,1,37,0.02631578947368421,0.0,1,0.0,0.05,0.05,0.0,0.0
revocation,0.05,0.7,,complete,0.0,43,4,False,0.16078829258976318,0.16793114973262033,0.35,0.48,0.574468085106383,False,True,0,0,0.5,1,36,0.02702702702702703,0.0,2,0.0,0.05,0.05,0.0,0.0
revocation,0.05,0.7,,complete,0.0,43,5,False,0.18934121944232235,0.21344836229946523,0.3,0.5333333333333333,0.509090909090909,False,True,0,0,0.5,16,18,0.47058823529411764,0.3333333333333333,18,0.0,0.05,0.05,0.0,0.0
revocation,0.05,0.7,,complete,0.0,43,6,False,0.21879162886745607,0.23508627172459895,0.25,0.53125,0.5172413793103449,False,True,0,0,0.5,10,32,0.23809523809523808,0.35,28,0.0,0.05,0.05,0.0,0.0
revocation,0.05,0.7,,complete,0.0,43,7,False,0.23195086450773492,0.2388147037934492,0.2,0.5227272727272727,0.5072463768115942,True,False,1,0,0.0,14,21,0.4,0.0,0,0.0,0.05,0.05,0.0,0.0
revocation,0.05,0.7,,complete,0.0,43,8,False,0.22396314838080117,0.2291110278450869,0.15,0.5319148936170213,0.47368421052631576,False,True,1,0,0.0,0,46,0.0,0.0,0,0.0,0.05,0.05,0.0,0.0
revocation,0.05,0.7,,complete,0.0,43,9,False,0.2054723612856009,0.20933327088381518,0.15,0.5416666666666666,0.45569620253164556,False,True,1,0,0.2,0,45,0.0,0.0,0,0.0,0.05,0.05,0.0,0.0
revocation,0.05,0.7,,complete,0.0,43,10,False,0.19160427096420068,0.1944999531628614,0.1,0.54,0.4578313253012048,False,True,1,0,0.2,9,40,0.1836734693877551,0.6666666666666666,9,0.0,0.05,0.05,0.0,0.0
revocation,0.05,0.7,,complete,0.0,43,11,False,0.17882225084219813,0.24170829820547937,0.05,0.5862068965517241,0.42857142857142855,True,False,2,0,0.0,9,29,0.23684210526315788,0.0,0,0.0,0.05,0.05,0.0,0.0
revocation,0.05,0.7,,complete,0.0,43,12,False,0.1466166881316486,0.19378122365410955,0.05,0.5932203389830508,0.42105263157894735,False,True,2,0,0.2,0,40,0.0,0.0,0,0.0,0.05,0.05,0.0,0.0
revocation,0.05,0.7,,complete,0.0,43,13,False,0.12246251609873646,0.15783591774058217,0.05,0.6065573770491803,0.40404040404040403,False,True,2,0,0.2,3,41,0.06818181818181818,0.3333333333333333,3,0.0,0.05,0.05,0.0,0.0
revocation,0.05,0.7,,complete,0.0,43,14,False,0.10940641088357615,0.1352115231773645,0.0,0.59375,0.4095238095238095,False,True,2,0,0.4,3,35,0.07894736842105263,0.3333333333333333,6,0.0,0.05,0.05,0.0,0.0
revocation,0.05,0.7,,complete,0.0,43,15,False,0.09395957006744401,0.14307530904969004,0.0,0.6142857142857143,0.3963963963963964,False,True,2,0,0.5,5,30,0.14285714285714285,0.36363636363636365,11,0.0,0.05,0.05,0.0,0.0
revocation,0.05,0.7,,complete,0.0,43,16,False,0.08995019703110249,0.152761027241813,0.0,0.6233766233766234,0.3898305084745763,True,False,3,0,0.1,10,23,0.30303030303030304,0.0,0,0.0,0.05,0.05,0.0,0.0
revocation,0.05,0.7,,complete,0.0,43,17,False,0.06746264777332688,0.11457077043135976,0.0,0.6329113924050633,0.3870967741935484,False,True,3,0,0.1,0,44,0.0,0.0,0,0.0,0.05,0.05,0.0,0.0
revocation,0.05,0.7,,complete,0.0,43,18,False,0.05059698582999515,0.08592807782351981,0.0,0.6296296296296297,0.3828125,False,True,3,0,0.1,0,46,0.0,0.0,0,0.0,0.05,0.05,0.0,0.0
revocation,0.05,0.7,,complete,0.0,43,19,False,0.03794773937249636,0.06444605836763986,0.0,0.6395348837209303,0.373134328358209,False,True,3,0,0.1,2,40,0.047619047619047616,0.0,2,0.0,0.05,0.05,0.0,0.0
revocation,0.05,0.7,,complete,0.0,43,20,False,0.028460804529372274,0.0483345437757299,0.0,0.6395348837209303,0.3669064748201439,False,True,3,0,0.3,1,39,0.025,0.0,3,0.0,0.05,0.05000000000000001,6.938893903907228e-18,0.0
revocation,0.05,0.7,,complete,0.0,43,21,False,0.021345603397029206,0.03625090783179742,0.0,0.6555555555555556,0.35172413793103446,False,True,3,0,0.5,4,36,0.1,0.0,7,0.0,0.05,0.05,0.0,0.0
revocation,0.05,0.7,,complete,0.0,43,22,False,0.016009202547771904,0.027188180873848066,0.0,0.6483516483516484,0.35374149659863946,False,True,3,0,0.5,13,29,0.30952380952380953,0.35,20,0.0,0.05,0.05,0.0,0.0
revocation,0.05,0.7,,complete,0.0,43,23,False,0.03700690191082893,0.06414113565538604,0.0,0.648936170212766,0.3618421052631579,False,True,3,0,0.6,21,27,0.4375,0.4,41,0.0,0.05,0.05000000000000001,6.938893903907228e-18,0.0
revocation,0.05,0.7,,complete,0.0,43,24,False,0.06346946214740741,0.09810585174153953,0.0,0.6464646464646465,0.3630573248407643,False,True,3,0,0.8,17,26,0.3953488372093023,0.35,58,0.0,0.05,0.05,0.0,0.0
revocation,0.05,0.7,,complete,0.0,43,25,False,0.08510209661055557,0.11732938880615465,0.0,0.6504854368932039,0.36024844720496896,True,False,4,0,0.3,23,17,0.575,0.0,0,0.0,0.05,0.05000000000000001,6.938893903907228e-18,0.0
revocation,0.05,0.7,,complete,0.0,43,26,False,0.06382657245791666,0.087997041604616,0.0,0.6666666666666666,0.3473053892215569,False,True,4,0,0.4,0,33,0.0,0.0,0,0.0,0.05,0.05,0.0,0.0
revocation,0.05,0.7,,complete,0.0,43,27,False,0.0478699293434375,0.065997781203462,0.0,0.672566371681416,0.3448275862068966,False,True,4,0,0.5,3,31,0.08823529411764706,0.3333333333333333,3,0.0,0.05,0.05,0.0,0.0
revocation,0.05,0.7,,complete,0.0,43,28,False,0.05971197081710194,0.09116500256926316,0.0,0.6722689075630253,0.34444444444444444,False,True,4,0,0.7,8,31,0.20512820512820512,0.09090909090909091,11,0.0,0.05,0.05,0.0,0.0
revocation,0.05,0.7,,complete,0.0,43,29,False,0.054524237853086195,0.07973738829058373,0.0,0.6776859504132231,0.33879781420765026,False,True,4,0,0.7,20,27,0.425531914893617,0.0,31,0.0,0.05,0.05,0.0,0.0
revocation,0.05,0.7,,complete,0.0,43,30,False,0.04089317838981465,0.059803041217937794,0.0,0.6854838709677419,0.3333333333333333,False,True,4,0,0.8,21,24,0.4666666666666667,0.1,52,0.0,0.05,0.05,0.0,0.0
revocation,0.05,0.7,,complete,0.0,43,31,False,0.04316988379236098,0.057352280913453346,0.0,0.7,0.31958762886597936,False,True,4,0,0.9,24,19,0.5581395348837209,0.1,76,0.0,0.05,0.05,0.0,0.0
revocation,0.05,0.7,,complete,0.0,43,32,False,0.044877412844270735,0.05551421068509001,0.0,0.7058823529411765,0.3118811881188119,True,False,5,0,0.1,25,14,0.6410256410256411,0.0,0,0.0,0.05,0.05,0.0,0.0
revocation,0.05,0.7,,complete,0.0,43,33,False,0.03365805963320306,0.04163565801381751,0.0,0.7050359712230215,0.3155339805825243,False,True,5,0,0.1,0,47,0.0,0.0,0,0.0,0.05,0.05,0.0,0.0
revocation,0.05,0.7,,complete,0.0,43,34,False,0.02524354472490229,0.03122674351036313,0.0,0.7034482758620689,0.3145539906103286,False,True,5,0,0.3,2,40,0.047619047619047616,0.0,2,0.0,0.05,0.05000000000000001,6.938893903907228e-18,0.0
revocation,0.05,0.7,,complete,0.0,43,35,False,0.018932658543676716,0.02342005763277235,0.0,0.6883116883116883,0.3273542600896861,True,False,6,0,0.1,9,25,0.2647058823529412,0.0,0,0.0,0.05,0.05,0.0,0.0
revocation,0.05,0.7,,complete,0.0,43,36,False,0.01419949390775754,0.01756504322457926,0.0,0.6918238993710691,0.32608695652173914,False,True,6,0,0.1,0,33,0.0,0.0,0,0.0,0.05,0.05,0.0,0.0
revocation,0.05,0.7,,complete,0.0,43,37,False,0.010649620430818154,0.013173782418434445,0.0,0.6890243902439024,0.3277310924369748,False,True,6,0,0.3,4,41,0.08888888888888889,0.0,4,0.0,0.05,0.05000000000000001,6.938893903907228e-18,0.0
revocation,0.05,0.7,,complete,0.0,43,38,False,0.007987215323113615,0.009880336813825833,0.0,0.6900584795321637,0.32926829268292684,False,True,6,0,0.3,3,33,0.08333333333333333,0.0,7,0.0,0.05,0.05000000000000001,6.938893903907228e-18,0.0
revocation,0.05,0.7,,complete,0.0,43,39,False,0.005990411492335211,0.007410252610369375,0.0,0.6936416184971098,0.32669322709163345,False,True,6,0,0.4,5,36,0.12195121951219512,0.0,12,0.0,0.05,0.05,0.0,0.0
revocation,0.05,0.7,,complete,0.0,44,0,False,0.0,0.0,0.0,0.0,1.0,False,True,0,0,0.0,0,0,0.0,0.0,0,0.0,0.05,0.05,0.0,0.0
revocation,0.05,0.7,,complete,0.0,44,1,False,0.0,0.0,0.3,0.3,0.72,False,True,0,0,0.0,0,43,0.0,0.0,0,0.0,0.05,0.05,0.0,0.0
revocation,0.05,0.7,,complete,0.0,44,2,False,0.075,0.075,0.4166666666666667,0.4166666666666667,0.6785714285714286,False,True,0,0,0.1,0,43,0.0,0.0,0,0.0,0.05,0.05,0.0,0.0
revocation,0.05,0.7,,complete,0.0,44,3,False,0.16041666666666665,0.16041666666666665,0.5625,0.5625,0.5714285714285714,False,True,0,0,0.2,2,36,0.05263157894736842,0.0,2,0.0,0.05,0.05,0.0,0.0
revocation,0.05,0.7,,complete,0.0,44,4,False,0.25089285714285714,0.2609375,0.5789473684210527,0.5789473684210527,0.5384615384615384,False,True,0,0,0.4,2,33,0.05714285714285714,0.5,4,0.0,0.05,0.05,0.0,0.0
revocation,0.05,0.7,,complete,0.0,44,5,False,0.33008693609022555,0.34043996710526314,0.6,0.6363636363636364,0.5,True,False,1,0,0.0,14,32,0.30434782608695654,0.0,0,0.0,0.05,0.05,0.0,0.0
revocation,0.05,0.7,,complete,0.0,44,6,False,0.3975652020676691,0.4053299753289473,0.55,0.6666666666666666,0.46808510638297873,False,True,1,0,0.0,0,41,0.0,0.0,0,0.0,0.05,0.05,0.0,0.0
revocation,0.05,0.7,,complete,0.0,44,7,False,0.43567390155075186,0.4414974814967105,0.35,0.6060606060606061,0.48148148148148145,False,True,1,0,0.2,0,39,0.0,0.0,0,0.0,0.05,0.05,0.0,0.0
revocation,0.05,0.7,,complete,0.0,44,8,False,0.4142554261630638,0.4186231111225328,0.3,0.6,0.47368421052631576,True,False,2,0,0.1,10,45,0.18181818181818182,0.0,0,0.0,0.05,0.05,0.0,0.0
revocation,0.05,0.7,,complete,0.0,44,9,False,0.3856915696222979,0.38896733334189965,0.3,0.6052631578947368,0.45161290322580644,False,True,2,0,0.2,0,41,0.0,0.0,0,0.0,0.05,0.05,0.0,0.0
revocation,0.05,0.7,,complete,0.0,44,10,False,0.36426867721672346,0.36672550000642473,0.3,0.6341463414634146,0.4142857142857143,True,False,3,0,0.1,4,40,0.09090909090909091,0.0,0,0.0,0.05,0.05,0.0,0.0
revocation,0.05,0.7,,complete,0.0,44,11,False,0.3482015079125426,0.3500441250048186,0.3,0.6739130434782609,0.38666666666666666,False,True,3,0,0.1,0,41,0.0,0.0,0,0.0,0.05,0.05,0.0,0.0
revocation,0.05,0.7,,complete,0.0,44,12,False,0.33615113093440696,0.33753309375361396,0.25,0.673469387755102,0.375,False,True,3,0,0.1,1,42,0.023255813953488372,1.0,1,0.0,0.05,0.05,0.0,0.0
revocation,0.05,0.7,,complete,0.0,44,13,False,0.32800620534366237,0.4093998203152105,0.25,0.6862745098039216,0.35294117647058826,False,True,3,0,0.1,1,37,0.02631578947368421,0.5,2,0.0,0.05,0.05,0.0,0.0
revocation,0.05,0.7,,complete,0.0,44,14,False,0.3129689397220325,0.40079986523640787,0.2,0.6964285714285714,0.3404255319148936,False,True,3,0,0.1,1,36,0.02702702702702703,0.3333333333333333,3,0.0,0.05,0.05,0.0,0.0
revocation,0.05,0.7,,complete,0.0,44,15,False,0.28710765717247677,0.3672665655939725,0.2,0.7166666666666667,0.32323232323232326,False,True,3,0,0.3,0,36,0.0,0.3333333333333333,3,0.0,0.05,0.05000000000000001,6.938893903907228e-18,0.0
revocation,0.05,0.7,,complete,0.0,44,16,False,0.27009264764126234,0.3421165908621461,0.05,0.696969696969697,0.34579439252336447,False,True,3,0,0.3,2,40,0.047619047619047616,0.2,5,0.0,0.05,0.05000000000000001,6.938893903907228e-18,0.0
revocation,0.05,0.7,,complete,0.0,44,17,False,0.22042662858808962,0.28783744314660953,0.05,0.7101449275362319,0.3392857142857143,False,True,3,0,0.3,3,41,0.06818181818181818,0.125,8,0.0,0.05,0.05000000000000001,6.938893903907228e-18,0.0
revocation,0.05,0.7,,complete,0.0,44,18,False,0.18049854286963865,0.23775308235995715,0.05,0.726027397260274,0.31932773109243695,False,True,3,0,0.4,4,37,0.0975609756097561,0.16666666666666666,12,0.0,0.05,0.05,0.0,0.0
revocation,0.05,0.7,,complete,0.0,44,19,False,0.15204057381889566,0.20539814510330118,0.0,0.7307692307692307,0.31451612903225806,False,True,3,0,0.4,13,28,0.3170731707317073,0.35,25,0.0,0.05,0.05,0.0,0.0
revocation,0.05,0.7,,complete,0.0,44,20,False,0.12653043036417175,0.1977986088274759,0.0,0.7375,0.31007751937984496,False,True,3,0,0.4,14,27,0.34146341463414637,0.5,39,0.0,0.05,0.05,0.0,0.0
revocation,0.05,0.7,,complete,0.0,44,21,False,0.11275496563027167,0.21084895662060693,0.0,0.7380952380952381,0.3014705882352941,True,False,4,0,0.0,12,33,0.26666666666666666,0.0,0,0.0,0.05,0.05,0.0,0.0
revocation,0.05,0.7,,complete,0.0,44,22,False,0.08456622422270375,0.1581367174654552,0.0,0.7471264367816092,0.2949640287769784,False,True,4,0,0.2,0,43,0.0,0.0,0,0.0,0.05,0.05,0.0,0.0
revocation,0.05,0.7,,complete,0.0,44,23,False,0.06342466816702781,0.11860253809909141,0.0,0.7471264367816092,0.2887323943661972,False,True,4,0,0.3,2,43,0.044444444444444446,0.5,2,0.0,0.05,0.05000000000000001,6.938893903907228e-18,0.0
revocation,0.05,0.7,,complete,0.0,44,24,False,0.07435421541098515,0.15145190357431856,0.0,0.7526881720430108,0.28859060402684567,True,False,5,0,0.1,6,37,0.13953488372093023,0.0,0,0.0,0.05,0.05,0.0,0.0
revocation,0.05,0.7,,complete,0.0,44,25,False,0.05576566155823886,0.11358892768073892,0.0,0.7604166666666666,0.28104575163398693,False,True,5,0,0.1,0,43,0.0,0.0,0,0.0,0.05,0.05,0.0,0.0
revocation,0.05,0.7,,complete,0.0,44,26,False,0.04182424616867914,0.08519169576055419,0.0,0.76,0.2777777777777778,False,True,5,0,0.1,2,36,0.05263157894736842,0.0,2,0.0,0.05,0.05,0.0,0.0
revocation,0.05,0.7,,complete,0.0,44,27,False,0.03136818462650936,0.06389377182041564,0.0,0.7669902912621359,0.2710843373493976,False,True,5,0,0.1,2,36,0.05263157894736842,0.0,4,0.0,0.05,0.05,0.0,0.0
revocation,0.05,0.7,,complete,0.0,44,28,False,0.02352613846988202,0.04792032886531173,0.0,0.7522935779816514,0.27906976744186046,False,True,5,0,0.2,1,35,0.027777777777777776,0.0,5,0.0,0.05,0.05,0.0,0.0
revocation,0.05,0.7,,complete,0.0,44,29,False,0.017644603852411515,0.0359402466489838,0.0,0.7522123893805309,0.2808988764044944,False,True,5,0,0.4,4,39,0.09302325581395349,0.0,9,0.0,0.05,0.05,0.0,0.0
revocation,0.05,0.7,,complete,0.0,44,30,False,0.013233452889308637,0.02695518498673785,0.0,0.7478260869565218,0.281767955801105,True,False,6,0,0.1,12,33,0.26666666666666666,0.0,0,0.0,0.05,0.05,0.0,0.0
revocation,0.05,0.7,,complete,0.0,44,31,False,0.009925089666981479,0.02021638874005339,0.0,0.7377049180327869,0.2879581151832461,False,True,6,0,0.2,0,31,0.0,0.0,0,0.0,0.05,0.05,0.0,0.0
revocation,0.05,0.7,,complete,0.0,44,32,False,0.007443817250236108,0.015162291555040041,0.0,0.7480314960629921,0.28061224489795916,True,False,7,0,0.0,7,34,0.17073170731707318,0.0,0,0.0,0.05,0.05,0.0,0.0
revocation,0.05,0.7,,complete,0.0,44,33,False,0.005582862937677081,0.01137171866628003,0.0,0.75,0.28,False,True,7,0,0.1,0,40,0.0,0.0,0,0.0,0.05,0.05,0.0,0.0
revocation,0.05,0.7,,complete,0.0,44,34,False,0.00418714720325781,0.008528788999710022,0.0,0.7518796992481203,0.28019323671497587,False,True,7,0,0.3,3,40,0.06976744186046512,0.0,3,0.0,0.05,0.05000000000000001,6.938893903907228e-18,0.0
revocation,0.05,0.7,,complete,0.0,44,35,False,0.003140360402443358,0.0063965917497825165,0.0,0.7445255474452555,0.28169014084507044,False,True,7,0,0.3,5,40,0.1111111111111111,0.125,8,0.0,0.05,0.05000000000000001,6.938893903907228e-18,0.0
revocation,0.05,0.7,,complete,0.0,44,36,False,0.0068195560161182335,0.01822054204959338,0.0,0.7304964539007093,0.2876712328767123,False,True,7,0,0.3,2,42,0.045454545454545456,0.2,10,0.0,0.05,0.05000000000000001,6.938893903907228e-18,0.0
revocation,0.05,0.7,,complete,0.0,44,37,False,0.012257524154945817,0.03866540653719504,0.0,0.726027397260274,0.2920353982300885,False,True,7,0,0.3,0,37,0.0,0.2,10,0.0,0.05,0.05000000000000001,6.938893903907228e-18,0.0
revocation,0.05,0.7,,complete,0.0,44,38,False,0.016336000259066504,0.053999054902896276,0.0,0.7218543046357616,0.29004329004329005,False,True,7,0,0.3,3,35,0.07894736842105263,0.15384615384615385,13,0.0,0.05,0.05000000000000001,6.938893903907228e-18,0.0
revocation,0.05,0.7,,complete,0.0,44,39,False,0.017746505688805377,0.05973006040794144,0.0,0.717948717948718,0.29707112970711297,True,False,8,0,0.2,3,35,0.07894736842105263,0.0,0,0.0,0.05,0.05,0.0,0.0
revocation,0.05,0.7,,complete,0.0,45,0,False,0.0,0.0,0.0,0.0,1.0,False,True,0,0,0.2,0,0,0.0,0.0,0,0.0,0.05,0.05,0.0,0.0
revocation,0.05,0.7,,complete,0.0,45,1,False,0.0,0.0,0.35294117647058826,0.35294117647058826,0.8064516129032258,True,False,1,0,0.1,5,39,0.11363636363636363,0.0,0,0.0,0.05,0.05,0.0,0.0
revocation,0.05,0.7,,complete,0.0,45,2,False,0.08823529411764706,0.08823529411764706,0.35294117647058826,0.35294117647058826,0.7575757575757576,False,True,1,0,0.1,0,49,0.0,0.0,0,0.0,0.05,0.05,0.0,0.0
revocation,0.05,0.7,,complete,0.0,45,3,False,0.1544117647058824,0.15441176470588236,0.45,0.45,0.6842105263157895,True,False,2,0,0.0,1,40,0.024390243902439025,0.0,0,0.0,0.05,0.05,0.0,0.0
revocation,0.05,0.7,,complete,0.0,45,4,False,0.2283088235294118,0.2283088235294118,0.4,0.4782608695652174,0.627906976744186,False,True,2,0,0.2,0,32,0.0,0.0,0,0.0,0.05,0.05,0.0,0.0
revocation,0.05,0.7,,complete,0.0,45,5,False,0.27123161764705883,0.27123161764705883,0.35,0.4583333333333333,0.6222222222222222,True,False,3,0,0.0,8,37,0.17777777777777778,0.0,0,0.0,0.05,0.05,0.0,0.0
revocation,0.05,0.7,,complete,0.0,45,6,False,0.2909237132352941,0.2909237132352941,0.3,0.48148148148148145,0.5686274509803921,False,True,3,0,0.1,0,38,0.0,0.0,0,0.0,0.05,0.05,0.0,0.0
revocation,0.05,0.7,,complete,0.0,45,7,False,0.29319278492647055,0.29319278492647055,0.25,0.4642857142857143,0.5818181818181818,False,True,3,0,0.1,5,37,0.11904761904761904,1.0,5,0.0,0.05,0.05,0.0,0.0
revocation,0.05,0.7,,complete,0.0,45,8,False,0.2823945886948529,0.2823945886948529,0.25,0.5,0.5692307692307692,False,True,3,0,0.1,5,42,0.10638297872340426,1.0,10,0.0,0.05,0.05,0.0,0.0
revocation,0.05,0.7,,complete,0.0,45,9,False,0.2742959415211397,0.2742959415211397,0.2,0.5,0.5277777777777778,False,True,3,0,0.2,3,38,0.07317073170731707,1.0,13,0.0,0.05,0.05,0.0,0.0
revocation,0.05,0.7,,complete,0.0,45,10,False,0.25572195614085474,0.25572195614085474,0.15,0.5,0.525,True,False,4,0,0.1,4,36,0.1,0.0,0,0.0,0.05,0.05,0.0,0.0
revocation,0.05,0.7,,complete,0.0,45,11,False,0.22929146710564105,0.22929146710564105,0.05,0.5116279069767442,0.5176470588235295,False,True,4,0,0.5,0,39,0.0,0.0,0,0.0,0.05,0.05,0.0,0.0
revocation,0.05,0.7,,complete,0.0,45,12,False,0.1844686003292308,0.1844686003292308,0.0,0.5319148936170213,0.5,False,True,4,0,0.6,12,31,0.27906976744186046,0.3333333333333333,12,0.0,0.05,0.05000000000000001,6.938893903907228e-18,0.0
revocation,0.05,0.7,,complete,0.0,45,13,False,0.15620859310406593,0.18001811691358974,0.0,0.5490196078431373,0.4948453608247423,False,True,4,0,0.7,15,26,0.36585365853658536,0.7,27,0.0,0.05,0.05,0.0,0.0
revocation,0.05,0.7,,complete,0.0,45,14,False,0.16715644482804945,0.2225135876851923,0.0,0.5454545454545454,0.4854368932038835,False,True,4,0,0.7,15,23,0.39473684210526316,0.75,42,0.0,0.05,0.05,0.0,0.0
revocation,0.05,0.7,,complete,0.0,45,15,False,0.17893876219246566,0.26063519076389424,0.0,0.5423728813559322,0.48148148148148145,True,False,5,0,0.0,26,20,0.5652173913043478,0.0,0,0.0,0.05,0.05,0.0,0.0
revocation,0.05,0.7,,complete,0.0,45,16,False,0.13420407164434925,0.1954763930729207,0.0,0.5238095238095238,0.48672566371681414,False,True,5,0,0.0,0,41,0.0,0.0,0,0.0,0.05,0.05,0.0,0.0
revocation,0.05,0.7,,complete,0.0,45,17,False,0.10065305373326194,0.14660729480469054,0.0,0.5373134328358209,0.48739495798319327,False,True,5,0,0.0,0,44,0.0,0.0,0,0.0,0.05,0.05,0.0,0.0
revocation,0.05,0.7,,complete,0.0,45,18,False,0.07548979029994647,0.1099554711035179,0.0,0.5571428571428572,0.4796747967479675,False,True,5,0,0.1,0,40,0.0,0.0,0,0.0,0.05,0.05,0.0,0.0
revocation,0.05,0.7,,complete,0.0,45,19,False,0.05661734272495985,0.08246660332763843,0.0,0.5753424657534246,0.4645669291338583,False,True,5,0,0.2,2,38,0.05,0.0,2,0.0,0.05,0.05,0.0,0.0
revocation,0.05,0.7,,complete,0.0,45,20,False,0.04246300704371988,0.06184995249572882,0.0,0.5769230769230769,0.4552238805970149,False,True,5,0,0.3,2,37,0.05128205128205128,0.0,4,0.0,0.05,0.05000000000000001,6.938893903907228e-18,0.0
revocation,0.05,0.7,,complete,0.0,45,21,False,0.031847255282789914,0.04638746437179661,0.0,0.5925925925925926,0.4492753623188406,False,True,5,0,0.4,10,29,0.2564102564102564,0.5714285714285714,14,0.0,0.05,0.05,0.0,0.0
revocation,0.05,0.7,,complete,0.0,45,22,False,0.05449768636005161,0.10621916970741888,0.0,0.6024096385542169,0.4444444444444444,False,True,5,0,0.5,5,31,0.1388888888888889,0.5789473684210527,19,0.0,0.05,0.05,0.0,0.0
revocation,0.05,0.7,,complete,0.0,45,23,False,0.08222664822868532,0.15203279833319575,0.0,0.6162790697674418,0.43243243243243246,True,False,6,0,0.0,13,26,0.3333333333333333,0.0,0,0.0,0.05,0.05,0.0,0.0
revocation,0.05,0.7,,complete,0.0,45,24,False,0.061669986171513994,0.11402459874989682,0.0,0.6021505376344086,0.43312101910828027,False,True,6,0,0.0,0,39,0.0,0.0,0,0.0,0.05,0.05,0.0,0.0
revocation,0.05,0.7,,complete,0.0,45,25,False,0.0462524896286355,0.08551844906242262,0.0,0.6041666666666666,0.42073170731707316,False,True,6,0,0.0,0,39,0.0,0.0,0,0.0,0.05,0.05,0.0,0.0
revocation,0.05,0.7,,complete,0.0,45,26,False,0.03468936722147663,0.06413883679681696,0.0,0.62,0.4117647058823529,False,True,6,0,0.0,0,43,0.0,0.0,0,0.0,0.05,0.05,0.0,0.0
revocation,0.05,0.7,,complete,0.0,45,27,False,0.02601702541610747,0.04810412759761272,0.0,0.6237623762376238,0.4046242774566474,False,True,6,0,0.1,0,42,0.0,0.0,0,0.0,0.05,0.05,0.0,0.0
revocation,0.05,0.7,,complete,0.0,45,28,False,0.0195127690620806,0.036078095698209536,0.0,0.625,0.39779005524861877,False,True,6,0,0.3,3,40,0.06976744186046512,0.0,3,0.0,0.05,0.05000000000000001,6.938893903907228e-18,0.0
revocation,0.05,0.7,,complete,0.0,45,29,False,0.014634576796560451,0.027058571773657152,0.0,0.6111111111111112,0.39893617021276595,False,True,6,0,0.5,6,30,0.16666666666666666,0.0,9,0.0,0.05,0.05,0.0,0.0
revocation,0.05,0.7,,complete,0.0,45,30,False,0.010975932597420338,0.020293928830242863,0.0,0.6160714285714286,0.3917525773195876,False,True,6,0,0.7,13,29,0.30952380952380953,0.3,22,0.0,0.05,0.05,0.0,0.0
revocation,0.05,0.7,,complete,0.0,45,31,False,0.035017663733779535,0.052720446622682146,0.0,0.6120689655172413,0.39303482587064675,True,False,7,0,0.0,19,32,0.37254901960784315,0.0,0,0.0,0.05,0.05,0.0,0.0
revocation,0.05,0.7,,complete,0.0,45,32,False,0.026263247800334653,0.039540334967011606,0.0,0.6115702479338843,0.3932038834951456,False,True,7,0,0.0,0,40,0.0,0.0,0,0.0,0.05,0.05,0.0,0.0
revocation,0.05,0.7,,complete,0.0,45,33,False,0.01969743585025099,0.029655251225258705,0.0,0.616,0.39069767441860465,False,True,7,0,0.1,0,44,0.0,0.0,0,0.0,0.05,0.05,0.0,0.0
revocation,0.05,0.7,,complete,0.0,45,34,False,0.014773076887688242,0.022241438418944028,0.0,0.6201550387596899,0.38636363636363635,False,True,7,0,0.2,1,41,0.023809523809523808,1.0,1,0.0,0.05,0.05,0.0,0.0
revocation,0.05,0.7,,complete,0.0,45,35,False,0.02893695052290904,0.1376917638036568,0.0,0.6230769230769231,0.3811659192825112,False,True,7,0,0.2,4,44,0.08333333333333333,0.4,5,0.0,0.05,0.05,0.0,0.0
revocation,0.05,0.7,,complete,0.0,45,36,False,0.028845570035038928,0.15326882285274263,0.0,0.625,0.3799126637554585,False,True,7,0,0.2,1,33,0.029411764705882353,0.3333333333333333,6,0.0,0.05,0.05,0.0,0.0
revocation,0.05,0.7,,complete,0.0,45,37,False,0.027586558478660147,0.15661828380622364,0.0,0.624113475177305,0.37815126050420167,False,True,7,0,0.4,1,38,0.02564102564102564,0.2857142857142857,7,0.0,0.05,0.05,0.0,0.0
revocation,0.05,0.7,,complete,0.0,45,38,False,0.035996041307974694,0.15317799856895342,0.0,0.6164383561643836,0.3795918367346939,False,True,7,0,0.5,5,33,0.13157894736842105,0.16666666666666666,12,0.0,0.05,0.05,0.0,0.0
revocation,0.05,0.7,,complete,0.0,45,39,False,0.03890179288574293,0.1357168322600484,0.0,0.6174496644295302,0.37751004016064255,False,True,7,0,0.7,6,35,0.14634146341463414,0.16666666666666666,18,0.0,0.05,0.05,0.0,0.0
revocation,0.05,0.7,,complete,0.0,46,0,False,0.0,0.0,0.0,0.0,1.0,False,True,0,0,0.1,0,0,0.0,0.0,0,0.0,0.05,0.05,0.0,0.0
revocation,0.05,0.7,,complete,0.0,46,1,False,0.0,0.0,0.2,0.2,0.84,False,True,0,0,0.2,3,41,0.06818181818181818,0.0,3,0.0,0.05,0.05,0.0,0.0
revocation,0.05,0.7,,complete,0.0,46,2,False,0.04642857142857143,0.05,0.4,0.4,0.7096774193548387,False,True,0,0,0.2,3,33,0.08333333333333333,0.0,6,0.0,0.05,0.05,0.0,0.0
revocation,0.05,0.7,,complete,0.0,46,3,False,0.12767857142857145,0.1375,0.4117647058823529,0.4117647058823529,0.6666666666666666,False,True,0,0,0.3,2,41,0.046511627906976744,0.0,8,0.0,0.05,0.05000000000000001,6.938893903907228e-18,0.0
revocation,0.05,0.7,,complete,0.0,46,4,False,0.18399422268907561,0.20606617647058822,0.5,0.5652173913043478,0.5581395348837209,False,True,0,0,0.5,3,29,0.09375,0.0,11,0.0,0.05,0.05,0.0,0.0
revocation,0.05,0.7,,complete,0.0,46,5,False,0.2362099527310924,0.27954963235294117,0.45,0.5769230769230769,0.5208333333333334,False,True,0,0,0.7,9,34,0.20930232558139536,0.3,20,0.0,0.05,0.05,0.0,0.0
revocation,0.05,0.7,,complete,0.0,46,6,False,0.27626460740546216,0.32216222426470587,0.25,0.53125,0.5178571428571429,True,False,1,0,0.1,26,18,0.5909090909090909,0.0,0,0.0,0.05,0.05,0.0,0.0
revocation,0.05,0.7,,complete,0.0,46,7,False,0.2696984555540966,0.30412166819852937,0.25,0.5454545454545454,0.5,False,True,1,0,0.2,0,46,0.0,0.0,0,0.0,0.05,0.05,0.0,0.0
revocation,0.05,0.7,,complete,0.0,46,8,False,0.26477384166557244,0.29059125114889706,0.2,0.5263157894736842,0.5076923076923077,False,True,1,0,0.2,0,39,0.0,0.0,0,0.0,0.05,0.05,0.0,0.0
revocation,0.05,0.7,,complete,0.0,46,9,False,0.24858038124917936,0.2679434383616728,0.15,0.5581395348837209,0.4788732394366197,False,True,1,0,0.2,2,35,0.05405405405405406,0.5,2,0.0,0.05,0.05,0.0,0.0
revocation,0.05,0.7,,complete,0.0,46,10,False,0.2301852859368845,0.2762749615837546,0.1,0.574468085106383,0.47368421052631576,False,True,1,0,0.3,2,39,0.04878048780487805,0.5,4,0.0,0.05,0.05000000000000001,6.938893903907228e-18,0.0
revocation,0.05,0.7,,complete,0.0,46,11,False,0.21192467873837767,0.28220622118781596,0.05,0.58,0.4457831325301205,False,True,1,0,0.3,4,36,0.1,0.5,8,0.0,0.05,0.05000000000000001,6.938893903907228e-18,0.0
revocation,0.05,0.7,,complete,0.0,46,12,False,0.18751493762521182,0.280404665890862,0.05,0.5882352941176471,0.4367816091954023,False,True,1,0,0.4,7,41,0.14583333333333334,0.4666666666666667,15,0.0,0.05,0.05,0.0,0.0
revocation,0.05,0.7,,complete,0.0,46,13,False,0.17545763179033744,0.27488683275147985,0.0,0.5818181818181818,0.43478260869565216,False,True,1,0,0.6,8,27,0.22857142857142856,0.4,23,0.0,0.05,0.05000000000000001,6.938893903907228e-18,0.0
revocation,0.05,0.7,,complete,0.0,46,14,False,0.16016465241418168,0.2561651245636099,0.0,0.603448275862069,0.422680412371134,True,False,2,0,0.0,23,20,0.5348837209302325,0.0,0,0.0,0.05,0.05,0.0,0.0
revocation,0.05,0.7,,complete,0.0,46,15,False,0.12012348931063624,0.19212384342270744,0.0,0.6153846153846154,0.41509433962264153,False,True,2,0,0.0,0,35,0.0,0.0,0,0.0,0.05,0.05,0.0,0.0
revocation,0.05,0.7,,complete,0.0,46,16,False,0.09009261698297719,0.14409288256703057,0.0,0.6029411764705882,0.4144144144144144,False,True,2,0,0.0,0,45,0.0,0.0,0,0.0,0.05,0.05,0.0,0.0
revocation,0.05,0.7,,complete,0.0,46,17,False,0.06756946273723288,0.10806966192527293,0.0,0.6142857142857143,0.39655172413793105,False,True,2,0,0.0,0,40,0.0,0.0,0,0.0,0.05,0.05,0.0,0.0
revocation,0.05,0.7,,complete,0.0,46,18,False,0.05067709705292466,0.0810522464439547,0.0,0.6142857142857143,0.3983050847457627,False,True,2,0,0.1,0,41,0.0,0.0,0,0.0,0.05,0.05,0.0,0.0
revocation,0.05,0.7,,complete,0.0,46,19,False,0.0380078227896935,0.060789184832966026,0.0,0.6133333333333333,0.392,False,True,2,0,0.3,7,34,0.17073170731707318,0.0,7,0.0,0.05,0.05000000000000001,6.938893903907228e-18,0.0
revocation,0.05,0.7,,complete,0.0,46,20,False,0.028505867092270123,0.04559188862472452,0.0,0.6329113924050633,0.39097744360902253,False,True,2,0,0.5,10,25,0.2857142857142857,0.35294117647058826,17,0.0,0.05,0.05,0.0,0.0
revocation,0.05,0.7,,complete,0.0,46,21,False,0.046589484352816034,0.06942458698727826,0.0,0.6463414634146342,0.37410071942446044,False,True,2,0,0.5,23,25,0.4791666666666667,0.35,40,0.0,0.05,0.05,0.0,0.0
revocation,0.05,0.7,,complete,0.0,46,22,False,0.059942113264612025,0.09581844024045869,0.0,0.651685393258427,0.3741496598639456,True,False,3,0,0.1,16,22,0.42105263157894735,0.0,0,0.0,0.05,0.05,0.0,0.0
revocation,0.05,0.7,,complete,0.0,46,23,False,0.044956584948459014,0.07186383018034401,0.0,0.6483516483516484,0.3708609271523179,False,True,3,0,0.3,0,42,0.0,0.0,0,0.0,0.05,0.05000000000000001,6.938893903907228e-18,0.0
revocation,0.05,0.7,,complete,0.0,46,24,False,0.033717438711344264,0.053897872635258005,0.0,0.6526315789473685,0.3710691823899371,False,True,3,0,0.5,5,35,0.125,0.2,5,0.0,0.05,0.05,0.0,0.0
revocation,0.05,0.7,,complete,0.0,46,25,False,0.03957379331922249,0.06542340447644351,0.0,0.6534653465346535,0.3652694610778443,True,False,4,0,0.0,17,24,0.4146341463414634,0.0,0,0.0,0.05,0.05,0.0,0.0
revocation,0.05,0.7,,complete,0.0,46,26,False,0.029680344989416862,0.049067553357332636,0.0,0.6542056074766355,0.36416184971098264,False,True,4,0,0.0,0,41,0.0,0.0,0,0.0,0.05,0.05,0.0,0.0
revocation,0.05,0.7,,complete,0.0,46,27,False,0.022260258742062645,0.03680066501799947,0.0,0.6545454545454545,0.3611111111111111,False,True,4,0,0.0,0,38,0.0,0.0,0,0.0,0.05,0.05,0.0,0.0
revocation,0.05,0.7,,complete,0.0,46,28,False,0.016695194056546986,0.027600498763499605,0.0,0.6403508771929824,0.3670212765957447,False,True,4,0,0.1,0,42,0.0,0.0,0,0.0,0.05,0.05,0.0,0.0
revocation,0.05,0.7,,complete,0.0,46,29,False,0.012521395542410241,0.020700374072624705,0.0,0.6470588235294118,0.36923076923076925,False,True,4,0,0.3,7,33,0.175,1.0,7,0.0,0.05,0.05000000000000001,6.938893903907228e-18,0.0
revocation,0.05,0.7,,complete,0.0,46,30,False,0.027248189513950534,0.13350005667820106,0.0,0.6451612903225806,0.3712871287128713,False,True,4,0,0.6,7,31,0.18421052631578946,0.9285714285714286,14,0.0,0.05,0.05000000000000001,6.938893903907228e-18,0.0
revocation,0.05,0.7,,complete,0.0,46,31,False,0.0867626727477078,0.21619647108007936,0.0,0.6434108527131783,0.375,True,False,5,0,0.1,15,27,0.35714285714285715,0.0,0,0.0,0.05,0.05,0.0,0.0
revocation,0.05,0.7,,complete,0.0,46,32,False,0.06507200456078086,0.16214735331005953,0.0,0.6466165413533834,0.37037037037037035,False,True,5,0,0.1,0,40,0.0,0.0,0,0.0,0.05,0.05,0.0,0.0
revocation,0.05,0.7,,complete,0.0,46,33,False,0.04880400342058564,0.12161051498254465,0.0,0.6496350364963503,0.36486486486486486,False,True,5,0,0.1,5,36,0.12195121951219512,1.0,5,0.0,0.05,0.05,0.0,0.0
revocation,0.05,0.7,,complete,0.0,46,34,False,0.036603002565439226,0.09120788623690848,0.0,0.6546762589928058,0.3568281938325991,False,True,5,0,0.2,5,39,0.11363636363636363,1.0,10,0.0,0.05,0.05,0.0,0.0
revocation,0.05,0.7,,complete,0.0,46,35,False,0.027452251924079418,0.06840591467768137,0.0,0.6551724137931034,0.35319148936170214,False,True,5,0,0.3,7,34,0.17073170731707318,1.0,17,0.0,0.05,0.05000000000000001,6.938893903907228e-18,0.0
revocation,0.05,0.7,,complete,0.0,46,36,False,0.03844633180020242,0.15417353108645798,0.0,0.6577181208053692,0.35684647302904565,False,True,5,0,0.4,6,29,0.17142857142857143,0.95,23,0.0,0.05,0.05,0.0,0.0
revocation,0.05,0.7,,complete,0.0,46,37,False,0.06276332027872325,0.2343801483148435,0.0,0.643312101910828,0.364,False,True,5,0,0.4,11,22,0.3333333333333333,0.8,34,0.0,0.05,0.05,0.0,0.0
revocation,0.05,0.7,,complete,0.0,46,38,False,0.07564391878047101,0.2757851112361326,0.0,0.6352201257861635,0.3661417322834646,True,False,6,0,0.0,19,31,0.38,0.0,0,0.0,0.05,0.05,0.0,0.0
revocation,0.05,0.7,,complete,0.0,46,39,False,0.056732939085353255,0.20683883342709944,0.0,0.6363636363636364,0.3682170542635659,False,True,6,0,0.0,0,37,0.0,0.0,0,0.0,0.05,0.05,0.0,0.0
revocation,0.05,0.7,,complete,0.0,47,0,False,0.0,0.0,0.0,0.0,1.0,False,True,0,0,0.1,0,0,0.0,0.0,0,0.0,0.05,0.05,0.0,0.0
revocation,0.05,0.7,,complete,0.0,47,1,False,0.0,0.0,0.18181818181818182,0.18181818181818182,0.8148148148148148,False,True,0,0,0.2,4,39,0.09302325581395349,1.0,4,0.0,0.05,0.05,0.0,0.0
revocation,0.05,0.7,,complete,0.0,47,2,False,0.060064935064935064,0.14772727272727273,0.1875,0.1875,0.7878787878787878,True,False,1,0,0.1,12,28,0.3,0.0,0,0.0,0.05,0.05,0.0,0.0
revocation,0.05,0.7,,complete,0.0,47,3,False,0.0919237012987013,0.15767045454545456,0.2631578947368421,0.2631578947368421,0.6904761904761905,False,True,1,0,0.1,0,36,0.0,0.0,0,0.0,0.05,0.05,0.0,0.0
revocation,0.05,0.7,,complete,0.0,47,4,False,0.1347322496582365,0.18404231459330145,0.2,0.30434782608695654,0.62,False,True,1,0,0.2,4,29,0.12121212121212122,1.0,4,0.0,0.05,0.05,0.0,0.0
revocation,0.05,0.7,,complete,0.0,47,5,False,0.16533490152939165,0.24488542912679423,0.2,0.3333333333333333,0.6078431372549019,True,False,2,0,0.1,8,40,0.16666666666666666,0.0,0,0.0,0.05,0.05,0.0,0.0
revocation,0.05,0.7,,complete,0.0,47,6,False,0.17400117614704372,0.2336640718450957,0.15,0.41379310344827586,0.5614035087719298,False,True,2,0,0.1,0,36,0.0,0.0,0,0.0,0.05,0.05,0.0,0.0
revocation,0.05,0.7,,complete,0.0,47,7,False,0.1680008821102828,0.21274805388382176,0.1,0.4375,0.5396825396825397,False,True,2,0,0.2,1,44,0.022222222222222223,1.0,1,0.0,0.05,0.05,0.0,0.0
revocation,0.05,0.7,,complete,0.0,47,8,False,0.16707209015414068,0.25487354041286636,0.05,0.45714285714285713,0.5294117647058824,False,True,2,0,0.2,7,38,0.15555555555555556,0.75,8,0.0,0.05,0.05,0.0,0.0
revocation,0.05,0.7,,complete,0.0,47,9,False,0.1503040676156055,0.29115515530964975,0.0,0.4594594594594595,0.5205479452054794,True,False,3,0,0.1,9,34,0.20930232558139536,0.0,0,0.0,0.05,0.05,0.0,0.0
revocation,0.05,0.7,,complete,0.0,47,10,False,0.11272805071170412,0.2183663664822373,0.05,0.47619047619047616,0.5063291139240507,False,True,3,0,0.2,0,37,0.0,0.0,0,0.0,0.05,0.05,0.0,0.0
revocation,0.05,0.7,,complete,0.0,47,11,False,0.09704603803377809,0.176274774861678,0.05,0.4883720930232558,0.4880952380952381,True,False,4,0,0.1,11,38,0.22448979591836735,0.0,0,0.0,0.05,0.05,0.0,0.0
revocation,0.05,0.7,,complete,0.0,47,12,False,0.08528452852533357,0.14470608114625852,0.05,0.48936170212765956,0.4777777777777778,False,True,4,0,0.2,0,40,0.0,0.0,0,0.0,0.05,0.05,0.0,0.0
revocation,0.05,0.7,,complete,0.0,47,13,False,0.07646339639400017,0.1210295608596939,0.05,0.5098039215686274,0.4489795918367347,True,False,5,0,0.1,9,36,0.2,0.0,0,0.0,0.05,0.05,0.0,0.0
revocation,0.05,0.7,,complete,0.0,47,14,False,0.06984754729550012,0.10327217064477041,0.05,0.5454545454545454,0.4368932038834951,False,True,5,0,0.1,0,39,0.0,0.0,0,0.0,0.05,0.05,0.0,0.0
revocation,0.05,0.7,,complete,0.0,47,15,False,0.0648856604716251,0.08995412798357781,0.05,0.5645161290322581,0.43243243243243246,False,True,5,0,0.1,2,38,0.05,0.0,2,0.0,0.05,0.05,0.0,0.0
revocation,0.05,0.7,,complete,0.0,47,16,False,0.06027138821086168,0.07996559598768335,0.05,0.5522388059701493,0.4322033898305085,False,True,5,0,0.1,1,37,0.02631578947368421,0.0,3,0.0,0.05,0.05,0.0,0.0
revocation,0.05,0.7,,complete,0.0,47,17,False,0.05681068401528912,0.07247419699076252,0.05,0.5774647887323944,0.42063492063492064,False,True,5,0,0.2,2,41,0.046511627906976744,0.0,5,0.0,0.05,0.05,0.0,0.0
revocation,0.05,0.7,,complete,0.0,47,18,False,0.05332229872575255,0.06685564774307189,0.05,0.589041095890411,0.4140625,True,False,6,0,0.1,5,41,0.10869565217391304,0.0,0,0.0,0.05,0.05,0.0,0.0
revocation,0.05,0.7,,complete,0.0,47,19,False,0.05249172404431441,0.06264173580730391,0.05,0.6052631578947368,0.40298507462686567,False,True,6,0,0.2,0,40,0.0,0.0,0,0.0,0.05,0.05,0.0,0.0
revocation,0.05,0.7,,complete,0.0,47,20,False,0.051868793033235806,0.059481301855477925,0.0,0.6144578313253012,0.3873239436619718,False,True,6,0,0.3,4,36,0.1,0.75,4,0.0,0.05,0.05000000000000001,6.938893903907228e-18,0.0
revocation,0.05,0.7,,complete,0.0,47,21,False,0.05229445191778399,0.13291660338746997,0.0,0.6111111111111112,0.4,True,False,7,0,0.0,8,26,0.23529411764705882,0.0,0,0.0,0.05,0.05,0.0,0.0
revocation,0.05,0.7,,complete,0.0,47,22,False,0.039220838938338,0.09968745254060248,0.0,0.6236559139784946,0.391025641025641,False,True,7,0,0.0,0,37,0.0,0.0,0,0.0,0.05,0.05,0.0,0.0
revocation,0.05,0.7,,complete,0.0,47,23,False,0.029415629203753495,0.07476558940545186,0.0,0.625,0.3888888888888889,False,True,7,0,0.0,0,43,0.0,0.0,0,0.0,0.05,0.05,0.0,0.0
revocation,0.05,0.7,,complete,0.0,47,24,False,0.022061721902815124,0.056074192054088895,0.0,0.63,0.3869047619047619,False,True,7,0,0.0,0,42,0.0,0.0,0,0.0,0.05,0.05,0.0,0.0
revocation,0.05,0.7,,complete,0.0,47,25,False,0.016546291427111344,0.04205564404056667,0.0,0.6285714285714286,0.3806818181818182,False,True,7,0,0.0,0,39,0.0,0.0,0,0.0,0.05,0.05,0.0,0.0
revocation,0.05,0.7,,complete,0.0,47,26,False,0.012409718570333506,0.031541733030425005,0.0,0.6320754716981132,0.37222222222222223,False,True,7,0,0.0,0,51,0.0,0.0,0,0.0,0.05,0.05,0.0,0.0
revocation,0.05,0.7,,complete,0.0,47,27,False,0.009307288927750129,0.023656299772818752,0.0,0.6363636363636364,0.3655913978494624,False,True,7,0,0.0,0,41,0.0,0.0,0,0.0,0.05,0.05,0.0,0.0
revocation,0.05,0.7,,complete,0.0,47,28,False,0.006980466695812598,0.017742224829614066,0.0,0.6460176991150443,0.35602094240837695,False,True,7,0,0.0,0,39,0.0,0.0,0,0.0,0.05,0.05,0.0,0.0
revocation,0.05,0.7,,complete,0.0,47,29,False,0.005235350021859449,0.01330666862221055,0.0,0.6379310344827587,0.358974358974359,False,True,7,0,0.0,0,46,0.0,0.0,0,0.0,0.05,0.05,0.0,0.0
revocation,0.05,0.7,,complete,0.0,47,30,False,0.003926512516394586,0.009980001466657912,0.0,0.6440677966101694,0.3482587064676617,False,True,7,0,0.1,0,43,0.0,0.0,0,0.0,0.05,0.05,0.0,0.0
revocation,0.05,0.7,,complete,0.0,47,31,False,0.0029448843872959397,0.007485001099993434,0.0,0.6557377049180327,0.34299516908212563,False,True,7,0,0.3,3,34,0.08108108108108109,0.0,3,0.0,0.05,0.05000000000000001,6.938893903907228e-18,0.0
revocation,0.05,0.7,,complete,0.0,47,32,False,0.0022086632904719547,0.0056137508249950755,0.0,0.6507936507936508,0.3395348837209302,True,False,8,0,0.0,4,39,0.09302325581395349,0.0,0,0.0,0.05,0.05,0.0,0.0
revocation,0.05,0.7,,complete,0.0,47,33,False,0.001656497467853966,0.0042103131187463064,0.0,0.6589147286821705,0.3333333333333333,False,True,8,0,0.0,0,42,0.0,0.0,0,0.0,0.05,0.05,0.0,0.0
revocation,0.05,0.7,,complete,0.0,47,34,False,0.0012423731008904743,0.00315773483905973,0.0,0.6592592592592592,0.3333333333333333,False,True,8,0,0.0,0,40,0.0,0.0,0,0.0,0.05,0.05,0.0,0.0
revocation,0.05,0.7,,complete,0.0,47,35,False,0.0009317798256678558,0.0023683011292947973,0.0,0.6690647482014388,0.3246753246753247,False,True,8,0,0.0,0,41,0.0,0.0,0,0.0,0.05,0.05,0.0,0.0
revocation,0.05,0.7,,complete,0.0,47,36,False,0.0006988348692508918,0.001776225846971098,0.0,0.6597222222222222,0.3291139240506329,False,True,8,0,0.0,0,36,0.0,0.0,0,0.0,0.05,0.05,0.0,0.0
revocation,0.05,0.7,,complete,0.0,47,37,False,0.0005241261519381689,0.0013321693852283234,0.0,0.6598639455782312,0.3292181069958848,False,True,8,0,0.1,0,42,0.0,0.0,0,0.0,0.05,0.05,0.0,0.0
revocation,0.05,0.7,,complete,0.0,47,38,False,0.0003930946139536267,0.0009991270389212426,0.0,0.66,0.3293172690763052,False,True,8,0,0.2,5,42,0.10638297872340426,1.0,5,0.0,0.05,0.05,0.0,0.0
revocation,0.05,0.7,,complete,0.0,47,39,False,0.01815196381760808,0.12574934527919093,0.0,0.6513157894736842,0.32941176470588235,False,True,8,0,0.2,8,45,0.1509433962264151,0.8461538461538461,13,0.0,0.05,0.05,0.0,0.0
revocation,0.05,0.7,,complete,0.0,48,0,False,0.0,0.0,0.0,0.0,1.0,False,True,0,0,0.0,0,0,0.0,0.0,0,0.0,0.05,0.05,0.0,0.0
revocation,0.05,0.7,,complete,0.0,48,1,False,0.0,0.0,0.3333333333333333,0.3333333333333333,0.85,False,True,0,0,0.0,0,44,0.0,0.0,0,0.0,0.05,0.05,0.0,0.0
revocation,0.05,0.7,,complete,0.0,48,2,False,0.08333333333333333,0.08333333333333333,0.4,0.4,0.7083333333333334,False,True,0,0,0.0,0,41,0.0,0.0,0,0.0,0.05,0.05,0.0,0.0
revocation,0.05,0.7,,complete,0.0,48,3,False,0.1625,0.1625,0.5714285714285714,0.5714285714285714,0.5666666666666667,False,True,0,0,0.0,0,42,0.0,0.0,0,0.0,0.05,0.05,0.0,0.0
revocation,0.05,0.7,,complete,0.0,48,4,False,0.26473214285714286,0.26473214285714286,0.6111111111111112,0.6111111111111112,0.5294117647058824,False,True,0,0,0.0,0,43,0.0,0.0,0,0.0,0.05,0.05,0.0,0.0
revocation,0.05,0.7,,complete,0.0,48,5,False,0.3513268849206349,0.3513268849206349,0.6111111111111112,0.6111111111111112,0.5142857142857142,False,True,0,0,0.0,0,43,0.0,0.0,0,0.0,0.05,0.05,0.0,0.0
revocation,0.05,0.7,,complete,0.0,48,6,False,0.41627294146825405,0.416272941468254,0.65,0.6666666666666666,0.4523809523809524,False,True,0,0,0.0,0,40,0.0,0.0,0,0.0,0.05,0.05,0.0,0.0
revocation,0.05,0.7,,complete,0.0,48,7,False,0.47470470610119053,0.47470470610119053,0.65,0.6818181818181818,0.4222222222222222,False,True,0,0,0.1,0,48,0.0,0.0,0,0.0,0.05,0.05,0.0,0.0
revocation,0.05,0.7,,complete,0.0,48,8,False,0.5185285295758929,0.5185285295758929,0.5,0.6296296296296297,0.44,True,False,1,0,0.1,6,31,0.16216216216216217,0.0,0,0.0,0.05,0.05,0.0,0.0
revocation,0.05,0.7,,complete,0.0,48,9,False,0.5138963971819197,0.5138963971819197,0.4,0.6129032258064516,0.43636363636363634,False,True,1,0,0.2,0,43,0.0,0.0,0,0.0,0.05,0.05,0.0,0.0
revocation,0.05,0.7,,complete,0.0,48,10,False,0.48542229788643976,0.48542229788643976,0.35,0.6176470588235294,0.4166666666666667,False,True,1,0,0.2,5,37,0.11904761904761904,0.2,5,0.0,0.05,0.05,0.0,0.0
revocation,0.05,0.7,,complete,0.0,48,11,False,0.44620958055768695,0.45156672341482984,0.35,0.6486486486486487,0.38235294117647056,False,True,1,0,0.2,3,39,0.07142857142857142,0.25,8,0.0,0.05,0.05,0.0,0.0
revocation,0.05,0.7,,complete,0.0,48,12,False,0.41858575684683663,0.4261750425611224,0.35,0.675,0.36486486486486486,False,True,1,0,0.2,1,39,0.025,0.3333333333333333,9,0.0,0.05,0.05,0.0,0.0
revocation,0.05,0.7,,complete,0.0,48,13,False,0.40084407953988943,0.4071312819208418,0.35,0.7045454545454546,0.3375,False,True,1,0,0.2,8,34,0.19047619047619047,0.29411764705882354,17,0.0,0.05,0.05,0.0,0.0
revocation,0.05,0.7,,complete,0.0,48,14,False,0.38613726133558934,0.39284846144063135,0.3,0.7083333333333334,0.32941176470588235,False,True,1,0,0.2,4,40,0.09090909090909091,0.3,21,0.0,0.05,0.05,0.0,0.0
revocation,0.05,0.7,,complete,0.0,48,15,False,0.364602946001692,0.3696363460804735,0.2,0.6923076923076923,0.3225806451612903,False,True,1,0,0.2,1,42,0.023255813953488372,0.35,22,0.0,0.05,0.05,0.0,0.0
revocation,0.05,0.7,,complete,0.0,48,16,False,0.32880935235841185,0.3327645843535536,0.2,0.7037037037037037,0.30927835051546393,False,True,1,0,0.3,7,36,0.16279069767441862,0.45,29,0.0,0.05,0.05000000000000001,6.938893903907228e-18,0.0
revocation,0.05,0.7,,complete,0.0,48,17,False,0.3055355856973803,0.3308234382651652,0.15,0.7068965517241379,0.3137254901960784,True,False,2,0,0.1,9,36,0.2,0.0,0,0.0,0.05,0.05,0.0,0.0
revocation,0.05,0.7,,complete,0.0,48,18,False,0.2666516892730352,0.2856175786988739,0.05,0.6935483870967742,0.3177570093457944,False,True,2,0,0.1,0,43,0.0,0.0,0,0.0,0.05,0.05,0.0,0.0
revocation,0.05,0.7,,complete,0.0,48,19,False,0.2124887669547764,0.2267131840241554,0.05,0.7205882352941176,0.30701754385964913,False,True,2,0,0.1,2,31,0.06060606060606061,0.0,2,0.0,0.05,0.05,0.0,0.0
revocation,0.05,0.7,,complete,0.0,48,20,False,0.17097371807322517,0.18253488801811657,0.05,0.7222222222222222,0.30833333333333335,False,True,2,0,0.1,2,36,0.05263157894736842,0.0,4,0.0,0.05,0.05,0.0,0.0
revocation,0.05,0.7,,complete,0.0,48,21,False,0.13983743141206176,0.14940116601358744,0.05,0.7368421052631579,0.296,False,True,2,0,0.3,3,41,0.06818181818181818,0.0,7,0.0,0.05,0.05000000000000001,6.938893903907228e-18,0.0
revocation,0.05,0.7,,complete,0.0,48,22,False,0.11469950213047489,0.12455087451019058,0.05,0.7375,0.2878787878787879,True,False,3,0,0.1,6,44,0.12,0.0,0,0.0,0.05,0.05,0.0,0.0
revocation,0.05,0.7,,complete,0.0,48,23,False,0.09852462659785617,0.10591315588264293,0.0,0.7294117647058823,0.29577464788732394,False,True,3,0,0.1,0,37,0.0,0.0,0,0.0,0.05,0.05,0.0,0.0
revocation,0.05,0.7,,complete,0.0,48,24,False,0.07389346994839212,0.07943486691198219,0.0,0.7241379310344828,0.29931972789115646,False,True,3,0,0.2,1,38,0.02564102564102564,0.0,1,0.0,0.05,0.05,0.0,0.0
revocation,0.05,0.7,,complete,0.0,48,25,False,0.05542010246129409,0.05957615018398664,0.0,0.7282608695652174,0.3006535947712418,False,True,3,0,0.2,8,26,0.23529411764705882,0.1111111111111111,9,0.0,0.05,0.05,0.0,0.0
revocation,0.05,0.7,,complete,0.0,48,26,False,0.04553333081422454,0.05591277885945794,0.0,0.7040816326530612,0.3148148148148148,False,True,3,0,0.4,8,30,0.21052631578947367,0.058823529411764705,17,0.0,0.05,0.05,0.0,0.0
revocation,0.05,0.7,,complete,0.0,48,27,False,0.03730125861487008,0.04928752532106404,0.0,0.7058823529411765,0.31137724550898205,False,True,3,0,0.4,14,35,0.2857142857142857,0.05,31,0.0,0.05,0.05,0.0,0.0
revocation,0.05,0.7,,complete,0.0,48,28,False,0.03065451538972399,0.04321564399079803,0.0,0.6981132075471698,0.3142857142857143,True,False,4,0,0.0,13,30,0.3023255813953488,0.0,0,0.0,0.05,0.05,0.0,0.0
revocation,0.05,0.7,,complete,0.0,48,29,False,0.022990886542292994,0.032411732993098526,0.0,0.7009345794392523,0.3111111111111111,False,True,4,0,0.0,0,45,0.0,0.0,0,0.0,0.05,0.05,0.0,0.0
revocation,0.05,0.7,,complete,0.0,48,30,False,0.017243164906719743,0.024308799744823896,0.0,0.7105263157894737,0.30319148936170215,False,True,4,0,0.1,0,34,0.0,0.0,0,0.0,0.05,0.05,0.0,0.0
revocation,0.05,0.7,,complete,0.0,48,31,False,0.01293237368003981,0.018231599808617924,0.0,0.7094017094017094,0.29949238578680204,False,True,4,0,0.2,3,39,0.07142857142857142,0.0,3,0.0,0.05,0.05,0.0,0.0
revocation,0.05,0.7,,complete,0.0,48,32,False,0.009699280260029858,0.013673699856463443,0.0,0.7166666666666667,0.297029702970297,False,True,4,0,0.2,2,38,0.05,0.0,5,0.0,0.05,0.05,0.0,0.0
revocation,0.05,0.7,,complete,0.0,48,33,False,0.007274460195022392,0.010255274892347583,0.0,0.71900826446281,0.29411764705882354,True,False,5,0,0.0,5,43,0.10416666666666667,0.0,0,0.0,0.05,0.05,0.0,0.0
revocation,0.05,0.7,,complete,0.0,48,34,False,0.0054558451462667955,0.007691456169260687,0.0,0.7142857142857143,0.2971698113207547,False,True,5,0,0.2,0,37,0.0,0.0,0,0.0,0.05,0.05,0.0,0.0
revocation,0.05,0.7,,complete,0.0,48,35,False,0.004091883859700096,0.005768592126945515,0.0,0.7142857142857143,0.29545454545454547,False,True,5,0,0.3,2,32,0.058823529411764705,0.0,2,0.0,0.05,0.05000000000000001,6.938893903907228e-18,0.0
revocation,0.05,0.7,,complete,0.0,48,36,False,0.003068912894775072,0.004326444095209136,0.0,0.7164179104477612,0.28888888888888886,True,False,6,0,0.0,11,34,0.24444444444444444,0.0,0,0.0,0.05,0.05,0.0,0.0
revocation,0.05,0.7,,complete,0.0,48,37,False,0.002301684671081304,0.003244833071406852,0.0,0.7194244604316546,0.2857142857142857,False,True,6,0,0.1,0,41,0.0,0.0,0,0.0,0.05,0.05,0.0,0.0
revocation,0.05,0.7,,complete,0.0,48,38,False,0.001726263503310978,0.002433624803555139,0.0,0.7163120567375887,0.28936170212765955,False,True,6,0,0.3,9,36,0.2,0.1111111111111111,9,0.0,0.05,0.05000000000000001,6.938893903907228e-18,0.0
revocation,0.05,0.7,,complete,0.0,48,39,False,0.005262951595737202,0.015714107491555242,0.0,0.7191780821917808,0.2875,True,False,7,0,0.1,8,32,0.2,0.0,0,0.0,0.05,0.05,0.0,0.0
revocation,0.05,0.7,,complete,0.0,49,0,False,0.0,0.0,0.0,0.0,1.0,False,True,0,0,0.1,0,0,0.0,0.0,0,0.0,0.05,0.05,0.0,0.0
revocation,0.05,0.7,,complete,0.0,49,1,False,0.0,0.0,0.16666666666666666,0.16666666666666666,0.8076923076923077,False,True,0,0,0.2,4,42,0.08695652173913043,1.0,4,0.0,0.05,0.05,0.0,0.0
revocation,0.05,0.7,,complete,0.0,49,2,False,0.05654761904761905,0.14583333333333334,0.2222222222222222,0.2222222222222222,0.696969696969697,False,True,0,0,0.2,14,30,0.3181818181818182,0.6111111111111112,18,0.0,0.05,0.05,0.0,0.0
revocation,0.05,0.7,,complete,0.0,49,3,False,0.10491071428571429,0.21354166666666669,0.3,0.3,0.675,False,True,0,0,0.2,3,37,0.075,0.65,21,0.0,0.05,0.05,0.0,0.0
revocation,0.05,0.7,,complete,0.0,49,4,False,0.1599330357142857,0.27890625,0.46153846153846156,0.46153846153846156,0.6041666666666666,True,False,1,0,0.0,7,31,0.18421052631578946,0.0,0,0.0,0.05,0.05,0.0,0.0
revocation,0.05,0.7,,complete,0.0,49,5,False,0.23533439217032967,0.3245643028846154,0.5,0.5,0.5882352941176471,False,True,1,0,0.0,0,42,0.0,0.0,0,0.0,0.05,0.05,0.0,0.0
revocation,0.05,0.7,,complete,0.0,49,6,False,0.3015007941277473,0.36842322716346154,0.5555555555555556,0.5555555555555556,0.5714285714285714,False,True,1,0,0.0,0,41,0.0,0.0,0,0.0,0.05,0.05,0.0,0.0
revocation,0.05,0.7,,complete,0.0,49,7,False,0.36501448448469936,0.41520630926148505,0.5,0.5454545454545454,0.546875,False,True,1,0,0.0,0,42,0.0,0.0,0,0.0,0.05,0.05,0.0,0.0
revocation,0.05,0.7,,complete,0.0,49,8,False,0.3987608633635245,0.4364047319461138,0.4,0.52,0.5362318840579711,False,True,1,0,0.0,0,42,0.0,0.0,0,0.0,0.05,0.05,0.0,0.0
revocation,0.05,0.7,,complete,0.0,49,9,False,0.3990706475226434,0.42730354895958533,0.3,0.5,0.52,False,True,1,0,0.1,0,45,0.0,0.0,0,0.0,0.05,0.05,0.0,0.0
revocation,0.05,0.7,,complete,0.0,49,10,False,0.3743029856419825,0.395477661719689,0.2,0.5294117647058824,0.4939759036144578,False,True,1,0,0.3,1,34,0.02857142857142857,1.0,1,0.0,0.05,0.05000000000000001,6.938893903907228e-18,0.0
revocation,0.05,0.7,,complete,0.0,49,11,False,0.37358438208862976,0.4466082462897668,0.2,0.5789473684210527,0.4659090909090909,False,True,1,0,0.3,8,34,0.19047619047619047,0.7777777777777778,9,0.0,0.05,0.05000000000000001,6.938893903907228e-18,0.0
revocation,0.05,0.7,,complete,0.0,49,12,False,0.36114066751885326,0.45717840693954737,0.2,0.6046511627906976,0.44680851063829785,True,False,2,0,0.0,12,28,0.3,0.0,0,0.0,0.05,0.05,0.0,0.0
revocation,0.05,0.7,,complete,0.0,49,13,False,0.3208555006391399,0.39288380520466054,0.2,0.6304347826086957,0.44,False,True,2,0,0.2,0,40,0.0,0.0,0,0.0,0.05,0.05,0.0,0.0
revocation,0.05,0.7,,complete,0.0,49,14,False,0.29064162547935496,0.3446628539034954,0.2,0.6304347826086957,0.43137254901960786,True,False,3,0,0.0,8,36,0.18181818181818182,0.0,0,0.0,0.05,0.05,0.0,0.0
revocation,0.05,0.7,,complete,0.0,49,15,False,0.2679812191095162,0.3084971404276215,0.15,0.64,0.4166666666666667,False,True,3,0,0.0,0,49,0.0,0.0,0,0.0,0.05,0.05,0.0,0.0
revocation,0.05,0.7,,complete,0.0,49,16,False,0.23848591433213714,0.2688728553207161,0.15,0.660377358490566,0.41228070175438597,False,True,3,0,0.0,0,45,0.0,0.0,0,0.0,0.05,0.05,0.0,0.0
revocation,0.05,0.7,,complete,0.0,49,17,False,0.21636443574910286,0.23915464149053708,0.1,0.6545454545454545,0.4067796610169492,False,True,3,0,0.1,0,44,0.0,0.0,0,0.0,0.05,0.05,0.0,0.0
revocation,0.05,0.7,,complete,0.0,49,18,False,0.18727332681182715,0.2043659811179028,0.1,0.6666666666666666,0.39344262295081966,False,True,3,0,0.1,1,42,0.023255813953488372,0.0,1,0.0,0.05,0.05,0.0,0.0
revocation,0.05,0.7,,complete,0.0,49,19,False,0.16366928082315607,0.1782744858384271,0.1,0.6779661016949152,0.384,False,True,3,0,0.1,1,41,0.023809523809523808,0.0,2,0.0,0.05,0.05,0.0,0.0
revocation,0.05,0.7,,complete,0.0,49,20,False,0.14596624633165275,0.1587058643788203,0.1,0.6833333333333333,0.375,False,True,3,0,0.1,1,40,0.024390243902439025,0.0,3,0.0,0.05,0.05,0.0,0.0
revocation,0.05,0.7,,complete,0.0,49,21,False,0.13268897046302527,0.14402939828411523,0.1,0.6984126984126984,0.3609022556390977,False,True,3,0,0.1,2,34,0.05555555555555555,0.0,5,0.0,0.05,0.05,0.0,0.0
revocation,0.05,0.7,,complete,0.0,49,22,False,0.12273101356155468,0.13302204871308643,0.05,0.7058823529411765,0.3617021276595745,False,True,3,0,0.2,1,37,0.02631578947368421,0.0,6,0.0,0.05,0.05,0.0,0.0
revocation,0.05,0.7,,complete,0.0,49,23,False,0.10365540302830886,0.11226653653481482,0.0,0.7083333333333334,0.3561643835616438,True,False,4,0,0.1,8,34,0.19047619047619047,0.0,0,0.0,0.05,0.05,0.0,0.0
revocation,0.05,0.7,,complete,0.0,49,24,False,0.07774155227123165,0.08419990240111111,0.0,0.7105263157894737,0.3509933774834437,False,True,4,0,0.2,0,39,0.0,0.0,0,0.0,0.05,0.05,0.0,0.0
revocation,0.05,0.7,,complete,0.0,49,25,False,0.05830616420342373,0.06314992680083334,0.0,0.7088607594936709,0.3503184713375796,True,False,5,0,0.0,2,39,0.04878048780487805,0.0,0,0.0,0.05,0.05,0.0,0.0
revocation,0.05,0.7,,complete,0.0,49,26,False,0.0437296231525678,0.047362445100625004,0.0,0.7023809523809523,0.35365853658536583,False,True,5,0,0.0,0,40,0.0,0.0,0,0.0,0.05,0.05,0.0,0.0
revocation,0.05,0.7,,complete,0.0,49,27,False,0.032797217364425854,0.03552183382546875,0.0,0.7045454545454546,0.34705882352941175,False,True,5,0,0.0,0,41,0.0,0.0,0,0.0,0.05,0.05,0.0,0.0
revocation,0.05,0.7,,complete,0.0,49,28,False,0.02459791302331939,0.026641375369101564,0.0,0.7065217391304348,0.3465909090909091,False,True,5,0,0.2,0,47,0.0,0.0,0,0.0,0.05,0.05,0.0,0.0
revocation,0.05,0.7,,complete,0.0,49,29,False,0.01844843476748954,0.019981031526826173,0.0,0.711340206185567,0.34065934065934067,True,False,6,0,0.1,7,29,0.19444444444444445,0.0,0,0.0,0.05,0.05,0.0,0.0
revocation,0.05,0.7,,complete,0.0,49,30,False,0.013836326075617158,0.014985773645119629,0.0,0.7058823529411765,0.34554973821989526,False,True,6,0,0.1,0,36,0.0,0.0,0,0.0,0.05,0.05,0.0,0.0
revocation,0.05,0.7,,complete,0.0,49,31,False,0.010377244556712868,0.01123933023383972,0.0,0.6981132075471698,0.3417085427135678,True,False,7,0,0.1,4,39,0.09302325581395349,0.0,0,0.0,0.05,0.05,0.0,0.0
revocation,0.05,0.7,,complete,0.0,49,32,False,0.0077829334175346515,0.008429497675379791,0.0,0.7009345794392523,0.3399014778325123,False,True,7,0,0.2,0,46,0.0,0.0,0,0.0,0.05,0.05,0.0,0.0
revocation,0.05,0.7,,complete,0.0,49,33,False,0.005837200063150988,0.0063221232565348435,0.0,0.6972477064220184,0.33980582524271846,True,False,8,0,0.2,8,36,0.18181818181818182,0.0,0,0.0,0.05,0.05,0.0,0.0
revocation,0.05,0.7,,complete,0.0,49,34,False,0.0043779000473632415,0.004741592442401132,0.0,0.6982758620689655,0.3364485981308411,False,True,8,0,0.3,0,35,0.0,0.0,0,0.0,0.05,0.05000000000000001,6.938893903907228e-18,0.0
revocation,0.05,0.7,,complete,0.0,49,35,False,0.003283425035522431,0.0035561943318008493,0.0,0.6967213114754098,0.33636363636363636,False,True,8,0,0.4,9,27,0.25,0.0,9,0.0,0.05,0.05,0.0,0.0
revocation,0.05,0.7,,complete,0.0,49,36,False,0.002462568776641823,0.002667145748850637,0.0,0.7063492063492064,0.32456140350877194,True,False,9,0,0.2,14,29,0.32558139534883723,0.0,0,0.0,0.05,0.05,0.0,0.0
revocation,0.05,0.7,,complete,0.0,49,37,False,0.0018469265824813674,0.0020003593116379777,0.0,0.7054263565891473,0.3261802575107296,False,True,9,0,0.2,0,43,0.0,0.0,0,0.0,0.05,0.05,0.0,0.0
revocation,0.05,0.7,,complete,0.0,49,38,False,0.0013851949368610256,0.0015002694837284833,0.0,0.7045454545454546,0.326271186440678,False,True,9,0,0.3,3,40,0.06976744186046512,0.0,3,0.0,0.05,0.05000000000000001,6.938893903907228e-18,0.0
revocation,0.05,0.7,,complete,0.0,49,39,False,0.0010388962026457692,0.0011252021127963626,0.0,0.7,0.32653061224489793,False,True,9,0,0.3,3,30,0.09090909090909091,0.0,6,0.0,0.05,0.05000000000000001,6.938893903907228e-18,0.0
revocation,0.05,0.7,,complete,0.0,50,0,False,0.0,0.0,0.0,0.0,1.0,False,True,0,0,0.0,0,0,0.0,0.0,0,0.0,0.05,0.05,0.0,0.0
revocation,0.05,0.7,,complete,0.0,50,1,False,0.0,0.0,0.21052631578947367,0.21052631578947367,0.8214285714285714,False,True,0,0,0.1,0,42,0.0,0.0,0,0.0,0.05,0.05,0.0,0.0
revocation,0.05,0.7,,complete,0.0,50,2,False,0.05263157894736842,0.05263157894736842,0.25,0.34782608695652173,0.7058823529411765,False,True,0,0,0.1,2,44,0.043478260869565216,0.0,2,0.0,0.05,0.05,0.0,0.0
revocation,0.05,0.7,,complete,0.0,50,3,False,0.0975093984962406,0.10197368421052631,0.25,0.4,0.6486486486486487,False,True,0,0,0.3,0,43,0.0,0.0,2,0.0,0.05,0.05000000000000001,6.938893903907228e-18,0.0
revocation,0.05,0.7,,complete,0.0,50,4,False,0.12670347744360902,0.13898026315789475,0.15,0.43333333333333335,0.627906976744186,True,False,1,0,0.1,9,30,0.23076923076923078,0.0,0,0.0,0.05,0.05,0.0,0.0
revocation,0.05,0.7,,complete,0.0,50,5,False,0.13252760808270675,0.14173519736842105,0.1,0.4375,0.6,False,True,1,0,0.2,0,46,0.0,0.0,0,0.0,0.05,0.05,0.0,0.0
revocation,0.05,0.7,,complete,0.0,50,6,False,0.12439570606203008,0.1313013980263158,0.1,0.45454545454545453,0.54,False,True,1,0,0.2,14,32,0.30434782608695654,1.0,14,0.0,0.05,0.05,0.0,0.0
revocation,0.05,0.7,,complete,0.0,50,7,False,0.11829677954652255,0.12347604851973684,0.05,0.4594594594594595,0.5535714285714286,False,True,1,0,0.3,9,29,0.23684210526315788,1.0,23,0.0,0.05,0.05000000000000001,6.938893903907228e-18,0.0
revocation,0.05,0.7,,complete,0.0,50,8,False,0.11818687037417763,0.22385703638980264,0.0,0.45,0.5409836065573771,False,True,1,0,0.4,9,37,0.1956521739130435,0.95,32,0.0,0.05,0.05,0.0,0.0
revocation,0.05,0.7,,complete,0.0,50,9,False,0.12256872420920466,0.286642777292352,0.0,0.4666666666666667,0.5147058823529411,True,False,2,0,0.0,12,28,0.3,0.0,0,0.0,0.05,0.05,0.0,0.0
revocation,0.05,0.7,,complete,0.0,50,10,False,0.0919265431569035,0.214982082969264,0.0,0.46808510638297873,0.5,False,True,2,0,0.1,0,43,0.0,0.0,0,0.0,0.05,0.05,0.0,0.0
revocation,0.05,0.7,,complete,0.0,50,11,False,0.06894490736767762,0.161236562226948,0.0,0.4897959183673469,0.4868421052631579,False,True,2,0,0.1,5,38,0.11627906976744186,0.2,5,0.0,0.05,0.05,0.0,0.0
revocation,0.05,0.7,,complete,0.0,50,12,False,0.05528010909718679,0.12092742167021099,0.0,0.5094339622641509,0.4588235294117647,True,False,3,0,0.0,1,37,0.02631578947368421,0.0,0,0.0,0.05,0.05,0.0,0.0
revocation,0.05,0.7,,complete,0.0,50,13,False,0.041460081822890085,0.09069556625265825,0.0,0.5517241379310345,0.42391304347826086,False,True,3,0,0.2,0,31,0.0,0.0,0,0.0,0.05,0.05,0.0,0.0
revocation,0.05,0.7,,complete,0.0,50,14,False,0.03109506136716757,0.06802167468949369,0.0,0.55,0.4166666666666667,True,False,4,0,0.0,7,34,0.17073170731707318,0.0,0,0.0,0.05,0.05,0.0,0.0
revocation,0.05,0.7,,complete,0.0,50,15,False,0.023321296025375676,0.051016256017120266,0.0,0.5384615384615384,0.41346153846153844,False,True,4,0,0.0,0,47,0.0,0.0,0,0.0,0.05,0.05,0.0,0.0
revocation,0.05,0.7,,complete,0.0,50,16,False,0.01749097201903176,0.0382621920128402,0.0,0.5441176470588235,0.4074074074074074,False,True,4,0,0.0,0,37,0.0,0.0,0,0.0,0.05,0.05,0.0,0.0
revocation,0.05,0.7,,complete,0.0,50,17,False,0.013118229014273817,0.02869664400963015,0.0,0.5555555555555556,0.4017857142857143,False,True,4,0,0.0,0,46,0.0,0.0,0,0.0,0.05,0.05,0.0,0.0
revocation,0.05,0.7,,complete,0.0,50,18,False,0.009838671760705364,0.021522483007222613,0.0,0.56,0.39316239316239315,False,True,4,0,0.3,0,45,0.0,0.0,0,0.0,0.05,0.05000000000000001,6.938893903907228e-18,0.0
revocation,0.05,0.7,,complete,0.0,50,19,False,0.007379003820529022,0.01614186225541696,0.0,0.5657894736842105,0.38016528925619836,False,True,4,0,0.3,13,26,0.3333333333333333,0.15384615384615385,13,0.0,0.05,0.05000000000000001,6.938893903907228e-18,0.0
revocation,0.05,0.7,,complete,0.0,50,20,False,0.013776011107155008,0.022560176715660234,0.0,0.5875,0.375,True,False,5,0,0.1,12,24,0.3333333333333333,0.0,0,0.0,0.05,0.05,0.0,0.0
revocation,0.05,0.7,,complete,0.0,50,21,False,0.010332008330366255,0.016920132536745174,0.0,0.6071428571428571,0.362962962962963,False,True,5,0,0.3,0,34,0.0,0.0,0,0.0,0.05,0.05000000000000001,6.938893903907228e-18,0.0
revocation,0.05,0.7,,complete,0.0,50,22,False,0.0077490062477746915,0.01269009940255888,0.0,0.6136363636363636,0.3591549295774648,False,True,5,0,0.3,1,39,0.025,0.0,1,0.0,0.05,0.05000000000000001,6.938893903907228e-18,0.0
revocation,0.05,0.7,,complete,0.0,50,23,False,0.005811754685831019,0.00951757455191916,0.0,0.6276595744680851,0.348993288590604,False,True,5,0,0.4,7,36,0.16279069767441862,0.0,8,0.0,0.05,0.05,0.0,0.0
revocation,0.05,0.7,,complete,0.0,50,24,False,0.004358816014373264,0.00713818091393937,0.0,0.6391752577319587,0.33766233766233766,True,False,6,0,0.0,10,28,0.2631578947368421,0.0,0,0.0,0.05,0.05,0.0,0.0
revocation,0.05,0.7,,complete,0.0,50,25,False,0.003269112010779948,0.005353635685454528,0.0,0.6534653465346535,0.32298136645962733,False,True,6,0,0.1,0,43,0.0,0.0,0,0.0,0.05,0.05,0.0,0.0
revocation,0.05,0.7,,complete,0.0,50,26,False,0.002451834008084961,0.004015226764090896,0.0,0.6601941747572816,0.3192771084337349,True,False,7,0,0.0,2,41,0.046511627906976744,0.0,0,0.0,0.05,0.05,0.0,0.0
revocation,0.05,0.7,,complete,0.0,50,27,False,0.0018388755060637209,0.003011420073068172,0.0,0.6635514018691588,0.3160919540229885,False,True,7,0,0.0,0,45,0.0,0.0,0,0.0,0.05,0.05,0.0,0.0
revocation,0.05,0.7,,complete,0.0,50,28,False,0.0013791566295477905,0.002258565054801129,0.0,0.6666666666666666,0.3202247191011236,False,True,7,0,0.0,0,40,0.0,0.0,0,0.0,0.05,0.05,0.0,0.0
revocation,0.05,0.7,,complete,0.0,50,29,False,0.001034367472160843,0.0016939237911008467,0.0,0.6607142857142857,0.3224043715846995,False,True,7,0,0.0,0,39,0.0,0.0,0,0.0,0.05,0.05,0.0,0.0
revocation,0.05,0.7,,complete,0.0,50,30,False,0.0007757756041206322,0.0012704428433256351,0.0,0.6724137931034483,0.32105263157894737,False,True,7,0,0.1,0,41,0.0,0.0,0,0.0,0.05,0.05,0.0,0.0
revocation,0.05,0.7,,complete,0.0,50,31,False,0.0005818317030904742,0.0009528321324942263,0.0,0.6694214876033058,0.3197969543147208,False,True,7,0,0.1,3,40,0.06976744186046512,1.0,3,0.0,0.05,0.05,0.0,0.0
revocation,0.05,0.7,,complete,0.0,50,32,False,0.00043637377731785564,0.0007146240993706698,0.0,0.6721311475409836,0.31527093596059114,False,True,7,0,0.2,6,44,0.12,1.0,9,0.0,0.05,0.05,0.0,0.0
revocation,0.05,0.7,,complete,0.0,50,33,False,0.01818442319013125,0.12519825032685172,0.0,0.672,0.3140096618357488,False,True,7,0,0.3,7,36,0.16279069767441862,0.875,16,0.0,0.05,0.05000000000000001,6.938893903907228e-18,0.0
revocation,0.05,0.7,,complete,0.0,50,34,False,0.029263317392598437,0.2032736877451388,0.0,0.6466165413533834,0.3302325581395349,False,True,7,0,0.5,7,33,0.175,0.75,23,0.0,0.05,0.05,0.0,0.0
revocation,0.05,0.7,,complete,0.0,50,35,False,0.048733202330163115,0.2462052658088541,0.0,0.6496350364963503,0.33031674208144796,True,False,8,0,0.0,11,30,0.2682926829268293,0.0,0,0.0,0.05,0.05,0.0,0.0
revocation,0.05,0.7,,complete,0.0,50,36,False,0.03654990174762234,0.1846539493566406,0.0,0.6597222222222222,0.32456140350877194,False,True,8,0,0.2,0,34,0.0,0.0,0,0.0,0.05,0.05,0.0,0.0
revocation,0.05,0.7,,complete,0.0,50,37,False,0.027412426310716755,0.13849046201748044,0.0,0.6533333333333333,0.3291139240506329,False,True,8,0,0.2,9,40,0.1836734693877551,0.8888888888888888,9,0.0,0.05,0.05,0.0,0.0
revocation,0.05,0.7,,complete,0.0,50,38,False,0.03643233560605343,0.11117936346617911,0.0,0.6535947712418301,0.3305785123966942,False,True,8,0,0.3,9,32,0.21951219512195122,0.8333333333333334,18,0.0,0.05,0.05000000000000001,6.938893903907228e-18,0.0
revocation,0.05,0.7,,complete,0.0,50,39,False,0.042205204085492457,0.187551189266301,0.0,0.6558441558441559,0.32926829268292684,False,True,8,0,0.4,7,34,0.17073170731707318,0.7,25,0.0,0.05,0.05,0.0,0.0
revocation,0.05,0.7,,complete,0.0,51,0,False,0.0,0.0,0.0,0.0,1.0,False,True,0,0,0.0,0,0,0.0,0.0,0,0.0,0.05,0.05,0.0,0.0
revocation,0.05,0.7,,complete,0.0,51,1,False,0.0,0.0,0.14285714285714285,0.14285714285714285,0.8709677419354839,False,True,0,0,0.2,0,45,0.0,0.0,0,0.0,0.05,0.05,0.0,0.0
revocation,0.05,0.7,,complete,0.0,51,2,False,0.03571428571428571,0.03571428571428571,0.2777777777777778,0.2777777777777778,0.7777777777777778,False,True,0,0,0.3,4,34,0.10526315789473684,0.0,4,0.0,0.05,0.05000000000000001,6.938893903907228e-18,0.0
revocation,0.05,0.7,,complete,0.0,51,3,False,0.08630952380952382,0.09623015873015874,0.2,0.3333333333333333,0.7209302325581395,True,False,1,0,0.0,11,33,0.25,0.0,0,0.0,0.05,0.05,0.0,0.0
revocation,0.05,0.7,,complete,0.0,51,4,False,0.11473214285714287,0.12217261904761906,0.15,0.39285714285714285,0.6666666666666666,False,True,1,0,0.0,0,41,0.0,0.0,0,0.0,0.05,0.05,0.0,0.0
revocation,0.05,0.7,,complete,0.0,51,5,False,0.12354910714285715,0.12912946428571428,0.15,0.41379310344827586,0.6481481481481481,False,True,1,0,0.0,0,40,0.0,0.0,0,0.0,0.05,0.05,0.0,0.0
revocation,0.05,0.7,,complete,0.0,51,6,False,0.13016183035714288,0.13434709821428573,0.15,0.46875,0.6101694915254238,False,True,1,0,0.2,0,42,0.0,0.0,0,0.0,0.05,0.05,0.0,0.0
revocation,0.05,0.7,,complete,0.0,51,7,False,0.13512137276785716,0.1382603236607143,0.1,0.47058823529411764,0.5873015873015873,False,True,1,0,0.2,3,37,0.075,0.0,3,0.0,0.05,0.05,0.0,0.0
revocation,0.05,0.7,,complete,0.0,51,8,False,0.12455531529017859,0.12869524274553573,0.1,0.5263157894736842,0.5362318840579711,False,True,1,0,0.2,2,41,0.046511627906976744,0.0,5,0.0,0.05,0.05,0.0,0.0
revocation,0.05,0.7,,complete,0.0,51,9,False,0.11663077218191965,0.12152143205915181,0.05,0.5333333333333333,0.5128205128205128,False,True,1,0,0.3,3,39,0.07142857142857142,0.125,8,0.0,0.05,0.05000000000000001,6.938893903907228e-18,0.0
revocation,0.05,0.7,,complete,0.0,51,10,False,0.10265165056501117,0.11301607404436387,0.0,0.5490196078431373,0.4883720930232558,False,True,1,0,0.4,10,27,0.2702702702702703,0.1111111111111111,18,0.0,0.05,0.05,0.0,0.0
revocation,0.05,0.7,,complete,0.0,51,11,False,0.08294111887613934,0.0986509444221618,0.0,0.5636363636363636,0.4787234042553192,True,False,2,0,0.0,13,29,0.30952380952380953,0.0,0,0.0,0.05,0.05,0.0,0.0
revocation,0.05,0.7,,complete,0.0,51,12,False,0.0622058391571045,0.07398820831662134,0.0,0.5645161290322581,0.4803921568627451,False,True,2,0,0.0,0,33,0.0,0.0,0,0.0,0.05,0.05,0.0,0.0
revocation,0.05,0.7,,complete,0.0,51,13,False,0.04665437936782838,0.055491156237466005,0.0,0.5846153846153846,0.4537037037037037,False,True,2,0,0.0,0,43,0.0,0.0,0,0.0,0.05,0.05,0.0,0.0
revocation,0.05,0.7,,complete,0.0,51,14,False,0.03499078452587128,0.041618367178099504,0.0,0.5797101449275363,0.45132743362831856,False,True,2,0,0.1,0,41,0.0,0.0,0,0.0,0.05,0.05,0.0,0.0
revocation,0.05,0.7,,complete,0.0,51,15,False,0.026243088394403462,0.03121377538357463,0.0,0.589041095890411,0.4369747899159664,True,False,3,0,0.1,4,36,0.1,0.0,0,0.0,0.05,0.05,0.0,0.0
revocation,0.05,0.7,,complete,0.0,51,16,False,0.0196823162958026,0.023410331537680972,0.0,0.5945945945945946,0.43902439024390244,False,True,3,0,0.2,0,46,0.0,0.0,0,0.0,0.05,0.05,0.0,0.0
revocation,0.05,0.7,,complete,0.0,51,17,False,0.014761737221851947,0.017557748653260728,0.0,0.5921052631578947,0.43410852713178294,False,True,3,0,0.2,4,41,0.08888888888888889,0.75,4,0.0,0.05,0.05,0.0,0.0
revocation,0.05,0.7,,complete,0.0,51,18,False,0.024464160059246103,0.10412581004036059,0.0,0.5925925925925926,0.42962962962962964,False,True,3,0,0.2,9,32,0.21951219512195122,0.7692307692307693,13,0.0,0.05,0.05,0.0,0.0
revocation,0.05,0.7,,complete,0.0,51,19,False,0.03208438378069831,0.1742482036841166,0.0,0.5813953488372093,0.4326241134751773,False,True,3,0,0.2,4,31,0.11428571428571428,0.8235294117647058,17,0.0,0.05,0.05,0.0,0.0
revocation,0.05,0.7,,complete,0.0,51,20,False,0.03876917018846491,0.23362732923367566,0.0,0.5747126436781609,0.4315068493150685,False,True,3,0,0.2,8,35,0.18604651162790697,0.75,25,0.0,0.05,0.05,0.0,0.0
revocation,0.05,0.7,,complete,0.0,51,21,False,0.04246973478420583,0.26897049692525676,0.0,0.5869565217391305,0.4276315789473684,False,True,3,0,0.4,8,31,0.20512820512820512,0.8,33,0.0,0.05,0.05,0.0,0.0
revocation,0.05,0.7,,complete,0.0,51,22,False,0.06042372965958294,0.3017278726939426,0.0,0.5773195876288659,0.44025157232704404,True,False,4,0,0.0,9,26,0.2571428571428571,0.0,0,0.0,0.05,0.05,0.0,0.0
revocation,0.05,0.7,,complete,0.0,51,23,False,0.04531779724468721,0.22629590452045695,0.0,0.59,0.4294478527607362,False,True,4,0,0.1,0,44,0.0,0.0,0,0.0,0.05,0.05,0.0,0.0
revocation,0.05,0.7,,complete,0.0,51,24,False,0.03398834793351541,0.16972192839034272,0.0,0.5961538461538461,0.4235294117647059,False,True,4,0,0.1,3,38,0.07317073170731707,0.0,3,0.0,0.05,0.05,0.0,0.0
revocation,0.05,0.7,,complete,0.0,51,25,False,0.025491260950136558,0.12729144629275704,0.0,0.6,0.4157303370786517,True,False,5,0,0.2,6,41,0.1276595744680851,0.0,0,0.0,0.05,0.05,0.0,0.0
revocation,0.05,0.7,,complete,0.0,51,26,False,0.019118445712602416,0.09546858471956779,0.0,0.6036036036036037,0.4134078212290503,False,True,5,0,0.3,0,43,0.0,0.0,0,0.0,0.05,0.05000000000000001,6.938893903907228e-18,0.0
revocation,0.05,0.7,,complete,0.0,51,27,False,0.014338834284451816,0.07160143853967585,0.0,0.6173913043478261,0.4,True,False,6,0,0.0,9,32,0.21951219512195122,0.0,0,0.0,0.05,0.05,0.0,0.0
revocation,0.05,0.7,,complete,0.0,51,28,False,0.010754125713338862,0.05370107890475689,0.0,0.6271186440677966,0.39790575916230364,False,True,6,0,0.0,0,36,0.0,0.0,0,0.0,0.05,0.05,0.0,0.0
revocation,0.05,0.7,,complete,0.0,51,29,False,0.008065594285004146,0.04027580917856766,0.0,0.6147540983606558,0.398989898989899,False,True,6,0,0.0,0,36,0.0,0.0,0,0.0,0.05,0.05,0.0,0.0
revocation,0.05,0.7,,complete,0.0,51,30,False,0.00604919571375311,0.03020685688392575,0.0,0.616,0.39603960396039606,False,True,6,0,0.0,0,42,0.0,0.0,0,0.0,0.05,0.05,0.0,0.0
revocation,0.05,0.7,,complete,0.0,51,31,False,0.004536896785314833,0.022655142662944314,0.0,0.6220472440944882,0.3894230769230769,False,True,6,0,0.1,0,44,0.0,0.0,0,0.0,0.05,0.05,0.0,0.0
revocation,0.05,0.7,,complete,0.0,51,32,False,0.003402672588986124,0.016991356997208235,0.0,0.6212121212121212,0.3878504672897196,False,True,6,0,0.1,0,36,0.0,0.0,0,0.0,0.05,0.05,0.0,0.0
revocation,0.05,0.7,,complete,0.0,51,33,False,0.0025520044417395933,0.012743517747906177,0.0,0.6165413533834586,0.39351851851851855,False,True,6,0,0.2,0,45,0.0,0.0,0,0.0,0.05,0.05,0.0,0.0
revocation,0.05,0.7,,complete,0.0,51,34,False,0.0019140033313046949,0.009557638310929633,0.0,0.6176470588235294,0.39090909090909093,False,True,6,0,0.4,8,41,0.16326530612244897,0.875,8,0.0,0.05,0.05,0.0,0.0
revocation,0.05,0.7,,complete,0.0,51,35,False,0.01706050249847852,0.10947398549715559,0.0,0.6142857142857143,0.39035087719298245,True,False,7,0,0.1,16,22,0.42105263157894735,0.0,0,0.0,0.05,0.05,0.0,0.0
revocation,0.05,0.7,,complete,0.0,51,36,False,0.01279537687385889,0.08210548912286669,0.0,0.6180555555555556,0.39148936170212767,False,True,7,0,0.1,0,37,0.0,0.0,0,0.0,0.05,0.05,0.0,0.0
revocation,0.05,0.7,,complete,0.0,51,37,False,0.009596532655394169,0.06157911684215002,0.0,0.6190476190476191,0.3925619834710744,False,True,7,0,0.2,1,43,0.022727272727272728,0.0,1,0.0,0.05,0.05,0.0,0.0
revocation,0.05,0.7,,complete,0.0,51,38,False,0.007197399491545626,0.04618433763161252,0.0,0.625,0.3895582329317269,False,True,7,0,0.3,3,40,0.06976744186046512,0.0,4,0.0,0.05,0.05000000000000001,6.938893903907228e-18,0.0
revocation,0.05,0.7,,complete,0.0,51,39,False,0.0053980496186592205,0.03463825322370939,0.0,0.6233766233766234,0.38735177865612647,False,True,7,0,0.4,8,41,0.16326530612244897,0.0,12,0.0,0.05,0.05,0.0,0.0
revocation,0.05,0.7,,complete,0.5,42,0,False,0.0,0.0,0.0,0.0,1.0,False,True,0,0,0.1,0,0,0.0,0.0,0,0.0,0.05,0.05,0.0,0.0
revocation,0.05,0.7,,complete,0.5,42,1,False,0.0,0.0,0.42857142857142855,0.42857142857142855,0.8181818181818182,False,True,0,0,0.5,4,48,0.07692307692307693,0.0,4,0.0,0.05,0.05,0.0,0.0
revocation,0.05,0.7,,complete,0.5,42,2,False,0.06887755102040816,0.10714285714285714,0.5,0.5,0.7407407407407407,False,True,0,0,0.5,16,26,0.38095238095238093,0.0,20,0.0,0.05,0.05,0.0,0.0
revocation,0.05,0.7,,complete,0.5,42,3,False,0.13201530612244897,0.20535714285714285,0.6666666666666666,0.6666666666666666,0.5882352941176471,True,False,1,0,0.0,12,26,0.3157894736842105,0.0,0,0.0,0.05,0.05,0.0,0.0
revocation,0.05,0.7,,complete,0.5,42,4,False,0.2656781462585034,0.32068452380952384,0.6875,0.6875,0.5714285714285714,False,True,1,0,0.1,0,41,0.0,0.0,0,0.0,0.05,0.05,0.0,0.0
revocation,0.05,0.7,,complete,0.5,42,5,False,0.37113360969387754,0.4123883928571429,0.7,0.7142857142857143,0.5121951219512195,False,True,1,0,0.2,1,34,0.02857142857142857,0.0,1,0.0,0.05,0.05,0.0,0.0
revocation,0.05,0.7,,complete,0.5,42,6,False,0.44085020727040813,0.4842912946428572,0.65,0.7083333333333334,0.4888888888888889,False,True,1,0,0.2,7,39,0.15217391304347827,0.75,8,0.0,0.05,0.05,0.0,0.0
revocation,0.05,0.7,,complete,0.5,42,7,False,0.49492336973852036,0.5257184709821429,0.55,0.6785714285714286,0.47058823529411764,False,True,1,0,0.3,6,36,0.14285714285714285,0.8571428571428571,14,0.0,0.05,0.05000000000000001,6.938893903907228e-18,0.0
revocation,0.05,0.7,,complete,0.5,42,8,False,0.5196619150589923,0.5458156040736606,0.55,0.6896551724137931,0.43859649122807015,False,True,1,0,0.3,16,33,0.32653061224489793,0.7,30,0.0,0.05,0.05000000000000001,6.938893903907228e-18,0.0
revocation,0.05,0.7,,complete,0.5,42,9,False,0.532603579151387,0.5656117030552454,0.35,0.6176470588235294,0.4603174603174603,True,False,2,0,0.1,15,25,0.375,0.0,0,0.0,0.05,0.05,0.0,0.0
revocation,0.05,0.7,,complete,0.5,42,10,False,0.4869526843635403,0.511708777291434,0.35,0.6388888888888888,0.4393939393939394,False,True,2,0,0.1,0,41,0.0,0.0,0,0.0,0.05,0.05,0.0,0.0
revocation,0.05,0.7,,complete,0.5,42,11,False,0.4527145132726552,0.4712815829685756,0.35,0.6666666666666666,0.4142857142857143,False,True,2,0,0.1,2,45,0.0425531914893617,0.0,2,0.0,0.05,0.05,0.0,0.0
revocation,0.05,0.7,,complete,0.5,42,12,False,0.4207858849544914,0.44096118722643174,0.3,0.6666666666666666,0.40540540540540543,False,True,2,0,0.1,1,42,0.023255813953488372,0.0,3,0.0,0.05,0.05,0.0,0.0
revocation,0.05,0.7,,complete,0.5,42,13,False,0.38523227085872563,0.4057208904198238,0.3,0.6888888888888889,0.375,False,True,2,0,0.2,3,38,0.07317073170731707,0.0,6,0.0,0.05,0.05,0.0,0.0
revocation,0.05,0.7,,complete,0.5,42,14,False,0.35320991742975855,0.37929066781486787,0.3,0.7021276595744681,0.3614457831325301,True,False,3,0,0.2,5,35,0.125,0.0,0,0.0,0.05,0.05,0.0,0.0
revocation,0.05,0.7,,complete,0.5,42,15,False,0.33990743807231893,0.3594680008611509,0.3,0.7142857142857143,0.3488372093023256,False,True,3,0,0.3,0,46,0.0,0.0,0,0.0,0.05,0.05000000000000001,6.938893903907228e-18,0.0
revocation,0.05,0.7,,complete,0.5,42,16,False,0.32993057855423924,0.3446010006458632,0.15,0.6909090909090909,0.3617021276595745,True,False,4,0,0.1,9,28,0.24324324324324326,0.0,0,0.0,0.05,0.05,0.0,0.0
revocation,0.05,0.7,,complete,0.5,42,17,False,0.2849479339156794,0.29595075048439734,0.1,0.6896551724137931,0.3469387755102041,False,True,4,0,0.1,0,43,0.0,0.0,0,0.0,0.05,0.05,0.0,0.0
revocation,0.05,0.7,,complete,0.5,42,18,False,0.23871095043675952,0.246963062863298,0.1,0.6949152542372882,0.3434343434343434,False,True,4,0,0.2,3,41,0.06818181818181818,0.0,3,0.0,0.05,0.05,0.0,0.0
revocation,0.05,0.7,,complete,0.5,42,19,False,0.20046178425614108,0.2102222971474735,0.1,0.7096774193548387,0.3269230769230769,True,False,5,0,0.1,3,39,0.07142857142857142,0.0,0,0.0,0.05,0.05,0.0,0.0
revocation,0.05,0.7,,complete,0.5,42,20,False,0.17534633819210582,0.18266672286060512,0.1,0.71875,0.3177570093457944,False,True,5,0,0.2,0,38,0.0,0.0,0,0.0,0.05,0.05,0.0,0.0
revocation,0.05,0.7,,complete,0.5,42,21,False,0.15650975364407935,0.16200004214545383,0.1,0.7272727272727273,0.3008849557522124,False,True,5,0,0.3,5,38,0.11627906976744186,1.0,5,0.0,0.05,0.05000000000000001,6.938893903907228e-18,0.0
revocation,0.05,0.7,,complete,0.5,42,22,False,0.17452517237591667,0.25303121749153823,0.05,0.7205882352941176,0.3103448275862069,True,False,6,0,0.0,9,33,0.21428571428571427,0.0,0,0.0,0.05,0.05,0.0,0.0
revocation,0.05,0.7,,complete,0.5,42,23,False,0.1433938792819375,0.20227341311865368,0.05,0.7183098591549296,0.30578512396694213,False,True,6,0,0.0,0,38,0.0,0.0,0,0.0,0.05,0.05,0.0,0.0
revocation,0.05,0.7,,complete,0.5,42,24,False,0.12004540946145312,0.16420505983899028,0.0,0.7123287671232876,0.30158730158730157,False,True,6,0,0.0,0,47,0.0,0.0,0,0.0,0.05,0.05,0.0,0.0
revocation,0.05,0.7,,complete,0.5,42,25,False,0.09003405709608983,0.12315379487924272,0.0,0.7027027027027027,0.3023255813953488,False,True,6,0,0.0,0,46,0.0,0.0,0,0.0,0.05,0.05,0.0,0.0
revocation,0.05,0.7,,complete,0.5,42,26,False,0.06752554282206738,0.09236534615943204,0.0,0.7066666666666667,0.2932330827067669,False,True,6,0,0.0,0,45,0.0,0.0,0,0.0,0.05,0.05,0.0,0.0
revocation,0.05,0.7,,complete,0.5,42,27,False,0.050644157116550535,0.06927400961957403,0.0,0.7215189873417721,0.2846715328467153,False,True,6,0,0.2,0,33,0.0,0.0,0,0.0,0.05,0.05,0.0,0.0
revocation,0.05,0.7,,complete,0.5,42,28,False,0.03798311783741291,0.05195550721468052,0.0,0.7108433734939759,0.2916666666666667,False,True,6,0,0.4,0,35,0.0,0.0,0,0.0,0.05,0.05,0.0,0.0
revocation,0.05,0.7,,complete,0.5,42,29,False,0.028487338378059675,0.038966630411010394,0.0,0.7093023255813954,0.2953020134228188,False,True,6,0,0.5,11,35,0.2391304347826087,0.8181818181818182,11,0.0,0.05,0.05,0.0,0.0
revocation,0.05,0.7,,complete,0.5,42,30,False,0.0651966726147136,0.1207614789708983,0.0,0.6777777777777778,0.3096774193548387,False,True,6,0,0.5,9,30,0.23076923076923078,0.75,20,0.0,0.05,0.05,0.0,0.0
revocation,0.05,0.7,,complete,0.5,42,31,False,0.08907607588960663,0.18432110922817374,0.0,0.6736842105263158,0.3128834355828221,False,True,6,0,0.6,12,25,0.32432432432432434,0.65,32,0.0,0.05,0.05000000000000001,6.938893903907228e-18,0.0
revocation,0.05,0.7,,complete,0.5,42,32,False,0.11323562834577638,0.21949083192113028,0.0,0.6633663366336634,0.30994152046783624,True,False,7,0,0.0,15,28,0.3488372093023256,0.0,0,0.0,0.05,0.05,0.0,0.0
revocation,0.05,0.7,,complete,0.5,42,33,False,0.08492672125933229,0.1646181239408477,0.0,0.6601941747572816,0.3125,False,True,7,0,0.1,0,45,0.0,0.0,0,0.0,0.05,0.05,0.0,0.0
revocation,0.05,0.7,,complete,0.5,42,34,False,0.06369504094449921,0.12346359295563578,0.0,0.6605504587155964,0.3081081081081081,True,False,8,0,0.1,3,35,0.07894736842105263,0.0,0,0.0,0.05,0.05,0.0,0.0
revocation,0.05,0.7,,complete,0.5,42,35,False,0.04777128070837441,0.09259769471672682,0.0,0.6637931034482759,0.3072916666666667,False,True,8,0,0.1,0,38,0.0,0.0,0,0.0,0.05,0.05,0.0,0.0
revocation,0.05,0.7,,complete,0.5,42,36,False,0.03582846053128081,0.06944827103754511,0.0,0.6722689075630253,0.3010204081632653,False,True,8,0,0.2,1,38,0.02564102564102564,0.0,1,0.0,0.05,0.05,0.0,0.0
revocation,0.05,0.7,,complete,0.5,42,37,False,0.026871345398460606,0.052086203278158834,0.0,0.6746031746031746,0.30392156862745096,False,True,8,0,0.3,5,29,0.14705882352941177,0.6666666666666666,6,0.0,0.05,0.05000000000000001,6.938893903907228e-18,0.0
revocation,0.05,0.7,,complete,0.5,42,38,False,0.043963032858369264,0.12239798579195246,0.0,0.6821705426356589,0.2995169082125604,False,True,8,0,0.5,6,35,0.14634146341463414,0.6666666666666666,12,0.0,0.05,0.05,0.0,0.0
revocation,0.05,0.7,,complete,0.5,42,39,False,0.08059132226282455,0.17513182267729765,0.0,0.6791044776119403,0.3051643192488263,True,False,9,0,0.0,13,20,0.3939393939393939,0.0,0,0.0,0.05,0.05,0.0,0.0
revocation,0.05,0.7,,complete,0.5,43,0,False,0.0,0.0,0.0,0.0,1.0,False,True,0,0,0.0,0,0,0.0,0.0,0,0.0,0.05,0.05,0.0,0.0
revocation,0.05,0.7,,complete,0.5,43,1,False,0.0,0.0,0.09090909090909091,0.09090909090909091,0.8518518518518519,False,True,0,0,0.0,0,50,0.0,0.0,0,0.0,0.05,0.05,0.0,0.0
revocation,0.05,0.7,,complete,0.5,43,2,False,0.022727272727272728,0.022727272727272728,0.29411764705882354,0.29411764705882354,0.7352941176470589,False,True,0,0,0.1,0,35,0.0,0.0,0,0.0,0.05,0.05,0.0,0.0
revocation,0.05,0.7,,complete,0.5,43,3,False,0.09057486631016043,0.09057486631016043,0.4,0.42857142857142855,0.6190476190476191,False,True,0,0,0.2,1,37,0.02631578947368421,0.0,1,0.0,0.05,0.05,0.0,0.0
revocation,0.05,0.7,,complete,0.5,43,4,False,0.16078829258976318,0.16793114973262033,0.35,0.48,0.574468085106383,False,True,0,0,0.5,1,36,0.02702702702702703,0.0,2,0.0,0.05,0.05,0.0,0.0
revocation,0.05,0.7,,complete,0.5,43,5,False,0.18934121944232235,0.21344836229946523,0.3,0.5333333333333333,0.509090909090909,False,True,0,0,0.5,16,18,0.47058823529411764,0.3333333333333333,18,0.0,0.05,0.05,0.0,0.0
revocation,0.05,0.7,,complete,0.5,43,6,False,0.21879162886745607,0.23508627172459895,0.25,0.53125,0.5172413793103449,False,True,0,0,0.5,10,32,0.23809523809523808,0.35,28,0.0,0.05,0.05,0.0,0.0
revocation,0.05,0.7,,complete,0.5,43,7,False,0.23195086450773492,0.2388147037934492,0.2,0.5227272727272727,0.5072463768115942,True,False,1,0,0.0,14,21,0.4,0.0,0,0.0,0.05,0.05,0.0,0.0
revocation,0.05,0.7,,complete,0.5,43,8,False,0.22396314838080117,0.2291110278450869,0.15,0.5319148936170213,0.47368421052631576,False,True,1,0,0.0,0,46,0.0,0.0,0,0.0,0.05,0.05,0.0,0.0
revocation,0.05,0.7,,complete,0.5,43,9,False,0.2054723612856009,0.20933327088381518,0.15,0.5416666666666666,0.45569620253164556,False,True,1,0,0.2,0,45,0.0,0.0,0,0.0,0.05,0.05,0.0,0.0
revocation,0.05,0.7,,complete,0.5,43,10,False,0.19160427096420068,0.1944999531628614,0.1,0.54,0.4578313253012048,False,True,1,0,0.2,9,40,0.1836734693877551,0.6666666666666666,9,0.0,0.05,0.05,0.0,0.0
revocation,0.05,0.7,,complete,0.5,43,11,False,0.17882225084219813,0.24170829820547937,0.05,0.5862068965517241,0.42857142857142855,True,False,2,0,0.0,9,29,0.23684210526315788,0.0,0,0.0,0.05,0.05,0.0,0.0
revocation,0.05,0.7,,complete,0.5,43,12,False,0.1466166881316486,0.19378122365410955,0.05,0.5932203389830508,0.42105263157894735,False,True,2,0,0.2,0,40,0.0,0.0,0,0.0,0.05,0.05,0.0,0.0
revocation,0.05,0.7,,complete,0.5,43,13,False,0.12246251609873646,0.15783591774058217,0.05,0.6065573770491803,0.40404040404040403,False,True,2,0,0.2,3,41,0.06818181818181818,0.3333333333333333,3,0.0,0.05,0.05,0.0,0.0
revocation,0.05,0.7,,complete,0.5,43,14,False,0.10940641088357615,0.1352115231773645,0.0,0.59375,0.4095238095238095,False,True,2,0,0.4,3,35,0.07894736842105263,0.3333333333333333,6,0.0,0.05,0.05,0.0,0.0
revocation,0.05,0.7,,complete,0.5,43,15,False,0.09395957006744401,0.14307530904969004,0.0,0.6142857142857143,0.3963963963963964,False,True,2,0,0.5,5,30,0.14285714285714285,0.36363636363636365,11,0.0,0.05,0.05,0.0,0.0
revocation,0.05,0.7,,complete,0.5,43,16,False,0.08995019703110249,0.152761027241813,0.0,0.6233766233766234,0.3898305084745763,True,False,3,0,0.1,10,23,0.30303030303030304,0.0,0,0.0,0.05,0.05,0.0,0.0
revocation,0.05,0.7,,complete,0.5,43,17,False,0.06746264777332688,0.11457077043135976,0.0,0.6329113924050633,0.3870967741935484,False,True,3,0,0.1,0,44,0.0,0.0,0,0.0,0.05,0.05,0.0,0.0
revocation,0.05,0.7,,complete,0.5,43,18,False,0.05059698582999515,0.08592807782351981,0.0,0.6296296296296297,0.3828125,False,True,3,0,0.1,0,46,0.0,0.0,0,0.0,0.05,0.05,0.0,0.0
revocation,0.05,0.7,,complete,0.5,43,19,False,0.03794773937249636,0.06444605836763986,0.0,0.6395348837209303,0.373134328358209,False,True,3,0,0.1,2,40,0.047619047619047616,0.0,2,0.0,0.05,0.05,0.0,0.0
revocation,0.05,0.7,,complete,0.5,43,20,False,0.028460804529372274,0.0483345437757299,0.0,0.6395348837209303,0.3669064748201439,False,True,3,0,0.3,1,39,0.025,0.0,3,0.0,0.05,0.05000000000000001,6.938893903907228e-18,0.0
revocation,0.05,0.7,,complete,0.5,43,21,False,0.021345603397029206,0.03625090783179742,0.0,0.6555555555555556,0.35172413793103446,False,True,3,0,0.5,4,36,0.1,0.0,7,0.0,0.05,0.05,0.0,0.0
revocation,0.05,0.7,,complete,0.5,43,22,False,0.016009202547771904,0.027188180873848066,0.0,0.6483516483516484,0.35374149659863946,False,True,3,0,0.5,13,29,0.30952380952380953,0.35,20,0.0,0.05,0.05,0.0,0.0
revocation,0.05,0.7,,complete,0.5,43,23,False,0.03700690191082893,0.06414113565538604,0.0,0.648936170212766,0.3618421052631579,False,True,3,0,0.6,21,27,0.4375,0.4,41,0.0,0.05,0.05000000000000001,6.938893903907228e-18,0.0
revocation,0.05,0.7,,complete,0.5,43,24,False,0.06346946214740741,0.09810585174153953,0.0,0.6464646464646465,0.3630573248407643,False,True,3,0,0.8,17,26,0.3953488372093023,0.35,58,0.0,0.05,0.05,0.0,0.0
revocation,0.05,0.7,,complete,0.5,43,25,False,0.08510209661055557,0.11732938880615465,0.0,0.6504854368932039,0.36024844720496896,True,False,4,0,0.3,23,17,0.575,0.0,0,0.0,0.05,0.05000000000000001,6.938893903907228e-18,0.0
revocation,0.05,0.7,,complete,0.5,43,26,False,0.06382657245791666,0.087997041604616,0.0,0.6666666666666666,0.3473053892215569,False,True,4,0,0.4,0,33,0.0,0.0,0,0.0,0.05,0.05,0.0,0.0
revocation,0.05,0.7,,complete,0.5,43,27,False,0.0478699293434375,0.065997781203462,0.0,0.672566371681416,0.3448275862068966,False,True,4,0,0.5,3,31,0.08823529411764706,0.3333333333333333,3,0.0,0.05,0.05,0.0,0.0
revocation,0.05,0.7,,complete,0.5,43,28,False,0.05971197081710194,0.09116500256926316,0.0,0.6722689075630253,0.34444444444444444,False,True,4,0,0.7,8,31,0.20512820512820512,0.09090909090909091,11,0.0,0.05,0.05,0.0,0.0
revocation,0.05,0.7,,complete,0.5,43,29,False,0.054524237853086195,0.07973738829058373,0.0,0.6776859504132231,0.33879781420765026,False,True,4,0,0.7,20,27,0.425531914893617,0.0,31,0.0,0.05,0.05,0.0,0.0
revocation,0.05,0.7,,complete,0.5,43,30,False,0.04089317838981465,0.059803041217937794,0.0,0.6854838709677419,0.3333333333333333,False,True,4,0,0.8,21,24,0.4666666666666667,0.1,52,0.0,0.05,0.05,0.0,0.0
revocation,0.05,0.7,,complete,0.5,43,31,False,0.04316988379236098,0.057352280913453346,0.0,0.7,0.31958762886597936,False,True,4,0,0.9,24,19,0.5581395348837209,0.1,76,0.0,0.05,0.05,0.0,0.0
revocation,0.05,0.7,,complete,0.5,43,32,False,0.044877412844270735,0.05551421068509001,0.0,0.7058823529411765,0.3118811881188119,True,False,5,0,0.1,25,14,0.6410256410256411,0.0,0,0.0,0.05,0.05,0.0,0.0
revocation,0.05,0.7,,complete,0.5,43,33,False,0.03365805963320306,0.04163565801381751,0.0,0.7050359712230215,0.3155339805825243,False,True,5,0,0.1,0,47,0.0,0.0,0,0.0,0.05,0.05,0.0,0.0
revocation,0.05,0.7,,complete,0.5,43,34,False,0.02524354472490229,0.03122674351036313,0.0,0.7034482758620689,0.3145539906103286,False,True,5,0,0.3,2,40,0.047619047619047616,0.0,2,0.0,0.05,0.05000000000000001,6.938893903907228e-18,0.0
revocation,0.05,0.7,,complete,0.5,43,35,False,0.018932658543676716,0.02342005763277235,0.0,0.6883116883116883,0.3273542600896861,True,False,6,0,0.1,9,25,0.2647058823529412,0.0,0,0.0,0.05,0.05,0.0,0.0
revocation,0.05,0.7,,complete,0.5,43,36,False,0.01419949390775754,0.01756504322457926,0.0,0.6918238993710691,0.32608695652173914,False,True,6,0,0.1,0,33,0.0,0.0,0,0.0,0.05,0.05,0.0,0.0
revocation,0.05,0.7,,complete,0.5,43,37,False,0.010649620430818154,0.013173782418434445,0.0,0.6890243902439024,0.3277310924369748,False,True,6,0,0.3,4,41,0.08888888888888889,0.0,4,0.0,0.05,0.05000000000000001,6.938893903907228e-18,0.0
revocation,0.05,0.7,,complete,0.5,43,38,False,0.007987215323113615,0.009880336813825833,0.0,0.6900584795321637,0.32926829268292684,False,True,6,0,0.3,3,33,0.08333333333333333,0.0,7,0.0,0.05,0.05000000000000001,6.938893903907228e-18,0.0
revocation,0.05,0.7,,complete,0.5,43,39,False,0.005990411492335211,0.007410252610369375,0.0,0.6936416184971098,0.32669322709163345,False,True,6,0,0.4,5,36,0.12195121951219512,0.0,12,0.0,0.05,0.05,0.0,0.0
revocation,0.05,0.7,,complete,0.5,44,0,False,0.0,0.0,0.0,0.0,1.0,False,True,0,0,0.0,0,0,0.0,0.0,0,0.0,0.05,0.05,0.0,0.0
revocation,0.05,0.7,,complete,0.5,44,1,False,0.0,0.0,0.3,0.3,0.72,False,True,0,0,0.0,0,43,0.0,0.0,0,0.0,0.05,0.05,0.0,0.0
revocation,0.05,0.7,,complete,0.5,44,2,False,0.075,0.075,0.4166666666666667,0.4166666666666667,0.6785714285714286,False,True,0,0,0.1,0,43,0.0,0.0,0,0.0,0.05,0.05,0.0,0.0
revocation,0.05,0.7,,complete,0.5,44,3,False,0.16041666666666665,0.16041666666666665,0.5625,0.5625,0.5714285714285714,False,True,0,0,0.2,2,36,0.05263157894736842,0.0,2,0.0,0.05,0.05,0.0,0.0
revocation,0.05,0.7,,complete,0.5,44,4,False,0.25089285714285714,0.2609375,0.5789473684210527,0.5789473684210527,0.5384615384615384,False,True,0,0,0.4,2,33,0.05714285714285714,0.5,4,0.0,0.05,0.05,0.0,0.0
revocation,0.05,0.7,,complete,0.5,44,5,False,0.33008693609022555,0.34043996710526314,0.6,0.6363636363636364,0.5,True,False,1,0,0.0,14,32,0.30434782608695654,0.0,0,0.0,0.05,0.05,0.0,0.0
revocation,0.05,0.7,,complete,0.5,44,6,False,0.3975652020676691,0.4053299753289473,0.55,0.6666666666666666,0.46808510638297873,False,True,1,0,0.0,0,41,0.0,0.0,0,0.0,0.05,0.05,0.0,0.0
revocation,0.05,0.7,,complete,0.5,44,7,False,0.43567390155075186,0.4414974814967105,0.35,0.6060606060606061,0.48148148148148145,False,True,1,0,0.2,0,39,0.0,0.0,0,0.0,0.05,0.05,0.0,0.0
revocation,0.05,0.7,,complete,0.5,44,8,False,0.4142554261630638,0.4186231111225328,0.3,0.6,0.47368421052631576,True,False,2,0,0.1,10,45,0.18181818181818182,0.0,0,0.0,0.05,0.05,0.0,0.0
revocation,0.05,0.7,,complete,0.5,44,9,False,0.3856915696222979,0.38896733334189965,0.3,0.6052631578947368,0.45161290322580644,False,True,2,0,0.2,0,41,0.0,0.0,0,0.0,0.05,0.05,0.0,0.0
revocation,0.05,0.7,,complete,0.5,44,10,False,0.36426867721672346,0.36672550000642473,0.3,0.6341463414634146,0.4142857142857143,True,False,3,0,0.1,4,40,0.09090909090909091,0.0,0,0.0,0.05,0.05,0.0,0.0
revocation,0.05,0.7,,complete,0.5,44,11,False,0.3482015079125426,0.3500441250048186,0.3,0.6739130434782609,0.38666666666666666,False,True,3,0,0.1,0,41,0.0,0.0,0,0.0,0.05,0.05,0.0,0.0
revocation,0.05,0.7,,complete,0.5,44,12,False,0.33615113093440696,0.33753309375361396,0.25,0.673469387755102,0.375,False,True,3,0,0.1,1,42,0.023255813953488372,1.0,1,0.0,0.05,0.05,0.0,0.0
revocation,0.05,0.7,,complete,0.5,44,13,False,0.32800620534366237,0.4093998203152105,0.25,0.6862745098039216,0.35294117647058826,False,True,3,0,0.1,1,37,0.02631578947368421,0.5,2,0.0,0.05,0.05,0.0,0.0
revocation,0.05,0.7,,complete,0.5,44,14,False,0.3129689397220325,0.40079986523640787,0.2,0.6964285714285714,0.3404255319148936,False,True,3,0,0.1,1,36,0.02702702702702703,0.3333333333333333,3,0.0,0.05,0.05,0.0,0.0
revocation,0.05,0.7,,complete,0.5,44,15,False,0.28710765717247677,0.3672665655939725,0.2,0.7166666666666667,0.32323232323232326,False,True,3,0,0.3,0,36,0.0,0.3333333333333333,3,0.0,0.05,0.05000000000000001,6.938893903907228e-18,0.0
revocation,0.05,0.7,,complete,0.5,44,16,False,0.27009264764126234,0.3421165908621461,0.05,0.696969696969697,0.34579439252336447,False,True,3,0,0.3,2,40,0.047619047619047616,0.2,5,0.0,0.05,0.05000000000000001,6.938893903907228e-18,0.0
revocation,0.05,0.7,,complete,0.5,44,17,False,0.22042662858808962,0.28783744314660953,0.05,0.7101449275362319,0.3392857142857143,False,True,3,0,0.3,3,41,0.06818181818181818,0.125,8,0.0,0.05,0.05000000000000001,6.938893903907228e-18,0.0
revocation,0.05,0.7,,complete,0.5,44,18,False,0.18049854286963865,0.23775308235995715,0.05,0.726027397260274,0.31932773109243695,False,True,3,0,0.4,4,37,0.0975609756097561,0.16666666666666666,12,0.0,0.05,0.05,0.0,0.0
revocation,0.05,0.7,,complete,0.5,44,19,False,0.15204057381889566,0.20539814510330118,0.0,0.7307692307692307,0.31451612903225806,False,True,3,0,0.4,13,28,0.3170731707317073,0.35,25,0.0,0.05,0.05,0.0,0.0
revocation,0.05,0.7,,complete,0.5,44,20,False,0.12653043036417175,0.1977986088274759,0.0,0.7375,0.31007751937984496,False,True,3,0,0.4,14,27,0.34146341463414637,0.5,39,0.0,0.05,0.05,0.0,0.0
revocation,0.05,0.7,,complete,0.5,44,21,False,0.11275496563027167,0.21084895662060693,0.0,0.7380952380952381,0.3014705882352941,True,False,4,0,0.0,12,33,0.26666666666666666,0.0,0,0.0,0.05,0.05,0.0,0.0
revocation,0.05,0.7,,complete,0.5,44,22,False,0.08456622422270375,0.1581367174654552,0.0,0.7471264367816092,0.2949640287769784,False,True,4,0,0.2,0,43,0.0,0.0,0,0.0,0.05,0.05,0.0,0.0
revocation,0.05,0.7,,complete,0.5,44,23,False,0.06342466816702781,0.11860253809909141,0.0,0.7471264367816092,0.2887323943661972,False,True,4,0,0.3,2,43,0.044444444444444446,0.5,2,0.0,0.05,0.05000000000000001,6.938893903907228e-18,0.0
revocation,0.05,0.7,,complete,0.5,44,24,False,0.07435421541098515,0.15145190357431856,0.0,0.7526881720430108,0.28859060402684567,True,False,5,0,0.1,6,37,0.13953488372093023,0.0,0,0.0,0.05,0.05,0.0,0.0
revocation,0.05,0.7,,complete,0.5,44,25,False,0.05576566155823886,0.11358892768073892,0.0,0.7604166666666666,0.28104575163398693,False,True,5,0,0.1,0,43,0.0,0.0,0,0.0,0.05,0.05,0.0,0.0
revocation,0.05,0.7,,complete,0.5,44,26,False,0.04182424616867914,0.08519169576055419,0.0,0.76,0.2777777777777778,False,True,5,0,0.1,2,36,0.05263157894736842,0.0,2,0.0,0.05,0.05,0.0,0.0
revocation,0.05,0.7,,complete,0.5,44,27,False,0.03136818462650936,0.06389377182041564,0.0,0.7669902912621359,0.2710843373493976,False,True,5,0,0.1,2,36,0.05263157894736842,0.0,4,0.0,0.05,0.05,0.0,0.0
revocation,0.05,0.7,,complete,0.5,44,28,False,0.02352613846988202,0.04792032886531173,0.0,0.7522935779816514,0.27906976744186046,False,True,5,0,0.2,1,35,0.027777777777777776,0.0,5,0.0,0.05,0.05,0.0,0.0
revocation,0.05,0.7,,complete,0.5,44,29,False,0.017644603852411515,0.0359402466489838,0.0,0.7522123893805309,0.2808988764044944,False,True,5,0,0.4,4,39,0.09302325581395349,0.0,9,0.0,0.05,0.05,0.0,0.0
revocation,0.05,0.7,,complete,0.5,44,30,False,0.013233452889308637,0.02695518498673785,0.0,0.7478260869565218,0.281767955801105,True,False,6,0,0.1,12,33,0.26666666666666666,0.0,0,0.0,0.05,0.05,0.0,0.0
revocation,0.05,0.7,,complete,0.5,44,31,False,0.009925089666981479,0.02021638874005339,0.0,0.7377049180327869,0.2879581151832461,False,True,6,0,0.2,0,31,0.0,0.0,0,0.0,0.05,0.05,0.0,0.0
revocation,0.05,0.7,,complete,0.5,44,32,False,0.007443817250236108,0.015162291555040041,0.0,0.7480314960629921,0.28061224489795916,True,False,7,0,0.0,7,34,0.17073170731707318,0.0,0,0.0,0.05,0.05,0.0,0.0
revocation,0.05,0.7,,complete,0.5,44,33,False,0.005582862937677081,0.01137171866628003,0.0,0.75,0.28,False,True,7,0,0.1,0,40,0.0,0.0,0,0.0,0.05,0.05,0.0,0.0
revocation,0.05,0.7,,complete,0.5,44,34,False,0.00418714720325781,0.008528788999710022,0.0,0.7518796992481203,0.28019323671497587,False,True,7,0,0.3,3,40,0.06976744186046512,0.0,3,0.0,0.05,0.05000000000000001,6.938893903907228e-18,0.0
revocation,0.05,0.7,,complete,0.5,44,35,False,0.003140360402443358,0.0063965917497825165,0.0,0.7445255474452555,0.28169014084507044,False,True,7,0,0.3,5,40,0.1111111111111111,0.125,8,0.0,0.05,0.05000000000000001,6.938893903907228e-18,0.0
revocation,0.05,0.7,,complete,0.5,44,36,False,0.0068195560161182335,0.01822054204959338,0.0,0.7304964539007093,0.2876712328767123,False,True,7,0,0.3,2,42,0.045454545454545456,0.2,10,0.0,0.05,0.05000000000000001,6.938893903907228e-18,0.0
revocation,0.05,0.7,,complete,0.5,44,37,False,0.012257524154945817,0.03866540653719504,0.0,0.726027397260274,0.2920353982300885,False,True,7,0,0.3,0,37,0.0,0.2,10,0.0,0.05,0.05000000000000001,6.938893903907228e-18,0.0
revocation,0.05,0.7,,complete,0.5,44,38,False,0.016336000259066504,0.053999054902896276,0.0,0.7218543046357616,0.29004329004329005,False,True,7,0,0.3,3,35,0.07894736842105263,0.15384615384615385,13,0.0,0.05,0.05000000000000001,6.938893903907228e-18,0.0
revocation,0.05,0.7,,complete,0.5,44,39,False,0.017746505688805377,0.05973006040794144,0.0,0.717948717948718,0.29707112970711297,True,False,8,0,0.2,3,35,0.07894736842105263,0.0,0,0.0,0.05,0.05,0.0,0.0
revocation,0.05,0.7,,complete,0.5,45,0,False,0.0,0.0,0.0,0.0,1.0,False,True,0,0,0.2,0,0,0.0,0.0,0,0.0,0.05,0.05,0.0,0.0
revocation,0.05,0.7,,complete,0.5,45,1,False,0.0,0.0,0.35294117647058826,0.35294117647058826,0.8064516129032258,True,False,1,0,0.1,5,39,0.11363636363636363,0.0,0,0.0,0.05,0.05,0.0,0.0
revocation,0.05,0.7,,complete,0.5,45,2,False,0.08823529411764706,0.08823529411764706,0.35294117647058826,0.35294117647058826,0.7575757575757576,False,True,1,0,0.1,0,49,0.0,0.0,0,0.0,0.05,0.05,0.0,0.0
revocation,0.05,0.7,,complete,0.5,45,3,False,0.1544117647058824,0.15441176470588236,0.45,0.45,0.6842105263157895,True,False,2,0,0.0,1,40,0.024390243902439025,0.0,0,0.0,0.05,0.05,0.0,0.0
revocation,0.05,0.7,,complete,0.5,45,4,False,0.2283088235294118,0.2283088235294118,0.4,0.4782608695652174,0.627906976744186,False,True,2,0,0.2,0,32,0.0,0.0,0,0.0,0.05,0.05,0.0,0.0
revocation,0.05,0.7,,complete,0.5,45,5,False,0.27123161764705883,0.27123161764705883,0.35,0.4583333333333333,0.6222222222222222,True,False,3,0,0.0,8,37,0.17777777777777778,0.0,0,0.0,0.05,0.05,0.0,0.0
revocation,0.05,0.7,,complete,0.5,45,6,False,0.2909237132352941,0.2909237132352941,0.3,0.48148148148148145,0.5686274509803921,False,True,3,0,0.1,0,38,0.0,0.0,0,0.0,0.05,0.05,0.0,0.0
revocation,0.05,0.7,,complete,0.5,45,7,False,0.29319278492647055,0.29319278492647055,0.25,0.4642857142857143,0.5818181818181818,False,True,3,0,0.1,5,37,0.11904761904761904,1.0,5,0.0,0.05,0.05,0.0,0.0
revocation,0.05,0.7,,complete,0.5,45,8,False,0.2823945886948529,0.2823945886948529,0.25,0.5,0.5692307692307692,False,True,3,0,0.1,5,42,0.10638297872340426,1.0,10,0.0,0.05,0.05,0.0,0.0
revocation,0.05,0.7,,complete,0.5,45,9,False,0.2742959415211397,0.2742959415211397,0.2,0.5,0.5277777777777778,False,True,3,0,0.2,3,38,0.07317073170731707,1.0,13,0.0,0.05,0.05,0.0,0.0
revocation,0.05,0.7,,complete,0.5,45,10,False,0.25572195614085474,0.25572195614085474,0.15,0.5,0.525,True,False,4,0,0.1,4,36,0.1,0.0,0,0.0,0.05,0.05,0.0,0.0
revocation,0.05,0.7,,complete,0.5,45,11,False,0.22929146710564105,0.22929146710564105,0.05,0.5116279069767442,0.5176470588235295,False,True,4,0,0.5,0,39,0.0,0.0,0,0.0,0.05,0.05,0.0,0.0
revocation,0.05,0.7,,complete,0.5,45,12,False,0.1844686003292308,0.1844686003292308,0.0,0.5319148936170213,0.5,False,True,4,0,0.6,12,31,0.27906976744186046,0.3333333333333333,12,0.0,0.05,0.05000000000000001,6.938893903907228e-18,0.0
revocation,0.05,0.7,,complete,0.5,45,13,False,0.15620859310406593,0.18001811691358974,0.0,0.5490196078431373,0.4948453608247423,False,True,4,0,0.7,15,26,0.36585365853658536,0.7,27,0.0,0.05,0.05,0.0,0.0
revocation,0.05,0.7,,complete,0.5,45,14,False,0.16715644482804945,0.2225135876851923,0.0,0.5454545454545454,0.4854368932038835,False,True,4,0,0.7,15,23,0.39473684210526316,0.75,42,0.0,0.05,0.05,0.0,0.0
revocation,0.05,0.7,,complete,0.5,45,15,False,0.17893876219246566,0.26063519076389424,0.0,0.5423728813559322,0.48148148148148145,True,False,5,0,0.0,26,20,0.5652173913043478,0.0,0,0.0,0.05,0.05,0.0,0.0
revocation,0.05,0.7,,complete,0.5,45,16,False,0.13420407164434925,0.1954763930729207,0.0,0.5238095238095238,0.48672566371681414,False,True,5,0,0.0,0,41,0.0,0.0,0,0.0,0.05,0.05,0.0,0.0
revocation,0.05,0.7,,complete,0.5,45,17,False,0.10065305373326194,0.14660729480469054,0.0,0.5373134328358209,0.48739495798319327,False,True,5,0,0.0,0,44,0.0,0.0,0,0.0,0.05,0.05,0.0,0.0
revocation,0.05,0.7,,complete,0.5,45,18,False,0.07548979029994647,0.1099554711035179,0.0,0.5571428571428572,0.4796747967479675,False,True,5,0,0.1,0,40,0.0,0.0,0,0.0,0.05,0.05,0.0,0.0
revocation,0.05,0.7,,complete,0.5,45,19,False,0.05661734272495985,0.08246660332763843,0.0,0.5753424657534246,0.4645669291338583,False,True,5,0,0.2,2,38,0.05,0.0,2,0.0,0.05,0.05,0.0,0.0
revocation,0.05,0.7,,complete,0.5,45,20,False,0.04246300704371988,0.06184995249572882,0.0,0.5769230769230769,0.4552238805970149,False,True,5,0,0.3,2,37,0.05128205128205128,0.0,4,0.0,0.05,0.05000000000000001,6.938893903907228e-18,0.0
revocation,0.05,0.7,,complete,0.5,45,21,False,0.031847255282789914,0.04638746437179661,0.0,0.5925925925925926,0.4492753623188406,False,True,5,0,0.4,10,29,0.2564102564102564,0.5714285714285714,14,0.0,0.05,0.05,0.0,0.0
revocation,0.05,0.7,,complete,0.5,45,22,False,0.05449768636005161,0.10621916970741888,0.0,0.6024096385542169,0.4444444444444444,False,True,5,0,0.5,5,31,0.1388888888888889,0.5789473684210527,19,0.0,0.05,0.05,0.0,0.0
revocation,0.05,0.7,,complete,0.5,45,23,False,0.08222664822868532,0.15203279833319575,0.0,0.6162790697674418,0.43243243243243246,True,False,6,0,0.0,13,26,0.3333333333333333,0.0,0,0.0,0.05,0.05,0.0,0.0
revocation,0.05,0.7,,complete,0.5,45,24,False,0.061669986171513994,0.11402459874989682,0.0,0.6021505376344086,0.43312101910828027,False,True,6,0,0.0,0,39,0.0,0.0,0,0.0,0.05,0.05,0.0,0.0
revocation,0.05,0.7,,complete,0.5,45,25,False,0.0462524896286355,0.08551844906242262,0.0,0.6041666666666666,0.42073170731707316,False,True,6,0,0.0,0,39,0.0,0.0,0,0.0,0.05,0.05,0.0,0.0
revocation,0.05,0.7,,complete,0.5,45,26,False,0.03468936722147663,0.06413883679681696,0.0,0.62,0.4117647058823529,False,True,6,0,0.0,0,43,0.0,0.0,0,0.0,0.05,0.05,0.0,0.0
revocation,0.05,0.7,,complete,0.5,45,27,False,0.02601702541610747,0.04810412759761272,0.0,0.6237623762376238,0.4046242774566474,False,True,6,0,0.1,0,42,0.0,0.0,0,0.0,0.05,0.05,0.0,0.0
revocation,0.05,0.7,,complete,0.5,45,28,False,0.0195127690620806,0.036078095698209536,0.0,0.625,0.39779005524861877,False,True,6,0,0.3,3,40,0.06976744186046512,0.0,3,0.0,0.05,0.05000000000000001,6.938893903907228e-18,0.0
revocation,0.05,0.7,,complete,0.5,45,29,False,0.014634576796560451,0.027058571773657152,0.0,0.6111111111111112,0.39893617021276595,False,True,6,0,0.5,6,30,0.16666666666666666,0.0,9,0.0,0.05,0.05,0.0,0.0
revocation,0.05,0.7,,complete,0.5,45,30,False,0.010975932597420338,0.020293928830242863,0.0,0.6160714285714286,0.3917525773195876,False,True,6,0,0.7,13,29,0.30952380952380953,0.3,22,0.0,0.05,0.05,0.0,0.0
revocation,0.05,0.7,,complete,0.5,45,31,False,0.035017663733779535,0.052720446622682146,0.0,0.6120689655172413,0.39303482587064675,True,False,7,0,0.0,19,32,0.37254901960784315,0.0,0,0.0,0.05,0.05,0.0,0.0
revocation,0.05,0.7,,complete,0.5,45,32,False,0.026263247800334653,0.039540334967011606,0.0,0.6115702479338843,0.3932038834951456,False,True,7,0,0.0,0,40,0.0,0.0,0,0.0,0.05,0.05,0.0,0.0
revocation,0.05,0.7,,complete,0.5,45,33,False,0.01969743585025099,0.029655251225258705,0.0,0.616,0.39069767441860465,False,True,7,0,0.1,0,44,0.0,0.0,0,0.0,0.05,0.05,0.0,0.0
revocation,0.05,0.7,,complete,0.5,45,34,False,0.014773076887688242,0.022241438418944028,0.0,0.6201550387596899,0.38636363636363635,False,True,7,0,0.2,1,41,0.023809523809523808,1.0,1,0.0,0.05,0.05,0.0,0.0
revocation,0.05,0.7,,complete,0.5,45,35,False,0.02893695052290904,0.1376917638036568,0.0,0.6230769230769231,0.3811659192825112,False,True,7,0,0.2,4,44,0.08333333333333333,0.4,5,0.0,0.05,0.05,0.0,0.0
revocation,0.05,0.7,,complete,0.5,45,36,False,0.028845570035038928,0.15326882285274263,0.0,0.625,0.3799126637554585,False,True,7,0,0.2,1,33,0.029411764705882353,0.3333333333333333,6,0.0,0.05,0.05,0.0,0.0
revocation,0.05,0.7,,complete,0.5,45,37,False,0.027586558478660147,0.15661828380622364,0.0,0.624113475177305,0.37815126050420167,False,True,7,0,0.4,1,38,0.02564102564102564,0.2857142857142857,7,0.0,0.05,0.05,0.0,0.0
revocation,0.05,0.7,,complete,0.5,45,38,False,0.035996041307974694,0.15317799856895342,0.0,0.6164383561643836,0.3795918367346939,False,True,7,0,0.5,5,33,0.13157894736842105,0.16666666666666666,12,0.0,0.05,0.05,0.0,0.0
revocation,0.05,0.7,,complete,0.5,45,39,False,0.03890179288574293,0.1357168322600484,0.0,0.6174496644295302,0.37751004016064255,False,True,7,0,0.7,6,35,0.14634146341463414,0.16666666666666666,18,0.0,0.05,0.05,0.0,0.0
revocation,0.05,0.7,,complete,0.5,46,0,False,0.0,0.0,0.0,0.0,1.0,False,True,0,0,0.1,0,0,0.0,0.0,0,0.0,0.05,0.05,0.0,0.0
revocation,0.05,0.7,,complete,0.5,46,1,False,0.0,0.0,0.2,0.2,0.84,False,True,0,0,0.2,3,41,0.06818181818181818,0.0,3,0.0,0.05,0.05,0.0,0.0
revocation,0.05,0.7,,complete,0.5,46,2,False,0.04642857142857143,0.05,0.4,0.4,0.7096774193548387,False,True,0,0,0.2,3,33,0.08333333333333333,0.0,6,0.0,0.05,0.05,0.0,0.0
revocation,0.05,0.7,,complete,0.5,46,3,False,0.12767857142857145,0.1375,0.4117647058823529,0.4117647058823529,0.6666666666666666,False,True,0,0,0.3,2,41,0.046511627906976744,0.0,8,0.0,0.05,0.05000000000000001,6.938893903907228e-18,0.0
revocation,0.05,0.7,,complete,0.5,46,4,False,0.18399422268907561,0.20606617647058822,0.5,0.5652173913043478,0.5581395348837209,False,True,0,0,0.5,3,29,0.09375,0.0,11,0.0,0.05,0.05,0.0,0.0
revocation,0.05,0.7,,complete,0.5,46,5,False,0.2362099527310924,0.27954963235294117,0.45,0.5769230769230769,0.5208333333333334,False,True,0,0,0.7,9,34,0.20930232558139536,0.3,20,0.0,0.05,0.05,0.0,0.0
revocation,0.05,0.7,,complete,0.5,46,6,False,0.27626460740546216,0.32216222426470587,0.25,0.53125,0.5178571428571429,True,False,1,0,0.1,26,18,0.5909090909090909,0.0,0,0.0,0.05,0.05,0.0,0.0
revocation,0.05,0.7,,complete,0.5,46,7,False,0.2696984555540966,0.30412166819852937,0.25,0.5454545454545454,0.5,False,True,1,0,0.2,0,46,0.0,0.0,0,0.0,0.05,0.05,0.0,0.0
revocation,0.05,0.7,,complete,0.5,46,8,False,0.26477384166557244,0.29059125114889706,0.2,0.5263157894736842,0.5076923076923077,False,True,1,0,0.2,0,39,0.0,0.0,0,0.0,0.05,0.05,0.0,0.0
revocation,0.05,0.7,,complete,0.5,46,9,False,0.24858038124917936,0.2679434383616728,0.15,0.5581395348837209,0.4788732394366197,False,True,1,0,0.2,2,35,0.05405405405405406,0.5,2,0.0,0.05,0.05,0.0,0.0
revocation,0.05,0.7,,complete,0.5,46,10,False,0.2301852859368845,0.2762749615837546,0.1,0.574468085106383,0.47368421052631576,False,True,1,0,0.3,2,39,0.04878048780487805,0.5,4,0.0,0.05,0.05000000000000001,6.938893903907228e-18,0.0
revocation,0.05,0.7,,complete,0.5,46,11,False,0.21192467873837767,0.28220622118781596,0.05,0.58,0.4457831325301205,False,True,1,0,0.3,4,36,0.1,0.5,8,0.0,0.05,0.05000000000000001,6.938893903907228e-18,0.0
revocation,0.05,0.7,,complete,0.5,46,12,False,0.18751493762521182,0.280404665890862,0.05,0.5882352941176471,0.4367816091954023,False,True,1,0,0.4,7,41,0.14583333333333334,0.4666666666666667,15,0.0,0.05,0.05,0.0,0.0
revocation,0.05,0.7,,complete,0.5,46,13,False,0.17545763179033744,0.27488683275147985,0.0,0.5818181818181818,0.43478260869565216,False,True,1,0,0.6,8,27,0.22857142857142856,0.4,23,0.0,0.05,0.05000000000000001,6.938893903907228e-18,0.0
revocation,0.05,0.7,,complete,0.5,46,14,False,0.16016465241418168,0.2561651245636099,0.0,0.603448275862069,0.422680412371134,True,False,2,0,0.0,23,20,0.5348837209302325,0.0,0,0.0,0.05,0.05,0.0,0.0
revocation,0.05,0.7,,complete,0.5,46,15,False,0.12012348931063624,0.19212384342270744,0.0,0.6153846153846154,0.41509433962264153,False,True,2,0,0.0,0,35,0.0,0.0,0,0.0,0.05,0.05,0.0,0.0
revocation,0.05,0.7,,complete,0.5,46,16,False,0.09009261698297719,0.14409288256703057,0.0,0.6029411764705882,0.4144144144144144,False,True,2,0,0.0,0,45,0.0,0.0,0,0.0,0.05,0.05,0.0,0.0
revocation,0.05,0.7,,complete,0.5,46,17,False,0.06756946273723288,0.10806966192527293,0.0,0.6142857142857143,0.39655172413793105,False,True,2,0,0.0,0,40,0.0,0.0,0,0.0,0.05,0.05,0.0,0.0
revocation,0.05,0.7,,complete,0.5,46,18,False,0.05067709705292466,0.0810522464439547,0.0,0.6142857142857143,0.3983050847457627,False,True,2,0,0.1,0,41,0.0,0.0,0,0.0,0.05,0.05,0.0,0.0
revocation,0.05,0.7,,complete,0.5,46,19,False,0.0380078227896935,0.060789184832966026,0.0,0.6133333333333333,0.392,False,True,2,0,0.3,7,34,0.17073170731707318,0.0,7,0.0,0.05,0.05000000000000001,6.938893903907228e-18,0.0
revocation,0.05,0.7,,complete,0.5,46,20,False,0.028505867092270123,0.04559188862472452,0.0,0.6329113924050633,0.39097744360902253,False,True,2,0,0.5,10,25,0.2857142857142857,0.35294117647058826,17,0.0,0.05,0.05,0.0,0.0
revocation,0.05,0.7,,complete,0.5,46,21,False,0.046589484352816034,0.06942458698727826,0.0,0.6463414634146342,0.37410071942446044,False,True,2,0,0.5,23,25,0.4791666666666667,0.35,40,0.0,0.05,0.05,0.0,0.0
revocation,0.05,0.7,,complete,0.5,46,22,False,0.059942113264612025,0.09581844024045869,0.0,0.651685393258427,0.3741496598639456,True,False,3,0,0.1,16,22,0.42105263157894735,0.0,0,0.0,0.05,0.05,0.0,0.0
revocation,0.05,0.7,,complete,0.5,46,23,False,0.044956584948459014,0.07186383018034401,0.0,0.6483516483516484,0.3708609271523179,False,True,3,0,0.3,0,42,0.0,0.0,0,0.0,0.05,0.05000000000000001,6.938893903907228e-18,0.0
revocation,0.05,0.7,,complete,0.5,46,24,False,0.033717438711344264,0.053897872635258005,0.0,0.6526315789473685,0.3710691823899371,False,True,3,0,0.5,5,35,0.125,0.2,5,0.0,0.05,0.05,0.0,0.0
revocation,0.05,0.7,,complete,0.5,46,25,False,0.03957379331922249,0.06542340447644351,0.0,0.6534653465346535,0.3652694610778443,True,False,4,0,0.0,17,24,0.4146341463414634,0.0,0,0.0,0.05,0.05,0.0,0.0
revocation,0.05,0.7,,complete,0.5,46,26,False,0.029680344989416862,0.049067553357332636,0.0,0.6542056074766355,0.36416184971098264,False,True,4,0,0.0,0,41,0.0,0.0,0,0.0,0.05,0.05,0.0,0.0
revocation,0.05,0.7,,complete,0.5,46,27,False,0.022260258742062645,0.03680066501799947,0.0,0.6545454545454545,0.3611111111111111,False,True,4,0,0.0,0,38,0.0,0.0,0,0.0,0.05,0.05,0.0,0.0
revocation,0.05,0.7,,complete,0.5,46,28,False,0.016695194056546986,0.027600498763499605,0.0,0.6403508771929824,0.3670212765957447,False,True,4,0,0.1,0,42,0.0,0.0,0,0.0,0.05,0.05,0.0,0.0
revocation,0.05,0.7,,complete,0.5,46,29,False,0.012521395542410241,0.020700374072624705,0.0,0.6470588235294118,0.36923076923076925,False,True,4,0,0.3,7,33,0.175,1.0,7,0.0,0.05,0.05000000000000001,6.938893903907228e-18,0.0
revocation,0.05,0.7,,complete,0.5,46,30,False,0.027248189513950534,0.13350005667820106,0.0,0.6451612903225806,0.3712871287128713,False,True,4,0,0.6,7,31,0.18421052631578946,0.9285714285714286,14,0.0,0.05,0.05000000000000001,6.938893903907228e-18,0.0
revocation,0.05,0.7,,complete,0.5,46,31,False,0.0867626727477078,0.21619647108007936,0.0,0.6434108527131783,0.375,True,False,5,0,0.1,15,27,0.35714285714285715,0.0,0,0.0,0.05,0.05,0.0,0.0
revocation,0.05,0.7,,complete,0.5,46,32,False,0.06507200456078086,0.16214735331005953,0.0,0.6466165413533834,0.37037037037037035,False,True,5,0,0.1,0,40,0.0,0.0,0,0.0,0.05,0.05,0.0,0.0
revocation,0.05,0.7,,complete,0.5,46,33,False,0.04880400342058564,0.12161051498254465,0.0,0.6496350364963503,0.36486486486486486,False,True,5,0,0.1,5,36,0.12195121951219512,1.0,5,0.0,0.05,0.05,0.0,0.0
revocation,0.05,0.7,,complete,0.5,46,34,False,0.036603002565439226,0.09120788623690848,0.0,0.6546762589928058,0.3568281938325991,False,True,5,0,0.2,5,39,0.11363636363636363,1.0,10,0.0,0.05,0.05,0.0,0.0
revocation,0.05,0.7,,complete,0.5,46,35,False,0.027452251924079418,0.06840591467768137,0.0,0.6551724137931034,0.35319148936170214,False,True,5,0,0.3,7,34,0.17073170731707318,1.0,17,0.0,0.05,0.05000000000000001,6.938893903907228e-18,0.0
revocation,0.05,0.7,,complete,0.5,46,36,False,0.03844633180020242,0.15417353108645798,0.0,0.6577181208053692,0.35684647302904565,False,True,5,0,0.4,6,29,0.17142857142857143,0.95,23,0.0,0.05,0.05,0.0,0.0
revocation,0.05,0.7,,complete,0.5,46,37,False,0.06276332027872325,0.2343801483148435,0.0,0.643312101910828,0.364,False,True,5,0,0.4,11,22,0.3333333333333333,0.8,34,0.0,0.05,0.05,0.0,0.0
revocation,0.05,0.7,,complete,0.5,46,38,False,0.07564391878047101,0.2757851112361326,0.0,0.6352201257861635,0.3661417322834646,True,False,6,0,0.0,19,31,0.38,0.0,0,0.0,0.05,0.05,0.0,0.0
revocation,0.05,0.7,,complete,0.5,46,39,False,0.056732939085353255,0.20683883342709944,0.0,0.6363636363636364,0.3682170542635659,False,True,6,0,0.0,0,37,0.0,0.0,0,0.0,0.05,0.05,0.0,0.0
revocation,0.05,0.7,,complete,0.5,47,0,False,0.0,0.0,0.0,0.0,1.0,False,True,0,0,0.1,0,0,0.0,0.0,0,0.0,0.05,0.05,0.0,0.0
revocation,0.05,0.7,,complete,0.5,47,1,False,0.0,0.0,0.18181818181818182,0.18181818181818182,0.8148148148148148,False,True,0,0,0.2,4,39,0.09302325581395349,1.0,4,0.0,0.05,0.05,0.0,0.0
revocation,0.05,0.7,,complete,0.5,47,2,False,0.060064935064935064,0.14772727272727273,0.1875,0.1875,0.7878787878787878,True,False,1,0,0.1,12,28,0.3,0.0,0,0.0,0.05,0.05,0.0,0.0
revocation,0.05,0.7,,complete,0.5,47,3,False,0.0919237012987013,0.15767045454545456,0.2631578947368421,0.2631578947368421,0.6904761904761905,False,True,1,0,0.1,0,36,0.0,0.0,0,0.0,0.05,0.05,0.0,0.0
revocation,0.05,0.7,,complete,0.5,47,4,False,0.1347322496582365,0.18404231459330145,0.2,0.30434782608695654,0.62,False,True,1,0,0.2,4,29,0.12121212121212122,1.0,4,0.0,0.05,0.05,0.0,0.0
revocation,0.05,0.7,,complete,0.5,47,5,False,0.16533490152939165,0.24488542912679423,0.2,0.3333333333333333,0.6078431372549019,True,False,2,0,0.1,8,40,0.16666666666666666,0.0,0,0.0,0.05,0.05,0.0,0.0
revocation,0.05,0.7,,complete,0.5,47,6,False,0.17400117614704372,0.2336640718450957,0.15,0.41379310344827586,0.5614035087719298,False,True,2,0,0.1,0,36,0.0,0.0,0,0.0,0.05,0.05,0.0,0.0
revocation,0.05,0.7,,complete,0.5,47,7,False,0.1680008821102828,0.21274805388382176,0.1,0.4375,0.5396825396825397,False,True,2,0,0.2,1,44,0.022222222222222223,1.0,1,0.0,0.05,0.05,0.0,0.0
revocation,0.05,0.7,,complete,0.5,47,8,False,0.16707209015414068,0.25487354041286636,0.05,0.45714285714285713,0.5294117647058824,False,True,2,0,0.2,7,38,0.15555555555555556,0.75,8,0.0,0.05,0.05,0.0,0.0
revocation,0.05,0.7,,complete,0.5,47,9,False,0.1503040676156055,0.29115515530964975,0.0,0.4594594594594595,0.5205479452054794,True,False,3,0,0.1,9,34,0.20930232558139536,0.0,0,0.0,0.05,0.05,0.0,0.0
revocation,0.05,0.7,,complete,0.5,47,10,False,0.11272805071170412,0.2183663664822373,0.05,0.47619047619047616,0.5063291139240507,False,True,3,0,0.2,0,37,0.0,0.0,0,0.0,0.05,0.05,0.0,0.0
revocation,0.05,0.7,,complete,0.5,47,11,False,0.09704603803377809,0.176274774861678,0.05,0.4883720930232558,0.4880952380952381,True,False,4,0,0.1,11,38,0.22448979591836735,0.0,0,0.0,0.05,0.05,0.0,0.0
revocation,0.05,0.7,,complete,0.5,47,12,False,0.08528452852533357,0.14470608114625852,0.05,0.48936170212765956,0.4777777777777778,False,True,4,0,0.2,0,40,0.0,0.0,0,0.0,0.05,0.05,0.0,0.0
revocation,0.05,0.7,,complete,0.5,47,13,False,0.07646339639400017,0.1210295608596939,0.05,0.5098039215686274,0.4489795918367347,True,False,5,0,0.1,9,36,0.2,0.0,0,0.0,0.05,0.05,0.0,0.0
revocation,0.05,0.7,,complete,0.5,47,14,False,0.06984754729550012,0.10327217064477041,0.05,0.5454545454545454,0.4368932038834951,False,True,5,0,0.1,0,39,0.0,0.0,0,0.0,0.05,0.05,0.0,0.0
revocation,0.05,0.7,,complete,0.5,47,15,False,0.0648856604716251,0.08995412798357781,0.05,0.5645161290322581,0.43243243243243246,False,True,5,0,0.1,2,38,0.05,0.0,2,0.0,0.05,0.05,0.0,0.0
revocation,0.05,0.7,,complete,0.5,47,16,False,0.06027138821086168,0.07996559598768335,0.05,0.5522388059701493,0.4322033898305085,False,True,5,0,0.1,1,37,0.02631578947368421,0.0,3,0.0,0.05,0.05,0.0,0.0
revocation,0.05,0.7,,complete,0.5,47,17,False,0.05681068401528912,0.07247419699076252,0.05,0.5774647887323944,0.42063492063492064,False,True,5,0,0.2,2,41,0.046511627906976744,0.0,5,0.0,0.05,0.05,0.0,0.0
revocation,0.05,0.7,,complete,0.5,47,18,False,0.05332229872575255,0.06685564774307189,0.05,0.589041095890411,0.4140625,True,False,6,0,0.1,5,41,0.10869565217391304,0.0,0,0.0,0.05,0.05,0.0,0.0
revocation,0.05,0.7,,complete,0.5,47,19,False,0.05249172404431441,0.06264173580730391,0.05,0.6052631578947368,0.40298507462686567,False,True,6,0,0.2,0,40,0.0,0.0,0,0.0,0.05,0.05,0.0,0.0
revocation,0.05,0.7,,complete,0.5,47,20,False,0.051868793033235806,0.059481301855477925,0.0,0.6144578313253012,0.3873239436619718,False,True,6,0,0.3,4,36,0.1,0.75,4,0.0,0.05,0.05000000000000001,6.938893903907228e-18,0.0
revocation,0.05,0.7,,complete,0.5,47,21,False,0.05229445191778399,0.13291660338746997,0.0,0.6111111111111112,0.4,True,False,7,0,0.0,8,26,0.23529411764705882,0.0,0,0.0,0.05,0.05,0.0,0.0
revocation,0.05,0.7,,complete,0.5,47,22,False,0.039220838938338,0.09968745254060248,0.0,0.6236559139784946,0.391025641025641,False,True,7,0,0.0,0,37,0.0,0.0,0,0.0,0.05,0.05,0.0,0.0
revocation,0.05,0.7,,complete,0.5,47,23,False,0.029415629203753495,0.07476558940545186,0.0,0.625,0.3888888888888889,False,True,7,0,0.0,0,43,0.0,0.0,0,0.0,0.05,0.05,0.0,0.0
revocation,0.05,0.7,,complete,0.5,47,24,False,0.022061721902815124,0.056074192054088895,0.0,0.63,0.3869047619047619,False,True,7,0,0.0,0,42,0.0,0.0,0,0.0,0.05,0.05,0.0,0.0
revocation,0.05,0.7,,complete,0.5,47,25,False,0.016546291427111344,0.04205564404056667,0.0,0.6285714285714286,0.3806818181818182,False,True,7,0,0.0,0,39,0.0,0.0,0,0.0,0.05,0.05,0.0,0.0
revocation,0.05,0.7,,complete,0.5,47,26,False,0.012409718570333506,0.031541733030425005,0.0,0.6320754716981132,0.37222222222222223,False,True,7,0,0.0,0,51,0.0,0.0,0,0.0,0.05,0.05,0.0,0.0
revocation,0.05,0.7,,complete,0.5,47,27,False,0.009307288927750129,0.023656299772818752,0.0,0.6363636363636364,0.3655913978494624,False,True,7,0,0.0,0,41,0.0,0.0,0,0.0,0.05,0.05,0.0,0.0
revocation,0.05,0.7,,complete,0.5,47,28,False,0.006980466695812598,0.017742224829614066,0.0,0.6460176991150443,0.35602094240837695,False,True,7,0,0.0,0,39,0.0,0.0,0,0.0,0.05,0.05,0.0,0.0
revocation,0.05,0.7,,complete,0.5,47,29,False,0.005235350021859449,0.01330666862221055,0.0,0.6379310344827587,0.358974358974359,False,True,7,0,0.0,0,46,0.0,0.0,0,0.0,0.05,0.05,0.0,0.0
revocation,0.05,0.7,,complete,0.5,47,30,False,0.003926512516394586,0.009980001466657912,0.0,0.6440677966101694,0.3482587064676617,False,True,7,0,0.1,0,43,0.0,0.0,0,0.0,0.05,0.05,0.0,0.0
revocation,0.05,0.7,,complete,0.5,47,31,False,0.0029448843872959397,0.007485001099993434,0.0,0.6557377049180327,0.34299516908212563,False,True,7,0,0.3,3,34,0.08108108108108109,0.0,3,0.0,0.05,0.05000000000000001,6.938893903907228e-18,0.0
revocation,0.05,0.7,,complete,0.5,47,32,False,0.0022086632904719547,0.0056137508249950755,0.0,0.6507936507936508,0.3395348837209302,True,False,8,0,0.0,4,39,0.09302325581395349,0.0,0,0.0,0.05,0.05,0.0,0.0
revocation,0.05,0.7,,complete,0.5,47,33,False,0.001656497467853966,0.0042103131187463064,0.0,0.6589147286821705,0.3333333333333333,False,True,8,0,0.0,0,42,0.0,0.0,0,0.0,0.05,0.05,0.0,0.0
revocation,0.05,0.7,,complete,0.5,47,34,False,0.0012423731008904743,0.00315773483905973,0.0,0.6592592592592592,0.3333333333333333,False,True,8,0,0.0,0,40,0.0,0.0,0,0.0,0.05,0.05,0.0,0.0
revocation,0.05,0.7,,complete,0.5,47,35,False,0.0009317798256678558,0.0023683011292947973,0.0,0.6690647482014388,0.3246753246753247,False,True,8,0,0.0,0,41,0.0,0.0,0,0.0,0.05,0.05,0.0,0.0
revocation,0.05,0.7,,complete,0.5,47,36,False,0.0006988348692508918,0.001776225846971098,0.0,0.6597222222222222,0.3291139240506329,False,True,8,0,0.0,0,36,0.0,0.0,0,0.0,0.05,0.05,0.0,0.0
revocation,0.05,0.7,,complete,0.5,47,37,False,0.0005241261519381689,0.0013321693852283234,0.0,0.6598639455782312,0.3292181069958848,False,True,8,0,0.1,0,42,0.0,0.0,0,0.0,0.05,0.05,0.0,0.0
revocation,0.05,0.7,,complete,0.5,47,38,False,0.0003930946139536267,0.0009991270389212426,0.0,0.66,0.3293172690763052,False,True,8,0,0.2,5,42,0.10638297872340426,1.0,5,0.0,0.05,0.05,0.0,0.0
revocation,0.05,0.7,,complete,0.5,47,39,False,0.01815196381760808,0.12574934527919093,0.0,0.6513157894736842,0.32941176470588235,False,True,8,0,0.2,8,45,0.1509433962264151,0.8461538461538461,13,0.0,0.05,0.05,0.0,0.0
revocation,0.05,0.7,,complete,0.5,48,0,False,0.0,0.0,0.0,0.0,1.0,False,True,0,0,0.0,0,0,0.0,0.0,0,0.0,0.05,0.05,0.0,0.0
revocation,0.05,0.7,,complete,0.5,48,1,False,0.0,0.0,0.3333333333333333,0.3333333333333333,0.85,False,True,0,0,0.0,0,44,0.0,0.0,0,0.0,0.05,0.05,0.0,0.0
revocation,0.05,0.7,,complete,0.5,48,2,False,0.08333333333333333,0.08333333333333333,0.4,0.4,0.7083333333333334,False,True,0,0,0.0,0,41,0.0,0.0,0,0.0,0.05,0.05,0.0,0.0
revocation,0.05,0.7,,complete,0.5,48,3,False,0.1625,0.1625,0.5714285714285714,0.5714285714285714,0.5666666666666667,False,True,0,0,0.0,0,42,0.0,0.0,0,0.0,0.05,0.05,0.0,0.0
revocation,0.05,0.7,,complete,0.5,48,4,False,0.26473214285714286,0.26473214285714286,0.6111111111111112,0.6111111111111112,0.5294117647058824,False,True,0,0,0.0,0,43,0.0,0.0,0,0.0,0.05,0.05,0.0,0.0
revocation,0.05,0.7,,complete,0.5,48,5,False,0.3513268849206349,0.3513268849206349,0.6111111111111112,0.6111111111111112,0.5142857142857142,False,True,0,0,0.0,0,43,0.0,0.0,0,0.0,0.05,0.05,0.0,0.0
revocation,0.05,0.7,,complete,0.5,48,6,False,0.41627294146825405,0.416272941468254,0.65,0.6666666666666666,0.4523809523809524,False,True,0,0,0.0,0,40,0.0,0.0,0,0.0,0.05,0.05,0.0,0.0
revocation,0.05,0.7,,complete,0.5,48,7,False,0.47470470610119053,0.47470470610119053,0.65,0.6818181818181818,0.4222222222222222,False,True,0,0,0.1,0,48,0.0,0.0,0,0.0,0.05,0.05,0.0,0.0
revocation,0.05,0.7,,complete,0.5,48,8,False,0.5185285295758929,0.5185285295758929,0.5,0.6296296296296297,0.44,True,False,1,0,0.1,6,31,0.16216216216216217,0.0,0,0.0,0.05,0.05,0.0,0.0
revocation,0.05,0.7,,complete,0.5,48,9,False,0.5138963971819197,0.5138963971819197,0.4,0.6129032258064516,0.43636363636363634,False,True,1,0,0.2,0,43,0.0,0.0,0,0.0,0.05,0.05,0.0,0.0
revocation,0.05,0.7,,complete,0.5,48,10,False,0.48542229788643976,0.48542229788643976,0.35,0.6176470588235294,0.4166666666666667,False,True,1,0,0.2,5,37,0.11904761904761904,0.2,5,0.0,0.05,0.05,0.0,0.0
revocation,0.05,0.7,,complete,0.5,48,11,False,0.44620958055768695,0.45156672341482984,0.35,0.6486486486486487,0.38235294117647056,False,True,1,0,0.2,3,39,0.07142857142857142,0.25,8,0.0,0.05,0.05,0.0,0.0
revocation,0.05,0.7,,complete,0.5,48,12,False,0.41858575684683663,0.4261750425611224,0.35,0.675,0.36486486486486486,False,True,1,0,0.2,1,39,0.025,0.3333333333333333,9,0.0,0.05,0.05,0.0,0.0
revocation,0.05,0.7,,complete,0.5,48,13,False,0.40084407953988943,0.4071312819208418,0.35,0.7045454545454546,0.3375,False,True,1,0,0.2,8,34,0.19047619047619047,0.29411764705882354,17,0.0,0.05,0.05,0.0,0.0
revocation,0.05,0.7,,complete,0.5,48,14,False,0.38613726133558934,0.39284846144063135,0.3,0.7083333333333334,0.32941176470588235,False,True,1,0,0.2,4,40,0.09090909090909091,0.3,21,0.0,0.05,0.05,0.0,0.0
revocation,0.05,0.7,,complete,0.5,48,15,False,0.364602946001692,0.3696363460804735,0.2,0.6923076923076923,0.3225806451612903,False,True,1,0,0.2,1,42,0.023255813953488372,0.35,22,0.0,0.05,0.05,0.0,0.0
revocation,0.05,0.7,,complete,0.5,48,16,False,0.32880935235841185,0.3327645843535536,0.2,0.7037037037037037,0.30927835051546393,False,True,1,0,0.3,7,36,0.16279069767441862,0.45,29,0.0,0.05,0.05000000000000001,6.938893903907228e-18,0.0
revocation,0.05,0.7,,complete,0.5,48,17,False,0.3055355856973803,0.3308234382651652,0.15,0.7068965517241379,0.3137254901960784,True,False,2,0,0.1,9,36,0.2,0.0,0,0.0,0.05,0.05,0.0,0.0
revocation,0.05,0.7,,complete,0.5,48,18,False,0.2666516892730352,0.2856175786988739,0.05,0.6935483870967742,0.3177570093457944,False,True,2,0,0.1,0,43,0.0,0.0,0,0.0,0.05,0.05,0.0,0.0
revocation,0.05,0.7,,complete,0.5,48,19,False,0.2124887669547764,0.2267131840241554,0.05,0.7205882352941176,0.30701754385964913,False,True,2,0,0.1,2,31,0.06060606060606061,0.0,2,0.0,0.05,0.05,0.0,0.0
revocation,0.05,0.7,,complete,0.5,48,20,False,0.17097371807322517,0.18253488801811657,0.05,0.7222222222222222,0.30833333333333335,False,True,2,0,0.1,2,36,0.05263157894736842,0.0,4,0.0,0.05,0.05,0.0,0.0
revocation,0.05,0.7,,complete,0.5,48,21,False,0.13983743141206176,0.14940116601358744,0.05,0.7368421052631579,0.296,False,True,2,0,0.3,3,41,0.06818181818181818,0.0,7,0.0,0.05,0.05000000000000001,6.938893903907228e-18,0.0
revocation,0.05,0.7,,complete,0.5,48,22,False,0.11469950213047489,0.12455087451019058,0.05,0.7375,0.2878787878787879,True,False,3,0,0.1,6,44,0.12,0.0,0,0.0,0.05,0.05,0.0,0.0
revocation,0.05,0.7,,complete,0.5,48,23,False,0.09852462659785617,0.10591315588264293,0.0,0.7294117647058823,0.29577464788732394,False,True,3,0,0.1,0,37,0.0,0.0,0,0.0,0.05,0.05,0.0,0.0
revocation,0.05,0.7,,complete,0.5,48,24,False,0.07389346994839212,0.07943486691198219,0.0,0.7241379310344828,0.29931972789115646,False,True,3,0,0.2,1,38,0.02564102564102564,0.0,1,0.0,0.05,0.05,0.0,0.0
revocation,0.05,0.7,,complete,0.5,48,25,False,0.05542010246129409,0.05957615018398664,0.0,0.7282608695652174,0.3006535947712418,False,True,3,0,0.2,8,26,0.23529411764705882,0.1111111111111111,9,0.0,0.05,0.05,0.0,0.0
revocation,0.05,0.7,,complete,0.5,48,26,False,0.04553333081422454,0.05591277885945794,0.0,0.7040816326530612,0.3148148148148148,False,True,3,0,0.4,8,30,0.21052631578947367,0.058823529411764705,17,0.0,0.05,0.05,0.0,0.0
revocation,0.05,0.7,,complete,0.5,48,27,False,0.03730125861487008,0.04928752532106404,0.0,0.7058823529411765,0.31137724550898205,False,True,3,0,0.4,14,35,0.2857142857142857,0.05,31,0.0,0.05,0.05,0.0,0.0
revocation,0.05,0.7,,complete,0.5,48,28,False,0.03065451538972399,0.04321564399079803,0.0,0.6981132075471698,0.3142857142857143,True,False,4,0,0.0,13,30,0.3023255813953488,0.0,0,0.0,0.05,0.05,0.0,0.0
revocation,0.05,0.7,,complete,0.5,48,29,False,0.022990886542292994,0.032411732993098526,0.0,0.7009345794392523,0.3111111111111111,False,True,4,0,0.0,0,45,0.0,0.0,0,0.0,0.05,0.05,0.0,0.0
revocation,0.05,0.7,,complete,0.5,48,30,False,0.017243164906719743,0.024308799744823896,0.0,0.7105263157894737,0.30319148936170215,False,True,4,0,0.1,0,34,0.0,0.0,0,0.0,0.05,0.05,0.0,0.0
revocation,0.05,0.7,,complete,0.5,48,31,False,0.01293237368003981,0.018231599808617924,0.0,0.7094017094017094,0.29949238578680204,False,True,4,0,0.2,3,39,0.07142857142857142,0.0,3,0.0,0.05,0.05,0.0,0.0
revocation,0.05,0.7,,complete,0.5,48,32,False,0.009699280260029858,0.013673699856463443,0.0,0.7166666666666667,0.297029702970297,False,True,4,0,0.2,2,38,0.05,0.0,5,0.0,0.05,0.05,0.0,0.0
revocation,0.05,0.7,,complete,0.5,48,33,False,0.007274460195022392,0.010255274892347583,0.0,0.71900826446281,0.29411764705882354,True,False,5,0,0.0,5,43,0.10416666666666667,0.0,0,0.0,0.05,0.05,0.0,0.0
revocation,0.05,0.7,,complete,0.5,48,34,False,0.0054558451462667955,0.007691456169260687,0.0,0.7142857142857143,0.2971698113207547,False,True,5,0,0.2,0,37,0.0,0.0,0,0.0,0.05,0.05,0.0,0.0
revocation,0.05,0.7,,complete,0.5,48,35,False,0.004091883859700096,0.005768592126945515,0.0,0.7142857142857143,0.29545454545454547,False,True,5,0,0.3,2,32,0.058823529411764705,0.0,2,0.0,0.05,0.05000000000000001,6.938893903907228e-18,0.0
revocation,0.05,0.7,,complete,0.5,48,36,False,0.003068912894775072,0.004326444095209136,0.0,0.7164179104477612,0.28888888888888886,True,False,6,0,0.0,11,34,0.24444444444444444,0.0,0,0.0,0.05,0.05,0.0,0.0
revocation,0.05,0.7,,complete,0.5,48,37,False,0.002301684671081304,0.003244833071406852,0.0,0.7194244604316546,0.2857142857142857,False,True,6,0,0.1,0,41,0.0,0.0,0,0.0,0.05,0.05,0.0,0.0
revocation,0.05,0.7,,complete,0.5,48,38,False,0.001726263503310978,0.002433624803555139,0.0,0.7163120567375887,0.28936170212765955,False,True,6,0,0.3,9,36,0.2,0.1111111111111111,9,0.0,0.05,0.05000000000000001,6.938893903907228e-18,0.0
revocation,0.05,0.7,,complete,0.5,48,39,False,0.005262951595737202,0.015714107491555242,0.0,0.7191780821917808,0.2875,True,False,7,0,0.1,8,32,0.2,0.0,0,0.0,0.05,0.05,0.0,0.0
revocation,0.05,0.7,,complete,0.5,49,0,False,0.0,0.0,0.0,0.0,1.0,False,True,0,0,0.1,0,0,0.0,0.0,0,0.0,0.05,0.05,0.0,0.0
revocation,0.05,0.7,,complete,0.5,49,1,False,0.0,0.0,0.16666666666666666,0.16666666666666666,0.8076923076923077,False,True,0,0,0.2,4,42,0.08695652173913043,1.0,4,0.0,0.05,0.05,0.0,0.0
revocation,0.05,0.7,,complete,0.5,49,2,False,0.05654761904761905,0.14583333333333334,0.2222222222222222,0.2222222222222222,0.696969696969697,False,True,0,0,0.2,14,30,0.3181818181818182,0.6111111111111112,18,0.0,0.05,0.05,0.0,0.0
revocation,0.05,0.7,,complete,0.5,49,3,False,0.10491071428571429,0.21354166666666669,0.3,0.3,0.675,False,True,0,0,0.2,3,37,0.075,0.65,21,0.0,0.05,0.05,0.0,0.0
revocation,0.05,0.7,,complete,0.5,49,4,False,0.1599330357142857,0.27890625,0.46153846153846156,0.46153846153846156,0.6041666666666666,True,False,1,0,0.0,7,31,0.18421052631578946,0.0,0,0.0,0.05,0.05,0.0,0.0
revocation,0.05,0.7,,complete,0.5,49,5,False,0.23533439217032967,0.3245643028846154,0.5,0.5,0.5882352941176471,False,True,1,0,0.0,0,42,0.0,0.0,0,0.0,0.05,0.05,0.0,0.0
revocation,0.05,0.7,,complete,0.5,49,6,False,0.3015007941277473,0.36842322716346154,0.5555555555555556,0.5555555555555556,0.5714285714285714,False,True,1,0,0.0,0,41,0.0,0.0,0,0.0,0.05,0.05,0.0,0.0
revocation,0.05,0.7,,complete,0.5,49,7,False,0.36501448448469936,0.41520630926148505,0.5,0.5454545454545454,0.546875,False,True,1,0,0.0,0,42,0.0,0.0,0,0.0,0.05,0.05,0.0,0.0
revocation,0.05,0.7,,complete,0.5,49,8,False,0.3987608633635245,0.4364047319461138,0.4,0.52,0.5362318840579711,False,True,1,0,0.0,0,42,0.0,0.0,0,0.0,0.05,0.05,0.0,0.0
revocation,0.05,0.7,,complete,0.5,49,9,False,0.3990706475226434,0.42730354895958533,0.3,0.5,0.52,False,True,1,0,0.1,0,45,0.0,0.0,0,0.0,0.05,0.05,0.0,0.0
revocation,0.05,0.7,,complete,0.5,49,10,False,0.3743029856419825,0.395477661719689,0.2,0.5294117647058824,0.4939759036144578,False,True,1,0,0.3,1,34,0.02857142857142857,1.0,1,0.0,0.05,0.05000000000000001,6.938893903907228e-18,0.0
revocation,0.05,0.7,,complete,0.5,49,11,False,0.37358438208862976,0.4466082462897668,0.2,0.5789473684210527,0.4659090909090909,False,True,1,0,0.3,8,34,0.19047619047619047,0.7777777777777778,9,0.0,0.05,0.05000000000000001,6.938893903907228e-18,0.0
revocation,0.05,0.7,,complete,0.5,49,12,False,0.36114066751885326,0.45717840693954737,0.2,0.6046511627906976,0.44680851063829785,True,False,2,0,0.0,12,28,0.3,0.0,0,0.0,0.05,0.05,0.0,0.0
revocation,0.05,0.7,,complete,0.5,49,13,False,0.3208555006391399,0.39288380520466054,0.2,0.6304347826086957,0.44,False,True,2,0,0.2,0,40,0.0,0.0,0,0.0,0.05,0.05,0.0,0.0
revocation,0.05,0.7,,complete,0.5,49,14,False,0.29064162547935496,0.3446628539034954,0.2,0.6304347826086957,0.43137254901960786,True,False,3,0,0.0,8,36,0.18181818181818182,0.0,0,0.0,0.05,0.05,0.0,0.0
revocation,0.05,0.7,,complete,0.5,49,15,False,0.2679812191095162,0.3084971404276215,0.15,0.64,0.4166666666666667,False,True,3,0,0.0,0,49,0.0,0.0,0,0.0,0.05,0.05,0.0,0.0
revocation,0.05,0.7,,complete,0.5,49,16,False,0.23848591433213714,0.2688728553207161,0.15,0.660377358490566,0.41228070175438597,False,True,3,0,0.0,0,45,0.0,0.0,0,0.0,0.05,0.05,0.0,0.0
revocation,0.05,0.7,,complete,0.5,49,17,False,0.21636443574910286,0.23915464149053708,0.1,0.6545454545454545,0.4067796610169492,False,True,3,0,0.1,0,44,0.0,0.0,0,0.0,0.05,0.05,0.0,0.0
revocation,0.05,0.7,,complete,0.5,49,18,False,0.18727332681182715,0.2043659811179028,0.1,0.6666666666666666,0.39344262295081966,False,True,3,0,0.1,1,42,0.023255813953488372,0.0,1,0.0,0.05,0.05,0.0,0.0
revocation,0.05,0.7,,complete,0.5,49,19,False,0.16366928082315607,0.1782744858384271,0.1,0.6779661016949152,0.384,False,True,3,0,0.1,1,41,0.023809523809523808,0.0,2,0.0,0.05,0.05,0.0,0.0
revocation,0.05,0.7,,complete,0.5,49,20,False,0.14596624633165275,0.1587058643788203,0.1,0.6833333333333333,0.375,False,True,3,0,0.1,1,40,0.024390243902439025,0.0,3,0.0,0.05,0.05,0.0,0.0
revocation,0.05,0.7,,complete,0.5,49,21,False,0.13268897046302527,0.14402939828411523,0.1,0.6984126984126984,0.3609022556390977,False,True,3,0,0.1,2,34,0.05555555555555555,0.0,5,0.0,0.05,0.05,0.0,0.0
revocation,0.05,0.7,,complete,0.5,49,22,False,0.12273101356155468,0.13302204871308643,0.05,0.7058823529411765,0.3617021276595745,False,True,3,0,0.2,1,37,0.02631578947368421,0.0,6,0.0,0.05,0.05,0.0,0.0
revocation,0.05,0.7,,complete,0.5,49,23,False,0.10365540302830886,0.11226653653481482,0.0,0.7083333333333334,0.3561643835616438,True,False,4,0,0.1,8,34,0.19047619047619047,0.0,0,0.0,0.05,0.05,0.0,0.0
revocation,0.05,0.7,,complete,0.5,49,24,False,0.07774155227123165,0.08419990240111111,0.0,0.7105263157894737,0.3509933774834437,False,True,4,0,0.2,0,39,0.0,0.0,0,0.0,0.05,0.05,0.0,0.0
revocation,0.05,0.7,,complete,0.5,49,25,False,0.05830616420342373,0.06314992680083334,0.0,0.7088607594936709,0.3503184713375796,True,False,5,0,0.0,2,39,0.04878048780487805,0.0,0,0.0,0.05,0.05,0.0,0.0
revocation,0.05,0.7,,complete,0.5,49,26,False,0.0437296231525678,0.047362445100625004,0.0,0.7023809523809523,0.35365853658536583,False,True,5,0,0.0,0,40,0.0,0.0,0,0.0,0.05,0.05,0.0,0.0
revocation,0.05,0.7,,complete,0.5,49,27,False,0.032797217364425854,0.03552183382546875,0.0,0.7045454545454546,0.34705882352941175,False,True,5,0,0.0,0,41,0.0,0.0,0,0.0,0.05,0.05,0.0,0.0
revocation,0.05,0.7,,complete,0.5,49,28,False,0.02459791302331939,0.026641375369101564,0.0,0.7065217391304348,0.3465909090909091,False,True,5,0,0.2,0,47,0.0,0.0,0,0.0,0.05,0.05,0.0,0.0
revocation,0.05,0.7,,complete,0.5,49,29,False,0.01844843476748954,0.019981031526826173,0.0,0.711340206185567,0.34065934065934067,True,False,6,0,0.1,7,29,0.19444444444444445,0.0,0,0.0,0.05,0.05,0.0,0.0
revocation,0.05,0.7,,complete,0.5,49,30,False,0.013836326075617158,0.014985773645119629,0.0,0.7058823529411765,0.34554973821989526,False,True,6,0,0.1,0,36,0.0,0.0,0,0.0,0.05,0.05,0.0,0.0
revocation,0.05,0.7,,complete,0.5,49,31,False,0.010377244556712868,0.01123933023383972,0.0,0.6981132075471698,0.3417085427135678,True,False,7,0,0.1,4,39,0.09302325581395349,0.0,0,0.0,0.05,0.05,0.0,0.0
revocation,0.05,0.7,,complete,0.5,49,32,False,0.0077829334175346515,0.008429497675379791,0.0,0.7009345794392523,0.3399014778325123,False,True,7,0,0.2,0,46,0.0,0.0,0,0.0,0.05,0.05,0.0,0.0
revocation,0.05,0.7,,complete,0.5,49,33,False,0.005837200063150988,0.0063221232565348435,0.0,0.6972477064220184,0.33980582524271846,True,False,8,0,0.2,8,36,0.18181818181818182,0.0,0,0.0,0.05,0.05,0.0,0.0
revocation,0.05,0.7,,complete,0.5,49,34,False,0.0043779000473632415,0.004741592442401132,0.0,0.6982758620689655,0.3364485981308411,False,True,8,0,0.3,0,35,0.0,0.0,0,0.0,0.05,0.05000000000000001,6.938893903907228e-18,0.0
revocation,0.05,0.7,,complete,0.5,49,35,False,0.003283425035522431,0.0035561943318008493,0.0,0.6967213114754098,0.33636363636363636,False,True,8,0,0.4,9,27,0.25,0.0,9,0.0,0.05,0.05,0.0,0.0
revocation,0.05,0.7,,complete,0.5,49,36,False,0.002462568776641823,0.002667145748850637,0.0,0.7063492063492064,0.32456140350877194,True,False,9,0,0.2,14,29,0.32558139534883723,0.0,0,0.0,0.05,0.05,0.0,0.0
revocation,0.05,0.7,,complete,0.5,49,37,False,0.0018469265824813674,0.0020003593116379777,0.0,0.7054263565891473,0.3261802575107296,False,True,9,0,0.2,0,43,0.0,0.0,0,0.0,0.05,0.05,0.0,0.0
revocation,0.05,0.7,,complete,0.5,49,38,False,0.0013851949368610256,0.0015002694837284833,0.0,0.7045454545454546,0.326271186440678,False,True,9,0,0.3,3,40,0.06976744186046512,0.0,3,0.0,0.05,0.05000000000000001,6.938893903907228e-18,0.0
revocation,0.05,0.7,,complete,0.5,49,39,False,0.0010388962026457692,0.0011252021127963626,0.0,0.7,0.32653061224489793,False,True,9,0,0.3,3,30,0.09090909090909091,0.0,6,0.0,0.05,0.05000000000000001,6.938893903907228e-18,0.0
revocation,0.05,0.7,,complete,0.5,50,0,False,0.0,0.0,0.0,0.0,1.0,False,True,0,0,0.0,0,0,0.0,0.0,0,0.0,0.05,0.05,0.0,0.0
revocation,0.05,0.7,,complete,0.5,50,1,False,0.0,0.0,0.21052631578947367,0.21052631578947367,0.8214285714285714,False,True,0,0,0.1,0,42,0.0,0.0,0,0.0,0.05,0.05,0.0,0.0
revocation,0.05,0.7,,complete,0.5,50,2,False,0.05263157894736842,0.05263157894736842,0.25,0.34782608695652173,0.7058823529411765,False,True,0,0,0.1,2,44,0.043478260869565216,0.0,2,0.0,0.05,0.05,0.0,0.0
revocation,0.05,0.7,,complete,0.5,50,3,False,0.0975093984962406,0.10197368421052631,0.25,0.4,0.6486486486486487,False,True,0,0,0.3,0,43,0.0,0.0,2,0.0,0.05,0.05000000000000001,6.938893903907228e-18,0.0
revocation,0.05,0.7,,complete,0.5,50,4,False,0.12670347744360902,0.13898026315789475,0.15,0.43333333333333335,0.627906976744186,True,False,1,0,0.1,9,30,0.23076923076923078,0.0,0,0.0,0.05,0.05,0.0,0.0
revocation,0.05,0.7,,complete,0.5,50,5,False,0.13252760808270675,0.14173519736842105,0.1,0.4375,0.6,False,True,1,0,0.2,0,46,0.0,0.0,0,0.0,0.05,0.05,0.0,0.0
revocation,0.05,0.7,,complete,0.5,50,6,False,0.12439570606203008,0.1313013980263158,0.1,0.45454545454545453,0.54,False,True,1,0,0.2,14,32,0.30434782608695654,1.0,14,0.0,0.05,0.05,0.0,0.0
revocation,0.05,0.7,,complete,0.5,50,7,False,0.11829677954652255,0.12347604851973684,0.05,0.4594594594594595,0.5535714285714286,False,True,1,0,0.3,9,29,0.23684210526315788,1.0,23,0.0,0.05,0.05000000000000001,6.938893903907228e-18,0.0
revocation,0.05,0.7,,complete,0.5,50,8,False,0.11818687037417763,0.22385703638980264,0.0,0.45,0.5409836065573771,False,True,1,0,0.4,9,37,0.1956521739130435,0.95,32,0.0,0.05,0.05,0.0,0.0
revocation,0.05,0.7,,complete,0.5,50,9,False,0.12256872420920466,0.286642777292352,0.0,0.4666666666666667,0.5147058823529411,True,False,2,0,0.0,12,28,0.3,0.0,0,0.0,0.05,0.05,0.0,0.0
revocation,0.05,0.7,,complete,0.5,50,10,False,0.0919265431569035,0.214982082969264,0.0,0.46808510638297873,0.5,False,True,2,0,0.1,0,43,0.0,0.0,0,0.0,0.05,0.05,0.0,0.0
revocation,0.05,0.7,,complete,0.5,50,11,False,0.06894490736767762,0.161236562226948,0.0,0.4897959183673469,0.4868421052631579,False,True,2,0,0.1,5,38,0.11627906976744186,0.2,5,0.0,0.05,0.05,0.0,0.0
revocation,0.05,0.7,,complete,0.5,50,12,False,0.05528010909718679,0.12092742167021099,0.0,0.5094339622641509,0.4588235294117647,True,False,3,0,0.0,1,37,0.02631578947368421,0.0,0,0.0,0.05,0.05,0.0,0.0
revocation,0.05,0.7,,complete,0.5,50,13,False,0.041460081822890085,0.09069556625265825,0.0,0.5517241379310345,0.42391304347826086,False,True,3,0,0.2,0,31,0.0,0.0,0,0.0,0.05,0.05,0.0,0.0
revocation,0.05,0.7,,complete,0.5,50,14,False,0.03109506136716757,0.06802167468949369,0.0,0.55,0.4166666666666667,True,False,4,0,0.0,7,34,0.17073170731707318,0.0,0,0.0,0.05,0.05,0.0,0.0
revocation,0.05,0.7,,complete,0.5,50,15,False,0.023321296025375676,0.051016256017120266,0.0,0.5384615384615384,0.41346153846153844,False,True,4,0,0.0,0,47,0.0,0.0,0,0.0,0.05,0.05,0.0,0.0
revocation,0.05,0.7,,complete,0.5,50,16,False,0.01749097201903176,0.0382621920128402,0.0,0.5441176470588235,0.4074074074074074,False,True,4,0,0.0,0,37,0.0,0.0,0,0.0,0.05,0.05,0.0,0.0
revocation,0.05,0.7,,complete,0.5,50,17,False,0.013118229014273817,0.02869664400963015,0.0,0.5555555555555556,0.4017857142857143,False,True,4,0,0.0,0,46,0.0,0.0,0,0.0,0.05,0.05,0.0,0.0
revocation,0.05,0.7,,complete,0.5,50,18,False,0.009838671760705364,0.021522483007222613,0.0,0.56,0.39316239316239315,False,True,4,0,0.3,0,45,0.0,0.0,0,0.0,0.05,0.05000000000000001,6.938893903907228e-18,0.0
revocation,0.05,0.7,,complete,0.5,50,19,False,0.007379003820529022,0.01614186225541696,0.0,0.5657894736842105,0.38016528925619836,False,True,4,0,0.3,13,26,0.3333333333333333,0.15384615384615385,13,0.0,0.05,0.05000000000000001,6.938893903907228e-18,0.0
revocation,0.05,0.7,,complete,0.5,50,20,False,0.013776011107155008,0.022560176715660234,0.0,0.5875,0.375,True,False,5,0,0.1,12,24,0.3333333333333333,0.0,0,0.0,0.05,0.05,0.0,0.0
revocation,0.05,0.7,,complete,0.5,50,21,False,0.010332008330366255,0.016920132536745174,0.0,0.6071428571428571,0.362962962962963,False,True,5,0,0.3,0,34,0.0,0.0,0,0.0,0.05,0.05000000000000001,6.938893903907228e-18,0.0
revocation,0.05,0.7,,complete,0.5,50,22,False,0.0077490062477746915,0.01269009940255888,0.0,0.6136363636363636,0.3591549295774648,False,True,5,0,0.3,1,39,0.025,0.0,1,0.0,0.05,0.05000000000000001,6.938893903907228e-18,0.0
revocation,0.05,0.7,,complete,0.5,50,23,False,0.005811754685831019,0.00951757455191916,0.0,0.6276595744680851,0.348993288590604,False,True,5,0,0.4,7,36,0.16279069767441862,0.0,8,0.0,0.05,0.05,0.0,0.0
revocation,0.05,0.7,,complete,0.5,50,24,False,0.004358816014373264,0.00713818091393937,0.0,0.6391752577319587,0.33766233766233766,True,False,6,0,0.0,10,28,0.2631578947368421,0.0,0,0.0,0.05,0.05,0.0,0.0
revocation,0.05,0.7,,complete,0.5,50,25,False,0.003269112010779948,0.005353635685454528,0.0,0.6534653465346535,0.32298136645962733,False,True,6,0,0.1,0,43,0.0,0.0,0,0.0,0.05,0.05,0.0,0.0
revocation,0.05,0.7,,complete,0.5,50,26,False,0.002451834008084961,0.004015226764090896,0.0,0.6601941747572816,0.3192771084337349,True,False,7,0,0.0,2,41,0.046511627906976744,0.0,0,0.0,0.05,0.05,0.0,0.0
revocation,0.05,0.7,,complete,0.5,50,27,False,0.0018388755060637209,0.003011420073068172,0.0,0.6635514018691588,0.3160919540229885,False,True,7,0,0.0,0,45,0.0,0.0,0,0.0,0.05,0.05,0.0,0.0
revocation,0.05,0.7,,complete,0.5,50,28,False,0.0013791566295477905,0.002258565054801129,0.0,0.6666666666666666,0.3202247191011236,False,True,7,0,0.0,0,40,0.0,0.0,0,0.0,0.05,0.05,0.0,0.0
revocation,0.05,0.7,,complete,0.5,50,29,False,0.001034367472160843,0.0016939237911008467,0.0,0.6607142857142857,0.3224043715846995,False,True,7,0,0.0,0,39,0.0,0.0,0,0.0,0.05,0.05,0.0,0.0
revocation,0.05,0.7,,complete,0.5,50,30,False,0.0007757756041206322,0.0012704428433256351,0.0,0.6724137931034483,0.32105263157894737,False,True,7,0,0.1,0,41,0.0,0.0,0,0.0,0.05,0.05,0.0,0.0
revocation,0.05,0.7,,complete,0.5,50,31,False,0.0005818317030904742,0.0009528321324942263,0.0,0.6694214876033058,0.3197969543147208,False,True,7,0,0.1,3,40,0.06976744186046512,1.0,3,0.0,0.05,0.05,0.0,0.0
revocation,0.05,0.7,,complete,0.5,50,32,False,0.00043637377731785564,0.0007146240993706698,0.0,0.6721311475409836,0.31527093596059114,False,True,7,0,0.2,6,44,0.12,1.0,9,0.0,0.05,0.05,0.0,0.0
revocation,0.05,0.7,,complete,0.5,50,33,False,0.01818442319013125,0.12519825032685172,0.0,0.672,0.3140096618357488,False,True,7,0,0.3,7,36,0.16279069767441862,0.875,16,0.0,0.05,0.05000000000000001,6.938893903907228e-18,0.0
revocation,0.05,0.7,,complete,0.5,50,34,False,0.029263317392598437,0.2032736877451388,0.0,0.6466165413533834,0.3302325581395349,False,True,7,0,0.5,7,33,0.175,0.75,23,0.0,0.05,0.05,0.0,0.0
revocation,0.05,0.7,,complete,0.5,50,35,False,0.048733202330163115,0.2462052658088541,0.0,0.6496350364963503,0.33031674208144796,True,False,8,0,0.0,11,30,0.2682926829268293,0.0,0,0.0,0.05,0.05,0.0,0.0
revocation,0.05,0.7,,complete,0.5,50,36,False,0.03654990174762234,0.1846539493566406,0.0,0.6597222222222222,0.32456140350877194,False,True,8,0,0.2,0,34,0.0,0.0,0,0.0,0.05,0.05,0.0,0.0
revocation,0.05,0.7,,complete,0.5,50,37,False,0.027412426310716755,0.13849046201748044,0.0,0.6533333333333333,0.3291139240506329,False,True,8,0,0.2,9,40,0.1836734693877551,0.8888888888888888,9,0.0,0.05,0.05,0.0,0.0
revocation,0.05,0.7,,complete,0.5,50,38,False,0.03643233560605343,0.11117936346617911,0.0,0.6535947712418301,0.3305785123966942,False,True,8,0,0.3,9,32,0.21951219512195122,0.8333333333333334,18,0.0,0.05,0.05000000000000001,6.938893903907228e-18,0.0
revocation,0.05,0.7,,complete,0.5,50,39,False,0.042205204085492457,0.187551189266301,0.0,0.6558441558441559,0.32926829268292684,False,True,8,0,0.4,7,34,0.17073170731707318,0.7,25,0.0,0.05,0.05,0.0,0.0
revocation,0.05,0.7,,complete,0.5,51,0,False,0.0,0.0,0.0,0.0,1.0,False,True,0,0,0.0,0,0,0.0,0.0,0,0.0,0.05,0.05,0.0,0.0
revocation,0.05,0.7,,complete,0.5,51,1,False,0.0,0.0,0.14285714285714285,0.14285714285714285,0.8709677419354839,False,True,0,0,0.2,0,45,0.0,0.0,0,0.0,0.05,0.05,0.0,0.0
revocation,0.05,0.7,,complete,0.5,51,2,False,0.03571428571428571,0.03571428571428571,0.2777777777777778,0.2777777777777778,0.7777777777777778,False,True,0,0,0.3,4,34,0.10526315789473684,0.0,4,0.0,0.05,0.05000000000000001,6.938893903907228e-18,0.0
revocation,0.05,0.7,,complete,0.5,51,3,False,0.08630952380952382,0.09623015873015874,0.2,0.3333333333333333,0.7209302325581395,True,False,1,0,0.0,11,33,0.25,0.0,0,0.0,0.05,0.05,0.0,0.0
revocation,0.05,0.7,,complete,0.5,51,4,False,0.11473214285714287,0.12217261904761906,0.15,0.39285714285714285,0.6666666666666666,False,True,1,0,0.0,0,41,0.0,0.0,0,0.0,0.05,0.05,0.0,0.0
revocation,0.05,0.7,,complete,0.5,51,5,False,0.12354910714285715,0.12912946428571428,0.15,0.41379310344827586,0.6481481481481481,False,True,1,0,0.0,0,40,0.0,0.0,0,0.0,0.05,0.05,0.0,0.0
revocation,0.05,0.7,,complete,0.5,51,6,False,0.13016183035714288,0.13434709821428573,0.15,0.46875,0.6101694915254238,False,True,1,0,0.2,0,42,0.0,0.0,0,0.0,0.05,0.05,0.0,0.0
revocation,0.05,0.7,,complete,0.5,51,7,False,0.13512137276785716,0.1382603236607143,0.1,0.47058823529411764,0.5873015873015873,False,True,1,0,0.2,3,37,0.075,0.0,3,0.0,0.05,0.05,0.0,0.0
revocation,0.05,0.7,,complete,0.5,51,8,False,0.12455531529017859,0.12869524274553573,0.1,0.5263157894736842,0.5362318840579711,False,True,1,0,0.2,2,41,0.046511627906976744,0.0,5,0.0,0.05,0.05,0.0,0.0
revocation,0.05,0.7,,complete,0.5,51,9,False,0.11663077218191965,0.12152143205915181,0.05,0.5333333333333333,0.5128205128205128,False,True,1,0,0.3,3,39,0.07142857142857142,0.125,8,0.0,0.05,0.05000000000000001,6.938893903907228e-18,0.0
revocation,0.05,0.7,,complete,0.5,51,10,False,0.10265165056501117,0.11301607404436387,0.0,0.5490196078431373,0.4883720930232558,False,True,1,0,0.4,10,27,0.2702702702702703,0.1111111111111111,18,0.0,0.05,0.05,0.0,0.0
revocation,0.05,0.7,,complete,0.5,51,11,False,0.08294111887613934,0.0986509444221618,0.0,0.5636363636363636,0.4787234042553192,True,False,2,0,0.0,13,29,0.30952380952380953,0.0,0,0.0,0.05,0.05,0.0,0.0
revocation,0.05,0.7,,complete,0.5,51,12,False,0.0622058391571045,0.07398820831662134,0.0,0.5645161290322581,0.4803921568627451,False,True,2,0,0.0,0,33,0.0,0.0,0,0.0,0.05,0.05,0.0,0.0
revocation,0.05,0.7,,complete,0.5,51,13,False,0.04665437936782838,0.055491156237466005,0.0,0.5846153846153846,0.4537037037037037,False,True,2,0,0.0,0,43,0.0,0.0,0,0.0,0.05,0.05,0.0,0.0
revocation,0.05,0.7,,complete,0.5,51,14,False,0.03499078452587128,0.041618367178099504,0.0,0.5797101449275363,0.45132743362831856,False,True,2,0,0.1,0,41,0.0,0.0,0,0.0,0.05,0.05,0.0,0.0
revocation,0.05,0.7,,complete,0.5,51,15,False,0.026243088394403462,0.03121377538357463,0.0,0.589041095890411,0.4369747899159664,True,False,3,0,0.1,4,36,0.1,0.0,0,0.0,0.05,0.05,0.0,0.0
revocation,0.05,0.7,,complete,0.5,51,16,False,0.0196823162958026,0.023410331537680972,0.0,0.5945945945945946,0.43902439024390244,False,True,3,0,0.2,0,46,0.0,0.0,0,0.0,0.05,0.05,0.0,0.0
revocation,0.05,0.7,,complete,0.5,51,17,False,0.014761737221851947,0.017557748653260728,0.0,0.5921052631578947,0.43410852713178294,False,True,3,0,0.2,4,41,0.08888888888888889,0.75,4,0.0,0.05,0.05,0.0,0.0
revocation,0.05,0.7,,complete,0.5,51,18,False,0.024464160059246103,0.10412581004036059,0.0,0.5925925925925926,0.42962962962962964,False,True,3,0,0.2,9,32,0.21951219512195122,0.7692307692307693,13,0.0,0.05,0.05,0.0,0.0
revocation,0.05,0.7,,complete,0.5,51,19,False,0.03208438378069831,0.1742482036841166,0.0,0.5813953488372093,0.4326241134751773,False,True,3,0,0.2,4,31,0.11428571428571428,0.8235294117647058,17,0.0,0.05,0.05,0.0,0.0
revocation,0.05,0.7,,complete,0.5,51,20,False,0.03876917018846491,0.23362732923367566,0.0,0.5747126436781609,0.4315068493150685,False,True,3,0,0.2,8,35,0.18604651162790697,0.75,25,0.0,0.05,0.05,0.0,0.0
revocation,0.05,0.7,,complete,0.5,51,21,False,0.04246973478420583,0.26897049692525676,0.0,0.5869565217391305,0.4276315789473684,False,True,3,0,0.4,8,31,0.20512820512820512,0.8,33,0.0,0.05,0.05,0.0,0.0
revocation,0.05,0.7,,complete,0.5,51,22,False,0.06042372965958294,0.3017278726939426,0.0,0.5773195876288659,0.44025157232704404,True,False,4,0,0.0,9,26,0.2571428571428571,0.0,0,0.0,0.05,0.05,0.0,0.0
revocation,0.05,0.7,,complete,0.5,51,23,False,0.04531779724468721,0.22629590452045695,0.0,0.59,0.4294478527607362,False,True,4,0,0.1,0,44,0.0,0.0,0,0.0,0.05,0.05,0.0,0.0
revocation,0.05,0.7,,complete,0.5,51,24,False,0.03398834793351541,0.16972192839034272,0.0,0.5961538461538461,0.4235294117647059,False,True,4,0,0.1,3,38,0.07317073170731707,0.0,3,0.0,0.05,0.05,0.0,0.0
revocation,0.05,0.7,,complete,0.5,51,25,False,0.025491260950136558,0.12729144629275704,0.0,0.6,0.4157303370786517,True,False,5,0,0.2,6,41,0.1276595744680851,0.0,0,0.0,0.05,0.05,0.0,0.0
revocation,0.05,0.7,,complete,0.5,51,26,False,0.019118445712602416,0.09546858471956779,0.0,0.6036036036036037,0.4134078212290503,False,True,5,0,0.3,0,43,0.0,0.0,0,0.0,0.05,0.05000000000000001,6.938893903907228e-18,0.0
revocation,0.05,0.7,,complete,0.5,51,27,False,0.014338834284451816,0.07160143853967585,0.0,0.6173913043478261,0.4,True,False,6,0,0.0,9,32,0.21951219512195122,0.0,0,0.0,0.05,0.05,0.0,0.0
revocation,0.05,0.7,,complete,0.5,51,28,False,0.010754125713338862,0.05370107890475689,0.0,0.6271186440677966,0.39790575916230364,False,True,6,0,0.0,0,36,0.0,0.0,0,0.0,0.05,0.05,0.0,0.0
revocation,0.05,0.7,,complete,0.5,51,29,False,0.008065594285004146,0.04027580917856766,0.0,0.6147540983606558,0.398989898989899,False,True,6,0,0.0,0,36,0.0,0.0,0,0.0,0.05,0.05,0.0,0.0
revocation,0.05,0.7,,complete,0.5,51,30,False,0.00604919571375311,0.03020685688392575,0.0,0.616,0.39603960396039606,False,True,6,0,0.0,0,42,0.0,0.0,0,0.0,0.05,0.05,0.0,0.0
revocation,0.05,0.7,,complete,0.5,51,31,False,0.004536896785314833,0.022655142662944314,0.0,0.6220472440944882,0.3894230769230769,False,True,6,0,0.1,0,44,0.0,0.0,0,0.0,0.05,0.05,0.0,0.0
revocation,0.05,0.7,,complete,0.5,51,32,False,0.003402672588986124,0.016991356997208235,0.0,0.6212121212121212,0.3878504672897196,False,True,6,0,0.1,0,36,0.0,0.0,0,0.0,0.05,0.05,0.0,0.0
revocation,0.05,0.7,,complete,0.5,51,33,False,0.0025520044417395933,0.012743517747906177,0.0,0.6165413533834586,0.39351851851851855,False,True,6,0,0.2,0,45,0.0,0.0,0,0.0,0.05,0.05,0.0,0.0
revocation,0.05,0.7,,complete,0.5,51,34,False,0.0019140033313046949,0.009557638310929633,0.0,0.6176470588235294,0.39090909090909093,False,True,6,0,0.4,8,41,0.16326530612244897,0.875,8,0.0,0.05,0.05,0.0,0.0
revocation,0.05,0.7,,complete,0.5,51,35,False,0.01706050249847852,0.10947398549715559,0.0,0.6142857142857143,0.39035087719298245,True,False,7,0,0.1,16,22,0.42105263157894735,0.0,0,0.0,0.05,0.05,0.0,0.0
revocation,0.05,0.7,,complete,0.5,51,36,False,0.01279537687385889,0.08210548912286669,0.0,0.6180555555555556,0.39148936170212767,False,True,7,0,0.1,0,37,0.0,0.0,0,0.0,0.05,0.05,0.0,0.0
revocation,0.05,0.7,,complete,0.5,51,37,False,0.009596532655394169,0.06157911684215002,0.0,0.6190476190476191,0.3925619834710744,False,True,7,0,0.2,1,43,0.022727272727272728,0.0,1,0.0,0.05,0.05,0.0,0.0
revocation,0.05,0.7,,complete,0.5,51,38,False,0.007197399491545626,0.04618433763161252,0.0,0.625,0.3895582329317269,False,True,7,0,0.3,3,40,0.06976744186046512,0.0,4,0.0,0.05,0.05000000000000001,6.938893903907228e-18,0.0
revocation,0.05,0.7,,complete,0.5,51,39,False,0.0053980496186592205,0.03463825322370939,0.0,0.6233766233766234,0.38735177865612647,False,True,7,0,0.4,8,41,0.16326530612244897,0.0,12,0.0,0.05,0.05,0.0,0.0
revocation,0.05,0.7,,ordered,0.0,42,0,False,0.0,0.0,0.0,0.0,1.0,False,True,0,0,0.1,0,0,0.0,0.0,0,0.0,0.05,0.05,0.0,0.0
revocation,0.05,0.7,,ordered,0.0,42,1,False,0.0,0.0,0.42857142857142855,0.42857142857142855,0.8181818181818182,False,True,0,0,0.5,4,48,0.07692307692307693,0.0,4,0.0,0.05,0.05,0.0,0.0
revocation,0.05,0.7,,ordered,0.0,42,2,False,0.06887755102040816,0.10714285714285714,0.5,0.5,0.7407407407407407,False,True,0,0,0.5,16,26,0.38095238095238093,0.0,20,0.0,0.05,0.05,0.0,0.0
revocation,0.05,0.7,,ordered,0.0,42,3,False,0.13201530612244897,0.20535714285714285,0.6666666666666666,0.6666666666666666,0.5882352941176471,True,True,0,1,0.0,12,26,0.3157894736842105,0.0,20,0.0,0.05,0.05,0.0,0.0
revocation,0.05,0.7,,ordered,0.0,42,4,False,0.2656781462585034,0.32068452380952384,0.6875,0.6875,0.5714285714285714,False,True,0,1,0.1,0,40,0.0,0.0,20,0.0,0.05,0.05,0.0,0.0
revocation,0.05,0.7,,ordered,0.0,42,5,False,0.35885682397959184,0.4123883928571429,0.7,0.7142857142857143,0.5,False,True,0,1,0.3,2,35,0.05405405405405406,0.0,22,0.0,0.05,0.05000000000000001,6.938893903907228e-18,0.0
revocation,0.05,0.7,,ordered,0.0,42,6,False,0.40664261798469387,0.4842912946428572,0.6,0.6666666666666666,0.5111111111111111,True,True,0,2,0.3,9,37,0.1956521739130435,0.05,28,0.0,0.05,0.05000000000000001,6.938893903907228e-18,0.0
revocation,0.05,0.7,,ordered,0.0,42,7,False,0.43533910634566325,0.5132184709821429,0.55,0.7,0.4528301886792453,False,True,0,2,0.4,10,27,0.2702702702702703,0.35,38,0.0,0.05,0.05,0.0,0.0
revocation,0.05,0.7,,ordered,0.0,42,8,False,0.45329004404496176,0.5224138532366072,0.5,0.6875,0.43103448275862066,False,True,0,2,0.6,16,33,0.32653061224489793,0.55,54,0.0,0.05,0.05000000000000001,6.938893903907228e-18,0.0
revocation,0.05,0.7,,ordered,0.0,42,9,False,0.469431818748007,0.5168103899274554,0.5,0.7058823529411765,0.4032258064516129,True,True,0,3,0.0,15,29,0.3409090909090909,0.45,47,0.0,0.05,0.05,0.0,0.0
revocation,0.05,0.7,,ordered,0.0,42,10,False,0.47707386406100527,0.5126077924455916,0.5,0.7222222222222222,0.38461538461538464,False,True,0,3,0.0,0,45,0.0,0.45,47,0.0,0.05,0.05,0.0,0.0
revocation,0.05,0.7,,ordered,0.0,42,11,False,0.48280539804575395,0.5094558443341937,0.45,0.7317073170731707,0.38028169014084506,False,True,0,3,0.1,0,39,0.0,0.45,47,0.0,0.05,0.05,0.0,0.0
revocation,0.05,0.7,,ordered,0.0,42,12,False,0.4746040485343154,0.49459188325064524,0.4,0.7272727272727273,0.3684210526315789,False,True,0,3,0.3,2,34,0.05555555555555555,0.5,49,0.0,0.05,0.05000000000000001,6.938893903907228e-18,0.0
revocation,0.05,0.7,,ordered,0.0,42,13,False,0.4613101792578794,0.47370664307049337,0.4,0.75,0.345679012345679,False,True,0,3,0.4,2,38,0.05,0.55,51,0.0,0.05,0.05,0.0,0.0
revocation,0.05,0.7,,ordered,0.0,42,14,False,0.4540183487291239,0.4740299823028701,0.4,0.76,0.3333333333333333,False,True,0,3,0.4,6,38,0.13636363636363635,0.4,57,0.0,0.05,0.05,0.0,0.0
revocation,0.05,0.7,,ordered,0.0,42,15,False,0.4405137615468429,0.45552248672715256,0.4,0.7692307692307693,0.3218390804597701,True,True,0,4,0.2,9,34,0.20930232558139536,0.3,59,0.0,0.05,0.05,0.0,0.0
revocation,0.05,0.7,,ordered,0.0,42,16,False,0.4285996068744179,0.4416418650453644,0.4,0.7931034482758621,0.2978723404255319,False,True,0,4,0.3,3,35,0.07894736842105263,0.4,62,0.0,0.05,0.05000000000000001,6.938893903907228e-18,0.0
revocation,0.05,0.7,,ordered,0.0,42,17,False,0.42144970515581337,0.4312313987840233,0.4,0.8,0.2857142857142857,False,True,0,4,0.3,5,42,0.10638297872340426,0.4,67,0.0,0.05,0.05000000000000001,6.938893903907228e-18,0.0
revocation,0.05,0.7,,ordered,0.0,42,18,False,0.41608727886686003,0.4234235490880175,0.4,0.8032786885245902,0.2828282828282828,False,True,0,4,0.3,1,42,0.023255813953488372,0.35,68,0.0,0.05,0.05000000000000001,6.938893903907228e-18,0.0
revocation,0.05,0.7,,ordered,0.0,42,19,False,0.41027974486443075,0.4175676618160131,0.3,0.7878787878787878,0.2897196261682243,True,True,0,5,0.1,4,35,0.10256410256410256,0.35,65,0.0,0.05,0.05,0.0,0.0
revocation,0.05,0.7,,ordered,0.0,42,20,False,0.3827098086483231,0.38817574636200985,0.3,0.7941176470588235,0.28440366972477066,False,True,0,5,0.2,0,46,0.0,0.35,65,0.0,0.05,0.05,0.0,0.0
revocation,0.05,0.7,,ordered,0.0,42,21,False,0.36292521362909946,0.3661318097715074,0.25,0.7945205479452054,0.27586206896551724,False,True,0,5,0.2,2,37,0.05128205128205128,0.4,67,0.0,0.05,0.05,0.0,0.0
revocation,0.05,0.7,,ordered,0.0,42,22,False,0.33737248165039596,0.35242770296939135,0.2,0.7875,0.2764227642276423,False,True,0,5,0.3,0,40,0.0,0.4,67,0.0,0.05,0.05000000000000001,6.938893903907228e-18,0.0
revocation,0.05,0.7,,ordered,0.0,42,23,False,0.3101722183806542,0.3393207772270435,0.2,0.7926829268292683,0.2677165354330709,False,True,0,5,0.3,11,36,0.23404255319148937,0.45,78,0.0,0.05,0.05000000000000001,6.938893903907228e-18,0.0
revocation,0.05,0.7,,ordered,0.0,42,24,False,0.29155773521406203,0.33574058292028264,0.2,0.7976190476190477,0.25757575757575757,False,True,0,5,0.3,4,34,0.10526315789473684,0.3,82,0.0,0.05,0.05000000000000001,6.938893903907228e-18,0.0
revocation,0.05,0.7,,ordered,0.0,42,25,False,0.2722397299819751,0.314305437190212,0.2,0.7976190476190477,0.2537313432835821,True,True,0,6,0.0,4,43,0.0851063829787234,0.25,74,0.0,0.05,0.05,0.0,0.0
revocation,0.05,0.7,,ordered,0.0,42,26,False,0.25417979748648134,0.285729077892659,0.15,0.7906976744186046,0.2517985611510791,False,True,0,6,0.0,0,42,0.0,0.25,74,0.0,0.05,0.05,0.0,0.0
revocation,0.05,0.7,,ordered,0.0,42,27,False,0.228134848114861,0.25179680841949426,0.15,0.8,0.24475524475524477,False,True,0,6,0.1,0,41,0.0,0.25,74,0.0,0.05,0.05,0.0,0.0
revocation,0.05,0.7,,ordered,0.0,42,28,False,0.21038685037186003,0.2263476063146207,0.15,0.8043478260869565,0.24489795918367346,False,True,0,6,0.1,1,33,0.029411764705882353,0.2,75,0.0,0.05,0.05,0.0,0.0
revocation,0.05,0.7,,ordered,0.0,42,29,False,0.19618299492175217,0.20726070473596553,0.15,0.8085106382978723,0.24503311258278146,False,True,0,6,0.2,1,45,0.021739130434782608,0.2,76,0.0,0.05,0.05,0.0,0.0
revocation,0.05,0.7,,ordered,0.0,42,30,False,0.18642296047702842,0.19726998278169605,0.15,0.8125,0.24358974358974358,True,True,0,7,0.1,7,39,0.15217391304347827,0.15,79,0.0,0.05,0.05,0.0,0.0
revocation,0.05,0.7,,ordered,0.0,42,31,False,0.17731722035777134,0.18545248708627204,0.15,0.8181818181818182,0.2422360248447205,True,True,0,8,0.0,7,32,0.1794871794871795,0.15,82,0.0,0.05,0.05,0.0,0.0
revocation,0.05,0.7,,ordered,0.0,42,32,False,0.17048791526832852,0.17658936531470404,0.1,0.8118811881188119,0.24390243902439024,False,True,0,8,0.0,0,43,0.0,0.15,82,0.0,0.05,0.05,0.0,0.0
revocation,0.05,0.7,,ordered,0.0,42,33,False,0.15286593645124638,0.15744202398602802,0.05,0.8076923076923077,0.24404761904761904,False,True,0,8,0.1,0,43,0.0,0.15,82,0.0,0.05,0.05,0.0,0.0
revocation,0.05,0.7,,ordered,0.0,42,34,False,0.12893516662414908,0.1373467865001114,0.05,0.7981651376146789,0.24858757062146894,False,True,0,8,0.2,0,32,0.0,0.15,82,0.0,0.05,0.05,0.0,0.0
revocation,0.05,0.7,,ordered,0.0,42,35,False,0.11098708925382608,0.12801008987508355,0.0,0.7913043478260869,0.25,False,True,0,8,0.3,5,39,0.11363636363636363,0.35,87,0.0,0.05,0.05000000000000001,6.938893903907228e-18,0.0
revocation,0.05,0.7,,ordered,0.0,42,36,False,0.09574031694036957,0.13975756740631268,0.0,0.7983193277310925,0.24468085106382978,False,True,0,8,0.4,10,36,0.21739130434782608,0.65,97,0.0,0.05,0.05,0.0,0.0
revocation,0.05,0.7,,ordered,0.0,42,37,False,0.09501952341956289,0.1860681755547345,0.0,0.7952755905511811,0.24489795918367346,True,True,0,9,0.0,5,29,0.14705882352941177,0.5,93,0.0,0.05,0.05,0.0,0.0
revocation,0.05,0.7,,ordered,0.0,42,38,False,0.07126464256467217,0.13955113166605088,0.0,0.8,0.2413793103448276,False,True,0,9,0.0,0,38,0.0,0.5,93,0.0,0.05,0.05,0.0,0.0
revocation,0.05,0.7,,ordered,0.0,42,39,False,0.05344848192350412,0.10466334874953816,0.0,0.7954545454545454,0.24519230769230768,False,True,0,9,0.0,0,42,0.0,0.5,93,0.0,0.05,0.05,0.0,0.0
revocation,0.05,0.7,,ordered,0.0,43,0,False,0.0,0.0,0.0,0.0,1.0,False,True,0,0,0.0,0,0,0.0,0.0,0,0.0,0.05,0.05,0.0,0.0
revocation,0.05,0.7,,ordered,0.0,43,1,False,0.0,0.0,0.09090909090909091,0.09090909090909091,0.8518518518518519,False,True,0,0,0.0,0,50,0.0,0.0,0,0.0,0.05,0.05,0.0,0.0
revocation,0.05,0.7,,ordered,0.0,43,2,False,0.022727272727272728,0.022727272727272728,0.29411764705882354,0.29411764705882354,0.7352941176470589,False,True,0,0,0.1,0,35,0.0,0.0,0,0.0,0.05,0.05,0.0,0.0
revocation,0.05,0.7,,ordered,0.0,43,3,False,0.09057486631016043,0.09057486631016043,0.4,0.42857142857142855,0.6190476190476191,False,True,0,0,0.2,1,37,0.02631578947368421,0.0,1,0.0,0.05,0.05,0.0,0.0
revocation,0.05,0.7,,ordered,0.0,43,4,False,0.16078829258976318,0.16793114973262033,0.35,0.48,0.574468085106383,False,True,0,0,0.5,1,36,0.02702702702702703,0.0,2,0.0,0.05,0.05,0.0,0.0
revocation,0.05,0.7,,ordered,0.0,43,5,False,0.18934121944232235,0.21344836229946523,0.3,0.5333333333333333,0.509090909090909,False,True,0,0,0.5,16,18,0.47058823529411764,0.3333333333333333,18,0.0,0.05,0.05,0.0,0.0
revocation,0.05,0.7,,ordered,0.0,43,6,False,0.21879162886745607,0.23508627172459895,0.25,0.53125,0.5172413793103449,False,True,0,0,0.5,10,32,0.23809523809523808,0.35,28,0.0,0.05,0.05,0.0,0.0
revocation,0.05,0.7,,ordered,0.0,43,7,False,0.23195086450773492,0.2388147037934492,0.2,0.5227272727272727,0.5072463768115942,True,True,0,1,0.1,14,21,0.4,0.45,21,0.0,0.05,0.05,0.0,0.0
revocation,0.05,0.7,,ordered,0.0,43,8,False,0.22396314838080117,0.2291110278450869,0.2,0.5434782608695652,0.47368421052631576,False,True,0,1,0.1,1,44,0.022222222222222223,0.45,22,0.0,0.05,0.05,0.0,0.0
revocation,0.05,0.7,,ordered,0.0,43,9,False,0.21797236128560085,0.22183327088381516,0.1,0.5306122448979592,0.47560975609756095,False,True,0,1,0.3,0,41,0.0,0.45,22,0.0,0.05,0.05000000000000001,6.938893903907228e-18,0.0
revocation,0.05,0.7,,ordered,0.0,43,10,False,0.18847927096420067,0.19137495316286138,0.0,0.5283018867924528,0.4606741573033708,True,True,0,2,0.2,13,35,0.2708333333333333,0.5,27,0.0,0.05,0.05,0.0,0.0
revocation,0.05,0.7,,ordered,0.0,43,11,False,0.1413594532231505,0.14353121487214604,0.0,0.5272727272727272,0.45918367346938777,True,True,0,3,0.0,7,33,0.175,0.65,30,0.0,0.05,0.05,0.0,0.0
revocation,0.05,0.7,,ordered,0.0,43,12,False,0.10601958991736286,0.10764841115410953,0.0,0.5263157894736842,0.45544554455445546,False,True,0,3,0.0,0,44,0.0,0.65,30,0.0,0.05,0.05,0.0,0.0
revocation,0.05,0.7,,ordered,0.0,43,13,False,0.07951469243802216,0.08073630836558215,0.0,0.5333333333333333,0.4392523364485981,False,True,0,3,0.1,0,39,0.0,0.65,30,0.0,0.05,0.05,0.0,0.0
revocation,0.05,0.7,,ordered,0.0,43,14,False,0.07124316218565949,0.1377872862439742,0.0,0.5483870967741935,0.42857142857142855,False,True,0,3,0.3,1,38,0.02564102564102564,0.65,31,0.0,0.05,0.05000000000000001,6.938893903907228e-18,0.0
revocation,0.05,0.7,,ordered,0.0,43,15,False,0.07664665735353034,0.18459046468298068,0.0,0.5538461538461539,0.4083333333333333,True,True,0,4,0.2,7,37,0.1590909090909091,0.6,33,0.0,0.05,0.05,0.0,0.0
revocation,0.05,0.7,,ordered,0.0,43,16,False,0.07891356444371918,0.16999813009172998,0.0,0.5694444444444444,0.40310077519379844,False,True,0,4,0.4,5,29,0.14705882352941177,0.5,38,0.0,0.05,0.05,0.0,0.0
revocation,0.05,0.7,,ordered,0.0,43,17,False,0.08597088761850367,0.1899985975687975,0.0,0.5733333333333334,0.39552238805970147,True,True,0,5,0.1,6,33,0.15384615384615385,0.55,37,0.0,0.05,0.05,0.0,0.0
revocation,0.05,0.7,,ordered,0.0,43,18,False,0.06447816571387775,0.14249894817659814,0.0,0.5897435897435898,0.381294964028777,False,True,0,5,0.3,0,41,0.0,0.55,37,0.0,0.05,0.05000000000000001,6.938893903907228e-18,0.0
revocation,0.05,0.7,,ordered,0.0,43,19,False,0.06800148142826547,0.1756242111324486,0.0,0.5930232558139535,0.38095238095238093,True,True,0,6,0.1,10,26,0.2777777777777778,0.45,40,0.0,0.05,0.05,0.0,0.0
revocation,0.05,0.7,,ordered,0.0,43,20,False,0.05100111107119909,0.13171815834933645,0.0,0.5862068965517241,0.38311688311688313,False,True,0,6,0.2,0,46,0.0,0.45,40,0.0,0.05,0.05,0.0,0.0
revocation,0.05,0.7,,ordered,0.0,43,21,False,0.0462865475891136,0.09878861876200234,0.0,0.6043956043956044,0.36875,False,True,0,6,0.2,2,35,0.05405405405405406,0.45,42,0.0,0.05,0.05,0.0,0.0
revocation,0.05,0.7,,ordered,0.0,43,22,False,0.042750624977549494,0.10449956038497832,0.0,0.5913978494623656,0.37423312883435583,False,True,0,6,0.6,0,37,0.0,0.45,42,0.0,0.05,0.05000000000000001,6.938893903907228e-18,0.0
revocation,0.05,0.7,,ordered,0.0,43,23,False,0.07224154016173355,0.13462467028873373,0.0,0.5876288659793815,0.3772455089820359,False,True,0,6,0.6,11,34,0.24444444444444444,0.2,53,0.0,0.05,0.05000000000000001,6.938893903907228e-18,0.0
revocation,0.05,0.7,,ordered,0.0,43,24,False,0.07203829797844301,0.1259685027165503,0.0,0.6039603960396039,0.36416184971098264,True,True,0,7,0.4,14,35,0.2857142857142857,0.2,53,0.0,0.05,0.05,0.0,0.0
revocation,0.05,0.7,,ordered,0.0,43,25,False,0.06474300919811797,0.09447637703741273,0.0,0.6116504854368932,0.36363636363636365,False,True,0,7,0.4,7,36,0.16279069767441862,0.15,60,0.0,0.05,0.05,0.0,0.0
revocation,0.05,0.7,,ordered,0.0,43,26,False,0.05659297118430277,0.08308917213611507,0.0,0.6203703703703703,0.358695652173913,False,True,0,7,0.4,6,32,0.15789473684210525,0.1,66,0.0,0.05,0.05,0.0,0.0
revocation,0.05,0.7,,ordered,0.0,43,27,False,0.047801871245369935,0.0748168791020863,0.0,0.6086956521739131,0.3645833333333333,False,True,0,7,0.4,3,32,0.08571428571428572,0.05,69,0.0,0.05,0.05,0.0,0.0
revocation,0.05,0.7,,ordered,0.0,43,28,False,0.03852997486259888,0.06236265932656473,0.0,0.6218487394957983,0.35714285714285715,True,True,0,8,0.1,5,34,0.1282051282051282,0.05,67,0.0,0.05,0.05,0.0,0.0
revocation,0.05,0.7,,ordered,0.0,43,29,False,0.028897481146949157,0.046771994494923544,0.0,0.6147540983606558,0.36318407960199006,False,True,0,8,0.1,0,36,0.0,0.05,67,0.0,0.05,0.05,0.0,0.0
revocation,0.05,0.7,,ordered,0.0,43,30,False,0.02167311086021187,0.03507899587119266,0.0,0.616,0.3640776699029126,False,True,0,8,0.1,0,42,0.0,0.05,67,0.0,0.05,0.05,0.0,0.0
revocation,0.05,0.7,,ordered,0.0,43,31,False,0.016254833145158902,0.026309246903394496,0.0,0.6165413533834586,0.36574074074074076,False,True,0,8,0.2,0,36,0.0,0.05,67,0.0,0.05,0.05,0.0,0.0
revocation,0.05,0.7,,ordered,0.0,43,32,False,0.012191124858869177,0.019731935177545873,0.0,0.6041666666666666,0.3744493392070485,False,True,0,8,0.4,5,27,0.15625,0.25,72,0.0,0.05,0.05,0.0,0.0
revocation,0.05,0.7,,ordered,0.0,43,33,False,0.01807191507272331,0.046048951383159405,0.0,0.6013513513513513,0.37662337662337664,True,True,0,9,0.3,7,36,0.16279069767441862,0.15,69,0.0,0.05,0.05000000000000001,6.938893903907228e-18,0.0
revocation,0.05,0.7,,ordered,0.0,43,34,False,0.016232507733113914,0.04831801156745094,0.0,0.6078431372549019,0.3728813559322034,False,True,0,9,0.4,12,34,0.2608695652173913,0.5,81,0.0,0.05,0.05,0.0,0.0
revocation,0.05,0.7,,ordered,0.0,43,35,False,0.03003152365697829,0.0987385086755882,0.0,0.6075949367088608,0.3729508196721312,True,True,0,10,0.0,12,31,0.27906976744186046,0.3,77,0.0,0.05,0.05,0.0,0.0
revocation,0.05,0.7,,ordered,0.0,43,36,False,0.022523642742733718,0.07405388150669115,0.0,0.6149068322981367,0.36693548387096775,False,True,0,10,0.1,0,41,0.0,0.3,77,0.0,0.05,0.05,0.0,0.0
revocation,0.05,0.7,,ordered,0.0,43,37,False,0.01689273205705029,0.05554041113001836,0.0,0.6011904761904762,0.3735408560311284,False,True,0,10,0.4,3,32,0.08571428571428572,0.45,80,0.0,0.05,0.05,0.0,0.0
revocation,0.05,0.7,,ordered,0.0,43,38,False,0.03677669189993057,0.08489435750857288,0.0,0.5875706214689266,0.38345864661654133,False,True,0,10,0.6,10,24,0.29411764705882354,0.35,90,0.0,0.05,0.05000000000000001,6.938893903907228e-18,0.0
revocation,0.05,0.7,,ordered,0.0,43,39,False,0.052582518924947926,0.10742076813142966,0.0,0.5888888888888889,0.3786764705882353,False,True,0,10,0.6,20,20,0.5,0.5,110,0.0,0.05,0.05000000000000001,6.938893903907228e-18,0.0
revocation,0.05,0.7,,ordered,0.0,44,0,False,0.0,0.0,0.0,0.0,1.0,False,True,0,0,0.0,0,0,0.0,0.0,0,0.0,0.05,0.05,0.0,0.0
revocation,0.05,0.7,,ordered,0.0,44,1,False,0.0,0.0,0.3,0.3,0.72,False,True,0,0,0.0,0,43,0.0,0.0,0,0.0,0.05,0.05,0.0,0.0
revocation,0.05,0.7,,ordered,0.0,44,2,False,0.075,0.075,0.4166666666666667,0.4166666666666667,0.6785714285714286,False,True,0,0,0.1,0,43,0.0,0.0,0,0.0,0.05,0.05,0.0,0.0
revocation,0.05,0.7,,ordered,0.0,44,3,False,0.16041666666666665,0.16041666666666665,0.5625,0.5625,0.5714285714285714,False,True,0,0,0.2,2,36,0.05263157894736842,0.0,2,0.0,0.05,0.05,0.0,0.0
revocation,0.05,0.7,,ordered,0.0,44,4,False,0.25089285714285714,0.2609375,0.5789473684210527,0.5789473684210527,0.5384615384615384,False,True,0,0,0.4,2,33,0.05714285714285714,0.5,4,0.0,0.05,0.05,0.0,0.0
revocation,0.05,0.7,,ordered,0.0,44,5,False,0.33008693609022555,0.34043996710526314,0.6,0.6363636363636364,0.5,True,True,0,1,0.0,14,32,0.30434782608695654,0.6363636363636364,11,0.0,0.05,0.05,0.0,0.0
revocation,0.05,0.7,,ordered,0.0,44,6,False,0.3975652020676691,0.4053299753289473,0.6,0.6923076923076923,0.46808510638297873,False,True,0,1,0.1,0,38,0.0,0.6363636363636364,11,0.0,0.05,0.05,0.0,0.0
revocation,0.05,0.7,,ordered,0.0,44,7,False,0.4481739015507519,0.4539974814967105,0.5,0.6551724137931034,0.46153846153846156,False,True,0,1,0.2,2,45,0.0425531914893617,0.5384615384615384,13,0.0,0.05,0.05,0.0,0.0
revocation,0.05,0.7,,ordered,0.0,44,8,False,0.46181723934987706,0.47030580343022516,0.45,0.6666666666666666,0.4482758620689655,False,True,0,1,0.2,1,41,0.023809523809523808,0.5714285714285714,14,0.0,0.05,0.05,0.0,0.0
revocation,0.05,0.7,,ordered,0.0,44,9,False,0.4610312968593466,0.48040792400124027,0.45,0.6857142857142857,0.41935483870967744,False,True,0,1,0.2,2,41,0.046511627906976744,0.5,16,0.0,0.05,0.05,0.0,0.0
revocation,0.05,0.7,,ordered,0.0,44,10,False,0.45916632978736704,0.47905594300093024,0.4,0.6923076923076923,0.38571428571428573,False,True,0,1,0.3,2,36,0.05263157894736842,0.4444444444444444,18,0.0,0.05,0.05000000000000001,6.938893903907228e-18,0.0
revocation,0.05,0.7,,ordered,0.0,44,11,False,0.44596204892782687,0.46484751280625325,0.4,0.7272727272727273,0.36,False,True,0,1,0.5,6,39,0.13333333333333333,0.5,24,0.0,0.05,0.05,0.0,0.0
revocation,0.05,0.7,,ordered,0.0,44,12,False,0.4416143938387273,0.4611356346046899,0.4,0.7391304347826086,0.3375,False,True,0,1,0.6,10,30,0.25,0.5,34,0.0,0.05,0.05000000000000001,6.938893903907228e-18,0.0
revocation,0.05,0.7,,ordered,0.0,44,13,False,0.4401393668076169,0.4583517259535174,0.4,0.7346938775510204,0.32558139534883723,True,True,0,2,0.1,20,24,0.45454545454545453,0.45,37,0.0,0.05,0.05,0.0,0.0
revocation,0.05,0.7,,ordered,0.0,44,14,False,0.4301045251057126,0.44376379446513803,0.4,0.7547169811320755,0.30434782608695654,False,True,0,2,0.2,0,39,0.0,0.45,37,0.0,0.05,0.05,0.0,0.0
revocation,0.05,0.7,,ordered,0.0,44,15,False,0.42257839382928447,0.43282284584885355,0.35,0.7586206896551724,0.31313131313131315,False,True,0,2,0.2,4,33,0.10810810810810811,0.5,41,0.0,0.05,0.05,0.0,0.0
revocation,0.05,0.7,,ordered,0.0,44,16,False,0.4044337953719634,0.4121171343866402,0.35,0.7704918032786885,0.30392156862745096,True,True,0,3,0.0,6,42,0.125,0.5,40,0.0,0.05,0.05,0.0,0.0
revocation,0.05,0.7,,ordered,0.0,44,17,False,0.39082534652897255,0.39658785078998016,0.25,0.7575757575757576,0.3055555555555556,False,True,0,3,0.0,0,40,0.0,0.5,40,0.0,0.05,0.05,0.0,0.0
revocation,0.05,0.7,,ordered,0.0,44,18,False,0.35561900989672945,0.35994088809248515,0.2,0.7571428571428571,0.29310344827586204,False,True,0,3,0.0,0,39,0.0,0.5,40,0.0,0.05,0.05,0.0,0.0
revocation,0.05,0.7,,ordered,0.0,44,19,False,0.31671425742254705,0.3199556660693638,0.1,0.75,0.304,False,True,0,3,0.1,0,34,0.0,0.5,40,0.0,0.05,0.05,0.0,0.0
revocation,0.05,0.7,,ordered,0.0,44,20,False,0.2625356930669103,0.2649667495520229,0.05,0.7560975609756098,0.29545454545454547,False,True,0,3,0.2,2,36,0.05263157894736842,0.5,42,0.0,0.05,0.05,0.0,0.0
revocation,0.05,0.7,,ordered,0.0,44,21,False,0.21743748408589703,0.26536466173856277,0.0,0.7558139534883721,0.291970802919708,False,True,0,3,0.3,12,30,0.2857142857142857,0.6,54,0.0,0.05,0.05000000000000001,6.938893903907228e-18,0.0
revocation,0.05,0.7,,ordered,0.0,44,22,False,0.1845066844929942,0.2740234963039221,0.0,0.7555555555555555,0.2907801418439716,True,True,0,4,0.1,12,31,0.27906976744186046,0.45,52,0.0,0.05,0.05,0.0,0.0
revocation,0.05,0.7,,ordered,0.0,44,23,False,0.14641572765545993,0.23065493642834287,0.0,0.7555555555555555,0.2847222222222222,False,True,0,4,0.1,3,43,0.06521739130434782,0.4,55,0.0,0.05,0.05,0.0,0.0
revocation,0.05,0.7,,ordered,0.0,44,24,False,0.11695465288445209,0.22299120232125713,0.0,0.7525773195876289,0.2894736842105263,False,True,0,4,0.1,1,32,0.030303030303030304,0.4,56,0.0,0.05,0.05,0.0,0.0
revocation,0.05,0.7,,ordered,0.0,44,25,False,0.0948588468061962,0.21724340174094287,0.0,0.76,0.28662420382165604,False,True,0,4,0.3,3,40,0.06976744186046512,0.3,59,0.0,0.05,0.05000000000000001,6.938893903907228e-18,0.0
revocation,0.05,0.7,,ordered,0.0,44,26,False,0.08185842081893288,0.20043255130570717,0.0,0.7572815533980582,0.28484848484848485,False,True,0,4,0.3,6,32,0.15789473684210525,0.25,65,0.0,0.05,0.05000000000000001,6.938893903907228e-18,0.0
revocation,0.05,0.7,,ordered,0.0,44,27,False,0.07032238704277109,0.18157441347928038,0.0,0.7407407407407407,0.29069767441860467,False,True,0,4,0.3,8,32,0.2,0.25,73,0.0,0.05,0.05000000000000001,6.938893903907228e-18,0.0
revocation,0.05,0.7,,ordered,0.0,44,28,False,0.06167036171064975,0.1674308101094603,0.0,0.7345132743362832,0.3055555555555556,False,True,0,4,0.3,8,33,0.1951219512195122,0.4,81,0.0,0.05,0.05000000000000001,6.938893903907228e-18,0.0
revocation,0.05,0.7,,ordered,0.0,44,29,False,0.060538485568701596,0.1755731075820952,0.0,0.7241379310344828,0.31351351351351353,True,True,0,5,0.1,9,39,0.1875,0.3,72,0.0,0.05,0.05,0.0,0.0
revocation,0.05,0.7,,ordered,0.0,44,30,False,0.04540386417652619,0.1316798306865714,0.0,0.7142857142857143,0.32105263157894737,False,True,0,5,0.1,6,33,0.15384615384615385,0.55,78,0.0,0.05,0.05,0.0,0.0
revocation,0.05,0.7,,ordered,0.0,44,31,False,0.03405289813239464,0.09875987301492856,0.0,0.717741935483871,0.3147208121827411,False,True,0,5,0.1,5,35,0.125,0.75,83,0.0,0.05,0.05,0.0,0.0
revocation,0.05,0.7,,ordered,0.0,44,32,False,0.025539673599295983,0.07406990476119642,0.0,0.7121212121212122,0.3170731707317073,True,True,0,6,0.0,4,32,0.1111111111111111,0.65,80,0.0,0.05,0.05,0.0,0.0
revocation,0.05,0.7,,ordered,0.0,44,33,False,0.01915475519947199,0.055552428570897316,0.0,0.7121212121212122,0.3125,False,True,0,6,0.0,0,41,0.0,0.65,80,0.0,0.05,0.05,0.0,0.0
revocation,0.05,0.7,,ordered,0.0,44,34,False,0.01436606639960399,0.04166432142817299,0.0,0.7194244604316546,0.30697674418604654,False,True,0,6,0.0,0,39,0.0,0.65,80,0.0,0.05,0.05,0.0,0.0
revocation,0.05,0.7,,ordered,0.0,44,35,False,0.010774549799702993,0.03124824107112974,0.0,0.7202797202797203,0.31221719457013575,False,True,0,6,0.0,0,42,0.0,0.65,80,0.0,0.05,0.05,0.0,0.0
revocation,0.05,0.7,,ordered,0.0,44,36,False,0.008080912349777246,0.023436180803347306,0.0,0.7222222222222222,0.30666666666666664,False,True,0,6,0.1,0,41,0.0,0.65,80,0.0,0.05,0.05,0.0,0.0
revocation,0.05,0.7,,ordered,0.0,44,37,False,0.006060684262332934,0.01757713560251048,0.0,0.722972972972973,0.3056768558951965,True,True,0,7,0.1,3,38,0.07317073170731707,0.7,82,0.0,0.05,0.05,0.0,0.0
revocation,0.05,0.7,,ordered,0.0,44,38,False,0.0170455131967497,0.08907659413238433,0.0,0.7236842105263158,0.3034188034188034,False,True,0,7,0.1,3,40,0.06976744186046512,0.7,85,0.0,0.05,0.05,0.0,0.0
revocation,0.05,0.7,,ordered,0.0,44,39,False,0.02528413489756227,0.15430744559928825,0.0,0.7151898734177216,0.3070539419087137,False,True,0,7,0.1,3,37,0.075,0.65,88,0.0,0.05,0.05,0.0,0.0
revocation,0.05,0.7,,ordered,0.0,45,0,False,0.0,0.0,0.0,0.0,1.0,False,True,0,0,0.2,0,0,0.0,0.0,0,0.0,0.05,0.05,0.0,0.0
revocation,0.05,0.7,,ordered,0.0,45,1,False,0.0,0.0,0.35294117647058826,0.35294117647058826,0.8064516129032258,True,True,0,1,0.1,5,39,0.11363636363636363,0.0,3,0.0,0.05,0.05,0.0,0.0
revocation,0.05,0.7,,ordered,0.0,45,2,False,0.08823529411764706,0.08823529411764706,0.3333333333333333,0.3333333333333333,0.7878787878787878,False,True,0,1,0.2,4,43,0.0851063829787234,0.5714285714285714,7,0.0,0.05,0.05,0.0,0.0
revocation,0.05,0.7,,ordered,0.0,45,3,False,0.14950980392156862,0.14950980392156862,0.15,0.37037037037037035,0.7380952380952381,False,True,0,1,0.3,11,24,0.3142857142857143,0.8333333333333334,18,0.0,0.05,0.05000000000000001,6.938893903907228e-18,0.0
revocation,0.05,0.7,,ordered,0.0,45,4,False,0.16183473389355743,0.23504901960784313,0.0,0.34375,0.74,True,True,0,2,0.2,13,25,0.34210526315789475,0.7333333333333333,15,0.0,0.05,0.05,0.0,0.0
revocation,0.05,0.7,,ordered,0.0,45,5,False,0.14756652661064426,0.267953431372549,0.0,0.34375,0.7254901960784313,False,True,0,2,0.3,5,43,0.10416666666666667,0.65,20,0.0,0.05,0.05000000000000001,6.938893903907228e-18,0.0
revocation,0.05,0.7,,ordered,0.0,45,6,False,0.14549632352941178,0.2822150735294118,0.0,0.3783783783783784,0.6779661016949152,False,True,0,2,0.5,8,29,0.21621621621621623,0.6,28,0.0,0.05,0.05,0.0,0.0
revocation,0.05,0.7,,ordered,0.0,45,7,False,0.14126509978991594,0.28666130514705884,0.0,0.3953488372093023,0.6515151515151515,True,True,0,3,0.3,19,23,0.4523809523809524,0.45,37,0.0,0.05,0.05000000000000001,6.938893903907228e-18,0.0
revocation,0.05,0.7,,ordered,0.0,45,8,False,0.11398453912815128,0.27124597886029417,0.0,0.41304347826086957,0.6301369863013698,False,True,0,3,0.3,11,35,0.2391304347826087,0.55,48,0.0,0.05,0.05000000000000001,6.938893903907228e-18,0.0
revocation,0.05,0.7,,ordered,0.0,45,9,False,0.09530983291754203,0.2721844841452207,0.0,0.43137254901960786,0.5925925925925926,True,True,0,4,0.0,13,30,0.3023255813953488,0.6,51,0.0,0.05,0.05,0.0,0.0
revocation,0.05,0.7,,ordered,0.0,45,10,False,0.07148237468815652,0.2041383631089155,0.0,0.47368421052631576,0.5632183908045977,False,True,0,4,0.0,0,41,0.0,0.6,51,0.0,0.05,0.05,0.0,0.0
revocation,0.05,0.7,,ordered,0.0,45,11,False,0.05361178101611739,0.15310377233168662,0.0,0.4918032786885246,0.5543478260869565,False,True,0,4,0.1,0,43,0.0,0.6,51,0.0,0.05,0.05,0.0,0.0
revocation,0.05,0.7,,ordered,0.0,45,12,False,0.040208835762088044,0.11482782924876497,0.0,0.5,0.55,False,True,0,4,0.1,0,40,0.0,0.6,51,0.0,0.05,0.05,0.0,0.0
revocation,0.05,0.7,,ordered,0.0,45,13,False,0.03015662682156603,0.08612087193657372,0.0,0.5211267605633803,0.5377358490566038,False,True,0,4,0.1,0,39,0.0,0.6,51,0.0,0.05,0.05,0.0,0.0
revocation,0.05,0.7,,ordered,0.0,45,14,False,0.022617470116174522,0.0645906539524303,0.0,0.5466666666666666,0.5132743362831859,False,True,0,4,0.2,0,36,0.0,0.6,51,0.0,0.05,0.05,0.0,0.0
revocation,0.05,0.7,,ordered,0.0,45,15,False,0.027677388301416608,0.08131974278127446,0.0,0.5641025641025641,0.4915254237288136,False,True,0,4,0.2,2,38,0.05,0.55,53,0.0,0.05,0.05,0.0,0.0
revocation,0.05,0.7,,ordered,0.0,45,16,False,0.030579469797491026,0.12973980708595584,0.0,0.5555555555555556,0.4878048780487805,True,True,0,5,0.1,4,41,0.08888888888888889,0.6,55,0.0,0.05,0.05,0.0,0.0
revocation,0.05,0.7,,ordered,0.0,45,17,False,0.022934602348118272,0.09730485531446688,0.0,0.5647058823529412,0.484375,False,True,0,5,0.1,1,39,0.025,0.6,56,0.0,0.05,0.05,0.0,0.0
revocation,0.05,0.7,,ordered,0.0,45,18,False,0.0172009517610887,0.07297864148585016,0.0,0.5795454545454546,0.4732824427480916,False,True,0,5,0.3,0,46,0.0,0.6,56,0.0,0.05,0.05000000000000001,6.938893903907228e-18,0.0
revocation,0.05,0.7,,ordered,0.0,45,19,False,0.034329285249387956,0.08130561021766078,0.0,0.5806451612903226,0.4676258992805755,False,True,0,5,0.3,7,30,0.1891891891891892,0.45,63,0.0,0.05,0.05000000000000001,6.938893903907228e-18,0.0
revocation,0.05,0.7,,ordered,0.0,45,20,False,0.04181839250846954,0.11722920766324559,0.0,0.5858585858585859,0.4594594594594595,False,True,0,5,0.4,9,28,0.24324324324324326,0.2,72,0.0,0.05,0.05,0.0,0.0
revocation,0.05,0.7,,ordered,0.0,45,21,False,0.04207808009563787,0.11292190574743419,0.0,0.5922330097087378,0.45394736842105265,False,True,0,5,0.5,12,34,0.2608695652173913,0.1,84,0.0,0.05,0.05,0.0,0.0
revocation,0.05,0.7,,ordered,0.0,45,22,False,0.038701417214585546,0.09719142931057563,0.0,0.6,0.44516129032258067,True,True,0,6,0.3,7,34,0.17073170731707318,0.1,76,0.0,0.05,0.05000000000000001,6.938893903907228e-18,0.0
revocation,0.05,0.7,,ordered,0.0,45,23,False,0.03259749148236773,0.08403112537213046,0.0,0.6055045871559633,0.4409937888198758,True,True,0,7,0.1,10,32,0.23809523809523808,0.25,81,0.0,0.05,0.05,0.0,0.0
revocation,0.05,0.7,,ordered,0.0,45,24,False,0.028912404326061514,0.06302334402909784,0.0,0.6106194690265486,0.43373493975903615,False,True,0,7,0.3,2,41,0.046511627906976744,0.25,83,0.0,0.05,0.05000000000000001,6.938893903907228e-18,0.0
revocation,0.05,0.7,,ordered,0.0,45,25,False,0.030612874673117563,0.05504338692807338,0.0,0.6120689655172413,0.42441860465116277,True,True,0,8,0.1,8,37,0.17777777777777778,0.3,85,0.0,0.05,0.05,0.0,0.0
revocation,0.05,0.7,,ordered,0.0,45,26,False,0.022959656004838173,0.04128254019605504,0.0,0.625,0.4147727272727273,False,True,0,8,0.1,4,39,0.09302325581395349,0.5,89,0.0,0.05,0.05,0.0,0.0
revocation,0.05,0.7,,ordered,0.0,45,27,False,0.01721974200362863,0.03096190514704128,0.0,0.6229508196721312,0.4198895027624309,False,True,0,8,0.2,3,45,0.0625,0.65,92,0.0,0.05,0.05,0.0,0.0
revocation,0.05,0.7,,ordered,0.0,45,28,False,0.024521949359864327,0.08796270152756647,0.0,0.6141732283464567,0.42021276595744683,True,True,0,9,0.2,8,31,0.20512820512820512,0.5,91,0.0,0.05,0.05,0.0,0.0
revocation,0.05,0.7,,ordered,0.0,45,29,False,0.027320033448469675,0.12847202614567485,0.0,0.6171875,0.4114583333333333,False,True,0,9,0.4,1,36,0.02702702702702703,0.5,92,0.0,0.05,0.05,0.0,0.0
revocation,0.05,0.7,,ordered,0.0,45,30,False,0.03834716794349512,0.15885401960925613,0.0,0.6153846153846154,0.40404040404040403,False,True,0,9,0.5,15,27,0.35714285714285715,0.55,107,0.0,0.05,0.05,0.0,0.0
revocation,0.05,0.7,,ordered,0.0,45,31,False,0.05822466167190705,0.1878905147069421,0.0,0.6090225563909775,0.40487804878048783,True,True,0,10,0.1,14,29,0.32558139534883723,0.6,103,0.0,0.05,0.05,0.0,0.0
revocation,0.05,0.7,,ordered,0.0,45,32,False,0.054382781968216,0.14091788603020658,0.0,0.6102941176470589,0.4028436018957346,False,True,0,10,0.1,0,33,0.0,0.6,103,0.0,0.05,0.05,0.0,0.0
revocation,0.05,0.7,,ordered,0.0,45,33,False,0.05150137219044771,0.174653963014697,0.0,0.6126760563380281,0.39819004524886875,False,True,0,10,0.2,1,37,0.02631578947368421,0.55,104,0.0,0.05,0.05,0.0,0.0
revocation,0.05,0.7,,ordered,0.0,45,34,False,0.048447457714264355,0.19974047226102273,0.0,0.6232876712328768,0.3893805309734513,False,True,0,10,0.2,7,33,0.175,0.7,111,0.0,0.05,0.05,0.0,0.0
revocation,0.05,0.7,,ordered,0.0,45,35,False,0.04883559328569826,0.23730535419576704,0.0,0.6216216216216216,0.3852813852813853,False,True,0,10,0.2,7,42,0.14285714285714285,0.75,118,0.0,0.05,0.05,0.0,0.0
revocation,0.05,0.7,,ordered,0.0,45,36,False,0.05001955210713084,0.2717290156468253,0.0,0.6129032258064516,0.3907563025210084,False,True,0,10,0.2,5,30,0.14285714285714285,0.8,123,0.0,0.05,0.05,0.0,0.0
revocation,0.05,0.7,,ordered,0.0,45,37,False,0.05180037836606242,0.30379676173511894,0.0,0.6111111111111112,0.39271255060728744,False,True,0,10,0.3,6,30,0.16666666666666666,0.75,129,0.0,0.05,0.05000000000000001,6.938893903907228e-18,0.0
revocation,0.05,0.7,,ordered,0.0,45,38,False,0.06563599806026109,0.3215975713013392,0.0,0.6058823529411764,0.3952569169960474,True,True,0,11,0.0,13,22,0.37142857142857144,0.7,122,0.0,0.05,0.05,0.0,0.0
revocation,0.05,0.7,,ordered,0.0,45,39,False,0.04922699854519582,0.2411981784760044,0.0,0.603448275862069,0.3953488372093023,False,True,0,11,0.0,0,45,0.0,0.7,122,0.0,0.05,0.05,0.0,0.0
revocation,0.05,0.7,,ordered,0.0,46,0,False,0.0,0.0,0.0,0.0,1.0,False,True,0,0,0.1,0,0,0.0,0.0,0,0.0,0.05,0.05,0.0,0.0
revocation,0.05,0.7,,ordered,0.0,46,1,False,0.0,0.0,0.2,0.2,0.84,False,True,0,0,0.2,3,41,0.06818181818181818,0.0,3,0.0,0.05,0.05,0.0,0.0
revocation,0.05,0.7,,ordered,0.0,46,2,False,0.04642857142857143,0.05,0.4,0.4,0.7096774193548387,False,True,0,0,0.2,3,33,0.08333333333333333,0.0,6,0.0,0.05,0.05,0.0,0.0
revocation,0.05,0.7,,ordered,0.0,46,3,False,0.12767857142857145,0.1375,0.4117647058823529,0.4117647058823529,0.6666666666666666,False,True,0,0,0.3,2,41,0.046511627906976744,0.0,8,0.0,0.05,0.05000000000000001,6.938893903907228e-18,0.0
revocation,0.05,0.7,,ordered,0.0,46,4,False,0.18399422268907561,0.20606617647058822,0.5,0.5652173913043478,0.5581395348837209,False,True,0,0,0.5,3,29,0.09375,0.0,11,0.0,0.05,0.05,0.0,0.0
revocation,0.05,0.7,,ordered,0.0,46,5,False,0.2362099527310924,0.27954963235294117,0.45,0.5769230769230769,0.5208333333333334,False,True,0,0,0.7,9,34,0.20930232558139536,0.3,20,0.0,0.05,0.05,0.0,0.0
revocation,0.05,0.7,,ordered,0.0,46,6,False,0.27626460740546216,0.32216222426470587,0.25,0.53125,0.5178571428571429,True,True,0,1,0.3,26,18,0.5909090909090909,0.45,23,0.0,0.05,0.05000000000000001,6.938893903907228e-18,0.0
revocation,0.05,0.7,,ordered,0.0,46,7,False,0.27326988412552516,0.3291216681985294,0.25,0.5428571428571428,0.4838709677419355,False,True,0,1,0.4,9,36,0.2,0.5,32,0.0,0.05,0.05,0.0,0.0
revocation,0.05,0.7,,ordered,0.0,46,8,False,0.2763809845227153,0.34059125114889705,0.25,0.5405405405405406,0.4925373134328358,False,True,0,1,0.6,15,32,0.3191489361702128,0.7,47,0.0,0.05,0.05000000000000001,6.938893903907228e-18,0.0
revocation,0.05,0.7,,ordered,0.0,46,9,False,0.3019285955348936,0.37419343836167274,0.2,0.5714285714285714,0.4657534246575342,False,True,0,1,0.7,15,26,0.36585365853658536,0.7,62,0.0,0.05,0.05,0.0,0.0
revocation,0.05,0.7,,ordered,0.0,46,10,False,0.31216073236545594,0.39314507877125454,0.1,0.5918367346938775,0.4444444444444444,True,True,0,2,0.2,21,17,0.5526315789473685,0.75,54,0.0,0.05,0.05,0.0,0.0
revocation,0.05,0.7,,ordered,0.0,46,11,False,0.2823348349883777,0.40110880907844093,0.1,0.6,0.4235294117647059,True,True,0,3,0.0,7,40,0.14893617021276595,0.55,58,0.0,0.05,0.05,0.0,0.0
revocation,0.05,0.7,,ordered,0.0,46,12,False,0.23675112624128328,0.3258316068088307,0.05,0.5961538461538461,0.42045454545454547,False,True,0,3,0.2,0,49,0.0,0.55,58,0.0,0.05,0.05,0.0,0.0
revocation,0.05,0.7,,ordered,0.0,46,13,False,0.19899191610953387,0.25687370510662305,0.05,0.6037735849056604,0.41304347826086957,False,True,0,3,0.2,1,39,0.025,0.55,59,0.0,0.05,0.05,0.0,0.0
revocation,0.05,0.7,,ordered,0.0,46,14,False,0.17067250851072185,0.2382302300018423,0.05,0.6181818181818182,0.3979591836734694,False,True,0,3,0.2,1,40,0.024390243902439025,0.5,60,0.0,0.05,0.05,0.0,0.0
revocation,0.05,0.7,,ordered,0.0,46,15,False,0.14854009566875567,0.24742267250138172,0.0,0.6333333333333333,0.38461538461538464,False,True,0,3,0.2,4,40,0.09090909090909091,0.35,64,0.0,0.05,0.05,0.0,0.0
revocation,0.05,0.7,,ordered,0.0,46,16,False,0.11765507175156677,0.2293170043760363,0.0,0.639344262295082,0.37383177570093457,False,True,0,3,0.2,4,45,0.08163265306122448,0.2,68,0.0,0.05,0.05,0.0,0.0
revocation,0.05,0.7,,ordered,0.0,46,17,False,0.09181273238510365,0.19698775328202722,0.0,0.640625,0.3684210526315789,False,True,0,3,0.3,3,37,0.075,0.15,71,0.0,0.05,0.05000000000000001,6.938893903907228e-18,0.0
revocation,0.05,0.7,,ordered,0.0,46,18,False,0.07153812071739916,0.1664908149615204,0.0,0.640625,0.3652173913043478,True,True,0,4,0.1,10,35,0.2222222222222222,0.35,70,0.0,0.05,0.05,0.0,0.0
revocation,0.05,0.7,,ordered,0.0,46,19,False,0.05365359053804936,0.1248681112211403,0.0,0.6515151515151515,0.35833333333333334,False,True,0,4,0.1,2,40,0.047619047619047616,0.4,72,0.0,0.05,0.05,0.0,0.0
revocation,0.05,0.7,,ordered,0.0,46,20,False,0.040240192903537024,0.09365108341585524,0.0,0.6571428571428571,0.35714285714285715,False,True,0,4,0.2,0,37,0.0,0.4,72,0.0,0.05,0.05,0.0,0.0
revocation,0.05,0.7,,ordered,0.0,46,21,False,0.03732300182050991,0.07023831256189142,0.0,0.6571428571428571,0.3515625,False,True,0,4,0.3,1,48,0.02040816326530612,0.4,73,0.0,0.05,0.05000000000000001,6.938893903907228e-18,0.0
revocation,0.05,0.7,,ordered,0.0,46,22,False,0.03513510850823958,0.10083001774731817,0.0,0.6666666666666666,0.34558823529411764,False,True,0,4,0.5,10,33,0.23255813953488372,0.7,83,0.0,0.05,0.05,0.0,0.0
revocation,0.05,0.7,,ordered,0.0,46,23,False,0.051351331381179685,0.16312251331048863,0.0,0.6666666666666666,0.34507042253521125,True,True,0,5,0.0,23,24,0.48936170212765956,0.65,89,0.0,0.05,0.05,0.0,0.0
revocation,0.05,0.7,,ordered,0.0,46,24,False,0.03851349853588476,0.12234188498286647,0.0,0.6753246753246753,0.3333333333333333,False,True,0,5,0.1,0,47,0.0,0.65,89,0.0,0.05,0.05,0.0,0.0
revocation,0.05,0.7,,ordered,0.0,46,25,False,0.028885123901913567,0.09175641373714985,0.0,0.691358024691358,0.32679738562091504,False,True,0,5,0.4,3,41,0.06818181818181818,0.7,92,0.0,0.05,0.05,0.0,0.0
revocation,0.05,0.7,,ordered,0.0,46,26,False,0.046663842926435176,0.0928589189550138,0.0,0.6781609195402298,0.3291139240506329,False,True,0,5,0.4,11,26,0.2972972972972973,0.6,103,0.0,0.05,0.05,0.0,0.0
revocation,0.05,0.7,,ordered,0.0,46,27,False,0.056426453623397814,0.14464418921626035,0.0,0.6774193548387096,0.3392857142857143,False,True,0,5,0.5,8,27,0.22857142857142856,0.55,111,0.0,0.05,0.05,0.0,0.0
revocation,0.05,0.7,,ordered,0.0,46,28,False,0.07178412593183407,0.17723314191219527,0.0,0.67,0.34285714285714286,False,True,0,5,0.6,9,27,0.25,0.45,120,0.0,0.05,0.05000000000000001,6.938893903907228e-18,0.0
revocation,0.05,0.7,,ordered,0.0,46,29,False,0.08598095159173269,0.18917485643414644,0.0,0.6698113207547169,0.35135135135135137,True,True,0,6,0.0,17,26,0.3953488372093023,0.5,109,0.0,0.05,0.05,0.0,0.0
revocation,0.05,0.7,,ordered,0.0,46,30,False,0.06448571369379952,0.14188114232560983,0.0,0.6727272727272727,0.34554973821989526,False,True,0,6,0.0,0,39,0.0,0.5,109,0.0,0.05,0.05,0.0,0.0
revocation,0.05,0.7,,ordered,0.0,46,31,False,0.04836428527034964,0.10641085674420737,0.0,0.6785714285714286,0.336734693877551,False,True,0,6,0.0,0,44,0.0,0.5,109,0.0,0.05,0.05,0.0,0.0
revocation,0.05,0.7,,ordered,0.0,46,32,False,0.03627321395276223,0.07980814255815553,0.0,0.6869565217391305,0.3333333333333333,False,True,0,6,0.1,0,38,0.0,0.5,109,0.0,0.05,0.05,0.0,0.0
revocation,0.05,0.7,,ordered,0.0,46,33,False,0.036133481893143096,0.07168600205275635,0.0,0.6833333333333333,0.32857142857142857,False,True,0,6,0.2,2,45,0.0425531914893617,0.4,111,0.0,0.05,0.05,0.0,0.0
revocation,0.05,0.7,,ordered,0.0,46,34,False,0.034242968562714464,0.10376450153956726,0.0,0.6859504132231405,0.323943661971831,False,True,0,6,0.3,3,38,0.07317073170731707,0.35,114,0.0,0.05,0.05000000000000001,6.938893903907228e-18,0.0
revocation,0.05,0.7,,ordered,0.0,46,35,False,0.03818222642203585,0.12157337615467544,0.0,0.6984126984126984,0.3165137614678899,True,True,0,7,0.2,5,34,0.1282051282051282,0.4,112,0.0,0.05,0.05,0.0,0.0
revocation,0.05,0.7,,ordered,0.0,46,36,False,0.03577952695938403,0.09118003211600657,0.0,0.6946564885496184,0.32,False,True,0,7,0.2,4,34,0.10526315789473684,0.3,116,0.0,0.05,0.05,0.0,0.0
revocation,0.05,0.7,,ordered,0.0,46,37,False,0.032191788076680876,0.07528351146753684,0.0,0.6834532374100719,0.3261802575107296,True,True,0,8,0.3,2,31,0.06060606060606061,0.25,118,0.0,0.05,0.05000000000000001,6.938893903907228e-18,0.0
revocation,0.05,0.7,,ordered,0.0,46,38,False,0.02860812677179637,0.08771263360065262,0.0,0.6736111111111112,0.3333333333333333,False,True,0,8,0.5,10,32,0.23809523809523808,0.3,128,0.0,0.05,0.05,0.0,0.0
revocation,0.05,0.7,,ordered,0.0,46,39,False,0.032170380793132995,0.10328447520048947,0.0,0.6688741721854304,0.3319838056680162,True,True,0,9,0.1,17,27,0.38636363636363635,0.35,129,0.0,0.05,0.05,0.0,0.0
revocation,0.05,0.7,,ordered,0.0,47,0,False,0.0,0.0,0.0,0.0,1.0,False,True,0,0,0.1,0,0,0.0,0.0,0,0.0,0.05,0.05,0.0,0.0
revocation,0.05,0.7,,ordered,0.0,47,1,False,0.0,0.0,0.18181818181818182,0.18181818181818182,0.8148148148148148,False,True,0,0,0.2,4,39,0.09302325581395349,1.0,4,0.0,0.05,0.05,0.0,0.0
revocation,0.05,0.7,,ordered,0.0,47,2,False,0.060064935064935064,0.14772727272727273,0.1875,0.1875,0.7878787878787878,True,True,0,1,0.1,12,28,0.3,0.7777777777777778,9,0.0,0.05,0.05,0.0,0.0
revocation,0.05,0.7,,ordered,0.0,47,3,False,0.10246437590187589,0.15767045454545456,0.2631578947368421,0.2631578947368421,0.675,False,True,0,1,0.1,2,35,0.05405405405405406,0.6363636363636364,11,0.0,0.05,0.05,0.0,0.0
revocation,0.05,0.7,,ordered,0.0,47,4,False,0.14930214385395305,0.2285031648724083,0.3,0.36363636363636365,0.5869565217391305,False,True,0,1,0.4,3,37,0.075,0.5,14,0.0,0.05,0.05,0.0,0.0
revocation,0.05,0.7,,ordered,0.0,47,5,False,0.1976908936047505,0.27137737365430625,0.25,0.375,0.56,True,True,0,2,0.0,16,27,0.37209302325581395,0.5789473684210527,19,0.0,0.05,0.05,0.0,0.0
revocation,0.05,0.7,,ordered,0.0,47,6,False,0.21076817020356287,0.26603303024072966,0.2,0.42857142857142855,0.5272727272727272,False,True,0,2,0.1,0,40,0.0,0.5789473684210527,19,0.0,0.05,0.05,0.0,0.0
revocation,0.05,0.7,,ordered,0.0,47,7,False,0.21484304494590525,0.24952477268054724,0.2,0.4666666666666667,0.5,False,True,0,2,0.3,2,40,0.047619047619047616,0.5,21,0.0,0.05,0.05000000000000001,6.938893903907228e-18,0.0
revocation,0.05,0.7,,ordered,0.0,47,8,False,0.22184656942371464,0.26735298120233997,0.1,0.47058823529411764,0.5,False,True,0,2,0.5,9,29,0.23684210526315788,0.45,30,0.0,0.05,0.05,0.0,0.0
revocation,0.05,0.7,,ordered,0.0,47,9,False,0.21013492706778597,0.269264735901755,0.05,0.4864864864864865,0.5,False,True,0,2,0.6,17,29,0.3695652173913043,0.65,47,0.0,0.05,0.05000000000000001,6.938893903907228e-18,0.0
revocation,0.05,0.7,,ordered,0.0,47,10,False,0.21295833815798235,0.28944855192631624,0.0,0.46153846153846156,0.5138888888888888,True,True,0,3,0.1,15,28,0.3488372093023256,0.7,42,0.0,0.05,0.05,0.0,0.0
revocation,0.05,0.7,,ordered,0.0,47,11,False,0.17221875361848674,0.2672324476059544,0.0,0.46511627906976744,0.4936708860759494,False,True,0,3,0.2,1,42,0.023255813953488372,0.65,43,0.0,0.05,0.05,0.0,0.0
revocation,0.05,0.7,,ordered,0.0,47,12,False,0.1523783509281508,0.28167433570446576,0.0,0.4888888888888889,0.47619047619047616,False,True,0,3,0.4,3,38,0.07317073170731707,0.55,46,0.0,0.05,0.05,0.0,0.0
revocation,0.05,0.7,,ordered,0.0,47,13,False,0.1437480489103988,0.2800057517783493,0.0,0.5102040816326531,0.44565217391304346,True,True,0,4,0.1,9,25,0.2647058823529412,0.6,47,0.0,0.05,0.05,0.0,0.0
revocation,0.05,0.7,,ordered,0.0,47,14,False,0.11852532239708481,0.28500431383376196,0.0,0.5283018867924528,0.4329896907216495,False,True,0,4,0.1,1,38,0.02564102564102564,0.6,48,0.0,0.05,0.05,0.0,0.0
revocation,0.05,0.7,,ordered,0.0,47,15,False,0.09960827751209933,0.2887532353753215,0.0,0.5333333333333333,0.4326923076923077,False,True,0,4,0.4,3,39,0.07142857142857142,0.55,51,0.0,0.05,0.05,0.0,0.0
revocation,0.05,0.7,,ordered,0.0,47,16,False,0.1139919224197888,0.28531492653149115,0.0,0.5396825396825397,0.42201834862385323,False,True,0,4,0.4,12,27,0.3076923076923077,0.35,63,0.0,0.05,0.05,0.0,0.0
revocation,0.05,0.7,,ordered,0.0,47,17,False,0.1104939418148416,0.2577361948986184,0.0,0.5507246376811594,0.40336134453781514,False,True,0,4,0.6,4,32,0.1111111111111111,0.25,67,0.0,0.05,0.05000000000000001,6.938893903907228e-18,0.0
revocation,0.05,0.7,,ordered,0.0,47,18,False,0.10965617064684549,0.2245521461739638,0.0,0.547945205479452,0.4065040650406504,True,True,0,5,0.2,17,25,0.40476190476190477,0.35,63,0.0,0.05,0.05,0.0,0.0
revocation,0.05,0.7,,ordered,0.0,47,19,False,0.0884921279851341,0.16841410963047285,0.0,0.5526315789473685,0.4,False,True,0,5,0.3,1,40,0.024390243902439025,0.3,64,0.0,0.05,0.05000000000000001,6.938893903907228e-18,0.0
revocation,0.05,0.7,,ordered,0.0,47,20,False,0.0770833817031363,0.16381058222285463,0.0,0.5783132530120482,0.38848920863309355,False,True,0,5,0.4,1,26,0.037037037037037035,0.25,65,0.0,0.05,0.05,0.0,0.0
revocation,0.05,0.7,,ordered,0.0,47,21,False,0.06674110770592365,0.15410793666714098,0.0,0.6022727272727273,0.3819444444444444,False,True,0,5,0.4,6,30,0.16666666666666666,0.3,71,0.0,0.05,0.05,0.0,0.0
revocation,0.05,0.7,,ordered,0.0,47,22,False,0.06077011649372845,0.15308095250035575,0.0,0.6043956043956044,0.3825503355704698,True,True,0,6,0.2,8,37,0.17777777777777778,0.3,70,0.0,0.05,0.05,0.0,0.0
revocation,0.05,0.7,,ordered,0.0,47,23,False,0.050934730227439204,0.13103004222590953,0.0,0.6170212765957447,0.37012987012987014,False,True,0,6,0.4,3,38,0.07317073170731707,0.2,73,0.0,0.05,0.05,0.0,0.0
revocation,0.05,0.7,,ordered,0.0,47,24,False,0.04534390481343654,0.12327253166943214,0.0,0.62,0.36645962732919257,True,True,0,7,0.1,8,33,0.1951219512195122,0.25,75,0.0,0.05,0.05,0.0,0.0
revocation,0.05,0.7,,ordered,0.0,47,25,False,0.034007928610077405,0.0924543987520741,0.0,0.6310679611650486,0.35119047619047616,False,True,0,7,0.2,0,42,0.0,0.25,75,0.0,0.05,0.05,0.0,0.0
revocation,0.05,0.7,,ordered,0.0,47,26,False,0.025505946457558056,0.06934079906405557,0.0,0.6320754716981132,0.3488372093023256,False,True,0,7,0.3,8,34,0.19047619047619047,0.6,83,0.0,0.05,0.05000000000000001,6.938893903907228e-18,0.0
revocation,0.05,0.7,,ordered,0.0,47,27,False,0.029843745557454258,0.07852452892926028,0.0,0.6330275229357798,0.35,True,True,0,8,0.2,12,28,0.3,0.6,85,0.0,0.05,0.05,0.0,0.0
revocation,0.05,0.7,,ordered,0.0,47,28,False,0.03309709488237641,0.08331083706994825,0.0,0.631578947368421,0.35978835978835977,False,True,0,8,0.3,3,34,0.08108108108108109,0.55,88,0.0,0.05,0.05000000000000001,6.938893903907228e-18,0.0
revocation,0.05,0.7,,ordered,0.0,47,29,False,0.03464424973321088,0.1312331278024612,0.0,0.6166666666666667,0.358974358974359,False,True,0,8,0.3,8,39,0.1702127659574468,0.65,96,0.0,0.05,0.05000000000000001,6.938893903907228e-18,0.0
revocation,0.05,0.7,,ordered,0.0,47,30,False,0.03759033015705101,0.1796748458518459,0.0,0.616,0.35609756097560974,False,True,0,8,0.4,9,34,0.20930232558139536,0.6,105,0.0,0.05,0.05,0.0,0.0
revocation,0.05,0.7,,ordered,0.0,47,31,False,0.049621319046359684,0.2097561343888844,0.0,0.6201550387596899,0.35406698564593303,False,True,0,8,0.6,13,26,0.3333333333333333,0.65,118,0.0,0.05,0.05000000000000001,6.938893903907228e-18,0.0
revocation,0.05,0.7,,ordered,0.0,47,32,False,0.07203741785619834,0.23856710079166332,0.0,0.6131386861313869,0.35944700460829493,True,True,0,9,0.2,18,19,0.4864864864864865,0.55,118,0.0,0.05,0.05,0.0,0.0
revocation,0.05,0.7,,ordered,0.0,47,33,False,0.06384949196357732,0.1789253255937475,0.0,0.6099290780141844,0.36607142857142855,False,True,0,9,0.2,1,33,0.029411764705882353,0.5,119,0.0,0.05,0.05,0.0,0.0
revocation,0.05,0.7,,ordered,0.0,47,34,False,0.05681569040125443,0.19168258156623727,0.0,0.6190476190476191,0.36363636363636365,False,True,0,9,0.4,2,39,0.04878048780487805,0.5,121,0.0,0.05,0.05,0.0,0.0
revocation,0.05,0.7,,ordered,0.0,47,35,False,0.06046891065808368,0.20626193617467795,0.0,0.6143790849673203,0.3670886075949367,False,True,0,9,0.4,11,28,0.28205128205128205,0.5,132,0.0,0.05,0.05,0.0,0.0
revocation,0.05,0.7,,ordered,0.0,47,36,False,0.06320882585070561,0.21719645213100847,0.0,0.6139240506329114,0.36475409836065575,False,True,0,9,0.6,4,35,0.10256410256410256,0.55,136,0.0,0.05,0.05000000000000001,6.938893903907228e-18,0.0
revocation,0.05,0.7,,ordered,0.0,47,37,False,0.0866923336737435,0.23164733909825636,0.0,0.6149068322981367,0.36363636363636365,False,True,0,9,0.7,21,23,0.4772727272727273,0.25,157,0.0,0.05,0.05,0.0,0.0
revocation,0.05,0.7,,ordered,0.0,47,38,False,0.08287639311245047,0.20498550432369228,0.0,0.6219512195121951,0.35658914728682173,True,True,0,10,0.1,21,25,0.45652173913043476,0.45,147,0.0,0.05,0.05,0.0,0.0
revocation,0.05,0.7,,ordered,0.0,47,39,False,0.07019300912005215,0.1537391282427692,0.0,0.6167664670658682,0.3612167300380228,False,True,0,10,0.1,3,38,0.07317073170731707,0.45,150,0.0,0.05,0.05,0.0,0.0
revocation,0.05,0.7,,ordered,0.0,48,0,False,0.0,0.0,0.0,0.0,1.0,False,True,0,0,0.0,0,0,0.0,0.0,0,0.0,0.05,0.05,0.0,0.0
revocation,0.05,0.7,,ordered,0.0,48,1,False,0.0,0.0,0.3333333333333333,0.3333333333333333,0.85,False,True,0,0,0.0,0,44,0.0,0.0,0,0.0,0.05,0.05,0.0,0.0
revocation,0.05,0.7,,ordered,0.0,48,2,False,0.08333333333333333,0.08333333333333333,0.4,0.4,0.7083333333333334,False,True,0,0,0.0,0,41,0.0,0.0,0,0.0,0.05,0.05,0.0,0.0
revocation,0.05,0.7,,ordered,0.0,48,3,False,0.1625,0.1625,0.5714285714285714,0.5714285714285714,0.5666666666666667,False,True,0,0,0.0,0,42,0.0,0.0,0,0.0,0.05,0.05,0.0,0.0
revocation,0.05,0.7,,ordered,0.0,48,4,False,0.26473214285714286,0.26473214285714286,0.6111111111111112,0.6111111111111112,0.5294117647058824,False,True,0,0,0.0,0,43,0.0,0.0,0,0.0,0.05,0.05,0.0,0.0
revocation,0.05,0.7,,ordered,0.0,48,5,False,0.3513268849206349,0.3513268849206349,0.6111111111111112,0.6111111111111112,0.5142857142857142,False,True,0,0,0.0,0,43,0.0,0.0,0,0.0,0.05,0.05,0.0,0.0
revocation,0.05,0.7,,ordered,0.0,48,6,False,0.41627294146825405,0.416272941468254,0.65,0.6666666666666666,0.4523809523809524,False,True,0,0,0.0,0,40,0.0,0.0,0,0.0,0.05,0.05,0.0,0.0
revocation,0.05,0.7,,ordered,0.0,48,7,False,0.47470470610119053,0.47470470610119053,0.65,0.6818181818181818,0.4222222222222222,False,True,0,0,0.1,0,48,0.0,0.0,0,0.0,0.05,0.05,0.0,0.0
revocation,0.05,0.7,,ordered,0.0,48,8,False,0.5185285295758929,0.5185285295758929,0.5,0.6296296296296297,0.44,True,True,0,1,0.1,6,31,0.16216216216216217,0.5,2,0.0,0.05,0.05,0.0,0.0
revocation,0.05,0.7,,ordered,0.0,48,9,False,0.5138963971819197,0.5138963971819197,0.4,0.6129032258064516,0.43636363636363634,False,True,0,1,0.2,1,42,0.023255813953488372,0.3333333333333333,3,0.0,0.05,0.05,0.0,0.0
revocation,0.05,0.7,,ordered,0.0,48,10,False,0.48423182169596357,0.48542229788643976,0.4,0.625,0.4067796610169492,False,True,0,1,0.2,0,43,0.0,0.3333333333333333,3,0.0,0.05,0.05,0.0,0.0
revocation,0.05,0.7,,ordered,0.0,48,11,False,0.46198339008149647,0.4640667234148298,0.4,0.6571428571428571,0.36363636363636365,False,True,0,1,0.3,5,39,0.11363636363636363,0.5,8,0.0,0.05,0.05000000000000001,6.938893903907228e-18,0.0
revocation,0.05,0.7,,ordered,0.0,48,12,False,0.45005897113255094,0.46055004256112236,0.4,0.6842105263157895,0.3380281690140845,False,True,0,1,0.3,5,37,0.11904761904761904,0.46153846153846156,13,0.0,0.05,0.05000000000000001,6.938893903907228e-18,0.0
revocation,0.05,0.7,,ordered,0.0,48,13,False,0.43974203054721533,0.45310483961314946,0.4,0.7142857142857143,0.34177215189873417,False,True,0,1,0.3,2,41,0.046511627906976744,0.4666666666666667,15,0.0,0.05,0.05000000000000001,6.938893903907228e-18,0.0
revocation,0.05,0.7,,ordered,0.0,48,14,False,0.43218747529136387,0.44816196304319544,0.4,0.7333333333333333,0.3333333333333333,True,True,0,2,0.1,5,37,0.11904761904761904,0.375,8,0.0,0.05,0.05,0.0,0.0
revocation,0.05,0.7,,ordered,0.0,48,15,False,0.4236941778970943,0.4361214722823966,0.25,0.7,0.33695652173913043,False,True,0,2,0.1,1,38,0.02564102564102564,0.3333333333333333,9,0.0,0.05,0.05,0.0,0.0
revocation,0.05,0.7,,ordered,0.0,48,16,False,0.381758728660916,0.39420332751908904,0.15,0.6851851851851852,0.336734693877551,True,True,0,3,0.0,3,48,0.058823529411764705,0.375,8,0.0,0.05,0.05,0.0,0.0
revocation,0.05,0.7,,ordered,0.0,48,17,False,0.3238190464956869,0.33315249563931676,0.15,0.7017543859649122,0.32038834951456313,False,True,0,3,0.1,0,42,0.0,0.375,8,0.0,0.05,0.05,0.0,0.0
revocation,0.05,0.7,,ordered,0.0,48,18,False,0.2843821420146223,0.30620812525074653,0.15,0.7068965517241379,0.3177570093457944,False,True,0,3,0.1,3,39,0.07142857142857142,0.2727272727272727,11,0.0,0.05,0.05,0.0,0.0
revocation,0.05,0.7,,ordered,0.0,48,19,False,0.2529781649525252,0.282497003028969,0.15,0.7301587301587301,0.30357142857142855,False,True,0,3,0.1,1,36,0.02702702702702703,0.25,12,0.0,0.05,0.05,0.0,0.0
revocation,0.05,0.7,,ordered,0.0,48,20,False,0.22901933800010818,0.26187275227172674,0.1,0.7313432835820896,0.29914529914529914,False,True,0,3,0.1,1,34,0.02857142857142857,0.23076923076923078,13,0.0,0.05,0.05,0.0,0.0
revocation,0.05,0.7,,ordered,0.0,48,21,False,0.19909966833524595,0.2377507180499489,0.05,0.7361111111111112,0.304,False,True,0,3,0.2,1,29,0.03333333333333333,0.2857142857142857,14,0.0,0.05,0.05,0.0,0.0
revocation,0.05,0.7,,ordered,0.0,48,22,False,0.17024311859837324,0.22027732425174737,0.0,0.7307692307692307,0.2962962962962963,False,True,0,3,0.2,5,31,0.1388888888888889,0.42105263157894735,19,0.0,0.05,0.05,0.0,0.0
revocation,0.05,0.7,,ordered,0.0,48,23,False,0.14271993293374236,0.21783957213617894,0.0,0.725,0.29577464788732394,False,True,0,3,0.3,1,45,0.021739130434782608,0.4,20,0.0,0.05,0.05000000000000001,6.938893903907228e-18,0.0
revocation,0.05,0.7,,ordered,0.0,48,24,False,0.12132566398602104,0.21337967910213418,0.0,0.7283950617283951,0.2896551724137931,True,True,0,4,0.3,4,38,0.09523809523809523,0.4117647058823529,17,0.0,0.05,0.05000000000000001,6.938893903907228e-18,0.0
revocation,0.05,0.7,,ordered,0.0,48,25,False,0.10570013034245695,0.21150534756189476,0.0,0.7241379310344828,0.2913907284768212,True,True,0,5,0.3,5,32,0.13513513513513514,0.35,21,0.0,0.05,0.05000000000000001,6.938893903907228e-18,0.0
revocation,0.05,0.7,,ordered,0.0,48,26,False,0.09177509775684271,0.20237901067142106,0.0,0.7222222222222222,0.28846153846153844,False,True,0,5,0.4,7,40,0.14893617021276595,0.3,28,0.0,0.05,0.05,0.0,0.0
revocation,0.05,0.7,,ordered,0.0,48,27,False,0.07954560903191775,0.1892842580035658,0.0,0.717391304347826,0.2857142857142857,True,True,0,6,0.0,12,34,0.2608695652173913,0.45,33,0.0,0.05,0.05,0.0,0.0
revocation,0.05,0.7,,ordered,0.0,48,28,False,0.059659206773938316,0.14196319350267433,0.0,0.711340206185567,0.29651162790697677,False,True,0,6,0.0,0,39,0.0,0.45,33,0.0,0.05,0.05,0.0,0.0
revocation,0.05,0.7,,ordered,0.0,48,29,False,0.044744405080453735,0.10647239512700575,0.0,0.7029702970297029,0.3016759776536313,False,True,0,6,0.0,0,38,0.0,0.45,33,0.0,0.05,0.05,0.0,0.0
revocation,0.05,0.7,,ordered,0.0,48,30,False,0.0335583038103403,0.07985429634525432,0.0,0.7102803738317757,0.29411764705882354,False,True,0,6,0.1,0,38,0.0,0.45,33,0.0,0.05,0.05,0.0,0.0
revocation,0.05,0.7,,ordered,0.0,48,31,False,0.025168727857755226,0.05989072225894074,0.0,0.7181818181818181,0.29015544041450775,False,True,0,6,0.1,4,36,0.1,0.35,37,0.0,0.05,0.05,0.0,0.0
revocation,0.05,0.7,,ordered,0.0,48,32,False,0.01887654589331642,0.04491804169420555,0.0,0.7217391304347827,0.2864321608040201,False,True,0,6,0.1,0,42,0.0,0.35,37,0.0,0.05,0.05,0.0,0.0
revocation,0.05,0.7,,ordered,0.0,48,33,False,0.014157409419987315,0.033688531270654166,0.0,0.711864406779661,0.29064039408866993,False,True,0,6,0.3,0,49,0.0,0.35,37,0.0,0.05,0.05000000000000001,6.938893903907228e-18,0.0
revocation,0.05,0.7,,ordered,0.0,48,34,False,0.016868057064990487,0.058532855279126564,0.0,0.7154471544715447,0.291866028708134,False,True,0,6,0.3,3,31,0.08823529411764706,0.4,40,0.0,0.05,0.05000000000000001,6.938893903907228e-18,0.0
revocation,0.05,0.7,,ordered,0.0,48,35,False,0.019793899941600007,0.09389964145934493,0.0,0.7099236641221374,0.29493087557603687,False,True,0,6,0.5,5,28,0.15151515151515152,0.65,45,0.0,0.05,0.05,0.0,0.0
revocation,0.05,0.7,,ordered,0.0,48,36,False,0.03805971067048571,0.15167473109450869,0.0,0.7058823529411765,0.2982456140350877,True,True,0,7,0.0,12,27,0.3076923076923077,0.65,43,0.0,0.05,0.05,0.0,0.0
revocation,0.05,0.7,,ordered,0.0,48,37,False,0.02854478300286429,0.11375604832088151,0.0,0.7122302158273381,0.296137339055794,False,True,0,7,0.0,0,40,0.0,0.65,43,0.0,0.05,0.05,0.0,0.0
revocation,0.05,0.7,,ordered,0.0,48,38,False,0.02140858725214822,0.08531703624066114,0.0,0.7092198581560284,0.2966101694915254,False,True,0,7,0.0,0,46,0.0,0.65,43,0.0,0.05,0.05,0.0,0.0
revocation,0.05,0.7,,ordered,0.0,48,39,False,0.016056440439111162,0.06398777718049586,0.0,0.7054794520547946,0.2975206611570248,False,True,0,7,0.2,0,35,0.0,0.65,43,0.0,0.05,0.05,0.0,0.0
revocation,0.05,0.7,,ordered,0.0,49,0,False,0.0,0.0,0.0,0.0,1.0,False,True,0,0,0.1,0,0,0.0,0.0,0,0.0,0.05,0.05,0.0,0.0
revocation,0.05,0.7,,ordered,0.0,49,1,False,0.0,0.0,0.16666666666666666,0.16666666666666666,0.8076923076923077,False,True,0,0,0.2,4,42,0.08695652173913043,1.0,4,0.0,0.05,0.05,0.0,0.0
revocation,0.05,0.7,,ordered,0.0,49,2,False,0.05654761904761905,0.14583333333333334,0.2222222222222222,0.2222222222222222,0.696969696969697,False,True,0,0,0.2,14,30,0.3181818181818182,0.6111111111111112,18,0.0,0.05,0.05,0.0,0.0
revocation,0.05,0.7,,ordered,0.0,49,3,False,0.10491071428571429,0.21354166666666669,0.3,0.3,0.675,False,True,0,0,0.2,3,37,0.075,0.65,21,0.0,0.05,0.05,0.0,0.0
revocation,0.05,0.7,,ordered,0.0,49,4,False,0.1599330357142857,0.27890625,0.46153846153846156,0.46153846153846156,0.6041666666666666,True,True,0,1,0.0,7,31,0.18421052631578946,0.7894736842105263,19,0.0,0.05,0.05,0.0,0.0
revocation,0.05,0.7,,ordered,0.0,49,5,False,0.23533439217032967,0.3245643028846154,0.5,0.5,0.5882352941176471,False,True,0,1,0.0,0,42,0.0,0.7894736842105263,19,0.0,0.05,0.05,0.0,0.0
revocation,0.05,0.7,,ordered,0.0,49,6,False,0.3015007941277473,0.36842322716346154,0.5555555555555556,0.5555555555555556,0.5714285714285714,False,True,0,1,0.0,0,41,0.0,0.7894736842105263,19,0.0,0.05,0.05,0.0,0.0
revocation,0.05,0.7,,ordered,0.0,49,7,False,0.36501448448469936,0.41520630926148505,0.5,0.5454545454545454,0.546875,False,True,0,1,0.0,0,42,0.0,0.7894736842105263,19,0.0,0.05,0.05,0.0,0.0
revocation,0.05,0.7,,ordered,0.0,49,8,False,0.3987608633635245,0.4364047319461138,0.4,0.52,0.5362318840579711,False,True,0,1,0.0,0,42,0.0,0.7894736842105263,19,0.0,0.05,0.05,0.0,0.0
revocation,0.05,0.7,,ordered,0.0,49,9,False,0.3990706475226434,0.42730354895958533,0.3,0.5,0.52,False,True,0,1,0.1,0,45,0.0,0.7894736842105263,19,0.0,0.05,0.05,0.0,0.0
revocation,0.05,0.7,,ordered,0.0,49,10,False,0.38304358714574194,0.4566618722460048,0.2,0.5294117647058824,0.4939759036144578,False,True,0,1,0.3,1,34,0.02857142857142857,0.8,20,0.0,0.05,0.05000000000000001,6.938893903907228e-18,0.0
revocation,0.05,0.7,,ordered,0.0,49,11,False,0.3694255475021636,0.4674964041845036,0.2,0.5789473684210527,0.4659090909090909,False,True,0,1,0.3,8,34,0.19047619047619047,0.8,28,0.0,0.05,0.05000000000000001,6.938893903907228e-18,0.0
revocation,0.05,0.7,,ordered,0.0,49,12,False,0.35921201776947986,0.4756223031383777,0.2,0.6046511627906976,0.44680851063829785,True,True,0,2,0.0,12,28,0.3,0.7,30,0.0,0.05,0.05,0.0,0.0
revocation,0.05,0.7,,ordered,0.0,49,13,False,0.31940901332710986,0.4067167273537833,0.2,0.6304347826086957,0.44,False,True,0,2,0.2,0,40,0.0,0.7,30,0.0,0.05,0.05,0.0,0.0
revocation,0.05,0.7,,ordered,0.0,49,14,False,0.2984853314239038,0.39036204574199823,0.2,0.6304347826086957,0.43137254901960786,True,True,0,3,0.0,8,36,0.18181818181818182,0.75,35,0.0,0.05,0.05,0.0,0.0
revocation,0.05,0.7,,ordered,0.0,49,15,False,0.27386399856792787,0.34277153430649865,0.2,0.6458333333333334,0.4166666666666667,False,True,0,3,0.0,0,49,0.0,0.75,35,0.0,0.05,0.05,0.0,0.0
revocation,0.05,0.7,,ordered,0.0,49,16,False,0.2553979989259459,0.307078650729874,0.1,0.6415094339622641,0.41228070175438597,False,True,0,3,0.0,0,44,0.0,0.75,35,0.0,0.05,0.05,0.0,0.0
revocation,0.05,0.7,,ordered,0.0,49,17,False,0.21654849919445943,0.25530898804740554,0.05,0.6363636363636364,0.4067796610169492,False,True,0,3,0.0,0,43,0.0,0.75,35,0.0,0.05,0.05,0.0,0.0
revocation,0.05,0.7,,ordered,0.0,49,18,False,0.17491137439584456,0.20398174103555416,0.05,0.6491228070175439,0.39344262295081966,False,True,0,3,0.0,0,45,0.0,0.75,35,0.0,0.05,0.05,0.0,0.0
revocation,0.05,0.7,,ordered,0.0,49,19,False,0.14368353079688342,0.16548630577666562,0.05,0.6721311475409836,0.3888888888888889,False,True,0,3,0.0,0,40,0.0,0.75,35,0.0,0.05,0.05,0.0,0.0
revocation,0.05,0.7,,ordered,0.0,49,20,False,0.12026264809766259,0.1366147293324992,0.05,0.6774193548387096,0.3798449612403101,False,True,0,3,0.0,0,42,0.0,0.75,35,0.0,0.05,0.05,0.0,0.0
revocation,0.05,0.7,,ordered,0.0,49,21,False,0.10269698607324693,0.11496104699937441,0.05,0.6923076923076923,0.3656716417910448,False,True,0,3,0.0,0,37,0.0,0.75,35,0.0,0.05,0.05,0.0,0.0
revocation,0.05,0.7,,ordered,0.0,49,22,False,0.08952273955493519,0.0987207852495308,0.05,0.7101449275362319,0.35251798561151076,False,True,0,3,0.0,0,41,0.0,0.75,35,0.0,0.05,0.05,0.0,0.0
revocation,0.05,0.7,,ordered,0.0,49,23,False,0.07964205466620138,0.0865405889371481,0.0,0.7162162162162162,0.3493150684931507,False,True,0,3,0.2,0,40,0.0,0.75,35,0.0,0.05,0.05,0.0,0.0
revocation,0.05,0.7,,ordered,0.0,49,24,False,0.08651725528536533,0.15097832583035875,0.0,0.7142857142857143,0.34210526315789475,False,True,0,3,0.2,3,33,0.08333333333333333,0.6,38,0.0,0.05,0.05,0.0,0.0
revocation,0.05,0.7,,ordered,0.0,49,25,False,0.08631651289259543,0.18823374437276907,0.0,0.6785714285714286,0.3558282208588957,True,True,0,4,0.3,4,28,0.125,0.55,40,0.0,0.05,0.05000000000000001,6.938893903907228e-18,0.0
revocation,0.05,0.7,,ordered,0.0,49,26,False,0.09420167038373228,0.2099253082795768,0.0,0.6818181818181818,0.35502958579881655,False,True,0,4,0.4,13,25,0.34210526315789475,0.2,53,0.0,0.05,0.05,0.0,0.0
revocation,0.05,0.7,,ordered,0.0,49,27,False,0.08136553850208493,0.1824439812096826,0.0,0.6808510638297872,0.35428571428571426,True,True,0,5,0.3,16,25,0.3902439024390244,0.4,57,0.0,0.05,0.05000000000000001,6.938893903907228e-18,0.0
revocation,0.05,0.7,,ordered,0.0,49,28,False,0.07530986816227798,0.13683298590726195,0.0,0.6767676767676768,0.35359116022099446,True,True,0,6,0.2,12,29,0.2926829268292683,0.5,62,0.0,0.05,0.05,0.0,0.0
revocation,0.05,0.7,,ordered,0.0,49,29,False,0.06541097255027992,0.12205833318044647,0.0,0.6698113207547169,0.3612565445026178,True,True,0,7,0.0,8,26,0.23529411764705882,0.6,65,0.0,0.05,0.05,0.0,0.0
revocation,0.05,0.7,,ordered,0.0,49,30,False,0.04905822941270994,0.09154374988533485,0.0,0.6727272727272727,0.35353535353535354,False,True,0,7,0.0,0,40,0.0,0.6,65,0.0,0.05,0.05,0.0,0.0
revocation,0.05,0.7,,ordered,0.0,49,31,False,0.03679367205953245,0.06865781241400114,0.0,0.6869565217391305,0.33816425120772947,False,True,0,7,0.1,0,41,0.0,0.6,65,0.0,0.05,0.05,0.0,0.0
revocation,0.05,0.7,,ordered,0.0,49,32,False,0.027595254044649336,0.05149335931050085,0.0,0.680672268907563,0.3411214953271028,False,True,0,7,0.2,5,33,0.13157894736842105,0.75,70,0.0,0.05,0.05,0.0,0.0
revocation,0.05,0.7,,ordered,0.0,49,33,False,0.034089297676344145,0.1262211089604147,0.0,0.6833333333333333,0.3425925925925926,False,True,0,7,0.2,8,36,0.18181818181818182,0.85,78,0.0,0.05,0.05,0.0,0.0
revocation,0.05,0.7,,ordered,0.0,49,34,False,0.040745544685829534,0.20091583172031102,0.0,0.676923076923077,0.3436123348017621,False,True,0,7,0.3,3,27,0.1,0.85,81,0.0,0.05,0.05000000000000001,6.938893903907228e-18,0.0
revocation,0.05,0.7,,ordered,0.0,49,35,False,0.06091630137151501,0.2569368737902333,0.0,0.6691176470588235,0.34763948497854075,True,True,0,8,0.3,6,30,0.16666666666666666,0.75,78,0.0,0.05,0.05000000000000001,6.938893903907228e-18,0.0
revocation,0.05,0.7,,ordered,0.0,49,36,False,0.08586579745720768,0.28645265534267494,0.0,0.6785714285714286,0.3360995850622407,False,True,0,8,0.3,4,33,0.10810810810810811,0.7,82,0.0,0.05,0.05000000000000001,6.938893903907228e-18,0.0
revocation,0.05,0.7,,ordered,0.0,49,37,False,0.10189934809290577,0.30233949150700623,0.0,0.6783216783216783,0.3346938775510204,False,True,0,8,0.3,4,37,0.0975609756097561,0.5,86,0.0,0.05,0.05000000000000001,6.938893903907228e-18,0.0
revocation,0.05,0.7,,ordered,0.0,49,38,False,0.1032102253553936,0.2892546186302547,0.0,0.678082191780822,0.3346774193548387,False,True,0,8,0.4,3,43,0.06521739130434782,0.45,89,0.0,0.05,0.05,0.0,0.0
revocation,0.05,0.7,,ordered,0.0,49,39,False,0.10955052615940235,0.27319096397269105,0.0,0.6753246753246753,0.3372093023255814,True,True,0,9,0.0,10,25,0.2857142857142857,0.6,85,0.0,0.05,0.05,0.0,0.0
revocation,0.05,0.7,,ordered,0.0,50,0,False,0.0,0.0,0.0,0.0,1.0,False,True,0,0,0.0,0,0,0.0,0.0,0,0.0,0.05,0.05,0.0,0.0
revocation,0.05,0.7,,ordered,0.0,50,1,False,0.0,0.0,0.21052631578947367,0.21052631578947367,0.8214285714285714,False,True,0,0,0.1,0,42,0.0,0.0,0,0.0,0.05,0.05,0.0,0.0
revocation,0.05,0.7,,ordered,0.0,50,2,False,0.05263157894736842,0.05263157894736842,0.25,0.34782608695652173,0.7058823529411765,False,True,0,0,0.1,2,44,0.043478260869565216,0.0,2,0.0,0.05,0.05,0.0,0.0
revocation,0.05,0.7,,ordered,0.0,50,3,False,0.0975093984962406,0.10197368421052631,0.25,0.4,0.6486486486486487,False,True,0,0,0.3,0,43,0.0,0.0,2,0.0,0.05,0.05000000000000001,6.938893903907228e-18,0.0
revocation,0.05,0.7,,ordered,0.0,50,4,False,0.12670347744360902,0.13898026315789475,0.15,0.43333333333333335,0.627906976744186,True,True,0,1,0.4,9,30,0.23076923076923078,0.6666666666666666,9,0.0,0.05,0.05,0.0,0.0
revocation,0.05,0.7,,ordered,0.0,50,5,False,0.1602061795112782,0.20631853070175438,0.1,0.4375,0.6,False,True,0,1,0.5,7,38,0.15555555555555556,0.375,16,0.0,0.05,0.05,0.0,0.0
revocation,0.05,0.7,,ordered,0.0,50,6,False,0.16479749177631578,0.2141138980263158,0.1,0.4375,0.5625,True,True,0,2,0.1,13,31,0.29545454545454547,0.375,16,0.0,0.05,0.05,0.0,0.0
revocation,0.05,0.7,,ordered,0.0,50,7,False,0.14859811883223686,0.18558542351973686,0.1,0.5,0.5192307692307693,False,True,0,2,0.1,0,42,0.0,0.375,16,0.0,0.05,0.05,0.0,0.0
revocation,0.05,0.7,,ordered,0.0,50,8,False,0.13644858912417762,0.16418906763980265,0.0,0.5,0.5084745762711864,False,True,0,2,0.3,0,38,0.0,0.375,16,0.0,0.05,0.05000000000000001,6.938893903907228e-18,0.0
revocation,0.05,0.7,,ordered,0.0,50,9,False,0.10903287041456179,0.13508027729235197,0.05,0.5227272727272727,0.4852941176470588,False,True,0,2,0.5,7,32,0.1794871794871795,0.5,23,0.0,0.05,0.05,0.0,0.0
revocation,0.05,0.7,,ordered,0.0,50,10,False,0.1183817956680642,0.170060207969264,0.0,0.5,0.48,True,True,0,3,0.2,15,33,0.3125,0.45,26,0.0,0.05,0.05,0.0,0.0
revocation,0.05,0.7,,ordered,0.0,50,11,False,0.09682206103676243,0.15742796847694798,0.0,0.5102040816326531,0.475,False,True,0,3,0.3,1,38,0.02564102564102564,0.4,27,0.0,0.05,0.05000000000000001,6.938893903907228e-18,0.0
revocation,0.05,0.7,,ordered,0.0,50,12,False,0.08690226006328612,0.168070976357711,0.0,0.5283018867924528,0.45977011494252873,False,True,0,3,0.5,5,37,0.11904761904761904,0.35,32,0.0,0.05,0.05,0.0,0.0
revocation,0.05,0.7,,ordered,0.0,50,13,False,0.07767669504746459,0.16980323226828326,0.0,0.5,0.4838709677419355,True,True,0,4,0.0,17,23,0.425,0.6,35,0.0,0.05,0.05,0.0,0.0
revocation,0.05,0.7,,ordered,0.0,50,14,False,0.05825752128559845,0.12735242420121246,0.0,0.48333333333333334,0.48484848484848486,False,True,0,4,0.0,0,36,0.0,0.6,35,0.0,0.05,0.05,0.0,0.0
revocation,0.05,0.7,,ordered,0.0,50,15,False,0.04369314096419884,0.09551431815090934,0.0,0.49206349206349204,0.4666666666666667,False,True,0,4,0.1,0,43,0.0,0.6,35,0.0,0.05,0.05,0.0,0.0
revocation,0.05,0.7,,ordered,0.0,50,16,False,0.04348414143743484,0.09366217762427895,0.0,0.5,0.4636363636363636,False,True,0,4,0.2,1,41,0.023809523809523808,0.6,36,0.0,0.05,0.05,0.0,0.0
revocation,0.05,0.7,,ordered,0.0,50,17,False,0.04332739179236184,0.1452466332182092,0.0,0.5217391304347826,0.45614035087719296,False,True,0,4,0.3,0,44,0.0,0.6,36,0.0,0.05,0.05000000000000001,6.938893903907228e-18,0.0
revocation,0.05,0.7,,ordered,0.0,50,18,False,0.05392411527284281,0.1839349749136569,0.0,0.5277777777777778,0.44537815126050423,False,True,0,4,0.4,2,40,0.047619047619047616,0.55,38,0.0,0.05,0.05,0.0,0.0
revocation,0.05,0.7,,ordered,0.0,50,19,False,0.06990737216891782,0.20670123118524267,0.0,0.5405405405405406,0.4344262295081967,True,True,0,5,0.2,11,27,0.2894736842105263,0.55,40,0.0,0.05,0.05,0.0,0.0
revocation,0.05,0.7,,ordered,0.0,50,20,False,0.062251957698116936,0.155025923388932,0.0,0.5569620253164557,0.421875,False,True,0,5,0.3,1,32,0.030303030303030304,0.55,41,0.0,0.05,0.05000000000000001,6.938893903907228e-18,0.0
revocation,0.05,0.7,,ordered,0.0,50,21,False,0.06633182541644485,0.15121421354700176,0.0,0.5783132530120482,0.40298507462686567,False,True,0,5,0.4,4,32,0.1111111111111111,0.45,45,0.0,0.05,0.05,0.0,0.0
revocation,0.05,0.7,,ordered,0.0,50,22,False,0.06582029763376221,0.16966066016025133,0.0,0.5882352941176471,0.39416058394160586,False,True,0,5,0.6,11,32,0.2558139534883721,0.35,56,0.0,0.05,0.05000000000000001,6.938893903907228e-18,0.0
revocation,0.05,0.7,,ordered,0.0,50,23,False,0.06811522322532167,0.17099549512018852,0.0,0.5777777777777777,0.4068965517241379,True,True,0,6,0.2,13,25,0.34210526315789475,0.55,58,0.0,0.05,0.05,0.0,0.0
revocation,0.05,0.7,,ordered,0.0,50,24,False,0.07072927456184838,0.1282466213401414,0.0,0.5851063829787234,0.4066666666666667,False,True,0,6,0.3,3,33,0.08333333333333333,0.5,61,0.0,0.05,0.05000000000000001,6.938893903907228e-18,0.0
revocation,0.05,0.7,,ordered,0.0,50,25,False,0.07983267020710058,0.15868496600510604,0.0,0.5959595959595959,0.39490445859872614,False,True,0,6,0.4,6,35,0.14634146341463414,0.4,67,0.0,0.05,0.05,0.0,0.0
revocation,0.05,0.7,,ordered,0.0,50,26,False,0.08844593122675401,0.1690137245038295,0.0,0.5922330097087378,0.39263803680981596,False,True,0,6,0.7,16,32,0.3333333333333333,0.1,83,0.0,0.05,0.05,0.0,0.0
revocation,0.05,0.7,,ordered,0.0,50,27,False,0.07704873413435122,0.13926029337787216,0.0,0.6018518518518519,0.38461538461538464,True,True,0,7,0.1,28,15,0.6511627906976745,0.1,79,0.0,0.05,0.05,0.0,0.0
revocation,0.05,0.7,,ordered,0.0,50,28,False,0.059572264886477704,0.10444522003340412,0.0,0.6036036036036037,0.3872832369942196,False,True,0,7,0.2,8,33,0.1951219512195122,0.2,87,0.0,0.05,0.05,0.0,0.0
revocation,0.05,0.7,,ordered,0.0,50,29,False,0.05182205580771542,0.1033339150250531,0.0,0.5932203389830508,0.3956043956043956,True,True,0,8,0.0,12,25,0.32432432432432434,0.2,92,0.0,0.05,0.05,0.0,0.0
revocation,0.05,0.7,,ordered,0.0,50,30,False,0.03886654185578657,0.07750043626878983,0.0,0.6048387096774194,0.3862433862433862,False,True,0,8,0.0,0,36,0.0,0.2,92,0.0,0.05,0.05,0.0,0.0
revocation,0.05,0.7,,ordered,0.0,50,31,False,0.029149906391839925,0.05812532720159237,0.0,0.6171875,0.37435897435897436,False,True,0,8,0.1,0,42,0.0,0.2,92,0.0,0.05,0.05,0.0,0.0
revocation,0.05,0.7,,ordered,0.0,50,32,False,0.025433858365308516,0.05316020437071041,0.0,0.6230769230769231,0.36683417085427134,True,True,0,9,0.0,9,31,0.225,0.15,95,0.0,0.05,0.05,0.0,0.0
revocation,0.05,0.7,,ordered,0.0,50,33,False,0.019075393773981385,0.03987015327803281,0.0,0.6212121212121212,0.3712871287128713,False,True,0,9,0.1,0,40,0.0,0.15,95,0.0,0.05,0.05,0.0,0.0
revocation,0.05,0.7,,ordered,0.0,50,34,False,0.01430654533048604,0.029902614958524608,0.0,0.6071428571428571,0.38207547169811323,False,True,0,9,0.1,1,35,0.027777777777777776,0.2,96,0.0,0.05,0.05,0.0,0.0
revocation,0.05,0.7,,ordered,0.0,50,35,False,0.010729908997864529,0.022426961218893454,0.0,0.6099290780141844,0.37962962962962965,False,True,0,9,0.1,1,38,0.02564102564102564,0.25,97,0.0,0.05,0.05,0.0,0.0
revocation,0.05,0.7,,ordered,0.0,50,36,False,0.008047431748398398,0.01682022091417009,0.0,0.6232876712328768,0.3721973094170404,False,True,0,9,0.2,0,41,0.0,0.25,97,0.0,0.05,0.05,0.0,0.0
revocation,0.05,0.7,,ordered,0.0,50,37,False,0.010499859525584512,0.043865165685627566,0.0,0.62,0.37280701754385964,False,True,0,9,0.4,8,29,0.21621621621621623,0.2,105,0.0,0.05,0.05,0.0,0.0
revocation,0.05,0.7,,ordered,0.0,50,38,False,0.015017751787045527,0.057898874264220676,0.0,0.6178343949044586,0.37815126050420167,True,True,0,10,0.1,21,22,0.4883720930232558,0.5,114,0.0,0.05,0.05,0.0,0.0
revocation,0.05,0.7,,ordered,0.0,50,39,False,0.011263313840284145,0.043424155698165504,0.0,0.61875,0.3770491803278688,False,True,0,10,0.1,0,39,0.0,0.5,114,0.0,0.05,0.05,0.0,0.0
revocation,0.05,0.7,,ordered,0.0,51,0,False,0.0,0.0,0.0,0.0,1.0,False,True,0,0,0.0,0,0,0.0,0.0,0,0.0,0.05,0.05,0.0,0.0
revocation,0.05,0.7,,ordered,0.0,51,1,False,0.0,0.0,0.14285714285714285,0.14285714285714285,0.8709677419354839,False,True,0,0,0.2,0,45,0.0,0.0,0,0.0,0.05,0.05,0.0,0.0
revocation,0.05,0.7,,ordered,0.0,51,2,False,0.03571428571428571,0.03571428571428571,0.2777777777777778,0.2777777777777778,0.7777777777777778,False,True,0,0,0.3,4,34,0.10526315789473684,0.0,4,0.0,0.05,0.05000000000000001,6.938893903907228e-18,0.0
revocation,0.05,0.7,,ordered,0.0,51,3,False,0.08630952380952382,0.09623015873015874,0.2,0.3333333333333333,0.7209302325581395,True,True,0,1,0.0,11,33,0.25,0.5714285714285714,7,0.0,0.05,0.05,0.0,0.0
revocation,0.05,0.7,,ordered,0.0,51,4,False,0.11473214285714287,0.12217261904761906,0.15,0.39285714285714285,0.6666666666666666,False,True,0,1,0.0,0,41,0.0,0.5714285714285714,7,0.0,0.05,0.05,0.0,0.0
revocation,0.05,0.7,,ordered,0.0,51,5,False,0.12354910714285715,0.12912946428571428,0.15,0.41379310344827586,0.6481481481481481,False,True,0,1,0.0,0,40,0.0,0.5714285714285714,7,0.0,0.05,0.05,0.0,0.0
revocation,0.05,0.7,,ordered,0.0,51,6,False,0.13016183035714288,0.13434709821428573,0.15,0.46875,0.6101694915254238,False,True,0,1,0.0,0,41,0.0,0.5714285714285714,7,0.0,0.05,0.05,0.0,0.0
revocation,0.05,0.7,,ordered,0.0,51,7,False,0.13512137276785716,0.1382603236607143,0.05,0.45714285714285713,0.59375,False,True,0,1,0.1,0,42,0.0,0.5714285714285714,7,0.0,0.05,0.05,0.0,0.0
revocation,0.05,0.7,,ordered,0.0,51,8,False,0.12315225406568879,0.18137381417410717,0.05,0.525,0.5492957746478874,True,True,0,2,0.0,9,29,0.23684210526315788,0.45454545454545453,11,0.0,0.05,0.05,0.0,0.0
revocation,0.05,0.7,,ordered,0.0,51,9,False,0.10486419054926659,0.1485303606305804,0.05,0.5227272727272727,0.5189873417721519,False,True,0,2,0.1,0,45,0.0,0.45454545454545453,11,0.0,0.05,0.05,0.0,0.0
revocation,0.05,0.7,,ordered,0.0,51,10,False,0.09837216888597591,0.1331681486848113,0.0,0.5510204081632653,0.4883720930232558,False,True,0,2,0.3,4,38,0.09523809523809523,0.4,15,0.0,0.05,0.05000000000000001,6.938893903907228e-18,0.0
revocation,0.05,0.7,,ordered,0.0,51,11,False,0.08806484095019622,0.14987611151360847,0.0,0.5283018867924528,0.48936170212765956,False,True,0,2,0.4,9,35,0.20454545454545456,0.6,24,0.0,0.05,0.05,0.0,0.0
revocation,0.05,0.7,,ordered,0.0,51,12,False,0.09819148785550433,0.18740708363520636,0.0,0.5272727272727272,0.4895833333333333,False,True,0,2,0.4,16,22,0.42105263157894735,0.4,40,0.0,0.05,0.05,0.0,0.0
revocation,0.05,0.7,,ordered,0.0,51,13,False,0.09507218732019966,0.19055531272640475,0.0,0.55,0.46153846153846156,True,True,0,3,0.1,18,23,0.43902439024390244,0.45,39,0.0,0.05,0.05,0.0,0.0
revocation,0.05,0.7,,ordered,0.0,51,14,False,0.07130414049014974,0.14291648454480355,0.0,0.5555555555555556,0.4537037037037037,False,True,0,3,0.1,7,38,0.15555555555555556,0.75,46,0.0,0.05,0.05,0.0,0.0
revocation,0.05,0.7,,ordered,0.0,51,15,False,0.053478105367612314,0.10718736340860266,0.0,0.5522388059701493,0.4473684210526316,False,True,0,3,0.2,3,36,0.07692307692307693,0.75,49,0.0,0.05,0.05,0.0,0.0
revocation,0.05,0.7,,ordered,0.0,51,16,False,0.053501436168566376,0.10927592449422394,0.0,0.5507246376811594,0.4444444444444444,False,True,0,3,0.2,10,37,0.2127659574468085,0.8,59,0.0,0.05,0.05,0.0,0.0
revocation,0.05,0.7,,ordered,0.0,51,17,False,0.05441179141213907,0.18195694337066795,0.0,0.5333333333333333,0.464,False,True,0,3,0.4,6,30,0.16666666666666666,0.7,65,0.0,0.05,0.05,0.0,0.0
revocation,0.05,0.7,,ordered,0.0,51,18,False,0.0783088435591043,0.22396770752800096,0.0,0.5443037974683544,0.4573643410852713,False,True,0,3,0.4,10,34,0.22727272727272727,0.55,75,0.0,0.05,0.05,0.0,0.0
revocation,0.05,0.7,,ordered,0.0,51,19,False,0.08819591838361394,0.23672578064600072,0.0,0.5568181818181818,0.4492753623188406,True,True,0,4,0.0,6,23,0.20689655172413793,0.6,64,0.0,0.05,0.05,0.0,0.0
revocation,0.05,0.7,,ordered,0.0,51,20,False,0.06614693878771045,0.17754433548450055,0.0,0.5714285714285714,0.42758620689655175,False,True,0,4,0.0,0,41,0.0,0.6,64,0.0,0.05,0.05,0.0,0.0
revocation,0.05,0.7,,ordered,0.0,51,21,False,0.04961020409078284,0.1331582516133754,0.0,0.5851063829787234,0.4161073825503356,False,True,0,4,0.1,0,35,0.0,0.6,64,0.0,0.05,0.05,0.0,0.0
revocation,0.05,0.7,,ordered,0.0,51,22,False,0.047921938782372844,0.09986868871003156,0.0,0.5918367346938775,0.41025641025641024,False,True,0,4,0.3,1,37,0.02631578947368421,0.6,65,0.0,0.05,0.05000000000000001,6.938893903907228e-18,0.0
revocation,0.05,0.7,,ordered,0.0,51,23,False,0.06808431122963678,0.14990151653252365,0.0,0.5980392156862745,0.40372670807453415,False,True,0,4,0.5,8,29,0.21621621621621623,0.45,73,0.0,0.05,0.05,0.0,0.0
revocation,0.05,0.7,,ordered,0.0,51,24,False,0.08320609056508473,0.16867613739939274,0.0,0.6,0.39759036144578314,False,True,0,4,0.6,18,32,0.36,0.35,91,0.0,0.05,0.05000000000000001,6.938893903907228e-18,0.0
revocation,0.05,0.7,,ordered,0.0,51,25,False,0.09365456792381353,0.17025710304954456,0.0,0.584070796460177,0.40804597701149425,False,True,0,4,0.9,19,20,0.48717948717948717,0.4,110,0.0,0.05,0.05,0.0,0.0
revocation,0.05,0.7,,ordered,0.0,51,26,False,0.11309806880000302,0.1776928272871584,0.0,0.5785123966942148,0.41208791208791207,True,True,0,5,0.1,34,13,0.723404255319149,0.55,113,0.0,0.05,0.05,0.0,0.0
revocation,0.05,0.7,,ordered,0.0,51,27,False,0.09464498017143083,0.1332696204653688,0.0,0.5853658536585366,0.40106951871657753,False,True,0,5,0.2,1,43,0.022727272727272728,0.5,114,0.0,0.05,0.05,0.0,0.0
revocation,0.05,0.7,,ordered,0.0,51,28,False,0.08884087798571597,0.1624522153490266,0.0,0.578125,0.40512820512820513,False,True,0,5,0.3,1,32,0.030303030303030304,0.45,115,0.0,0.05,0.05000000000000001,6.938893903907228e-18,0.0
revocation,0.05,0.7,,ordered,0.0,51,29,False,0.08270208706071555,0.17808916151176996,0.0,0.5725190839694656,0.4079601990049751,True,True,0,6,0.3,5,27,0.15625,0.5,117,0.0,0.05,0.05000000000000001,6.938893903907228e-18,0.0
revocation,0.05,0.7,,ordered,0.0,51,30,False,0.08881227958125096,0.19606687113382748,0.0,0.5777777777777777,0.4029126213592233,True,True,0,7,0.0,10,33,0.23255813953488372,0.5,119,0.0,0.05,0.05,0.0,0.0
revocation,0.05,0.7,,ordered,0.0,51,31,False,0.06660920968593821,0.1470501533503706,0.0,0.583941605839416,0.39622641509433965,False,True,0,7,0.0,0,45,0.0,0.5,119,0.0,0.05,0.05,0.0,0.0
revocation,0.05,0.7,,ordered,0.0,51,32,False,0.04995690726445366,0.11028761501277795,0.0,0.5928571428571429,0.3972602739726027,False,True,0,7,0.0,0,40,0.0,0.5,119,0.0,0.05,0.05,0.0,0.0
revocation,0.05,0.7,,ordered,0.0,51,33,False,0.03746768044834024,0.08271571125958346,0.0,0.5928571428571429,0.39545454545454545,False,True,0,7,0.1,0,40,0.0,0.5,119,0.0,0.05,0.05,0.0,0.0
revocation,0.05,0.7,,ordered,0.0,51,34,False,0.03702933176482661,0.07615642984182106,0.0,0.5972222222222222,0.3893805309734513,False,True,0,7,0.2,1,48,0.02040816326530612,0.5,120,0.0,0.05,0.05,0.0,0.0
revocation,0.05,0.7,,ordered,0.0,51,35,False,0.04562914168076282,0.1196173223813658,0.0,0.5986394557823129,0.38197424892703863,False,True,0,7,0.2,2,40,0.047619047619047616,0.45,122,0.0,0.05,0.05,0.0,0.0
revocation,0.05,0.7,,ordered,0.0,51,36,False,0.050293284832000684,0.14596299178602434,0.0,0.5986842105263158,0.37916666666666665,False,True,0,7,0.4,3,33,0.08333333333333333,0.35,125,0.0,0.05,0.05,0.0,0.0
revocation,0.05,0.7,,ordered,0.0,51,37,False,0.06271996362400052,0.15322224383951827,0.0,0.6089743589743589,0.37142857142857144,True,True,0,8,0.2,9,28,0.24324324324324326,0.2,129,0.0,0.05,0.05,0.0,0.0
revocation,0.05,0.7,,ordered,0.0,51,38,False,0.05418282986085753,0.1149166828796387,0.0,0.6211180124223602,0.3665338645418327,False,True,0,8,0.3,5,35,0.125,0.1,134,0.0,0.05,0.05000000000000001,6.938893903907228e-18,0.0
revocation,0.05,0.7,,ordered,0.0,51,39,False,0.04420855096707172,0.08618751215972903,0.0,0.6121212121212121,0.36964980544747084,True,True,0,9,0.0,9,36,0.2,0.1,135,0.0,0.05,0.05,0.0,0.0
revocation,0.05,0.7,,ordered,0.5,42,0,False,0.0,0.0,0.0,0.0,1.0,False,True,0,0,0.1,0,0,0.0,0.0,0,0.0,0.05,0.05,0.0,0.0
revocation,0.05,0.7,,ordered,0.5,42,1,False,0.0,0.0,0.42857142857142855,0.42857142857142855,0.8181818181818182,False,True,0,0,0.5,4,48,0.07692307692307693,0.0,4,0.0,0.05,0.05,0.0,0.0
revocation,0.05,0.7,,ordered,0.5,42,2,False,0.06887755102040816,0.10714285714285714,0.5,0.5,0.7407407407407407,False,True,0,0,0.5,16,26,0.38095238095238093,0.0,20,0.0,0.05,0.05,0.0,0.0
revocation,0.05,0.7,,ordered,0.5,42,3,False,0.13201530612244897,0.20535714285714285,0.6666666666666666,0.6666666666666666,0.5882352941176471,True,True,0,1,0.0,12,26,0.3157894736842105,0.0,20,0.2,0.05,0.05,0.0,0.0
revocation,0.05,0.7,,ordered,0.5,42,4,False,0.2656781462585034,0.32068452380952384,0.6875,0.6875,0.5714285714285714,False,True,0,1,0.1,0,40,0.0,0.0,20,0.2,0.05,0.05,0.0,0.0
revocation,0.05,0.7,,ordered,0.5,42,5,False,0.35885682397959184,0.4123883928571429,0.7,0.7142857142857143,0.5,False,True,0,1,0.3,2,35,0.05405405405405406,0.0,22,0.2,0.05,0.05000000000000001,6.938893903907228e-18,0.0
revocation,0.05,0.7,,ordered,0.5,42,6,False,0.40664261798469387,0.4842912946428572,0.6,0.6666666666666666,0.5111111111111111,True,True,0,2,0.3,9,37,0.1956521739130435,0.1,30,0.2,0.05,0.05000000000000001,6.938893903907228e-18,0.0
revocation,0.05,0.7,,ordered,0.5,42,7,False,0.43712482063137753,0.5132184709821429,0.55,0.7,0.46153846153846156,False,True,0,2,0.4,7,33,0.175,0.3,37,0.2,0.05,0.05,0.0,0.0
revocation,0.05,0.7,,ordered,0.5,42,8,False,0.45195075833067605,0.49804774693080356,0.55,0.7272727272727273,0.43859649122807015,True,True,0,3,0.2,12,33,0.26666666666666666,0.4,40,0.3,0.05,0.05,0.0,0.0
revocation,0.05,0.7,,ordered,0.5,42,9,False,0.4737844973194356,0.5110358101981027,0.5,0.7142857142857143,0.4262295081967213,True,True,0,4,0.1,5,39,0.11363636363636363,0.5,44,0.4,0.05,0.05,0.0,0.0
revocation,0.05,0.7,,ordered,0.5,42,10,False,0.4803383729895767,0.508276857648577,0.5,0.7297297297297297,0.40625,False,True,0,4,0.2,2,44,0.043478260869565216,0.45,46,0.4,0.05,0.05,0.0,0.0
revocation,0.05,0.7,,ordered,0.5,42,11,False,0.4834680654564682,0.5062076432364327,0.5,0.7560975609756098,0.37681159420289856,True,True,0,5,0.3,4,34,0.10526315789473684,0.5,50,0.4,0.05,0.05000000000000001,6.938893903907228e-18,0.0
revocation,0.05,0.7,,ordered,0.5,42,12,False,0.4876010490923512,0.5046557324273245,0.5,0.7674418604651163,0.3611111111111111,True,True,0,6,0.4,11,32,0.2558139534883721,0.45,59,0.4,0.05,0.05,0.0,0.0
revocation,0.05,0.7,,ordered,0.5,42,13,False,0.48802221539069196,0.5034917993204934,0.5,0.7872340425531915,0.33766233766233766,False,True,0,6,0.6,10,30,0.25,0.55,69,0.4,0.05,0.05000000000000001,6.938893903907228e-18,0.0
revocation,0.05,0.7,,ordered,0.5,42,14,False,0.4954809472573047,0.50886884949037,0.45,0.7843137254901961,0.34523809523809523,True,True,0,7,0.5,16,21,0.43243243243243246,0.55,81,0.4,0.05,0.05,0.0,0.0
revocation,0.05,0.7,,ordered,0.5,42,15,False,0.4894678533001214,0.5066516371177775,0.4,0.7818181818181819,0.3409090909090909,True,True,0,8,0.5,21,20,0.5121951219512195,0.65,98,0.4,0.05,0.05,0.0,0.0
revocation,0.05,0.7,,ordered,0.5,42,16,False,0.4849580328322339,0.5112387278383331,0.3,0.7666666666666667,0.3404255319148936,False,True,0,8,0.7,13,25,0.34210526315789475,0.6,111,0.4,0.05,0.05,0.0,0.0
revocation,0.05,0.7,,ordered,0.5,42,17,False,0.4655042389098897,0.4959290458787498,0.15,0.7384615384615385,0.35294117647058826,False,True,0,8,0.8,23,19,0.5476190476190477,0.5,134,0.4,0.05,0.05,0.0,0.0
revocation,0.05,0.7,,ordered,0.5,42,18,False,0.41787817918241726,0.45319678440906236,0.1,0.7246376811594203,0.35514018691588783,False,True,0,8,0.8,29,17,0.6304347826086957,0.85,163,0.4,0.05,0.05,0.0,0.0
revocation,0.05,0.7,,ordered,0.5,42,19,False,0.40537292010109865,0.45864758830679675,0.0,0.7162162162162162,0.35398230088495575,True,True,0,9,0.5,28,11,0.717948717948718,0.7,174,0.6,0.05,0.05,0.0,0.0
revocation,0.05,0.7,,ordered,0.5,42,20,False,0.354029690075824,0.4314856912300976,0.0,0.7272727272727273,0.3504273504273504,True,True,0,10,0.5,16,31,0.3404255319148936,0.55,190,0.6,0.05,0.05,0.0,0.0
revocation,0.05,0.7,,ordered,0.5,42,21,False,0.3048079818425823,0.3923642684225732,0.0,0.7283950617283951,0.344,True,True,0,11,0.4,17,25,0.40476190476190477,0.55,205,0.7,0.05,0.05,0.0,0.0
revocation,0.05,0.7,,ordered,0.5,42,22,False,0.2580702720962224,0.3630232013169299,0.0,0.7261904761904762,0.35384615384615387,True,True,0,12,0.5,7,33,0.175,0.65,212,0.7,0.05,0.05,0.0,0.0
revocation,0.05,0.7,,ordered,0.5,42,23,False,0.23998127550073825,0.3535174009876974,0.0,0.7126436781609196,0.35555555555555557,False,True,0,12,0.5,19,24,0.4418604651162791,0.5,231,0.7,0.05,0.05,0.0,0.0
revocation,0.05,0.7,,ordered,0.5,42,24,False,0.2157002423398394,0.32763805074077307,0.0,0.7159090909090909,0.34285714285714286,True,True,0,13,0.7,17,28,0.37777777777777777,0.45,248,0.7,0.05,0.05,0.0,0.0
revocation,0.05,0.7,,ordered,0.5,42,25,False,0.2099894674691653,0.30197853805557984,0.0,0.7142857142857143,0.3469387755102041,True,True,0,14,0.7,26,23,0.5306122448979592,0.45,274,0.8,0.05,0.05,0.0,0.0
revocation,0.05,0.7,,ordered,0.5,42,26,False,0.20570638631615967,0.2827339035416849,0.0,0.723404255319149,0.3355263157894737,True,True,0,15,0.8,22,23,0.4888888888888889,0.5,296,0.8,0.05,0.05,0.0,0.0
revocation,0.05,0.7,,ordered,0.5,42,27,False,0.21677978973711975,0.27455042765626364,0.0,0.7216494845360825,0.3375796178343949,False,True,0,15,0.8,20,18,0.5263157894736842,0.4,316,0.8,0.05,0.05,0.0,0.0
revocation,0.05,0.7,,ordered,0.5,42,28,False,0.2125848423028398,0.25591282074219773,0.0,0.7169811320754716,0.3413173652694611,True,True,0,16,0.7,18,16,0.5294117647058824,0.55,333,0.8,0.05,0.05,0.0,0.0
revocation,0.05,0.7,,ordered,0.5,42,29,False,0.21836720315570132,0.26068461555664835,0.0,0.7,0.35260115606936415,True,True,0,17,0.9,17,24,0.4146341463414634,0.65,350,0.8,0.05,0.05,0.0,0.0
revocation,0.05,0.7,,ordered,0.5,42,30,False,0.245025402366776,0.2767634616674863,0.0,0.6782608695652174,0.3651685393258427,True,True,0,18,0.7,27,14,0.6585365853658537,0.6,374,1.0,0.05,0.05,0.0,0.0
revocation,0.05,0.7,,ordered,0.5,42,31,False,0.2480547660607963,0.2825725962506147,0.0,0.6721311475409836,0.3689839572192513,False,True,0,18,0.7,21,18,0.5384615384615384,0.6,395,1.0,0.05,0.05,0.0,0.0
revocation,0.05,0.7,,ordered,0.5,42,32,False,0.2503267888313115,0.28692944718796104,0.0,0.6692913385826772,0.36787564766839376,False,True,0,18,0.7,24,20,0.5454545454545454,0.55,419,1.0,0.05,0.05,0.0,0.0
revocation,0.05,0.7,,ordered,0.5,42,33,False,0.24667366305205504,0.2839470853909708,0.0,0.6691729323308271,0.3681592039800995,False,True,0,18,0.7,27,21,0.5625,0.55,446,1.0,0.05,0.05,0.0,0.0
revocation,0.05,0.7,,ordered,0.5,42,34,False,0.24393381871761274,0.2817103140432281,0.0,0.6642335766423357,0.36231884057971014,False,True,0,18,0.9,22,20,0.5238095238095238,0.4,468,1.0,0.05,0.05,0.0,0.0
revocation,0.05,0.7,,ordered,0.5,42,35,False,0.23295036403820954,0.2612827355324211,0.0,0.6737588652482269,0.3584905660377358,False,True,0,18,0.9,33,16,0.673469387755102,0.3,501,1.0,0.05,0.05,0.0,0.0
revocation,0.05,0.7,,ordered,0.5,42,36,False,0.21221277302865715,0.23346205164931583,0.0,0.678082191780822,0.3532110091743119,True,True,0,19,0.9,27,17,0.6136363636363636,0.4,528,1.0,0.05,0.05,0.0,0.0
revocation,0.05,0.7,,ordered,0.5,42,37,False,0.20915957977149288,0.22509653873698687,0.0,0.6776315789473685,0.3542600896860987,True,True,0,20,1.0,26,14,0.65,0.35,554,1.0,0.05,0.05,0.0,0.0
revocation,0.05,0.7,,ordered,0.5,42,38,False,0.20061968482861967,0.21257240405274014,0.0,0.6708860759493671,0.35344827586206895,True,True,0,21,1.0,25,11,0.6944444444444444,0.6,579,1.0,0.05,0.05,0.0,0.0
revocation,0.05,0.7,,ordered,0.5,42,39,False,0.22546476362146475,0.23442930303955511,0.0,0.6829268292682927,0.3516949152542373,False,True,0,21,1.0,26,15,0.6341463414634146,0.4,605,1.0,0.05,0.05,0.0,0.0
revocation,0.05,0.7,,ordered,0.5,43,0,False,0.0,0.0,0.0,0.0,1.0,False,True,0,0,0.0,0,0,0.0,0.0,0,0.0,0.05,0.05,0.0,0.0
revocation,0.05,0.7,,ordered,0.5,43,1,False,0.0,0.0,0.09090909090909091,0.09090909090909091,0.8518518518518519,False,True,0,0,0.0,0,50,0.0,0.0,0,0.0,0.05,0.05,0.0,0.0
revocation,0.05,0.7,,ordered,0.5,43,2,False,0.022727272727272728,0.022727272727272728,0.29411764705882354,0.29411764705882354,0.7352941176470589,False,True,0,0,0.1,0,35,0.0,0.0,0,0.0,0.05,0.05,0.0,0.0
revocation,0.05,0.7,,ordered,0.5,43,3,False,0.09057486631016043,0.09057486631016043,0.4,0.42857142857142855,0.6190476190476191,False,True,0,0,0.2,1,37,0.02631578947368421,0.0,1,0.0,0.05,0.05,0.0,0.0
revocation,0.05,0.7,,ordered,0.5,43,4,False,0.16078829258976318,0.16793114973262033,0.35,0.48,0.574468085106383,False,True,0,0,0.5,1,36,0.02702702702702703,0.0,2,0.0,0.05,0.05,0.0,0.0
revocation,0.05,0.7,,ordered,0.5,43,5,False,0.18934121944232235,0.21344836229946523,0.3,0.5333333333333333,0.509090909090909,False,True,0,0,0.5,16,18,0.47058823529411764,0.3333333333333333,18,0.0,0.05,0.05,0.0,0.0
revocation,0.05,0.7,,ordered,0.5,43,6,False,0.21879162886745607,0.23508627172459895,0.25,0.53125,0.5172413793103449,False,True,0,0,0.5,10,32,0.23809523809523808,0.35,28,0.0,0.05,0.05,0.0,0.0
revocation,0.05,0.7,,ordered,0.5,43,7,False,0.23195086450773492,0.2388147037934492,0.2,0.5227272727272727,0.5072463768115942,True,True,0,1,0.1,14,21,0.4,0.45,21,0.1,0.05,0.05,0.0,0.0
revocation,0.05,0.7,,ordered,0.5,43,8,False,0.22396314838080117,0.2291110278450869,0.2,0.5434782608695652,0.47368421052631576,False,True,0,1,0.1,1,44,0.022222222222222223,0.45,22,0.1,0.05,0.05,0.0,0.0
revocation,0.05,0.7,,ordered,0.5,43,9,False,0.21797236128560085,0.22183327088381516,0.1,0.5306122448979592,0.47560975609756095,False,True,0,1,0.3,0,41,0.0,0.45,22,0.1,0.05,0.05000000000000001,6.938893903907228e-18,0.0
revocation,0.05,0.7,,ordered,0.5,43,10,False,0.18847927096420067,0.19137495316286138,0.0,0.5283018867924528,0.4606741573033708,True,True,0,2,0.2,13,35,0.2708333333333333,0.6,29,0.2,0.05,0.05,0.0,0.0
revocation,0.05,0.7,,ordered,0.5,43,11,False,0.1413594532231505,0.14353121487214604,0.0,0.543859649122807,0.44329896907216493,False,True,0,2,0.4,5,34,0.1282051282051282,0.75,34,0.2,0.05,0.05,0.0,0.0
revocation,0.05,0.7,,ordered,0.5,43,12,False,0.13280530420307715,0.20139841115410953,0.0,0.5409836065573771,0.44554455445544555,True,True,0,3,0.4,14,30,0.3181818181818182,0.7,44,0.3,0.05,0.05,0.0,0.0
revocation,0.05,0.7,,ordered,0.5,43,13,False,0.12460397815230786,0.16823630836558215,0.0,0.5538461538461539,0.4392523364485981,False,True,0,3,0.5,13,29,0.30952380952380953,0.6,57,0.3,0.05,0.05,0.0,0.0
revocation,0.05,0.7,,ordered,0.5,43,14,False,0.12559584075708805,0.20117723127418663,0.0,0.5522388059701493,0.44545454545454544,True,True,0,4,0.4,10,23,0.30303030303030304,0.7,62,0.3,0.05,0.05,0.0,0.0
revocation,0.05,0.7,,ordered,0.5,43,15,False,0.11919688056781605,0.1882647214845859,0.0,0.5633802816901409,0.43478260869565216,False,True,0,4,0.5,7,34,0.17073170731707318,0.65,69,0.3,0.05,0.05,0.0,0.0
revocation,0.05,0.7,,ordered,0.5,43,16,False,0.11261194614014773,0.22244854111343942,0.0,0.5443037974683544,0.4435483870967742,True,True,0,5,0.3,14,28,0.3333333333333333,0.7,79,0.4,0.05,0.05000000000000001,6.938893903907228e-18,0.0
revocation,0.05,0.7,,ordered,0.5,43,17,False,0.0969589596051108,0.1723716444437975,0.0,0.5609756097560976,0.4330708661417323,False,True,0,5,0.4,10,33,0.23255813953488372,0.7,89,0.4,0.05,0.05,0.0,0.0
revocation,0.05,0.7,,ordered,0.5,43,18,False,0.09771921970383311,0.2167787333328481,0.0,0.5647058823529412,0.4318181818181818,False,True,0,5,0.6,5,30,0.14285714285714285,0.85,94,0.4,0.05,0.05000000000000001,6.938893903907228e-18,0.0
revocation,0.05,0.7,,ordered,0.5,43,19,False,0.11882512906358911,0.26883404999963606,0.0,0.5684210526315789,0.4295774647887324,False,True,0,5,0.7,16,17,0.48484848484848486,0.8,110,0.4,0.05,0.05,0.0,0.0
revocation,0.05,0.7,,ordered,0.5,43,20,False,0.14626170394054896,0.3016255374997271,0.0,0.58,0.4217687074829932,True,True,0,6,0.6,25,22,0.5319148936170213,0.55,132,0.4,0.05,0.05000000000000001,6.938893903907228e-18,0.0
revocation,0.05,0.7,,ordered,0.5,43,21,False,0.13916056366969745,0.2904057499952176,0.0,0.5714285714285714,0.4258064516129032,True,True,0,7,0.6,19,22,0.4634146341463415,0.6,150,0.4,0.05,0.05000000000000001,6.938893903907228e-18,0.0
revocation,0.05,0.7,,ordered,0.5,43,22,False,0.13651327989513024,0.2446643648435965,0.0,0.5700934579439252,0.41875,True,True,0,8,0.7,21,24,0.4666666666666667,0.8,168,0.4,0.05,0.05,0.0,0.0
revocation,0.05,0.7,,ordered,0.5,43,23,False,0.15952781706420485,0.2752740843512338,0.0,0.5765765765765766,0.40963855421686746,True,True,0,9,0.5,22,23,0.4888888888888889,0.55,187,0.5,0.05,0.05,0.0,0.0
revocation,0.05,0.7,,ordered,0.5,43,24,False,0.13928871994101075,0.2752055632634254,0.0,0.5826086956521739,0.4046242774566474,True,True,0,10,0.5,20,24,0.45454545454545453,0.5,207,0.6,0.05,0.05,0.0,0.0
revocation,0.05,0.7,,ordered,0.5,43,25,False,0.12232368281290093,0.26890417244756903,0.0,0.5882352941176471,0.4044943820224719,True,True,0,11,0.6,16,25,0.3902439024390244,0.65,223,0.6,0.05,0.05000000000000001,6.938893903907228e-18,0.0
revocation,0.05,0.7,,ordered,0.5,43,26,False,0.12656419068110428,0.2829281293356768,0.0,0.5826771653543307,0.40860215053763443,True,True,0,12,0.7,18,14,0.5625,0.7,241,0.7,0.05,0.05,0.0,0.0
revocation,0.05,0.7,,ordered,0.5,43,27,False,0.1449231430108282,0.2996960970017576,0.0,0.5714285714285714,0.4114583333333333,True,True,0,13,0.7,21,17,0.5526315789473685,0.75,261,0.8,0.05,0.05,0.0,0.0
revocation,0.05,0.7,,ordered,0.5,43,28,False,0.1622637858295497,0.31852207275131816,0.0,0.5797101449275363,0.40609137055837563,False,True,0,13,0.9,22,19,0.5365853658536586,0.5,283,0.8,0.05,0.05,0.0,0.0
revocation,0.05,0.7,,ordered,0.5,43,29,False,0.17526926794359085,0.30139155456348865,0.0,0.5625,0.4187192118226601,True,True,0,14,0.9,26,7,0.7878787878787878,0.7,308,0.8,0.05,0.05,0.0,0.0
revocation,0.05,0.7,,ordered,0.5,43,30,False,0.20645195095769314,0.3135436659226165,0.0,0.5675675675675675,0.41346153846153844,True,True,0,15,0.8,26,19,0.5777777777777777,0.55,333,0.9,0.05,0.05,0.0,0.0
revocation,0.05,0.7,,ordered,0.5,43,31,False,0.20394610607541272,0.3039077494419624,0.0,0.5686274509803921,0.411214953271028,True,True,0,16,0.8,24,16,0.6,0.7,357,0.9,0.05,0.05,0.0,0.0
revocation,0.05,0.7,,ordered,0.5,43,32,False,0.21545957955655953,0.31543081208147183,0.0,0.559748427672956,0.42342342342342343,True,True,0,17,0.9,23,20,0.5348837209302325,0.6,380,0.9,0.05,0.05,0.0,0.0
revocation,0.05,0.7,,ordered,0.5,43,33,False,0.22588039895313394,0.31157310906110386,0.0,0.5325443786982249,0.43722943722943725,False,True,0,17,0.9,27,9,0.75,0.6,407,0.9,0.05,0.05,0.0,0.0
revocation,0.05,0.7,,ordered,0.5,43,34,False,0.23369601350056476,0.3086798317958279,0.0,0.5287356321839081,0.4406779661016949,False,True,0,17,0.9,24,16,0.6,0.65,431,0.9,0.05,0.05,0.0,0.0
revocation,0.05,0.7,,ordered,0.5,43,35,False,0.24491486726828068,0.31275987384687093,0.0,0.532967032967033,0.4403292181069959,False,True,0,17,1.0,29,10,0.7435897435897436,0.3,460,0.9,0.05,0.05,0.0,0.0
revocation,0.05,0.7,,ordered,0.5,43,36,False,0.2211861504512105,0.2720699053851532,0.0,0.5263157894736842,0.4444444444444444,True,True,0,18,0.9,32,13,0.7111111111111111,0.55,491,1.0,0.05,0.05,0.0,0.0
revocation,0.05,0.7,,ordered,0.5,43,37,False,0.22481818426697933,0.27280242903886487,0.0,0.5233160621761658,0.4470588235294118,True,True,0,19,0.9,31,12,0.7209302325581395,0.35,522,1.0,0.05,0.05,0.0,0.0
revocation,0.05,0.7,,ordered,0.5,43,38,False,0.20611363820023448,0.24835182177914866,0.0,0.5175879396984925,0.45038167938931295,True,True,0,20,0.9,32,7,0.8205128205128205,0.4,554,1.0,0.05,0.05,0.0,0.0
revocation,0.05,0.7,,ordered,0.5,43,39,False,0.19744237150731872,0.23626386633436147,0.0,0.5097087378640777,0.4575645756457565,True,True,0,21,0.9,24,14,0.631578947368421,0.6,578,1.0,0.05,0.05,0.0,0.0
revocation,0.05,0.7,,ordered,0.5,44,0,False,0.0,0.0,0.0,0.0,1.0,False,True,0,0,0.0,0,0,0.0,0.0,0,0.0,0.05,0.05,0.0,0.0
revocation,0.05,0.7,,ordered,0.5,44,1,False,0.0,0.0,0.3,0.3,0.72,False,True,0,0,0.0,0,43,0.0,0.0,0,0.0,0.05,0.05,0.0,0.0
revocation,0.05,0.7,,ordered,0.5,44,2,False,0.075,0.075,0.4166666666666667,0.4166666666666667,0.6785714285714286,False,True,0,0,0.1,0,43,0.0,0.0,0,0.0,0.05,0.05,0.0,0.0
revocation,0.05,0.7,,ordered,0.5,44,3,False,0.16041666666666665,0.16041666666666665,0.5625,0.5625,0.5714285714285714,False,True,0,0,0.2,2,36,0.05263157894736842,0.0,2,0.0,0.05,0.05,0.0,0.0
revocation,0.05,0.7,,ordered,0.5,44,4,False,0.25089285714285714,0.2609375,0.5789473684210527,0.5789473684210527,0.5384615384615384,False,True,0,0,0.4,2,33,0.05714285714285714,0.5,4,0.0,0.05,0.05,0.0,0.0
revocation,0.05,0.7,,ordered,0.5,44,5,False,0.33008693609022555,0.34043996710526314,0.6,0.6363636363636364,0.5,True,True,0,1,0.0,14,32,0.30434782608695654,0.6363636363636364,11,0.3,0.05,0.05,0.0,0.0
revocation,0.05,0.7,,ordered,0.5,44,6,False,0.3975652020676691,0.4053299753289473,0.6,0.6923076923076923,0.46808510638297873,False,True,0,1,0.1,0,38,0.0,0.6363636363636364,11,0.3,0.05,0.05,0.0,0.0
revocation,0.05,0.7,,ordered,0.5,44,7,False,0.4481739015507519,0.4539974814967105,0.5,0.6551724137931034,0.46153846153846156,False,True,0,1,0.2,2,45,0.0425531914893617,0.5384615384615384,13,0.3,0.05,0.05,0.0,0.0
revocation,0.05,0.7,,ordered,0.5,44,8,False,0.46181723934987706,0.47030580343022516,0.45,0.6666666666666666,0.4482758620689655,False,True,0,1,0.2,1,41,0.023809523809523808,0.5714285714285714,14,0.3,0.05,0.05,0.0,0.0
revocation,0.05,0.7,,ordered,0.5,44,9,False,0.4610312968593466,0.48040792400124027,0.45,0.6857142857142857,0.41935483870967744,False,True,0,1,0.2,2,41,0.046511627906976744,0.5,16,0.3,0.05,0.05,0.0,0.0
revocation,0.05,0.7,,ordered,0.5,44,10,False,0.45916632978736704,0.47905594300093024,0.4,0.6923076923076923,0.38571428571428573,False,True,0,1,0.3,2,36,0.05263157894736842,0.4444444444444444,18,0.3,0.05,0.05000000000000001,6.938893903907228e-18,0.0
revocation,0.05,0.7,,ordered,0.5,44,11,False,0.44596204892782687,0.46484751280625325,0.4,0.7272727272727273,0.36,False,True,0,1,0.5,6,39,0.13333333333333333,0.5,24,0.3,0.05,0.05,0.0,0.0
revocation,0.05,0.7,,ordered,0.5,44,12,False,0.4416143938387273,0.4611356346046899,0.4,0.7391304347826086,0.3375,False,True,0,1,0.6,10,30,0.25,0.5,34,0.3,0.05,0.05000000000000001,6.938893903907228e-18,0.0
revocation,0.05,0.7,,ordered,0.5,44,13,False,0.4401393668076169,0.4583517259535174,0.4,0.7346938775510204,0.32558139534883723,True,True,0,2,0.3,20,24,0.45454545454545453,0.45,42,0.4,0.05,0.05000000000000001,6.938893903907228e-18,0.0
revocation,0.05,0.7,,ordered,0.5,44,14,False,0.4318902393914269,0.44376379446513803,0.4,0.7547169811320755,0.3010752688172043,False,True,0,2,0.4,5,34,0.1282051282051282,0.45,47,0.4,0.05,0.05,0.0,0.0
revocation,0.05,0.7,,ordered,0.5,44,15,False,0.4257033938292845,0.43717616998443476,0.4,0.7719298245614035,0.29591836734693877,True,True,0,3,0.2,9,34,0.20930232558139536,0.45,53,0.5,0.05,0.05,0.0,0.0
revocation,0.05,0.7,,ordered,0.5,44,16,False,0.42017040251482046,0.4328064492560531,0.4,0.7833333333333333,0.2871287128712871,True,True,0,4,0.2,3,46,0.061224489795918366,0.45,56,0.5,0.05,0.05,0.0,0.0
revocation,0.05,0.7,,ordered,0.5,44,17,False,0.4160206590289725,0.43085483694203985,0.4,0.7936507936507936,0.2761904761904762,False,True,0,4,0.3,1,39,0.025,0.45,57,0.5,0.05,0.05000000000000001,6.938893903907228e-18,0.0
revocation,0.05,0.7,,ordered,0.5,44,18,False,0.4138012085574437,0.42939112770652993,0.4,0.803030303030303,0.26126126126126126,False,True,0,4,0.3,2,35,0.05405405405405406,0.45,59,0.5,0.05,0.05000000000000001,6.938893903907228e-18,0.0
revocation,0.05,0.7,,ordered,0.5,44,19,False,0.41213662070379703,0.42829334577989747,0.4,0.8142857142857143,0.2564102564102564,False,True,0,4,0.5,5,34,0.1282051282051282,0.35,64,0.5,0.05,0.05,0.0,0.0
revocation,0.05,0.7,,ordered,0.5,44,20,False,0.4064238940992763,0.4149700093349231,0.4,0.8266666666666667,0.25203252032520324,False,True,0,4,0.5,8,22,0.26666666666666666,0.4,72,0.5,0.05,0.05,0.0,0.0
revocation,0.05,0.7,,ordered,0.5,44,21,False,0.4048179205744572,0.41122750700119237,0.3,0.8125,0.25384615384615383,False,True,0,4,0.8,8,26,0.23529411764705882,0.55,80,0.5,0.05,0.05,0.0,0.0
revocation,0.05,0.7,,ordered,0.5,44,22,False,0.4009348690022715,0.4146706302508943,0.2,0.8023255813953488,0.25735294117647056,True,True,0,5,0.8,28,11,0.717948717948718,0.6,99,0.7,0.05,0.05,0.0,0.0
revocation,0.05,0.7,,ordered,0.5,44,23,False,0.38641543746598933,0.41100297268817076,0.1,0.7912087912087912,0.25874125874125875,False,True,0,5,0.9,17,24,0.4146341463414634,0.65,116,0.7,0.05,0.05,0.0,0.0
revocation,0.05,0.7,,ordered,0.5,44,24,False,0.37374014952806345,0.4020022295161281,0.0,0.7857142857142857,0.26174496644295303,False,True,0,5,0.9,31,12,0.7209302325581395,0.45,147,0.7,0.05,0.05,0.0,0.0
revocation,0.05,0.7,,ordered,0.5,44,25,False,0.3285193978603333,0.3577516721370961,0.0,0.7647058823529411,0.2727272727272727,True,True,0,6,0.8,34,11,0.7555555555555555,0.65,168,0.9,0.05,0.05,0.0,0.0
revocation,0.05,0.7,,ordered,0.5,44,26,False,0.30442526268096426,0.34956375410282203,0.0,0.7523809523809524,0.275,True,True,0,7,1.0,27,18,0.6,0.55,195,0.9,0.05,0.05,0.0,0.0
revocation,0.05,0.7,,ordered,0.5,44,27,False,0.29706894701072317,0.33092281557711656,0.0,0.7454545454545455,0.27710843373493976,True,True,0,8,1.0,31,12,0.7209302325581395,0.45,226,1.0,0.05,0.05,0.0,0.0
revocation,0.05,0.7,,ordered,0.5,44,28,False,0.27905171025804243,0.3044421116828374,0.0,0.7478260869565218,0.27485380116959063,True,True,0,9,1.0,26,11,0.7027027027027027,0.55,252,1.0,0.05,0.05,0.0,0.0
revocation,0.05,0.7,,ordered,0.5,44,29,False,0.2780387826935318,0.29708158376212807,0.0,0.743801652892562,0.2737430167597765,True,True,0,10,1.0,28,15,0.6511627906976745,0.45,280,1.0,0.05,0.05,0.0,0.0
revocation,0.05,0.7,,ordered,0.5,44,30,False,0.26477908702014885,0.27906118782159606,0.0,0.752,0.266304347826087,True,True,0,11,1.0,33,15,0.6875,0.45,313,1.0,0.05,0.05,0.0,0.0
revocation,0.05,0.7,,ordered,0.5,44,31,False,0.2548343152651117,0.26554589086619707,0.0,0.7441860465116279,0.2712765957446808,False,True,0,11,1.0,29,13,0.6904761904761905,0.5,342,1.0,0.05,0.05,0.0,0.0
revocation,0.05,0.7,,ordered,0.5,44,32,False,0.25362573644883374,0.26165941814964777,0.0,0.7226277372262774,0.29081632653061223,False,True,0,11,1.0,26,11,0.7027027027027027,0.5,368,1.0,0.05,0.05,0.0,0.0
revocation,0.05,0.7,,ordered,0.5,44,33,False,0.2527193023366253,0.25874456361223586,0.0,0.7304964539007093,0.2871287128712871,True,True,0,12,1.0,31,14,0.6888888888888889,0.45,399,1.0,0.05,0.05,0.0,0.0
revocation,0.05,0.7,,ordered,0.5,44,34,False,0.245789476752469,0.2503084227091769,0.0,0.7152317880794702,0.29439252336448596,True,True,0,13,1.0,22,14,0.6111111111111112,0.45,421,1.0,0.05,0.05,0.0,0.0
revocation,0.05,0.7,,ordered,0.5,44,35,False,0.24059210756435176,0.24398131703188267,0.0,0.7088607594936709,0.3,True,True,0,14,1.0,31,11,0.7380952380952381,0.35,452,1.0,0.05,0.05,0.0,0.0
revocation,0.05,0.7,,ordered,0.5,44,36,False,0.22419408067326382,0.22673598777391202,0.0,0.7012195121951219,0.3056768558951965,True,True,0,15,1.0,20,18,0.5263157894736842,0.4,472,1.0,0.05,0.05,0.0,0.0
revocation,0.05,0.7,,ordered,0.5,44,37,False,0.21814556050494785,0.22005199083043403,0.0,0.7034883720930233,0.3037974683544304,True,True,0,16,1.0,33,11,0.75,0.3,505,1.0,0.05,0.05,0.0,0.0
revocation,0.05,0.7,,ordered,0.5,44,38,False,0.2011091703787109,0.20253899312282553,0.0,0.6988636363636364,0.3045267489711934,False,True,0,16,1.0,27,13,0.675,0.55,532,1.0,0.05,0.05,0.0,0.0
revocation,0.05,0.7,,ordered,0.5,44,39,False,0.2195818777840332,0.22065424484211915,0.0,0.6918918918918919,0.3107569721115538,False,True,0,16,1.0,31,11,0.7380952380952381,0.45,563,1.0,0.05,0.05,0.0,0.0
revocation,0.05,0.7,,ordered,0.5,45,0,False,0.0,0.0,0.0,0.0,1.0,False,True,0,0,0.2,0,0,0.0,0.0,0,0.0,0.05,0.05,0.0,0.0
revocation,0.05,0.7,,ordered,0.5,45,1,False,0.0,0.0,0.35294117647058826,0.35294117647058826,0.8064516129032258,True,True,0,1,0.1,5,39,0.11363636363636363,0.0,3,0.2,0.05,0.05,0.0,0.0
revocation,0.05,0.7,,ordered,0.5,45,2,False,0.08823529411764706,0.08823529411764706,0.3333333333333333,0.3333333333333333,0.7878787878787878,False,True,0,1,0.2,4,43,0.0851063829787234,0.5714285714285714,7,0.2,0.05,0.05,0.0,0.0
revocation,0.05,0.7,,ordered,0.5,45,3,False,0.14950980392156862,0.14950980392156862,0.15,0.37037037037037035,0.7380952380952381,False,True,0,1,0.3,11,24,0.3142857142857143,0.8333333333333334,18,0.2,0.05,0.05000000000000001,6.938893903907228e-18,0.0
revocation,0.05,0.7,,ordered,0.5,45,4,False,0.16183473389355743,0.23504901960784313,0.0,0.34375,0.74,True,True,0,2,0.2,13,25,0.34210526315789475,0.7333333333333333,15,0.3,0.05,0.05,0.0,0.0
revocation,0.05,0.7,,ordered,0.5,45,5,False,0.14756652661064426,0.267953431372549,0.0,0.34375,0.7254901960784313,False,True,0,2,0.3,5,43,0.10416666666666667,0.65,20,0.3,0.05,0.05000000000000001,6.938893903907228e-18,0.0
revocation,0.05,0.7,,ordered,0.5,45,6,False,0.14549632352941178,0.2822150735294118,0.0,0.3783783783783784,0.6779661016949152,False,True,0,2,0.5,8,29,0.21621621621621623,0.6,28,0.3,0.05,0.05,0.0,0.0
revocation,0.05,0.7,,ordered,0.5,45,7,False,0.14126509978991594,0.28666130514705884,0.0,0.3953488372093023,0.6515151515151515,True,True,0,3,0.3,19,23,0.4523809523809524,0.4,38,0.4,0.05,0.05000000000000001,6.938893903907228e-18,0.0
revocation,0.05,0.7,,ordered,0.5,45,8,False,0.12023453912815127,0.23796961167279412,0.0,0.40425531914893614,0.6388888888888888,False,True,0,3,0.3,12,36,0.25,0.35,50,0.4,0.05,0.05000000000000001,6.938893903907228e-18,0.0
revocation,0.05,0.7,,ordered,0.5,45,9,False,0.10267590434611344,0.22222720875459562,0.0,0.42857142857142855,0.6103896103896104,False,True,0,3,0.3,6,38,0.13636363636363635,0.55,56,0.4,0.05,0.05000000000000001,6.938893903907228e-18,0.0
revocation,0.05,0.7,,ordered,0.5,45,10,False,0.09664978540244225,0.23542040656594673,0.0,0.45454545454545453,0.5903614457831325,False,True,0,3,0.3,9,30,0.23076923076923078,0.6,65,0.4,0.05,0.05000000000000001,6.938893903907228e-18,0.0
revocation,0.05,0.7,,ordered,0.5,45,11,False,0.09391591048040311,0.25156530492446005,0.0,0.43548387096774194,0.6,True,True,0,4,0.1,7,30,0.1891891891891892,0.55,59,0.6,0.05,0.05,0.0,0.0
revocation,0.05,0.7,,ordered,0.5,45,12,False,0.0802583614317309,0.25742397869334505,0.0,0.44776119402985076,0.5833333333333334,False,True,0,4,0.2,0,45,0.0,0.55,59,0.6,0.05,0.05,0.0,0.0
revocation,0.05,0.7,,ordered,0.5,45,13,False,0.07983662821665531,0.2618179840200088,0.0,0.4657534246575342,0.5686274509803921,False,True,0,4,0.2,4,33,0.10810810810810811,0.5,63,0.6,0.05,0.05,0.0,0.0
revocation,0.05,0.7,,ordered,0.5,45,14,False,0.07773461401963434,0.2588634880150066,0.0,0.4868421052631579,0.5412844036697247,False,True,0,4,0.3,3,35,0.07894736842105263,0.45,66,0.6,0.05,0.05000000000000001,6.938893903907228e-18,0.0
revocation,0.05,0.7,,ordered,0.5,45,15,False,0.08240810337186862,0.25039761601125493,0.0,0.5,0.5258620689655172,False,True,0,4,0.4,5,39,0.11363636363636363,0.3,71,0.6,0.05,0.05,0.0,0.0
revocation,0.05,0.7,,ordered,0.5,45,16,False,0.07787750610033004,0.22529821200844122,0.0,0.5,0.5245901639344263,False,True,0,4,0.4,13,32,0.28888888888888886,0.3,84,0.6,0.05,0.05,0.0,0.0
revocation,0.05,0.7,,ordered,0.5,45,17,False,0.07447955814667609,0.2064736590063309,0.0,0.5113636363636364,0.5234375,True,True,0,5,0.5,11,33,0.25,0.55,90,0.6,0.05,0.05,0.0,0.0
revocation,0.05,0.7,,ordered,0.5,45,18,False,0.08532395432429278,0.22360524425474818,0.0,0.5217391304347826,0.5151515151515151,False,True,0,5,0.6,12,36,0.25,0.65,102,0.6,0.05,0.05000000000000001,6.938893903907228e-18,0.0
revocation,0.05,0.7,,ordered,0.5,45,19,False,0.11042153717179103,0.24895393319106113,0.0,0.5263157894736842,0.5072463768115942,False,True,0,5,0.6,10,28,0.2631578947368421,0.55,112,0.6,0.05,0.05000000000000001,6.938893903907228e-18,0.0
revocation,0.05,0.7,,ordered,0.5,45,20,False,0.12210186716455755,0.2554654498932959,0.0,0.5408163265306123,0.4930555555555556,False,True,0,5,0.6,12,28,0.3,0.4,124,0.6,0.05,0.05000000000000001,6.938893903907228e-18,0.0
revocation,0.05,0.7,,ordered,0.5,45,21,False,0.12014782894484674,0.24159908741997194,0.0,0.5436893203883495,0.4899328859060403,False,True,0,5,0.6,11,28,0.28205128205128205,0.55,135,0.6,0.05,0.05000000000000001,6.938893903907228e-18,0.0
revocation,0.05,0.7,,ordered,0.5,45,22,False,0.12939658599434933,0.24994931556497896,0.0,0.5462962962962963,0.4838709677419355,True,True,0,6,0.5,13,25,0.34210526315789475,0.45,146,0.7,0.05,0.05,0.0,0.0
revocation,0.05,0.7,,ordered,0.5,45,23,False,0.12919029663861914,0.2437119866737342,0.0,0.5625,0.47468354430379744,True,True,0,7,0.7,17,29,0.3695652173913043,0.55,160,0.7,0.05,0.05,0.0,0.0
revocation,0.05,0.7,,ordered,0.5,45,24,False,0.1459998653361072,0.25153399000530063,0.0,0.5677966101694916,0.46987951807228917,True,True,0,8,0.6,13,21,0.38235294117647056,0.6,172,0.8,0.05,0.05000000000000001,6.938893903907228e-18,0.0
revocation,0.05,0.7,,ordered,0.5,45,25,False,0.15235704185922327,0.2636504925039755,0.0,0.5772357723577236,0.4624277456647399,False,True,0,8,0.6,12,24,0.3333333333333333,0.45,184,0.8,0.05,0.05000000000000001,6.938893903907228e-18,0.0
revocation,0.05,0.7,,ordered,0.5,45,26,False,0.1464106385372746,0.2539878693779816,0.0,0.5736434108527132,0.46111111111111114,False,True,0,8,0.6,5,28,0.15151515151515152,0.45,189,0.8,0.05,0.05000000000000001,6.938893903907228e-18,0.0
revocation,0.05,0.7,,ordered,0.5,45,27,False,0.1419508360458131,0.24674090203348623,0.0,0.5801526717557252,0.45652173913043476,False,True,0,8,0.7,12,34,0.2608695652173913,0.4,201,0.8,0.05,0.05,0.0,0.0
revocation,0.05,0.7,,ordered,0.5,45,28,False,0.1350345556057884,0.23505567652511467,0.0,0.5703703703703704,0.4656084656084656,True,True,0,9,0.7,21,16,0.5675675675675675,0.8,222,0.8,0.05,0.05,0.0,0.0
revocation,0.05,0.7,,ordered,0.5,45,29,False,0.15841877384719846,0.27629175739383605,0.0,0.5531914893617021,0.46938775510204084,True,True,0,10,0.7,16,26,0.38095238095238093,0.75,238,0.8,0.05,0.05,0.0,0.0
revocation,0.05,0.7,,ordered,0.5,45,30,False,0.1723855089568274,0.300968818045377,0.0,0.5472972972972973,0.47058823529411764,False,True,0,10,0.7,17,24,0.4146341463414634,0.7,255,0.8,0.05,0.05,0.0,0.0
revocation,0.05,0.7,,ordered,0.5,45,31,False,0.17928913171762056,0.31322661353403275,0.0,0.5503355704697986,0.46153846153846156,False,True,0,10,0.9,18,26,0.4090909090909091,0.6,273,0.8,0.05,0.05,0.0,0.0
revocation,0.05,0.7,,ordered,0.5,45,32,False,0.19875256307392972,0.3099199601505246,0.0,0.5620915032679739,0.4528301886792453,False,True,0,10,0.9,23,19,0.5476190476190477,0.6,296,0.8,0.05,0.05,0.0,0.0
revocation,0.05,0.7,,ordered,0.5,45,33,False,0.21335013659116156,0.3074399701128934,0.0,0.5569620253164557,0.4520547945205479,True,True,0,11,0.8,24,18,0.5714285714285714,0.5,315,0.8,0.05,0.05,0.0,0.0
revocation,0.05,0.7,,ordered,0.5,45,34,False,0.2046554595862283,0.2930799775846701,0.0,0.546583850931677,0.45739910313901344,True,True,0,12,0.8,27,21,0.5625,0.4,342,0.8,0.05,0.05,0.0,0.0
revocation,0.05,0.7,,ordered,0.5,45,35,False,0.18920588040395694,0.2698099831885026,0.0,0.5333333333333333,0.462882096069869,True,True,0,13,0.9,31,17,0.6458333333333334,0.65,373,0.8,0.05,0.05,0.0,0.0
revocation,0.05,0.7,,ordered,0.5,45,36,False,0.21154726744582483,0.2836074873913769,0.0,0.5352941176470588,0.4576271186440678,False,True,0,13,0.9,25,11,0.6944444444444444,0.35,398,0.8,0.05,0.05,0.0,0.0
revocation,0.05,0.7,,ordered,0.5,45,37,False,0.19616045058436862,0.2564556155435327,0.0,0.5248618784530387,0.46747967479674796,True,True,0,14,0.9,27,8,0.7714285714285715,0.65,421,0.9,0.05,0.05,0.0,0.0
revocation,0.05,0.7,,ordered,0.5,45,38,False,0.21676319508113365,0.2735917116576495,0.0,0.5268817204301075,0.46613545816733065,False,True,0,14,0.9,27,17,0.6136363636363636,0.5,448,0.9,0.05,0.05,0.0,0.0
revocation,0.05,0.7,,ordered,0.5,45,39,False,0.21614382488227882,0.26769378374323716,0.0,0.520618556701031,0.46923076923076923,True,True,0,15,0.9,28,12,0.7,0.6,476,0.9,0.05,0.05,0.0,0.0
revocation,0.05,0.7,,ordered,0.5,46,0,False,0.0,0.0,0.0,0.0,1.0,False,True,0,0,0.1,0,0,0.0,0.0,0,0.0,0.05,0.05,0.0,0.0
revocation,0.05,0.7,,ordered,0.5,46,1,False,0.0,0.0,0.2,0.2,0.84,False,True,0,0,0.2,3,41,0.06818181818181818,0.0,3,0.0,0.05,0.05,0.0,0.0
revocation,0.05,0.7,,ordered,0.5,46,2,False,0.04642857142857143,0.05,0.4,0.4,0.7096774193548387,False,True,0,0,0.2,3,33,0.08333333333333333,0.0,6,0.0,0.05,0.05,0.0,0.0
revocation,0.05,0.7,,ordered,0.5,46,3,False,0.12767857142857145,0.1375,0.4117647058823529,0.4117647058823529,0.6666666666666666,False,True,0,0,0.3,2,41,0.046511627906976744,0.0,8,0.0,0.05,0.05000000000000001,6.938893903907228e-18,0.0
revocation,0.05,0.7,,ordered,0.5,46,4,False,0.18399422268907561,0.20606617647058822,0.5,0.5652173913043478,0.5581395348837209,False,True,0,0,0.5,3,29,0.09375,0.0,11,0.0,0.05,0.05,0.0,0.0
revocation,0.05,0.7,,ordered,0.5,46,5,False,0.2362099527310924,0.27954963235294117,0.45,0.5769230769230769,0.5208333333333334,False,True,0,0,0.7,9,34,0.20930232558139536,0.3,20,0.0,0.05,0.05,0.0,0.0
revocation,0.05,0.7,,ordered,0.5,46,6,False,0.27626460740546216,0.32216222426470587,0.25,0.53125,0.5178571428571429,True,True,0,1,0.3,26,18,0.5909090909090909,0.45,23,0.3,0.05,0.05000000000000001,6.938893903907228e-18,0.0
revocation,0.05,0.7,,ordered,0.5,46,7,False,0.27326988412552516,0.3291216681985294,0.25,0.5428571428571428,0.4838709677419355,False,True,0,1,0.4,9,36,0.2,0.5,32,0.3,0.05,0.05,0.0,0.0
revocation,0.05,0.7,,ordered,0.5,46,8,False,0.2763809845227153,0.34059125114889705,0.25,0.5405405405405406,0.4925373134328358,False,True,0,1,0.6,15,32,0.3191489361702128,0.7,47,0.3,0.05,0.05000000000000001,6.938893903907228e-18,0.0
revocation,0.05,0.7,,ordered,0.5,46,9,False,0.3019285955348936,0.37419343836167274,0.2,0.5714285714285714,0.4657534246575342,False,True,0,1,0.7,15,26,0.36585365853658536,0.7,62,0.3,0.05,0.05,0.0,0.0
revocation,0.05,0.7,,ordered,0.5,46,10,False,0.31216073236545594,0.39314507877125454,0.1,0.5918367346938775,0.4444444444444444,True,True,0,2,0.6,21,17,0.5526315789473685,0.6,58,0.5,0.05,0.05000000000000001,6.938893903907228e-18,0.0
revocation,0.05,0.7,,ordered,0.5,46,11,False,0.3037634064169491,0.3823588090784409,0.0,0.5849056603773585,0.4482758620689655,False,True,0,2,0.6,17,29,0.3695652173913043,0.4,75,0.5,0.05,0.05000000000000001,6.938893903907228e-18,0.0
revocation,0.05,0.7,,ordered,0.5,46,12,False,0.2635368405269975,0.33676910680883065,0.0,0.5925925925925926,0.43956043956043955,True,True,0,3,0.8,17,32,0.3469387755102041,0.45,88,0.6,0.05,0.05,0.0,0.0
revocation,0.05,0.7,,ordered,0.5,46,13,False,0.24586691610953387,0.30882683010662304,0.0,0.6071428571428571,0.43010752688172044,False,True,0,3,0.8,18,25,0.4186046511627907,0.5,106,0.6,0.05,0.05,0.0,0.0
revocation,0.05,0.7,,ordered,0.5,46,14,False,0.23797161565357897,0.2941201225799673,0.0,0.6271186440677966,0.4166666666666667,True,True,0,4,0.7,17,22,0.4358974358974359,0.35,119,0.6,0.05,0.05,0.0,0.0
revocation,0.05,0.7,,ordered,0.5,46,15,False,0.20347871174018423,0.2643400919349755,0.0,0.6212121212121212,0.4095238095238095,True,True,0,5,0.7,15,23,0.39473684210526316,0.5,133,0.6,0.05,0.05,0.0,0.0
revocation,0.05,0.7,,ordered,0.5,46,16,False,0.1972518909479953,0.26075506895123163,0.0,0.6086956521739131,0.4090909090909091,True,True,0,6,0.8,10,31,0.24390243902439024,0.6,142,0.6,0.05,0.05,0.0,0.0
revocation,0.05,0.7,,ordered,0.5,46,17,False,0.21222463249671078,0.2705663017134237,0.0,0.5866666666666667,0.4188034188034188,True,True,0,7,0.8,24,17,0.5853658536585366,0.45,160,0.7,0.05,0.05,0.0,0.0
revocation,0.05,0.7,,ordered,0.5,46,18,False,0.1993470458011045,0.2591747262850678,0.0,0.5974025974025974,0.4049586776859504,True,True,0,8,0.9,25,20,0.5555555555555556,0.6,182,0.7,0.05,0.05,0.0,0.0
revocation,0.05,0.7,,ordered,0.5,46,19,False,0.2245102843508284,0.26938104471380087,0.0,0.6,0.40310077519379844,True,True,0,9,0.9,25,14,0.6410256410256411,0.55,206,0.8,0.05,0.05,0.0,0.0
revocation,0.05,0.7,,ordered,0.5,46,20,False,0.2371327132631213,0.27078578353535065,0.0,0.6136363636363636,0.3939393939393939,False,True,0,9,0.9,15,23,0.39473684210526316,0.45,221,0.8,0.05,0.05,0.0,0.0
revocation,0.05,0.7,,ordered,0.5,46,21,False,0.23409953494734095,0.259339337651513,0.0,0.6111111111111112,0.39552238805970147,True,True,0,10,0.9,30,14,0.6818181818181818,0.4,250,0.9,0.05,0.05,0.0,0.0
revocation,0.05,0.7,,ordered,0.5,46,22,False,0.2184317940676486,0.24450450323863476,0.0,0.6224489795918368,0.3819444444444444,True,True,0,11,0.9,23,14,0.6216216216216216,0.5,270,1.0,0.05,0.05,0.0,0.0
revocation,0.05,0.7,,ordered,0.5,46,23,False,0.217395274122165,0.24587837742897606,0.0,0.6237623762376238,0.38,False,True,0,11,0.9,30,16,0.6521739130434783,0.5,300,1.0,0.05,0.05,0.0,0.0
revocation,0.05,0.7,,ordered,0.5,46,24,False,0.21661788416305233,0.24690878307173203,0.0,0.6146788990825688,0.391025641025641,True,True,0,12,0.9,26,15,0.6341463414634146,0.6,326,1.0,0.05,0.05,0.0,0.0
revocation,0.05,0.7,,ordered,0.5,46,25,False,0.22674912740800354,0.26018158730379903,0.0,0.6106194690265486,0.39375,True,True,0,13,1.0,33,12,0.7333333333333333,0.6,359,1.0,0.05,0.05,0.0,0.0
revocation,0.05,0.7,,ordered,0.5,46,26,False,0.24506184555600266,0.27013619047784926,0.0,0.5966386554621849,0.4036144578313253,True,True,0,14,1.0,26,7,0.7878787878787878,0.45,385,1.0,0.05,0.05,0.0,0.0
revocation,0.05,0.7,,ordered,0.5,46,27,False,0.240046384167002,0.258852142858387,0.0,0.6033057851239669,0.4,True,True,0,15,1.0,30,14,0.6818181818181818,0.4,415,1.0,0.05,0.05,0.0,0.0
revocation,0.05,0.7,,ordered,0.5,46,28,False,0.2300347881252515,0.24413910714379022,0.0,0.6031746031746031,0.4,True,True,0,16,1.0,23,14,0.6216216216216216,0.65,438,1.0,0.05,0.05,0.0,0.0
revocation,0.05,0.7,,ordered,0.5,46,29,False,0.2537760910939386,0.26435433035784267,0.0,0.5984848484848485,0.40331491712707185,True,True,0,17,1.0,27,12,0.6923076923076923,0.55,465,1.0,0.05,0.05,0.0,0.0
revocation,0.05,0.7,,ordered,0.5,46,30,False,0.25908206832045394,0.267015747768382,0.0,0.6029411764705882,0.39361702127659576,False,True,0,17,1.0,31,12,0.7209302325581395,0.5,496,1.0,0.05,0.05,0.0,0.0
revocation,0.05,0.7,,ordered,0.5,46,31,False,0.2568115512403405,0.26276181082628647,0.0,0.6028368794326241,0.3917525773195876,True,True,0,18,1.0,33,16,0.673469387755102,0.6,529,1.0,0.05,0.05,0.0,0.0
revocation,0.05,0.7,,ordered,0.5,46,32,False,0.26760866343025536,0.27207135811971483,0.0,0.5986394557823129,0.4,True,True,0,19,1.0,20,14,0.5882352941176471,0.6,549,1.0,0.05,0.05,0.0,0.0
revocation,0.05,0.7,,ordered,0.5,46,33,False,0.27570649757269156,0.2790535185897861,0.0,0.5947712418300654,0.4,True,True,0,20,1.0,37,7,0.8409090909090909,0.55,586,1.0,0.05,0.05,0.0,0.0
revocation,0.05,0.7,,ordered,0.5,46,34,False,0.27552987317951866,0.2780401389423396,0.0,0.5987261146496815,0.3952380952380952,True,True,0,21,1.0,29,8,0.7837837837837838,0.55,615,1.0,0.05,0.05,0.0,0.0
revocation,0.05,0.7,,ordered,0.5,46,35,False,0.275397404884639,0.2772801042067547,0.0,0.6024844720496895,0.39436619718309857,True,True,0,22,1.0,35,9,0.7954545454545454,0.45,650,1.0,0.05,0.05,0.0,0.0
revocation,0.05,0.7,,ordered,0.5,46,36,False,0.26279805366347925,0.26421007815506603,0.0,0.5975609756097561,0.39631336405529954,True,True,0,23,1.0,29,5,0.8529411764705882,0.45,679,1.0,0.05,0.05,0.0,0.0
revocation,0.05,0.7,,ordered,0.5,46,37,False,0.25334854024760944,0.25440755861629955,0.0,0.6047904191616766,0.39545454545454545,False,True,0,23,1.0,27,12,0.6923076923076923,0.5,706,1.0,0.05,0.05,0.0,0.0
revocation,0.05,0.7,,ordered,0.5,46,38,False,0.2525114051857071,0.2533056689622247,0.0,0.5953757225433526,0.39823008849557523,True,True,0,24,1.0,32,12,0.7272727272727273,0.45,738,1.0,0.05,0.05,0.0,0.0
revocation,0.05,0.7,,ordered,0.5,46,39,False,0.2456335538892803,0.2462292517216685,0.0,0.5888888888888889,0.4034334763948498,True,True,0,25,1.0,27,10,0.7297297297297297,0.65,765,1.0,0.05,0.05,0.0,0.0
revocation,0.05,0.7,,ordered,0.5,47,0,False,0.0,0.0,0.0,0.0,1.0,False,True,0,0,0.1,0,0,0.0,0.0,0,0.0,0.05,0.05,0.0,0.0
revocation,0.05,0.7,,ordered,0.5,47,1,False,0.0,0.0,0.18181818181818182,0.18181818181818182,0.8148148148148148,False,True,0,0,0.2,4,39,0.09302325581395349,1.0,4,0.0,0.05,0.05,0.0,0.0
revocation,0.05,0.7,,ordered,0.5,47,2,False,0.060064935064935064,0.14772727272727273,0.1875,0.1875,0.7878787878787878,True,True,0,1,0.1,12,28,0.3,0.7777777777777778,9,0.0,0.05,0.05,0.0,0.0
revocation,0.05,0.7,,ordered,0.5,47,3,False,0.10246437590187589,0.15767045454545456,0.2631578947368421,0.2631578947368421,0.675,False,True,0,1,0.1,2,35,0.05405405405405406,0.6363636363636364,11,0.0,0.05,0.05,0.0,0.0
revocation,0.05,0.7,,ordered,0.5,47,4,False,0.14930214385395305,0.2285031648724083,0.3,0.36363636363636365,0.5869565217391305,False,True,0,1,0.4,3,37,0.075,0.5,14,0.0,0.05,0.05,0.0,0.0
revocation,0.05,0.7,,ordered,0.5,47,5,False,0.1976908936047505,0.27137737365430625,0.25,0.375,0.56,True,True,0,2,0.0,16,27,0.37209302325581395,0.5789473684210527,19,0.3,0.05,0.05,0.0,0.0
revocation,0.05,0.7,,ordered,0.5,47,6,False,0.21076817020356287,0.26603303024072966,0.2,0.42857142857142855,0.5272727272727272,False,True,0,2,0.1,0,40,0.0,0.5789473684210527,19,0.3,0.05,0.05,0.0,0.0
revocation,0.05,0.7,,ordered,0.5,47,7,False,0.21484304494590525,0.24952477268054724,0.2,0.4666666666666667,0.5,False,True,0,2,0.3,2,40,0.047619047619047616,0.5,21,0.3,0.05,0.05000000000000001,6.938893903907228e-18,0.0
revocation,0.05,0.7,,ordered,0.5,47,8,False,0.22184656942371464,0.26735298120233997,0.1,0.47058823529411764,0.5,False,True,0,2,0.5,9,29,0.23684210526315788,0.45,30,0.3,0.05,0.05,0.0,0.0
revocation,0.05,0.7,,ordered,0.5,47,9,False,0.21013492706778597,0.269264735901755,0.05,0.4864864864864865,0.5,False,True,0,2,0.6,17,29,0.3695652173913043,0.65,47,0.3,0.05,0.05000000000000001,6.938893903907228e-18,0.0
revocation,0.05,0.7,,ordered,0.5,47,10,False,0.21295833815798235,0.28944855192631624,0.0,0.46153846153846156,0.5138888888888888,True,True,0,3,0.4,15,28,0.3488372093023256,0.75,48,0.5,0.05,0.05,0.0,0.0
revocation,0.05,0.7,,ordered,0.5,47,11,False,0.18650446790420103,0.300298212361678,0.0,0.4222222222222222,0.5384615384615384,False,True,0,3,0.5,15,25,0.375,0.95,63,0.5,0.05,0.05,0.0,0.0
revocation,0.05,0.7,,ordered,0.5,47,12,False,0.19077120807100792,0.34397365927125845,0.0,0.425531914893617,0.5301204819277109,True,True,0,4,0.6,15,31,0.32608695652173914,0.7,78,0.5,0.05,0.05000000000000001,6.938893903907228e-18,0.0
revocation,0.05,0.7,,ordered,0.5,47,13,False,0.19307840605325594,0.34548024445344383,0.0,0.4489795918367347,0.5232558139534884,False,True,0,4,0.7,22,21,0.5116279069767442,0.6,100,0.5,0.05,0.05,0.0,0.0
revocation,0.05,0.7,,ordered,0.5,47,14,False,0.18766594739708478,0.33411018334008286,0.0,0.4444444444444444,0.5274725274725275,True,True,0,5,0.7,17,20,0.4594594594594595,0.8,111,0.7,0.05,0.05,0.0,0.0
revocation,0.05,0.7,,ordered,0.5,47,15,False,0.19789231769067075,0.35058263750506213,0.0,0.4406779661016949,0.5257731958762887,False,True,0,5,0.7,16,25,0.3902439024390244,0.7,127,0.7,0.05,0.05,0.0,0.0
revocation,0.05,0.7,,ordered,0.5,47,16,False,0.19841923826800303,0.3504369781287966,0.0,0.4307692307692308,0.5339805825242718,False,True,0,5,0.8,24,21,0.5333333333333333,0.65,151,0.7,0.05,0.05,0.0,0.0
revocation,0.05,0.7,,ordered,0.5,47,17,False,0.20685014298671658,0.34407773359659743,0.0,0.4383561643835616,0.5267857142857143,True,True,0,6,0.7,17,22,0.4358974358974359,0.65,166,0.8,0.05,0.05,0.0,0.0
revocation,0.05,0.7,,ordered,0.5,47,18,False,0.20156617866860885,0.33930830019744807,0.0,0.4675324675324675,0.5130434782608696,True,True,0,7,0.7,29,22,0.5686274509803921,0.7,195,0.8,0.05,0.05,0.0,0.0
revocation,0.05,0.7,,ordered,0.5,47,19,False,0.20117463400145663,0.34198122514808604,0.0,0.47560975609756095,0.5041322314049587,False,True,0,7,0.9,19,21,0.475,0.65,214,0.8,0.05,0.05,0.0,0.0
revocation,0.05,0.7,,ordered,0.5,47,20,False,0.22052383264394962,0.3377359188610645,0.0,0.47191011235955055,0.5078125,True,True,0,8,0.9,21,9,0.7,0.55,231,0.8,0.05,0.05,0.0,0.0
revocation,0.05,0.7,,ordered,0.5,47,21,False,0.22432144591153366,0.32205193914579844,0.0,0.4787234042553192,0.5037593984962406,True,True,0,9,0.8,22,11,0.6666666666666666,0.7,246,0.8,0.05,0.05,0.0,0.0
revocation,0.05,0.7,,ordered,0.5,47,22,False,0.2307410844336502,0.3290389543593488,0.0,0.4803921568627451,0.5,True,True,0,10,0.8,19,24,0.4418604651162791,0.5,265,0.8,0.05,0.05,0.0,0.0
revocation,0.05,0.7,,ordered,0.5,47,23,False,0.2176986704680948,0.3092792157695116,0.0,0.4857142857142857,0.5,True,True,0,11,0.8,23,21,0.5227272727272727,0.65,288,0.8,0.05,0.05,0.0,0.0
revocation,0.05,0.7,,ordered,0.5,47,24,False,0.2213097171367854,0.3132094118271337,0.0,0.48623853211009177,0.4966887417218543,True,True,0,12,0.8,21,18,0.5384615384615384,0.6,309,0.8,0.05,0.05,0.0,0.0
revocation,0.05,0.7,,ordered,0.5,47,25,False,0.2195537164240176,0.30990705887035025,0.0,0.46956521739130436,0.5031446540880503,False,True,0,12,0.9,23,19,0.5476190476190477,0.65,332,0.8,0.05,0.05,0.0,0.0
revocation,0.05,0.7,,ordered,0.5,47,26,False,0.23430814446087034,0.31368029415276266,0.0,0.48760330578512395,0.4909090909090909,True,True,0,13,0.8,23,20,0.5348837209302325,0.6,354,0.9,0.05,0.05,0.0,0.0
revocation,0.05,0.7,,ordered,0.5,47,27,False,0.22930253691708133,0.310260220614572,0.0,0.49206349206349204,0.4853801169590643,True,True,0,14,0.8,21,23,0.4772727272727273,0.65,375,0.9,0.05,0.05,0.0,0.0
revocation,0.05,0.7,,ordered,0.5,47,28,False,0.23001261697352526,0.313945165460929,0.0,0.48854961832061067,0.4943820224719101,False,True,0,14,0.8,22,21,0.5116279069767442,0.75,397,0.9,0.05,0.05,0.0,0.0
revocation,0.05,0.7,,ordered,0.5,47,29,False,0.23947374844442967,0.32920887409569677,0.0,0.5,0.48633879781420764,True,True,0,15,0.8,16,26,0.38095238095238093,0.9,413,0.9,0.05,0.05,0.0,0.0
revocation,0.05,0.7,,ordered,0.5,47,30,False,0.2599624541904651,0.3594066555717726,0.0,0.5140845070422535,0.4639175257731959,False,True,0,15,0.8,15,23,0.39473684210526316,0.45,428,0.9,0.05,0.05,0.0,0.0
revocation,0.05,0.7,,ordered,0.5,47,31,False,0.2351504120714203,0.3258049916788295,0.0,0.5238095238095238,0.455,True,True,0,16,0.9,20,26,0.43478260869565216,0.7,448,0.9,0.05,0.05,0.0,0.0
revocation,0.05,0.7,,ordered,0.5,47,32,False,0.25136280905356523,0.33185374375912213,0.0,0.5302013422818792,0.45320197044334976,True,True,0,17,0.9,22,18,0.55,0.55,468,1.0,0.05,0.05,0.0,0.0
revocation,0.05,0.7,,ordered,0.5,47,33,False,0.24745067821874533,0.3176403078193416,0.0,0.5328947368421053,0.4519230769230769,True,True,0,18,0.9,27,20,0.574468085106383,0.6,495,1.0,0.05,0.05,0.0,0.0
revocation,0.05,0.7,,ordered,0.5,47,34,False,0.2498737229497733,0.3132302308645062,0.0,0.535483870967742,0.4460093896713615,True,True,0,19,0.9,22,21,0.5116279069767442,0.55,517,1.0,0.05,0.05,0.0,0.0
revocation,0.05,0.7,,ordered,0.5,47,35,False,0.2463338636409014,0.30367267314837965,0.0,0.5345911949685535,0.45161290322580644,True,True,0,20,0.9,21,19,0.525,0.45,538,1.0,0.05,0.05,0.0,0.0
revocation,0.05,0.7,,ordered,0.5,47,36,False,0.23296468344496174,0.28400450486128476,0.0,0.5212121212121212,0.4618834080717489,False,True,0,20,1.0,20,19,0.5128205128205128,0.75,558,1.0,0.05,0.05,0.0,0.0
revocation,0.05,0.7,,ordered,0.5,47,37,False,0.2684735125837213,0.3067533786459636,0.0,0.5116279069767442,0.46551724137931033,False,True,0,20,1.0,24,12,0.6666666666666666,0.5,582,1.0,0.05,0.05,0.0,0.0
revocation,0.05,0.7,,ordered,0.5,47,38,False,0.263855134437791,0.2925650339844727,0.0,0.519774011299435,0.461864406779661,True,True,0,21,1.0,32,11,0.7441860465116279,0.5,614,1.0,0.05,0.05,0.0,0.0
revocation,0.05,0.7,,ordered,0.5,47,39,False,0.26039135082834325,0.2819237754883545,0.0,0.5222222222222223,0.45454545454545453,True,True,0,22,1.0,31,14,0.6888888888888889,0.6,645,1.0,0.05,0.05,0.0,0.0
revocation,0.05,0.7,,ordered,0.5,48,0,False,0.0,0.0,0.0,0.0,1.0,False,True,0,0,0.0,0,0,0.0,0.0,0,0.0,0.05,0.05,0.0,0.0
revocation,0.05,0.7,,ordered,0.5,48,1,False,0.0,0.0,0.3333333333333333,0.3333333333333333,0.85,False,True,0,0,0.0,0,44,0.0,0.0,0,0.0,0.05,0.05,0.0,0.0
revocation,0.05,0.7,,ordered,0.5,48,2,False,0.08333333333333333,0.08333333333333333,0.4,0.4,0.7083333333333334,False,True,0,0,0.0,0,41,0.0,0.0,0,0.0,0.05,0.05,0.0,0.0
revocation,0.05,0.7,,ordered,0.5,48,3,False,0.1625,0.1625,0.5714285714285714,0.5714285714285714,0.5666666666666667,False,True,0,0,0.0,0,42,0.0,0.0,0,0.0,0.05,0.05,0.0,0.0
revocation,0.05,0.7,,ordered,0.5,48,4,False,0.26473214285714286,0.26473214285714286,0.6111111111111112,0.6111111111111112,0.5294117647058824,False,True,0,0,0.0,0,43,0.0,0.0,0,0.0,0.05,0.05,0.0,0.0
revocation,0.05,0.7,,ordered,0.5,48,5,False,0.3513268849206349,0.3513268849206349,0.6111111111111112,0.6111111111111112,0.5142857142857142,False,True,0,0,0.0,0,43,0.0,0.0,0,0.0,0.05,0.05,0.0,0.0
revocation,0.05,0.7,,ordered,0.5,48,6,False,0.41627294146825405,0.416272941468254,0.65,0.6666666666666666,0.4523809523809524,False,True,0,0,0.0,0,40,0.0,0.0,0,0.0,0.05,0.05,0.0,0.0
revocation,0.05,0.7,,ordered,0.5,48,7,False,0.47470470610119053,0.47470470610119053,0.65,0.6818181818181818,0.4222222222222222,False,True,0,0,0.1,0,48,0.0,0.0,0,0.0,0.05,0.05,0.0,0.0
revocation,0.05,0.7,,ordered,0.5,48,8,False,0.5185285295758929,0.5185285295758929,0.5,0.6296296296296297,0.44,True,True,0,1,0.1,6,31,0.16216216216216217,0.5,2,0.0,0.05,0.05,0.0,0.0
revocation,0.05,0.7,,ordered,0.5,48,9,False,0.5138963971819197,0.5138963971819197,0.4,0.6129032258064516,0.43636363636363634,False,True,0,1,0.2,1,42,0.023255813953488372,0.3333333333333333,3,0.0,0.05,0.05,0.0,0.0
revocation,0.05,0.7,,ordered,0.5,48,10,False,0.48423182169596357,0.48542229788643976,0.4,0.625,0.4067796610169492,False,True,0,1,0.2,0,43,0.0,0.3333333333333333,3,0.0,0.05,0.05,0.0,0.0
revocation,0.05,0.7,,ordered,0.5,48,11,False,0.46198339008149647,0.4640667234148298,0.4,0.6571428571428571,0.36363636363636365,False,True,0,1,0.3,5,39,0.11363636363636363,0.5,8,0.0,0.05,0.05000000000000001,6.938893903907228e-18,0.0
revocation,0.05,0.7,,ordered,0.5,48,12,False,0.45005897113255094,0.46055004256112236,0.4,0.6842105263157895,0.3380281690140845,False,True,0,1,0.3,5,37,0.11904761904761904,0.46153846153846156,13,0.0,0.05,0.05000000000000001,6.938893903907228e-18,0.0
revocation,0.05,0.7,,ordered,0.5,48,13,False,0.43974203054721533,0.45310483961314946,0.4,0.7142857142857143,0.34177215189873417,False,True,0,1,0.3,2,41,0.046511627906976744,0.4666666666666667,15,0.0,0.05,0.05000000000000001,6.938893903907228e-18,0.0
revocation,0.05,0.7,,ordered,0.5,48,14,False,0.43218747529136387,0.44816196304319544,0.4,0.7333333333333333,0.3333333333333333,True,True,0,2,0.1,5,37,0.11904761904761904,0.375,8,0.1,0.05,0.05,0.0,0.0
revocation,0.05,0.7,,ordered,0.5,48,15,False,0.4236941778970943,0.4361214722823966,0.25,0.7,0.33695652173913043,False,True,0,2,0.1,1,38,0.02564102564102564,0.3333333333333333,9,0.1,0.05,0.05,0.0,0.0
revocation,0.05,0.7,,ordered,0.5,48,16,False,0.381758728660916,0.39420332751908904,0.15,0.6851851851851852,0.336734693877551,True,True,0,3,0.1,3,48,0.058823529411764705,0.4166666666666667,12,0.1,0.05,0.05,0.0,0.0
revocation,0.05,0.7,,ordered,0.5,48,17,False,0.32858095125759174,0.36648582897265014,0.1,0.6896551724137931,0.3269230769230769,False,True,0,3,0.2,3,39,0.07142857142857142,0.3333333333333333,15,0.1,0.05,0.05,0.0,0.0
revocation,0.05,0.7,,ordered,0.5,48,18,False,0.27976904677652714,0.32903103839615433,0.05,0.6885245901639344,0.3302752293577982,False,True,0,3,0.2,3,39,0.07142857142857142,0.3888888888888889,18,0.1,0.05,0.05,0.0,0.0
revocation,0.05,0.7,,ordered,0.5,48,19,False,0.23442995968556996,0.3016343899082269,0.0,0.7014925373134329,0.3217391304347826,False,True,0,3,0.3,3,36,0.07692307692307693,0.35,21,0.1,0.05,0.05000000000000001,6.938893903907228e-18,0.0
revocation,0.05,0.7,,ordered,0.5,48,20,False,0.19457246976417747,0.26997579243117015,0.0,0.7142857142857143,0.31092436974789917,False,True,0,3,0.4,2,32,0.058823529411764705,0.35,23,0.1,0.05,0.05,0.0,0.0
revocation,0.05,0.7,,ordered,0.5,48,21,False,0.17092935232313308,0.24623184432337764,0.0,0.7297297297297297,0.304,True,True,0,4,0.7,5,27,0.15625,0.4,25,0.4,0.05,0.05,0.0,0.0
revocation,0.05,0.7,,ordered,0.5,48,22,False,0.16391129995663553,0.23467388324253324,0.0,0.7341772151898734,0.30303030303030304,False,True,0,4,0.8,17,24,0.4146341463414634,0.6,42,0.4,0.05,0.05,0.0,0.0
revocation,0.05,0.7,,ordered,0.5,48,23,False,0.17650490353890522,0.25100541243189994,0.0,0.7142857142857143,0.3115942028985507,True,True,0,5,0.6,22,24,0.4782608695652174,0.4,50,0.7,0.05,0.05000000000000001,6.938893903907228e-18,0.0
revocation,0.05,0.7,,ordered,0.5,48,24,False,0.16809296336846463,0.23825405932392496,0.0,0.7126436781609196,0.3120567375886525,True,True,0,6,0.5,21,23,0.4772727272727273,0.4,66,0.8,0.05,0.05,0.0,0.0
revocation,0.05,0.7,,ordered,0.5,48,25,False,0.15464115109777704,0.22869054449294374,0.0,0.7252747252747253,0.3103448275862069,True,True,0,7,0.6,9,30,0.23076923076923078,0.3,75,0.8,0.05,0.05000000000000001,6.938893903907228e-18,0.0
revocation,0.05,0.7,,ordered,0.5,48,26,False,0.14276657760904707,0.20901790836970782,0.0,0.7083333333333334,0.32,True,True,0,8,0.6,22,20,0.5238095238095238,0.35,97,0.8,0.05,0.05000000000000001,6.938893903907228e-18,0.0
revocation,0.05,0.7,,ordered,0.5,48,27,False,0.1383249332067853,0.20051343127728088,0.0,0.6923076923076923,0.3291139240506329,False,True,0,8,0.7,17,21,0.4473684210526316,0.45,114,0.8,0.05,0.05,0.0,0.0
revocation,0.05,0.7,,ordered,0.5,48,28,False,0.15195798561937468,0.20663507345796064,0.0,0.6875,0.3313253012048193,True,True,0,9,0.7,26,14,0.65,0.3,139,0.8,0.05,0.05,0.0,0.0
revocation,0.05,0.7,,ordered,0.5,48,29,False,0.14611134635738818,0.1924763050934705,0.0,0.6896551724137931,0.32748538011695905,False,True,0,9,0.9,21,20,0.5121951219512195,0.15,160,0.8,0.05,0.05,0.0,0.0
revocation,0.05,0.7,,ordered,0.5,48,30,False,0.12833350976804112,0.16310722882010287,0.0,0.696,0.3240223463687151,False,True,0,9,0.9,29,13,0.6904761904761905,0.5,189,0.8,0.05,0.05,0.0,0.0
revocation,0.05,0.7,,ordered,0.5,48,31,False,0.15875013232603083,0.18483042161507715,0.0,0.6764705882352942,0.3368421052631579,True,True,0,10,0.8,32,5,0.8648648648648649,0.3,216,0.9,0.05,0.05,0.0,0.0
revocation,0.05,0.7,,ordered,0.5,48,32,False,0.15120545638738028,0.17612281621130788,0.0,0.6571428571428571,0.3469387755102041,True,True,0,11,0.9,27,18,0.6,0.65,243,0.9,0.05,0.05,0.0,0.0
revocation,0.05,0.7,,ordered,0.5,48,33,False,0.19465409229053524,0.21334211215848092,0.0,0.6442953020134228,0.35784313725490197,False,True,0,11,0.9,29,13,0.6904761904761905,0.55,272,0.9,0.05,0.05,0.0,0.0
revocation,0.05,0.7,,ordered,0.5,48,34,False,0.2147405692179014,0.2287565841188607,0.0,0.6363636363636364,0.36363636363636365,True,True,0,12,0.8,23,15,0.6052631578947368,0.65,292,1.0,0.05,0.05,0.0,0.0
revocation,0.05,0.7,,ordered,0.5,48,35,False,0.2306982840562832,0.25281743808914553,0.0,0.6273291925465838,0.37037037037037035,True,True,0,13,0.9,26,16,0.6190476190476191,0.4,318,1.0,0.05,0.05,0.0,0.0
revocation,0.05,0.7,,ordered,0.5,48,36,False,0.21588085589935524,0.23961307856685915,0.0,0.6204819277108434,0.3738738738738739,True,True,0,14,1.0,25,11,0.6944444444444444,0.75,343,1.0,0.05,0.05,0.0,0.0
revocation,0.05,0.7,,ordered,0.5,48,37,False,0.25566064192451643,0.2734598089251444,0.0,0.6242774566473989,0.37280701754385964,True,True,0,15,1.0,31,10,0.7560975609756098,0.5,374,1.0,0.05,0.05,0.0,0.0
revocation,0.05,0.7,,ordered,0.5,48,38,False,0.2542454814433873,0.2675948566938583,0.0,0.6214689265536724,0.37339055793991416,True,True,0,16,1.0,28,14,0.6666666666666666,0.7,402,1.0,0.05,0.05,0.0,0.0
revocation,0.05,0.7,,ordered,0.5,48,39,False,0.2781841110825405,0.2881961425203937,0.0,0.6182795698924731,0.3775933609958506,False,True,0,16,1.0,31,8,0.7948717948717948,0.5,433,1.0,0.05,0.05,0.0,0.0
revocation,0.05,0.7,,ordered,0.5,49,0,False,0.0,0.0,0.0,0.0,1.0,False,True,0,0,0.1,0,0,0.0,0.0,0,0.0,0.05,0.05,0.0,0.0
revocation,0.05,0.7,,ordered,0.5,49,1,False,0.0,0.0,0.16666666666666666,0.16666666666666666,0.8076923076923077,False,True,0,0,0.2,4,42,0.08695652173913043,1.0,4,0.0,0.05,0.05,0.0,0.0
revocation,0.05,0.7,,ordered,0.5,49,2,False,0.05654761904761905,0.14583333333333334,0.2222222222222222,0.2222222222222222,0.696969696969697,False,True,0,0,0.2,14,30,0.3181818181818182,0.6111111111111112,18,0.0,0.05,0.05,0.0,0.0
revocation,0.05,0.7,,ordered,0.5,49,3,False,0.10491071428571429,0.21354166666666669,0.3,0.3,0.675,False,True,0,0,0.2,3,37,0.075,0.65,21,0.0,0.05,0.05,0.0,0.0
revocation,0.05,0.7,,ordered,0.5,49,4,False,0.1599330357142857,0.27890625,0.46153846153846156,0.46153846153846156,0.6041666666666666,True,True,0,1,0.0,7,31,0.18421052631578946,0.7894736842105263,19,0.1,0.05,0.05,0.0,0.0
revocation,0.05,0.7,,ordered,0.5,49,5,False,0.23533439217032967,0.3245643028846154,0.5,0.5,0.5882352941176471,False,True,0,1,0.0,0,42,0.0,0.7894736842105263,19,0.1,0.05,0.05,0.0,0.0
revocation,0.05,0.7,,ordered,0.5,49,6,False,0.3015007941277473,0.36842322716346154,0.5555555555555556,0.5555555555555556,0.5714285714285714,False,True,0,1,0.0,0,41,0.0,0.7894736842105263,19,0.1,0.05,0.05,0.0,0.0
revocation,0.05,0.7,,ordered,0.5,49,7,False,0.36501448448469936,0.41520630926148505,0.5,0.5454545454545454,0.546875,False,True,0,1,0.0,0,42,0.0,0.7894736842105263,19,0.1,0.05,0.05,0.0,0.0
revocation,0.05,0.7,,ordered,0.5,49,8,False,0.3987608633635245,0.4364047319461138,0.4,0.52,0.5362318840579711,False,True,0,1,0.0,0,42,0.0,0.7894736842105263,19,0.1,0.05,0.05,0.0,0.0
revocation,0.05,0.7,,ordered,0.5,49,9,False,0.3990706475226434,0.42730354895958533,0.3,0.5,0.52,False,True,0,1,0.1,0,45,0.0,0.7894736842105263,19,0.1,0.05,0.05,0.0,0.0
revocation,0.05,0.7,,ordered,0.5,49,10,False,0.38304358714574194,0.4566618722460048,0.2,0.5294117647058824,0.4939759036144578,False,True,0,1,0.3,1,34,0.02857142857142857,0.8,20,0.1,0.05,0.05000000000000001,6.938893903907228e-18,0.0
revocation,0.05,0.7,,ordered,0.5,49,11,False,0.3694255475021636,0.4674964041845036,0.2,0.5789473684210527,0.4659090909090909,False,True,0,1,0.3,8,34,0.19047619047619047,0.8,28,0.1,0.05,0.05000000000000001,6.938893903907228e-18,0.0
revocation,0.05,0.7,,ordered,0.5,49,12,False,0.35921201776947986,0.4756223031383777,0.2,0.6046511627906976,0.44680851063829785,True,True,0,2,0.1,12,28,0.3,0.7,33,0.1,0.05,0.05,0.0,0.0
revocation,0.05,0.7,,ordered,0.5,49,13,False,0.32833758475568126,0.4692167273537833,0.2,0.6304347826086957,0.43434343434343436,False,True,0,2,0.2,2,35,0.05405405405405406,0.7,35,0.1,0.05,0.05,0.0,0.0
revocation,0.05,0.7,,ordered,0.5,49,14,False,0.3051817599953324,0.46441254551533745,0.2,0.6382978723404256,0.4215686274509804,False,True,0,2,0.2,5,33,0.13157894736842105,0.7,40,0.1,0.05,0.05,0.0,0.0
revocation,0.05,0.7,,ordered,0.5,49,15,False,0.2878148914250707,0.4608094091365031,0.1,0.6346153846153846,0.4166666666666667,False,True,0,2,0.2,8,36,0.18181818181818182,0.7,48,0.1,0.05,0.05,0.0,0.0
revocation,0.05,0.7,,ordered,0.5,49,16,False,0.25157545428308875,0.4456070568523773,0.0,0.631578947368421,0.41228070175438597,False,True,0,2,0.2,6,37,0.13953488372093023,0.8,54,0.1,0.05,0.05,0.0,0.0
revocation,0.05,0.7,,ordered,0.5,49,17,False,0.2029673049980308,0.434205292639283,0.0,0.6271186440677966,0.4067796610169492,False,True,0,2,0.3,7,41,0.14583333333333334,0.8,61,0.1,0.05,0.05000000000000001,6.938893903907228e-18,0.0
revocation,0.05,0.7,,ordered,0.5,49,18,False,0.1807969073199517,0.4256539694794622,0.0,0.6190476190476191,0.408,False,True,0,2,0.3,11,26,0.2972972972972973,0.7,72,0.1,0.05,0.05000000000000001,6.938893903907228e-18,0.0
revocation,0.05,0.7,,ordered,0.5,49,19,False,0.16059768048996378,0.4067404771095967,0.0,0.6142857142857143,0.4090909090909091,False,True,0,2,0.3,11,31,0.2619047619047619,0.5,83,0.1,0.05,0.05000000000000001,6.938893903907228e-18,0.0
revocation,0.05,0.7,,ordered,0.5,49,20,False,0.13830540322461568,0.3675553578321975,0.0,0.625,0.4,True,True,0,3,0.2,19,24,0.4418604651162791,0.6,80,0.3,0.05,0.05,0.0,0.0
revocation,0.05,0.7,,ordered,0.5,49,21,False,0.1251576238470332,0.35066651837414814,0.0,0.64,0.38571428571428573,False,True,0,3,0.3,3,32,0.08571428571428572,0.5,83,0.3,0.05,0.05000000000000001,6.938893903907228e-18,0.0
revocation,0.05,0.7,,ordered,0.5,49,22,False,0.12065393217098917,0.3254998887806111,0.0,0.6582278481012658,0.3724137931034483,False,True,0,3,0.4,6,37,0.13953488372093023,0.35,89,0.3,0.05,0.05,0.0,0.0
revocation,0.05,0.7,,ordered,0.5,49,23,False,0.11549044912824188,0.28787491658545833,0.0,0.6705882352941176,0.3684210526315789,True,True,0,4,0.3,14,29,0.32558139534883723,0.2,98,0.5,0.05,0.05000000000000001,6.938893903907228e-18,0.0
revocation,0.05,0.7,,ordered,0.5,49,24,False,0.09376069398903855,0.24090618743909373,0.0,0.6741573033707865,0.35625,False,True,0,4,0.3,11,27,0.2894736842105263,0.5,109,0.5,0.05,0.05000000000000001,6.938893903907228e-18,0.0
revocation,0.05,0.7,,ordered,0.5,49,25,False,0.08817766334892177,0.2431796405793203,0.0,0.6458333333333334,0.36904761904761907,True,True,0,5,0.4,11,22,0.3333333333333333,0.55,120,0.5,0.05,0.05,0.0,0.0
revocation,0.05,0.7,,ordered,0.5,49,26,False,0.08577610465454846,0.2511347304344902,0.0,0.6336633663366337,0.375,True,True,0,6,0.5,16,26,0.38095238095238093,0.25,136,0.5,0.05,0.05,0.0,0.0
revocation,0.05,0.7,,ordered,0.5,49,27,False,0.07772493563376849,0.21960104782586765,0.0,0.6346153846153846,0.366120218579235,True,True,0,7,0.6,17,30,0.3617021276595745,0.3,153,0.5,0.05,0.05000000000000001,6.938893903907228e-18,0.0
revocation,0.05,0.7,,ordered,0.5,49,28,False,0.0797222731538978,0.20220078586940074,0.0,0.6160714285714286,0.38144329896907214,True,True,0,8,0.6,14,24,0.3684210526315789,0.6,167,0.6,0.05,0.05000000000000001,6.938893903907228e-18,0.0
revocation,0.05,0.7,,ordered,0.5,49,29,False,0.10264884772256622,0.22665058940205057,0.0,0.5887096774193549,0.3932038834951456,False,True,0,8,0.9,14,16,0.4666666666666667,0.55,181,0.6,0.05,0.05,0.0,0.0
revocation,0.05,0.7,,ordered,0.5,49,30,False,0.1359152072204961,0.23873794205153795,0.0,0.5813953488372093,0.3981042654028436,False,True,0,8,1.0,28,12,0.7,0.55,209,0.6,0.05,0.05,0.0,0.0
revocation,0.05,0.7,,ordered,0.5,49,31,False,0.17068640541537208,0.24780345653865346,0.0,0.5869565217391305,0.3918918918918919,True,True,0,9,0.7,24,12,0.6666666666666666,0.25,221,0.9,0.05,0.05,0.0,0.0
revocation,0.05,0.7,,ordered,0.5,49,32,False,0.15033623263295764,0.2171025924039901,0.0,0.5886524822695035,0.38596491228070173,False,True,0,9,0.8,19,26,0.4222222222222222,0.4,240,0.9,0.05,0.05,0.0,0.0
revocation,0.05,0.7,,ordered,0.5,49,33,False,0.1556093173318611,0.2128269443029926,0.0,0.5902777777777778,0.3852813852813853,True,True,0,10,0.8,19,28,0.40425531914893614,0.35,259,0.9,0.05,0.05,0.0,0.0
revocation,0.05,0.7,,ordered,0.5,49,34,False,0.15420698799889582,0.20337020822724444,0.0,0.6078431372549019,0.37344398340248963,False,True,0,10,0.9,13,14,0.48148148148148145,0.4,272,0.9,0.05,0.05,0.0,0.0
revocation,0.05,0.7,,ordered,0.5,49,35,False,0.15851238385631472,0.20252765617043333,0.0,0.59375,0.3815261044176707,True,True,0,11,0.9,24,13,0.6486486486486487,0.65,296,0.9,0.05,0.05,0.0,0.0
revocation,0.05,0.7,,ordered,0.5,49,36,False,0.18852714503509319,0.23314574212782502,0.0,0.592814371257485,0.3828125,True,True,0,12,1.0,26,13,0.6666666666666666,0.4,322,0.9,0.05,0.05,0.0,0.0
revocation,0.05,0.7,,ordered,0.5,49,37,False,0.1913953587763199,0.22485930659586878,0.0,0.5976331360946746,0.38076923076923075,True,True,0,13,0.9,34,8,0.8095238095238095,0.5,354,0.9,0.05,0.05,0.0,0.0
revocation,0.05,0.7,,ordered,0.5,49,38,False,0.1971179476536685,0.23114447994690157,0.0,0.6,0.37593984962406013,True,True,0,14,1.0,25,25,0.5,0.3,379,0.9,0.05,0.05,0.0,0.0
revocation,0.05,0.7,,ordered,0.5,49,39,False,0.18533846074025137,0.21085835996017618,0.0,0.5815217391304348,0.391304347826087,True,True,0,15,1.0,31,6,0.8378378378378378,0.55,410,0.9,0.05,0.05,0.0,0.0
revocation,0.05,0.7,,ordered,0.5,50,0,False,0.0,0.0,0.0,0.0,1.0,False,True,0,0,0.0,0,0,0.0,0.0,0,0.0,0.05,0.05,0.0,0.0
revocation,0.05,0.7,,ordered,0.5,50,1,False,0.0,0.0,0.21052631578947367,0.21052631578947367,0.8214285714285714,False,True,0,0,0.1,0,42,0.0,0.0,0,0.0,0.05,0.05,0.0,0.0
revocation,0.05,0.7,,ordered,0.5,50,2,False,0.05263157894736842,0.05263157894736842,0.25,0.34782608695652173,0.7058823529411765,False,True,0,0,0.1,2,44,0.043478260869565216,0.0,2,0.0,0.05,0.05,0.0,0.0
revocation,0.05,0.7,,ordered,0.5,50,3,False,0.0975093984962406,0.10197368421052631,0.25,0.4,0.6486486486486487,False,True,0,0,0.3,0,43,0.0,0.0,2,0.0,0.05,0.05000000000000001,6.938893903907228e-18,0.0
revocation,0.05,0.7,,ordered,0.5,50,4,False,0.12670347744360902,0.13898026315789475,0.15,0.43333333333333335,0.627906976744186,True,True,0,1,0.4,9,30,0.23076923076923078,0.6666666666666666,9,0.1,0.05,0.05,0.0,0.0
revocation,0.05,0.7,,ordered,0.5,50,5,False,0.1602061795112782,0.20631853070175438,0.1,0.4375,0.6,False,True,0,1,0.5,7,38,0.15555555555555556,0.375,16,0.1,0.05,0.05,0.0,0.0
revocation,0.05,0.7,,ordered,0.5,50,6,False,0.16479749177631578,0.2141138980263158,0.1,0.4375,0.5625,True,True,0,2,0.2,13,31,0.29545454545454547,0.35294117647058826,17,0.1,0.05,0.05,0.0,0.0
revocation,0.05,0.7,,ordered,0.5,50,7,False,0.15311492555492592,0.19413178151606036,0.05,0.4864864864864865,0.5283018867924528,False,True,0,2,0.4,2,38,0.05,0.3684210526315789,19,0.1,0.05,0.05,0.0,0.0
revocation,0.05,0.7,,ordered,0.5,50,8,False,0.13870837461732227,0.19790146771599265,0.0,0.4878048780487805,0.5081967213114754,False,True,0,2,0.5,8,30,0.21052631578947367,0.35,27,0.1,0.05,0.05,0.0,0.0
revocation,0.05,0.7,,ordered,0.5,50,9,False,0.12278128096299169,0.19217610078699449,0.0,0.4791666666666667,0.5072463768115942,False,True,0,2,0.5,11,26,0.2972972972972973,0.4,38,0.1,0.05,0.05,0.0,0.0
revocation,0.05,0.7,,ordered,0.5,50,10,False,0.11351453215081521,0.19413207559024587,0.0,0.48,0.5,False,True,0,2,0.5,9,35,0.20454545454545456,0.4,47,0.1,0.05,0.05,0.0,0.0
revocation,0.05,0.7,,ordered,0.5,50,11,False,0.10656447054168283,0.1955990566926844,0.0,0.4716981132075472,0.5064935064935064,True,True,0,3,0.4,7,31,0.18421052631578946,0.35,43,0.2,0.05,0.05,0.0,0.0
revocation,0.05,0.7,,ordered,0.5,50,12,False,0.09867335290626213,0.1904492925195133,0.0,0.48333333333333334,0.4883720930232558,True,True,0,4,0.4,6,33,0.15384615384615385,0.25,48,0.3,0.05,0.05,0.0,0.0
revocation,0.05,0.7,,ordered,0.5,50,13,False,0.08739787182255374,0.17408696938963497,0.0,0.5076923076923077,0.4631578947368421,False,True,0,4,0.7,3,32,0.08571428571428572,0.3,51,0.3,0.05,0.05,0.0,0.0
revocation,0.05,0.7,,ordered,0.5,50,14,False,0.09233411815262958,0.16806522704222623,0.0,0.5072463768115942,0.45544554455445546,True,True,0,5,0.6,22,22,0.5,0.4,66,0.7,0.05,0.05000000000000001,6.938893903907228e-18,0.0
revocation,0.05,0.7,,ordered,0.5,50,15,False,0.09782201718590076,0.17604892028166969,0.0,0.5277777777777778,0.4339622641509434,True,True,0,6,0.6,15,29,0.3409090909090909,0.25,81,0.8,0.05,0.05000000000000001,6.938893903907228e-18,0.0
revocation,0.05,0.7,,ordered,0.5,50,16,False,0.09122365574656843,0.16328669021125225,0.0,0.5466666666666666,0.42201834862385323,True,True,0,7,0.6,12,27,0.3076923076923077,0.55,93,0.8,0.05,0.05000000000000001,6.938893903907228e-18,0.0
revocation,0.05,0.7,,ordered,0.5,50,17,False,0.10770345609564061,0.19121501765843918,0.0,0.5443037974683544,0.42105263157894735,False,True,0,7,0.6,16,26,0.38095238095238093,0.45,109,0.8,0.05,0.05000000000000001,6.938893903907228e-18,0.0
revocation,0.05,0.7,,ordered,0.5,50,18,False,0.11292044921458759,0.19966126324382938,0.0,0.5421686746987951,0.423728813559322,False,True,0,7,0.7,15,25,0.375,0.5,124,0.8,0.05,0.05,0.0,0.0
revocation,0.05,0.7,,ordered,0.5,50,19,False,0.12040462262522642,0.21224594743287203,0.0,0.5517241379310345,0.4112903225806452,True,True,0,8,0.7,18,16,0.5294117647058824,0.55,139,0.8,0.05,0.05,0.0,0.0
revocation,0.05,0.7,,ordered,0.5,50,20,False,0.13941060982606265,0.22793446057465402,0.0,0.5604395604395604,0.4122137404580153,True,True,0,9,0.7,10,26,0.2777777777777778,0.5,149,0.9,0.05,0.05,0.0,0.0
revocation,0.05,0.7,,ordered,0.5,50,21,False,0.14920081451240416,0.2334508454309905,0.0,0.5789473684210527,0.39705882352941174,False,True,0,9,0.8,20,22,0.47619047619047616,0.4,169,0.9,0.05,0.05,0.0,0.0
revocation,0.05,0.7,,ordered,0.5,50,22,False,0.15475775374144596,0.2250881340732429,0.0,0.5959595959595959,0.3829787234042553,True,True,0,10,0.9,15,27,0.35714285714285715,0.35,184,0.9,0.05,0.05,0.0,0.0
revocation,0.05,0.7,,ordered,0.5,50,23,False,0.15981831530608445,0.2125661005549322,0.0,0.6095238095238096,0.3691275167785235,False,True,0,10,0.9,22,18,0.55,0.15,206,0.9,0.05,0.05,0.0,0.0
revocation,0.05,0.7,,ordered,0.5,50,24,False,0.13861373647956335,0.17817457541619913,0.0,0.6126126126126126,0.36538461538461536,True,True,0,11,0.9,24,14,0.631578947368421,0.4,230,0.9,0.05,0.05,0.0,0.0
revocation,0.05,0.7,,ordered,0.5,50,25,False,0.1539603023596725,0.18363093156214932,0.0,0.6271186440677966,0.3597560975609756,False,True,0,11,0.9,25,16,0.6097560975609756,0.2,255,0.9,0.05,0.05,0.0,0.0
revocation,0.05,0.7,,ordered,0.5,50,26,False,0.14047022676975437,0.16272319867161197,0.0,0.6260162601626016,0.35502958579881655,True,True,0,12,0.9,19,23,0.4523809523809524,0.3,274,0.9,0.05,0.05,0.0,0.0
revocation,0.05,0.7,,ordered,0.5,50,27,False,0.14285267007731578,0.15954239900370898,0.0,0.6259541984732825,0.3539325842696629,True,True,0,13,1.0,28,15,0.6511627906976745,0.25,302,0.9,0.05,0.05,0.0,0.0
revocation,0.05,0.7,,ordered,0.5,50,28,False,0.13838950255798682,0.15090679925278172,0.0,0.6304347826086957,0.3548387096774194,True,True,0,14,0.9,37,11,0.7708333333333334,0.5,335,1.0,0.05,0.05,0.0,0.0
revocation,0.05,0.7,,ordered,0.5,50,29,False,0.1662921269184901,0.1756800994395863,0.0,0.6275862068965518,0.3556701030927835,True,True,0,15,1.0,15,18,0.45454545454545453,0.35,350,1.0,0.05,0.05,0.0,0.0
revocation,0.05,0.7,,ordered,0.5,50,30,False,0.1684690951888676,0.1755100745796897,0.0,0.6339869281045751,0.35323383084577115,True,True,0,16,1.0,25,15,0.625,0.45,375,1.0,0.05,0.05,0.0,0.0
revocation,0.05,0.7,,ordered,0.5,50,31,False,0.18260182139165068,0.18788255593476727,0.0,0.6282051282051282,0.35436893203883496,False,True,0,16,1.0,34,13,0.723404255319149,0.45,409,1.0,0.05,0.05,0.0,0.0
revocation,0.05,0.7,,ordered,0.5,50,32,False,0.193201366043738,0.19716191695107546,0.0,0.625,0.35545023696682465,False,True,0,16,1.0,29,18,0.6170212765957447,0.5,438,1.0,0.05,0.05,0.0,0.0
revocation,0.05,0.7,,ordered,0.5,50,33,False,0.2074010245328035,0.2103714377133066,0.0,0.6280487804878049,0.35185185185185186,True,True,0,17,1.0,30,14,0.6818181818181818,0.5,468,1.0,0.05,0.05,0.0,0.0
revocation,0.05,0.7,,ordered,0.5,50,34,False,0.21805076839960263,0.22027857828497996,0.0,0.611764705882353,0.3632286995515695,True,True,0,18,1.0,28,13,0.6829268292682927,0.5,496,1.0,0.05,0.05,0.0,0.0
revocation,0.05,0.7,,ordered,0.5,50,35,False,0.226038076299702,0.22770893371373496,0.0,0.6114285714285714,0.36403508771929827,True,True,0,19,1.0,29,15,0.6590909090909091,0.55,525,1.0,0.05,0.05,0.0,0.0
revocation,0.05,0.7,,ordered,0.5,50,36,False,0.2382785572247765,0.2395317002853012,0.0,0.592391304347826,0.379746835443038,True,True,0,20,1.0,28,7,0.8,0.5,553,1.0,0.05,0.05,0.0,0.0
revocation,0.05,0.7,,ordered,0.5,50,37,False,0.24120891791858237,0.2421487752139759,0.0,0.5945945945945946,0.37344398340248963,True,True,0,21,1.0,36,12,0.75,0.55,589,1.0,0.05,0.05,0.0,0.0
revocation,0.05,0.7,,ordered,0.5,50,38,False,0.2496566884389368,0.2503615814104819,0.0,0.59375,0.375,True,True,0,22,1.0,26,17,0.6046511627906976,0.5,615,1.0,0.05,0.05,0.0,0.0
revocation,0.05,0.7,,ordered,0.5,50,39,False,0.24974251632920258,0.25027118605786147,0.0,0.582089552238806,0.3852140077821012,True,True,0,23,1.0,30,9,0.7692307692307693,0.55,645,1.0,0.05,0.05,0.0,0.0
revocation,0.05,0.7,,ordered,0.5,51,0,False,0.0,0.0,0.0,0.0,1.0,False,True,0,0,0.0,0,0,0.0,0.0,0,0.0,0.05,0.05,0.0,0.0
revocation,0.05,0.7,,ordered,0.5,51,1,False,0.0,0.0,0.14285714285714285,0.14285714285714285,0.8709677419354839,False,True,0,0,0.2,0,45,0.0,0.0,0,0.0,0.05,0.05,0.0,0.0
revocation,0.05,0.7,,ordered,0.5,51,2,False,0.03571428571428571,0.03571428571428571,0.2777777777777778,0.2777777777777778,0.7777777777777778,False,True,0,0,0.3,4,34,0.10526315789473684,0.0,4,0.0,0.05,0.05000000000000001,6.938893903907228e-18,0.0
revocation,0.05,0.7,,ordered,0.5,51,3,False,0.08630952380952382,0.09623015873015874,0.2,0.3333333333333333,0.7209302325581395,True,True,0,1,0.0,11,33,0.25,0.5714285714285714,7,0.2,0.05,0.05,0.0,0.0
revocation,0.05,0.7,,ordered,0.5,51,4,False,0.11473214285714287,0.12217261904761906,0.15,0.39285714285714285,0.6666666666666666,False,True,0,1,0.0,0,41,0.0,0.5714285714285714,7,0.2,0.05,0.05,0.0,0.0
revocation,0.05,0.7,,ordered,0.5,51,5,False,0.12354910714285715,0.12912946428571428,0.15,0.41379310344827586,0.6481481481481481,False,True,0,1,0.0,0,40,0.0,0.5714285714285714,7,0.2,0.05,0.05,0.0,0.0
revocation,0.05,0.7,,ordered,0.5,51,6,False,0.13016183035714288,0.13434709821428573,0.15,0.46875,0.6101694915254238,False,True,0,1,0.0,0,41,0.0,0.5714285714285714,7,0.2,0.05,0.05,0.0,0.0
revocation,0.05,0.7,,ordered,0.5,51,7,False,0.13512137276785716,0.1382603236607143,0.05,0.45714285714285713,0.59375,False,True,0,1,0.1,0,42,0.0,0.5714285714285714,7,0.2,0.05,0.05,0.0,0.0
revocation,0.05,0.7,,ordered,0.5,51,8,False,0.12315225406568879,0.18137381417410717,0.05,0.525,0.5492957746478874,True,True,0,2,0.0,9,29,0.23684210526315788,0.45454545454545453,11,0.3,0.05,0.05,0.0,0.0
revocation,0.05,0.7,,ordered,0.5,51,9,False,0.10486419054926659,0.1485303606305804,0.05,0.5227272727272727,0.5189873417721519,False,True,0,2,0.1,0,45,0.0,0.45454545454545453,11,0.3,0.05,0.05,0.0,0.0
revocation,0.05,0.7,,ordered,0.5,51,10,False,0.09837216888597591,0.1331681486848113,0.0,0.5510204081632653,0.4883720930232558,False,True,0,2,0.3,4,38,0.09523809523809523,0.4,15,0.3,0.05,0.05000000000000001,6.938893903907228e-18,0.0
revocation,0.05,0.7,,ordered,0.5,51,11,False,0.08806484095019622,0.14987611151360847,0.0,0.5283018867924528,0.48936170212765956,False,True,0,2,0.4,9,35,0.20454545454545456,0.6,24,0.3,0.05,0.05,0.0,0.0
revocation,0.05,0.7,,ordered,0.5,51,12,False,0.09819148785550433,0.18740708363520636,0.0,0.5272727272727272,0.4895833333333333,False,True,0,2,0.4,16,22,0.42105263157894735,0.4,40,0.3,0.05,0.05,0.0,0.0
revocation,0.05,0.7,,ordered,0.5,51,13,False,0.09507218732019966,0.19055531272640475,0.0,0.55,0.46153846153846156,True,True,0,3,0.3,18,23,0.43902439024390244,0.4,49,0.3,0.05,0.05000000000000001,6.938893903907228e-18,0.0
revocation,0.05,0.7,,ordered,0.5,51,14,False,0.08558985477586403,0.19291648454480353,0.0,0.546875,0.45871559633027525,False,True,0,3,0.4,14,27,0.34146341463414637,0.3,63,0.3,0.05,0.05,0.0,0.0
revocation,0.05,0.7,,ordered,0.5,51,15,False,0.07490667679618375,0.18218736340860267,0.0,0.5416666666666666,0.453781512605042,True,True,0,4,0.3,19,16,0.5428571428571428,0.3,79,0.5,0.05,0.05000000000000001,6.938893903907228e-18,0.0
revocation,0.05,0.7,,ordered,0.5,51,16,False,0.06689429331142352,0.17414052255645202,0.0,0.5405405405405406,0.45081967213114754,True,True,0,5,0.3,6,31,0.16216216216216217,0.3,85,0.5,0.05,0.05000000000000001,6.938893903907228e-18,0.0
revocation,0.05,0.7,,ordered,0.5,51,17,False,0.06088500569785336,0.168105391917339,0.0,0.5384615384615384,0.4418604651162791,True,True,0,6,0.4,12,35,0.2553191489361702,0.45,97,0.5,0.05,0.05,0.0,0.0
revocation,0.05,0.7,,ordered,0.5,51,18,False,0.06977089713053287,0.18232904393800425,0.0,0.5487804878048781,0.43703703703703706,True,True,0,7,0.4,12,31,0.27906976744186046,0.35,108,0.6,0.05,0.05,0.0,0.0
revocation,0.05,0.7,,ordered,0.5,51,19,False,0.06482817284789964,0.1804967829535032,0.0,0.5617977528089888,0.4236111111111111,False,True,0,7,0.4,14,20,0.4117647058823529,0.3,122,0.6,0.05,0.05,0.0,0.0
revocation,0.05,0.7,,ordered,0.5,51,20,False,0.05933541535021046,0.1728725872151274,0.0,0.5789473684210527,0.4105960264900662,True,True,0,8,0.4,18,20,0.47368421052631576,0.4,140,0.6,0.05,0.05,0.0,0.0
revocation,0.05,0.7,,ordered,0.5,51,21,False,0.058787275798372125,0.17965444041134554,0.0,0.5643564356435643,0.42138364779874216,True,True,0,9,0.5,15,23,0.39473684210526316,0.5,155,0.6,0.05,0.05,0.0,0.0
revocation,0.05,0.7,,ordered,0.5,51,22,False,0.07087617113449338,0.19724083030850914,0.0,0.5754716981132075,0.41818181818181815,True,True,0,10,0.6,16,21,0.43243243243243246,0.4,171,0.6,0.05,0.05000000000000001,6.938893903907228e-18,0.0
revocation,0.05,0.7,,ordered,0.5,51,23,False,0.0817285569222986,0.19793062273138184,0.0,0.5855855855855856,0.4093567251461988,True,True,0,11,0.5,23,23,0.5,0.45,190,0.7,0.05,0.05,0.0,0.0
revocation,0.05,0.7,,ordered,0.5,51,24,False,0.0854035605488668,0.20469796704853638,0.0,0.576271186440678,0.4111111111111111,False,True,0,11,0.6,15,22,0.40540540540540543,0.45,205,0.7,0.05,0.05000000000000001,6.938893903907228e-18,0.0
revocation,0.05,0.7,,ordered,0.5,51,25,False,0.09619552755450725,0.20977347528640228,0.0,0.584,0.40641711229946526,True,True,0,12,0.6,18,24,0.42857142857142855,0.4,222,0.8,0.05,0.05000000000000001,6.938893903907228e-18,0.0
revocation,0.05,0.7,,ordered,0.5,51,26,False,0.09357521709445187,0.2073301064648017,0.0,0.5813953488372093,0.4072164948453608,False,True,0,12,0.6,22,25,0.46808510638297873,0.55,244,0.8,0.05,0.05000000000000001,6.938893903907228e-18,0.0
revocation,0.05,0.7,,ordered,0.5,51,27,False,0.09964569853512462,0.2242475798486013,0.0,0.5766423357664233,0.41089108910891087,True,True,0,13,0.6,23,15,0.6052631578947368,0.5,267,0.8,0.05,0.05000000000000001,6.938893903907228e-18,0.0
revocation,0.05,0.7,,ordered,0.5,51,28,False,0.10151998818705775,0.23068568488645097,0.0,0.5704225352112676,0.41545893719806765,False,True,0,13,0.6,25,20,0.5555555555555556,0.6,292,0.8,0.05,0.05000000000000001,6.938893903907228e-18,0.0
revocation,0.05,0.7,,ordered,0.5,51,29,False,0.10828284828315046,0.24801426366483825,0.0,0.5490196078431373,0.4292237442922374,True,True,0,14,0.8,26,7,0.7878787878787878,0.65,318,0.8,0.05,0.05,0.0,0.0
revocation,0.05,0.7,,ordered,0.5,51,30,False,0.13924785049807714,0.2672606977486287,0.0,0.54375,0.43555555555555553,True,True,0,15,0.8,30,12,0.7142857142857143,0.55,347,0.8,0.05,0.05,0.0,0.0
revocation,0.05,0.7,,ordered,0.5,51,31,False,0.1535430307307007,0.26919552331147156,0.0,0.5411764705882353,0.4406779661016949,True,True,0,16,0.7,24,11,0.6857142857142857,0.75,370,0.9,0.05,0.05,0.0,0.0
revocation,0.05,0.7,,ordered,0.5,51,32,False,0.16872870161945408,0.29564664248360367,0.0,0.5363128491620112,0.44081632653061226,True,True,0,17,0.8,24,18,0.5714285714285714,0.5,394,0.9,0.05,0.05,0.0,0.0
revocation,0.05,0.7,,ordered,0.5,51,33,False,0.17118938335744774,0.28423498186270274,0.0,0.5271739130434783,0.452,True,True,0,18,0.9,34,15,0.6938775510204082,0.6,428,0.9,0.05,0.05,0.0,0.0
revocation,0.05,0.7,,ordered,0.5,51,34,False,0.19267775180380006,0.28817623639702705,0.0,0.521505376344086,0.4549019607843137,True,True,0,19,1.0,31,14,0.6888888888888889,0.5,459,0.9,0.05,0.05,0.0,0.0
revocation,0.05,0.7,,ordered,0.5,51,35,False,0.20700831385285004,0.2786321772977703,0.0,0.5263157894736842,0.45,True,True,0,20,0.9,34,8,0.8095238095238095,0.45,491,0.9,0.05,0.05,0.0,0.0
revocation,0.05,0.7,,ordered,0.5,51,36,False,0.20347052110392325,0.26522413297332775,0.0,0.52,0.458955223880597,True,True,0,21,1.0,24,9,0.7272727272727273,0.6,515,0.9,0.05,0.05,0.0,0.0
revocation,0.05,0.7,,ordered,0.5,51,37,False,0.22760289082794244,0.2739180997299958,0.0,0.5194174757281553,0.4581818181818182,False,True,0,21,1.0,27,8,0.7714285714285715,0.6,542,0.9,0.05,0.05,0.0,0.0
revocation,0.05,0.7,,ordered,0.5,51,38,False,0.24570216812095683,0.28043857479749684,0.0,0.5235849056603774,0.45714285714285713,True,True,0,22,1.0,34,12,0.7391304347826086,0.45,572,0.9,0.05,0.05,0.0,0.0
revocation,0.05,0.7,,ordered,0.5,51,39,False,0.24052662609071765,0.26657893109812264,0.0,0.5253456221198156,0.4564459930313589,False,True,0,22,1.0,25,17,0.5952380952380952,0.55,597,0.9,0.05,0.05,0.0,0.0
revocation,0.05,0.7,,random,0.0,42,0,False,0.0,0.0,0.0,0.0,1.0,False,True,0,0,0.1,0,0,0.0,0.0,0,0.0,0.05,0.05,0.0,0.0
revocation,0.05,0.7,,random,0.0,42,1,False,0.0,0.0,0.42857142857142855,0.42857142857142855,0.8181818181818182,False,True,0,0,0.5,4,48,0.07692307692307693,0.0,4,0.0,0.05,0.05,0.0,0.0
revocation,0.05,0.7,,random,0.0,42,2,False,0.06887755102040816,0.10714285714285714,0.5,0.5,0.7407407407407407,False,True,0,0,0.5,16,26,0.38095238095238093,0.0,20,0.0,0.05,0.05,0.0,0.0
revocation,0.05,0.7,,random,0.0,42,3,False,0.13201530612244897,0.20535714285714285,0.6666666666666666,0.6666666666666666,0.5882352941176471,True,True,0,1,0.0,12,26,0.3157894736842105,0.0,12,0.0,0.05,0.05,0.0,0.0
revocation,0.05,0.7,,random,0.0,42,4,False,0.2656781462585034,0.32068452380952384,0.6875,0.6875,0.5714285714285714,False,True,0,1,0.0,0,41,0.0,0.0,12,0.0,0.05,0.05,0.0,0.0
revocation,0.05,0.7,,random,0.0,42,5,False,0.37113360969387754,0.4123883928571429,0.6,0.6521739130434783,0.5454545454545454,False,True,0,1,0.0,0,36,0.0,0.0,12,0.0,0.05,0.05,0.0,0.0
revocation,0.05,0.7,,random,0.0,42,6,False,0.4283502072704081,0.45929129464285723,0.55,0.64,0.5531914893617021,False,True,0,1,0.1,0,46,0.0,0.0,12,0.0,0.05,0.05,0.0,0.0
revocation,0.05,0.7,,random,0.0,42,7,False,0.44894122688137755,0.48196847098214296,0.55,0.6896551724137931,0.5,False,True,0,1,0.2,1,36,0.02702702702702703,0.0,13,0.0,0.05,0.05,0.0,0.0
revocation,0.05,0.7,,random,0.0,42,8,False,0.454563063018176,0.4989763532366072,0.5,0.696969696969697,0.45901639344262296,False,True,0,1,0.3,11,36,0.23404255319148937,0.2,24,0.0,0.05,0.05000000000000001,6.938893903907228e-18,0.0
revocation,0.05,0.7,,random,0.0,42,9,False,0.4498508686922035,0.4992322649274554,0.5,0.7222222222222222,0.4307692307692308,True,True,0,2,0.0,13,27,0.325,0.125,16,0.0,0.05,0.05,0.0,0.0
revocation,0.05,0.7,,random,0.0,42,10,False,0.4623881515191526,0.49942419869559157,0.5,0.7368421052631579,0.4117647058823529,False,True,0,2,0.0,0,45,0.0,0.125,16,0.0,0.05,0.05,0.0,0.0
revocation,0.05,0.7,,random,0.0,42,11,False,0.4717911136393644,0.49956814902169366,0.45,0.7380952380952381,0.3972602739726027,False,True,0,2,0.0,0,39,0.0,0.125,16,0.0,0.05,0.05,0.0,0.0
revocation,0.05,0.7,,random,0.0,42,12,False,0.4663433352295233,0.48717611176627024,0.4,0.7391304347826086,0.38461538461538464,False,True,0,2,0.2,0,40,0.0,0.125,16,0.0,0.05,0.05,0.0,0.0
revocation,0.05,0.7,,random,0.0,42,13,False,0.44484678713642817,0.4653820838247027,0.4,0.76,0.36470588235294116,False,True,0,2,0.3,2,36,0.05263157894736842,0.16666666666666666,18,0.0,0.05,0.05000000000000001,6.938893903907228e-18,0.0
revocation,0.05,0.7,,random,0.0,42,14,False,0.42946842368565447,0.449036562868527,0.35,0.7592592592592593,0.35555555555555557,False,True,0,2,0.3,5,38,0.11627906976744186,0.35,23,0.0,0.05,0.05000000000000001,6.938893903907228e-18,0.0
revocation,0.05,0.7,,random,0.0,42,15,False,0.40960131776424086,0.4242774221513953,0.35,0.7678571428571429,0.34408602150537637,True,True,0,3,0.0,11,38,0.22448979591836735,0.5,14,0.0,0.05,0.05,0.0,0.0
revocation,0.05,0.7,,random,0.0,42,16,False,0.3947009883231806,0.4057080666135465,0.25,0.7692307692307693,0.33653846153846156,False,True,0,3,0.0,0,32,0.0,0.5,14,0.0,0.05,0.05,0.0,0.0
revocation,0.05,0.7,,random,0.0,42,17,False,0.35852574124238545,0.3667810499601599,0.2,0.7647058823529411,0.3302752293577982,False,True,0,3,0.0,0,44,0.0,0.5,14,0.0,0.05,0.05,0.0,0.0
revocation,0.05,0.7,,random,0.0,42,18,False,0.3188943059317891,0.3250857874701199,0.2,0.7647058823529411,0.32727272727272727,False,True,0,3,0.2,0,49,0.0,0.5,14,0.0,0.05,0.05,0.0,0.0
revocation,0.05,0.7,,random,0.0,42,19,False,0.2945278723059847,0.3302852347881915,0.15,0.7638888888888888,0.31896551724137934,False,True,0,3,0.5,7,31,0.18421052631578946,0.6,21,0.0,0.05,0.05,0.0,0.0
revocation,0.05,0.7,,random,0.0,42,20,False,0.27446733280091706,0.3414639260911436,0.1,0.7567567567567568,0.31666666666666665,True,True,0,4,0.0,19,26,0.4222222222222222,0.65,20,0.0,0.05,0.05,0.0,0.0
revocation,0.05,0.7,,random,0.0,42,21,False,0.2308504996006878,0.28109794456835774,0.1,0.759493670886076,0.312,False,True,0,4,0.0,0,41,0.0,0.65,20,0.0,0.05,0.05,0.0,0.0
revocation,0.05,0.7,,random,0.0,42,22,False,0.19813787470051583,0.2358234584262683,0.05,0.7647058823529411,0.3053435114503817,False,True,0,4,0.0,0,35,0.0,0.65,20,0.0,0.05,0.05,0.0,0.0
revocation,0.05,0.7,,random,0.0,42,23,False,0.1611034060253869,0.18936759381970125,0.05,0.7613636363636364,0.3014705882352941,False,True,0,4,0.0,0,40,0.0,0.65,20,0.0,0.05,0.05,0.0,0.0
revocation,0.05,0.7,,random,0.0,42,24,False,0.1333275545190402,0.15452569536477595,0.05,0.7640449438202247,0.2978723404255319,False,True,0,4,0.2,0,48,0.0,0.65,20,0.0,0.05,0.05,0.0,0.0
revocation,0.05,0.7,,random,0.0,42,25,False,0.13392423731785158,0.19582743975298156,0.05,0.7555555555555555,0.2986111111111111,False,True,0,4,0.2,9,35,0.20454545454545456,0.4,29,0.0,0.05,0.05,0.0,0.0
revocation,0.05,0.7,,random,0.0,42,26,False,0.1254431779883887,0.20312057981473616,0.05,0.75,0.2953020134228188,True,True,0,5,0.1,6,33,0.15384615384615385,0.45,20,0.0,0.05,0.05,0.0,0.0
revocation,0.05,0.7,,random,0.0,42,27,False,0.1065823834912915,0.16484043486105213,0.05,0.7578947368421053,0.2875816993464052,False,True,0,5,0.1,0,39,0.0,0.45,20,0.0,0.05,0.05,0.0,0.0
revocation,0.05,0.7,,random,0.0,42,28,False,0.09243678761846863,0.1361303261457891,0.05,0.7551020408163265,0.28662420382165604,False,True,0,5,0.2,1,38,0.02564102564102564,0.45,21,0.0,0.05,0.05,0.0,0.0
revocation,0.05,0.7,,random,0.0,42,29,False,0.08897044785670861,0.11732979995246598,0.05,0.76,0.28125,False,True,0,5,0.2,1,37,0.02631578947368421,0.4,22,0.0,0.05,0.05,0.0,0.0
revocation,0.05,0.7,,random,0.0,42,30,False,0.08547783589253145,0.14424734996434949,0.05,0.75,0.28313253012048195,False,True,0,5,0.3,2,41,0.046511627906976744,0.3,24,0.0,0.05,0.05000000000000001,6.938893903907228e-18,0.0
revocation,0.05,0.7,,random,0.0,42,31,False,0.08553694834797002,0.1519355124732621,0.05,0.75,0.2807017543859649,False,True,0,5,0.4,9,26,0.2571428571428571,0.25,33,0.0,0.05,0.05,0.0,0.0
revocation,0.05,0.7,,random,0.0,42,32,False,0.08736699697526322,0.15145163435494657,0.05,0.7454545454545455,0.2857142857142857,False,True,0,5,0.5,10,24,0.29411764705882354,0.15,43,0.0,0.05,0.05,0.0,0.0
revocation,0.05,0.7,,random,0.0,42,33,False,0.08338239058859029,0.13858872576620992,0.05,0.7410714285714286,0.28651685393258425,True,True,0,6,0.1,17,28,0.37777777777777777,0.3,30,0.0,0.05,0.05,0.0,0.0
revocation,0.05,0.7,,random,0.0,42,34,False,0.0750367929414427,0.11644154432465743,0.0,0.7372881355932204,0.28342245989304815,True,True,0,7,0.0,1,38,0.02564102564102564,0.3333333333333333,9,0.0,0.05,0.05,0.0,0.0
revocation,0.05,0.7,,random,0.0,42,35,False,0.056277594706082026,0.08733115824349308,0.0,0.7398373983739838,0.27979274611398963,False,True,0,7,0.1,0,40,0.0,0.3333333333333333,9,0.0,0.05,0.05,0.0,0.0
revocation,0.05,0.7,,random,0.0,42,36,False,0.048160576981942475,0.07224886464166029,0.0,0.7401574803149606,0.2777777777777778,False,True,0,7,0.3,0,39,0.0,0.3333333333333333,9,0.0,0.05,0.05000000000000001,6.938893903907228e-18,0.0
revocation,0.05,0.7,,random,0.0,42,37,False,0.05397757559359972,0.09585331514791187,0.0,0.746268656716418,0.27884615384615385,False,True,0,7,0.5,8,28,0.2222222222222222,0.17647058823529413,17,0.0,0.05,0.05,0.0,0.0
revocation,0.05,0.7,,random,0.0,42,38,False,0.05623948421620819,0.09394880989034568,0.0,0.7536231884057971,0.27102803738317754,True,True,0,8,0.5,9,27,0.25,0.2,15,0.0,0.05,0.05,0.0,0.0
revocation,0.05,0.7,,random,0.0,42,39,False,0.05289389887644186,0.07046160741775925,0.0,0.7535211267605634,0.2727272727272727,True,True,0,9,0.2,20,23,0.46511627906976744,0.45,24,0.0,0.05,0.05,0.0,0.0
revocation,0.05,0.7,,random,0.0,43,0,False,0.0,0.0,0.0,0.0,1.0,False,True,0,0,0.0,0,0,0.0,0.0,0,0.0,0.05,0.05,0.0,0.0
revocation,0.05,0.7,,random,0.0,43,1,False,0.0,0.0,0.09090909090909091,0.09090909090909091,0.8518518518518519,False,True,0,0,0.0,0,50,0.0,0.0,0,0.0,0.05,0.05,0.0,0.0
revocation,0.05,0.7,,random,0.0,43,2,False,0.022727272727272728,0.022727272727272728,0.29411764705882354,0.29411764705882354,0.7352941176470589,False,True,0,0,0.1,0,35,0.0,0.0,0,0.0,0.05,0.05,0.0,0.0
revocation,0.05,0.7,,random,0.0,43,3,False,0.09057486631016043,0.09057486631016043,0.4,0.42857142857142855,0.6190476190476191,False,True,0,0,0.2,1,37,0.02631578947368421,0.0,1,0.0,0.05,0.05,0.0,0.0
revocation,0.05,0.7,,random,0.0,43,4,False,0.16078829258976318,0.16793114973262033,0.35,0.48,0.574468085106383,False,True,0,0,0.5,1,36,0.02702702702702703,0.0,2,0.0,0.05,0.05,0.0,0.0
revocation,0.05,0.7,,random,0.0,43,5,False,0.18934121944232235,0.21344836229946523,0.3,0.5333333333333333,0.509090909090909,False,True,0,0,0.5,16,18,0.47058823529411764,0.3333333333333333,18,0.0,0.05,0.05,0.0,0.0
revocation,0.05,0.7,,random,0.0,43,6,False,0.21879162886745607,0.23508627172459895,0.25,0.53125,0.5172413793103449,False,True,0,0,0.5,10,32,0.23809523809523808,0.35,28,0.0,0.05,0.05,0.0,0.0
revocation,0.05,0.7,,random,0.0,43,7,False,0.23195086450773492,0.2388147037934492,0.2,0.5227272727272727,0.5072463768115942,True,True,0,1,0.2,14,21,0.4,0.5,23,0.0,0.05,0.05,0.0,0.0
revocation,0.05,0.7,,random,0.0,43,8,False,0.22932029123794404,0.2440524340950869,0.15,0.5416666666666666,0.47368421052631576,False,True,0,1,0.2,4,42,0.08695652173913043,0.4,27,0.0,0.05,0.05,0.0,0.0
revocation,0.05,0.7,,random,0.0,43,9,False,0.21395450414274375,0.25178932557131517,0.1,0.54,0.4625,False,True,0,1,0.2,1,41,0.023809523809523808,0.4,28,0.0,0.05,0.05,0.0,0.0
revocation,0.05,0.7,,random,0.0,43,10,False,0.19082302096420065,0.25134199417848635,0.05,0.5384615384615384,0.45977011494252873,False,True,0,1,0.2,3,39,0.07142857142857142,0.35,31,0.0,0.05,0.05,0.0,0.0
revocation,0.05,0.7,,random,0.0,43,11,False,0.16097440858029335,0.23850649563386475,0.0,0.5535714285714286,0.43617021276595747,False,True,0,1,0.2,3,37,0.075,0.4,34,0.0,0.05,0.05,0.0,0.0
revocation,0.05,0.7,,random,0.0,43,12,False,0.12787366357807717,0.2288798717253986,0.0,0.5517241379310345,0.42857142857142855,False,True,0,1,0.2,2,41,0.046511627906976744,0.4,36,0.0,0.05,0.05,0.0,0.0
revocation,0.05,0.7,,random,0.0,43,13,False,0.10304810482641502,0.22165990379404893,0.0,0.5573770491803278,0.4174757281553398,False,True,0,1,0.2,2,45,0.0425531914893617,0.3,38,0.0,0.05,0.05,0.0,0.0
revocation,0.05,0.7,,random,0.0,43,14,False,0.08264322147695412,0.2037449278455367,0.0,0.5714285714285714,0.4074074074074074,False,True,0,1,0.5,2,37,0.05128205128205128,0.3,40,0.0,0.05,0.05,0.0,0.0
revocation,0.05,0.7,,random,0.0,43,15,False,0.07805384467914415,0.19030869588415253,0.0,0.5757575757575758,0.40869565217391307,True,True,0,2,0.0,18,32,0.36,0.5,29,0.0,0.05,0.05,0.0,0.0
revocation,0.05,0.7,,random,0.0,43,16,False,0.05854038350935812,0.1427315219131144,0.0,0.5857142857142857,0.39166666666666666,False,True,0,2,0.0,0,43,0.0,0.5,29,0.0,0.05,0.05,0.0,0.0
revocation,0.05,0.7,,random,0.0,43,17,False,0.043905287632018584,0.10704864143483579,0.0,0.589041095890411,0.3888888888888889,False,True,0,2,0.0,0,45,0.0,0.5,29,0.0,0.05,0.05,0.0,0.0
revocation,0.05,0.7,,random,0.0,43,18,False,0.032928965724013944,0.08028648107612685,0.0,0.5945945945945946,0.3769230769230769,False,True,0,2,0.0,0,42,0.0,0.5,29,0.0,0.05,0.05,0.0,0.0
revocation,0.05,0.7,,random,0.0,43,19,False,0.024696724293010456,0.060214860807095136,0.0,0.5949367088607594,0.3795620437956204,False,True,0,2,0.1,0,37,0.0,0.5,29,0.0,0.05,0.05,0.0,0.0
revocation,0.05,0.7,,random,0.0,43,20,False,0.02745111464832927,0.08258654139930134,0.0,0.5875,0.3776223776223776,False,True,0,2,0.1,2,40,0.047619047619047616,0.4,31,0.0,0.05,0.05,0.0,0.0
revocation,0.05,0.7,,random,0.0,43,21,False,0.027731193129104097,0.11193990604947601,0.0,0.6,0.3708609271523179,True,True,0,3,0.0,1,40,0.024390243902439025,0.5333333333333333,15,0.0,0.05,0.05,0.0,0.0
revocation,0.05,0.7,,random,0.0,43,22,False,0.020798394846828074,0.08395492953710701,0.0,0.6,0.3660130718954248,False,True,0,3,0.0,0,37,0.0,0.5333333333333333,15,0.0,0.05,0.05,0.0,0.0
revocation,0.05,0.7,,random,0.0,43,23,False,0.015598796135121053,0.06296619715283025,0.0,0.6091954022988506,0.36129032258064514,False,True,0,3,0.1,0,44,0.0,0.5333333333333333,15,0.0,0.05,0.05,0.0,0.0
revocation,0.05,0.7,,random,0.0,43,24,False,0.01169909710134079,0.04722464786462269,0.0,0.6063829787234043,0.36585365853658536,False,True,0,3,0.1,4,32,0.1111111111111111,0.631578947368421,19,0.0,0.05,0.05,0.0,0.0
revocation,0.05,0.7,,random,0.0,43,25,False,0.008774322826005593,0.035418485898467016,0.0,0.6224489795918368,0.35714285714285715,False,True,0,3,0.1,5,32,0.13513513513513514,0.7,24,0.0,0.05,0.05,0.0,0.0
revocation,0.05,0.7,,random,0.0,43,26,False,0.0065807421195041935,0.02656386442385026,0.0,0.6336633663366337,0.3546511627906977,False,True,0,3,0.2,4,35,0.10256410256410256,0.85,28,0.0,0.05,0.05,0.0,0.0
revocation,0.05,0.7,,random,0.0,43,27,False,0.004935556589628146,0.019922898317887697,0.0,0.6285714285714286,0.3539325842696629,True,True,0,4,0.0,4,36,0.1,0.7058823529411765,17,0.0,0.05,0.05,0.0,0.0
revocation,0.05,0.7,,random,0.0,43,28,False,0.003701667442221109,0.014942173738415773,0.0,0.6216216216216216,0.3567567567567568,False,True,0,4,0.0,0,35,0.0,0.7058823529411765,17,0.0,0.05,0.05,0.0,0.0
revocation,0.05,0.7,,random,0.0,43,29,False,0.002776250581665832,0.011206630303811829,0.0,0.625,0.35106382978723405,False,True,0,4,0.1,0,46,0.0,0.7058823529411765,17,0.0,0.05,0.05,0.0,0.0
revocation,0.05,0.7,,random,0.0,43,30,False,0.0020821879362493737,0.00840497272785887,0.0,0.6347826086956522,0.34554973821989526,False,True,0,4,0.1,6,36,0.14285714285714285,0.75,23,0.0,0.05,0.05,0.0,0.0
revocation,0.05,0.7,,random,0.0,43,31,False,0.0015616409521870304,0.006303729545894153,0.0,0.639344262295082,0.3434343434343434,False,True,0,4,0.2,4,36,0.1,0.9,27,0.0,0.05,0.05,0.0,0.0
revocation,0.05,0.7,,random,0.0,43,32,False,0.017242659285568843,0.11722779715942061,0.0,0.6356589147286822,0.34782608695652173,False,True,0,4,0.2,5,27,0.15625,0.95,32,0.0,0.05,0.05,0.0,0.0
revocation,0.05,0.7,,random,0.0,43,33,False,0.02989628017846235,0.20667084786956547,0.0,0.6363636363636364,0.3476190476190476,False,True,0,4,0.2,10,41,0.19607843137254902,0.85,42,0.0,0.05,0.05,0.0,0.0
revocation,0.05,0.7,,random,0.0,43,34,False,0.03760078156241819,0.2612531359021741,0.0,0.6397058823529411,0.34579439252336447,True,True,0,5,0.0,6,33,0.15384615384615385,0.8,28,0.0,0.05,0.05,0.0,0.0
revocation,0.05,0.7,,random,0.0,43,35,False,0.02820058617181364,0.19593985192663055,0.0,0.6312056737588653,0.34977578475336324,False,True,0,5,0.0,0,36,0.0,0.8,28,0.0,0.05,0.05,0.0,0.0
revocation,0.05,0.7,,random,0.0,43,36,False,0.02115043962886023,0.1469548889449729,0.0,0.6344827586206897,0.34934497816593885,False,True,0,5,0.0,0,36,0.0,0.8,28,0.0,0.05,0.05,0.0,0.0
revocation,0.05,0.7,,random,0.0,43,37,False,0.015862829721645173,0.11021616670872969,0.0,0.6333333333333333,0.3474576271186441,False,True,0,5,0.0,0,37,0.0,0.8,28,0.0,0.05,0.05,0.0,0.0
revocation,0.05,0.7,,random,0.0,43,38,False,0.01189712229123388,0.08266212503154727,0.0,0.6410256410256411,0.34156378600823045,False,True,0,5,0.0,0,35,0.0,0.8,28,0.0,0.05,0.05,0.0,0.0
revocation,0.05,0.7,,random,0.0,43,39,False,0.008922841718425409,0.06199659377366045,0.0,0.6455696202531646,0.3387096774193548,False,True,0,5,0.0,0,37,0.0,0.8,28,0.0,0.05,0.05,0.0,0.0
revocation,0.05,0.7,,random,0.0,44,0,False,0.0,0.0,0.0,0.0,1.0,False,True,0,0,0.0,0,0,0.0,0.0,0,0.0,0.05,0.05,0.0,0.0
revocation,0.05,0.7,,random,0.0,44,1,False,0.0,0.0,0.3,0.3,0.72,False,True,0,0,0.0,0,43,0.0,0.0,0,0.0,0.05,0.05,0.0,0.0
revocation,0.05,0.7,,random,0.0,44,2,False,0.075,0.075,0.4166666666666667,0.4166666666666667,0.6785714285714286,False,True,0,0,0.1,0,43,0.0,0.0,0,0.0,0.05,0.05,0.0,0.0
revocation,0.05,0.7,,random,0.0,44,3,False,0.16041666666666665,0.16041666666666665,0.5625,0.5625,0.5714285714285714,False,True,0,0,0.2,2,36,0.05263157894736842,0.0,2,0.0,0.05,0.05,0.0,0.0
revocation,0.05,0.7,,random,0.0,44,4,False,0.25089285714285714,0.2609375,0.5789473684210527,0.5789473684210527,0.5384615384615384,False,True,0,0,0.4,2,33,0.05714285714285714,0.5,4,0.0,0.05,0.05,0.0,0.0
revocation,0.05,0.7,,random,0.0,44,5,False,0.33008693609022555,0.34043996710526314,0.6,0.6363636363636364,0.5,True,True,0,1,0.0,14,32,0.30434782608695654,1.0,4,0.0,0.05,0.05,0.0,0.0
revocation,0.05,0.7,,random,0.0,44,6,False,0.3975652020676691,0.4053299753289473,0.55,0.6666666666666666,0.46808510638297873,False,True,0,1,0.0,0,41,0.0,1.0,4,0.0,0.05,0.05,0.0,0.0
revocation,0.05,0.7,,random,0.0,44,7,False,0.43567390155075186,0.4414974814967105,0.45,0.65625,0.48148148148148145,False,True,0,1,0.1,0,40,0.0,1.0,4,0.0,0.05,0.05,0.0,0.0
revocation,0.05,0.7,,random,0.0,44,8,False,0.44907685473449244,0.5123731111225328,0.35,0.6486486486486487,0.4745762711864407,False,True,0,1,0.1,1,44,0.022222222222222223,0.8,5,0.0,0.05,0.05,0.0,0.0
revocation,0.05,0.7,,random,0.0,44,9,False,0.43234335533658363,0.5280298333418996,0.4,0.6666666666666666,0.453125,False,True,0,1,0.2,1,43,0.022727272727272728,0.8333333333333334,6,0.0,0.05,0.05,0.0,0.0
revocation,0.05,0.7,,random,0.0,44,10,False,0.4397337069786282,0.5501890416730914,0.35,0.6744186046511628,0.4166666666666667,False,True,0,1,0.3,8,34,0.19047619047619047,0.7142857142857143,14,0.0,0.05,0.05000000000000001,6.938893903907228e-18,0.0
revocation,0.05,0.7,,random,0.0,44,11,False,0.43031048431560376,0.5456774955405328,0.35,0.7083333333333334,0.38961038961038963,True,True,0,2,0.2,11,35,0.2391304347826087,0.5454545454545454,11,0.0,0.05,0.05,0.0,0.0
revocation,0.05,0.7,,random,0.0,44,12,False,0.4102328632367029,0.49675812165539956,0.2,0.6792452830188679,0.39759036144578314,False,True,0,2,0.2,5,33,0.13157894736842105,0.6875,16,0.0,0.05,0.05,0.0,0.0
revocation,0.05,0.7,,random,0.0,44,13,False,0.35767464742752714,0.42256859124154966,0.1,0.6666666666666666,0.3977272727272727,True,True,0,3,0.1,4,37,0.0975609756097561,0.7,10,0.0,0.05,0.05,0.0,0.0
revocation,0.05,0.7,,random,0.0,44,14,False,0.29325598557064536,0.3419264434311623,0.1,0.6833333333333333,0.375,False,True,0,3,0.2,0,35,0.0,0.7,10,0.0,0.05,0.05,0.0,0.0
revocation,0.05,0.7,,random,0.0,44,15,False,0.24494198917798404,0.2814448325733717,0.0,0.6615384615384615,0.38235294117647056,False,True,0,3,0.3,7,35,0.16666666666666666,0.7647058823529411,17,0.0,0.05,0.05000000000000001,6.938893903907228e-18,0.0
revocation,0.05,0.7,,random,0.0,44,16,False,0.19736195406836196,0.27183428680893296,0.0,0.6666666666666666,0.37962962962962965,False,True,0,3,0.4,9,37,0.1956521739130435,0.9,26,0.0,0.05,0.05,0.0,0.0
revocation,0.05,0.7,,random,0.0,44,17,False,0.1801643226941286,0.3163757151066997,0.0,0.676056338028169,0.36936936936936937,True,True,0,4,0.0,18,30,0.375,0.75,26,0.0,0.05,0.05,0.0,0.0
revocation,0.05,0.7,,random,0.0,44,18,False,0.13512324202059647,0.23728178633002478,0.0,0.6756756756756757,0.358974358974359,False,True,0,4,0.0,0,39,0.0,0.75,26,0.0,0.05,0.05,0.0,0.0
revocation,0.05,0.7,,random,0.0,44,19,False,0.10134243151544735,0.1779613397475186,0.0,0.675,0.36,False,True,0,4,0.0,0,36,0.0,0.75,26,0.0,0.05,0.05,0.0,0.0
revocation,0.05,0.7,,random,0.0,44,20,False,0.07600682363658551,0.13347100481063895,0.0,0.6904761904761905,0.3409090909090909,False,True,0,4,0.1,0,41,0.0,0.75,26,0.0,0.05,0.05,0.0,0.0
revocation,0.05,0.7,,random,0.0,44,21,False,0.07039797487029628,0.19385325360797923,0.0,0.7011494252873564,0.3284671532846715,False,True,0,4,0.1,0,38,0.0,0.75,26,0.0,0.05,0.05,0.0,0.0
revocation,0.05,0.7,,random,0.0,44,22,False,0.06619133829557935,0.23913994020598442,0.0,0.7078651685393258,0.32142857142857145,False,True,0,4,0.3,2,41,0.046511627906976744,0.7,28,0.0,0.05,0.05000000000000001,6.938893903907228e-18,0.0
revocation,0.05,0.7,,random,0.0,44,23,False,0.08714350372168451,0.2668549551544883,0.0,0.7078651685393258,0.3146853146853147,False,True,0,4,0.3,7,36,0.16279069767441862,0.5,35,0.0,0.05,0.05000000000000001,6.938893903907228e-18,0.0
revocation,0.05,0.7,,random,0.0,44,24,False,0.09214334207697768,0.26264121636586624,0.0,0.723404255319149,0.30405405405405406,False,True,0,4,0.4,4,33,0.10810810810810811,0.45,39,0.0,0.05,0.05,0.0,0.0
revocation,0.05,0.7,,random,0.0,44,25,False,0.0932146494148761,0.2532309122743997,0.0,0.7142857142857143,0.3051948051948052,True,True,0,5,0.1,13,34,0.2765957446808511,0.5,18,0.0,0.05,0.05,0.0,0.0
revocation,0.05,0.7,,random,0.0,44,26,False,0.06991098706115709,0.1899231842057998,0.0,0.7070707070707071,0.3018867924528302,False,True,0,5,0.2,4,42,0.08695652173913043,0.6,22,0.0,0.05,0.05,0.0,0.0
revocation,0.05,0.7,,random,0.0,44,27,False,0.06314752601015353,0.14244238815434984,0.0,0.696078431372549,0.3090909090909091,False,True,0,5,0.3,10,35,0.2222222222222222,0.6,32,0.0,0.05,0.05000000000000001,6.938893903907228e-18,0.0
revocation,0.05,0.7,,random,0.0,44,28,False,0.06878921593618657,0.14223195028135394,0.0,0.6886792452830188,0.31176470588235294,False,True,0,5,0.5,11,30,0.2682926829268293,0.55,43,0.0,0.05,0.05,0.0,0.0
revocation,0.05,0.7,,random,0.0,44,29,False,0.07123476909499708,0.17542396271101546,0.0,0.6818181818181818,0.3142857142857143,True,True,0,6,0.0,23,22,0.5111111111111111,0.65,29,0.0,0.05,0.05,0.0,0.0
revocation,0.05,0.7,,random,0.0,44,30,False,0.0534260768212478,0.1315679720332616,0.0,0.672566371681416,0.3149171270718232,False,True,0,6,0.0,0,41,0.0,0.65,29,0.0,0.05,0.05,0.0,0.0
revocation,0.05,0.7,,random,0.0,44,31,False,0.04006955761593586,0.0986759790249462,0.0,0.6810344827586207,0.30851063829787234,False,True,0,6,0.0,0,38,0.0,0.65,29,0.0,0.05,0.05,0.0,0.0
revocation,0.05,0.7,,random,0.0,44,32,False,0.03005216821195189,0.07400698426870965,0.0,0.6885245901639344,0.3076923076923077,False,True,0,6,0.0,0,36,0.0,0.65,29,0.0,0.05,0.05,0.0,0.0
revocation,0.05,0.7,,random,0.0,44,33,False,0.022539126158963918,0.055505238201532234,0.0,0.68,0.31,False,True,0,6,0.2,0,39,0.0,0.65,29,0.0,0.05,0.05,0.0,0.0
revocation,0.05,0.7,,random,0.0,44,34,False,0.028511487476365793,0.10026376360434346,0.0,0.6771653543307087,0.3073170731707317,False,True,0,6,0.4,6,37,0.13953488372093023,0.65,35,0.0,0.05,0.05,0.0,0.0
revocation,0.05,0.7,,random,0.0,44,35,False,0.056205044178702916,0.15644782270325758,0.0,0.6592592592592592,0.32558139534883723,True,True,0,7,0.1,14,23,0.3783783783783784,0.45,31,0.0,0.05,0.05,0.0,0.0
revocation,0.05,0.7,,random,0.0,44,36,False,0.05018949741974148,0.11774641358275376,0.0,0.656934306569343,0.32272727272727275,False,True,0,7,0.1,2,38,0.05,0.5,33,0.0,0.05,0.05,0.0,0.0
revocation,0.05,0.7,,random,0.0,44,37,False,0.046570694493377536,0.15080981018706532,0.0,0.6595744680851063,0.32,False,True,0,7,0.1,1,36,0.02702702702702703,0.45,34,0.0,0.05,0.05,0.0,0.0
revocation,0.05,0.7,,random,0.0,44,38,False,0.04296373515574743,0.169357357640299,0.0,0.6597222222222222,0.3173913043478261,True,True,0,8,0.0,1,43,0.022727272727272728,0.5,21,0.0,0.05,0.05,0.0,0.0
revocation,0.05,0.7,,random,0.0,44,39,False,0.03222280136681058,0.12701801823022424,0.0,0.6621621621621622,0.3148936170212766,False,True,0,8,0.0,0,46,0.0,0.5,21,0.0,0.05,0.05,0.0,0.0
revocation,0.05,0.7,,random,0.0,45,0,False,0.0,0.0,0.0,0.0,1.0,False,True,0,0,0.2,0,0,0.0,0.0,0,0.0,0.05,0.05,0.0,0.0
revocation,0.05,0.7,,random,0.0,45,1,False,0.0,0.0,0.35294117647058826,0.35294117647058826,0.8064516129032258,True,True,0,1,0.1,5,39,0.11363636363636363,0.0,1,0.0,0.05,0.05,0.0,0.0
revocation,0.05,0.7,,random,0.0,45,2,False,0.08193277310924371,0.08823529411764706,0.35294117647058826,0.35294117647058826,0.7575757575757576,False,True,0,1,0.2,3,46,0.061224489795918366,0.0,4,0.0,0.05,0.05,0.0,0.0
revocation,0.05,0.7,,random,0.0,45,3,False,0.13707983193277312,0.15441176470588236,0.4,0.42857142857142855,0.6842105263157895,False,True,0,1,0.2,1,41,0.023809523809523808,0.0,5,0.0,0.05,0.05,0.0,0.0
revocation,0.05,0.7,,random,0.0,45,4,False,0.18852415966386557,0.21580882352941178,0.4,0.4782608695652174,0.6190476190476191,False,True,0,1,0.2,4,32,0.1111111111111111,0.0,9,0.0,0.05,0.05,0.0,0.0
revocation,0.05,0.7,,random,0.0,45,5,False,0.22710740546218486,0.2618566176470588,0.4,0.4782608695652174,0.6046511627906976,False,True,0,1,0.4,3,41,0.06818181818181818,0.0,12,0.0,0.05,0.05,0.0,0.0
revocation,0.05,0.7,,random,0.0,45,6,False,0.2489019826680672,0.2963924632352941,0.35,0.5185185185185185,0.56,True,True,0,2,0.2,9,32,0.21951219512195122,0.25,8,0.0,0.05,0.05,0.0,0.0
revocation,0.05,0.7,,random,0.0,45,7,False,0.2723907727153361,0.3097943474264706,0.25,0.5161290322580645,0.5555555555555556,True,True,0,3,0.0,10,33,0.23255813953488372,0.5833333333333334,12,0.0,0.05,0.05,0.0,0.0
revocation,0.05,0.7,,random,0.0,45,8,False,0.2667930795365021,0.29484576056985295,0.2,0.5151515151515151,0.5254237288135594,False,True,0,3,0.0,0,49,0.0,0.5833333333333334,12,0.0,0.05,0.05,0.0,0.0
revocation,0.05,0.7,,random,0.0,45,9,False,0.25009480965237657,0.2711343204273897,0.2,0.5428571428571428,0.484375,False,True,0,3,0.0,0,40,0.0,0.5833333333333334,12,0.0,0.05,0.05,0.0,0.0
revocation,0.05,0.7,,random,0.0,45,10,False,0.2375711072392824,0.2533507403205423,0.2,0.6,0.45714285714285713,False,True,0,3,0.1,0,41,0.0,0.5833333333333334,12,0.0,0.05,0.05,0.0,0.0
revocation,0.05,0.7,,random,0.0,45,11,False,0.23502356852469994,0.2879297219070734,0.2,0.627906976744186,0.44594594594594594,False,True,0,3,0.1,3,36,0.07692307692307693,0.4666666666666667,15,0.0,0.05,0.05,0.0,0.0
revocation,0.05,0.7,,random,0.0,45,12,False,0.23102958115542968,0.29928062476363837,0.2,0.6382978723404256,0.4375,False,True,0,3,0.1,0,45,0.0,0.4666666666666667,15,0.0,0.05,0.05,0.0,0.0
revocation,0.05,0.7,,random,0.0,45,13,False,0.22803409062847704,0.3077938019060621,0.2,0.6666666666666666,0.4166666666666667,False,True,0,3,0.1,1,37,0.02631578947368421,0.5,16,0.0,0.05,0.05,0.0,0.0
revocation,0.05,0.7,,random,0.0,45,14,False,0.22638271082850062,0.31834535142954656,0.2,0.6727272727272727,0.4065934065934066,True,True,0,4,0.0,3,37,0.075,0.45454545454545453,11,0.0,0.05,0.05,0.0,0.0
revocation,0.05,0.7,,random,0.0,45,15,False,0.21978703312137546,0.28875901357215994,0.15,0.6724137931034483,0.3877551020408163,False,True,0,4,0.1,0,44,0.0,0.45454545454545453,11,0.0,0.05,0.05,0.0,0.0
revocation,0.05,0.7,,random,0.0,45,16,False,0.20234027484103162,0.25406926017911996,0.1,0.6666666666666666,0.39805825242718446,False,True,0,4,0.1,1,42,0.023255813953488372,0.4166666666666667,12,0.0,0.05,0.05,0.0,0.0
revocation,0.05,0.7,,random,0.0,45,17,False,0.17675520613077372,0.21555194513433998,0.05,0.671875,0.3925233644859813,False,True,0,4,0.1,0,45,0.0,0.4166666666666667,12,0.0,0.05,0.05,0.0,0.0
revocation,0.05,0.7,,random,0.0,45,18,False,0.1450664045980803,0.174163958850755,0.05,0.6818181818181818,0.38738738738738737,False,True,0,4,0.2,1,42,0.023255813953488372,0.38461538461538464,13,0.0,0.05,0.05,0.0,0.0
revocation,0.05,0.7,,random,0.0,45,19,False,0.12727507817383496,0.16087180917665925,0.0,0.6666666666666666,0.3813559322033898,False,True,0,4,0.2,2,36,0.05263157894736842,0.4666666666666667,15,0.0,0.05,0.05,0.0,0.0
revocation,0.05,0.7,,random,0.0,45,20,False,0.10378964196370954,0.17898719021582776,0.0,0.68,0.3709677419354839,True,True,0,5,0.0,1,37,0.02631578947368421,0.6666666666666666,6,0.0,0.05,0.05,0.0,0.0
revocation,0.05,0.7,,random,0.0,45,21,False,0.07784223147278216,0.13424039266187082,0.0,0.6835443037974683,0.3671875,False,True,0,5,0.0,0,41,0.0,0.6666666666666666,6,0.0,0.05,0.05,0.0,0.0
revocation,0.05,0.7,,random,0.0,45,22,False,0.05838167360458662,0.10068029449640312,0.0,0.691358024691358,0.3684210526315789,False,True,0,5,0.0,0,36,0.0,0.6666666666666666,6,0.0,0.05,0.05,0.0,0.0
revocation,0.05,0.7,,random,0.0,45,23,False,0.04378625520343996,0.07551022087230233,0.0,0.6941176470588235,0.36231884057971014,False,True,0,5,0.1,0,45,0.0,0.6666666666666666,6,0.0,0.05,0.05,0.0,0.0
revocation,0.05,0.7,,random,0.0,45,24,False,0.04474445330734188,0.11074775543390714,0.0,0.6813186813186813,0.36551724137931035,False,True,0,5,0.5,2,36,0.05263157894736842,0.5,8,0.0,0.05,0.05,0.0,0.0
revocation,0.05,0.7,,random,0.0,45,25,False,0.06034405426622069,0.14556081657543035,0.0,0.6736842105263158,0.36423841059602646,True,True,0,6,0.2,17,24,0.4146341463414634,0.5,14,0.0,0.05,0.05,0.0,0.0
revocation,0.05,0.7,,random,0.0,45,26,False,0.054186612128236944,0.1250541599613214,0.0,0.6732673267326733,0.36538461538461536,False,True,0,6,0.2,8,29,0.21621621621621623,0.5,22,0.0,0.05,0.05,0.0,0.0
revocation,0.05,0.7,,random,0.0,45,27,False,0.04956853052474914,0.15629061997099106,0.0,0.6699029126213593,0.3670886075949367,False,True,0,6,0.2,8,38,0.17391304347826086,0.7,30,0.0,0.05,0.05,0.0,0.0
revocation,0.05,0.7,,random,0.0,45,28,False,0.049676397893561854,0.2047179649782433,0.0,0.6788990825688074,0.3575757575757576,False,True,0,6,0.2,8,35,0.18604651162790697,0.85,38,0.0,0.05,0.05,0.0,0.0
revocation,0.05,0.7,,random,0.0,45,29,False,0.052435869848742815,0.25978847373368247,0.0,0.6578947368421053,0.3684210526315789,False,True,0,6,0.4,5,31,0.1388888888888889,0.9,43,0.0,0.05,0.05,0.0,0.0
revocation,0.05,0.7,,random,0.0,45,30,False,0.07146975952941426,0.30734135530026185,0.0,0.6637931034482759,0.3651685393258427,False,True,0,6,0.5,7,29,0.19444444444444445,0.85,50,0.0,0.05,0.05,0.0,0.0
revocation,0.05,0.7,,random,0.0,45,31,False,0.09913803393277497,0.3367560164751964,0.0,0.6583333333333333,0.3641304347826087,False,True,0,6,0.5,14,29,0.32558139534883723,0.8,64,0.0,0.05,0.05,0.0,0.0
revocation,0.05,0.7,,random,0.0,45,32,False,0.1172106683067241,0.3525670123563973,0.0,0.6377952755905512,0.3769633507853403,True,True,0,7,0.1,17,23,0.425,0.75,45,0.0,0.05,0.05,0.0,0.0
revocation,0.05,0.7,,random,0.0,45,33,False,0.10130085837290022,0.264425259267298,0.0,0.6363636363636364,0.37185929648241206,False,True,0,7,0.2,2,34,0.05555555555555555,0.65,47,0.0,0.05,0.05,0.0,0.0
revocation,0.05,0.7,,random,0.0,45,34,False,0.09918992949396087,0.1983189444504735,0.0,0.6417910447761194,0.3627450980392157,False,True,0,7,0.3,3,37,0.075,0.5,50,0.0,0.05,0.05000000000000001,6.938893903907228e-18,0.0
revocation,0.05,0.7,,random,0.0,45,35,False,0.10117816140618494,0.20419722239514299,0.0,0.6397058823529411,0.3605769230769231,True,True,0,8,0.1,7,43,0.14,0.65,24,0.0,0.05,0.05,0.0,0.0
revocation,0.05,0.7,,random,0.0,45,36,False,0.08749076391178157,0.15314791679635725,0.0,0.6453900709219859,0.3598130841121495,False,True,0,8,0.1,1,33,0.029411764705882353,0.6,25,0.0,0.05,0.05,0.0,0.0
revocation,0.05,0.7,,random,0.0,45,37,False,0.07633235864812189,0.17570458566675562,0.0,0.6527777777777778,0.35,False,True,0,8,0.1,4,42,0.08695652173913043,0.4,29,0.0,0.05,0.05,0.0,0.0
revocation,0.05,0.7,,random,0.0,45,38,False,0.06439212612894855,0.1817784392500667,0.0,0.6530612244897959,0.3466666666666667,False,True,0,8,0.1,3,42,0.06666666666666667,0.25,32,0.0,0.05,0.05,0.0,0.0
revocation,0.05,0.7,,random,0.0,45,39,False,0.052758380310997124,0.16758382943755,0.0,0.6490066225165563,0.34782608695652173,False,True,0,8,0.2,3,39,0.07142857142857142,0.1,35,0.0,0.05,0.05,0.0,0.0
revocation,0.05,0.7,,random,0.0,46,0,False,0.0,0.0,0.0,0.0,1.0,False,True,0,0,0.1,0,0,0.0,0.0,0,0.0,0.05,0.05,0.0,0.0
revocation,0.05,0.7,,random,0.0,46,1,False,0.0,0.0,0.2,0.2,0.84,False,True,0,0,0.2,3,41,0.06818181818181818,0.0,3,0.0,0.05,0.05,0.0,0.0
revocation,0.05,0.7,,random,0.0,46,2,False,0.04642857142857143,0.05,0.4,0.4,0.7096774193548387,False,True,0,0,0.2,3,33,0.08333333333333333,0.0,6,0.0,0.05,0.05,0.0,0.0
revocation,0.05,0.7,,random,0.0,46,3,False,0.12767857142857145,0.1375,0.4117647058823529,0.4117647058823529,0.6666666666666666,False,True,0,0,0.3,2,41,0.046511627906976744,0.0,8,0.0,0.05,0.05000000000000001,6.938893903907228e-18,0.0
revocation,0.05,0.7,,random,0.0,46,4,False,0.18399422268907561,0.20606617647058822,0.5,0.5652173913043478,0.5581395348837209,False,True,0,0,0.5,3,29,0.09375,0.0,11,0.0,0.05,0.05,0.0,0.0
revocation,0.05,0.7,,random,0.0,46,5,False,0.2362099527310924,0.27954963235294117,0.45,0.5769230769230769,0.5208333333333334,False,True,0,0,0.7,9,34,0.20930232558139536,0.3,20,0.0,0.05,0.05,0.0,0.0
revocation,0.05,0.7,,random,0.0,46,6,False,0.27626460740546216,0.32216222426470587,0.25,0.53125,0.5178571428571429,True,True,0,1,0.0,26,18,0.5909090909090909,0.4,24,0.0,0.05,0.05,0.0,0.0
revocation,0.05,0.7,,random,0.0,46,7,False,0.2696984555540966,0.30412166819852937,0.25,0.5454545454545454,0.4915254237288136,False,True,0,1,0.0,0,46,0.0,0.4,24,0.0,0.05,0.05,0.0,0.0
revocation,0.05,0.7,,random,0.0,46,8,False,0.26477384166557244,0.29059125114889706,0.2,0.5263157894736842,0.5,False,True,0,1,0.1,0,39,0.0,0.4,24,0.0,0.05,0.05,0.0,0.0
revocation,0.05,0.7,,random,0.0,46,9,False,0.24858038124917936,0.2679434383616728,0.2,0.5714285714285714,0.4647887323943662,False,True,0,1,0.3,0,44,0.0,0.4,24,0.0,0.05,0.05000000000000001,6.938893903907228e-18,0.0
revocation,0.05,0.7,,random,0.0,46,10,False,0.2400067145083131,0.2759575787712546,0.05,0.5625,0.46153846153846156,True,True,0,2,0.1,8,30,0.21052631578947367,0.3333333333333333,12,0.0,0.05,0.05,0.0,0.0
revocation,0.05,0.7,,random,0.0,46,11,False,0.19250503588123483,0.21946818407844096,0.05,0.58,0.43373493975903615,False,True,0,2,0.2,1,42,0.023255813953488372,0.38461538461538464,13,0.0,0.05,0.05,0.0,0.0
revocation,0.05,0.7,,random,0.0,46,12,False,0.16285405163620087,0.1880328504208526,0.05,0.5769230769230769,0.43023255813953487,False,True,0,2,0.2,1,48,0.02040816326530612,0.35714285714285715,14,0.0,0.05,0.05,0.0,0.0
revocation,0.05,0.7,,random,0.0,46,13,False,0.14012523260470167,0.19191749495849658,0.0,0.5740740740740741,0.42857142857142855,False,True,0,2,0.3,1,35,0.027777777777777776,0.3333333333333333,15,0.0,0.05,0.05000000000000001,6.938893903907228e-18,0.0
revocation,0.05,0.7,,random,0.0,46,14,False,0.11699868635828815,0.1856047878855391,0.0,0.5964912280701754,0.4105263157894737,False,True,0,2,0.5,2,40,0.047619047619047616,0.29411764705882354,17,0.0,0.05,0.05,0.0,0.0
revocation,0.05,0.7,,random,0.0,46,15,False,0.10875741813006065,0.17596829679650727,0.0,0.6153846153846154,0.3942307692307692,False,True,0,2,0.5,17,24,0.4146341463414634,0.15,34,0.0,0.05,0.05,0.0,0.0
revocation,0.05,0.7,,random,0.0,46,16,False,0.0922823493118312,0.15072622259738044,0.0,0.6029411764705882,0.3944954128440367,True,True,0,3,0.0,13,31,0.29545454545454547,0.15,26,0.0,0.05,0.05,0.0,0.0
revocation,0.05,0.7,,random,0.0,46,17,False,0.0692117619838734,0.11304466694803533,0.0,0.6056338028169014,0.3826086956521739,False,True,0,3,0.0,0,41,0.0,0.15,26,0.0,0.05,0.05,0.0,0.0
revocation,0.05,0.7,,random,0.0,46,18,False,0.05190882148790505,0.0847835002110265,0.0,0.6056338028169014,0.3793103448275862,False,True,0,3,0.1,0,47,0.0,0.15,26,0.0,0.05,0.05,0.0,0.0
revocation,0.05,0.7,,random,0.0,46,19,False,0.04161018754450022,0.08233762515826988,0.0,0.6081081081081081,0.36885245901639346,False,True,0,3,0.1,1,39,0.025,0.1,27,0.0,0.05,0.05,0.0,0.0
revocation,0.05,0.7,,random,0.0,46,20,False,0.03299335494408945,0.07425321886870241,0.0,0.620253164556962,0.36220472440944884,False,True,0,3,0.3,5,34,0.1282051282051282,0.1,32,0.0,0.05,0.05000000000000001,6.938893903907228e-18,0.0
revocation,0.05,0.7,,random,0.0,46,21,False,0.02831644477949566,0.06818991415152681,0.0,0.625,0.36153846153846153,False,True,0,3,0.4,5,41,0.10869565217391304,0.1,37,0.0,0.05,0.05,0.0,0.0
revocation,0.05,0.7,,random,0.0,46,22,False,0.026594476441764603,0.0636424356136451,0.0,0.6265060240963856,0.36496350364963503,False,True,0,3,0.4,4,34,0.10526315789473684,0.0,41,0.0,0.05,0.05,0.0,0.0
revocation,0.05,0.7,,random,0.0,46,23,False,0.019945857331323452,0.04773182671023383,0.0,0.627906976744186,0.35714285714285715,False,True,0,3,0.4,6,36,0.14285714285714285,0.0,47,0.0,0.05,0.05,0.0,0.0
revocation,0.05,0.7,,random,0.0,46,24,False,0.014959392998492587,0.03579887003267537,0.0,0.6363636363636364,0.3469387755102041,False,True,0,3,0.6,7,31,0.18421052631578946,0.05,54,0.0,0.05,0.05000000000000001,6.938893903907228e-18,0.0
revocation,0.05,0.7,,random,0.0,46,25,False,0.015683830463155156,0.03309915252450653,0.0,0.6382978723404256,0.3503184713375796,True,True,0,4,0.1,9,31,0.225,0.0,26,0.0,0.05,0.05,0.0,0.0
revocation,0.05,0.7,,random,0.0,46,26,False,0.011762872847366367,0.024824364393379896,0.0,0.6494845360824743,0.3416149068322981,False,True,0,4,0.1,3,37,0.075,0.05,29,0.0,0.05,0.05,0.0,0.0
revocation,0.05,0.7,,random,0.0,46,27,False,0.009715011778381919,0.01861827329503492,0.0,0.6435643564356436,0.3413173652694611,False,True,0,4,0.1,3,42,0.06666666666666667,0.05,32,0.0,0.05,0.05,0.0,0.0
revocation,0.05,0.7,,random,0.0,46,28,False,0.008179115976643581,0.01923516602814175,0.0,0.6442307692307693,0.34104046242774566,False,True,0,4,0.1,3,42,0.06666666666666667,0.05,35,0.0,0.05,0.05,0.0,0.0
revocation,0.05,0.7,,random,0.0,46,29,False,0.007027194125339829,0.020676374521106315,0.0,0.6513761467889908,0.3388888888888889,False,True,0,4,0.4,2,38,0.05,0.05,37,0.0,0.05,0.05,0.0,0.0
revocation,0.05,0.7,,random,0.0,46,30,False,0.007948967022576301,0.021757280890829737,0.0,0.6460176991150443,0.33689839572192515,True,True,0,5,0.1,11,36,0.23404255319148937,0.15,28,0.0,0.05,0.05,0.0,0.0
revocation,0.05,0.7,,random,0.0,46,31,False,0.005961725266932226,0.016317960668122303,0.0,0.646551724137931,0.3316062176165803,True,True,0,6,0.0,7,35,0.16666666666666666,0.42105263157894735,19,0.0,0.05,0.05,0.0,0.0
revocation,0.05,0.7,,random,0.0,46,32,False,0.00447129395019917,0.012238470501091728,0.0,0.6554621848739496,0.325,False,True,0,6,0.0,0,38,0.0,0.42105263157894735,19,0.0,0.05,0.05,0.0,0.0
revocation,0.05,0.7,,random,0.0,46,33,False,0.003353470462649377,0.009178852875818797,0.0,0.6639344262295082,0.3269230769230769,False,True,0,6,0.1,0,43,0.0,0.42105263157894735,19,0.0,0.05,0.05,0.0,0.0
revocation,0.05,0.7,,random,0.0,46,34,False,0.002515102846987033,0.006884139656864098,0.0,0.6614173228346457,0.32558139534883723,False,True,0,6,0.2,7,37,0.1590909090909091,0.75,26,0.0,0.05,0.05,0.0,0.0
revocation,0.05,0.7,,random,0.0,46,35,False,0.015279184278097418,0.09431295328290953,0.0,0.6590909090909091,0.32286995515695066,True,True,0,7,0.0,9,30,0.23076923076923078,0.65,22,0.0,0.05,0.05,0.0,0.0
revocation,0.05,0.7,,random,0.0,46,36,False,0.011459388208573063,0.07073471496218214,0.0,0.656934306569343,0.3246753246753247,False,True,0,7,0.2,0,32,0.0,0.65,22,0.0,0.05,0.05,0.0,0.0
revocation,0.05,0.7,,random,0.0,46,37,False,0.03180882687071551,0.08229846040706493,0.0,0.6619718309859155,0.3277310924369748,False,True,0,7,0.2,4,35,0.10256410256410256,0.65,26,0.0,0.05,0.05,0.0,0.0
revocation,0.05,0.7,,random,0.0,46,38,False,0.04707090586732234,0.1429738453052987,0.0,0.6643835616438356,0.32653061224489793,False,True,0,7,0.5,3,37,0.075,0.55,29,0.0,0.05,0.05,0.0,0.0
revocation,0.05,0.7,,random,0.0,46,39,False,0.06476746511477748,0.17598038397897403,0.0,0.6733333333333333,0.3225806451612903,True,True,0,8,0.2,15,30,0.3333333333333333,0.65,21,0.0,0.05,0.05,0.0,0.0
revocation,0.05,0.7,,random,0.0,47,0,False,0.0,0.0,0.0,0.0,1.0,False,True,0,0,0.1,0,0,0.0,0.0,0,0.0,0.05,0.05,0.0,0.0
revocation,0.05,0.7,,random,0.0,47,1,False,0.0,0.0,0.18181818181818182,0.18181818181818182,0.8148148148148148,False,True,0,0,0.2,4,39,0.09302325581395349,1.0,4,0.0,0.05,0.05,0.0,0.0
revocation,0.05,0.7,,random,0.0,47,2,False,0.060064935064935064,0.14772727272727273,0.1875,0.1875,0.7878787878787878,True,True,0,1,0.2,12,28,0.3,0.8,10,0.0,0.05,0.05,0.0,0.0
revocation,0.05,0.7,,random,0.0,47,3,False,0.1137987012987013,0.23423295454545456,0.2,0.23809523809523808,0.6904761904761905,False,True,0,1,0.4,8,25,0.24242424242424243,0.5,18,0.0,0.05,0.05,0.0,0.0
revocation,0.05,0.7,,random,0.0,47,4,False,0.15142045454545452,0.2631747159090909,0.2,0.38461538461538464,0.58,True,True,0,2,0.2,12,29,0.2926829268292683,0.25,12,0.0,0.05,0.05,0.0,0.0
revocation,0.05,0.7,,random,0.0,47,5,False,0.16445819805194808,0.24738103693181818,0.15,0.39285714285714285,0.5769230769230769,False,True,0,2,0.6,0,37,0.0,0.25,12,0.0,0.05,0.05000000000000001,6.938893903907228e-18,0.0
revocation,0.05,0.7,,random,0.0,47,6,False,0.1679865056818182,0.23553577769886364,0.0,0.40540540540540543,0.5645161290322581,True,True,0,3,0.1,17,20,0.4594594594594595,0.3333333333333333,9,0.0,0.05,0.05,0.0,0.0
revocation,0.05,0.7,,random,0.0,47,7,False,0.13194226021374458,0.17665183327414774,0.0,0.4358974358974359,0.5384615384615384,False,True,0,3,0.2,1,44,0.022222222222222223,0.3,10,0.0,0.05,0.05,0.0,0.0
revocation,0.05,0.7,,random,0.0,47,8,False,0.10967098087459415,0.1699888749556108,0.0,0.4222222222222222,0.5342465753424658,False,True,0,3,0.3,7,34,0.17073170731707318,0.23529411764705882,17,0.0,0.05,0.05000000000000001,6.938893903907228e-18,0.0
revocation,0.05,0.7,,random,0.0,47,9,False,0.09065659700048344,0.15690342092259046,0.0,0.45098039215686275,0.525,True,True,0,4,0.1,15,21,0.4166666666666667,0.5333333333333333,15,0.0,0.05,0.05,0.0,0.0
revocation,0.05,0.7,,random,0.0,47,10,False,0.06799244775036258,0.11767756569194285,0.0,0.45454545454545453,0.5232558139534884,False,True,0,4,0.3,0,39,0.0,0.5333333333333333,15,0.0,0.05,0.05000000000000001,6.938893903907228e-18,0.0
revocation,0.05,0.7,,random,0.0,47,11,False,0.06051814533658145,0.0992444457429828,0.0,0.47368421052631576,0.4945054945054945,False,True,0,4,0.4,9,39,0.1875,0.7,24,0.0,0.05,0.05,0.0,0.0
revocation,0.05,0.7,,random,0.0,47,12,False,0.07038860900243608,0.1619333343072371,0.0,0.4915254237288136,0.47368421052631576,True,True,0,5,0.2,6,44,0.12,0.6111111111111112,18,0.0,0.05,0.05,0.0,0.0
revocation,0.05,0.7,,random,0.0,47,13,False,0.0746168535772239,0.19783888961931673,0.0,0.5081967213114754,0.45,False,True,0,5,0.3,2,36,0.05263157894736842,0.55,20,0.0,0.05,0.05000000000000001,6.938893903907228e-18,0.0
revocation,0.05,0.7,,random,0.0,47,14,False,0.07560549732577507,0.21712916721448755,0.0,0.5384615384615384,0.4339622641509434,False,True,0,5,0.3,3,35,0.07894736842105263,0.5,23,0.0,0.05,0.05000000000000001,6.938893903907228e-18,0.0
revocation,0.05,0.7,,random,0.0,47,15,False,0.07456126585147416,0.22534687541086568,0.0,0.5352112676056338,0.4336283185840708,False,True,0,5,0.6,9,33,0.21428571428571427,0.45,32,0.0,0.05,0.05000000000000001,6.938893903907228e-18,0.0
revocation,0.05,0.7,,random,0.0,47,16,False,0.08806380653146276,0.22526015655814927,0.0,0.5394736842105263,0.425,True,True,0,6,0.1,19,27,0.41304347826086957,0.55,22,0.0,0.05,0.05,0.0,0.0
revocation,0.05,0.7,,random,0.0,47,17,False,0.06604785489859707,0.16894511741861196,0.0,0.5180722891566265,0.43410852713178294,False,True,0,6,0.1,5,32,0.13513513513513514,0.7,27,0.0,0.05,0.05,0.0,0.0
revocation,0.05,0.7,,random,0.0,47,18,False,0.049535891173947806,0.12670883806395897,0.0,0.5116279069767442,0.43283582089552236,True,True,0,7,0.1,6,45,0.11764705882352941,0.7222222222222222,18,0.0,0.05,0.05,0.0,0.0
revocation,0.05,0.7,,random,0.0,47,19,False,0.03715191838046085,0.09503162854796923,0.0,0.5111111111111111,0.42857142857142855,False,True,0,7,0.1,7,38,0.15555555555555556,0.85,25,0.0,0.05,0.05,0.0,0.0
revocation,0.05,0.7,,random,0.0,47,20,False,0.027863938785345644,0.07127372141097693,0.0,0.5263157894736842,0.4178082191780822,True,True,0,8,0.1,4,34,0.10526315789473684,0.8666666666666667,15,0.0,0.05,0.05,0.0,0.0
revocation,0.05,0.7,,random,0.0,47,21,False,0.03637414456519971,0.12402786123821953,0.0,0.5392156862745098,0.4155844155844156,False,True,0,8,0.1,0,33,0.0,0.8666666666666667,15,0.0,0.05,0.05,0.0,0.0
revocation,0.05,0.7,,random,0.0,47,22,False,0.04275679890009026,0.20135422926199797,0.0,0.5412844036697247,0.4110429447852761,False,True,0,8,0.1,3,33,0.08333333333333333,0.7222222222222222,18,0.0,0.05,0.05,0.0,0.0
revocation,0.05,0.7,,random,0.0,47,23,False,0.04496442457189309,0.24129344972427624,0.0,0.5398230088495575,0.40588235294117647,False,True,0,8,0.1,1,39,0.025,0.6842105263157895,19,0.0,0.05,0.05,0.0,0.0
revocation,0.05,0.7,,random,0.0,47,24,False,0.045941363541701766,0.26649640308268085,0.0,0.5508474576271186,0.4011299435028249,False,True,0,8,0.1,1,32,0.030303030303030304,0.65,20,0.0,0.05,0.05,0.0,0.0
revocation,0.05,0.7,,random,0.0,47,25,False,0.04606316551341918,0.28112230231201063,0.0,0.5619834710743802,0.3891891891891892,False,True,0,8,0.2,2,39,0.04878048780487805,0.6,22,0.0,0.05,0.05,0.0,0.0
revocation,0.05,0.7,,random,0.0,47,26,False,0.05597594556363582,0.285841726734008,0.0,0.5725806451612904,0.37894736842105264,True,True,0,9,0.2,3,39,0.07142857142857142,0.7777777777777778,9,0.0,0.05,0.05,0.0,0.0
revocation,0.05,0.7,,random,0.0,47,27,False,0.06975973695050464,0.214381295050506,0.0,0.5826771653543307,0.37435897435897436,False,True,0,9,0.4,3,41,0.06818181818181818,0.5833333333333334,12,0.0,0.05,0.05,0.0,0.0
revocation,0.05,0.7,,random,0.0,47,28,False,0.08356980271287849,0.18838326013147516,0.0,0.5955882352941176,0.36764705882352944,False,True,0,9,0.6,15,21,0.4166666666666667,0.2,27,0.0,0.05,0.05000000000000001,6.938893903907228e-18,0.0
revocation,0.05,0.7,,random,0.0,47,29,False,0.07339163774894457,0.16628744509860635,0.0,0.5957446808510638,0.36492890995260663,True,True,0,10,0.0,23,19,0.5476190476190477,0.4,23,0.0,0.05,0.05,0.0,0.0
revocation,0.05,0.7,,random,0.0,47,30,False,0.05504372831170843,0.12471558382395476,0.0,0.5958904109589042,0.36363636363636365,False,True,0,10,0.0,0,34,0.0,0.4,23,0.0,0.05,0.05,0.0,0.0
revocation,0.05,0.7,,random,0.0,47,31,False,0.041282796233781324,0.09353668786796607,0.0,0.6,0.3568281938325991,False,True,0,10,0.0,0,44,0.0,0.4,23,0.0,0.05,0.05,0.0,0.0
revocation,0.05,0.7,,random,0.0,47,32,False,0.030962097175335993,0.07015251590097454,0.0,0.6037735849056604,0.35714285714285715,False,True,0,10,0.1,0,28,0.0,0.4,23,0.0,0.05,0.05,0.0,0.0
revocation,0.05,0.7,,random,0.0,47,33,False,0.030364430024359134,0.05261438692573091,0.0,0.6049382716049383,0.35537190082644626,False,True,0,10,0.2,2,40,0.047619047619047616,0.4,25,0.0,0.05,0.05,0.0,0.0
revocation,0.05,0.7,,random,0.0,47,34,False,0.03705903680398364,0.08868076112705009,0.0,0.6071428571428571,0.357429718875502,False,True,0,10,0.2,4,43,0.0851063829787234,0.35,29,0.0,0.05,0.05,0.0,0.0
revocation,0.05,0.7,,random,0.0,47,35,False,0.040294277602987726,0.11026057084528756,0.0,0.6136363636363636,0.35658914728682173,True,True,0,11,0.0,3,31,0.08823529411764706,0.3333333333333333,15,0.0,0.05,0.05,0.0,0.0
revocation,0.05,0.7,,random,0.0,47,36,False,0.030220708202240796,0.08269542813396567,0.0,0.6077348066298343,0.3609022556390977,False,True,0,11,0.0,0,35,0.0,0.3333333333333333,15,0.0,0.05,0.05,0.0,0.0
revocation,0.05,0.7,,random,0.0,47,37,False,0.022665531151680598,0.06202157110047425,0.0,0.6054054054054054,0.3602941176470588,False,True,0,11,0.0,0,38,0.0,0.3333333333333333,15,0.0,0.05,0.05,0.0,0.0
revocation,0.05,0.7,,random,0.0,47,38,False,0.016999148363760447,0.04651617832535569,0.0,0.6096256684491979,0.3563636363636364,False,True,0,11,0.0,0,48,0.0,0.3333333333333333,15,0.0,0.05,0.05,0.0,0.0
revocation,0.05,0.7,,random,0.0,47,39,False,0.012749361272820336,0.034887133744016766,0.0,0.6031746031746031,0.35842293906810035,False,True,0,11,0.2,0,42,0.0,0.3333333333333333,15,0.0,0.05,0.05,0.0,0.0
revocation,0.05,0.7,,random,0.0,48,0,False,0.0,0.0,0.0,0.0,1.0,False,True,0,0,0.0,0,0,0.0,0.0,0,0.0,0.05,0.05,0.0,0.0
revocation,0.05,0.7,,random,0.0,48,1,False,0.0,0.0,0.3333333333333333,0.3333333333333333,0.85,False,True,0,0,0.0,0,44,0.0,0.0,0,0.0,0.05,0.05,0.0,0.0
revocation,0.05,0.7,,random,0.0,48,2,False,0.08333333333333333,0.08333333333333333,0.4,0.4,0.7083333333333334,False,True,0,0,0.0,0,41,0.0,0.0,0,0.0,0.05,0.05,0.0,0.0
revocation,0.05,0.7,,random,0.0,48,3,False,0.1625,0.1625,0.5714285714285714,0.5714285714285714,0.5666666666666667,False,True,0,0,0.0,0,42,0.0,0.0,0,0.0,0.05,0.05,0.0,0.0
revocation,0.05,0.7,,random,0.0,48,4,False,0.26473214285714286,0.26473214285714286,0.6111111111111112,0.6111111111111112,0.5294117647058824,False,True,0,0,0.0,0,43,0.0,0.0,0,0.0,0.05,0.05,0.0,0.0
revocation,0.05,0.7,,random,0.0,48,5,False,0.3513268849206349,0.3513268849206349,0.6111111111111112,0.6111111111111112,0.5142857142857142,False,True,0,0,0.0,0,43,0.0,0.0,0,0.0,0.05,0.05,0.0,0.0
revocation,0.05,0.7,,random,0.0,48,6,False,0.41627294146825405,0.416272941468254,0.65,0.6666666666666666,0.4523809523809524,False,True,0,0,0.0,0,40,0.0,0.0,0,0.0,0.05,0.05,0.0,0.0
revocation,0.05,0.7,,random,0.0,48,7,False,0.47470470610119053,0.47470470610119053,0.65,0.6818181818181818,0.4222222222222222,False,True,0,0,0.1,0,48,0.0,0.0,0,0.0,0.05,0.05,0.0,0.0
revocation,0.05,0.7,,random,0.0,48,8,False,0.5185285295758929,0.5185285295758929,0.5,0.6296296296296297,0.44,True,True,0,1,0.1,6,31,0.16216216216216217,0.2,5,0.0,0.05,0.05,0.0,0.0
revocation,0.05,0.7,,random,0.0,48,9,False,0.5138963971819197,0.5138963971819197,0.45,0.6333333333333333,0.43636363636363634,False,True,0,1,0.2,0,42,0.0,0.2,5,0.0,0.05,0.05,0.0,0.0
revocation,0.05,0.7,,random,0.0,48,10,False,0.493458012172154,0.49792229788643977,0.4,0.625,0.4166666666666667,False,True,0,1,0.2,3,41,0.06818181818181818,0.25,8,0.0,0.05,0.05,0.0,0.0
revocation,0.05,0.7,,random,0.0,48,11,False,0.4674149377005441,0.4734417234148298,0.3,0.6216216216216216,0.4084507042253521,False,True,0,1,0.3,2,34,0.05555555555555555,0.2,10,0.0,0.05,0.05000000000000001,6.938893903907228e-18,0.0
revocation,0.05,0.7,,random,0.0,48,12,False,0.4219897747039795,0.4300812925611224,0.3,0.65,0.3815789473684211,False,True,0,1,0.5,5,39,0.11363636363636363,0.2,15,0.0,0.05,0.05,0.0,0.0
revocation,0.05,0.7,,random,0.0,48,13,False,0.38434947388512747,0.3975609694208418,0.3,0.6818181818181818,0.35802469135802467,False,True,0,1,0.6,6,36,0.14285714285714285,0.35,21,0.0,0.05,0.05000000000000001,6.938893903907228e-18,0.0
revocation,0.05,0.7,,random,0.0,48,14,False,0.3677263911281314,0.37942072706563135,0.3,0.7021276595744681,0.3411764705882353,True,True,0,2,0.1,15,30,0.3333333333333333,0.375,16,0.0,0.05,0.05,0.0,0.0
revocation,0.05,0.7,,random,0.0,48,15,False,0.35079479334609853,0.3595655452992235,0.3,0.7142857142857143,0.32967032967032966,False,True,0,2,0.3,0,41,0.0,0.375,16,0.0,0.05,0.05000000000000001,6.938893903907228e-18,0.0
revocation,0.05,0.7,,random,0.0,48,16,False,0.34077466643814536,0.34482064334941764,0.3,0.7254901960784313,0.3157894736842105,True,True,0,3,0.1,8,45,0.1509433962264151,0.21428571428571427,14,0.0,0.05,0.05,0.0,0.0
revocation,0.05,0.7,,random,0.0,48,17,False,0.33058099982860906,0.33361548251206324,0.25,0.7272727272727273,0.31,False,True,0,3,0.1,1,38,0.02564102564102564,0.2,15,0.0,0.05,0.05,0.0,0.0
revocation,0.05,0.7,,random,0.0,48,18,False,0.3104357498714568,0.31271161188404745,0.25,0.7368421052631579,0.3076923076923077,False,True,0,3,0.1,1,39,0.025,0.25,16,0.0,0.05,0.05,0.0,0.0
revocation,0.05,0.7,,random,0.0,48,19,False,0.2953268124035926,0.2970337089130356,0.2,0.746031746031746,0.3,False,True,0,3,0.1,1,38,0.02564102564102564,0.29411764705882354,17,0.0,0.05,0.05,0.0,0.0
revocation,0.05,0.7,,random,0.0,48,20,False,0.27149510930269444,0.2727752816847767,0.1,0.7352941176470589,0.3017241379310345,False,True,0,3,0.3,1,37,0.02631578947368421,0.3333333333333333,18,0.0,0.05,0.05000000000000001,6.938893903907228e-18,0.0
revocation,0.05,0.7,,random,0.0,48,21,False,0.23695466531035417,0.257879092209424,0.05,0.7397260273972602,0.29508196721311475,False,True,0,3,0.3,9,33,0.21428571428571427,0.4,27,0.0,0.05,0.05000000000000001,6.938893903907228e-18,0.0
revocation,0.05,0.7,,random,0.0,48,22,False,0.20271599898276563,0.249659319157068,0.0,0.725,0.2932330827067669,False,True,0,3,0.5,10,24,0.29411764705882354,0.4,37,0.0,0.05,0.05,0.0,0.0
revocation,0.05,0.7,,random,0.0,48,23,False,0.18060842780850278,0.23724448936780101,0.0,0.7349397590361446,0.2978723404255319,True,True,0,4,0.1,10,25,0.2857142857142857,0.45,26,0.0,0.05,0.05,0.0,0.0
revocation,0.05,0.7,,random,0.0,48,24,False,0.14349203514209138,0.19762126399278493,0.0,0.7294117647058823,0.2916666666666667,False,True,0,4,0.1,1,40,0.024390243902439025,0.5,27,0.0,0.05,0.05,0.0,0.0
revocation,0.05,0.7,,random,0.0,48,25,False,0.11654759778513997,0.2107159479945887,0.0,0.7362637362637363,0.29333333333333333,False,True,0,4,0.1,2,35,0.05405405405405406,0.45,29,0.0,0.05,0.05,0.0,0.0
revocation,0.05,0.7,,random,0.0,48,26,False,0.09544641262456925,0.21428696099594152,0.0,0.7340425531914894,0.2903225806451613,True,True,0,5,0.0,1,43,0.022727272727272728,0.42857142857142855,14,0.0,0.05,0.05,0.0,0.0
revocation,0.05,0.7,,random,0.0,48,27,False,0.07158480946842695,0.16071522074695616,0.0,0.7346938775510204,0.2893081761006289,False,True,0,5,0.0,0,46,0.0,0.42857142857142855,14,0.0,0.05,0.05,0.0,0.0
revocation,0.05,0.7,,random,0.0,48,28,False,0.053688607101320215,0.12053641556021712,0.0,0.7326732673267327,0.28484848484848485,False,True,0,5,0.0,0,40,0.0,0.42857142857142855,14,0.0,0.05,0.05,0.0,0.0
revocation,0.05,0.7,,random,0.0,48,29,False,0.04026645532599016,0.09040231167016284,0.0,0.7238095238095238,0.28488372093023256,False,True,0,5,0.0,0,38,0.0,0.42857142857142855,14,0.0,0.05,0.05,0.0,0.0
revocation,0.05,0.7,,random,0.0,48,30,False,0.03019984149449262,0.06780173375262213,0.0,0.7297297297297297,0.2777777777777778,False,True,0,5,0.0,0,39,0.0,0.42857142857142855,14,0.0,0.05,0.05,0.0,0.0
revocation,0.05,0.7,,random,0.0,48,31,False,0.022649881120869464,0.0508513003144666,0.0,0.7094017094017094,0.28272251308900526,False,True,0,5,0.2,0,37,0.0,0.42857142857142855,14,0.0,0.05,0.05,0.0,0.0
revocation,0.05,0.7,,random,0.0,48,32,False,0.032293533289631686,0.0713848566271019,0.0,0.7166666666666667,0.28061224489795916,True,True,0,6,0.0,12,32,0.2727272727272727,0.16666666666666666,6,0.0,0.05,0.05,0.0,0.0
revocation,0.05,0.7,,random,0.0,48,33,False,0.024220149967223766,0.05353864247032642,0.0,0.7131147540983607,0.2814070351758794,False,True,0,6,0.0,0,46,0.0,0.16666666666666666,6,0.0,0.05,0.05,0.0,0.0
revocation,0.05,0.7,,random,0.0,48,34,False,0.018165112475417827,0.04015398185274482,0.0,0.7007874015748031,0.28640776699029125,False,True,0,6,0.2,0,37,0.0,0.16666666666666666,6,0.0,0.05,0.05,0.0,0.0
revocation,0.05,0.7,,random,0.0,48,35,False,0.019576215308944322,0.03692300257345753,0.0,0.7099236641221374,0.2783018867924528,False,True,0,6,0.2,3,35,0.07894736842105263,0.2222222222222222,9,0.0,0.05,0.05,0.0,0.0
revocation,0.05,0.7,,random,0.0,48,36,False,0.022618669418216174,0.05547002970787092,0.0,0.7014925373134329,0.2772727272727273,False,True,0,6,0.3,3,37,0.075,0.16666666666666666,12,0.0,0.05,0.05000000000000001,6.938893903907228e-18,0.0
revocation,0.05,0.7,,random,0.0,48,37,False,0.02589257349223356,0.06243585561423652,0.0,0.7050359712230215,0.2743362831858407,False,True,0,6,0.3,6,33,0.15384615384615385,0.16666666666666666,18,0.0,0.05,0.05000000000000001,6.938893903907228e-18,0.0
revocation,0.05,0.7,,random,0.0,48,38,False,0.0283480015477466,0.06766022504401072,0.0,0.7021276595744681,0.27510917030567683,False,True,0,6,0.5,8,40,0.16666666666666666,0.25,26,0.0,0.05,0.05,0.0,0.0
revocation,0.05,0.7,,random,0.0,48,39,False,0.039118144017952806,0.08199516878300804,0.0,0.6917808219178082,0.28085106382978725,True,True,0,7,0.2,13,29,0.30952380952380953,0.25,25,0.0,0.05,0.05,0.0,0.0
revocation,0.05,0.7,,random,0.0,49,0,False,0.0,0.0,0.0,0.0,1.0,False,True,0,0,0.1,0,0,0.0,0.0,0,0.0,0.05,0.05,0.0,0.0
revocation,0.05,0.7,,random,0.0,49,1,False,0.0,0.0,0.16666666666666666,0.16666666666666666,0.8076923076923077,False,True,0,0,0.2,4,42,0.08695652173913043,1.0,4,0.0,0.05,0.05,0.0,0.0
revocation,0.05,0.7,,random,0.0,49,2,False,0.05654761904761905,0.14583333333333334,0.2222222222222222,0.2222222222222222,0.696969696969697,False,True,0,0,0.2,14,30,0.3181818181818182,0.6111111111111112,18,0.0,0.05,0.05,0.0,0.0
revocation,0.05,0.7,,random,0.0,49,3,False,0.10491071428571429,0.21354166666666669,0.3,0.3,0.675,False,True,0,0,0.2,3,37,0.075,0.65,21,0.0,0.05,0.05,0.0,0.0
revocation,0.05,0.7,,random,0.0,49,4,False,0.1599330357142857,0.27890625,0.46153846153846156,0.46153846153846156,0.6041666666666666,True,True,0,1,0.0,7,31,0.18421052631578946,0.8125,16,0.0,0.05,0.05,0.0,0.0
revocation,0.05,0.7,,random,0.0,49,5,False,0.23533439217032967,0.3245643028846154,0.5,0.5,0.5882352941176471,False,True,0,1,0.0,0,42,0.0,0.8125,16,0.0,0.05,0.05,0.0,0.0
revocation,0.05,0.7,,random,0.0,49,6,False,0.3015007941277473,0.36842322716346154,0.5555555555555556,0.5555555555555556,0.5714285714285714,False,True,0,1,0.0,0,41,0.0,0.8125,16,0.0,0.05,0.05,0.0,0.0
revocation,0.05,0.7,,random,0.0,49,7,False,0.36501448448469936,0.41520630926148505,0.55,0.5714285714285714,0.532258064516129,False,True,0,1,0.0,0,43,0.0,0.8125,16,0.0,0.05,0.05,0.0,0.0
revocation,0.05,0.7,,random,0.0,49,8,False,0.4112608633635245,0.4489047319461138,0.55,0.5909090909090909,0.5076923076923077,False,True,0,1,0.0,0,45,0.0,0.8125,16,0.0,0.05,0.05,0.0,0.0
revocation,0.05,0.7,,random,0.0,49,9,False,0.44594564752264343,0.4741785489595854,0.5,0.5833333333333334,0.49295774647887325,False,True,0,1,0.1,0,42,0.0,0.8125,16,0.0,0.05,0.05,0.0,0.0
revocation,0.05,0.7,,random,0.0,49,10,False,0.45945923564198254,0.48063391171968906,0.5,0.6428571428571429,0.4675324675324675,False,True,0,1,0.2,4,33,0.10810810810810811,0.85,20,0.0,0.05,0.05,0.0,0.0
revocation,0.05,0.7,,random,0.0,49,11,False,0.46959442673148694,0.48547543378976676,0.4,0.6470588235294118,0.4588235294117647,False,True,0,1,0.4,6,33,0.15384615384615385,0.9,26,0.0,0.05,0.05,0.0,0.0
revocation,0.05,0.7,,random,0.0,49,12,False,0.47005296290575804,0.526606575342325,0.35,0.65,0.45054945054945056,False,True,0,1,0.5,10,28,0.2631578947368421,0.8,36,0.0,0.05,0.05,0.0,0.0
revocation,0.05,0.7,,random,0.0,49,13,False,0.4641468650364614,0.5387049315067438,0.35,0.6666666666666666,0.44086021505376344,False,True,0,1,0.6,5,34,0.1282051282051282,0.75,41,0.0,0.05,0.05000000000000001,6.938893903907228e-18,0.0
revocation,0.05,0.7,,random,0.0,49,14,False,0.4570387202059174,0.5415286986300578,0.25,0.6521739130434783,0.43564356435643564,True,True,0,2,0.0,22,20,0.5238095238095238,0.85,31,0.0,0.05,0.05,0.0,0.0
revocation,0.05,0.7,,random,0.0,49,15,False,0.40527904015443805,0.46864652397254336,0.2,0.6666666666666666,0.4205607476635514,False,True,0,2,0.0,0,44,0.0,0.85,31,0.0,0.05,0.05,0.0,0.0
revocation,0.05,0.7,,random,0.0,49,16,False,0.3539592801158285,0.40148489297940754,0.15,0.6666666666666666,0.4107142857142857,False,True,0,2,0.1,0,44,0.0,0.85,31,0.0,0.05,0.05,0.0,0.0
revocation,0.05,0.7,,random,0.0,49,17,False,0.3154694600868714,0.422816111994549,0.15,0.6727272727272727,0.4,True,True,0,3,0.0,4,43,0.0851063829787234,0.7647058823529411,17,0.0,0.05,0.05,0.0,0.0
revocation,0.05,0.7,,random,0.0,49,18,False,0.27410209506515354,0.3546120839959117,0.1,0.6779661016949152,0.3884297520661157,False,True,0,3,0.0,0,37,0.0,0.7647058823529411,17,0.0,0.05,0.05,0.0,0.0
revocation,0.05,0.7,,random,0.0,49,19,False,0.23057657129886514,0.2909590629969338,0.05,0.6875,0.384,False,True,0,3,0.3,0,40,0.0,0.7647058823529411,17,0.0,0.05,0.05000000000000001,6.938893903907228e-18,0.0
revocation,0.05,0.7,,random,0.0,49,20,False,0.22372024360019926,0.320057532541818,0.05,0.6923076923076923,0.3798449612403101,False,True,0,3,0.6,9,31,0.225,0.45,26,0.0,0.05,0.05000000000000001,6.938893903907228e-18,0.0
revocation,0.05,0.7,,random,0.0,49,21,False,0.2231473255572923,0.3025431494063635,0.05,0.7101449275362319,0.362962962962963,True,True,0,4,0.3,18,17,0.5142857142857142,0.35,22,0.0,0.05,0.05000000000000001,6.938893903907228e-18,0.0
revocation,0.05,0.7,,random,0.0,49,22,False,0.19593192273939783,0.23940736205477264,0.0,0.7066666666666667,0.3591549295774648,True,True,0,5,0.1,6,37,0.13953488372093023,0.25,12,0.0,0.05,0.05,0.0,0.0
revocation,0.05,0.7,,random,0.0,49,23,False,0.15141322776883406,0.17955552154107948,0.0,0.7215189873417721,0.36,False,True,0,5,0.2,0,36,0.0,0.25,12,0.0,0.05,0.05,0.0,0.0
revocation,0.05,0.7,,random,0.0,49,24,False,0.11802420654091127,0.14742735305538468,0.0,0.7283950617283951,0.34838709677419355,False,True,0,5,0.3,2,38,0.05,0.21428571428571427,14,0.0,0.05,0.05000000000000001,6.938893903907228e-18,0.0
revocation,0.05,0.7,,random,0.0,49,25,False,0.09617121613017324,0.13735622907725278,0.0,0.6931818181818182,0.3614457831325301,False,True,0,5,0.4,11,21,0.34375,0.35,25,0.0,0.05,0.05,0.0,0.0
revocation,0.05,0.7,,random,0.0,49,26,False,0.08462841209762993,0.14676717180793958,0.0,0.6847826086956522,0.36257309941520466,False,True,0,5,0.6,18,31,0.3673469387755102,0.75,43,0.0,0.05,0.05000000000000001,6.938893903907228e-18,0.0
revocation,0.05,0.7,,random,0.0,49,27,False,0.10364988050179388,0.2038253788559547,0.0,0.6875,0.3615819209039548,True,True,0,6,0.2,22,26,0.4583333333333333,0.7,30,0.0,0.05,0.05,0.0,0.0
revocation,0.05,0.7,,random,0.0,49,28,False,0.0902374103763454,0.19445728820804647,0.0,0.69,0.3626373626373626,False,True,0,6,0.3,12,34,0.2608695652173913,0.7,42,0.0,0.05,0.05000000000000001,6.938893903907228e-18,0.0
revocation,0.05,0.7,,random,0.0,49,29,False,0.09267805778225904,0.23334296615603486,0.0,0.6792452830188679,0.37037037037037035,True,True,0,7,0.0,7,24,0.22580645161290322,0.65,26,0.0,0.05,0.05,0.0,0.0
revocation,0.05,0.7,,random,0.0,49,30,False,0.06950854333669429,0.17500722461702614,0.0,0.6756756756756757,0.37055837563451777,False,True,0,7,0.0,0,33,0.0,0.65,26,0.0,0.05,0.05,0.0,0.0
revocation,0.05,0.7,,random,0.0,49,31,False,0.05213140750252072,0.1312554184627696,0.0,0.6896551724137931,0.357487922705314,False,True,0,7,0.1,0,42,0.0,0.65,26,0.0,0.05,0.05,0.0,0.0
revocation,0.05,0.7,,random,0.0,49,32,False,0.0507056984840334,0.09844156384707721,0.0,0.680672268907563,0.3615023474178404,False,True,0,7,0.2,0,37,0.0,0.65,26,0.0,0.05,0.05,0.0,0.0
revocation,0.05,0.7,,random,0.0,49,33,False,0.06124355957731076,0.1522989025034706,0.0,0.6776859504132231,0.3611111111111111,True,True,0,8,0.0,7,41,0.14583333333333334,0.38461538461538464,13,0.0,0.05,0.05,0.0,0.0
revocation,0.05,0.7,,random,0.0,49,34,False,0.045932669682983075,0.11422417687760296,0.0,0.6692307692307692,0.36123348017621143,False,True,0,8,0.0,0,30,0.0,0.38461538461538464,13,0.0,0.05,0.05,0.0,0.0
revocation,0.05,0.7,,random,0.0,49,35,False,0.0344495022622373,0.08566813265820222,0.0,0.6716417910447762,0.3593073593073593,False,True,0,8,0.2,0,46,0.0,0.38461538461538464,13,0.0,0.05,0.05,0.0,0.0
revocation,0.05,0.7,,random,0.0,49,36,False,0.032705258564809846,0.06425109949365167,0.0,0.6811594202898551,0.35,False,True,0,8,0.2,1,40,0.024390243902439025,0.35714285714285715,14,0.0,0.05,0.05,0.0,0.0
revocation,0.05,0.7,,random,0.0,49,37,False,0.030906494944015546,0.0921786729209181,0.0,0.6808510638297872,0.3483606557377049,True,True,0,9,0.1,2,41,0.046511627906976744,0.3333333333333333,9,0.0,0.05,0.05,0.0,0.0
revocation,0.05,0.7,,random,0.0,49,38,False,0.02317987120801166,0.06913400469068857,0.0,0.6805555555555556,0.3481781376518219,False,True,0,9,0.4,0,46,0.0,0.3333333333333333,9,0.0,0.05,0.05,0.0,0.0
revocation,0.05,0.7,,random,0.0,49,39,False,0.035242046263151604,0.06877259926555096,0.0,0.6845637583892618,0.3515625,False,True,0,9,0.6,7,30,0.1891891891891892,0.1875,16,0.0,0.05,0.05000000000000001,6.938893903907228e-18,0.0
revocation,0.05,0.7,,random,0.0,50,0,False,0.0,0.0,0.0,0.0,1.0,False,True,0,0,0.0,0,0,0.0,0.0,0,0.0,0.05,0.05,0.0,0.0
revocation,0.05,0.7,,random,0.0,50,1,False,0.0,0.0,0.21052631578947367,0.21052631578947367,0.8214285714285714,False,True,0,0,0.1,0,42,0.0,0.0,0,0.0,0.05,0.05,0.0,0.0
revocation,0.05,0.7,,random,0.0,50,2,False,0.05263157894736842,0.05263157894736842,0.25,0.34782608695652173,0.7058823529411765,False,True,0,0,0.1,2,44,0.043478260869565216,0.0,2,0.0,0.05,0.05,0.0,0.0
revocation,0.05,0.7,,random,0.0,50,3,False,0.0975093984962406,0.10197368421052631,0.25,0.4,0.6486486486486487,False,True,0,0,0.3,0,43,0.0,0.0,2,0.0,0.05,0.05000000000000001,6.938893903907228e-18,0.0
revocation,0.05,0.7,,random,0.0,50,4,False,0.12670347744360902,0.13898026315789475,0.15,0.43333333333333335,0.627906976744186,True,True,0,1,0.2,9,30,0.23076923076923078,0.7142857142857143,7,0.0,0.05,0.05,0.0,0.0
revocation,0.05,0.7,,random,0.0,50,5,False,0.15268066930719656,0.21227091165413536,0.1,0.4375,0.6,False,True,0,1,0.3,2,44,0.043478260869565216,0.5555555555555556,9,0.0,0.05,0.05000000000000001,6.938893903907228e-18,0.0
revocation,0.05,0.7,,random,0.0,50,6,False,0.16391526388515934,0.24114762818504598,0.05,0.42424242424242425,0.5882352941176471,False,True,0,1,0.4,5,35,0.125,0.5,14,0.0,0.05,0.05,0.0,0.0
revocation,0.05,0.7,,random,0.0,50,7,False,0.15954359077101235,0.2496107211387845,0.05,0.4722222222222222,0.5636363636363636,False,True,0,1,0.6,10,26,0.2777777777777778,0.5,24,0.0,0.05,0.05000000000000001,6.938893903907228e-18,0.0
revocation,0.05,0.7,,random,0.0,50,8,False,0.1723362645068307,0.25595804085408835,0.05,0.48717948717948717,0.5238095238095238,True,True,0,2,0.1,20,28,0.4166666666666667,0.3,24,0.0,0.05,0.05,0.0,0.0
revocation,0.05,0.7,,random,0.0,50,9,False,0.14621648409440874,0.20446853064056628,0.1,0.5348837209302325,0.4782608695652174,False,True,0,2,0.1,4,38,0.09523809523809523,0.25,28,0.0,0.05,0.05,0.0,0.0
revocation,0.05,0.7,,random,0.0,50,10,False,0.13734093449937798,0.1783513979804247,0.1,0.5555555555555556,0.4533333333333333,False,True,0,2,0.2,2,41,0.046511627906976744,0.25,30,0.0,0.05,0.05,0.0,0.0
revocation,0.05,0.7,,random,0.0,50,11,False,0.13068427230310492,0.16528929660194797,0.0,0.5416666666666666,0.46153846153846156,False,True,0,2,0.3,9,33,0.21428571428571427,0.35,39,0.0,0.05,0.05000000000000001,6.938893903907228e-18,0.0
revocation,0.05,0.7,,random,0.0,50,12,False,0.11051320422732869,0.16771697245146097,0.0,0.5660377358490566,0.45348837209302323,False,True,0,2,0.3,6,31,0.16216216216216217,0.55,45,0.0,0.05,0.05000000000000001,6.938893903907228e-18,0.0
revocation,0.05,0.7,,random,0.0,50,13,False,0.10252776031335366,0.19453772933859573,0.0,0.5862068965517241,0.43478260869565216,False,True,0,2,0.4,7,30,0.1891891891891892,0.7,52,0.0,0.05,0.05,0.0,0.0
revocation,0.05,0.7,,random,0.0,50,14,False,0.11439582023501525,0.2334032970039468,0.0,0.5714285714285714,0.4387755102040816,True,True,0,3,0.0,14,23,0.3783783783783784,0.5,36,0.0,0.05,0.05,0.0,0.0
revocation,0.05,0.7,,random,0.0,50,15,False,0.08579686517626142,0.1750524727529601,0.0,0.582089552238806,0.42857142857142855,False,True,0,3,0.1,0,42,0.0,0.5,36,0.0,0.05,0.05,0.0,0.0
revocation,0.05,0.7,,random,0.0,50,16,False,0.06434764888219607,0.13128935456472007,0.0,0.5882352941176471,0.4166666666666667,False,True,0,3,0.2,5,39,0.11363636363636363,0.65,41,0.0,0.05,0.05,0.0,0.0
revocation,0.05,0.7,,random,0.0,50,17,False,0.05986787951878991,0.17971701592354006,0.0,0.589041095890411,0.41739130434782606,False,True,0,3,0.3,7,36,0.16279069767441862,0.6,48,0.0,0.05,0.05000000000000001,6.938893903907228e-18,0.0
revocation,0.05,0.7,,random,0.0,50,18,False,0.05561519535337815,0.20978776194265503,0.0,0.5945945945945946,0.4067796610169492,True,True,0,4,0.1,12,35,0.2553191489361702,0.6,26,0.0,0.05,0.05,0.0,0.0
revocation,0.05,0.7,,random,0.0,50,19,False,0.04171139651503362,0.15734082145699127,0.0,0.5844155844155844,0.408,False,True,0,4,0.3,0,35,0.0,0.6,26,0.0,0.05,0.05000000000000001,6.938893903907228e-18,0.0
revocation,0.05,0.7,,random,0.0,50,20,False,0.052712118814846644,0.11800561609274346,0.0,0.5925925925925926,0.4015151515151515,False,True,0,4,0.3,4,38,0.09523809523809523,0.55,30,0.0,0.05,0.05000000000000001,6.938893903907228e-18,0.0
revocation,0.05,0.7,,random,0.0,50,21,False,0.05917694625399212,0.15578809144450148,0.0,0.6046511627906976,0.39285714285714285,False,True,0,4,0.4,2,35,0.05405405405405406,0.55,32,0.0,0.05,0.05,0.0,0.0
revocation,0.05,0.7,,random,0.0,50,22,False,0.0738469954047798,0.18559106858337612,0.0,0.6153846153846154,0.3835616438356164,False,True,0,4,0.4,6,35,0.14634146341463414,0.3,38,0.0,0.05,0.05,0.0,0.0
revocation,0.05,0.7,,random,0.0,50,23,False,0.07145667512501343,0.1766933014375321,0.0,0.625,0.37662337662337664,False,True,0,4,0.5,8,38,0.17391304347826086,0.25,46,0.0,0.05,0.05,0.0,0.0
revocation,0.05,0.7,,random,0.0,50,24,False,0.06698536348661722,0.16376997607814908,0.0,0.6138613861386139,0.37423312883435583,False,True,0,4,0.6,10,30,0.25,0.55,56,0.0,0.05,0.05000000000000001,6.938893903907228e-18,0.0
revocation,0.05,0.7,,random,0.0,50,25,False,0.0895247369006772,0.1915774820586118,0.0,0.6226415094339622,0.36470588235294116,True,True,0,5,0.0,13,31,0.29545454545454547,0.45,26,0.0,0.05,0.05,0.0,0.0
revocation,0.05,0.7,,random,0.0,50,26,False,0.0671435526755079,0.14368311154395885,0.0,0.6296296296296297,0.3583815028901734,False,True,0,5,0.0,0,47,0.0,0.45,26,0.0,0.05,0.05,0.0,0.0
revocation,0.05,0.7,,random,0.0,50,27,False,0.05035766450663093,0.10776233365796914,0.0,0.6396396396396397,0.3463687150837989,False,True,0,5,0.1,0,46,0.0,0.45,26,0.0,0.05,0.05,0.0,0.0
revocation,0.05,0.7,,random,0.0,50,28,False,0.03776824837997319,0.08082175024347685,0.0,0.6403508771929824,0.34615384615384615,True,True,0,6,0.1,7,41,0.14583333333333334,0.5882352941176471,17,0.0,0.05,0.05,0.0,0.0
revocation,0.05,0.7,,random,0.0,50,29,False,0.028326186284979894,0.060616312682607636,0.0,0.6065573770491803,0.37305699481865284,True,True,0,7,0.0,3,28,0.0967741935483871,0.6666666666666666,15,0.0,0.05,0.05,0.0,0.0
revocation,0.05,0.7,,random,0.0,50,30,False,0.021244639713734918,0.045462234511955725,0.0,0.6190476190476191,0.36363636363636365,False,True,0,7,0.0,0,43,0.0,0.6666666666666666,15,0.0,0.05,0.05,0.0,0.0
revocation,0.05,0.7,,random,0.0,50,31,False,0.01593347978530119,0.034096675883966795,0.0,0.6307692307692307,0.35294117647058826,False,True,0,7,0.1,0,42,0.0,0.6666666666666666,15,0.0,0.05,0.05,0.0,0.0
revocation,0.05,0.7,,random,0.0,50,32,False,0.023854871743737797,0.10795324749172576,0.0,0.6363636363636364,0.3492822966507177,False,True,0,7,0.2,2,37,0.05128205128205128,0.6470588235294118,17,0.0,0.05,0.05,0.0,0.0
revocation,0.05,0.7,,random,0.0,50,33,False,0.04100039750528234,0.1618472885599708,0.0,0.6390977443609023,0.3476190476190476,True,True,0,8,0.0,4,36,0.1,0.4444444444444444,9,0.0,0.05,0.05,0.0,0.0
revocation,0.05,0.7,,random,0.0,50,34,False,0.03075029812896176,0.1213854664199781,0.0,0.6453900709219859,0.3440366972477064,False,True,0,8,0.1,0,32,0.0,0.4444444444444444,9,0.0,0.05,0.05,0.0,0.0
revocation,0.05,0.7,,random,0.0,50,35,False,0.030999231533229255,0.09103909981498358,0.0,0.6413793103448275,0.3452914798206278,False,True,0,8,0.2,3,35,0.07894736842105263,0.3333333333333333,12,0.0,0.05,0.05,0.0,0.0
revocation,0.05,0.7,,random,0.0,50,36,False,0.035154185554683845,0.08451605592055962,0.0,0.6533333333333333,0.3391304347826087,False,True,0,8,0.4,2,30,0.0625,0.2857142857142857,14,0.0,0.05,0.05,0.0,0.0
revocation,0.05,0.7,,random,0.0,50,37,False,0.041671761614992475,0.09910132765470543,0.0,0.6535947712418301,0.33760683760683763,False,True,0,8,0.6,7,37,0.1590909090909091,0.2,21,0.0,0.05,0.05000000000000001,6.938893903907228e-18,0.0
revocation,0.05,0.7,,random,0.0,50,38,False,0.04553953549695865,0.09932599574102907,0.0,0.6582278481012658,0.33195020746887965,False,True,0,8,0.7,13,28,0.3170731707317073,0.3,34,0.0,0.05,0.05,0.0,0.0
revocation,0.05,0.7,,random,0.0,50,39,False,0.05558322305129042,0.11199449680577181,0.0,0.65625,0.3306122448979592,False,True,0,8,0.7,16,30,0.34782608695652173,0.55,50,0.0,0.05,0.05,0.0,0.0
revocation,0.05,0.7,,random,0.0,51,0,False,0.0,0.0,0.0,0.0,1.0,False,True,0,0,0.0,0,0,0.0,0.0,0,0.0,0.05,0.05,0.0,0.0
revocation,0.05,0.7,,random,0.0,51,1,False,0.0,0.0,0.14285714285714285,0.14285714285714285,0.8709677419354839,False,True,0,0,0.2,0,45,0.0,0.0,0,0.0,0.05,0.05,0.0,0.0
revocation,0.05,0.7,,random,0.0,51,2,False,0.03571428571428571,0.03571428571428571,0.2777777777777778,0.2777777777777778,0.7777777777777778,False,True,0,0,0.3,4,34,0.10526315789473684,0.0,4,0.0,0.05,0.05000000000000001,6.938893903907228e-18,0.0
revocation,0.05,0.7,,random,0.0,51,3,False,0.08630952380952382,0.09623015873015874,0.2,0.3333333333333333,0.7209302325581395,True,True,0,1,0.1,11,33,0.25,0.42857142857142855,7,0.0,0.05,0.05,0.0,0.0
revocation,0.05,0.7,,random,0.0,51,4,False,0.1188137755102041,0.12470238095238095,0.1,0.3793103448275862,0.673469387755102,False,True,0,1,0.2,0,39,0.0,0.42857142857142855,7,0.0,0.05,0.05,0.0,0.0
revocation,0.05,0.7,,random,0.0,51,5,False,0.11997767857142859,0.1595982142857143,0.05,0.3870967741935484,0.6415094339622641,True,True,0,2,0.1,7,35,0.16666666666666666,0.6,5,0.0,0.05,0.05,0.0,0.0
revocation,0.05,0.7,,random,0.0,51,6,False,0.11230468750000001,0.20094866071428574,0.0,0.4166666666666667,0.6101694915254238,False,True,0,2,0.2,2,46,0.041666666666666664,0.42857142857142855,7,0.0,0.05,0.05,0.0,0.0
revocation,0.05,0.7,,random,0.0,51,7,False,0.0918815768494898,0.20428292410714288,0.0,0.41025641025641024,0.6190476190476191,False,True,0,2,0.4,8,34,0.19047619047619047,0.6,15,0.0,0.05,0.05,0.0,0.0
revocation,0.05,0.7,,random,0.0,51,8,False,0.1010540397799745,0.22821219308035717,0.0,0.4666666666666667,0.5633802816901409,False,True,0,2,0.4,9,27,0.25,0.65,24,0.0,0.05,0.05,0.0,0.0
revocation,0.05,0.7,,random,0.0,51,9,False,0.11061195840640946,0.2524091448102679,0.0,0.5,0.5394736842105263,False,True,0,2,0.5,11,31,0.2619047619047619,0.6,35,0.0,0.05,0.05,0.0,0.0
revocation,0.05,0.7,,random,0.0,51,10,False,0.12581611166194995,0.2643068586077009,0.0,0.5178571428571429,0.5180722891566265,True,True,0,3,0.0,21,19,0.525,0.35,29,0.0,0.05,0.05,0.0,0.0
revocation,0.05,0.7,,random,0.0,51,11,False,0.09436208374646247,0.1982301439557757,0.0,0.5344827586206896,0.5,False,True,0,3,0.1,0,44,0.0,0.35,29,0.0,0.05,0.05,0.0,0.0
revocation,0.05,0.7,,random,0.0,51,12,False,0.07702156280984686,0.1486726079668318,0.0,0.5396825396825397,0.49473684210526314,False,True,0,3,0.1,1,40,0.024390243902439025,0.3,30,0.0,0.05,0.05,0.0,0.0
revocation,0.05,0.7,,random,0.0,51,13,False,0.06312331496452799,0.11150445597512385,0.0,0.5441176470588235,0.4807692307692308,False,True,0,3,0.1,1,41,0.023809523809523808,0.3,31,0.0,0.05,0.05,0.0,0.0
revocation,0.05,0.7,,random,0.0,51,14,False,0.05269962908053886,0.1002428731748036,0.0,0.5492957746478874,0.47706422018348627,True,True,0,4,0.0,1,42,0.023255813953488372,0.3888888888888889,18,0.0,0.05,0.05,0.0,0.0
revocation,0.05,0.7,,random,0.0,51,15,False,0.03952472181040414,0.07518215488110269,0.0,0.5540540540540541,0.46551724137931033,False,True,0,4,0.1,0,41,0.0,0.3888888888888889,18,0.0,0.05,0.05,0.0,0.0
revocation,0.05,0.7,,random,0.0,51,16,False,0.029643541357803106,0.05638661616082702,0.0,0.5526315789473685,0.4666666666666667,False,True,0,4,0.1,0,46,0.0,0.3888888888888889,18,0.0,0.05,0.05,0.0,0.0
revocation,0.05,0.7,,random,0.0,51,17,False,0.02223265601835233,0.042289962120620264,0.0,0.5512820512820513,0.4596774193548387,False,True,0,4,0.1,1,47,0.020833333333333332,0.42105263157894735,19,0.0,0.05,0.05,0.0,0.0
revocation,0.05,0.7,,random,0.0,51,18,False,0.016674492013764246,0.0317174715904652,0.0,0.5487804878048781,0.4580152671755725,False,True,0,4,0.1,0,39,0.0,0.42105263157894735,19,0.0,0.05,0.05,0.0,0.0
revocation,0.05,0.7,,random,0.0,51,19,False,0.012505869010323186,0.0237881036928489,0.0,0.5555555555555556,0.44680851063829785,False,True,0,4,0.1,0,33,0.0,0.42105263157894735,19,0.0,0.05,0.05,0.0,0.0
revocation,0.05,0.7,,random,0.0,51,20,False,0.009379401757742389,0.017841077769636678,0.0,0.5638297872340425,0.42953020134228187,False,True,0,4,0.3,1,37,0.02631578947368421,0.45,20,0.0,0.05,0.05000000000000001,6.938893903907228e-18,0.0
revocation,0.05,0.7,,random,0.0,51,21,False,0.023105979889735364,0.06491335301891793,0.0,0.5714285714285714,0.42207792207792205,False,True,0,4,0.4,1,38,0.02564102564102564,0.45,21,0.0,0.05,0.05,0.0,0.0
revocation,0.05,0.7,,random,0.0,51,22,False,0.04143662777444439,0.10493501476418846,0.0,0.5769230769230769,0.41875,False,True,0,4,0.5,4,36,0.1,0.3,25,0.0,0.05,0.05,0.0,0.0
revocation,0.05,0.7,,random,0.0,51,23,False,0.047148899402261864,0.11620126107314135,0.0,0.5833333333333334,0.4121212121212121,False,True,0,4,0.6,9,33,0.21428571428571427,0.45,34,0.0,0.05,0.05000000000000001,6.938893903907228e-18,0.0
revocation,0.05,0.7,,random,0.0,51,24,False,0.06750453169455353,0.14340094580485602,0.0,0.5739130434782609,0.41379310344827586,False,True,0,4,0.7,18,17,0.5142857142857142,0.35,52,0.0,0.05,0.05,0.0,0.0
revocation,0.05,0.7,,random,0.0,51,25,False,0.08187839877091516,0.151300709353642,0.0,0.576,0.41621621621621624,False,True,0,4,0.7,16,16,0.5,0.15,68,0.0,0.05,0.05,0.0,0.0
revocation,0.05,0.7,,random,0.0,51,26,False,0.07480165622104351,0.1322255320152315,0.0,0.5703125,0.4148936170212766,True,True,0,5,0.1,17,28,0.37777777777777777,0.3,47,0.0,0.05,0.05,0.0,0.0
revocation,0.05,0.7,,random,0.0,51,27,False,0.056101242165782626,0.09916914901142362,0.0,0.5757575757575758,0.4072164948453608,False,True,0,5,0.1,6,39,0.13333333333333333,0.5,53,0.0,0.05,0.05,0.0,0.0
revocation,0.05,0.7,,random,0.0,51,28,False,0.042075931624336975,0.07437686175856772,0.0,0.5777777777777777,0.40703517587939697,True,True,0,6,0.0,6,33,0.15384615384615385,0.55,38,0.0,0.05,0.05,0.0,0.0
revocation,0.05,0.7,,random,0.0,51,29,False,0.03155694871825273,0.055782646318925794,0.0,0.5766423357664233,0.4077669902912621,False,True,0,6,0.1,0,35,0.0,0.55,38,0.0,0.05,0.05,0.0,0.0
revocation,0.05,0.7,,random,0.0,51,30,False,0.02366771153868955,0.041836984739194345,0.0,0.5704225352112676,0.4131455399061033,False,True,0,6,0.2,4,36,0.1,0.7,42,0.0,0.05,0.05,0.0,0.0
revocation,0.05,0.7,,random,0.0,51,31,False,0.03025078365401716,0.11887773855439576,0.0,0.564625850340136,0.41743119266055045,True,True,0,7,0.1,9,34,0.20930232558139536,0.65,31,0.0,0.05,0.05,0.0,0.0
revocation,0.05,0.7,,random,0.0,51,32,False,0.034295230597655726,0.09624857919791775,0.0,0.5592105263157895,0.4222222222222222,True,True,0,8,0.0,7,34,0.17073170731707318,0.5625,16,0.0,0.05,0.05,0.0,0.0
revocation,0.05,0.7,,random,0.0,51,33,False,0.025721422948241795,0.07218643439843832,0.0,0.5592105263157895,0.42290748898678415,False,True,0,8,0.2,0,44,0.0,0.5625,16,0.0,0.05,0.05,0.0,0.0
revocation,0.05,0.7,,random,0.0,51,34,False,0.03938035292546706,0.08203955885557056,0.0,0.5612903225806452,0.4230769230769231,False,True,0,8,0.3,5,33,0.13157894736842105,0.4,21,0.0,0.05,0.05000000000000001,6.938893903907228e-18,0.0
revocation,0.05,0.7,,random,0.0,51,35,False,0.050963836122671725,0.11152966914167792,0.0,0.5668789808917197,0.41735537190082644,False,True,0,8,0.3,3,37,0.075,0.4,24,0.0,0.05,0.05000000000000001,6.938893903907228e-18,0.0
revocation,0.05,0.7,,random,0.0,51,36,False,0.059651448520575225,0.13364725185625842,0.0,0.5705521472392638,0.4112903225806452,False,True,0,8,0.4,4,30,0.11764705882352941,0.3,28,0.0,0.05,0.05,0.0,0.0
revocation,0.05,0.7,,random,0.0,51,37,False,0.06616715781900284,0.1377354388921938,0.0,0.5748502994011976,0.40711462450592883,True,True,0,9,0.3,15,27,0.35714285714285715,0.25,25,0.0,0.05,0.05000000000000001,6.938893903907228e-18,0.0
revocation,0.05,0.7,,random,0.0,51,38,False,0.05855393979282356,0.13094164727770546,0.0,0.5847953216374269,0.3992248062015504,False,True,0,9,0.4,4,38,0.09523809523809523,0.2,29,0.0,0.05,0.05,0.0,0.0
revocation,0.05,0.7,,random,0.0,51,39,False,0.054629740558903385,0.1232062354582791,0.0,0.5804597701149425,0.39923954372623577,False,True,0,9,0.5,3,40,0.06976744186046512,0.2,32,0.0,0.05,0.05,0.0,0.0
revocation,0.05,0.7,,random,0.5,42,0,False,0.0,0.0,0.0,0.0,1.0,False,True,0,0,0.1,0,0,0.0,0.0,0,0.0,0.05,0.05,0.0,0.0
revocation,0.05,0.7,,random,0.5,42,1,False,0.0,0.0,0.42857142857142855,0.42857142857142855,0.8181818181818182,False,True,0,0,0.5,4,48,0.07692307692307693,0.0,4,0.0,0.05,0.05,0.0,0.0
revocation,0.05,0.7,,random,0.5,42,2,False,0.06887755102040816,0.10714285714285714,0.5,0.5,0.7407407407407407,False,True,0,0,0.5,16,26,0.38095238095238093,0.0,20,0.0,0.05,0.05,0.0,0.0
revocation,0.05,0.7,,random,0.5,42,3,False,0.13201530612244897,0.20535714285714285,0.6666666666666666,0.6666666666666666,0.5882352941176471,True,True,0,1,0.0,12,26,0.3157894736842105,0.0,12,0.0,0.05,0.05,0.0,0.0
revocation,0.05,0.7,,random,0.5,42,4,False,0.2656781462585034,0.32068452380952384,0.6875,0.6875,0.5714285714285714,False,True,0,1,0.0,0,41,0.0,0.0,12,0.0,0.05,0.05,0.0,0.0
revocation,0.05,0.7,,random,0.5,42,5,False,0.37113360969387754,0.4123883928571429,0.6,0.6521739130434783,0.5454545454545454,False,True,0,1,0.0,0,36,0.0,0.0,12,0.0,0.05,0.05,0.0,0.0
revocation,0.05,0.7,,random,0.5,42,6,False,0.4283502072704081,0.45929129464285723,0.55,0.64,0.5531914893617021,False,True,0,1,0.1,0,46,0.0,0.0,12,0.0,0.05,0.05,0.0,0.0
revocation,0.05,0.7,,random,0.5,42,7,False,0.44894122688137755,0.48196847098214296,0.55,0.6896551724137931,0.5,False,True,0,1,0.2,1,36,0.02702702702702703,0.0,13,0.0,0.05,0.05,0.0,0.0
revocation,0.05,0.7,,random,0.5,42,8,False,0.454563063018176,0.4989763532366072,0.5,0.696969696969697,0.45901639344262296,False,True,0,1,0.3,11,36,0.23404255319148937,0.2,24,0.0,0.05,0.05000000000000001,6.938893903907228e-18,0.0
revocation,0.05,0.7,,random,0.5,42,9,False,0.4498508686922035,0.4992322649274554,0.5,0.7222222222222222,0.4307692307692308,True,True,0,2,0.0,13,27,0.325,0.125,16,0.0,0.05,0.05,0.0,0.0
revocation,0.05,0.7,,random,0.5,42,10,False,0.4623881515191526,0.49942419869559157,0.5,0.7368421052631579,0.4117647058823529,False,True,0,2,0.0,0,45,0.0,0.125,16,0.0,0.05,0.05,0.0,0.0
revocation,0.05,0.7,,random,0.5,42,11,False,0.4717911136393644,0.49956814902169366,0.45,0.7380952380952381,0.3972602739726027,False,True,0,2,0.0,0,39,0.0,0.125,16,0.0,0.05,0.05,0.0,0.0
revocation,0.05,0.7,,random,0.5,42,12,False,0.4663433352295233,0.48717611176627024,0.4,0.7391304347826086,0.38461538461538464,False,True,0,2,0.2,0,40,0.0,0.125,16,0.0,0.05,0.05,0.0,0.0
revocation,0.05,0.7,,random,0.5,42,13,False,0.44484678713642817,0.4653820838247027,0.4,0.76,0.36470588235294116,False,True,0,2,0.3,2,36,0.05263157894736842,0.16666666666666666,18,0.0,0.05,0.05000000000000001,6.938893903907228e-18,0.0
revocation,0.05,0.7,,random,0.5,42,14,False,0.42946842368565447,0.449036562868527,0.35,0.7592592592592593,0.35555555555555557,False,True,0,2,0.3,5,38,0.11627906976744186,0.35,23,0.0,0.05,0.05000000000000001,6.938893903907228e-18,0.0
revocation,0.05,0.7,,random,0.5,42,15,False,0.40960131776424086,0.4242774221513953,0.35,0.7678571428571429,0.34408602150537637,True,True,0,3,0.0,11,38,0.22448979591836735,0.5,14,0.0,0.05,0.05,0.0,0.0
revocation,0.05,0.7,,random,0.5,42,16,False,0.3947009883231806,0.4057080666135465,0.25,0.7692307692307693,0.33653846153846156,False,True,0,3,0.0,0,32,0.0,0.5,14,0.0,0.05,0.05,0.0,0.0
revocation,0.05,0.7,,random,0.5,42,17,False,0.35852574124238545,0.3667810499601599,0.2,0.7647058823529411,0.3302752293577982,False,True,0,3,0.0,0,44,0.0,0.5,14,0.0,0.05,0.05,0.0,0.0
revocation,0.05,0.7,,random,0.5,42,18,False,0.3188943059317891,0.3250857874701199,0.2,0.7647058823529411,0.32727272727272727,False,True,0,3,0.2,0,49,0.0,0.5,14,0.0,0.05,0.05,0.0,0.0
revocation,0.05,0.7,,random,0.5,42,19,False,0.2945278723059847,0.3302852347881915,0.15,0.7638888888888888,0.31896551724137934,False,True,0,3,0.5,7,31,0.18421052631578946,0.6,21,0.0,0.05,0.05,0.0,0.0
revocation,0.05,0.7,,random,0.5,42,20,False,0.27446733280091706,0.3414639260911436,0.1,0.7567567567567568,0.31666666666666665,True,True,0,4,0.0,19,26,0.4222222222222222,0.65,20,0.0,0.05,0.05,0.0,0.0
revocation,0.05,0.7,,random,0.5,42,21,False,0.2308504996006878,0.28109794456835774,0.1,0.759493670886076,0.312,False,True,0,4,0.0,0,41,0.0,0.65,20,0.0,0.05,0.05,0.0,0.0
revocation,0.05,0.7,,random,0.5,42,22,False,0.19813787470051583,0.2358234584262683,0.05,0.7647058823529411,0.3053435114503817,False,True,0,4,0.0,0,35,0.0,0.65,20,0.0,0.05,0.05,0.0,0.0
revocation,0.05,0.7,,random,0.5,42,23,False,0.1611034060253869,0.18936759381970125,0.05,0.7613636363636364,0.3014705882352941,False,True,0,4,0.0,0,40,0.0,0.65,20,0.0,0.05,0.05,0.0,0.0
revocation,0.05,0.7,,random,0.5,42,24,False,0.1333275545190402,0.15452569536477595,0.05,0.7640449438202247,0.2978723404255319,False,True,0,4,0.2,0,48,0.0,0.65,20,0.0,0.05,0.05,0.0,0.0
revocation,0.05,0.7,,random,0.5,42,25,False,0.13392423731785158,0.19582743975298156,0.05,0.7555555555555555,0.2986111111111111,False,True,0,4,0.2,9,35,0.20454545454545456,0.4,29,0.0,0.05,0.05,0.0,0.0
revocation,0.05,0.7,,random,0.5,42,26,False,0.1254431779883887,0.20312057981473616,0.05,0.75,0.2953020134228188,True,True,0,5,0.1,6,33,0.15384615384615385,0.45,20,0.0,0.05,0.05,0.0,0.0
revocation,0.05,0.7,,random,0.5,42,27,False,0.1065823834912915,0.16484043486105213,0.05,0.7578947368421053,0.2875816993464052,False,True,0,5,0.1,0,39,0.0,0.45,20,0.0,0.05,0.05,0.0,0.0
revocation,0.05,0.7,,random,0.5,42,28,False,0.09243678761846863,0.1361303261457891,0.05,0.7551020408163265,0.28662420382165604,False,True,0,5,0.2,1,38,0.02564102564102564,0.45,21,0.0,0.05,0.05,0.0,0.0
revocation,0.05,0.7,,random,0.5,42,29,False,0.08897044785670861,0.11732979995246598,0.05,0.76,0.28125,False,True,0,5,0.2,1,37,0.02631578947368421,0.4,22,0.0,0.05,0.05,0.0,0.0
revocation,0.05,0.7,,random,0.5,42,30,False,0.08547783589253145,0.14424734996434949,0.05,0.75,0.28313253012048195,False,True,0,5,0.3,2,41,0.046511627906976744,0.3,24,0.0,0.05,0.05000000000000001,6.938893903907228e-18,0.0
revocation,0.05,0.7,,random,0.5,42,31,False,0.08553694834797002,0.1519355124732621,0.05,0.75,0.2807017543859649,False,True,0,5,0.4,9,26,0.2571428571428571,0.25,33,0.0,0.05,0.05,0.0,0.0
revocation,0.05,0.7,,random,0.5,42,32,False,0.08736699697526322,0.15145163435494657,0.05,0.7454545454545455,0.2857142857142857,False,True,0,5,0.5,10,24,0.29411764705882354,0.15,43,0.0,0.05,0.05,0.0,0.0
revocation,0.05,0.7,,random,0.5,42,33,False,0.08338239058859029,0.13858872576620992,0.05,0.7410714285714286,0.28651685393258425,True,True,0,6,0.1,17,28,0.37777777777777777,0.3,30,0.0,0.05,0.05,0.0,0.0
revocation,0.05,0.7,,random,0.5,42,34,False,0.0750367929414427,0.11644154432465743,0.0,0.7372881355932204,0.28342245989304815,True,True,0,7,0.0,1,38,0.02564102564102564,0.3333333333333333,9,0.0,0.05,0.05,0.0,0.0
revocation,0.05,0.7,,random,0.5,42,35,False,0.056277594706082026,0.08733115824349308,0.0,0.7398373983739838,0.27979274611398963,False,True,0,7,0.1,0,40,0.0,0.3333333333333333,9,0.0,0.05,0.05,0.0,0.0
revocation,0.05,0.7,,random,0.5,42,36,False,0.048160576981942475,0.07224886464166029,0.0,0.7401574803149606,0.2777777777777778,False,True,0,7,0.3,0,39,0.0,0.3333333333333333,9,0.0,0.05,0.05000000000000001,6.938893903907228e-18,0.0
revocation,0.05,0.7,,random,0.5,42,37,False,0.05397757559359972,0.09585331514791187,0.0,0.746268656716418,0.27884615384615385,False,True,0,7,0.5,8,28,0.2222222222222222,0.17647058823529413,17,0.0,0.05,0.05,0.0,0.0
revocation,0.05,0.7,,random,0.5,42,38,False,0.05623948421620819,0.09394880989034568,0.0,0.7536231884057971,0.27102803738317754,True,True,0,8,0.5,9,27,0.25,0.2,15,0.0,0.05,0.05,0.0,0.0
revocation,0.05,0.7,,random,0.5,42,39,False,0.05289389887644186,0.07046160741775925,0.0,0.7535211267605634,0.2727272727272727,True,True,0,9,0.2,20,23,0.46511627906976744,0.45,24,0.0,0.05,0.05,0.0,0.0
revocation,0.05,0.7,,random,0.5,43,0,False,0.0,0.0,0.0,0.0,1.0,False,True,0,0,0.0,0,0,0.0,0.0,0,0.0,0.05,0.05,0.0,0.0
revocation,0.05,0.7,,random,0.5,43,1,False,0.0,0.0,0.09090909090909091,0.09090909090909091,0.8518518518518519,False,True,0,0,0.0,0,50,0.0,0.0,0,0.0,0.05,0.05,0.0,0.0
revocation,0.05,0.7,,random,0.5,43,2,False,0.022727272727272728,0.022727272727272728,0.29411764705882354,0.29411764705882354,0.7352941176470589,False,True,0,0,0.1,0,35,0.0,0.0,0,0.0,0.05,0.05,0.0,0.0
revocation,0.05,0.7,,random,0.5,43,3,False,0.09057486631016043,0.09057486631016043,0.4,0.42857142857142855,0.6190476190476191,False,True,0,0,0.2,1,37,0.02631578947368421,0.0,1,0.0,0.05,0.05,0.0,0.0
revocation,0.05,0.7,,random,0.5,43,4,False,0.16078829258976318,0.16793114973262033,0.35,0.48,0.574468085106383,False,True,0,0,0.5,1,36,0.02702702702702703,0.0,2,0.0,0.05,0.05,0.0,0.0
revocation,0.05,0.7,,random,0.5,43,5,False,0.18934121944232235,0.21344836229946523,0.3,0.5333333333333333,0.509090909090909,False,True,0,0,0.5,16,18,0.47058823529411764,0.3333333333333333,18,0.0,0.05,0.05,0.0,0.0
revocation,0.05,0.7,,random,0.5,43,6,False,0.21879162886745607,0.23508627172459895,0.25,0.53125,0.5172413793103449,False,True,0,0,0.5,10,32,0.23809523809523808,0.35,28,0.0,0.05,0.05,0.0,0.0
revocation,0.05,0.7,,random,0.5,43,7,False,0.23195086450773492,0.2388147037934492,0.2,0.5227272727272727,0.5072463768115942,True,True,0,1,0.2,14,21,0.4,0.5,23,0.0,0.05,0.05,0.0,0.0
revocation,0.05,0.7,,random,0.5,43,8,False,0.22932029123794404,0.2440524340950869,0.15,0.5416666666666666,0.47368421052631576,False,True,0,1,0.2,4,42,0.08695652173913043,0.4,27,0.0,0.05,0.05,0.0,0.0
revocation,0.05,0.7,,random,0.5,43,9,False,0.21395450414274375,0.25178932557131517,0.1,0.54,0.4625,False,True,0,1,0.2,1,41,0.023809523809523808,0.4,28,0.0,0.05,0.05,0.0,0.0
revocation,0.05,0.7,,random,0.5,43,10,False,0.19082302096420065,0.25134199417848635,0.05,0.5384615384615384,0.45977011494252873,False,True,0,1,0.2,3,39,0.07142857142857142,0.35,31,0.0,0.05,0.05,0.0,0.0
revocation,0.05,0.7,,random,0.5,43,11,False,0.16097440858029335,0.23850649563386475,0.0,0.5535714285714286,0.43617021276595747,False,True,0,1,0.2,3,37,0.075,0.4,34,0.0,0.05,0.05,0.0,0.0
revocation,0.05,0.7,,random,0.5,43,12,False,0.12787366357807717,0.2288798717253986,0.0,0.5517241379310345,0.42857142857142855,False,True,0,1,0.2,2,41,0.046511627906976744,0.4,36,0.0,0.05,0.05,0.0,0.0
revocation,0.05,0.7,,random,0.5,43,13,False,0.10304810482641502,0.22165990379404893,0.0,0.5573770491803278,0.4174757281553398,False,True,0,1,0.2,2,45,0.0425531914893617,0.3,38,0.0,0.05,0.05,0.0,0.0
revocation,0.05,0.7,,random,0.5,43,14,False,0.08264322147695412,0.2037449278455367,0.0,0.5714285714285714,0.4074074074074074,False,True,0,1,0.5,2,37,0.05128205128205128,0.3,40,0.0,0.05,0.05,0.0,0.0
revocation,0.05,0.7,,random,0.5,43,15,False,0.07805384467914415,0.19030869588415253,0.0,0.5757575757575758,0.40869565217391307,True,True,0,2,0.0,18,32,0.36,0.5,29,0.0,0.05,0.05,0.0,0.0
revocation,0.05,0.7,,random,0.5,43,16,False,0.05854038350935812,0.1427315219131144,0.0,0.5857142857142857,0.39166666666666666,False,True,0,2,0.0,0,43,0.0,0.5,29,0.0,0.05,0.05,0.0,0.0
revocation,0.05,0.7,,random,0.5,43,17,False,0.043905287632018584,0.10704864143483579,0.0,0.589041095890411,0.3888888888888889,False,True,0,2,0.0,0,45,0.0,0.5,29,0.0,0.05,0.05,0.0,0.0
revocation,0.05,0.7,,random,0.5,43,18,False,0.032928965724013944,0.08028648107612685,0.0,0.5945945945945946,0.3769230769230769,False,True,0,2,0.0,0,42,0.0,0.5,29,0.0,0.05,0.05,0.0,0.0
revocation,0.05,0.7,,random,0.5,43,19,False,0.024696724293010456,0.060214860807095136,0.0,0.5949367088607594,0.3795620437956204,False,True,0,2,0.1,0,37,0.0,0.5,29,0.0,0.05,0.05,0.0,0.0
revocation,0.05,0.7,,random,0.5,43,20,False,0.02745111464832927,0.08258654139930134,0.0,0.5875,0.3776223776223776,False,True,0,2,0.1,2,40,0.047619047619047616,0.4,31,0.0,0.05,0.05,0.0,0.0
revocation,0.05,0.7,,random,0.5,43,21,False,0.027731193129104097,0.11193990604947601,0.0,0.6,0.3708609271523179,True,True,0,3,0.0,1,40,0.024390243902439025,0.5333333333333333,15,0.0,0.05,0.05,0.0,0.0
revocation,0.05,0.7,,random,0.5,43,22,False,0.020798394846828074,0.08395492953710701,0.0,0.6,0.3660130718954248,False,True,0,3,0.0,0,37,0.0,0.5333333333333333,15,0.0,0.05,0.05,0.0,0.0
revocation,0.05,0.7,,random,0.5,43,23,False,0.015598796135121053,0.06296619715283025,0.0,0.6091954022988506,0.36129032258064514,False,True,0,3,0.1,0,44,0.0,0.5333333333333333,15,0.0,0.05,0.05,0.0,0.0
revocation,0.05,0.7,,random,0.5,43,24,False,0.01169909710134079,0.04722464786462269,0.0,0.6063829787234043,0.36585365853658536,False,True,0,3,0.1,4,32,0.1111111111111111,0.631578947368421,19,0.0,0.05,0.05,0.0,0.0
revocation,0.05,0.7,,random,0.5,43,25,False,0.008774322826005593,0.035418485898467016,0.0,0.6224489795918368,0.35714285714285715,False,True,0,3,0.1,5,32,0.13513513513513514,0.7,24,0.0,0.05,0.05,0.0,0.0
revocation,0.05,0.7,,random,0.5,43,26,False,0.0065807421195041935,0.02656386442385026,0.0,0.6336633663366337,0.3546511627906977,False,True,0,3,0.2,4,35,0.10256410256410256,0.85,28,0.0,0.05,0.05,0.0,0.0
revocation,0.05,0.7,,random,0.5,43,27,False,0.004935556589628146,0.019922898317887697,0.0,0.6285714285714286,0.3539325842696629,True,True,0,4,0.0,4,36,0.1,0.7058823529411765,17,0.0,0.05,0.05,0.0,0.0
revocation,0.05,0.7,,random,0.5,43,28,False,0.003701667442221109,0.014942173738415773,0.0,0.6216216216216216,0.3567567567567568,False,True,0,4,0.0,0,35,0.0,0.7058823529411765,17,0.0,0.05,0.05,0.0,0.0
revocation,0.05,0.7,,random,0.5,43,29,False,0.002776250581665832,0.011206630303811829,0.0,0.625,0.35106382978723405,False,True,0,4,0.1,0,46,0.0,0.7058823529411765,17,0.0,0.05,0.05,0.0,0.0
revocation,0.05,0.7,,random,0.5,43,30,False,0.0020821879362493737,0.00840497272785887,0.0,0.6347826086956522,0.34554973821989526,False,True,0,4,0.1,6,36,0.14285714285714285,0.75,23,0.0,0.05,0.05,0.0,0.0
revocation,0.05,0.7,,random,0.5,43,31,False,0.0015616409521870304,0.006303729545894153,0.0,0.639344262295082,0.3434343434343434,False,True,0,4,0.2,4,36,0.1,0.9,27,0.0,0.05,0.05,0.0,0.0
revocation,0.05,0.7,,random,0.5,43,32,False,0.017242659285568843,0.11722779715942061,0.0,0.6356589147286822,0.34782608695652173,False,True,0,4,0.2,5,27,0.15625,0.95,32,0.0,0.05,0.05,0.0,0.0
revocation,0.05,0.7,,random,0.5,43,33,False,0.02989628017846235,0.20667084786956547,0.0,0.6363636363636364,0.3476190476190476,False,True,0,4,0.2,10,41,0.19607843137254902,0.85,42,0.0,0.05,0.05,0.0,0.0
revocation,0.05,0.7,,random,0.5,43,34,False,0.03760078156241819,0.2612531359021741,0.0,0.6397058823529411,0.34579439252336447,True,True,0,5,0.0,6,33,0.15384615384615385,0.8,28,0.0,0.05,0.05,0.0,0.0
revocation,0.05,0.7,,random,0.5,43,35,False,0.02820058617181364,0.19593985192663055,0.0,0.6312056737588653,0.34977578475336324,False,True,0,5,0.0,0,36,0.0,0.8,28,0.0,0.05,0.05,0.0,0.0
revocation,0.05,0.7,,random,0.5,43,36,False,0.02115043962886023,0.1469548889449729,0.0,0.6344827586206897,0.34934497816593885,False,True,0,5,0.0,0,36,0.0,0.8,28,0.0,0.05,0.05,0.0,0.0
revocation,0.05,0.7,,random,0.5,43,37,False,0.015862829721645173,0.11021616670872969,0.0,0.6333333333333333,0.3474576271186441,False,True,0,5,0.0,0,37,0.0,0.8,28,0.0,0.05,0.05,0.0,0.0
revocation,0.05,0.7,,random,0.5,43,38,False,0.01189712229123388,0.08266212503154727,0.0,0.6410256410256411,0.34156378600823045,False,True,0,5,0.0,0,35,0.0,0.8,28,0.0,0.05,0.05,0.0,0.0
revocation,0.05,0.7,,random,0.5,43,39,False,0.008922841718425409,0.06199659377366045,0.0,0.6455696202531646,0.3387096774193548,False,True,0,5,0.0,0,37,0.0,0.8,28,0.0,0.05,0.05,0.0,0.0
revocation,0.05,0.7,,random,0.5,44,0,False,0.0,0.0,0.0,0.0,1.0,False,True,0,0,0.0,0,0,0.0,0.0,0,0.0,0.05,0.05,0.0,0.0
revocation,0.05,0.7,,random,0.5,44,1,False,0.0,0.0,0.3,0.3,0.72,False,True,0,0,0.0,0,43,0.0,0.0,0,0.0,0.05,0.05,0.0,0.0
revocation,0.05,0.7,,random,0.5,44,2,False,0.075,0.075,0.4166666666666667,0.4166666666666667,0.6785714285714286,False,True,0,0,0.1,0,43,0.0,0.0,0,0.0,0.05,0.05,0.0,0.0
revocation,0.05,0.7,,random,0.5,44,3,False,0.16041666666666665,0.16041666666666665,0.5625,0.5625,0.5714285714285714,False,True,0,0,0.2,2,36,0.05263157894736842,0.0,2,0.0,0.05,0.05,0.0,0.0
revocation,0.05,0.7,,random,0.5,44,4,False,0.25089285714285714,0.2609375,0.5789473684210527,0.5789473684210527,0.5384615384615384,False,True,0,0,0.4,2,33,0.05714285714285714,0.5,4,0.0,0.05,0.05,0.0,0.0
revocation,0.05,0.7,,random,0.5,44,5,False,0.33008693609022555,0.34043996710526314,0.6,0.6363636363636364,0.5,True,True,0,1,0.0,14,32,0.30434782608695654,1.0,4,0.0,0.05,0.05,0.0,0.0
revocation,0.05,0.7,,random,0.5,44,6,False,0.3975652020676691,0.4053299753289473,0.55,0.6666666666666666,0.46808510638297873,False,True,0,1,0.0,0,41,0.0,1.0,4,0.0,0.05,0.05,0.0,0.0
revocation,0.05,0.7,,random,0.5,44,7,False,0.43567390155075186,0.4414974814967105,0.45,0.65625,0.48148148148148145,False,True,0,1,0.1,0,40,0.0,1.0,4,0.0,0.05,0.05,0.0,0.0
revocation,0.05,0.7,,random,0.5,44,8,False,0.44907685473449244,0.5123731111225328,0.35,0.6486486486486487,0.4745762711864407,False,True,0,1,0.1,1,44,0.022222222222222223,0.8,5,0.0,0.05,0.05,0.0,0.0
revocation,0.05,0.7,,random,0.5,44,9,False,0.43234335533658363,0.5280298333418996,0.4,0.6666666666666666,0.453125,False,True,0,1,0.2,1,43,0.022727272727272728,0.8333333333333334,6,0.0,0.05,0.05,0.0,0.0
revocation,0.05,0.7,,random,0.5,44,10,False,0.4397337069786282,0.5501890416730914,0.35,0.6744186046511628,0.4166666666666667,False,True,0,1,0.3,8,34,0.19047619047619047,0.7142857142857143,14,0.0,0.05,0.05000000000000001,6.938893903907228e-18,0.0
revocation,0.05,0.7,,random,0.5,44,11,False,0.43031048431560376,0.5456774955405328,0.35,0.7083333333333334,0.38961038961038963,True,True,0,2,0.2,11,35,0.2391304347826087,0.5454545454545454,11,0.0,0.05,0.05,0.0,0.0
revocation,0.05,0.7,,random,0.5,44,12,False,0.4102328632367029,0.49675812165539956,0.2,0.6792452830188679,0.39759036144578314,False,True,0,2,0.2,5,33,0.13157894736842105,0.6875,16,0.0,0.05,0.05,0.0,0.0
revocation,0.05,0.7,,random,0.5,44,13,False,0.35767464742752714,0.42256859124154966,0.1,0.6666666666666666,0.3977272727272727,True,True,0,3,0.1,4,37,0.0975609756097561,0.7,10,0.0,0.05,0.05,0.0,0.0
revocation,0.05,0.7,,random,0.5,44,14,False,0.29325598557064536,0.3419264434311623,0.1,0.6833333333333333,0.375,False,True,0,3,0.2,0,35,0.0,0.7,10,0.0,0.05,0.05,0.0,0.0
revocation,0.05,0.7,,random,0.5,44,15,False,0.24494198917798404,0.2814448325733717,0.0,0.6615384615384615,0.38235294117647056,False,True,0,3,0.3,7,35,0.16666666666666666,0.7647058823529411,17,0.0,0.05,0.05000000000000001,6.938893903907228e-18,0.0
revocation,0.05,0.7,,random,0.5,44,16,False,0.19736195406836196,0.27183428680893296,0.0,0.6666666666666666,0.37962962962962965,False,True,0,3,0.4,9,37,0.1956521739130435,0.9,26,0.0,0.05,0.05,0.0,0.0
revocation,0.05,0.7,,random,0.5,44,17,False,0.1801643226941286,0.3163757151066997,0.0,0.676056338028169,0.36936936936936937,True,True,0,4,0.0,18,30,0.375,0.75,26,0.0,0.05,0.05,0.0,0.0
revocation,0.05,0.7,,random,0.5,44,18,False,0.13512324202059647,0.23728178633002478,0.0,0.6756756756756757,0.358974358974359,False,True,0,4,0.0,0,39,0.0,0.75,26,0.0,0.05,0.05,0.0,0.0
revocation,0.05,0.7,,random,0.5,44,19,False,0.10134243151544735,0.1779613397475186,0.0,0.675,0.36,False,True,0,4,0.0,0,36,0.0,0.75,26,0.0,0.05,0.05,0.0,0.0
revocation,0.05,0.7,,random,0.5,44,20,False,0.07600682363658551,0.13347100481063895,0.0,0.6904761904761905,0.3409090909090909,False,True,0,4,0.1,0,41,0.0,0.75,26,0.0,0.05,0.05,0.0,0.0
revocation,0.05,0.7,,random,0.5,44,21,False,0.07039797487029628,0.19385325360797923,0.0,0.7011494252873564,0.3284671532846715,False,True,0,4,0.1,0,38,0.0,0.75,26,0.0,0.05,0.05,0.0,0.0
revocation,0.05,0.7,,random,0.5,44,22,False,0.06619133829557935,0.23913994020598442,0.0,0.7078651685393258,0.32142857142857145,False,True,0,4,0.3,2,41,0.046511627906976744,0.7,28,0.0,0.05,0.05000000000000001,6.938893903907228e-18,0.0
revocation,0.05,0.7,,random,0.5,44,23,False,0.08714350372168451,0.2668549551544883,0.0,0.7078651685393258,0.3146853146853147,False,True,0,4,0.3,7,36,0.16279069767441862,0.5,35,0.0,0.05,0.05000000000000001,6.938893903907228e-18,0.0
revocation,0.05,0.7,,random,0.5,44,24,False,0.09214334207697768,0.26264121636586624,0.0,0.723404255319149,0.30405405405405406,False,True,0,4,0.4,4,33,0.10810810810810811,0.45,39,0.0,0.05,0.05,0.0,0.0
revocation,0.05,0.7,,random,0.5,44,25,False,0.0932146494148761,0.2532309122743997,0.0,0.7142857142857143,0.3051948051948052,True,True,0,5,0.1,13,34,0.2765957446808511,0.5,18,0.0,0.05,0.05,0.0,0.0
revocation,0.05,0.7,,random,0.5,44,26,False,0.06991098706115709,0.1899231842057998,0.0,0.7070707070707071,0.3018867924528302,False,True,0,5,0.2,4,42,0.08695652173913043,0.6,22,0.0,0.05,0.05,0.0,0.0
revocation,0.05,0.7,,random,0.5,44,27,False,0.06314752601015353,0.14244238815434984,0.0,0.696078431372549,0.3090909090909091,False,True,0,5,0.3,10,35,0.2222222222222222,0.6,32,0.0,0.05,0.05000000000000001,6.938893903907228e-18,0.0
revocation,0.05,0.7,,random,0.5,44,28,False,0.06878921593618657,0.14223195028135394,0.0,0.6886792452830188,0.31176470588235294,False,True,0,5,0.5,11,30,0.2682926829268293,0.55,43,0.0,0.05,0.05,0.0,0.0
revocation,0.05,0.7,,random,0.5,44,29,False,0.07123476909499708,0.17542396271101546,0.0,0.6818181818181818,0.3142857142857143,True,True,0,6,0.0,23,22,0.5111111111111111,0.65,29,0.0,0.05,0.05,0.0,0.0
revocation,0.05,0.7,,random,0.5,44,30,False,0.0534260768212478,0.1315679720332616,0.0,0.672566371681416,0.3149171270718232,False,True,0,6,0.0,0,41,0.0,0.65,29,0.0,0.05,0.05,0.0,0.0
revocation,0.05,0.7,,random,0.5,44,31,False,0.04006955761593586,0.0986759790249462,0.0,0.6810344827586207,0.30851063829787234,False,True,0,6,0.0,0,38,0.0,0.65,29,0.0,0.05,0.05,0.0,0.0
revocation,0.05,0.7,,random,0.5,44,32,False,0.03005216821195189,0.07400698426870965,0.0,0.6885245901639344,0.3076923076923077,False,True,0,6,0.0,0,36,0.0,0.65,29,0.0,0.05,0.05,0.0,0.0
revocation,0.05,0.7,,random,0.5,44,33,False,0.022539126158963918,0.055505238201532234,0.0,0.68,0.31,False,True,0,6,0.2,0,39,0.0,0.65,29,0.0,0.05,0.05,0.0,0.0
revocation,0.05,0.7,,random,0.5,44,34,False,0.028511487476365793,0.10026376360434346,0.0,0.6771653543307087,0.3073170731707317,False,True,0,6,0.4,6,37,0.13953488372093023,0.65,35,0.0,0.05,0.05,0.0,0.0
revocation,0.05,0.7,,random,0.5,44,35,False,0.056205044178702916,0.15644782270325758,0.0,0.6592592592592592,0.32558139534883723,True,True,0,7,0.1,14,23,0.3783783783783784,0.45,31,0.0,0.05,0.05,0.0,0.0
revocation,0.05,0.7,,random,0.5,44,36,False,0.05018949741974148,0.11774641358275376,0.0,0.656934306569343,0.32272727272727275,False,True,0,7,0.1,2,38,0.05,0.5,33,0.0,0.05,0.05,0.0,0.0
revocation,0.05,0.7,,random,0.5,44,37,False,0.046570694493377536,0.15080981018706532,0.0,0.6595744680851063,0.32,False,True,0,7,0.1,1,36,0.02702702702702703,0.45,34,0.0,0.05,0.05,0.0,0.0
revocation,0.05,0.7,,random,0.5,44,38,False,0.04296373515574743,0.169357357640299,0.0,0.6597222222222222,0.3173913043478261,True,True,0,8,0.0,1,43,0.022727272727272728,0.5,21,0.0,0.05,0.05,0.0,0.0
revocation,0.05,0.7,,random,0.5,44,39,False,0.03222280136681058,0.12701801823022424,0.0,0.6621621621621622,0.3148936170212766,False,True,0,8,0.0,0,46,0.0,0.5,21,0.0,0.05,0.05,0.0,0.0
revocation,0.05,0.7,,random,0.5,45,0,False,0.0,0.0,0.0,0.0,1.0,False,True,0,0,0.2,0,0,0.0,0.0,0,0.0,0.05,0.05,0.0,0.0
revocation,0.05,0.7,,random,0.5,45,1,False,0.0,0.0,0.35294117647058826,0.35294117647058826,0.8064516129032258,True,True,0,1,0.1,5,39,0.11363636363636363,0.0,1,0.0,0.05,0.05,0.0,0.0
revocation,0.05,0.7,,random,0.5,45,2,False,0.08193277310924371,0.08823529411764706,0.35294117647058826,0.35294117647058826,0.7575757575757576,False,True,0,1,0.2,3,46,0.061224489795918366,0.0,4,0.0,0.05,0.05,0.0,0.0
revocation,0.05,0.7,,random,0.5,45,3,False,0.13707983193277312,0.15441176470588236,0.4,0.42857142857142855,0.6842105263157895,False,True,0,1,0.2,1,41,0.023809523809523808,0.0,5,0.0,0.05,0.05,0.0,0.0
revocation,0.05,0.7,,random,0.5,45,4,False,0.18852415966386557,0.21580882352941178,0.4,0.4782608695652174,0.6190476190476191,False,True,0,1,0.2,4,32,0.1111111111111111,0.0,9,0.0,0.05,0.05,0.0,0.0
revocation,0.05,0.7,,random,0.5,45,5,False,0.22710740546218486,0.2618566176470588,0.4,0.4782608695652174,0.6046511627906976,False,True,0,1,0.4,3,41,0.06818181818181818,0.0,12,0.0,0.05,0.05,0.0,0.0
revocation,0.05,0.7,,random,0.5,45,6,False,0.2489019826680672,0.2963924632352941,0.35,0.5185185185185185,0.56,True,True,0,2,0.2,9,32,0.21951219512195122,0.25,8,0.0,0.05,0.05,0.0,0.0
revocation,0.05,0.7,,random,0.5,45,7,False,0.2723907727153361,0.3097943474264706,0.25,0.5161290322580645,0.5555555555555556,True,True,0,3,0.0,10,33,0.23255813953488372,0.5833333333333334,12,0.0,0.05,0.05,0.0,0.0
revocation,0.05,0.7,,random,0.5,45,8,False,0.2667930795365021,0.29484576056985295,0.2,0.5151515151515151,0.5254237288135594,False,True,0,3,0.0,0,49,0.0,0.5833333333333334,12,0.0,0.05,0.05,0.0,0.0
revocation,0.05,0.7,,random,0.5,45,9,False,0.25009480965237657,0.2711343204273897,0.2,0.5428571428571428,0.484375,False,True,0,3,0.0,0,40,0.0,0.5833333333333334,12,0.0,0.05,0.05,0.0,0.0
revocation,0.05,0.7,,random,0.5,45,10,False,0.2375711072392824,0.2533507403205423,0.2,0.6,0.45714285714285713,False,True,0,3,0.1,0,41,0.0,0.5833333333333334,12,0.0,0.05,0.05,0.0,0.0
revocation,0.05,0.7,,random,0.5,45,11,False,0.23502356852469994,0.2879297219070734,0.2,0.627906976744186,0.44594594594594594,False,True,0,3,0.1,3,36,0.07692307692307693,0.4666666666666667,15,0.0,0.05,0.05,0.0,0.0
revocation,0.05,0.7,,random,0.5,45,12,False,0.23102958115542968,0.29928062476363837,0.2,0.6382978723404256,0.4375,False,True,0,3,0.1,0,45,0.0,0.4666666666666667,15,0.0,0.05,0.05,0.0,0.0
revocation,0.05,0.7,,random,0.5,45,13,False,0.22803409062847704,0.3077938019060621,0.2,0.6666666666666666,0.4166666666666667,False,True,0,3,0.1,1,37,0.02631578947368421,0.5,16,0.0,0.05,0.05,0.0,0.0
revocation,0.05,0.7,,random,0.5,45,14,False,0.22638271082850062,0.31834535142954656,0.2,0.6727272727272727,0.4065934065934066,True,True,0,4,0.0,3,37,0.075,0.45454545454545453,11,0.0,0.05,0.05,0.0,0.0
revocation,0.05,0.7,,random,0.5,45,15,False,0.21978703312137546,0.28875901357215994,0.15,0.6724137931034483,0.3877551020408163,False,True,0,4,0.1,0,44,0.0,0.45454545454545453,11,0.0,0.05,0.05,0.0,0.0
revocation,0.05,0.7,,random,0.5,45,16,False,0.20234027484103162,0.25406926017911996,0.1,0.6666666666666666,0.39805825242718446,False,True,0,4,0.1,1,42,0.023255813953488372,0.4166666666666667,12,0.0,0.05,0.05,0.0,0.0
revocation,0.05,0.7,,random,0.5,45,17,False,0.17675520613077372,0.21555194513433998,0.05,0.671875,0.3925233644859813,False,True,0,4,0.1,0,45,0.0,0.4166666666666667,12,0.0,0.05,0.05,0.0,0.0
revocation,0.05,0.7,,random,0.5,45,18,False,0.1450664045980803,0.174163958850755,0.05,0.6818181818181818,0.38738738738738737,False,True,0,4,0.2,1,42,0.023255813953488372,0.38461538461538464,13,0.0,0.05,0.05,0.0,0.0
revocation,0.05,0.7,,random,0.5,45,19,False,0.12727507817383496,0.16087180917665925,0.0,0.6666666666666666,0.3813559322033898,False,True,0,4,0.2,2,36,0.05263157894736842,0.4666666666666667,15,0.0,0.05,0.05,0.0,0.0
revocation,0.05,0.7,,random,0.5,45,20,False,0.10378964196370954,0.17898719021582776,0.0,0.68,0.3709677419354839,True,True,0,5,0.0,1,37,0.02631578947368421,0.6666666666666666,6,0.0,0.05,0.05,0.0,0.0
revocation,0.05,0.7,,random,0.5,45,21,False,0.07784223147278216,0.13424039266187082,0.0,0.6835443037974683,0.3671875,False,True,0,5,0.0,0,41,0.0,0.6666666666666666,6,0.0,0.05,0.05,0.0,0.0
revocation,0.05,0.7,,random,0.5,45,22,False,0.05838167360458662,0.10068029449640312,0.0,0.691358024691358,0.3684210526315789,False,True,0,5,0.0,0,36,0.0,0.6666666666666666,6,0.0,0.05,0.05,0.0,0.0
revocation,0.05,0.7,,random,0.5,45,23,False,0.04378625520343996,0.07551022087230233,0.0,0.6941176470588235,0.36231884057971014,False,True,0,5,0.1,0,45,0.0,0.6666666666666666,6,0.0,0.05,0.05,0.0,0.0
revocation,0.05,0.7,,random,0.5,45,24,False,0.04474445330734188,0.11074775543390714,0.0,0.6813186813186813,0.36551724137931035,False,True,0,5,0.5,2,36,0.05263157894736842,0.5,8,0.0,0.05,0.05,0.0,0.0
revocation,0.05,0.7,,random,0.5,45,25,False,0.06034405426622069,0.14556081657543035,0.0,0.6736842105263158,0.36423841059602646,True,True,0,6,0.2,17,24,0.4146341463414634,0.5,14,0.0,0.05,0.05,0.0,0.0
revocation,0.05,0.7,,random,0.5,45,26,False,0.054186612128236944,0.1250541599613214,0.0,0.6732673267326733,0.36538461538461536,False,True,0,6,0.2,8,29,0.21621621621621623,0.5,22,0.0,0.05,0.05,0.0,0.0
revocation,0.05,0.7,,random,0.5,45,27,False,0.04956853052474914,0.15629061997099106,0.0,0.6699029126213593,0.3670886075949367,False,True,0,6,0.2,8,38,0.17391304347826086,0.7,30,0.0,0.05,0.05,0.0,0.0
revocation,0.05,0.7,,random,0.5,45,28,False,0.049676397893561854,0.2047179649782433,0.0,0.6788990825688074,0.3575757575757576,False,True,0,6,0.2,8,35,0.18604651162790697,0.85,38,0.0,0.05,0.05,0.0,0.0
revocation,0.05,0.7,,random,0.5,45,29,False,0.052435869848742815,0.25978847373368247,0.0,0.6578947368421053,0.3684210526315789,False,True,0,6,0.4,5,31,0.1388888888888889,0.9,43,0.0,0.05,0.05,0.0,0.0
revocation,0.05,0.7,,random,0.5,45,30,False,0.07146975952941426,0.30734135530026185,0.0,0.6637931034482759,0.3651685393258427,False,True,0,6,0.5,7,29,0.19444444444444445,0.85,50,0.0,0.05,0.05,0.0,0.0
revocation,0.05,0.7,,random,0.5,45,31,False,0.09913803393277497,0.3367560164751964,0.0,0.6583333333333333,0.3641304347826087,False,True,0,6,0.5,14,29,0.32558139534883723,0.8,64,0.0,0.05,0.05,0.0,0.0
revocation,0.05,0.7,,random,0.5,45,32,False,0.1172106683067241,0.3525670123563973,0.0,0.6377952755905512,0.3769633507853403,True,True,0,7,0.1,17,23,0.425,0.75,45,0.0,0.05,0.05,0.0,0.0
revocation,0.05,0.7,,random,0.5,45,33,False,0.10130085837290022,0.264425259267298,0.0,0.6363636363636364,0.37185929648241206,False,True,0,7,0.2,2,34,0.05555555555555555,0.65,47,0.0,0.05,0.05,0.0,0.0
revocation,0.05,0.7,,random,0.5,45,34,False,0.09918992949396087,0.1983189444504735,0.0,0.6417910447761194,0.3627450980392157,False,True,0,7,0.3,3,37,0.075,0.5,50,0.0,0.05,0.05000000000000001,6.938893903907228e-18,0.0
revocation,0.05,0.7,,random,0.5,45,35,False,0.10117816140618494,0.20419722239514299,0.0,0.6397058823529411,0.3605769230769231,True,True,0,8,0.1,7,43,0.14,0.65,24,0.0,0.05,0.05,0.0,0.0
revocation,0.05,0.7,,random,0.5,45,36,False,0.08749076391178157,0.15314791679635725,0.0,0.6453900709219859,0.3598130841121495,False,True,0,8,0.1,1,33,0.029411764705882353,0.6,25,0.0,0.05,0.05,0.0,0.0
revocation,0.05,0.7,,random,0.5,45,37,False,0.07633235864812189,0.17570458566675562,0.0,0.6527777777777778,0.35,False,True,0,8,0.1,4,42,0.08695652173913043,0.4,29,0.0,0.05,0.05,0.0,0.0
revocation,0.05,0.7,,random,0.5,45,38,False,0.06439212612894855,0.1817784392500667,0.0,0.6530612244897959,0.3466666666666667,False,True,0,8,0.1,3,42,0.06666666666666667,0.25,32,0.0,0.05,0.05,0.0,0.0
revocation,0.05,0.7,,random,0.5,45,39,False,0.052758380310997124,0.16758382943755,0.0,0.6490066225165563,0.34782608695652173,False,True,0,8,0.2,3,39,0.07142857142857142,0.1,35,0.0,0.05,0.05,0.0,0.0
revocation,0.05,0.7,,random,0.5,46,0,False,0.0,0.0,0.0,0.0,1.0,False,True,0,0,0.1,0,0,0.0,0.0,0,0.0,0.05,0.05,0.0,0.0
revocation,0.05,0.7,,random,0.5,46,1,False,0.0,0.0,0.2,0.2,0.84,False,True,0,0,0.2,3,41,0.06818181818181818,0.0,3,0.0,0.05,0.05,0.0,0.0
revocation,0.05,0.7,,random,0.5,46,2,False,0.04642857142857143,0.05,0.4,0.4,0.7096774193548387,False,True,0,0,0.2,3,33,0.08333333333333333,0.0,6,0.0,0.05,0.05,0.0,0.0
revocation,0.05,0.7,,random,0.5,46,3,False,0.12767857142857145,0.1375,0.4117647058823529,0.4117647058823529,0.6666666666666666,False,True,0,0,0.3,2,41,0.046511627906976744,0.0,8,0.0,0.05,0.05000000000000001,6.938893903907228e-18,0.0
revocation,0.05,0.7,,random,0.5,46,4,False,0.18399422268907561,0.20606617647058822,0.5,0.5652173913043478,0.5581395348837209,False,True,0,0,0.5,3,29,0.09375,0.0,11,0.0,0.05,0.05,0.0,0.0
revocation,0.05,0.7,,random,0.5,46,5,False,0.2362099527310924,0.27954963235294117,0.45,0.5769230769230769,0.5208333333333334,False,True,0,0,0.7,9,34,0.20930232558139536,0.3,20,0.0,0.05,0.05,0.0,0.0
revocation,0.05,0.7,,random,0.5,46,6,False,0.27626460740546216,0.32216222426470587,0.25,0.53125,0.5178571428571429,True,True,0,1,0.0,26,18,0.5909090909090909,0.4,24,0.0,0.05,0.05,0.0,0.0
revocation,0.05,0.7,,random,0.5,46,7,False,0.2696984555540966,0.30412166819852937,0.25,0.5454545454545454,0.4915254237288136,False,True,0,1,0.0,0,46,0.0,0.4,24,0.0,0.05,0.05,0.0,0.0
revocation,0.05,0.7,,random,0.5,46,8,False,0.26477384166557244,0.29059125114889706,0.2,0.5263157894736842,0.5,False,True,0,1,0.1,0,39,0.0,0.4,24,0.0,0.05,0.05,0.0,0.0
revocation,0.05,0.7,,random,0.5,46,9,False,0.24858038124917936,0.2679434383616728,0.2,0.5714285714285714,0.4647887323943662,False,True,0,1,0.3,0,44,0.0,0.4,24,0.0,0.05,0.05000000000000001,6.938893903907228e-18,0.0
revocation,0.05,0.7,,random,0.5,46,10,False,0.2400067145083131,0.2759575787712546,0.05,0.5625,0.46153846153846156,True,True,0,2,0.1,8,30,0.21052631578947367,0.3333333333333333,12,0.0,0.05,0.05,0.0,0.0
revocation,0.05,0.7,,random,0.5,46,11,False,0.19250503588123483,0.21946818407844096,0.05,0.58,0.43373493975903615,False,True,0,2,0.2,1,42,0.023255813953488372,0.38461538461538464,13,0.0,0.05,0.05,0.0,0.0
revocation,0.05,0.7,,random,0.5,46,12,False,0.16285405163620087,0.1880328504208526,0.05,0.5769230769230769,0.43023255813953487,False,True,0,2,0.2,1,48,0.02040816326530612,0.35714285714285715,14,0.0,0.05,0.05,0.0,0.0
revocation,0.05,0.7,,random,0.5,46,13,False,0.14012523260470167,0.19191749495849658,0.0,0.5740740740740741,0.42857142857142855,False,True,0,2,0.3,1,35,0.027777777777777776,0.3333333333333333,15,0.0,0.05,0.05000000000000001,6.938893903907228e-18,0.0
revocation,0.05,0.7,,random,0.5,46,14,False,0.11699868635828815,0.1856047878855391,0.0,0.5964912280701754,0.4105263157894737,False,True,0,2,0.5,2,40,0.047619047619047616,0.29411764705882354,17,0.0,0.05,0.05,0.0,0.0
revocation,0.05,0.7,,random,0.5,46,15,False,0.10875741813006065,0.17596829679650727,0.0,0.6153846153846154,0.3942307692307692,False,True,0,2,0.5,17,24,0.4146341463414634,0.15,34,0.0,0.05,0.05,0.0,0.0
revocation,0.05,0.7,,random,0.5,46,16,False,0.0922823493118312,0.15072622259738044,0.0,0.6029411764705882,0.3944954128440367,True,True,0,3,0.0,13,31,0.29545454545454547,0.15,26,0.0,0.05,0.05,0.0,0.0
revocation,0.05,0.7,,random,0.5,46,17,False,0.0692117619838734,0.11304466694803533,0.0,0.6056338028169014,0.3826086956521739,False,True,0,3,0.0,0,41,0.0,0.15,26,0.0,0.05,0.05,0.0,0.0
revocation,0.05,0.7,,random,0.5,46,18,False,0.05190882148790505,0.0847835002110265,0.0,0.6056338028169014,0.3793103448275862,False,True,0,3,0.1,0,47,0.0,0.15,26,0.0,0.05,0.05,0.0,0.0
revocation,0.05,0.7,,random,0.5,46,19,False,0.04161018754450022,0.08233762515826988,0.0,0.6081081081081081,0.36885245901639346,False,True,0,3,0.1,1,39,0.025,0.1,27,0.0,0.05,0.05,0.0,0.0
revocation,0.05,0.7,,random,0.5,46,20,False,0.03299335494408945,0.07425321886870241,0.0,0.620253164556962,0.36220472440944884,False,True,0,3,0.3,5,34,0.1282051282051282,0.1,32,0.0,0.05,0.05000000000000001,6.938893903907228e-18,0.0
revocation,0.05,0.7,,random,0.5,46,21,False,0.02831644477949566,0.06818991415152681,0.0,0.625,0.36153846153846153,False,True,0,3,0.4,5,41,0.10869565217391304,0.1,37,0.0,0.05,0.05,0.0,0.0
revocation,0.05,0.7,,random,0.5,46,22,False,0.026594476441764603,0.0636424356136451,0.0,0.6265060240963856,0.36496350364963503,False,True,0,3,0.4,4,34,0.10526315789473684,0.0,41,0.0,0.05,0.05,0.0,0.0
revocation,0.05,0.7,,random,0.5,46,23,False,0.019945857331323452,0.04773182671023383,0.0,0.627906976744186,0.35714285714285715,False,True,0,3,0.4,6,36,0.14285714285714285,0.0,47,0.0,0.05,0.05,0.0,0.0
revocation,0.05,0.7,,random,0.5,46,24,False,0.014959392998492587,0.03579887003267537,0.0,0.6363636363636364,0.3469387755102041,False,True,0,3,0.6,7,31,0.18421052631578946,0.05,54,0.0,0.05,0.05000000000000001,6.938893903907228e-18,0.0
revocation,0.05,0.7,,random,0.5,46,25,False,0.015683830463155156,0.03309915252450653,0.0,0.6382978723404256,0.3503184713375796,True,True,0,4,0.1,9,31,0.225,0.0,26,0.0,0.05,0.05,0.0,0.0
revocation,0.05,0.7,,random,0.5,46,26,False,0.011762872847366367,0.024824364393379896,0.0,0.6494845360824743,0.3416149068322981,False,True,0,4,0.1,3,37,0.075,0.05,29,0.0,0.05,0.05,0.0,0.0
revocation,0.05,0.7,,random,0.5,46,27,False,0.009715011778381919,0.01861827329503492,0.0,0.6435643564356436,0.3413173652694611,False,True,0,4,0.1,3,42,0.06666666666666667,0.05,32,0.0,0.05,0.05,0.0,0.0
revocation,0.05,0.7,,random,0.5,46,28,False,0.008179115976643581,0.01923516602814175,0.0,0.6442307692307693,0.34104046242774566,False,True,0,4,0.1,3,42,0.06666666666666667,0.05,35,0.0,0.05,0.05,0.0,0.0
revocation,0.05,0.7,,random,0.5,46,29,False,0.007027194125339829,0.020676374521106315,0.0,0.6513761467889908,0.3388888888888889,False,True,0,4,0.4,2,38,0.05,0.05,37,0.0,0.05,0.05,0.0,0.0
revocation,0.05,0.7,,random,0.5,46,30,False,0.007948967022576301,0.021757280890829737,0.0,0.6460176991150443,0.33689839572192515,True,True,0,5,0.1,11,36,0.23404255319148937,0.15,28,0.0,0.05,0.05,0.0,0.0
revocation,0.05,0.7,,random,0.5,46,31,False,0.005961725266932226,0.016317960668122303,0.0,0.646551724137931,0.3316062176165803,True,True,0,6,0.0,7,35,0.16666666666666666,0.42105263157894735,19,0.0,0.05,0.05,0.0,0.0
revocation,0.05,0.7,,random,0.5,46,32,False,0.00447129395019917,0.012238470501091728,0.0,0.6554621848739496,0.325,False,True,0,6,0.0,0,38,0.0,0.42105263157894735,19,0.0,0.05,0.05,0.0,0.0
revocation,0.05,0.7,,random,0.5,46,33,False,0.003353470462649377,0.009178852875818797,0.0,0.6639344262295082,0.3269230769230769,False,True,0,6,0.1,0,43,0.0,0.42105263157894735,19,0.0,0.05,0.05,0.0,0.0
revocation,0.05,0.7,,random,0.5,46,34,False,0.002515102846987033,0.006884139656864098,0.0,0.6614173228346457,0.32558139534883723,False,True,0,6,0.2,7,37,0.1590909090909091,0.75,26,0.0,0.05,0.05,0.0,0.0
revocation,0.05,0.7,,random,0.5,46,35,False,0.015279184278097418,0.09431295328290953,0.0,0.6590909090909091,0.32286995515695066,True,True,0,7,0.0,9,30,0.23076923076923078,0.65,22,0.0,0.05,0.05,0.0,0.0
revocation,0.05,0.7,,random,0.5,46,36,False,0.011459388208573063,0.07073471496218214,0.0,0.656934306569343,0.3246753246753247,False,True,0,7,0.2,0,32,0.0,0.65,22,0.0,0.05,0.05,0.0,0.0
revocation,0.05,0.7,,random,0.5,46,37,False,0.03180882687071551,0.08229846040706493,0.0,0.6619718309859155,0.3277310924369748,False,True,0,7,0.2,4,35,0.10256410256410256,0.65,26,0.0,0.05,0.05,0.0,0.0
revocation,0.05,0.7,,random,0.5,46,38,False,0.04707090586732234,0.1429738453052987,0.0,0.6643835616438356,0.32653061224489793,False,True,0,7,0.5,3,37,0.075,0.55,29,0.0,0.05,0.05,0.0,0.0
revocation,0.05,0.7,,random,0.5,46,39,False,0.06476746511477748,0.17598038397897403,0.0,0.6733333333333333,0.3225806451612903,True,True,0,8,0.2,15,30,0.3333333333333333,0.65,21,0.0,0.05,0.05,0.0,0.0
revocation,0.05,0.7,,random,0.5,47,0,False,0.0,0.0,0.0,0.0,1.0,False,True,0,0,0.1,0,0,0.0,0.0,0,0.0,0.05,0.05,0.0,0.0
revocation,0.05,0.7,,random,0.5,47,1,False,0.0,0.0,0.18181818181818182,0.18181818181818182,0.8148148148148148,False,True,0,0,0.2,4,39,0.09302325581395349,1.0,4,0.0,0.05,0.05,0.0,0.0
revocation,0.05,0.7,,random,0.5,47,2,False,0.060064935064935064,0.14772727272727273,0.1875,0.1875,0.7878787878787878,True,True,0,1,0.2,12,28,0.3,0.8,10,0.0,0.05,0.05,0.0,0.0
revocation,0.05,0.7,,random,0.5,47,3,False,0.1137987012987013,0.23423295454545456,0.2,0.23809523809523808,0.6904761904761905,False,True,0,1,0.4,8,25,0.24242424242424243,0.5,18,0.0,0.05,0.05,0.0,0.0
revocation,0.05,0.7,,random,0.5,47,4,False,0.15142045454545452,0.2631747159090909,0.2,0.38461538461538464,0.58,True,True,0,2,0.2,12,29,0.2926829268292683,0.25,12,0.0,0.05,0.05,0.0,0.0
revocation,0.05,0.7,,random,0.5,47,5,False,0.16445819805194808,0.24738103693181818,0.15,0.39285714285714285,0.5769230769230769,False,True,0,2,0.6,0,37,0.0,0.25,12,0.0,0.05,0.05000000000000001,6.938893903907228e-18,0.0
revocation,0.05,0.7,,random,0.5,47,6,False,0.1679865056818182,0.23553577769886364,0.0,0.40540540540540543,0.5645161290322581,True,True,0,3,0.1,17,20,0.4594594594594595,0.3333333333333333,9,0.0,0.05,0.05,0.0,0.0
revocation,0.05,0.7,,random,0.5,47,7,False,0.13194226021374458,0.17665183327414774,0.0,0.4358974358974359,0.5384615384615384,False,True,0,3,0.2,1,44,0.022222222222222223,0.3,10,0.0,0.05,0.05,0.0,0.0
revocation,0.05,0.7,,random,0.5,47,8,False,0.10967098087459415,0.1699888749556108,0.0,0.4222222222222222,0.5342465753424658,False,True,0,3,0.3,7,34,0.17073170731707318,0.23529411764705882,17,0.0,0.05,0.05000000000000001,6.938893903907228e-18,0.0
revocation,0.05,0.7,,random,0.5,47,9,False,0.09065659700048344,0.15690342092259046,0.0,0.45098039215686275,0.525,True,True,0,4,0.1,15,21,0.4166666666666667,0.5333333333333333,15,0.0,0.05,0.05,0.0,0.0
revocation,0.05,0.7,,random,0.5,47,10,False,0.06799244775036258,0.11767756569194285,0.0,0.45454545454545453,0.5232558139534884,False,True,0,4,0.3,0,39,0.0,0.5333333333333333,15,0.0,0.05,0.05000000000000001,6.938893903907228e-18,0.0
revocation,0.05,0.7,,random,0.5,47,11,False,0.06051814533658145,0.0992444457429828,0.0,0.47368421052631576,0.4945054945054945,False,True,0,4,0.4,9,39,0.1875,0.7,24,0.0,0.05,0.05,0.0,0.0
revocation,0.05,0.7,,random,0.5,47,12,False,0.07038860900243608,0.1619333343072371,0.0,0.4915254237288136,0.47368421052631576,True,True,0,5,0.2,6,44,0.12,0.6111111111111112,18,0.0,0.05,0.05,0.0,0.0
revocation,0.05,0.7,,random,0.5,47,13,False,0.0746168535772239,0.19783888961931673,0.0,0.5081967213114754,0.45,False,True,0,5,0.3,2,36,0.05263157894736842,0.55,20,0.0,0.05,0.05000000000000001,6.938893903907228e-18,0.0
revocation,0.05,0.7,,random,0.5,47,14,False,0.07560549732577507,0.21712916721448755,0.0,0.5384615384615384,0.4339622641509434,False,True,0,5,0.3,3,35,0.07894736842105263,0.5,23,0.0,0.05,0.05000000000000001,6.938893903907228e-18,0.0
revocation,0.05,0.7,,random,0.5,47,15,False,0.07456126585147416,0.22534687541086568,0.0,0.5352112676056338,0.4336283185840708,False,True,0,5,0.6,9,33,0.21428571428571427,0.45,32,0.0,0.05,0.05000000000000001,6.938893903907228e-18,0.0
revocation,0.05,0.7,,random,0.5,47,16,False,0.08806380653146276,0.22526015655814927,0.0,0.5394736842105263,0.425,True,True,0,6,0.1,19,27,0.41304347826086957,0.55,22,0.0,0.05,0.05,0.0,0.0
revocation,0.05,0.7,,random,0.5,47,17,False,0.06604785489859707,0.16894511741861196,0.0,0.5180722891566265,0.43410852713178294,False,True,0,6,0.1,5,32,0.13513513513513514,0.7,27,0.0,0.05,0.05,0.0,0.0
revocation,0.05,0.7,,random,0.5,47,18,False,0.049535891173947806,0.12670883806395897,0.0,0.5116279069767442,0.43283582089552236,True,True,0,7,0.1,6,45,0.11764705882352941,0.7222222222222222,18,0.0,0.05,0.05,0.0,0.0
revocation,0.05,0.7,,random,0.5,47,19,False,0.03715191838046085,0.09503162854796923,0.0,0.5111111111111111,0.42857142857142855,False,True,0,7,0.1,7,38,0.15555555555555556,0.85,25,0.0,0.05,0.05,0.0,0.0
revocation,0.05,0.7,,random,0.5,47,20,False,0.027863938785345644,0.07127372141097693,0.0,0.5263157894736842,0.4178082191780822,True,True,0,8,0.1,4,34,0.10526315789473684,0.8666666666666667,15,0.0,0.05,0.05,0.0,0.0
revocation,0.05,0.7,,random,0.5,47,21,False,0.03637414456519971,0.12402786123821953,0.0,0.5392156862745098,0.4155844155844156,False,True,0,8,0.1,0,33,0.0,0.8666666666666667,15,0.0,0.05,0.05,0.0,0.0
revocation,0.05,0.7,,random,0.5,47,22,False,0.04275679890009026,0.20135422926199797,0.0,0.5412844036697247,0.4110429447852761,False,True,0,8,0.1,3,33,0.08333333333333333,0.7222222222222222,18,0.0,0.05,0.05,0.0,0.0
revocation,0.05,0.7,,random,0.5,47,23,False,0.04496442457189309,0.24129344972427624,0.0,0.5398230088495575,0.40588235294117647,False,True,0,8,0.1,1,39,0.025,0.6842105263157895,19,0.0,0.05,0.05,0.0,0.0
revocation,0.05,0.7,,random,0.5,47,24,False,0.045941363541701766,0.26649640308268085,0.0,0.5508474576271186,0.4011299435028249,False,True,0,8,0.1,1,32,0.030303030303030304,0.65,20,0.0,0.05,0.05,0.0,0.0
revocation,0.05,0.7,,random,0.5,47,25,False,0.04606316551341918,0.28112230231201063,0.0,0.5619834710743802,0.3891891891891892,False,True,0,8,0.2,2,39,0.04878048780487805,0.6,22,0.0,0.05,0.05,0.0,0.0
revocation,0.05,0.7,,random,0.5,47,26,False,0.05597594556363582,0.285841726734008,0.0,0.5725806451612904,0.37894736842105264,True,True,0,9,0.2,3,39,0.07142857142857142,0.7777777777777778,9,0.0,0.05,0.05,0.0,0.0
revocation,0.05,0.7,,random,0.5,47,27,False,0.06975973695050464,0.214381295050506,0.0,0.5826771653543307,0.37435897435897436,False,True,0,9,0.4,3,41,0.06818181818181818,0.5833333333333334,12,0.0,0.05,0.05,0.0,0.0
revocation,0.05,0.7,,random,0.5,47,28,False,0.08356980271287849,0.18838326013147516,0.0,0.5955882352941176,0.36764705882352944,False,True,0,9,0.6,15,21,0.4166666666666667,0.2,27,0.0,0.05,0.05000000000000001,6.938893903907228e-18,0.0
revocation,0.05,0.7,,random,0.5,47,29,False,0.07339163774894457,0.16628744509860635,0.0,0.5957446808510638,0.36492890995260663,True,True,0,10,0.0,23,19,0.5476190476190477,0.4,23,0.0,0.05,0.05,0.0,0.0
revocation,0.05,0.7,,random,0.5,47,30,False,0.05504372831170843,0.12471558382395476,0.0,0.5958904109589042,0.36363636363636365,False,True,0,10,0.0,0,34,0.0,0.4,23,0.0,0.05,0.05,0.0,0.0
revocation,0.05,0.7,,random,0.5,47,31,False,0.041282796233781324,0.09353668786796607,0.0,0.6,0.3568281938325991,False,True,0,10,0.0,0,44,0.0,0.4,23,0.0,0.05,0.05,0.0,0.0
revocation,0.05,0.7,,random,0.5,47,32,False,0.030962097175335993,0.07015251590097454,0.0,0.6037735849056604,0.35714285714285715,False,True,0,10,0.1,0,28,0.0,0.4,23,0.0,0.05,0.05,0.0,0.0
revocation,0.05,0.7,,random,0.5,47,33,False,0.030364430024359134,0.05261438692573091,0.0,0.6049382716049383,0.35537190082644626,False,True,0,10,0.2,2,40,0.047619047619047616,0.4,25,0.0,0.05,0.05,0.0,0.0
revocation,0.05,0.7,,random,0.5,47,34,False,0.03705903680398364,0.08868076112705009,0.0,0.6071428571428571,0.357429718875502,False,True,0,10,0.2,4,43,0.0851063829787234,0.35,29,0.0,0.05,0.05,0.0,0.0
revocation,0.05,0.7,,random,0.5,47,35,False,0.040294277602987726,0.11026057084528756,0.0,0.6136363636363636,0.35658914728682173,True,True,0,11,0.0,3,31,0.08823529411764706,0.3333333333333333,15,0.0,0.05,0.05,0.0,0.0
revocation,0.05,0.7,,random,0.5,47,36,False,0.030220708202240796,0.08269542813396567,0.0,0.6077348066298343,0.3609022556390977,False,True,0,11,0.0,0,35,0.0,0.3333333333333333,15,0.0,0.05,0.05,0.0,0.0
revocation,0.05,0.7,,random,0.5,47,37,False,0.022665531151680598,0.06202157110047425,0.0,0.6054054054054054,0.3602941176470588,False,True,0,11,0.0,0,38,0.0,0.3333333333333333,15,0.0,0.05,0.05,0.0,0.0
revocation,0.05,0.7,,random,0.5,47,38,False,0.016999148363760447,0.04651617832535569,0.0,0.6096256684491979,0.3563636363636364,False,True,0,11,0.0,0,48,0.0,0.3333333333333333,15,0.0,0.05,0.05,0.0,0.0
revocation,0.05,0.7,,random,0.5,47,39,False,0.012749361272820336,0.034887133744016766,0.0,0.6031746031746031,0.35842293906810035,False,True,0,11,0.2,0,42,0.0,0.3333333333333333,15,0.0,0.05,0.05,0.0,0.0
revocation,0.05,0.7,,random,0.5,48,0,False,0.0,0.0,0.0,0.0,1.0,False,True,0,0,0.0,0,0,0.0,0.0,0,0.0,0.05,0.05,0.0,0.0
revocation,0.05,0.7,,random,0.5,48,1,False,0.0,0.0,0.3333333333333333,0.3333333333333333,0.85,False,True,0,0,0.0,0,44,0.0,0.0,0,0.0,0.05,0.05,0.0,0.0
revocation,0.05,0.7,,random,0.5,48,2,False,0.08333333333333333,0.08333333333333333,0.4,0.4,0.7083333333333334,False,True,0,0,0.0,0,41,0.0,0.0,0,0.0,0.05,0.05,0.0,0.0
revocation,0.05,0.7,,random,0.5,48,3,False,0.1625,0.1625,0.5714285714285714,0.5714285714285714,0.5666666666666667,False,True,0,0,0.0,0,42,0.0,0.0,0,0.0,0.05,0.05,0.0,0.0
revocation,0.05,0.7,,random,0.5,48,4,False,0.26473214285714286,0.26473214285714286,0.6111111111111112,0.6111111111111112,0.5294117647058824,False,True,0,0,0.0,0,43,0.0,0.0,0,0.0,0.05,0.05,0.0,0.0
revocation,0.05,0.7,,random,0.5,48,5,False,0.3513268849206349,0.3513268849206349,0.6111111111111112,0.6111111111111112,0.5142857142857142,False,True,0,0,0.0,0,43,0.0,0.0,0,0.0,0.05,0.05,0.0,0.0
revocation,0.05,0.7,,random,0.5,48,6,False,0.41627294146825405,0.416272941468254,0.65,0.6666666666666666,0.4523809523809524,False,True,0,0,0.0,0,40,0.0,0.0,0,0.0,0.05,0.05,0.0,0.0
revocation,0.05,0.7,,random,0.5,48,7,False,0.47470470610119053,0.47470470610119053,0.65,0.6818181818181818,0.4222222222222222,False,True,0,0,0.1,0,48,0.0,0.0,0,0.0,0.05,0.05,0.0,0.0
revocation,0.05,0.7,,random,0.5,48,8,False,0.5185285295758929,0.5185285295758929,0.5,0.6296296296296297,0.44,True,True,0,1,0.1,6,31,0.16216216216216217,0.2,5,0.0,0.05,0.05,0.0,0.0
revocation,0.05,0.7,,random,0.5,48,9,False,0.5138963971819197,0.5138963971819197,0.45,0.6333333333333333,0.43636363636363634,False,True,0,1,0.2,0,42,0.0,0.2,5,0.0,0.05,0.05,0.0,0.0
revocation,0.05,0.7,,random,0.5,48,10,False,0.493458012172154,0.49792229788643977,0.4,0.625,0.4166666666666667,False,True,0,1,0.2,3,41,0.06818181818181818,0.25,8,0.0,0.05,0.05,0.0,0.0
revocation,0.05,0.7,,random,0.5,48,11,False,0.4674149377005441,0.4734417234148298,0.3,0.6216216216216216,0.4084507042253521,False,True,0,1,0.3,2,34,0.05555555555555555,0.2,10,0.0,0.05,0.05000000000000001,6.938893903907228e-18,0.0
revocation,0.05,0.7,,random,0.5,48,12,False,0.4219897747039795,0.4300812925611224,0.3,0.65,0.3815789473684211,False,True,0,1,0.5,5,39,0.11363636363636363,0.2,15,0.0,0.05,0.05,0.0,0.0
revocation,0.05,0.7,,random,0.5,48,13,False,0.38434947388512747,0.3975609694208418,0.3,0.6818181818181818,0.35802469135802467,False,True,0,1,0.6,6,36,0.14285714285714285,0.35,21,0.0,0.05,0.05000000000000001,6.938893903907228e-18,0.0
revocation,0.05,0.7,,random,0.5,48,14,False,0.3677263911281314,0.37942072706563135,0.3,0.7021276595744681,0.3411764705882353,True,True,0,2,0.1,15,30,0.3333333333333333,0.375,16,0.0,0.05,0.05,0.0,0.0
revocation,0.05,0.7,,random,0.5,48,15,False,0.35079479334609853,0.3595655452992235,0.3,0.7142857142857143,0.32967032967032966,False,True,0,2,0.3,0,41,0.0,0.375,16,0.0,0.05,0.05000000000000001,6.938893903907228e-18,0.0
revocation,0.05,0.7,,random,0.5,48,16,False,0.34077466643814536,0.34482064334941764,0.3,0.7254901960784313,0.3157894736842105,True,True,0,3,0.1,8,45,0.1509433962264151,0.21428571428571427,14,0.0,0.05,0.05,0.0,0.0
revocation,0.05,0.7,,random,0.5,48,17,False,0.33058099982860906,0.33361548251206324,0.25,0.7272727272727273,0.31,False,True,0,3,0.1,1,38,0.02564102564102564,0.2,15,0.0,0.05,0.05,0.0,0.0
revocation,0.05,0.7,,random,0.5,48,18,False,0.3104357498714568,0.31271161188404745,0.25,0.7368421052631579,0.3076923076923077,False,True,0,3,0.1,1,39,0.025,0.25,16,0.0,0.05,0.05,0.0,0.0
revocation,0.05,0.7,,random,0.5,48,19,False,0.2953268124035926,0.2970337089130356,0.2,0.746031746031746,0.3,False,True,0,3,0.1,1,38,0.02564102564102564,0.29411764705882354,17,0.0,0.05,0.05,0.0,0.0
revocation,0.05,0.7,,random,0.5,48,20,False,0.27149510930269444,0.2727752816847767,0.1,0.7352941176470589,0.3017241379310345,False,True,0,3,0.3,1,37,0.02631578947368421,0.3333333333333333,18,0.0,0.05,0.05000000000000001,6.938893903907228e-18,0.0
revocation,0.05,0.7,,random,0.5,48,21,False,0.23695466531035417,0.257879092209424,0.05,0.7397260273972602,0.29508196721311475,False,True,0,3,0.3,9,33,0.21428571428571427,0.4,27,0.0,0.05,0.05000000000000001,6.938893903907228e-18,0.0
revocation,0.05,0.7,,random,0.5,48,22,False,0.20271599898276563,0.249659319157068,0.0,0.725,0.2932330827067669,False,True,0,3,0.5,10,24,0.29411764705882354,0.4,37,0.0,0.05,0.05,0.0,0.0
revocation,0.05,0.7,,random,0.5,48,23,False,0.18060842780850278,0.23724448936780101,0.0,0.7349397590361446,0.2978723404255319,True,True,0,4,0.1,10,25,0.2857142857142857,0.45,26,0.0,0.05,0.05,0.0,0.0
revocation,0.05,0.7,,random,0.5,48,24,False,0.14349203514209138,0.19762126399278493,0.0,0.7294117647058823,0.2916666666666667,False,True,0,4,0.1,1,40,0.024390243902439025,0.5,27,0.0,0.05,0.05,0.0,0.0
revocation,0.05,0.7,,random,0.5,48,25,False,0.11654759778513997,0.2107159479945887,0.0,0.7362637362637363,0.29333333333333333,False,True,0,4,0.1,2,35,0.05405405405405406,0.45,29,0.0,0.05,0.05,0.0,0.0
revocation,0.05,0.7,,random,0.5,48,26,False,0.09544641262456925,0.21428696099594152,0.0,0.7340425531914894,0.2903225806451613,True,True,0,5,0.0,1,43,0.022727272727272728,0.42857142857142855,14,0.0,0.05,0.05,0.0,0.0
revocation,0.05,0.7,,random,0.5,48,27,False,0.07158480946842695,0.16071522074695616,0.0,0.7346938775510204,0.2893081761006289,False,True,0,5,0.0,0,46,0.0,0.42857142857142855,14,0.0,0.05,0.05,0.0,0.0
revocation,0.05,0.7,,random,0.5,48,28,False,0.053688607101320215,0.12053641556021712,0.0,0.7326732673267327,0.28484848484848485,False,True,0,5,0.0,0,40,0.0,0.42857142857142855,14,0.0,0.05,0.05,0.0,0.0
revocation,0.05,0.7,,random,0.5,48,29,False,0.04026645532599016,0.09040231167016284,0.0,0.7238095238095238,0.28488372093023256,False,True,0,5,0.0,0,38,0.0,0.42857142857142855,14,0.0,0.05,0.05,0.0,0.0
revocation,0.05,0.7,,random,0.5,48,30,False,0.03019984149449262,0.06780173375262213,0.0,0.7297297297297297,0.2777777777777778,False,True,0,5,0.0,0,39,0.0,0.42857142857142855,14,0.0,0.05,0.05,0.0,0.0
revocation,0.05,0.7,,random,0.5,48,31,False,0.022649881120869464,0.0508513003144666,0.0,0.7094017094017094,0.28272251308900526,False,True,0,5,0.2,0,37,0.0,0.42857142857142855,14,0.0,0.05,0.05,0.0,0.0
revocation,0.05,0.7,,random,0.5,48,32,False,0.032293533289631686,0.0713848566271019,0.0,0.7166666666666667,0.28061224489795916,True,True,0,6,0.0,12,32,0.2727272727272727,0.16666666666666666,6,0.0,0.05,0.05,0.0,0.0
revocation,0.05,0.7,,random,0.5,48,33,False,0.024220149967223766,0.05353864247032642,0.0,0.7131147540983607,0.2814070351758794,False,True,0,6,0.0,0,46,0.0,0.16666666666666666,6,0.0,0.05,0.05,0.0,0.0
revocation,0.05,0.7,,random,0.5,48,34,False,0.018165112475417827,0.04015398185274482,0.0,0.7007874015748031,0.28640776699029125,False,True,0,6,0.2,0,37,0.0,0.16666666666666666,6,0.0,0.05,0.05,0.0,0.0
revocation,0.05,0.7,,random,0.5,48,35,False,0.019576215308944322,0.03692300257345753,0.0,0.7099236641221374,0.2783018867924528,False,True,0,6,0.2,3,35,0.07894736842105263,0.2222222222222222,9,0.0,0.05,0.05,0.0,0.0
revocation,0.05,0.7,,random,0.5,48,36,False,0.022618669418216174,0.05547002970787092,0.0,0.7014925373134329,0.2772727272727273,False,True,0,6,0.3,3,37,0.075,0.16666666666666666,12,0.0,0.05,0.05000000000000001,6.938893903907228e-18,0.0
revocation,0.05,0.7,,random,0.5,48,37,False,0.02589257349223356,0.06243585561423652,0.0,0.7050359712230215,0.2743362831858407,False,True,0,6,0.3,6,33,0.15384615384615385,0.16666666666666666,18,0.0,0.05,0.05000000000000001,6.938893903907228e-18,0.0
revocation,0.05,0.7,,random,0.5,48,38,False,0.0283480015477466,0.06766022504401072,0.0,0.7021276595744681,0.27510917030567683,False,True,0,6,0.5,8,40,0.16666666666666666,0.25,26,0.0,0.05,0.05,0.0,0.0
revocation,0.05,0.7,,random,0.5,48,39,False,0.039118144017952806,0.08199516878300804,0.0,0.6917808219178082,0.28085106382978725,True,True,0,7,0.2,13,29,0.30952380952380953,0.25,25,0.0,0.05,0.05,0.0,0.0
revocation,0.05,0.7,,random,0.5,49,0,False,0.0,0.0,0.0,0.0,1.0,False,True,0,0,0.1,0,0,0.0,0.0,0,0.0,0.05,0.05,0.0,0.0
revocation,0.05,0.7,,random,0.5,49,1,False,0.0,0.0,0.16666666666666666,0.16666666666666666,0.8076923076923077,False,True,0,0,0.2,4,42,0.08695652173913043,1.0,4,0.0,0.05,0.05,0.0,0.0
revocation,0.05,0.7,,random,0.5,49,2,False,0.05654761904761905,0.14583333333333334,0.2222222222222222,0.2222222222222222,0.696969696969697,False,True,0,0,0.2,14,30,0.3181818181818182,0.6111111111111112,18,0.0,0.05,0.05,0.0,0.0
revocation,0.05,0.7,,random,0.5,49,3,False,0.10491071428571429,0.21354166666666669,0.3,0.3,0.675,False,True,0,0,0.2,3,37,0.075,0.65,21,0.0,0.05,0.05,0.0,0.0
revocation,0.05,0.7,,random,0.5,49,4,False,0.1599330357142857,0.27890625,0.46153846153846156,0.46153846153846156,0.6041666666666666,True,True,0,1,0.0,7,31,0.18421052631578946,0.8125,16,0.0,0.05,0.05,0.0,0.0
revocation,0.05,0.7,,random,0.5,49,5,False,0.23533439217032967,0.3245643028846154,0.5,0.5,0.5882352941176471,False,True,0,1,0.0,0,42,0.0,0.8125,16,0.0,0.05,0.05,0.0,0.0
revocation,0.05,0.7,,random,0.5,49,6,False,0.3015007941277473,0.36842322716346154,0.5555555555555556,0.5555555555555556,0.5714285714285714,False,True,0,1,0.0,0,41,0.0,0.8125,16,0.0,0.05,0.05,0.0,0.0
revocation,0.05,0.7,,random,0.5,49,7,False,0.36501448448469936,0.41520630926148505,0.55,0.5714285714285714,0.532258064516129,False,True,0,1,0.0,0,43,0.0,0.8125,16,0.0,0.05,0.05,0.0,0.0
revocation,0.05,0.7,,random,0.5,49,8,False,0.4112608633635245,0.4489047319461138,0.55,0.5909090909090909,0.5076923076923077,False,True,0,1,0.0,0,45,0.0,0.8125,16,0.0,0.05,0.05,0.0,0.0
revocation,0.05,0.7,,random,0.5,49,9,False,0.44594564752264343,0.4741785489595854,0.5,0.5833333333333334,0.49295774647887325,False,True,0,1,0.1,0,42,0.0,0.8125,16,0.0,0.05,0.05,0.0,0.0
revocation,0.05,0.7,,random,0.5,49,10,False,0.45945923564198254,0.48063391171968906,0.5,0.6428571428571429,0.4675324675324675,False,True,0,1,0.2,4,33,0.10810810810810811,0.85,20,0.0,0.05,0.05,0.0,0.0
revocation,0.05,0.7,,random,0.5,49,11,False,0.46959442673148694,0.48547543378976676,0.4,0.6470588235294118,0.4588235294117647,False,True,0,1,0.4,6,33,0.15384615384615385,0.9,26,0.0,0.05,0.05,0.0,0.0
revocation,0.05,0.7,,random,0.5,49,12,False,0.47005296290575804,0.526606575342325,0.35,0.65,0.45054945054945056,False,True,0,1,0.5,10,28,0.2631578947368421,0.8,36,0.0,0.05,0.05,0.0,0.0
revocation,0.05,0.7,,random,0.5,49,13,False,0.4641468650364614,0.5387049315067438,0.35,0.6666666666666666,0.44086021505376344,False,True,0,1,0.6,5,34,0.1282051282051282,0.75,41,0.0,0.05,0.05000000000000001,6.938893903907228e-18,0.0
revocation,0.05,0.7,,random,0.5,49,14,False,0.4570387202059174,0.5415286986300578,0.25,0.6521739130434783,0.43564356435643564,True,True,0,2,0.0,22,20,0.5238095238095238,0.85,31,0.0,0.05,0.05,0.0,0.0
revocation,0.05,0.7,,random,0.5,49,15,False,0.40527904015443805,0.46864652397254336,0.2,0.6666666666666666,0.4205607476635514,False,True,0,2,0.0,0,44,0.0,0.85,31,0.0,0.05,0.05,0.0,0.0
revocation,0.05,0.7,,random,0.5,49,16,False,0.3539592801158285,0.40148489297940754,0.15,0.6666666666666666,0.4107142857142857,False,True,0,2,0.1,0,44,0.0,0.85,31,0.0,0.05,0.05,0.0,0.0
revocation,0.05,0.7,,random,0.5,49,17,False,0.3154694600868714,0.422816111994549,0.15,0.6727272727272727,0.4,True,True,0,3,0.0,4,43,0.0851063829787234,0.7647058823529411,17,0.0,0.05,0.05,0.0,0.0
revocation,0.05,0.7,,random,0.5,49,18,False,0.27410209506515354,0.3546120839959117,0.1,0.6779661016949152,0.3884297520661157,False,True,0,3,0.0,0,37,0.0,0.7647058823529411,17,0.0,0.05,0.05,0.0,0.0
revocation,0.05,0.7,,random,0.5,49,19,False,0.23057657129886514,0.2909590629969338,0.05,0.6875,0.384,False,True,0,3,0.3,0,40,0.0,0.7647058823529411,17,0.0,0.05,0.05000000000000001,6.938893903907228e-18,0.0
revocation,0.05,0.7,,random,0.5,49,20,False,0.22372024360019926,0.320057532541818,0.05,0.6923076923076923,0.3798449612403101,False,True,0,3,0.6,9,31,0.225,0.45,26,0.0,0.05,0.05000000000000001,6.938893903907228e-18,0.0
revocation,0.05,0.7,,random,0.5,49,21,False,0.2231473255572923,0.3025431494063635,0.05,0.7101449275362319,0.362962962962963,True,True,0,4,0.3,18,17,0.5142857142857142,0.35,22,0.0,0.05,0.05000000000000001,6.938893903907228e-18,0.0
revocation,0.05,0.7,,random,0.5,49,22,False,0.19593192273939783,0.23940736205477264,0.0,0.7066666666666667,0.3591549295774648,True,True,0,5,0.1,6,37,0.13953488372093023,0.25,12,0.0,0.05,0.05,0.0,0.0
revocation,0.05,0.7,,random,0.5,49,23,False,0.15141322776883406,0.17955552154107948,0.0,0.7215189873417721,0.36,False,True,0,5,0.2,0,36,0.0,0.25,12,0.0,0.05,0.05,0.0,0.0
revocation,0.05,0.7,,random,0.5,49,24,False,0.11802420654091127,0.14742735305538468,0.0,0.7283950617283951,0.34838709677419355,False,True,0,5,0.3,2,38,0.05,0.21428571428571427,14,0.0,0.05,0.05000000000000001,6.938893903907228e-18,0.0
revocation,0.05,0.7,,random,0.5,49,25,False,0.09617121613017324,0.13735622907725278,0.0,0.6931818181818182,0.3614457831325301,False,True,0,5,0.4,11,21,0.34375,0.35,25,0.0,0.05,0.05,0.0,0.0
revocation,0.05,0.7,,random,0.5,49,26,False,0.08462841209762993,0.14676717180793958,0.0,0.6847826086956522,0.36257309941520466,False,True,0,5,0.6,18,31,0.3673469387755102,0.75,43,0.0,0.05,0.05000000000000001,6.938893903907228e-18,0.0
revocation,0.05,0.7,,random,0.5,49,27,False,0.10364988050179388,0.2038253788559547,0.0,0.6875,0.3615819209039548,True,True,0,6,0.2,22,26,0.4583333333333333,0.7,30,0.0,0.05,0.05,0.0,0.0
revocation,0.05,0.7,,random,0.5,49,28,False,0.0902374103763454,0.19445728820804647,0.0,0.69,0.3626373626373626,False,True,0,6,0.3,12,34,0.2608695652173913,0.7,42,0.0,0.05,0.05000000000000001,6.938893903907228e-18,0.0
revocation,0.05,0.7,,random,0.5,49,29,False,0.09267805778225904,0.23334296615603486,0.0,0.6792452830188679,0.37037037037037035,True,True,0,7,0.0,7,24,0.22580645161290322,0.65,26,0.0,0.05,0.05,0.0,0.0
revocation,0.05,0.7,,random,0.5,49,30,False,0.06950854333669429,0.17500722461702614,0.0,0.6756756756756757,0.37055837563451777,False,True,0,7,0.0,0,33,0.0,0.65,26,0.0,0.05,0.05,0.0,0.0
revocation,0.05,0.7,,random,0.5,49,31,False,0.05213140750252072,0.1312554184627696,0.0,0.6896551724137931,0.357487922705314,False,True,0,7,0.1,0,42,0.0,0.65,26,0.0,0.05,0.05,0.0,0.0
revocation,0.05,0.7,,random,0.5,49,32,False,0.0507056984840334,0.09844156384707721,0.0,0.680672268907563,0.3615023474178404,False,True,0,7,0.2,0,37,0.0,0.65,26,0.0,0.05,0.05,0.0,0.0
revocation,0.05,0.7,,random,0.5,49,33,False,0.06124355957731076,0.1522989025034706,0.0,0.6776859504132231,0.3611111111111111,True,True,0,8,0.0,7,41,0.14583333333333334,0.38461538461538464,13,0.0,0.05,0.05,0.0,0.0
revocation,0.05,0.7,,random,0.5,49,34,False,0.045932669682983075,0.11422417687760296,0.0,0.6692307692307692,0.36123348017621143,False,True,0,8,0.0,0,30,0.0,0.38461538461538464,13,0.0,0.05,0.05,0.0,0.0
revocation,0.05,0.7,,random,0.5,49,35,False,0.0344495022622373,0.08566813265820222,0.0,0.6716417910447762,0.3593073593073593,False,True,0,8,0.2,0,46,0.0,0.38461538461538464,13,0.0,0.05,0.05,0.0,0.0
revocation,0.05,0.7,,random,0.5,49,36,False,0.032705258564809846,0.06425109949365167,0.0,0.6811594202898551,0.35,False,True,0,8,0.2,1,40,0.024390243902439025,0.35714285714285715,14,0.0,0.05,0.05,0.0,0.0
revocation,0.05,0.7,,random,0.5,49,37,False,0.030906494944015546,0.0921786729209181,0.0,0.6808510638297872,0.3483606557377049,True,True,0,9,0.1,2,41,0.046511627906976744,0.3333333333333333,9,0.0,0.05,0.05,0.0,0.0
revocation,0.05,0.7,,random,0.5,49,38,False,0.02317987120801166,0.06913400469068857,0.0,0.6805555555555556,0.3481781376518219,False,True,0,9,0.4,0,46,0.0,0.3333333333333333,9,0.0,0.05,0.05,0.0,0.0
revocation,0.05,0.7,,random,0.5,49,39,False,0.035242046263151604,0.06877259926555096,0.0,0.6845637583892618,0.3515625,False,True,0,9,0.6,7,30,0.1891891891891892,0.1875,16,0.0,0.05,0.05000000000000001,6.938893903907228e-18,0.0
revocation,0.05,0.7,,random,0.5,50,0,False,0.0,0.0,0.0,0.0,1.0,False,True,0,0,0.0,0,0,0.0,0.0,0,0.0,0.05,0.05,0.0,0.0
revocation,0.05,0.7,,random,0.5,50,1,False,0.0,0.0,0.21052631578947367,0.21052631578947367,0.8214285714285714,False,True,0,0,0.1,0,42,0.0,0.0,0,0.0,0.05,0.05,0.0,0.0
revocation,0.05,0.7,,random,0.5,50,2,False,0.05263157894736842,0.05263157894736842,0.25,0.34782608695652173,0.7058823529411765,False,True,0,0,0.1,2,44,0.043478260869565216,0.0,2,0.0,0.05,0.05,0.0,0.0
revocation,0.05,0.7,,random,0.5,50,3,False,0.0975093984962406,0.10197368421052631,0.25,0.4,0.6486486486486487,False,True,0,0,0.3,0,43,0.0,0.0,2,0.0,0.05,0.05000000000000001,6.938893903907228e-18,0.0
revocation,0.05,0.7,,random,0.5,50,4,False,0.12670347744360902,0.13898026315789475,0.15,0.43333333333333335,0.627906976744186,True,True,0,1,0.2,9,30,0.23076923076923078,0.7142857142857143,7,0.0,0.05,0.05,0.0,0.0
revocation,0.05,0.7,,random,0.5,50,5,False,0.15268066930719656,0.21227091165413536,0.1,0.4375,0.6,False,True,0,1,0.3,2,44,0.043478260869565216,0.5555555555555556,9,0.0,0.05,0.05000000000000001,6.938893903907228e-18,0.0
revocation,0.05,0.7,,random,0.5,50,6,False,0.16391526388515934,0.24114762818504598,0.05,0.42424242424242425,0.5882352941176471,False,True,0,1,0.4,5,35,0.125,0.5,14,0.0,0.05,0.05,0.0,0.0
revocation,0.05,0.7,,random,0.5,50,7,False,0.15954359077101235,0.2496107211387845,0.05,0.4722222222222222,0.5636363636363636,False,True,0,1,0.6,10,26,0.2777777777777778,0.5,24,0.0,0.05,0.05000000000000001,6.938893903907228e-18,0.0
revocation,0.05,0.7,,random,0.5,50,8,False,0.1723362645068307,0.25595804085408835,0.05,0.48717948717948717,0.5238095238095238,True,True,0,2,0.1,20,28,0.4166666666666667,0.3,24,0.0,0.05,0.05,0.0,0.0
revocation,0.05,0.7,,random,0.5,50,9,False,0.14621648409440874,0.20446853064056628,0.1,0.5348837209302325,0.4782608695652174,False,True,0,2,0.1,4,38,0.09523809523809523,0.25,28,0.0,0.05,0.05,0.0,0.0
revocation,0.05,0.7,,random,0.5,50,10,False,0.13734093449937798,0.1783513979804247,0.1,0.5555555555555556,0.4533333333333333,False,True,0,2,0.2,2,41,0.046511627906976744,0.25,30,0.0,0.05,0.05,0.0,0.0
revocation,0.05,0.7,,random,0.5,50,11,False,0.13068427230310492,0.16528929660194797,0.0,0.5416666666666666,0.46153846153846156,False,True,0,2,0.3,9,33,0.21428571428571427,0.35,39,0.0,0.05,0.05000000000000001,6.938893903907228e-18,0.0
revocation,0.05,0.7,,random,0.5,50,12,False,0.11051320422732869,0.16771697245146097,0.0,0.5660377358490566,0.45348837209302323,False,True,0,2,0.3,6,31,0.16216216216216217,0.55,45,0.0,0.05,0.05000000000000001,6.938893903907228e-18,0.0
revocation,0.05,0.7,,random,0.5,50,13,False,0.10252776031335366,0.19453772933859573,0.0,0.5862068965517241,0.43478260869565216,False,True,0,2,0.4,7,30,0.1891891891891892,0.7,52,0.0,0.05,0.05,0.0,0.0
revocation,0.05,0.7,,random,0.5,50,14,False,0.11439582023501525,0.2334032970039468,0.0,0.5714285714285714,0.4387755102040816,True,True,0,3,0.0,14,23,0.3783783783783784,0.5,36,0.0,0.05,0.05,0.0,0.0
revocation,0.05,0.7,,random,0.5,50,15,False,0.08579686517626142,0.1750524727529601,0.0,0.582089552238806,0.42857142857142855,False,True,0,3,0.1,0,42,0.0,0.5,36,0.0,0.05,0.05,0.0,0.0
revocation,0.05,0.7,,random,0.5,50,16,False,0.06434764888219607,0.13128935456472007,0.0,0.5882352941176471,0.4166666666666667,False,True,0,3,0.2,5,39,0.11363636363636363,0.65,41,0.0,0.05,0.05,0.0,0.0
revocation,0.05,0.7,,random,0.5,50,17,False,0.05986787951878991,0.17971701592354006,0.0,0.589041095890411,0.41739130434782606,False,True,0,3,0.3,7,36,0.16279069767441862,0.6,48,0.0,0.05,0.05000000000000001,6.938893903907228e-18,0.0
revocation,0.05,0.7,,random,0.5,50,18,False,0.05561519535337815,0.20978776194265503,0.0,0.5945945945945946,0.4067796610169492,True,True,0,4,0.1,12,35,0.2553191489361702,0.6,26,0.0,0.05,0.05,0.0,0.0
revocation,0.05,0.7,,random,0.5,50,19,False,0.04171139651503362,0.15734082145699127,0.0,0.5844155844155844,0.408,False,True,0,4,0.3,0,35,0.0,0.6,26,0.0,0.05,0.05000000000000001,6.938893903907228e-18,0.0
revocation,0.05,0.7,,random,0.5,50,20,False,0.052712118814846644,0.11800561609274346,0.0,0.5925925925925926,0.4015151515151515,False,True,0,4,0.3,4,38,0.09523809523809523,0.55,30,0.0,0.05,0.05000000000000001,6.938893903907228e-18,0.0
revocation,0.05,0.7,,random,0.5,50,21,False,0.05917694625399212,0.15578809144450148,0.0,0.6046511627906976,0.39285714285714285,False,True,0,4,0.4,2,35,0.05405405405405406,0.55,32,0.0,0.05,0.05,0.0,0.0
revocation,0.05,0.7,,random,0.5,50,22,False,0.0738469954047798,0.18559106858337612,0.0,0.6153846153846154,0.3835616438356164,False,True,0,4,0.4,6,35,0.14634146341463414,0.3,38,0.0,0.05,0.05,0.0,0.0
revocation,0.05,0.7,,random,0.5,50,23,False,0.07145667512501343,0.1766933014375321,0.0,0.625,0.37662337662337664,False,True,0,4,0.5,8,38,0.17391304347826086,0.25,46,0.0,0.05,0.05,0.0,0.0
revocation,0.05,0.7,,random,0.5,50,24,False,0.06698536348661722,0.16376997607814908,0.0,0.6138613861386139,0.37423312883435583,False,True,0,4,0.6,10,30,0.25,0.55,56,0.0,0.05,0.05000000000000001,6.938893903907228e-18,0.0
revocation,0.05,0.7,,random,0.5,50,25,False,0.0895247369006772,0.1915774820586118,0.0,0.6226415094339622,0.36470588235294116,True,True,0,5,0.0,13,31,0.29545454545454547,0.45,26,0.0,0.05,0.05,0.0,0.0
revocation,0.05,0.7,,random,0.5,50,26,False,0.0671435526755079,0.14368311154395885,0.0,0.6296296296296297,0.3583815028901734,False,True,0,5,0.0,0,47,0.0,0.45,26,0.0,0.05,0.05,0.0,0.0
revocation,0.05,0.7,,random,0.5,50,27,False,0.05035766450663093,0.10776233365796914,0.0,0.6396396396396397,0.3463687150837989,False,True,0,5,0.1,0,46,0.0,0.45,26,0.0,0.05,0.05,0.0,0.0
revocation,0.05,0.7,,random,0.5,50,28,False,0.03776824837997319,0.08082175024347685,0.0,0.6403508771929824,0.34615384615384615,True,True,0,6,0.1,7,41,0.14583333333333334,0.5882352941176471,17,0.0,0.05,0.05,0.0,0.0
revocation,0.05,0.7,,random,0.5,50,29,False,0.028326186284979894,0.060616312682607636,0.0,0.6065573770491803,0.37305699481865284,True,True,0,7,0.0,3,28,0.0967741935483871,0.6666666666666666,15,0.0,0.05,0.05,0.0,0.0
revocation,0.05,0.7,,random,0.5,50,30,False,0.021244639713734918,0.045462234511955725,0.0,0.6190476190476191,0.36363636363636365,False,True,0,7,0.0,0,43,0.0,0.6666666666666666,15,0.0,0.05,0.05,0.0,0.0
revocation,0.05,0.7,,random,0.5,50,31,False,0.01593347978530119,0.034096675883966795,0.0,0.6307692307692307,0.35294117647058826,False,True,0,7,0.1,0,42,0.0,0.6666666666666666,15,0.0,0.05,0.05,0.0,0.0
revocation,0.05,0.7,,random,0.5,50,32,False,0.023854871743737797,0.10795324749172576,0.0,0.6363636363636364,0.3492822966507177,False,True,0,7,0.2,2,37,0.05128205128205128,0.6470588235294118,17,0.0,0.05,0.05,0.0,0.0
revocation,0.05,0.7,,random,0.5,50,33,False,0.04100039750528234,0.1618472885599708,0.0,0.6390977443609023,0.3476190476190476,True,True,0,8,0.0,4,36,0.1,0.4444444444444444,9,0.0,0.05,0.05,0.0,0.0
revocation,0.05,0.7,,random,0.5,50,34,False,0.03075029812896176,0.1213854664199781,0.0,0.6453900709219859,0.3440366972477064,False,True,0,8,0.1,0,32,0.0,0.4444444444444444,9,0.0,0.05,0.05,0.0,0.0
revocation,0.05,0.7,,random,0.5,50,35,False,0.030999231533229255,0.09103909981498358,0.0,0.6413793103448275,0.3452914798206278,False,True,0,8,0.2,3,35,0.07894736842105263,0.3333333333333333,12,0.0,0.05,0.05,0.0,0.0
revocation,0.05,0.7,,random,0.5,50,36,False,0.035154185554683845,0.08451605592055962,0.0,0.6533333333333333,0.3391304347826087,False,True,0,8,0.4,2,30,0.0625,0.2857142857142857,14,0.0,0.05,0.05,0.0,0.0
revocation,0.05,0.7,,random,0.5,50,37,False,0.041671761614992475,0.09910132765470543,0.0,0.6535947712418301,0.33760683760683763,False,True,0,8,0.6,7,37,0.1590909090909091,0.2,21,0.0,0.05,0.05000000000000001,6.938893903907228e-18,0.0
revocation,0.05,0.7,,random,0.5,50,38,False,0.04553953549695865,0.09932599574102907,0.0,0.6582278481012658,0.33195020746887965,False,True,0,8,0.7,13,28,0.3170731707317073,0.3,34,0.0,0.05,0.05,0.0,0.0
revocation,0.05,0.7,,random,0.5,50,39,False,0.05558322305129042,0.11199449680577181,0.0,0.65625,0.3306122448979592,False,True,0,8,0.7,16,30,0.34782608695652173,0.55,50,0.0,0.05,0.05,0.0,0.0
revocation,0.05,0.7,,random,0.5,51,0,False,0.0,0.0,0.0,0.0,1.0,False,True,0,0,0.0,0,0,0.0,0.0,0,0.0,0.05,0.05,0.0,0.0
revocation,0.05,0.7,,random,0.5,51,1,False,0.0,0.0,0.14285714285714285,0.14285714285714285,0.8709677419354839,False,True,0,0,0.2,0,45,0.0,0.0,0,0.0,0.05,0.05,0.0,0.0
revocation,0.05,0.7,,random,0.5,51,2,False,0.03571428571428571,0.03571428571428571,0.2777777777777778,0.2777777777777778,0.7777777777777778,False,True,0,0,0.3,4,34,0.10526315789473684,0.0,4,0.0,0.05,0.05000000000000001,6.938893903907228e-18,0.0
revocation,0.05,0.7,,random,0.5,51,3,False,0.08630952380952382,0.09623015873015874,0.2,0.3333333333333333,0.7209302325581395,True,True,0,1,0.1,11,33,0.25,0.42857142857142855,7,0.0,0.05,0.05,0.0,0.0
revocation,0.05,0.7,,random,0.5,51,4,False,0.1188137755102041,0.12470238095238095,0.1,0.3793103448275862,0.673469387755102,False,True,0,1,0.2,0,39,0.0,0.42857142857142855,7,0.0,0.05,0.05,0.0,0.0
revocation,0.05,0.7,,random,0.5,51,5,False,0.11997767857142859,0.1595982142857143,0.05,0.3870967741935484,0.6415094339622641,True,True,0,2,0.1,7,35,0.16666666666666666,0.6,5,0.0,0.05,0.05,0.0,0.0
revocation,0.05,0.7,,random,0.5,51,6,False,0.11230468750000001,0.20094866071428574,0.0,0.4166666666666667,0.6101694915254238,False,True,0,2,0.2,2,46,0.041666666666666664,0.42857142857142855,7,0.0,0.05,0.05,0.0,0.0
revocation,0.05,0.7,,random,0.5,51,7,False,0.0918815768494898,0.20428292410714288,0.0,0.41025641025641024,0.6190476190476191,False,True,0,2,0.4,8,34,0.19047619047619047,0.6,15,0.0,0.05,0.05,0.0,0.0
revocation,0.05,0.7,,random,0.5,51,8,False,0.1010540397799745,0.22821219308035717,0.0,0.4666666666666667,0.5633802816901409,False,True,0,2,0.4,9,27,0.25,0.65,24,0.0,0.05,0.05,0.0,0.0
revocation,0.05,0.7,,random,0.5,51,9,False,0.11061195840640946,0.2524091448102679,0.0,0.5,0.5394736842105263,False,True,0,2,0.5,11,31,0.2619047619047619,0.6,35,0.0,0.05,0.05,0.0,0.0
revocation,0.05,0.7,,random,0.5,51,10,False,0.12581611166194995,0.2643068586077009,0.0,0.5178571428571429,0.5180722891566265,True,True,0,3,0.0,21,19,0.525,0.35,29,0.0,0.05,0.05,0.0,0.0
revocation,0.05,0.7,,random,0.5,51,11,False,0.09436208374646247,0.1982301439557757,0.0,0.5344827586206896,0.5,False,True,0,3,0.1,0,44,0.0,0.35,29,0.0,0.05,0.05,0.0,0.0
revocation,0.05,0.7,,random,0.5,51,12,False,0.07702156280984686,0.1486726079668318,0.0,0.5396825396825397,0.49473684210526314,False,True,0,3,0.1,1,40,0.024390243902439025,0.3,30,0.0,0.05,0.05,0.0,0.0
revocation,0.05,0.7,,random,0.5,51,13,False,0.06312331496452799,0.11150445597512385,0.0,0.5441176470588235,0.4807692307692308,False,True,0,3,0.1,1,41,0.023809523809523808,0.3,31,0.0,0.05,0.05,0.0,0.0
revocation,0.05,0.7,,random,0.5,51,14,False,0.05269962908053886,0.1002428731748036,0.0,0.5492957746478874,0.47706422018348627,True,True,0,4,0.0,1,42,0.023255813953488372,0.3888888888888889,18,0.0,0.05,0.05,0.0,0.0
revocation,0.05,0.7,,random,0.5,51,15,False,0.03952472181040414,0.07518215488110269,0.0,0.5540540540540541,0.46551724137931033,False,True,0,4,0.1,0,41,0.0,0.3888888888888889,18,0.0,0.05,0.05,0.0,0.0
revocation,0.05,0.7,,random,0.5,51,16,False,0.029643541357803106,0.05638661616082702,0.0,0.5526315789473685,0.4666666666666667,False,True,0,4,0.1,0,46,0.0,0.3888888888888889,18,0.0,0.05,0.05,0.0,0.0
revocation,0.05,0.7,,random,0.5,51,17,False,0.02223265601835233,0.042289962120620264,0.0,0.5512820512820513,0.4596774193548387,False,True,0,4,0.1,1,47,0.020833333333333332,0.42105263157894735,19,0.0,0.05,0.05,0.0,0.0
revocation,0.05,0.7,,random,0.5,51,18,False,0.016674492013764246,0.0317174715904652,0.0,0.5487804878048781,0.4580152671755725,False,True,0,4,0.1,0,39,0.0,0.42105263157894735,19,0.0,0.05,0.05,0.0,0.0
revocation,0.05,0.7,,random,0.5,51,19,False,0.012505869010323186,0.0237881036928489,0.0,0.5555555555555556,0.44680851063829785,False,True,0,4,0.1,0,33,0.0,0.42105263157894735,19,0.0,0.05,0.05,0.0,0.0
revocation,0.05,0.7,,random,0.5,51,20,False,0.009379401757742389,0.017841077769636678,0.0,0.5638297872340425,0.42953020134228187,False,True,0,4,0.3,1,37,0.02631578947368421,0.45,20,0.0,0.05,0.05000000000000001,6.938893903907228e-18,0.0
revocation,0.05,0.7,,random,0.5,51,21,False,0.023105979889735364,0.06491335301891793,0.0,0.5714285714285714,0.42207792207792205,False,True,0,4,0.4,1,38,0.02564102564102564,0.45,21,0.0,0.05,0.05,0.0,0.0
revocation,0.05,0.7,,random,0.5,51,22,False,0.04143662777444439,0.10493501476418846,0.0,0.5769230769230769,0.41875,False,True,0,4,0.5,4,36,0.1,0.3,25,0.0,0.05,0.05,0.0,0.0
revocation,0.05,0.7,,random,0.5,51,23,False,0.047148899402261864,0.11620126107314135,0.0,0.5833333333333334,0.4121212121212121,False,True,0,4,0.6,9,33,0.21428571428571427,0.45,34,0.0,0.05,0.05000000000000001,6.938893903907228e-18,0.0
revocation,0.05,0.7,,random,0.5,51,24,False,0.06750453169455353,0.14340094580485602,0.0,0.5739130434782609,0.41379310344827586,False,True,0,4,0.7,18,17,0.5142857142857142,0.35,52,0.0,0.05,0.05,0.0,0.0
revocation,0.05,0.7,,random,0.5,51,25,False,0.08187839877091516,0.151300709353642,0.0,0.576,0.41621621621621624,False,True,0,4,0.7,16,16,0.5,0.15,68,0.0,0.05,0.05,0.0,0.0
revocation,0.05,0.7,,random,0.5,51,26,False,0.07480165622104351,0.1322255320152315,0.0,0.5703125,0.4148936170212766,True,True,0,5,0.1,17,28,0.37777777777777777,0.3,47,0.0,0.05,0.05,0.0,0.0
revocation,0.05,0.7,,random,0.5,51,27,False,0.056101242165782626,0.09916914901142362,0.0,0.5757575757575758,0.4072164948453608,False,True,0,5,0.1,6,39,0.13333333333333333,0.5,53,0.0,0.05,0.05,0.0,0.0
revocation,0.05,0.7,,random,0.5,51,28,False,0.042075931624336975,0.07437686175856772,0.0,0.5777777777777777,0.40703517587939697,True,True,0,6,0.0,6,33,0.15384615384615385,0.55,38,0.0,0.05,0.05,0.0,0.0
revocation,0.05,0.7,,random,0.5,51,29,False,0.03155694871825273,0.055782646318925794,0.0,0.5766423357664233,0.4077669902912621,False,True,0,6,0.1,0,35,0.0,0.55,38,0.0,0.05,0.05,0.0,0.0
revocation,0.05,0.7,,random,0.5,51,30,False,0.02366771153868955,0.041836984739194345,0.0,0.5704225352112676,0.4131455399061033,False,True,0,6,0.2,4,36,0.1,0.7,42,0.0,0.05,0.05,0.0,0.0
revocation,0.05,0.7,,random,0.5,51,31,False,0.03025078365401716,0.11887773855439576,0.0,0.564625850340136,0.41743119266055045,True,True,0,7,0.1,9,34,0.20930232558139536,0.65,31,0.0,0.05,0.05,0.0,0.0
revocation,0.05,0.7,,random,0.5,51,32,False,0.034295230597655726,0.09624857919791775,0.0,0.5592105263157895,0.4222222222222222,True,True,0,8,0.0,7,34,0.17073170731707318,0.5625,16,0.0,0.05,0.05,0.0,0.0
revocation,0.05,0.7,,random,0.5,51,33,False,0.025721422948241795,0.07218643439843832,0.0,0.5592105263157895,0.42290748898678415,False,True,0,8,0.2,0,44,0.0,0.5625,16,0.0,0.05,0.05,0.0,0.0
revocation,0.05,0.7,,random,0.5,51,34,False,0.03938035292546706,0.08203955885557056,0.0,0.5612903225806452,0.4230769230769231,False,True,0,8,0.3,5,33,0.13157894736842105,0.4,21,0.0,0.05,0.05000000000000001,6.938893903907228e-18,0.0
revocation,0.05,0.7,,random,0.5,51,35,False,0.050963836122671725,0.11152966914167792,0.0,0.5668789808917197,0.41735537190082644,False,True,0,8,0.3,3,37,0.075,0.4,24,0.0,0.05,0.05000000000000001,6.938893903907228e-18,0.0
revocation,0.05,0.7,,random,0.5,51,36,False,0.059651448520575225,0.13364725185625842,0.0,0.5705521472392638,0.4112903225806452,False,True,0,8,0.4,4,30,0.11764705882352941,0.3,28,0.0,0.05,0.05,0.0,0.0
revocation,0.05,0.7,,random,0.5,51,37,False,0.06616715781900284,0.1377354388921938,0.0,0.5748502994011976,0.40711462450592883,True,True,0,9,0.3,15,27,0.35714285714285715,0.25,25,0.0,0.05,0.05000000000000001,6.938893903907228e-18,0.0
revocation,0.05,0.7,,random,0.5,51,38,False,0.05855393979282356,0.13094164727770546,0.0,0.5847953216374269,0.3992248062015504,False,True,0,9,0.4,4,38,0.09523809523809523,0.2,29,0.0,0.05,0.05,0.0,0.0
revocation,0.05,0.7,,random,0.5,51,39,False,0.054629740558903385,0.1232062354582791,0.0,0.5804597701149425,0.39923954372623577,False,True,0,9,0.5,3,40,0.06976744186046512,0.2,32,0.0,0.05,0.05,0.0,0.0
