mode,detection,write_pref,side_defender_error,seed,epoch,reset,mean_infection,max_infection,cache_corruption,tier3_poisoning,promotion_accuracy,side_teardown,side_active,side_teardown_count,side_sweep_count,discovered_fraction,side_writes,sanctioned_writes,ungoverned_fraction,side_cache_corruption,side_entries,evader_fraction,population_attention,chosen_attention,substrate_gap,mean_side_value,side_host_users
deletion,0.05,0.7,0.0,42,0,False,0.0,0.0,0.0,0.0,1.0,False,True,0,0,0.2,0,0,0.0,0.0,0,0.0,0.065,0.005,-0.060000000000000005,0.0,"[1, 1, 0, 0]"
deletion,0.05,0.7,0.0,42,1,False,0.0,0.0,0.375,0.375,0.8333333333333334,False,True,0,0,0.3,7,44,0.13725490196078433,0.14285714285714285,7,0.0,0.065,0.006666666666666667,-0.058333333333333334,0.0,"[1, 2, 0, 0]"
deletion,0.05,0.7,0.0,42,2,False,0.07723214285714286,0.09375,0.4166666666666667,0.4166666666666667,0.7586206896551724,False,True,0,0,0.3,11,32,0.2558139534883721,0.1111111111111111,18,0.0,0.065,0.006666666666666667,-0.058333333333333334,0.0,"[1, 2, 0, 0]"
deletion,0.05,0.7,0.0,42,3,False,0.14274553571428572,0.17447916666666669,0.6111111111111112,0.6111111111111112,0.6111111111111112,False,True,0,0,0.3,13,28,0.3170731707317073,0.12903225806451613,31,0.0,0.065,0.006666666666666667,-0.058333333333333334,0.0,"[1, 2, 0, 0]"
deletion,0.05,0.7,0.0,42,4,False,0.23289457367376776,0.2836371527777778,0.631578947368421,0.631578947368421,0.5945945945945946,False,True,0,0,0.3,10,33,0.23255813953488372,0.1388888888888889,41,0.0,0.065,0.006666666666666667,-0.058333333333333334,0.0,"[1, 2, 0, 0]"
deletion,0.05,0.7,0.0,42,5,False,0.3058739377741228,0.37062260142543857,0.6,0.68,0.5333333333333333,False,True,0,0,0.4,13,23,0.3611111111111111,0.125,54,0.0,0.065,0.0075,-0.0575,0.0,"[1, 3, 0, 0]"
deletion,0.05,0.7,0.0,42,6,False,0.35351259618773495,0.4279669510690789,0.5,0.6666666666666666,0.52,False,True,0,0,0.5,20,29,0.40816326530612246,0.275,74,0.0,0.065,0.008,-0.057,0.0,"[1, 4, 0, 0]"
deletion,0.05,0.7,0.0,42,7,False,0.3767415899979441,0.44597521330180917,0.3,0.631578947368421,0.5084745762711864,False,True,0,0,0.5,16,26,0.38095238095238093,0.375,90,0.0,0.065,0.008,-0.057,0.0,"[1, 4, 0, 0]"
deletion,0.05,0.7,0.0,42,8,False,0.36737762106988664,0.4204189099763569,0.25,0.6428571428571429,0.4925373134328358,False,True,0,0,0.5,17,32,0.3469387755102041,0.325,107,0.0,0.065,0.008,-0.057,0.0,"[1, 4, 0, 0]"
deletion,0.05,0.7,0.0,42,9,False,0.3460689300881293,0.39656418248226766,0.15,0.6304347826086957,0.4714285714285714,False,True,0,0,0.5,17,24,0.4146341463414634,0.4,124,0.0,0.065,0.008,-0.057,0.0,"[1, 4, 0, 0]"
deletion,0.05,0.7,0.0,42,10,False,0.32026598328038264,0.38492313686170077,0.1,0.6170212765957447,0.4657534246575342,False,True,0,0,0.7,17,34,0.3333333333333333,0.425,141,0.0,0.065,0.008571428571428572,-0.05642857142857143,0.0,"[1, 6, 0, 0]"
deletion,0.05,0.7,0.0,42,11,False,0.30359234460314416,0.3761923526462756,0.1,0.6538461538461539,0.4430379746835443,False,True,0,0,0.8,21,19,0.525,0.475,162,0.0,0.065,0.00875,-0.05625,0.0,"[1, 7, 0, 0]"
deletion,0.05,0.7,0.0,42,12,False,0.3089442584523581,0.3821442644847067,0.05,0.6363636363636364,0.4457831325301205,True,True,1,0,0.9,22,18,0.55,0.25,78,0.0,0.065,0.020000000000000004,-0.045,0.0,"[3, 3, 3, 0]"
deletion,0.05,0.7,0.0,42,13,False,0.2549224795535543,0.2995597973858055,0.0,0.6379310344827587,0.4367816091954023,False,True,1,0,1.0,19,22,0.4634146341463415,0.4642857142857143,97,0.0,0.065,0.023,-0.042,0.0,"[3, 3, 4, 0]"
deletion,0.05,0.7,0.0,42,14,False,0.23672757395088,0.26949754586737407,0.0,0.639344262295082,0.42857142857142855,True,True,3,0,1.0,33,18,0.6470588235294118,0.45,103,0.0,0.065,0.017,-0.048,0.0,"[5, 2, 3, 0]"
deletion,0.05,0.7,0.0,42,15,False,0.20968853760601716,0.25837315940053057,0.0,0.6451612903225806,0.425531914893617,False,True,3,0,1.0,17,29,0.3695652173913043,0.5,120,0.0,0.065,0.017,-0.048,0.0,"[5, 2, 3, 0]"
deletion,0.05,0.7,0.0,42,16,False,0.19298068891879858,0.25627986955039794,0.0,0.6527777777777778,0.41509433962264153,True,True,4,0,1.0,23,12,0.6571428571428571,0.3181818181818182,138,0.0,0.065,0.009,-0.056,0.0,"[5, 4, 1, 0]"
deletion,0.05,0.7,0.0,42,17,False,0.18402123097481324,0.22970990216279846,0.0,0.6533333333333333,0.3963963963963964,False,True,4,0,1.0,25,16,0.6097560975609756,0.42857142857142855,163,0.0,0.065,0.009,-0.056,0.0,"[5, 4, 1, 0]"
deletion,0.05,0.7,0.0,42,18,False,0.18444449465968135,0.22228242662209885,0.0,0.6265060240963856,0.4083333333333333,False,True,4,0,1.0,31,14,0.6888888888888889,0.4772727272727273,194,0.0,0.065,0.009,-0.056,0.0,"[5, 4, 1, 0]"
deletion,0.05,0.7,0.0,42,19,False,0.19190479956618958,0.22296181996657413,0.0,0.6333333333333333,0.40476190476190477,True,True,5,0,1.0,27,12,0.6923076923076923,0.55,214,0.0,0.065,0.024,-0.041,0.0,"[5, 4, 0, 1]"
deletion,0.05,0.7,0.0,42,20,False,0.20107145681749933,0.23269956236700684,0.0,0.6263736263736264,0.40625,True,True,6,0,1.0,35,9,0.7954545454545454,0.625,247,0.0,0.065,0.004,-0.061,0.0,"[6, 4, 0, 0]"
deletion,0.05,0.7,0.0,42,21,False,0.22491073547026735,0.2620246717752551,0.0,0.631578947368421,0.4015151515151515,False,True,6,0,1.0,27,15,0.6428571428571429,0.6,274,0.0,0.065,0.004,-0.061,0.0,"[6, 4, 0, 0]"
deletion,0.05,0.7,0.0,42,22,False,0.23832590874555765,0.28401850383144134,0.0,0.6407766990291263,0.39285714285714285,False,True,6,0,1.0,25,15,0.625,0.475,299,0.0,0.065,0.004,-0.061,0.0,"[6, 4, 0, 0]"
deletion,0.05,0.7,0.0,42,23,False,0.23142300298773968,0.288013877873581,0.0,0.6415094339622641,0.38620689655172413,True,True,7,0,1.0,34,9,0.7906976744186046,0.45,263,0.0,0.065,0.026000000000000002,-0.039,0.0,"[7, 1, 1, 1]"
deletion,0.05,0.7,0.0,42,24,False,0.21374582366937617,0.2259079318865991,0.0,0.6422018348623854,0.37748344370860926,False,True,7,0,1.0,20,17,0.5405405405405406,0.5,283,0.0,0.065,0.026000000000000002,-0.039,0.0,"[7, 1, 1, 1]"
deletion,0.05,0.7,0.0,42,25,False,0.2183450820377464,0.28700780630388933,0.0,0.6428571428571429,0.3670886075949367,False,True,7,0,1.0,28,16,0.6363636363636364,0.52,311,0.0,0.065,0.026000000000000002,-0.039,0.0,"[7, 1, 1, 1]"
deletion,0.05,0.7,0.0,42,26,False,0.23369928771878598,0.340255854727917,0.0,0.6521739130434783,0.3575757575757576,False,True,7,0,1.0,32,10,0.7619047619047619,0.5161290322580645,343,0.0,0.065,0.026000000000000002,-0.039,0.0,"[7, 1, 1, 1]"
deletion,0.05,0.7,0.0,42,27,False,0.24104827531289902,0.33019189104593777,0.0,0.656,0.35260115606936415,False,True,7,0,1.0,23,10,0.696969696969697,0.5588235294117647,366,0.0,0.065,0.026000000000000002,-0.039,0.0,"[7, 1, 1, 1]"
deletion,0.05,0.7,0.0,42,28,False,0.2522147779132457,0.3190724897130247,0.0,0.6616541353383458,0.35,False,True,7,0,1.0,27,13,0.675,0.5135135135135135,393,0.0,0.065,0.026000000000000002,-0.039,0.0,"[7, 1, 1, 1]"
deletion,0.05,0.7,0.0,42,29,False,0.2573654485142994,0.2948599228403241,0.0,0.656934306569343,0.34946236559139787,False,True,7,0,1.0,33,10,0.7674418604651163,0.5116279069767442,426,0.0,0.065,0.026000000000000002,-0.039,0.0,"[7, 1, 1, 1]"
deletion,0.05,0.7,0.0,42,30,False,0.2656701902818284,0.2800444048694655,0.0,0.6571428571428571,0.3492063492063492,False,True,7,0,1.0,32,14,0.6956521739130435,0.4716981132075472,458,0.0,0.065,0.026000000000000002,-0.039,0.0,"[7, 1, 1, 1]"
deletion,0.05,0.7,0.0,42,31,False,0.265919309378038,0.28503330365209917,0.0,0.6462585034013606,0.358974358974359,True,True,8,0,1.0,36,9,0.8,0.5238095238095238,476,0.0,0.065,0.021,-0.044,0.0,"[8, 1, 0, 1]"
deletion,0.05,0.7,0.0,42,32,False,0.2807420030419318,0.3012749777390744,0.0,0.6490066225165563,0.35678391959798994,False,True,8,0,1.0,32,16,0.6666666666666666,0.391304347826087,508,0.0,0.065,0.021,-0.044,0.0,"[8, 1, 0, 1]"
deletion,0.05,0.7,0.0,42,33,False,0.26976702859723833,0.2884562333043058,0.0,0.6474358974358975,0.35609756097560974,False,True,8,0,1.0,27,16,0.627906976744186,0.4791666666666667,535,0.0,0.065,0.021,-0.044,0.0,"[8, 1, 0, 1]"
deletion,0.05,0.7,0.0,42,34,False,0.27821812859078593,0.2975921749782294,0.0,0.6477987421383647,0.35406698564593303,True,True,9,0,1.0,31,13,0.7045454545454546,0.5,554,0.0,0.065,0.021,-0.044,0.0,"[8, 1, 0, 1]"
deletion,0.05,0.7,0.0,42,35,False,0.28455645358594656,0.30444413123367203,0.0,0.6524390243902439,0.3488372093023256,False,True,9,0,1.0,29,13,0.6904761904761905,0.425,583,0.0,0.065,0.021,-0.044,0.0,"[8, 1, 0, 1]"
deletion,0.05,0.7,0.0,42,36,False,0.27770305447517424,0.29708309842525404,0.0,0.6470588235294118,0.35135135135135137,True,True,10,0,1.0,30,8,0.7894736842105263,0.45,610,0.0,0.065,0.002,-0.063,0.0,"[8, 2, 0, 0]"
deletion,0.05,0.7,0.0,42,37,False,0.2779201479992378,0.2978123238189405,0.0,0.6460674157303371,0.3568281938325991,False,True,10,0,1.0,25,11,0.6944444444444444,0.55,635,0.0,0.065,0.002,-0.063,0.0,"[8, 2, 0, 0]"
deletion,0.05,0.7,0.0,42,38,False,0.2995115395708569,0.32335924286420537,0.0,0.6358695652173914,0.3648068669527897,False,True,10,0,1.0,22,11,0.6666666666666666,0.5,657,0.0,0.065,0.002,-0.063,0.0,"[8, 2, 0, 0]"
deletion,0.05,0.7,0.0,42,39,False,0.3005265118209998,0.323769432148154,0.0,0.6368421052631579,0.36401673640167365,False,True,10,0,1.0,23,16,0.5897435897435898,0.525,680,0.0,0.065,0.002,-0.063,0.0,"[8, 2, 0, 0]"
deletion,0.05,0.7,0.0,43,0,False,0.0,0.0,0.0,0.0,1.0,False,True,0,0,0.1,0,0,0.0,0.0,0,0.0,0.065,0.2,0.135,0.0,"[0, 0, 0, 1]"
deletion,0.05,0.7,0.0,43,1,False,0.0,0.0,0.09090909090909091,0.09090909090909091,0.8518518518518519,False,True,0,0,0.1,0,50,0.0,0.0,0,0.0,0.065,0.2,0.135,0.0,"[0, 0, 0, 1]"
deletion,0.05,0.7,0.0,43,2,False,0.022727272727272728,0.022727272727272728,0.29411764705882354,0.29411764705882354,0.7575757575757576,False,True,0,0,0.2,0,36,0.0,0.0,0,0.0,0.065,0.10500000000000001,0.04000000000000001,0.0,"[0, 1, 0, 1]"
deletion,0.05,0.7,0.0,43,3,False,0.09057486631016043,0.09057486631016043,0.4,0.42857142857142855,0.6341463414634146,False,True,0,0,0.3,2,37,0.05128205128205128,0.0,2,0.0,0.065,0.07333333333333333,0.008333333333333331,0.0,"[0, 2, 0, 1]"
deletion,0.05,0.7,0.0,43,4,False,0.15364543544690606,0.16793114973262033,0.35,0.4583333333333333,0.5869565217391305,False,True,0,0,0.5,9,33,0.21428571428571427,0.18181818181818182,11,0.0,0.065,0.124,0.059,0.0,"[0, 2, 0, 3]"
deletion,0.05,0.7,0.0,43,5,False,0.196727583078686,0.21344836229946523,0.25,0.5,0.5272727272727272,True,True,1,0,0.6,11,26,0.2972972972972973,0.15,20,0.0,0.065,0.05333333333333334,-0.011666666666666665,0.0,"[1, 2, 2, 1]"
deletion,0.05,0.7,0.0,43,6,False,0.20647425873758593,0.22258627172459894,0.25,0.53125,0.5166666666666667,False,True,1,0,0.8,23,27,0.46,0.4117647058823529,43,0.0,0.065,0.0475,-0.0175,0.0,"[1, 3, 3, 1]"
deletion,0.05,0.7,0.0,43,7,False,0.22062950357699898,0.3023563704601159,0.2,0.5263157894736842,0.5074626865671642,False,True,1,0,0.8,23,23,0.5,0.35714285714285715,66,0.0,0.065,0.0475,-0.0175,0.0,"[1, 3, 3, 1]"
deletion,0.05,0.7,0.0,43,8,False,0.2178530800637016,0.3434339445117536,0.15,0.5365853658536586,0.4861111111111111,False,True,1,0,0.8,25,21,0.5434782608695652,0.4117647058823529,91,0.0,0.065,0.0475,-0.0175,0.0,"[1, 3, 3, 1]"
deletion,0.05,0.7,0.0,43,9,False,0.21428266719063332,0.37007545838381517,0.1,0.5116279069767442,0.4805194805194805,False,True,1,0,0.8,24,22,0.5217391304347826,0.35185185185185186,115,0.0,0.065,0.0475,-0.0175,0.0,"[1, 3, 3, 1]"
deletion,0.05,0.7,0.0,43,10,False,0.19804966273063734,0.38380659378786136,0.1,0.5333333333333333,0.44047619047619047,False,True,1,0,0.8,24,21,0.5333333333333333,0.3508771929824561,139,0.0,0.065,0.0475,-0.0175,0.0,"[1, 3, 3, 1]"
deletion,0.05,0.7,0.0,43,11,False,0.18641990010920248,0.400354945340896,0.1,0.5531914893617021,0.4175824175824176,True,True,3,0,0.8,25,17,0.5952380952380952,0.4594594594594595,68,0.0,0.065,0.05,-0.015,0.0,"[3, 0, 4, 1]"
deletion,0.05,0.7,0.0,43,12,False,0.1876090427289607,0.412766209005672,0.05,0.5576923076923077,0.4166666666666667,True,True,4,0,0.8,21,21,0.5,0.1,29,0.0,0.065,0.03375,-0.03125,0.0,"[4, 2, 1, 1]"
deletion,0.05,0.7,0.0,43,13,False,0.15677821061814906,0.322074656754254,0.05,0.5818181818181818,0.4019607843137255,False,True,4,0,0.8,16,24,0.4,0.15384615384615385,45,0.0,0.065,0.03375,-0.03125,0.0,"[4, 2, 1, 1]"
deletion,0.05,0.7,0.0,43,14,False,0.13901222939218325,0.2478059925656905,0.05,0.603448275862069,0.37962962962962965,False,True,4,0,0.9,18,20,0.47368421052631576,0.18181818181818182,63,0.0,0.065,0.035555555555555556,-0.029444444444444447,0.0,"[4, 2, 2, 1]"
deletion,0.05,0.7,0.0,43,15,False,0.12109590673801497,0.20996163728141073,0.05,0.6290322580645161,0.36283185840707965,True,True,5,0,1.0,28,17,0.6222222222222222,0.3488372093023256,86,0.0,0.065,0.032,-0.033,0.0,"[5, 2, 2, 1]"
deletion,0.05,0.7,0.0,43,16,False,0.10567582615740734,0.1864485006883308,0.0,0.5942028985507246,0.38333333333333336,True,True,6,0,1.0,27,12,0.6923076923076923,0.24242424242424243,91,0.0,0.065,0.062,-0.0030000000000000027,0.0,"[5, 2, 0, 3]"
deletion,0.05,0.7,0.0,43,17,False,0.10260851796970386,0.17829791397778658,0.0,0.589041095890411,0.3902439024390244,True,True,7,0,1.0,36,12,0.75,0.23076923076923078,113,0.0,0.065,0.032,-0.033,0.0,"[5, 2, 2, 1]"
deletion,0.05,0.7,0.0,43,18,False,0.09598834336449594,0.17319711969386625,0.0,0.5921052631578947,0.3798449612403101,False,True,7,0,1.0,24,21,0.5333333333333333,0.28888888888888886,137,0.0,0.065,0.032,-0.033,0.0,"[5, 2, 2, 1]"
deletion,0.05,0.7,0.0,43,19,False,0.09788411466622911,0.1798978397703997,0.0,0.6,0.38405797101449274,True,True,9,0,1.0,25,12,0.6756756756756757,0.225,147,0.0,0.065,0.027000000000000003,-0.038,0.0,"[6, 2, 1, 1]"
deletion,0.05,0.7,0.0,43,20,False,0.08591308599967183,0.18492337982779977,0.0,0.5862068965517241,0.3819444444444444,False,True,9,0,1.0,12,25,0.32432432432432434,0.25,159,0.0,0.065,0.027000000000000003,-0.038,0.0,"[6, 2, 1, 1]"
deletion,0.05,0.7,0.0,43,21,False,0.08229195735689673,0.1886925348708498,0.0,0.5978260869565217,0.375,True,True,10,0,1.0,28,12,0.7,0.36363636363636365,180,0.0,0.065,0.027000000000000003,-0.038,0.0,"[6, 2, 1, 1]"
deletion,0.05,0.7,0.0,43,22,False,0.0858261108748154,0.19776940115313735,0.0,0.5773195876288659,0.3836477987421384,False,True,10,0,1.0,24,20,0.5454545454545454,0.4716981132075472,204,0.0,0.065,0.027000000000000003,-0.038,0.0,"[6, 2, 1, 1]"
deletion,0.05,0.7,0.0,43,23,False,0.0884767260132544,0.204577050864853,0.0,0.5858585858585859,0.37888198757763975,True,True,12,0,1.0,36,15,0.7058823529411765,0.225,215,0.0,0.065,0.023,-0.042,0.0,"[6, 3, 0, 1]"
deletion,0.05,0.7,0.0,43,24,False,0.07439325879565509,0.20968278814863975,0.0,0.5784313725490197,0.3795180722891566,False,True,12,0,1.0,26,21,0.5531914893617021,0.375,241,0.0,0.065,0.023,-0.042,0.0,"[6, 3, 0, 1]"
deletion,0.05,0.7,0.0,43,25,False,0.07811637266816988,0.2385120911114798,0.0,0.5794392523364486,0.3793103448275862,False,True,12,0,1.0,26,15,0.6341463414634146,0.4888888888888889,267,0.0,0.065,0.023,-0.042,0.0,"[6, 3, 0, 1]"
deletion,0.05,0.7,0.0,43,26,False,0.07823013664398457,0.2788840683336099,0.0,0.5892857142857143,0.3743016759776536,True,True,13,0,1.0,25,11,0.6944444444444444,0.43333333333333335,237,0.0,0.065,0.046,-0.019000000000000003,0.0,"[6, 1, 1, 2]"
deletion,0.05,0.7,0.0,43,27,False,0.07474403105441699,0.20916305125020743,0.0,0.5775862068965517,0.3825136612021858,True,True,14,0,1.0,29,14,0.6744186046511628,0.20833333333333334,246,0.0,0.065,0.012,-0.053000000000000005,0.0,"[6, 2, 2, 0]"
deletion,0.05,0.7,0.0,43,28,False,0.061415166147955606,0.15687228843765558,0.0,0.5819672131147541,0.3829787234042553,False,True,14,0,1.0,36,10,0.782608695652174,0.4864864864864865,282,0.0,0.065,0.012,-0.053000000000000005,0.0,"[6, 2, 2, 0]"
deletion,0.05,0.7,0.0,43,29,False,0.07939470794430004,0.200987549661575,0.0,0.5748031496062992,0.38461538461538464,False,True,14,0,1.0,34,10,0.7727272727272727,0.6037735849056604,316,0.0,0.065,0.012,-0.053000000000000005,0.0,"[6, 2, 2, 0]"
deletion,0.05,0.7,0.0,43,30,False,0.09372970442761279,0.24002637653189557,0.0,0.5909090909090909,0.3768844221105528,False,True,14,0,1.0,36,12,0.75,0.6166666666666667,352,0.0,0.065,0.012,-0.053000000000000005,0.0,"[6, 2, 2, 0]"
deletion,0.05,0.7,0.0,43,31,False,0.10422584974928102,0.2675197823989217,0.0,0.5928571428571429,0.37681159420289856,False,True,14,0,1.0,30,12,0.7142857142857143,0.5833333333333334,382,0.0,0.065,0.012,-0.053000000000000005,0.0,"[6, 2, 2, 0]"
deletion,0.05,0.7,0.0,43,32,False,0.1058479587405322,0.2818898367991913,0.0,0.5862068965517241,0.38207547169811323,True,True,15,0,1.0,27,14,0.6585365853658537,0.375,374,0.0,0.065,0.022,-0.043000000000000003,0.0,"[7, 2, 0, 1]"
deletion,0.05,0.7,0.0,43,33,False,0.10617168334111342,0.28641737759939345,0.0,0.5733333333333334,0.38990825688073394,True,True,16,0,1.0,32,11,0.7441860465116279,0.55,404,0.0,0.065,0.002,-0.063,0.0,"[8, 2, 0, 0]"
deletion,0.05,0.7,0.0,43,34,False,0.1260573339344065,0.3148130331995451,0.0,0.5786163522012578,0.3893805309734513,False,True,16,0,1.0,29,14,0.6744186046511628,0.55,433,0.0,0.065,0.002,-0.063,0.0,"[8, 2, 0, 0]"
deletion,0.05,0.7,0.0,43,35,False,0.14543585759366204,0.32985977489965884,0.0,0.572289156626506,0.39316239316239315,False,True,16,0,1.0,34,9,0.7906976744186046,0.525,467,0.0,0.065,0.002,-0.063,0.0,"[8, 2, 0, 0]"
deletion,0.05,0.7,0.0,43,36,False,0.1546126074809608,0.34114483117474415,0.0,0.5798816568047337,0.3865546218487395,False,True,16,0,1.0,27,14,0.6585365853658537,0.55,494,0.0,0.065,0.002,-0.063,0.0,"[8, 2, 0, 0]"
deletion,0.05,0.7,0.0,43,37,False,0.17131659846786348,0.34335862338105816,0.0,0.5681818181818182,0.39591836734693875,False,True,16,0,1.0,27,10,0.7297297297297297,0.675,521,0.0,0.065,0.002,-0.063,0.0,"[8, 2, 0, 0]"
deletion,0.05,0.7,0.0,43,38,False,0.2017017345651833,0.3575189675357936,0.0,0.5573770491803278,0.4063745019920319,False,True,16,0,1.0,24,13,0.6486486486486487,0.575,545,0.0,0.065,0.002,-0.063,0.0,"[8, 2, 0, 0]"
deletion,0.05,0.7,0.0,43,39,False,0.19859772949531607,0.37438922565184524,0.0,0.5614973262032086,0.4046692607003891,False,True,16,0,1.0,30,13,0.6976744186046512,0.6,575,0.0,0.065,0.002,-0.063,0.0,"[8, 2, 0, 0]"
deletion,0.05,0.7,0.0,44,0,False,0.0,0.0,0.0,0.0,1.0,False,True,0,0,0.1,0,0,0.0,0.0,0,0.0,0.065,0.01,-0.055,0.0,"[0, 1, 0, 0]"
deletion,0.05,0.7,0.0,44,1,False,0.0,0.0,0.3,0.3,0.7307692307692307,False,True,0,0,0.2,7,35,0.16666666666666666,0.14285714285714285,7,0.0,0.065,0.01,-0.055,0.0,"[0, 2, 0, 0]"
deletion,0.05,0.7,0.0,44,2,False,0.06938775510204082,0.075,0.35714285714285715,0.35714285714285715,0.7096774193548387,False,True,0,0,0.4,7,32,0.1794871794871795,0.2857142857142857,14,0.0,0.065,0.0075,-0.0575,0.0,"[1, 3, 0, 0]"
deletion,0.05,0.7,0.0,44,3,False,0.13749999999999998,0.14553571428571427,0.45,0.47619047619047616,0.5952380952380952,False,True,0,0,0.7,9,25,0.2647058823529412,0.25,23,0.0,0.065,0.03428571428571429,-0.030714285714285715,0.0,"[2, 4, 0, 1]"
deletion,0.05,0.7,0.0,44,4,False,0.20491071428571428,0.2216517857142857,0.4,0.5,0.5652173913043478,True,True,1,0,0.8,23,18,0.5609756097560976,0.0,3,0.0,0.065,0.03125,-0.03375,0.0,"[2, 5, 0, 1]"
deletion,0.05,0.7,0.0,44,5,False,0.24654017857142857,0.2662388392857143,0.3,0.5172413793103449,0.5576923076923077,False,True,1,0,0.9,2,41,0.046511627906976744,0.0,5,0.0,0.065,0.05,-0.015,0.0,"[2, 5, 0, 2]"
deletion,0.05,0.7,0.0,44,6,False,0.2545479910714286,0.27467912946428574,0.15,0.5135135135135135,0.5409836065573771,True,True,2,0,0.9,25,10,0.7142857142857143,0.34615384615384615,26,0.0,0.065,0.012222222222222223,-0.05277777777777778,0.0,"[2, 6, 1, 0]"
deletion,0.05,0.7,0.0,44,7,False,0.24716099330357144,0.2716343470982143,0.0,0.5227272727272727,0.5294117647058824,False,True,2,0,0.9,27,15,0.6428571428571429,0.3783783783783784,53,0.0,0.065,0.012222222222222223,-0.05277777777777778,0.0,"[2, 6, 1, 0]"
deletion,0.05,0.7,0.0,44,8,False,0.22618707150829082,0.26622576032366074,0.0,0.5319148936170213,0.5211267605633803,False,True,2,0,0.9,30,16,0.6521739130434783,0.4186046511627907,83,0.0,0.065,0.012222222222222223,-0.05277777777777778,0.0,"[2, 6, 1, 0]"
deletion,0.05,0.7,0.0,44,9,False,0.2213209759001257,0.2809193202427456,0.0,0.56,0.4868421052631579,False,True,2,0,0.9,24,17,0.5853658536585366,0.4090909090909091,107,0.0,0.065,0.012222222222222223,-0.05277777777777778,0.0,"[2, 6, 1, 0]"
deletion,0.05,0.7,0.0,44,10,False,0.21737962081398313,0.29193949018205917,0.0,0.5245901639344263,0.5056179775280899,False,True,2,0,0.9,19,13,0.59375,0.425531914893617,126,0.0,0.065,0.012222222222222223,-0.05277777777777778,0.0,"[2, 6, 1, 0]"
deletion,0.05,0.7,0.0,44,11,False,0.22107042989620163,0.3127046176365444,0.0,0.5588235294117647,0.48936170212765956,False,True,2,0,0.9,30,13,0.6976744186046512,0.3,156,0.0,0.065,0.012222222222222223,-0.05277777777777778,0.0,"[2, 6, 1, 0]"
deletion,0.05,0.7,0.0,44,12,False,0.20330282242215122,0.2907784632274083,0.0,0.5633802816901409,0.47959183673469385,False,True,2,0,0.9,31,13,0.7045454545454546,0.38461538461538464,187,0.0,0.065,0.012222222222222223,-0.05277777777777778,0.0,"[2, 6, 1, 0]"
deletion,0.05,0.7,0.0,44,13,False,0.20247711681661343,0.2930838474205562,0.0,0.5540540540540541,0.47115384615384615,False,True,2,0,0.9,28,14,0.6666666666666666,0.37037037037037035,215,0.0,0.065,0.012222222222222223,-0.05277777777777778,0.0,"[2, 6, 1, 0]"
deletion,0.05,0.7,0.0,44,14,False,0.20453640904103151,0.30106288556541716,0.0,0.5476190476190477,0.4778761061946903,False,True,2,0,0.9,17,20,0.4594594594594595,0.4074074074074074,232,0.0,0.065,0.012222222222222223,-0.05277777777777778,0.0,"[2, 6, 1, 0]"
deletion,0.05,0.7,0.0,44,15,False,0.20786659249505934,0.30704716417406286,0.0,0.5444444444444444,0.475,False,True,2,0,1.0,28,17,0.6222222222222222,0.2962962962962963,260,0.0,0.065,0.016,-0.049,0.0,"[2, 6, 2, 0]"
deletion,0.05,0.7,0.0,44,16,False,0.19161423008558023,0.28028537313054713,0.0,0.5204081632653061,0.4921875,False,True,2,0,1.0,28,15,0.6511627906976745,0.4482758620689655,288,0.0,0.065,0.016,-0.049,0.0,"[2, 6, 2, 0]"
deletion,0.05,0.7,0.0,44,17,False,0.20710352970704232,0.3039640298479104,0.0,0.5048543689320388,0.4962962962962963,False,True,2,0,1.0,29,15,0.6590909090909091,0.4,317,0.0,0.065,0.016,-0.049,0.0,"[2, 6, 2, 0]"
deletion,0.05,0.7,0.0,44,18,False,0.21425621870885317,0.3154730223859328,0.0,0.5046728971962616,0.49640287769784175,True,True,3,0,1.0,33,12,0.7333333333333333,0.225,79,0.0,0.065,0.038,-0.027000000000000003,0.0,"[3, 3, 3, 1]"
deletion,0.05,0.7,0.0,44,19,False,0.17676359260306845,0.29228353848957345,0.0,0.5175438596491229,0.48299319727891155,True,True,4,0,1.0,13,23,0.3611111111111111,0.225,90,0.0,0.065,0.023,-0.042,0.0,"[3, 3, 4, 0]"
deletion,0.05,0.7,0.0,44,20,False,0.1486441230237299,0.2754626538671801,0.0,0.5333333333333333,0.46794871794871795,False,True,4,0,1.0,29,10,0.7435897435897436,0.3333333333333333,119,0.0,0.065,0.023,-0.042,0.0,"[3, 3, 4, 0]"
deletion,0.05,0.7,0.0,44,21,False,0.14216491044961563,0.2503469904003851,0.0,0.5317460317460317,0.4658385093167702,False,True,4,0,1.0,27,16,0.627906976744186,0.43333333333333335,146,0.0,0.065,0.023,-0.042,0.0,"[3, 3, 4, 0]"
deletion,0.05,0.7,0.0,44,22,False,0.14144511140864027,0.28277218144384453,0.0,0.5303030303030303,0.4642857142857143,False,True,4,0,1.0,27,15,0.6428571428571429,0.4166666666666667,173,0.0,0.065,0.023,-0.042,0.0,"[3, 3, 4, 0]"
deletion,0.05,0.7,0.0,44,23,False,0.1391195478421945,0.3183291360828834,0.0,0.5319148936170213,0.4632768361581921,False,True,4,0,1.0,32,11,0.7441860465116279,0.4166666666666667,205,0.0,0.065,0.023,-0.042,0.0,"[3, 3, 4, 0]"
deletion,0.05,0.7,0.0,44,24,False,0.13558966088164587,0.3449968520621625,0.0,0.5379310344827586,0.4585635359116022,False,True,4,0,1.0,26,13,0.6666666666666666,0.4,231,0.0,0.065,0.023,-0.042,0.0,"[3, 3, 4, 0]"
deletion,0.05,0.7,0.0,44,25,False,0.1311565313755201,0.3649976390466219,0.0,0.5394736842105263,0.455026455026455,False,True,4,0,1.0,31,11,0.7380952380952381,0.36666666666666664,262,0.0,0.065,0.023,-0.042,0.0,"[3, 3, 4, 0]"
deletion,0.05,0.7,0.0,44,26,False,0.1278316842459258,0.36749822928496645,0.0,0.532051282051282,0.46153846153846156,False,True,4,0,1.0,32,12,0.7272727272727273,0.48333333333333334,294,0.0,0.065,0.023,-0.042,0.0,"[3, 3, 4, 0]"
deletion,0.05,0.7,0.0,44,27,False,0.13605233461301577,0.38187367196372485,0.0,0.5217391304347826,0.465,False,True,4,0,1.0,30,13,0.6976744186046512,0.45,324,0.0,0.065,0.023,-0.042,0.0,"[3, 3, 4, 0]"
deletion,0.05,0.7,0.0,44,28,False,0.1350749652454761,0.4051552539727936,0.0,0.5209580838323353,0.46601941747572817,True,True,5,0,1.0,22,12,0.6470588235294118,0.625,262,0.0,0.065,0.028000000000000004,-0.037,0.0,"[5, 3, 1, 1]"
deletion,0.05,0.7,0.0,44,29,False,0.14237765250553566,0.4163664404795952,0.0,0.5235294117647059,0.46190476190476193,False,True,5,0,1.0,32,10,0.7619047619047619,0.5,294,0.0,0.065,0.028000000000000004,-0.037,0.0,"[5, 3, 1, 1]"
deletion,0.05,0.7,0.0,44,30,False,0.133568953664866,0.4247748303596964,0.0,0.5202312138728323,0.4604651162790698,True,True,6,0,1.0,29,16,0.6444444444444445,0.4883720930232558,319,0.0,0.065,0.013000000000000001,-0.052000000000000005,0.0,"[5, 3, 2, 0]"
deletion,0.05,0.7,0.0,44,31,False,0.1269624295343638,0.4310811227697723,0.0,0.5227272727272727,0.45871559633027525,False,True,6,0,1.0,35,14,0.7142857142857143,0.42857142857142855,354,0.0,0.065,0.013000000000000001,-0.052000000000000005,0.0,"[5, 3, 2, 0]"
deletion,0.05,0.7,0.0,44,32,False,0.12200753643648712,0.4358108420773292,0.0,0.5191256830601093,0.4642857142857143,False,True,6,0,1.0,29,12,0.7073170731707317,0.4117647058823529,383,0.0,0.065,0.013000000000000001,-0.052000000000000005,0.0,"[5, 3, 2, 0]"
deletion,0.05,0.7,0.0,44,33,False,0.11829136661307962,0.43935813155799686,0.0,0.5238095238095238,0.45689655172413796,False,True,6,0,1.0,24,14,0.631578947368421,0.5,407,0.0,0.065,0.013000000000000001,-0.052000000000000005,0.0,"[5, 3, 2, 0]"
deletion,0.05,0.7,0.0,44,34,False,0.13336138210266685,0.44201859866849763,0.0,0.5431472081218274,0.4435146443514644,False,True,6,0,1.0,26,14,0.65,0.39622641509433965,433,0.0,0.065,0.013000000000000001,-0.052000000000000005,0.0,"[5, 3, 2, 0]"
deletion,0.05,0.7,0.0,44,35,False,0.124128179434143,0.45026394900137323,0.0,0.5388349514563107,0.4475806451612903,False,True,6,0,1.0,28,11,0.717948717948718,0.47368421052631576,461,0.0,0.065,0.013000000000000001,-0.052000000000000005,0.0,"[5, 3, 2, 0]"
deletion,0.05,0.7,0.0,44,36,False,0.13863184886132154,0.45644796175103,0.0,0.5305164319248826,0.45136186770428016,False,True,6,0,1.0,33,12,0.7333333333333333,0.38333333333333336,494,0.0,0.065,0.013000000000000001,-0.052000000000000005,0.0,"[5, 3, 2, 0]"
deletion,0.05,0.7,0.0,44,37,False,0.13522388664599114,0.46108597131327245,0.0,0.5321100917431193,0.45075757575757575,False,True,6,0,1.0,23,19,0.5476190476190477,0.4,517,0.0,0.065,0.013000000000000001,-0.052000000000000005,0.0,"[5, 3, 2, 0]"
deletion,0.05,0.7,0.0,44,38,False,0.13623934355592193,0.4645644784849543,0.0,0.5244444444444445,0.4575645756457565,False,True,6,0,1.0,24,14,0.631578947368421,0.35,541,0.0,0.065,0.013000000000000001,-0.052000000000000005,0.0,"[5, 3, 2, 0]"
deletion,0.05,0.7,0.0,44,39,False,0.1262866505240843,0.4671733588637157,0.0,0.5321888412017167,0.45357142857142857,False,True,6,0,1.0,30,8,0.7894736842105263,0.3333333333333333,571,0.0,0.065,0.013000000000000001,-0.052000000000000005,0.0,"[5, 3, 2, 0]"
deletion,0.05,0.7,0.0,45,0,False,0.0,0.0,0.0,0.0,1.0,False,True,0,0,0.1,0,0,0.0,0.0,0,0.0,0.065,0.0,-0.065,0.0,"[1, 0, 0, 0]"
deletion,0.05,0.7,0.0,45,1,False,0.0,0.0,0.35294117647058826,0.35294117647058826,0.7931034482758621,False,True,0,0,0.1,4,36,0.1,0.0,4,0.0,0.065,0.0,-0.065,0.0,"[1, 0, 0, 0]"
deletion,0.05,0.7,0.0,45,2,False,0.08193277310924371,0.08823529411764706,0.3333333333333333,0.3333333333333333,0.75,False,True,0,0,0.1,1,44,0.022222222222222223,0.0,5,0.0,0.065,0.0,-0.065,0.0,"[1, 0, 0, 0]"
deletion,0.05,0.7,0.0,45,3,False,0.13883053221288516,0.14950980392156862,0.35,0.4090909090909091,0.6842105263157895,False,True,0,0,0.3,1,42,0.023255813953488372,0.0,6,0.0,0.065,0.0,-0.065,0.0,"[3, 0, 0, 0]"
deletion,0.05,0.7,0.0,45,4,False,0.17912289915966384,0.19963235294117646,0.3,0.46153846153846156,0.6136363636363636,False,True,0,0,0.4,9,27,0.25,0.5333333333333333,15,0.0,0.065,0.0,-0.065,0.0,"[4, 0, 0, 0]"
deletion,0.05,0.7,0.0,45,5,False,0.2218421743697479,0.25389093137254903,0.25,0.4444444444444444,0.5957446808510638,False,True,0,0,0.6,23,21,0.5227272727272727,0.5,38,0.0,0.065,0.0,-0.065,0.0,"[6, 0, 0, 0]"
deletion,0.05,0.7,0.0,45,6,False,0.2467387736344538,0.2841681985294118,0.2,0.45454545454545453,0.5740740740740741,False,True,0,0,0.7,22,18,0.55,0.6,60,0.0,0.065,0.0,-0.065,0.0,"[7, 0, 0, 0]"
deletion,0.05,0.7,0.0,45,7,False,0.27076836594012604,0.3131261488970588,0.15,0.4722222222222222,0.5517241379310345,False,True,0,0,0.8,24,21,0.5333333333333333,0.5,84,0.0,0.065,0.0,-0.065,0.0,"[8, 0, 0, 0]"
deletion,0.05,0.7,0.0,45,8,False,0.27807627445509453,0.3160946116727941,0.0,0.46511627906976744,0.5373134328358209,False,True,0,0,1.0,27,16,0.627906976744186,0.4,111,0.0,0.065,0.0,-0.065,0.0,"[10, 0, 0, 0]"
deletion,0.05,0.7,0.0,45,9,False,0.2585572058413209,0.2870709587545956,0.0,0.5,0.5068493150684932,False,True,0,0,1.0,30,11,0.7317073170731707,0.7,141,0.0,0.065,0.0,-0.065,0.0,"[10, 0, 0, 0]"
deletion,0.05,0.7,0.0,45,10,False,0.2814179043809907,0.30280321906594665,0.0,0.5098039215686274,0.5,False,True,0,0,1.0,31,14,0.6888888888888889,0.55,172,0.0,0.065,0.0,-0.065,0.0,"[10, 0, 0, 0]"
deletion,0.05,0.7,0.0,45,11,False,0.279813428285743,0.29585241429945996,0.0,0.5178571428571429,0.49382716049382713,False,True,0,0,1.0,29,15,0.6590909090909091,0.5,201,0.0,0.065,0.0,-0.065,0.0,"[10, 0, 0, 0]"
deletion,0.05,0.7,0.0,45,12,False,0.2723600712143072,0.28438931072459495,0.0,0.4838709677419355,0.5056179775280899,False,True,0,0,1.0,33,9,0.7857142857142857,0.6,234,0.0,0.065,0.0,-0.065,0.0,"[10, 0, 0, 0]"
deletion,0.05,0.7,0.0,45,13,False,0.27927005341073047,0.2882919830434462,0.0,0.5074626865671642,0.4946236559139785,False,True,0,0,1.0,31,10,0.7560975609756098,0.5,265,0.0,0.065,0.0,-0.065,0.0,"[10, 0, 0, 0]"
deletion,0.05,0.7,0.0,45,14,False,0.2719525400580478,0.27871898728258465,0.0,0.4794520547945205,0.504950495049505,False,True,0,0,1.0,29,13,0.6904761904761905,0.5,294,0.0,0.065,0.0,-0.065,0.0,"[10, 0, 0, 0]"
deletion,0.05,0.7,0.0,45,15,False,0.26646440504353586,0.2715392404619385,0.0,0.5063291139240507,0.48148148148148145,False,True,0,0,1.0,28,17,0.6222222222222222,0.35,322,0.0,0.065,0.0,-0.065,0.0,"[10, 0, 0, 0]"
deletion,0.05,0.7,0.0,45,16,False,0.2435983037826519,0.24740443034645387,0.0,0.5121951219512195,0.4732142857142857,False,True,0,0,1.0,32,17,0.6530612244897959,0.55,354,0.0,0.065,0.0,-0.065,0.0,"[10, 0, 0, 0]"
deletion,0.05,0.7,0.0,45,17,False,0.2514487278369889,0.2543033227598404,0.0,0.5172413793103449,0.4745762711864407,False,True,0,0,1.0,29,18,0.6170212765957447,0.4,383,0.0,0.065,0.0,-0.065,0.0,"[10, 0, 0, 0]"
deletion,0.05,0.7,0.0,45,18,False,0.2385865458777417,0.2407274920698803,0.0,0.5274725274725275,0.4672131147540984,False,True,0,0,1.0,35,11,0.7608695652173914,0.6,418,0.0,0.065,0.0,-0.065,0.0,"[10, 0, 0, 0]"
deletion,0.05,0.7,0.0,45,19,False,0.2539399094083063,0.25554561905241024,0.0,0.5157894736842106,0.47244094488188976,False,True,0,0,1.0,29,15,0.6590909090909091,0.45,447,0.0,0.065,0.0,-0.065,0.0,"[10, 0, 0, 0]"
deletion,0.05,0.7,0.0,45,20,False,0.24670493205622973,0.24790921428930768,0.0,0.54,0.44776119402985076,False,True,0,0,1.0,24,11,0.6857142857142857,0.6,471,0.0,0.065,0.0,-0.065,0.0,"[10, 0, 0, 0]"
deletion,0.05,0.7,0.0,45,21,False,0.2600286990421723,0.26093191071698074,0.0,0.5490196078431373,0.4411764705882353,False,True,0,0,1.0,24,15,0.6153846153846154,0.6,495,0.0,0.065,0.0,-0.065,0.0,"[10, 0, 0, 0]"
deletion,0.05,0.7,0.0,45,22,False,0.27002152428162923,0.27069893303773557,0.0,0.5471698113207547,0.44366197183098594,False,True,0,0,1.0,32,11,0.7441860465116279,0.6,527,0.0,0.065,0.0,-0.065,0.0,"[10, 0, 0, 0]"
deletion,0.05,0.7,0.0,45,23,False,0.2775161432112219,0.2780241997783017,0.0,0.5545454545454546,0.4391891891891892,False,True,0,0,1.0,25,15,0.625,0.55,552,0.0,0.065,0.0,-0.065,0.0,"[10, 0, 0, 0]"
deletion,0.05,0.7,0.0,45,24,False,0.27688710740841643,0.2772681498337263,0.0,0.5614035087719298,0.43137254901960786,False,True,0,0,1.0,38,12,0.76,0.55,590,0.0,0.065,0.0,-0.065,0.0,"[10, 0, 0, 0]"
deletion,0.05,0.7,0.0,45,25,False,0.27641533055631234,0.2767011123752947,0.0,0.5689655172413793,0.4230769230769231,False,True,0,0,1.0,37,14,0.7254901960784313,0.45,627,0.0,0.065,0.0,-0.065,0.0,"[10, 0, 0, 0]"
deletion,0.05,0.7,0.0,45,26,False,0.26356149791723427,0.26377583428147106,0.0,0.5887096774193549,0.4110429447852761,False,True,0,0,1.0,34,10,0.7727272727272727,0.4,661,0.0,0.065,0.0,-0.065,0.0,"[10, 0, 0, 0]"
deletion,0.05,0.7,0.0,45,27,False,0.2476711234379257,0.24783187571110327,0.0,0.5769230769230769,0.42011834319526625,False,True,0,0,1.0,34,9,0.7906976744186046,0.7,695,0.0,0.065,0.0,-0.065,0.0,"[10, 0, 0, 0]"
deletion,0.05,0.7,0.0,45,28,False,0.27325334257844425,0.2733739067833274,0.0,0.5507246376811594,0.43820224719101125,False,True,0,0,1.0,25,14,0.6410256410256411,0.65,720,0.0,0.065,0.0,-0.065,0.0,"[10, 0, 0, 0]"
deletion,0.05,0.7,0.0,45,29,False,0.2861900069338332,0.28628043008749554,0.0,0.5571428571428572,0.4262295081967213,False,True,0,0,1.0,32,11,0.7441860465116279,0.65,752,0.0,0.065,0.0,-0.065,0.0,"[10, 0, 0, 0]"
deletion,0.05,0.7,0.0,45,30,False,0.29589250520037486,0.29596032256562166,0.0,0.5675675675675675,0.42328042328042326,False,True,0,0,1.0,23,15,0.6052631578947368,0.65,775,0.0,0.065,0.0,-0.065,0.0,"[10, 0, 0, 0]"
deletion,0.05,0.7,0.0,45,31,False,0.3031693789002811,0.30322024192421626,0.0,0.5657894736842105,0.4270833333333333,False,True,0,0,1.0,31,14,0.6888888888888889,0.55,806,0.0,0.065,0.0,-0.065,0.0,"[10, 0, 0, 0]"
deletion,0.05,0.7,0.0,45,32,False,0.29612703417521086,0.2961651814431622,0.0,0.5641025641025641,0.4271356783919598,False,True,0,0,1.0,25,14,0.6410256410256411,0.75,831,0.0,0.065,0.0,-0.065,0.0,"[10, 0, 0, 0]"
deletion,0.05,0.7,0.0,45,33,False,0.3158452756314082,0.31587388608237166,0.0,0.5625,0.4264705882352941,False,True,0,0,1.0,36,7,0.8372093023255814,0.6,867,0.0,0.065,0.0,-0.065,0.0,"[10, 0, 0, 0]"
deletion,0.05,0.7,0.0,45,34,False,0.3118839567235561,0.3119054145617787,0.0,0.558282208588957,0.42788461538461536,False,True,0,0,1.0,34,11,0.7555555555555555,0.5,901,0.0,0.065,0.0,-0.065,0.0,"[10, 0, 0, 0]"
deletion,0.05,0.7,0.0,45,35,False,0.29641296754266705,0.29642906092133403,0.0,0.562874251497006,0.42452830188679247,False,True,0,0,1.0,33,13,0.717391304347826,0.5,934,0.0,0.065,0.0,-0.065,0.0,"[10, 0, 0, 0]"
deletion,0.05,0.7,0.0,45,36,False,0.2848097256570003,0.2848217956910005,0.0,0.5664739884393064,0.42201834862385323,False,True,0,0,1.0,29,7,0.8055555555555556,0.55,963,0.0,0.065,0.0,-0.065,0.0,"[10, 0, 0, 0]"
deletion,0.05,0.7,0.0,45,37,False,0.28235729424275025,0.2823663467682504,0.0,0.5642458100558659,0.42410714285714285,False,True,0,0,1.0,27,10,0.7297297297297297,0.55,990,0.0,0.065,0.0,-0.065,0.0,"[10, 0, 0, 0]"
deletion,0.05,0.7,0.0,45,38,False,0.2805179706820627,0.28052476007618776,0.0,0.5604395604395604,0.42731277533039647,False,True,0,0,1.0,33,9,0.7857142857142857,0.6,1023,0.0,0.065,0.0,-0.065,0.0,"[10, 0, 0, 0]"
deletion,0.05,0.7,0.0,45,39,False,0.285388478011547,0.28539357005714083,0.0,0.5614973262032086,0.4267241379310345,False,True,0,0,1.0,36,11,0.7659574468085106,0.5,1059,0.0,0.065,0.0,-0.065,0.0,"[10, 0, 0, 0]"
deletion,0.05,0.7,0.0,46,0,False,0.0,0.0,0.0,0.0,1.0,False,True,0,0,0.1,0,0,0.0,0.0,0,0.0,0.065,0.05,-0.015,0.0,"[0, 0, 1, 0]"
deletion,0.05,0.7,0.0,46,1,False,0.0,0.0,0.2222222222222222,0.2222222222222222,0.8333333333333334,False,True,0,0,0.2,3,43,0.06521739130434782,0.0,3,0.0,0.065,0.030000000000000002,-0.035,0.0,"[0, 1, 1, 0]"
deletion,0.05,0.7,0.0,46,2,False,0.051587301587301584,0.05555555555555555,0.38461538461538464,0.38461538461538464,0.71875,False,True,0,0,0.3,6,29,0.17142857142857143,0.0,9,0.0,0.065,0.023333333333333334,-0.04166666666666667,0.0,"[0, 2, 1, 0]"
deletion,0.05,0.7,0.0,46,3,False,0.11423992673992675,0.13782051282051283,0.42857142857142855,0.42857142857142855,0.6944444444444444,False,True,0,0,0.5,9,30,0.23076923076923078,0.05555555555555555,18,0.0,0.065,0.026000000000000002,-0.039,0.0,"[0, 3, 2, 0]"
deletion,0.05,0.7,0.0,46,4,False,0.1651867477760335,0.21050824175824176,0.6,0.6,0.5813953488372093,False,True,0,0,0.7,15,19,0.4411764705882353,0.030303030303030304,33,0.0,0.065,0.04857142857142858,-0.016428571428571424,0.0,"[0, 4, 2, 1]"
deletion,0.05,0.7,0.0,46,5,False,0.22299720368916795,0.3078811813186813,0.6,0.6190476190476191,0.5555555555555556,True,True,1,0,0.7,15,24,0.38461538461538464,0.029411764705882353,45,0.0,0.065,0.027142857142857142,-0.03785714285714286,0.0,"[0, 4, 3, 0]"
deletion,0.05,0.7,0.0,46,6,False,0.2556407599097331,0.380910885989011,0.6,0.6666666666666666,0.5098039215686274,False,True,1,0,0.8,15,25,0.375,0.07692307692307693,60,0.0,0.065,0.025,-0.04,0.0,"[0, 5, 3, 0]"
deletion,0.05,0.7,0.0,46,7,False,0.28548056993229987,0.43568316449175826,0.55,0.6666666666666666,0.47368421052631576,False,True,1,0,0.8,23,20,0.5348837209302325,0.325,83,0.0,0.065,0.025,-0.04,0.0,"[0, 5, 3, 0]"
deletion,0.05,0.7,0.0,46,8,False,0.32750328459208206,0.4642623733688187,0.5,0.6875,0.4461538461538462,False,True,1,0,0.8,19,23,0.4523809523809524,0.3,102,0.0,0.065,0.025,-0.04,0.0,"[0, 5, 3, 0]"
deletion,0.05,0.7,0.0,46,9,False,0.34919889201549015,0.47319678002661403,0.3,0.6410256410256411,0.4583333333333333,False,True,1,0,0.9,24,15,0.6153846153846154,0.45,126,0.0,0.065,0.027777777777777776,-0.037222222222222226,0.0,"[0, 5, 4, 0]"
deletion,0.05,0.7,0.0,46,10,False,0.35297059758304616,0.44700573931683557,0.2,0.6444444444444445,0.45,True,True,2,0,0.9,26,14,0.65,0.95,105,0.0,0.065,0.04000000000000001,-0.024999999999999994,0.0,"[0, 6, 2, 1]"
deletion,0.05,0.7,0.0,46,11,False,0.36829937675871316,0.47900430448762665,0.05,0.6122448979591837,0.4470588235294118,False,True,2,0,1.0,22,22,0.5,0.6,127,0.0,0.065,0.037,-0.028000000000000004,0.0,"[0, 7, 2, 1]"
deletion,0.05,0.7,0.0,46,12,False,0.34943881828332063,0.45300322836572,0.05,0.6111111111111112,0.44565217391304346,False,True,2,0,1.0,30,16,0.6521739130434783,0.5588235294117647,157,0.0,0.065,0.037,-0.028000000000000004,0.0,"[0, 7, 2, 1]"
deletion,0.05,0.7,0.0,46,13,False,0.33241641529979205,0.40850242127429004,0.05,0.6206896551724138,0.4329896907216495,True,True,3,0,1.0,28,12,0.7,0.7727272727272727,22,0.0,0.065,0.063,-0.0020000000000000018,0.0,"[1, 3, 4, 2]"
deletion,0.05,0.7,0.0,46,14,False,0.29899718542442383,0.4258131430737804,0.05,0.6451612903225806,0.42,True,True,4,0,1.0,19,25,0.4318181818181818,0.3,10,0.0,0.065,0.084,0.019000000000000003,0.0,"[2, 4, 0, 4]"
deletion,0.05,0.7,0.0,46,15,False,0.2635336033540322,0.3881098573053353,0.05,0.6338028169014085,0.41818181818181815,True,True,5,0,1.0,30,9,0.7692307692307693,0.4090909090909091,22,0.0,0.065,0.034,-0.031,0.0,"[3, 4, 2, 1]"
deletion,0.05,0.7,0.0,46,16,False,0.24229305965838127,0.34941572631233486,0.05,0.6233766233766234,0.4224137931034483,True,True,6,0,1.0,35,11,0.7608695652173914,0.5,31,0.0,0.065,0.05600000000000001,-0.008999999999999994,0.0,"[4, 1, 3, 2]"
deletion,0.05,0.7,0.0,46,17,False,0.22904122331521456,0.3058117947342512,0.05,0.6219512195121951,0.4214876033057851,True,True,7,0,1.0,26,12,0.6842105263157895,0.20833333333333334,38,0.0,0.065,0.051000000000000004,-0.013999999999999999,0.0,"[5, 1, 2, 2]"
deletion,0.05,0.7,0.0,46,18,False,0.19856663177212522,0.2606088460506884,0.05,0.6144578313253012,0.42276422764227645,True,True,8,0,1.0,23,22,0.5111111111111111,0.47619047619047616,55,0.0,0.065,0.021,-0.044,0.0,"[5, 1, 4, 0]"
deletion,0.05,0.7,0.0,46,19,False,0.20696068811480822,0.2579566345380163,0.05,0.6333333333333333,0.40458015267175573,False,True,8,0,1.0,23,14,0.6216216216216216,0.6206896551724138,78,0.0,0.065,0.021,-0.044,0.0,"[5, 1, 4, 0]"
deletion,0.05,0.7,0.0,46,20,False,0.23570520996365718,0.2872174759035122,0.0,0.6185567010309279,0.41304347826086957,True,True,9,0,1.0,28,11,0.717948717948718,0.5217391304347826,87,0.0,0.065,0.027000000000000003,-0.038,0.0,"[6, 2, 1, 1]"
deletion,0.05,0.7,0.0,46,21,False,0.22796938366321906,0.28416310692763413,0.0,0.63,0.3986013986013986,False,True,9,0,1.0,31,9,0.775,0.4642857142857143,118,0.0,0.065,0.027000000000000003,-0.038,0.0,"[6, 2, 1, 1]"
deletion,0.05,0.7,0.0,46,22,False,0.2191913234617,0.2818723301957256,0.0,0.6285714285714286,0.39864864864864863,False,True,9,0,1.0,34,14,0.7083333333333334,0.4722222222222222,152,0.0,0.065,0.027000000000000003,-0.038,0.0,"[6, 2, 1, 1]"
deletion,0.05,0.7,0.0,46,23,False,0.2167744449772274,0.2926542476467942,0.0,0.6283185840707964,0.3974358974358974,False,True,9,0,1.0,28,11,0.717948717948718,0.42857142857142855,180,0.0,0.065,0.027000000000000003,-0.038,0.0,"[6, 2, 1, 1]"
deletion,0.05,0.7,0.0,46,24,False,0.21734273849482527,0.3069906857350957,0.0,0.6379310344827587,0.3888888888888889,True,True,10,0,1.0,27,12,0.6923076923076923,0.30434782608695654,202,0.0,0.065,0.008,-0.057,0.0,"[6, 3, 1, 0]"
deletion,0.05,0.7,0.0,46,25,False,0.2076499110139761,0.29899301430132175,0.0,0.64,0.38235294117647056,False,True,10,0,1.0,28,7,0.8,0.3541666666666667,230,0.0,0.065,0.008,-0.057,0.0,"[6, 3, 1, 0]"
deletion,0.05,0.7,0.0,46,26,False,0.21109457611762497,0.31174476072599133,0.0,0.6538461538461539,0.37572254335260113,False,True,10,0,1.0,33,7,0.825,0.3,263,0.0,0.065,0.008,-0.057,0.0,"[6, 3, 1, 0]"
deletion,0.05,0.7,0.0,46,27,False,0.20296378923107586,0.2963085705444935,0.0,0.6470588235294118,0.37777777777777777,False,True,10,0,1.0,23,16,0.5897435897435898,0.3333333333333333,286,0.0,0.065,0.008,-0.057,0.0,"[6, 3, 1, 0]"
deletion,0.05,0.7,0.0,46,28,False,0.20222284192330692,0.2909814279083701,0.0,0.6433566433566433,0.37566137566137564,False,True,10,0,1.0,28,11,0.717948717948718,0.3584905660377358,314,0.0,0.065,0.008,-0.057,0.0,"[6, 3, 1, 0]"
deletion,0.05,0.7,0.0,46,29,False,0.20880998858533734,0.2994860709312776,0.0,0.6291390728476821,0.3888888888888889,False,True,10,0,1.0,30,13,0.6976744186046512,0.3684210526315789,344,0.0,0.065,0.008,-0.057,0.0,"[6, 3, 1, 0]"
deletion,0.05,0.7,0.0,46,30,False,0.22089320572471727,0.3183645531984582,0.0,0.6242038216560509,0.39215686274509803,False,True,10,0,1.0,35,10,0.7777777777777778,0.3220338983050847,379,0.0,0.065,0.008,-0.057,0.0,"[6, 3, 1, 0]"
deletion,0.05,0.7,0.0,46,31,False,0.2245984757221094,0.32627341489884365,0.0,0.6289308176100629,0.3864734299516908,True,True,11,0,1.0,34,17,0.6666666666666666,0.4,392,0.0,0.065,0.003,-0.062,0.0,"[7, 3, 0, 0]"
deletion,0.05,0.7,0.0,46,32,False,0.23184171393443917,0.32595506117413275,0.0,0.6265060240963856,0.3878504672897196,False,True,11,0,1.0,25,13,0.6578947368421053,0.4,417,0.0,0.065,0.003,-0.062,0.0,"[7, 3, 0, 0]"
deletion,0.05,0.7,0.0,46,33,False,0.23727414259368654,0.3257162958805996,0.0,0.622093023255814,0.3891402714932127,False,True,11,0,1.0,27,16,0.627906976744186,0.525,444,0.0,0.065,0.003,-0.062,0.0,"[7, 3, 0, 0]"
deletion,0.05,0.7,0.0,46,34,False,0.25563417837383634,0.3380372219104497,0.0,0.625,0.3832599118942731,False,True,11,0,1.0,30,13,0.6976744186046512,0.425,474,0.0,0.065,0.003,-0.062,0.0,"[7, 3, 0, 0]"
deletion,0.05,0.7,0.0,46,35,False,0.25422563378037727,0.3285279164328373,0.0,0.6195652173913043,0.3905579399141631,False,True,11,0,1.0,36,10,0.782608695652174,0.375,510,0.0,0.065,0.003,-0.062,0.0,"[7, 3, 0, 0]"
deletion,0.05,0.7,0.0,46,36,False,0.2442406539067115,0.30889593732462794,0.0,0.6062176165803109,0.3991769547325103,False,True,11,0,1.0,20,13,0.6060606060606061,0.375,530,0.0,0.065,0.003,-0.062,0.0,"[7, 3, 0, 0]"
deletion,0.05,0.7,0.0,46,37,False,0.2367519190014622,0.294171952993471,0.0,0.6060606060606061,0.4008097165991903,False,True,11,0,1.0,30,12,0.7142857142857143,0.475,560,0.0,0.065,0.003,-0.062,0.0,"[7, 3, 0, 0]"
deletion,0.05,0.7,0.0,46,38,False,0.24631393925109665,0.30187896474510323,0.0,0.6009852216748769,0.4031620553359684,False,True,11,0,1.0,34,10,0.7727272727272727,0.4,594,0.0,0.065,0.003,-0.062,0.0,"[7, 3, 0, 0]"
deletion,0.05,0.7,0.0,46,39,False,0.24009259729546534,0.2889092235588274,0.0,0.6048780487804878,0.403921568627451,False,True,11,0,1.0,28,22,0.56,0.425,622,0.0,0.065,0.003,-0.062,0.0,"[7, 3, 0, 0]"
deletion,0.05,0.7,0.0,47,0,False,0.0,0.0,0.0,0.0,1.0,False,True,0,0,0.2,0,0,0.0,0.0,0,0.0,0.065,0.125,0.06,0.0,"[0, 0, 1, 1]"
deletion,0.05,0.7,0.0,47,1,False,0.0,0.0,0.2857142857142857,0.2857142857142857,0.8461538461538461,False,True,0,0,0.3,2,37,0.05128205128205128,0.0,2,0.0,0.065,0.15,0.08499999999999999,0.0,"[0, 0, 1, 2]"
deletion,0.05,0.7,0.0,47,2,False,0.06632653061224489,0.07142857142857142,0.35,0.35,0.7941176470588235,True,True,1,0,0.3,6,28,0.17647058823529413,0.0,2,0.0,0.065,0.08333333333333333,0.018333333333333326,0.0,"[1, 0, 1, 1]"
deletion,0.05,0.7,0.0,47,3,False,0.13099489795918368,0.14107142857142857,0.35,0.4090909090909091,0.675,False,True,1,0,0.5,4,36,0.1,0.0,6,0.0,0.065,0.052000000000000005,-0.012999999999999998,0.0,"[2, 1, 1, 1]"
deletion,0.05,0.7,0.0,47,4,False,0.17324617346938773,0.1933035714285714,0.35,0.48,0.6,True,True,2,0,0.7,12,27,0.3076923076923077,0.15384615384615385,13,0.0,0.065,0.02428571428571429,-0.04071428571428572,0.0,"[2, 2, 3, 0]"
deletion,0.05,0.7,0.0,47,5,False,0.20314891581632652,0.23247767857142856,0.2,0.4666666666666667,0.5882352941176471,False,True,2,0,0.9,17,25,0.40476190476190477,0.5333333333333333,30,0.0,0.065,0.020000000000000004,-0.045,0.0,"[3, 3, 3, 0]"
deletion,0.05,0.7,0.0,47,6,False,0.23491663191718995,0.2618582589285714,0.05,0.4444444444444444,0.576271186440678,True,True,3,0,1.0,37,8,0.8222222222222222,0.5675675675675675,42,0.0,0.065,0.006,-0.059000000000000004,0.0,"[4, 6, 0, 0]"
deletion,0.05,0.7,0.0,47,7,False,0.24073579326562353,0.2802804129464286,0.05,0.47619047619047616,0.5373134328358209,False,True,3,0,1.0,25,13,0.6578947368421053,0.65,67,0.0,0.065,0.006,-0.059000000000000004,0.0,"[4, 6, 0, 0]"
deletion,0.05,0.7,0.0,47,8,False,0.2600161306635034,0.3164603097098214,0.0,0.49019607843137253,0.5263157894736842,False,True,3,0,1.0,28,9,0.7567567567567568,0.475,95,0.0,0.065,0.006,-0.059000000000000004,0.0,"[4, 6, 0, 0]"
deletion,0.05,0.7,0.0,47,9,False,0.23965495514048468,0.33109523228236604,0.0,0.5172413793103449,0.5060240963855421,False,True,3,0,1.0,29,11,0.725,0.55,124,0.0,0.065,0.006,-0.059000000000000004,0.0,"[4, 6, 0, 0]"
deletion,0.05,0.7,0.0,47,10,False,0.24313407349822064,0.32957142421177454,0.0,0.5081967213114754,0.5057471264367817,False,True,3,0,1.0,30,17,0.6382978723404256,0.475,154,0.0,0.065,0.006,-0.059000000000000004,0.0,"[4, 6, 0, 0]"
deletion,0.05,0.7,0.0,47,11,False,0.2350291265522369,0.3221785681588309,0.0,0.5507246376811594,0.47368421052631576,False,True,3,0,1.0,30,9,0.7692307692307693,0.5,184,0.0,0.065,0.006,-0.059000000000000004,0.0,"[4, 6, 0, 0]"
deletion,0.05,0.7,0.0,47,12,False,0.2307361306284634,0.32288392611912314,0.0,0.5616438356164384,0.46464646464646464,False,True,3,0,1.0,35,16,0.6862745098039216,0.475,219,0.0,0.065,0.006,-0.059000000000000004,0.0,"[4, 6, 0, 0]"
deletion,0.05,0.7,0.0,47,13,False,0.23108781225706185,0.30466294458934234,0.0,0.5714285714285714,0.44339622641509435,False,True,3,0,1.0,24,13,0.6486486486486487,0.6,243,0.0,0.065,0.006,-0.059000000000000004,0.0,"[4, 6, 0, 0]"
deletion,0.05,0.7,0.0,47,14,False,0.2429587163356535,0.31599720844200674,0.0,0.5903614457831325,0.43243243243243246,False,True,3,0,1.0,22,18,0.55,0.525,265,0.0,0.065,0.006,-0.059000000000000004,0.0,"[4, 6, 0, 0]"
deletion,0.05,0.7,0.0,47,15,False,0.2357904658231687,0.3307479063315051,0.0,0.5909090909090909,0.42735042735042733,True,True,4,0,1.0,30,11,0.7317073170731707,0.65,112,0.0,0.065,0.062,-0.0030000000000000027,0.0,"[5, 2, 0, 3]"
deletion,0.05,0.7,0.0,47,16,False,0.2116642779388051,0.3293109297486288,0.0,0.5869565217391305,0.4344262295081967,True,True,5,0,1.0,25,18,0.5813953488372093,0.55,128,0.0,0.065,0.027000000000000003,-0.038,0.0,"[6, 2, 1, 1]"
deletion,0.05,0.7,0.0,47,17,False,0.18821249416838956,0.31573319731147165,0.0,0.5876288659793815,0.4330708661417323,False,True,5,0,1.0,30,10,0.75,0.5,158,0.0,0.065,0.027000000000000003,-0.038,0.0,"[6, 2, 1, 1]"
deletion,0.05,0.7,0.0,47,18,False,0.18530619602311754,0.33054989798360374,0.0,0.58,0.4318181818181818,True,True,6,0,1.0,31,15,0.6739130434782609,0.4523809523809524,185,0.0,0.065,0.012,-0.053000000000000005,0.0,"[6, 2, 2, 0]"
deletion,0.05,0.7,0.0,47,19,False,0.18778917082686197,0.3479124234877028,0.0,0.5904761904761905,0.4233576642335766,True,True,7,0,1.0,33,13,0.717391304347826,0.5555555555555556,191,0.0,0.065,0.015000000000000003,-0.05,0.0,"[7, 0, 3, 0]"
deletion,0.05,0.7,0.0,47,20,False,0.19441330669157506,0.3546843176157771,0.0,0.5739130434782609,0.43537414965986393,False,True,7,0,1.0,22,8,0.7333333333333333,0.39473684210526316,213,0.0,0.065,0.015000000000000003,-0.05,0.0,"[7, 0, 3, 0]"
deletion,0.05,0.7,0.0,47,21,False,0.19938140859010986,0.35976323821183287,0.0,0.5772357723577236,0.432258064516129,True,True,8,0,1.0,29,14,0.6744186046511628,0.55,214,0.0,0.065,0.015000000000000003,-0.05,0.0,"[7, 0, 3, 0]"
deletion,0.05,0.7,0.0,47,22,False,0.18882177072829667,0.3385724286588746,0.0,0.578125,0.4294478527607362,False,True,8,0,1.0,19,25,0.4318181818181818,0.65,233,0.0,0.065,0.015000000000000003,-0.05,0.0,"[7, 0, 3, 0]"
deletion,0.05,0.7,0.0,47,23,False,0.18804489947479394,0.3351793214941559,0.0,0.5597014925373134,0.44642857142857145,False,True,8,0,1.0,31,9,0.775,0.4827586206896552,264,0.0,0.065,0.015000000000000003,-0.05,0.0,"[7, 0, 3, 0]"
deletion,0.05,0.7,0.0,47,24,False,0.19103367460609544,0.3388844911206169,0.0,0.5571428571428572,0.44571428571428573,True,True,9,0,1.0,25,14,0.6410256410256411,0.7,270,0.0,0.065,0.001,-0.064,0.0,"[9, 1, 0, 0]"
deletion,0.05,0.7,0.0,47,25,False,0.2182752559545716,0.34166336834046274,0.0,0.5586206896551724,0.4419889502762431,False,True,9,0,1.0,30,9,0.7692307692307693,0.35,300,0.0,0.065,0.001,-0.064,0.0,"[9, 1, 0, 0]"
deletion,0.05,0.7,0.0,47,26,False,0.2012064419659287,0.2999975262553471,0.0,0.5637583892617449,0.44021739130434784,False,True,9,0,1.0,28,15,0.6511627906976745,0.5714285714285714,328,0.0,0.065,0.001,-0.064,0.0,"[9, 1, 0, 0]"
deletion,0.05,0.7,0.0,47,27,False,0.21519054576016083,0.2999981446915103,0.0,0.5723684210526315,0.43386243386243384,False,True,9,0,1.0,28,21,0.5714285714285714,0.44,356,0.0,0.065,0.001,-0.064,0.0,"[9, 1, 0, 0]"
deletion,0.05,0.7,0.0,47,28,False,0.22032148074869204,0.2937486085186327,0.0,0.5521472392638037,0.4472361809045226,False,True,9,0,1.0,23,12,0.6571428571428571,0.38461538461538464,379,0.0,0.065,0.001,-0.064,0.0,"[9, 1, 0, 0]"
deletion,0.05,0.7,0.0,47,29,False,0.2188125391329476,0.28281145638897454,0.0,0.5542168674698795,0.45365853658536587,False,True,9,0,1.0,31,15,0.6739130434782609,0.4444444444444444,410,0.0,0.065,0.001,-0.064,0.0,"[9, 1, 0, 0]"
deletion,0.05,0.7,0.0,47,30,False,0.2255889961864454,0.28085859229173094,0.0,0.5555555555555556,0.44549763033175355,False,True,9,0,1.0,29,14,0.6744186046511628,0.3103448275862069,439,0.0,0.065,0.001,-0.064,0.0,"[9, 1, 0, 0]"
deletion,0.05,0.7,0.0,47,31,False,0.2140330169811039,0.2606439442187982,0.0,0.5657142857142857,0.4372093023255814,False,True,9,0,1.0,31,12,0.7209302325581395,0.3548387096774194,470,0.0,0.065,0.001,-0.064,0.0,"[9, 1, 0, 0]"
deletion,0.05,0.7,0.0,47,32,False,0.21571956793063313,0.25798295816409866,0.0,0.5586592178770949,0.44495412844036697,False,True,9,0,1.0,32,8,0.8,0.45454545454545453,502,0.0,0.065,0.001,-0.064,0.0,"[9, 1, 0, 0]"
deletion,0.05,0.7,0.0,47,33,False,0.2381633023216012,0.28098721862307396,0.0,0.5628415300546448,0.43946188340807174,False,True,9,0,1.0,25,12,0.6756756756756757,0.4,527,0.0,0.065,0.001,-0.064,0.0,"[9, 1, 0, 0]"
deletion,0.05,0.7,0.0,47,34,False,0.24945581007453424,0.29199041396730546,0.0,0.5555555555555556,0.4473684210526316,False,True,9,0,1.0,31,14,0.6888888888888889,0.35135135135135137,558,0.0,0.065,0.001,-0.064,0.0,"[9, 1, 0, 0]"
deletion,0.05,0.7,0.0,47,35,False,0.2524279920096822,0.2939928104754791,0.0,0.5549738219895288,0.44782608695652176,False,True,9,0,1.0,28,13,0.6829268292682927,0.3,586,0.0,0.065,0.001,-0.064,0.0,"[9, 1, 0, 0]"
deletion,0.05,0.7,0.0,47,36,False,0.24914242257869024,0.2892446078566093,0.0,0.5515463917525774,0.45064377682403434,False,True,9,0,1.0,29,15,0.6590909090909091,0.325,615,0.0,0.065,0.001,-0.064,0.0,"[9, 1, 0, 0]"
deletion,0.05,0.7,0.0,47,37,False,0.2520353883625891,0.291933455892457,0.0,0.5577889447236181,0.44537815126050423,False,True,9,0,1.0,28,10,0.7368421052631579,0.3,643,0.0,0.065,0.001,-0.064,0.0,"[9, 1, 0, 0]"
deletion,0.05,0.7,0.0,47,38,False,0.2533122555576561,0.29395009191934274,0.0,0.551219512195122,0.4489795918367347,False,True,9,0,1.0,25,14,0.6410256410256411,0.325,668,0.0,0.065,0.001,-0.064,0.0,"[9, 1, 0, 0]"
deletion,0.05,0.7,0.0,47,39,False,0.2596270488110992,0.30171256893950704,0.0,0.5502392344497608,0.44621513944223107,False,True,9,0,1.0,30,17,0.6382978723404256,0.275,698,0.0,0.065,0.001,-0.064,0.0,"[9, 1, 0, 0]"
deletion,0.05,0.7,0.0,48,0,False,0.0,0.0,0.0,0.0,1.0,False,True,0,0,0.0,0,0,0.0,0.0,0,0.0,0.065,0.065,0.0,0.0,"[0, 0, 0, 0]"
deletion,0.05,0.7,0.0,48,1,False,0.0,0.0,0.2,0.2,0.9047619047619048,False,True,0,0,0.0,0,42,0.0,0.0,0,0.0,0.065,0.065,0.0,0.0,"[0, 0, 0, 0]"
deletion,0.05,0.7,0.0,48,2,False,0.05,0.05,0.23076923076923078,0.23076923076923078,0.7931034482758621,False,True,0,0,0.0,0,36,0.0,0.0,0,0.0,0.065,0.065,0.0,0.0,"[0, 0, 0, 0]"
deletion,0.05,0.7,0.0,48,3,False,0.0951923076923077,0.0951923076923077,0.3888888888888889,0.3888888888888889,0.6666666666666666,False,True,0,0,0.0,0,38,0.0,0.0,0,0.0,0.065,0.065,0.0,0.0,"[0, 0, 0, 0]"
deletion,0.05,0.7,0.0,48,4,False,0.16861645299145303,0.168616452991453,0.45,0.47619047619047616,0.6153846153846154,False,True,0,0,0.1,0,43,0.0,0.0,0,0.0,0.065,0.01,-0.055,0.0,"[0, 1, 0, 0]"
deletion,0.05,0.7,0.0,48,5,False,0.23896233974358977,0.23896233974358977,0.45,0.47619047619047616,0.6190476190476191,False,True,0,0,0.1,0,39,0.0,0.0,0,0.0,0.065,0.01,-0.055,0.0,"[0, 1, 0, 0]"
deletion,0.05,0.7,0.0,48,6,False,0.2917217548076923,0.2917217548076923,0.45,0.5416666666666666,0.5416666666666666,False,True,0,0,0.1,0,40,0.0,0.0,0,0.0,0.065,0.01,-0.055,0.0,"[0, 1, 0, 0]"
deletion,0.05,0.7,0.0,48,7,False,0.33129131610576923,0.33129131610576923,0.45,0.5769230769230769,0.5192307692307693,False,True,0,0,0.3,0,44,0.0,0.0,0,0.0,0.065,0.01,-0.055,0.0,"[0, 3, 0, 0]"
deletion,0.05,0.7,0.0,48,8,False,0.36096848707932694,0.36096848707932694,0.45,0.6071428571428571,0.49122807017543857,False,True,0,0,0.5,4,38,0.09523809523809523,0.0,4,0.0,0.065,0.008,-0.057,0.0,"[1, 4, 0, 0]"
deletion,0.05,0.7,0.0,48,9,False,0.3591192224523524,0.3832263653094952,0.35,0.59375,0.4838709677419355,False,True,0,0,0.5,11,33,0.25,0.4,15,0.0,0.065,0.008,-0.057,0.0,"[1, 4, 0, 0]"
deletion,0.05,0.7,0.0,48,10,False,0.347829676579524,0.3749197739821214,0.35,0.6060606060606061,0.46875,False,True,0,0,0.7,8,33,0.1951219512195122,0.5652173913043478,23,0.0,0.065,0.008571428571428572,-0.05642857142857143,0.0,"[1, 6, 0, 0]"
deletion,0.05,0.7,0.0,48,11,False,0.34263246151627563,0.3686898304865911,0.25,0.6153846153846154,0.4507042253521127,True,True,1,0,0.9,15,31,0.32608695652173914,1.0,12,0.0,0.065,0.014444444444444446,-0.050555555555555555,0.0,"[4, 3, 2, 0]"
deletion,0.05,0.7,0.0,48,12,False,0.346260060422921,0.4327673728649433,0.15,0.6222222222222222,0.4473684210526316,False,True,1,0,1.0,24,20,0.5454545454545454,0.7857142857142857,36,0.0,0.065,0.033,-0.032,0.0,"[4, 3, 2, 1]"
deletion,0.05,0.7,0.0,48,13,False,0.33157004531719075,0.4370755296487075,0.0,0.5918367346938775,0.4567901234567901,True,True,2,0,1.0,30,11,0.7317073170731707,0.7714285714285715,63,0.0,0.065,0.014000000000000002,-0.051000000000000004,0.0,"[4, 4, 2, 0]"
deletion,0.05,0.7,0.0,48,14,False,0.3262874240977832,0.42155664723653063,0.05,0.5660377358490566,0.46511627906976744,False,True,2,0,1.0,33,12,0.7333333333333333,0.5510204081632653,96,0.0,0.065,0.014000000000000002,-0.051000000000000004,0.0,"[4, 4, 2, 0]"
deletion,0.05,0.7,0.0,48,15,False,0.29720616957709683,0.384917485427398,0.0,0.55,0.46808510638297873,False,True,2,0,1.0,38,9,0.8085106382978723,0.5833333333333334,134,0.0,0.065,0.014000000000000002,-0.051000000000000004,0.0,"[4, 4, 2, 0]"
deletion,0.05,0.7,0.0,48,16,False,0.2827260557542512,0.380108825120748,0.0,0.5692307692307692,0.45,True,True,3,0,1.0,31,13,0.7045454545454546,0.5,130,0.0,0.065,0.009,-0.056,0.0,"[5, 4, 1, 0]"
deletion,0.05,0.7,0.0,48,17,False,0.25668739895854553,0.3758910855529114,0.0,0.5789473684210527,0.44954128440366975,False,True,3,0,1.0,25,17,0.5952380952380952,0.45,155,0.0,0.065,0.009,-0.056,0.0,"[5, 4, 1, 0]"
deletion,0.05,0.7,0.0,48,18,False,0.23001554921890913,0.37566831416468355,0.0,0.5822784810126582,0.4424778761061947,False,True,3,0,1.0,29,14,0.6744186046511628,0.36585365853658536,184,0.0,0.065,0.009,-0.056,0.0,"[5, 4, 1, 0]"
deletion,0.05,0.7,0.0,48,19,False,0.20286880477132474,0.36300123562351266,0.0,0.6022727272727273,0.4297520661157025,False,True,3,0,1.0,23,12,0.6571428571428571,0.40476190476190477,207,0.0,0.065,0.009,-0.056,0.0,"[5, 4, 1, 0]"
deletion,0.05,0.7,0.0,48,20,False,0.18786588929277928,0.35975092671763453,0.0,0.6021505376344086,0.4251968503937008,False,True,3,0,1.0,21,13,0.6176470588235294,0.38095238095238093,228,0.0,0.065,0.009,-0.056,0.0,"[5, 4, 1, 0]"
deletion,0.05,0.7,0.0,48,21,False,0.17661370268387017,0.3448131950382259,0.0,0.5979381443298969,0.42424242424242425,False,True,3,0,1.0,29,9,0.7631578947368421,0.3333333333333333,257,0.0,0.065,0.009,-0.056,0.0,"[5, 4, 1, 0]"
deletion,0.05,0.7,0.0,48,22,False,0.16638884844147409,0.32735989627866946,0.0,0.5922330097087378,0.4244604316546763,False,True,3,0,1.0,23,9,0.71875,0.3111111111111111,280,0.0,0.065,0.009,-0.056,0.0,"[5, 4, 1, 0]"
deletion,0.05,0.7,0.0,48,23,False,0.15693449347396268,0.3080199222090021,0.0,0.5904761904761905,0.4225352112676056,False,True,3,0,1.0,31,14,0.6888888888888889,0.34782608695652173,311,0.0,0.065,0.009,-0.056,0.0,"[5, 4, 1, 0]"
deletion,0.05,0.7,0.0,48,24,False,0.15043896534356724,0.31226494165675156,0.0,0.5794392523364486,0.4246575342465753,False,True,3,0,1.0,31,14,0.6888888888888889,0.391304347826087,342,0.0,0.065,0.009,-0.056,0.0,"[5, 4, 1, 0]"
deletion,0.05,0.7,0.0,48,25,False,0.14913874781719924,0.32794870624256367,0.0,0.5877192982456141,0.4266666666666667,False,True,3,0,1.0,29,9,0.7631578947368421,0.32653061224489793,371,0.0,0.065,0.009,-0.056,0.0,"[5, 4, 1, 0]"
deletion,0.05,0.7,0.0,48,26,False,0.1428064418152804,0.32096152968192276,0.0,0.5702479338842975,0.4394904458598726,False,True,3,0,1.0,28,11,0.717948717948718,0.42857142857142855,399,0.0,0.065,0.009,-0.056,0.0,"[5, 4, 1, 0]"
deletion,0.05,0.7,0.0,48,27,False,0.14698578374241267,0.34697114726144207,0.0,0.5714285714285714,0.43558282208588955,False,True,3,0,1.0,32,13,0.7111111111111111,0.3673469387755102,431,0.0,0.065,0.009,-0.056,0.0,"[5, 4, 1, 0]"
deletion,0.05,0.7,0.0,48,28,False,0.14297743304490473,0.35397836044608155,0.0,0.5725190839694656,0.4319526627218935,False,True,3,0,1.0,27,14,0.6585365853658537,0.38,458,0.0,0.065,0.009,-0.056,0.0,"[5, 4, 1, 0]"
deletion,0.05,0.7,0.0,48,29,False,0.14116164621225,0.36548377033456114,0.0,0.5766423357664233,0.42613636363636365,False,True,3,0,1.0,20,21,0.4878048780487805,0.3137254901960784,478,0.0,0.065,0.009,-0.056,0.0,"[5, 4, 1, 0]"
deletion,0.05,0.7,0.0,48,30,False,0.13395565024360306,0.3553628277509208,0.0,0.5734265734265734,0.4262295081967213,False,True,3,0,1.0,17,18,0.4857142857142857,0.3333333333333333,495,0.0,0.065,0.009,-0.056,0.0,"[5, 4, 1, 0]"
deletion,0.05,0.7,0.0,48,31,False,0.13033686755283216,0.3540221208131906,0.0,0.5789473684210527,0.41968911917098445,False,True,3,0,1.0,25,8,0.7575757575757576,0.2830188679245283,520,0.0,0.065,0.009,-0.056,0.0,"[5, 4, 1, 0]"
deletion,0.05,0.7,0.0,48,32,False,0.12330210121407469,0.340516590609893,0.0,0.5705128205128205,0.42424242424242425,True,True,4,0,1.0,31,13,0.7045454545454546,0.4857142857142857,413,0.0,0.065,0.065,0.0,0.0,"[6, 0, 1, 3]"
deletion,0.05,0.7,0.0,48,33,False,0.1335480044819846,0.3428874429574197,0.0,0.5617283950617284,0.43137254901960786,False,True,4,0,1.0,26,12,0.6842105263157895,0.43243243243243246,439,0.0,0.065,0.065,0.0,0.0,"[6, 0, 1, 3]"
deletion,0.05,0.7,0.0,48,34,False,0.13833064621863128,0.3384155822180647,0.0,0.5680473372781065,0.4205607476635514,False,True,4,0,1.0,26,14,0.65,0.35714285714285715,465,0.0,0.065,0.065,0.0,0.0,"[6, 0, 1, 3]"
deletion,0.05,0.7,0.0,48,35,False,0.1392390560925449,0.32881168666354854,0.0,0.5786516853932584,0.416289592760181,False,True,4,0,1.0,25,13,0.6578947368421053,0.3191489361702128,490,0.0,0.065,0.065,0.0,0.0,"[6, 0, 1, 3]"
deletion,0.05,0.7,0.0,48,36,False,0.13954833968845629,0.3216087649976614,0.0,0.5706521739130435,0.42105263157894735,True,True,5,0,1.0,34,6,0.85,0.4,511,0.0,0.065,0.045,-0.020000000000000004,0.0,"[7, 0, 1, 2]"
deletion,0.05,0.7,0.0,48,37,False,0.1537683976234851,0.32245657374824604,0.0,0.5751295336787565,0.4194915254237288,False,True,5,0,1.0,17,14,0.5483870967741935,0.3,528,0.0,0.065,0.045,-0.020000000000000004,0.0,"[7, 0, 1, 2]"
deletion,0.05,0.7,0.0,48,38,False,0.15014772678904237,0.29809243031118454,0.0,0.5757575757575758,0.4190871369294606,True,True,6,0,1.0,33,16,0.673469387755102,0.425,553,0.0,0.065,0.006,-0.059000000000000004,0.0,"[8, 1, 1, 0]"
deletion,0.05,0.7,0.0,48,39,False,0.1813607950917818,0.3173193227333884,0.0,0.5841584158415841,0.4105691056910569,False,True,6,0,1.0,22,21,0.5116279069767442,0.23255813953488372,575,0.0,0.065,0.006,-0.059000000000000004,0.0,"[8, 1, 1, 0]"
deletion,0.05,0.7,0.0,49,0,False,0.0,0.0,0.0,0.0,1.0,False,True,0,0,0.0,0,0,0.0,0.0,0,0.0,0.065,0.065,0.0,0.0,"[0, 0, 0, 0]"
deletion,0.05,0.7,0.0,49,1,False,0.0,0.0,0.16666666666666666,0.16666666666666666,0.8076923076923077,False,True,0,0,0.0,0,43,0.0,0.0,0,0.0,0.065,0.065,0.0,0.0,"[0, 0, 0, 0]"
deletion,0.05,0.7,0.0,49,2,False,0.041666666666666664,0.041666666666666664,0.3,0.3,0.6571428571428571,False,True,0,0,0.1,0,41,0.0,0.0,0,0.0,0.065,0.01,-0.055,0.0,"[0, 1, 0, 0]"
deletion,0.05,0.7,0.0,49,3,False,0.10625,0.10625,0.4166666666666667,0.4166666666666667,0.6153846153846154,False,True,0,0,0.1,2,37,0.05128205128205128,0.0,2,0.0,0.065,0.01,-0.055,0.0,"[0, 1, 0, 0]"
deletion,0.05,0.7,0.0,49,4,False,0.17641369047619046,0.18385416666666665,0.46153846153846156,0.46153846153846156,0.5853658536585366,False,True,0,0,0.3,2,39,0.04878048780487805,0.0,4,0.0,0.065,0.023333333333333334,-0.04166666666666667,0.0,"[0, 2, 1, 0]"
deletion,0.05,0.7,0.0,49,5,False,0.23121136675824175,0.25327524038461535,0.4666666666666667,0.4666666666666667,0.5777777777777777,True,True,1,0,0.4,12,31,0.27906976744186046,0.0,9,0.0,0.065,0.0175,-0.0475,0.0,"[1, 2, 1, 0]"
deletion,0.05,0.7,0.0,49,6,False,0.2734085250686813,0.3066230969551282,0.5555555555555556,0.5555555555555556,0.5510204081632653,False,True,1,0,0.4,13,30,0.3023255813953488,0.45454545454545453,22,0.0,0.065,0.0175,-0.0475,0.0,"[1, 2, 1, 0]"
deletion,0.05,0.7,0.0,49,7,False,0.3268512655963828,0.368856211605235,0.6,0.6,0.509090909090909,False,True,1,0,0.6,9,34,0.20930232558139536,0.41935483870967744,31,0.0,0.065,0.011666666666666667,-0.05333333333333334,0.0,"[3, 2, 1, 0]"
deletion,0.05,0.7,0.0,49,8,False,0.3738978476935277,0.4766421587039263,0.6,0.6363636363636364,0.5084745762711864,True,True,2,0,0.7,16,29,0.35555555555555557,0.5,42,0.0,0.065,0.004285714285714286,-0.060714285714285714,0.0,"[4, 3, 0, 0]"
deletion,0.05,0.7,0.0,49,9,False,0.4143519571987172,0.5449816190279447,0.5,0.6153846153846154,0.5079365079365079,False,True,2,0,0.8,16,24,0.4,0.425,58,0.0,0.065,0.005,-0.060000000000000005,0.0,"[4, 4, 0, 0]"
deletion,0.05,0.7,0.0,49,10,False,0.4179068250418951,0.5587362142709585,0.4,0.6470588235294118,0.4788732394366197,False,True,2,0,0.8,22,16,0.5789473684210527,0.375,80,0.0,0.065,0.005,-0.060000000000000005,0.0,"[4, 4, 0, 0]"
deletion,0.05,0.7,0.0,49,11,False,0.4009301187814213,0.5503021607032189,0.35,0.6666666666666666,0.45454545454545453,False,True,2,0,0.8,20,17,0.5405405405405406,0.375,100,0.0,0.065,0.005,-0.060000000000000005,0.0,"[4, 4, 0, 0]"
deletion,0.05,0.7,0.0,49,12,False,0.3810547319432088,0.5377266205274142,0.3,0.6739130434782609,0.43529411764705883,False,True,2,0,0.8,22,15,0.5945945945945946,0.425,122,0.0,0.065,0.005,-0.060000000000000005,0.0,"[4, 4, 0, 0]"
deletion,0.05,0.7,0.0,49,13,False,0.36257676324312094,0.5345449653955606,0.25,0.6666666666666666,0.4367816091954023,False,True,2,0,0.9,19,24,0.4418604651162791,0.425,141,0.0,0.065,0.0044444444444444444,-0.06055555555555556,0.0,"[5, 4, 0, 0]"
deletion,0.05,0.7,0.0,49,14,False,0.3513968581466264,0.5196587240466705,0.2,0.66,0.43820224719101125,False,True,2,0,0.9,24,19,0.5581395348837209,0.5,165,0.0,0.065,0.0044444444444444444,-0.06055555555555556,0.0,"[5, 4, 0, 0]"
deletion,0.05,0.7,0.0,49,15,False,0.34479764360996984,0.5209940430350029,0.15,0.6727272727272727,0.425531914893617,False,True,2,0,0.9,25,16,0.6097560975609756,0.5,190,0.0,0.065,0.0044444444444444444,-0.06055555555555556,0.0,"[5, 4, 0, 0]"
deletion,0.05,0.7,0.0,49,16,False,0.33538394699319163,0.5032455322762521,0.1,0.6779661016949152,0.41836734693877553,False,True,2,0,0.9,28,16,0.6363636363636364,0.425,218,0.0,0.065,0.0044444444444444444,-0.06055555555555556,0.0,"[5, 4, 0, 0]"
deletion,0.05,0.7,0.0,49,17,False,0.3131451031020366,0.4711841492071891,0.1,0.6885245901639344,0.40594059405940597,False,True,2,0,0.9,21,22,0.4883720930232558,0.4,239,0.0,0.065,0.0044444444444444444,-0.06055555555555556,0.0,"[5, 4, 0, 0]"
deletion,0.05,0.7,0.0,49,18,False,0.2928945416122417,0.4471381119053918,0.05,0.6923076923076923,0.3925233644859813,False,True,2,0,0.9,20,18,0.5263157894736842,0.375,259,0.0,0.065,0.0044444444444444444,-0.06055555555555556,0.0,"[5, 4, 0, 0]"
deletion,0.05,0.7,0.0,49,19,False,0.26699233478060985,0.42910358392904385,0.05,0.7142857142857143,0.3783783783783784,False,True,2,0,1.0,24,17,0.5853658536585366,0.35,283,0.0,0.065,0.005,-0.060000000000000005,0.0,"[5, 5, 0, 0]"
deletion,0.05,0.7,0.0,49,20,False,0.24667282251402883,0.3968276879467829,0.05,0.726027397260274,0.358974358974359,False,True,2,0,1.0,26,12,0.6842105263157895,0.475,309,0.0,0.065,0.005,-0.060000000000000005,0.0,"[5, 5, 0, 0]"
deletion,0.05,0.7,0.0,49,21,False,0.2528617597426645,0.3476207659600872,0.0,0.7236842105263158,0.3524590163934426,False,True,2,0,1.0,24,15,0.6153846153846154,0.5,333,0.0,0.065,0.005,-0.060000000000000005,0.0,"[5, 5, 0, 0]"
deletion,0.05,0.7,0.0,49,22,False,0.2530391769498555,0.3169655744700654,0.0,0.7125,0.3543307086614173,False,True,2,0,1.0,35,9,0.7954545454545454,0.5,368,0.0,0.065,0.005,-0.060000000000000005,0.0,"[5, 5, 0, 0]"
deletion,0.05,0.7,0.0,49,23,False,0.25049366842667736,0.31272418085254905,0.0,0.7209302325581395,0.35074626865671643,False,True,2,0,1.0,21,19,0.525,0.325,389,0.0,0.065,0.005,-0.060000000000000005,0.0,"[5, 5, 0, 0]"
deletion,0.05,0.7,0.0,49,24,False,0.22894167989143657,0.2720431356394118,0.05,0.7252747252747253,0.3380281690140845,True,True,3,0,1.0,28,13,0.6829268292682927,0.25,257,0.0,0.065,0.07,0.0050000000000000044,0.0,"[5, 0, 2, 3]"
deletion,0.05,0.7,0.0,49,25,False,0.19492054563286315,0.24153235172955886,0.0,0.7083333333333334,0.35135135135135137,False,True,3,0,1.0,30,10,0.75,0.4666666666666667,287,0.0,0.065,0.07,0.0050000000000000044,0.0,"[5, 0, 2, 3]"
deletion,0.05,0.7,0.0,49,26,False,0.1994642187484569,0.24989926379716915,0.0,0.7128712871287128,0.34868421052631576,True,True,4,0,1.0,27,11,0.7105263157894737,0.4482758620689655,303,0.0,0.065,0.035,-0.03,0.0,"[6, 0, 3, 1]"
deletion,0.05,0.7,0.0,49,27,False,0.1964235608867395,0.2624244478478769,0.0,0.6886792452830188,0.36075949367088606,False,True,4,0,1.0,32,10,0.7619047619047619,0.5384615384615384,335,0.0,0.065,0.035,-0.03,0.0,"[6, 0, 3, 1]"
deletion,0.05,0.7,0.0,49,28,False,0.21047556540189674,0.28431833588590766,0.0,0.6785714285714286,0.36585365853658536,True,True,5,0,1.0,29,11,0.725,0.45,338,0.0,0.065,0.045,-0.020000000000000004,0.0,"[7, 0, 1, 2]"
deletion,0.05,0.7,0.0,49,29,False,0.1899995311942797,0.2694887519144308,0.0,0.6869565217391305,0.35714285714285715,False,True,5,0,1.0,26,17,0.6046511627906976,0.3181818181818182,364,0.0,0.065,0.045,-0.020000000000000004,0.0,"[7, 0, 1, 2]"
deletion,0.05,0.7,0.0,49,30,False,0.16749964839570977,0.24586656393582307,0.0,0.6833333333333333,0.36416184971098264,False,True,5,0,1.0,30,19,0.6122448979591837,0.34375,394,0.0,0.065,0.045,-0.020000000000000004,0.0,"[7, 0, 1, 2]"
deletion,0.05,0.7,0.0,49,31,False,0.16491045058249662,0.25314992295186733,0.0,0.6854838709677419,0.3615819209039548,False,True,5,0,1.0,36,13,0.7346938775510204,0.24390243902439024,430,0.0,0.065,0.045,-0.020000000000000004,0.0,"[7, 0, 1, 2]"
deletion,0.05,0.7,0.0,49,32,False,0.15939712365115818,0.2523624422139005,0.0,0.676923076923077,0.3641304347826087,True,True,6,0,1.0,26,12,0.6842105263157895,0.48148148148148145,436,0.0,0.065,0.030000000000000006,-0.034999999999999996,0.0,"[7, 0, 2, 1]"
deletion,0.05,0.7,0.0,49,33,False,0.16597641416694006,0.27052183166042537,0.0,0.6691176470588235,0.3684210526315789,False,True,6,0,1.0,27,20,0.574468085106383,0.3870967741935484,463,0.0,0.065,0.030000000000000006,-0.034999999999999996,0.0,"[7, 0, 2, 1]"
deletion,0.05,0.7,0.0,49,34,False,0.16733945348234788,0.277891373745319,0.0,0.6442953020134228,0.38613861386138615,True,True,7,0,1.0,28,6,0.8235294117647058,0.6818181818181818,477,0.0,0.065,0.025,-0.04,0.0,"[8, 0, 1, 1]"
deletion,0.05,0.7,0.0,49,35,False,0.19246887582604663,0.30216853030898927,0.0,0.6258064516129033,0.39712918660287083,False,True,7,0,1.0,24,13,0.6486486486486487,0.5652173913043478,501,0.0,0.065,0.025,-0.04,0.0,"[8, 0, 1, 1]"
deletion,0.05,0.7,0.0,49,36,False,0.20238737115524927,0.30787639773174197,0.0,0.6172839506172839,0.4027777777777778,False,True,7,0,1.0,23,16,0.5897435897435898,0.5,524,0.0,0.065,0.025,-0.04,0.0,"[8, 0, 1, 1]"
deletion,0.05,0.7,0.0,49,37,False,0.20536195693786552,0.3059072982988065,0.0,0.6107784431137725,0.4090909090909091,True,True,8,0,1.0,35,9,0.7954545454545454,0.6086956521739131,554,0.0,0.065,0.005,-0.060000000000000005,0.0,"[9, 0, 1, 0]"
deletion,0.05,0.7,0.0,49,38,False,0.22902146770339912,0.3169304737241049,0.0,0.603448275862069,0.41228070175438597,False,True,8,0,1.0,28,9,0.7567567567567568,0.5416666666666666,582,0.0,0.065,0.005,-0.060000000000000005,0.0,"[9, 0, 1, 0]"
deletion,0.05,0.7,0.0,49,39,False,0.24140895792040654,0.3189478552930787,0.0,0.5966850828729282,0.41702127659574467,False,True,8,0,1.0,24,13,0.6486486486486487,0.2916666666666667,606,0.0,0.065,0.005,-0.060000000000000005,0.0,"[9, 0, 1, 0]"
deletion,0.05,0.7,0.0,50,0,False,0.0,0.0,0.0,0.0,1.0,False,True,0,0,0.0,0,0,0.0,0.0,0,0.0,0.065,0.065,0.0,0.0,"[0, 0, 0, 0]"
deletion,0.05,0.7,0.0,50,1,False,0.0,0.0,0.21052631578947367,0.21052631578947367,0.8214285714285714,False,True,0,0,0.0,0,42,0.0,0.0,0,0.0,0.065,0.065,0.0,0.0,"[0, 0, 0, 0]"
deletion,0.05,0.7,0.0,50,2,False,0.05263157894736842,0.05263157894736842,0.2,0.3333333333333333,0.7142857142857143,False,True,0,0,0.0,0,42,0.0,0.0,0,0.0,0.065,0.065,0.0,0.0,"[0, 0, 0, 0]"
deletion,0.05,0.7,0.0,50,3,False,0.0894736842105263,0.08947368421052632,0.1,0.35714285714285715,0.6829268292682927,False,True,0,0,0.0,0,42,0.0,0.0,0,0.0,0.065,0.065,0.0,0.0,"[0, 0, 0, 0]"
deletion,0.05,0.7,0.0,50,4,False,0.09210526315789476,0.09210526315789475,0.05,0.3870967741935484,0.6170212765957447,False,True,0,0,0.0,0,42,0.0,0.0,0,0.0,0.065,0.065,0.0,0.0,"[0, 0, 0, 0]"
deletion,0.05,0.7,0.0,50,5,False,0.08157894736842106,0.08157894736842106,0.05,0.3939393939393939,0.6,False,True,0,0,0.0,0,43,0.0,0.0,0,0.0,0.065,0.065,0.0,0.0,"[0, 0, 0, 0]"
deletion,0.05,0.7,0.0,50,6,False,0.0736842105263158,0.0736842105263158,0.1,0.4117647058823529,0.5740740740740741,False,True,0,0,0.1,0,44,0.0,0.0,0,0.0,0.065,0.01,-0.055,0.0,"[0, 1, 0, 0]"
deletion,0.05,0.7,0.0,50,7,False,0.08026315789473684,0.08026315789473684,0.1,0.4594594594594595,0.5423728813559322,False,True,0,0,0.2,1,40,0.024390243902439025,1.0,1,0.0,0.065,0.01,-0.055,0.0,"[0, 2, 0, 0]"
deletion,0.05,0.7,0.0,50,8,False,0.08519736842105263,0.08519736842105263,0.1,0.475,0.5230769230769231,False,True,0,0,0.2,3,43,0.06521739130434782,1.0,4,0.0,0.065,0.01,-0.055,0.0,"[0, 2, 0, 0]"
deletion,0.05,0.7,0.0,50,9,False,0.08889802631578947,0.08889802631578947,0.0,0.4782608695652174,0.5138888888888888,False,True,0,0,0.4,4,40,0.09090909090909091,1.0,8,0.0,0.065,0.01,-0.055,0.0,"[0, 4, 0, 0]"
deletion,0.05,0.7,0.0,50,10,False,0.10238780545112781,0.1916735197368421,0.0,0.48,0.5,True,True,1,0,0.6,18,23,0.43902439024390244,0.0,0,0.0,0.065,0.021666666666666667,-0.043333333333333335,0.0,"[1, 3, 2, 0]"
deletion,0.05,0.7,0.0,50,11,False,0.07679085408834586,0.14375513980263158,0.0,0.4642857142857143,0.5116279069767442,False,True,1,0,0.7,8,28,0.2222222222222222,0.25,8,0.0,0.065,0.025714285714285717,-0.039285714285714285,0.0,"[1, 3, 3, 0]"
deletion,0.05,0.7,0.0,50,12,False,0.07098599770911654,0.1390663548519737,0.0,0.5,0.4731182795698925,False,True,1,0,0.9,20,20,0.5,0.24,28,0.0,0.065,0.025555555555555557,-0.03944444444444445,0.0,"[2, 3, 4, 0]"
deletion,0.05,0.7,0.0,50,13,False,0.07466806971040883,0.12304976613898026,0.0,0.53125,0.45454545454545453,True,True,3,0,1.0,26,10,0.7222222222222222,0.5714285714285714,7,0.0,0.065,0.08,0.015,0.0,"[6, 0, 0, 4]"
deletion,0.05,0.7,0.0,50,14,False,0.09681737881341887,0.1487744897828066,0.0,0.5068493150684932,0.4636363636363636,True,True,4,0,1.0,21,15,0.5833333333333334,0.6842105263157895,19,0.0,0.065,0.002,-0.063,0.0,"[8, 2, 0, 0]"
deletion,0.05,0.7,0.0,50,15,False,0.14592130478675588,0.19710718312657866,0.0,0.525,0.4491525423728814,False,True,4,0,1.0,29,10,0.7435897435897436,0.2608695652173913,48,0.0,0.065,0.002,-0.063,0.0,"[8, 2, 0, 0]"
deletion,0.05,0.7,0.0,50,16,False,0.14158383573292405,0.18533038734493398,0.0,0.5294117647058824,0.45161290322580644,False,True,4,0,1.0,28,17,0.6222222222222222,0.44,76,0.0,0.065,0.002,-0.063,0.0,"[8, 2, 0, 0]"
deletion,0.05,0.7,0.0,50,17,False,0.16333073394255018,0.20149779050870048,0.0,0.5054945054945055,0.46153846153846156,False,True,4,0,1.0,31,10,0.7560975609756098,0.4074074074074074,107,0.0,0.065,0.002,-0.063,0.0,"[8, 2, 0, 0]"
deletion,0.05,0.7,0.0,50,18,False,0.17862049943650446,0.21362334288152535,0.0,0.5104166666666666,0.4492753623188406,False,True,4,0,1.0,30,13,0.6976744186046512,0.41379310344827586,137,0.0,0.065,0.002,-0.063,0.0,"[8, 2, 0, 0]"
deletion,0.05,0.7,0.0,50,19,False,0.1915050571170609,0.22271750716114402,0.0,0.5247524752475248,0.44680851063829785,False,True,4,0,1.0,36,9,0.8,0.5757575757575758,173,0.0,0.065,0.002,-0.063,0.0,"[8, 2, 0, 0]"
deletion,0.05,0.7,0.0,50,20,False,0.22549692470592755,0.25453813037085804,0.0,0.5283018867924528,0.4489795918367347,False,True,4,0,1.0,27,11,0.7105263157894737,0.5882352941176471,200,0.0,0.065,0.002,-0.063,0.0,"[8, 2, 0, 0]"
deletion,0.05,0.7,0.0,50,21,False,0.25177575475393543,0.2784035977781435,0.0,0.504424778761062,0.46405228758169936,False,True,4,0,1.0,33,7,0.825,0.45,233,0.0,0.065,0.002,-0.063,0.0,"[8, 2, 0, 0]"
deletion,0.05,0.7,0.0,50,22,False,0.2495461017797373,0.27130269833360765,0.0,0.5042735042735043,0.4620253164556962,False,True,4,0,1.0,35,11,0.7608695652173914,0.525,268,0.0,0.065,0.002,-0.063,0.0,"[8, 2, 0, 0]"
deletion,0.05,0.7,0.0,50,23,False,0.25501671919194585,0.27222702375020574,0.0,0.5,0.4658385093167702,False,True,4,0,1.0,37,12,0.7551020408163265,0.55,305,0.0,0.065,0.002,-0.063,0.0,"[8, 2, 0, 0]"
deletion,0.05,0.7,0.0,50,24,False,0.2689411108225308,0.2854202678126543,0.0,0.496,0.46706586826347307,False,True,4,0,1.0,24,17,0.5853658536585366,0.55,329,0.0,0.065,0.002,-0.063,0.0,"[8, 2, 0, 0]"
deletion,0.05,0.7,0.0,50,25,False,0.27938440454546953,0.2953152008594907,0.0,0.5114503816793893,0.45664739884393063,False,True,4,0,1.0,30,16,0.6521739130434783,0.4,359,0.0,0.065,0.002,-0.063,0.0,"[8, 2, 0, 0]"
deletion,0.05,0.7,0.0,50,26,False,0.25953830340910217,0.27148640064461804,0.0,0.5074626865671642,0.4576271186440678,False,True,4,0,1.0,30,13,0.6976744186046512,0.475,389,0.0,0.065,0.002,-0.063,0.0,"[8, 2, 0, 0]"
deletion,0.05,0.7,0.0,50,27,False,0.2607251561282552,0.27236480048346356,0.0,0.5217391304347826,0.4530386740331492,False,True,4,0,1.0,40,8,0.8333333333333334,0.45,429,0.0,0.065,0.002,-0.063,0.0,"[8, 2, 0, 0]"
deletion,0.05,0.7,0.0,50,28,False,0.2607224385247628,0.27302360036259765,0.0,0.5138888888888888,0.45698924731182794,False,True,4,0,1.0,33,14,0.7021276595744681,0.45,462,0.0,0.065,0.002,-0.063,0.0,"[8, 2, 0, 0]"
deletion,0.05,0.7,0.0,50,29,False,0.26518468603642925,0.27976770027194825,0.0,0.5170068027210885,0.45549738219895286,False,True,4,0,1.0,26,9,0.7428571428571429,0.375,488,0.0,0.065,0.002,-0.063,0.0,"[8, 2, 0, 0]"
deletion,0.05,0.7,0.0,50,30,False,0.2524599430987505,0.2660757752039612,0.0,0.5225806451612903,0.45454545454545453,False,True,4,0,1.0,31,15,0.6739130434782609,0.45,519,0.0,0.065,0.002,-0.063,0.0,"[8, 2, 0, 0]"
deletion,0.05,0.7,0.0,50,31,False,0.25898781446692004,0.2745568314029709,0.0,0.5157232704402516,0.45588235294117646,False,True,4,0,1.0,32,13,0.7111111111111111,0.425,551,0.0,0.065,0.002,-0.063,0.0,"[8, 2, 0, 0]"
deletion,0.05,0.7,0.0,50,32,False,0.25406228942161857,0.26841762355222815,0.0,0.5153374233128835,0.4567307692307692,False,True,4,0,1.0,39,8,0.8297872340425532,0.45,590,0.0,0.065,0.002,-0.063,0.0,"[8, 2, 0, 0]"
deletion,0.05,0.7,0.0,50,33,False,0.2557252884947854,0.2700632176641711,0.0,0.5209580838323353,0.4528301886792453,False,True,4,0,1.0,29,18,0.6170212765957447,0.475,619,0.0,0.065,0.002,-0.063,0.0,"[8, 2, 0, 0]"
deletion,0.05,0.7,0.0,50,34,False,0.2623296806568033,0.2775474132481283,0.0,0.5144508670520231,0.45871559633027525,False,True,4,0,1.0,29,10,0.7435897435897436,0.375,648,0.0,0.065,0.002,-0.063,0.0,"[8, 2, 0, 0]"
deletion,0.05,0.7,0.0,50,35,False,0.24139011763545962,0.25191055993609623,0.0,0.5168539325842697,0.4577777777777778,False,True,4,0,1.0,28,10,0.7368421052631579,0.4,676,0.0,0.065,0.002,-0.063,0.0,"[8, 2, 0, 0]"
deletion,0.05,0.7,0.0,50,36,False,0.2355068739408804,0.24518291995207217,0.0,0.5161290322580645,0.4588744588744589,False,True,4,0,1.0,26,12,0.6842105263157895,0.4,702,0.0,0.065,0.002,-0.063,0.0,"[8, 2, 0, 0]"
deletion,0.05,0.7,0.0,50,37,False,0.23109444116994604,0.24013718996405412,0.0,0.5210526315789473,0.45188284518828453,False,True,4,0,1.0,22,15,0.5945945945945946,0.525,724,0.0,0.065,0.002,-0.063,0.0,"[8, 2, 0, 0]"
deletion,0.05,0.7,0.0,50,38,False,0.2545708308774595,0.2676028924730406,0.0,0.5177664974619289,0.4609053497942387,False,True,4,0,1.0,31,11,0.7380952380952381,0.525,755,0.0,0.065,0.002,-0.063,0.0,"[8, 2, 0, 0]"
deletion,0.05,0.7,0.0,50,39,False,0.2632495517295232,0.2757021693547804,0.0,0.515,0.46153846153846156,False,True,4,0,1.0,41,13,0.7592592592592593,0.475,796,0.0,0.065,0.002,-0.063,0.0,"[8, 2, 0, 0]"
deletion,0.05,0.7,0.0,51,0,False,0.0,0.0,0.0,0.0,1.0,False,True,0,0,0.0,0,0,0.0,0.0,0,0.0,0.065,0.065,0.0,0.0,"[0, 0, 0, 0]"
deletion,0.05,0.7,0.0,51,1,False,0.0,0.0,0.14285714285714285,0.14285714285714285,0.8787878787878788,False,True,0,0,0.2,0,43,0.0,0.0,0,0.0,0.065,0.0,-0.065,0.0,"[2, 0, 0, 0]"
deletion,0.05,0.7,0.0,51,2,False,0.03571428571428571,0.03571428571428571,0.1,0.25,0.7954545454545454,False,True,0,0,0.2,13,27,0.325,0.6153846153846154,13,0.0,0.065,0.0,-0.065,0.0,"[2, 0, 0, 0]"
deletion,0.05,0.7,0.0,51,3,False,0.06098901098901099,0.11620879120879121,0.1,0.2962962962962963,0.72,False,True,0,0,0.2,11,29,0.275,0.55,24,0.0,0.065,0.0,-0.065,0.0,"[2, 0, 0, 0]"
deletion,0.05,0.7,0.0,51,4,False,0.07877747252747251,0.16840659340659342,0.0,0.2727272727272727,0.7068965517241379,False,True,0,0,0.3,15,31,0.32608695652173914,0.6,39,0.0,0.065,0.0033333333333333335,-0.06166666666666667,0.0,"[2, 1, 0, 0]"
deletion,0.05,0.7,0.0,51,5,False,0.0697973901098901,0.20130494505494506,0.0,0.2777777777777778,0.676923076923077,False,True,0,0,0.3,10,32,0.23809523809523808,0.6363636363636364,49,0.0,0.065,0.0033333333333333335,-0.06166666666666667,0.0,"[2, 1, 0, 0]"
deletion,0.05,0.7,0.0,51,6,False,0.06484804258241758,0.23847870879120878,0.0,0.3170731707317073,0.6521739130434783,False,True,0,0,0.4,15,28,0.3488372093023256,0.48,64,0.0,0.065,0.0025,-0.0625,0.0,"[3, 1, 0, 0]"
deletion,0.05,0.7,0.0,51,7,False,0.07185031765109891,0.24760903159340658,0.0,0.3333333333333333,0.6329113924050633,False,True,0,0,0.5,16,22,0.42105263157894735,0.37037037037037035,80,0.0,0.065,0.004,-0.061,0.0,"[3, 2, 0, 0]"
deletion,0.05,0.7,0.0,51,8,False,0.07506120762607928,0.24195677369505494,0.0,0.3584905660377358,0.6206896551724138,False,True,0,0,0.6,14,23,0.3783783783783784,0.40625,94,0.0,0.065,0.005,-0.060000000000000005,0.0,"[3, 3, 0, 0]"
deletion,0.05,0.7,0.0,51,9,False,0.08189114381479755,0.2502175802712912,0.0,0.3728813559322034,0.6129032258064516,False,True,0,0,0.6,20,20,0.5,0.38461538461538464,114,0.0,0.065,0.005,-0.060000000000000005,0.0,"[3, 3, 0, 0]"
deletion,0.05,0.7,0.0,51,10,False,0.08876798192124855,0.2439131852034684,0.0,0.3709677419354839,0.6082474226804123,False,True,0,0,0.7,27,20,0.574468085106383,0.5,141,0.0,0.065,0.004285714285714286,-0.060714285714285714,0.0,"[4, 3, 0, 0]"
deletion,0.05,0.7,0.0,51,11,False,0.10229027215522213,0.2516848889026013,0.0,0.3880597014925373,0.5794392523364486,False,True,0,0,0.8,24,19,0.5581395348837209,0.475,165,0.0,0.065,0.00375,-0.06125,0.0,"[5, 3, 0, 0]"
deletion,0.05,0.7,0.0,51,12,False,0.1204677041164166,0.25751366667695097,0.0,0.4027777777777778,0.5714285714285714,False,True,0,0,1.0,28,13,0.6829268292682927,0.525,193,0.0,0.065,0.004,-0.061,0.0,"[6, 4, 0, 0]"
deletion,0.05,0.7,0.0,51,13,False,0.15642220665874101,0.26188525000771323,0.0,0.44155844155844154,0.5470085470085471,False,True,0,0,1.0,30,11,0.7317073170731707,0.475,223,0.0,0.065,0.004,-0.061,0.0,"[6, 4, 0, 0]"
deletion,0.05,0.7,0.0,51,14,False,0.17535236927977005,0.24641393750578494,0.0,0.4567901234567901,0.5327868852459017,True,True,1,0,1.0,24,15,0.6153846153846154,0.5,177,0.0,0.065,0.021,-0.044,0.0,"[8, 1, 0, 1]"
deletion,0.05,0.7,0.0,51,15,False,0.17615713410268466,0.2473104531293387,0.0,0.4642857142857143,0.5238095238095238,False,True,1,0,1.0,31,20,0.6078431372549019,0.45454545454545453,208,0.0,0.065,0.021,-0.044,0.0,"[8, 1, 0, 1]"
deletion,0.05,0.7,0.0,51,16,False,0.17676070771987065,0.24798283984700403,0.0,0.47191011235955055,0.5151515151515151,False,True,1,0,1.0,27,16,0.627906976744186,0.48148148148148145,235,0.0,0.065,0.021,-0.044,0.0,"[8, 1, 0, 1]"
deletion,0.05,0.7,0.0,51,17,False,0.195070530789903,0.260987129885253,0.0,0.48936170212765956,0.5035971223021583,False,True,1,0,1.0,30,19,0.6122448979591837,0.25806451612903225,265,0.0,0.065,0.021,-0.044,0.0,"[8, 1, 0, 1]"
deletion,0.05,0.7,0.0,51,18,False,0.1805290885686177,0.23949034741393976,0.0,0.49019607843137253,0.5,False,True,1,0,1.0,25,15,0.625,0.4117647058823529,290,0.0,0.065,0.021,-0.044,0.0,"[8, 1, 0, 1]"
deletion,0.05,0.7,0.0,51,19,False,0.19407028581421842,0.2546177605604548,0.0,0.5046728971962616,0.4934210526315789,False,True,1,0,1.0,26,9,0.7428571428571429,0.35135135135135137,316,0.0,0.065,0.021,-0.044,0.0,"[8, 1, 0, 1]"
deletion,0.05,0.7,0.0,51,20,False,0.19912414293209238,0.2597133204203411,0.0,0.5092592592592593,0.4838709677419355,True,True,2,0,1.0,25,13,0.6578947368421053,0.4482758620689655,329,0.0,0.065,0.002,-0.063,0.0,"[8, 2, 0, 0]"
deletion,0.05,0.7,0.0,51,21,False,0.20638675799272008,0.26353499031525585,0.0,0.5213675213675214,0.4785276073619632,False,True,2,0,1.0,24,15,0.6153846153846154,0.47058823529411764,353,0.0,0.065,0.002,-0.063,0.0,"[8, 2, 0, 0]"
deletion,0.05,0.7,0.0,51,22,False,0.2223921093108666,0.2851512427364419,0.0,0.5284552845528455,0.47337278106508873,False,True,2,0,1.0,25,8,0.7575757575757576,0.3235294117647059,378,0.0,0.065,0.002,-0.063,0.0,"[8, 2, 0, 0]"
deletion,0.05,0.7,0.0,51,23,False,0.2120746942280479,0.2701134320523314,0.0,0.52,0.47674418604651164,False,True,2,0,1.0,40,12,0.7692307692307693,0.3684210526315789,418,0.0,0.065,0.002,-0.063,0.0,"[8, 2, 0, 0]"
deletion,0.05,0.7,0.0,51,24,False,0.211635385750401,0.2650850740392485,0.0,0.5151515151515151,0.47540983606557374,False,True,2,0,1.0,23,18,0.5609756097560976,0.375,441,0.0,0.065,0.002,-0.063,0.0,"[8, 2, 0, 0]"
deletion,0.05,0.7,0.0,51,25,False,0.21497653931280075,0.26756380552943637,0.0,0.5251798561151079,0.47058823529411764,False,True,2,0,1.0,30,17,0.6382978723404256,0.325,471,0.0,0.065,0.002,-0.063,0.0,"[8, 2, 0, 0]"
deletion,0.05,0.7,0.0,51,26,False,0.21123240448460057,0.26317285414707725,0.0,0.5310344827586206,0.4666666666666667,False,True,2,0,1.0,34,11,0.7555555555555555,0.325,505,0.0,0.065,0.002,-0.063,0.0,"[8, 2, 0, 0]"
deletion,0.05,0.7,0.0,51,27,False,0.20842430336345044,0.25987964061030794,0.0,0.52,0.4723618090452261,False,True,2,0,1.0,29,14,0.6744186046511628,0.35,534,0.0,0.065,0.002,-0.063,0.0,"[8, 2, 0, 0]"
deletion,0.05,0.7,0.0,51,28,False,0.2161396560940164,0.27615973045773096,0.0,0.5098039215686274,0.4801980198019802,False,True,2,0,1.0,32,10,0.7619047619047619,0.325,566,0.0,0.065,0.002,-0.063,0.0,"[8, 2, 0, 0]"
deletion,0.05,0.7,0.0,51,29,False,0.21746188492765514,0.2821197978432982,0.0,0.5031847133757962,0.4830917874396135,False,True,2,0,1.0,25,10,0.7142857142857143,0.325,591,0.0,0.065,0.002,-0.063,0.0,"[8, 2, 0, 0]"
deletion,0.05,0.7,0.0,51,30,False,0.21845355655288423,0.28658984838247364,0.0,0.50625,0.4786729857819905,False,True,2,0,1.0,21,15,0.5833333333333334,0.3,612,0.0,0.065,0.002,-0.063,0.0,"[8, 2, 0, 0]"
deletion,0.05,0.7,0.0,51,31,False,0.21741159598609175,0.28994238628685526,0.0,0.5120481927710844,0.46846846846846846,False,True,2,0,1.0,28,11,0.717948717948718,0.3,640,0.0,0.065,0.002,-0.063,0.0,"[8, 2, 0, 0]"
deletion,0.05,0.7,0.0,51,32,False,0.2166301255609974,0.29245678971514144,0.0,0.5257142857142857,0.462882096069869,False,True,2,0,1.0,28,11,0.717948717948718,0.3,668,0.0,0.065,0.002,-0.063,0.0,"[8, 2, 0, 0]"
deletion,0.05,0.7,0.0,51,33,False,0.21604402274217663,0.29434259228635606,0.0,0.5251396648044693,0.4595744680851064,False,True,2,0,1.0,26,18,0.5909090909090909,0.325,694,0.0,0.065,0.002,-0.063,0.0,"[8, 2, 0, 0]"
deletion,0.05,0.7,0.0,51,34,False,0.22006873134234675,0.30200694421476704,0.0,0.5245901639344263,0.4605809128630705,False,True,2,0,1.0,24,15,0.6153846153846154,0.3,718,0.0,0.065,0.002,-0.063,0.0,"[8, 2, 0, 0]"
deletion,0.05,0.7,0.0,51,35,False,0.21862297707818865,0.3015052081610753,0.0,0.5340314136125655,0.45564516129032256,False,True,2,0,1.0,30,11,0.7317073170731707,0.275,748,0.0,0.065,0.002,-0.063,0.0,"[8, 2, 0, 0]"
deletion,0.05,0.7,0.0,51,36,False,0.21307437566578433,0.29487890612080647,0.0,0.5257731958762887,0.45849802371541504,False,True,2,0,1.0,20,10,0.6666666666666666,0.3,768,0.0,0.065,0.002,-0.063,0.0,"[8, 2, 0, 0]"
deletion,0.05,0.7,0.0,51,37,False,0.2133772103207668,0.29615917959060484,0.0,0.5276381909547738,0.4591439688715953,False,True,2,0,1.0,33,9,0.7857142857142857,0.3,801,0.0,0.065,0.002,-0.063,0.0,"[8, 2, 0, 0]"
deletion,0.05,0.7,0.0,51,38,False,0.2136043363120037,0.2971193846929536,0.0,0.5343137254901961,0.45627376425855515,False,True,2,0,1.0,30,15,0.6666666666666666,0.275,831,0.0,0.065,0.002,-0.063,0.0,"[8, 2, 0, 0]"
deletion,0.05,0.7,0.0,51,39,False,0.20931039509114566,0.29158953851971525,0.0,0.5213270142180095,0.4666666666666667,False,True,2,0,1.0,30,15,0.6666666666666666,0.4,861,0.0,0.065,0.002,-0.063,0.0,"[8, 2, 0, 0]"
deletion,0.05,0.7,0.5,42,0,False,0.0,0.0,0.0,0.0,1.0,False,True,0,0,0.2,0,0,0.0,0.0,0,0.0,0.0625,0.0,-0.0625,0.0,"[1, 1, 0, 0]"
deletion,0.05,0.7,0.5,42,1,False,0.0,0.0,0.375,0.375,0.8333333333333334,False,True,0,0,0.3,7,44,0.13725490196078433,0.14285714285714285,7,0.0,0.0625,0.0,-0.0625,0.0,"[1, 2, 0, 0]"
deletion,0.05,0.7,0.5,42,2,False,0.07723214285714286,0.09375,0.45454545454545453,0.45454545454545453,0.7586206896551724,False,True,0,0,0.3,8,33,0.1951219512195122,0.13333333333333333,15,0.0,0.0625,0.0,-0.0625,0.0,"[1, 2, 0, 0]"
deletion,0.05,0.7,0.5,42,3,False,0.15078125,0.18394886363636365,0.6470588235294118,0.6470588235294118,0.6111111111111112,False,True,0,0,0.4,14,25,0.358974358974359,0.13793103448275862,29,0.0,0.0625,0.0,-0.0625,0.0,"[1, 3, 0, 0]"
deletion,0.05,0.7,0.5,42,4,False,0.23260040995564893,0.2997263536096257,0.6,0.6,0.6153846153846154,False,True,0,0,0.4,13,28,0.3170731707317073,0.19444444444444445,42,0.0,0.0625,0.0,-0.0625,0.0,"[1, 3, 0, 0]"
deletion,0.05,0.7,0.5,42,5,False,0.28784316460959386,0.3747947652072192,0.6,0.68,0.5434782608695652,False,True,0,0,0.6,13,25,0.34210526315789475,0.225,55,0.0,0.0625,0.0,-0.0625,0.0,"[1, 5, 0, 0]"
deletion,0.05,0.7,0.5,42,6,False,0.3203466591714811,0.4310960739054144,0.55,0.6666666666666666,0.5416666666666666,False,True,0,0,0.7,17,29,0.3695652173913043,0.325,72,0.0,0.0625,0.0,-0.0625,0.0,"[1, 6, 0, 0]"
deletion,0.05,0.7,0.5,42,7,False,0.34829570866432513,0.4608220554290608,0.55,0.7272727272727273,0.4642857142857143,False,True,0,0,0.8,19,23,0.4523809523809524,0.4,91,0.0,0.0625,0.0,-0.0625,0.0,"[1, 7, 0, 0]"
deletion,0.05,0.7,0.5,42,8,False,0.37550749578395815,0.4831165415717956,0.55,0.7352941176470589,0.4262295081967213,False,True,0,0,0.9,22,23,0.4888888888888889,0.5,113,0.0,0.0625,0.0,-0.0625,0.0,"[1, 8, 0, 0]"
deletion,0.05,0.7,0.5,42,9,False,0.42180919326654004,0.5060874061788467,0.55,0.75,0.40625,False,True,0,0,1.0,30,19,0.6122448979591837,0.375,143,0.0,0.0625,0.0,-0.0625,0.0,"[1, 9, 0, 0]"
deletion,0.05,0.7,0.5,42,10,False,0.4342140378070479,0.49831555463413507,0.4,0.7073170731707317,0.4142857142857143,False,True,0,0,1.0,30,14,0.6818181818181818,0.425,173,0.0,0.0625,0.0,-0.0625,0.0,"[1, 9, 0, 0]"
deletion,0.05,0.7,0.5,42,11,False,0.43994624264100024,0.4924866659756013,0.4,0.7446808510638298,0.3815789473684211,False,True,0,0,1.0,25,15,0.625,0.475,198,0.0,0.0625,0.0,-0.0625,0.0,"[1, 9, 0, 0]"
deletion,0.05,0.7,0.5,42,12,False,0.45049539626646445,0.494364999481701,0.3,0.7254901960784313,0.38271604938271603,False,True,0,0,1.0,32,8,0.8,0.575,230,0.0,0.0625,0.0,-0.0625,0.0,"[1, 9, 0, 0]"
deletion,0.05,0.7,0.5,42,13,False,0.46287154719984835,0.5020237496112757,0.2,0.7142857142857143,0.3793103448275862,False,True,0,0,1.0,26,13,0.6666666666666666,0.6,256,0.0,0.0625,0.0,-0.0625,0.0,"[1, 9, 0, 0]"
deletion,0.05,0.7,0.5,42,14,False,0.4560822318284577,0.4890178122084568,0.2,0.7241379310344828,0.36666666666666664,False,True,0,0,1.0,34,10,0.7727272727272727,0.625,290,0.0,0.0625,0.0,-0.0625,0.0,"[1, 9, 0, 0]"
deletion,0.05,0.7,0.5,42,15,False,0.4474188167284861,0.4730133591563426,0.15,0.7258064516129032,0.3655913978494624,False,True,0,0,1.0,36,12,0.75,0.525,326,0.0,0.0625,0.0,-0.0625,0.0,"[1, 9, 0, 0]"
deletion,0.05,0.7,0.5,42,16,False,0.4266355411177932,0.448510019367257,0.0,0.6956521739130435,0.37623762376237624,False,True,0,0,1.0,24,8,0.75,0.525,350,0.0,0.0625,0.0,-0.0625,0.0,"[1, 9, 0, 0]"
deletion,0.05,0.7,0.5,42,17,False,0.4012266558383449,0.4238825145254428,0.0,0.7,0.36538461538461536,False,True,0,0,1.0,36,13,0.7346938775510204,0.475,386,0.0,0.0625,0.0,-0.0625,0.0,"[1, 9, 0, 0]"
deletion,0.05,0.7,0.5,42,18,False,0.3759199918787587,0.3991618858940821,0.0,0.6973684210526315,0.3669724770642202,False,True,0,0,1.0,30,14,0.6818181818181818,0.525,416,0.0,0.0625,0.0,-0.0625,0.0,"[1, 9, 0, 0]"
deletion,0.05,0.7,0.5,42,19,False,0.36318999390906903,0.3868714144205616,0.0,0.7088607594936709,0.35398230088495575,False,True,0,0,1.0,28,8,0.7777777777777778,0.65,444,0.0,0.0625,0.0,-0.0625,0.0,"[1, 9, 0, 0]"
deletion,0.05,0.7,0.5,42,20,False,0.3670353525746589,0.3901535608154212,0.0,0.6904761904761905,0.3644067796610169,False,True,0,0,1.0,25,13,0.6578947368421053,0.55,469,0.0,0.0625,0.0,-0.0625,0.0,"[1, 9, 0, 0]"
deletion,0.05,0.7,0.5,42,21,False,0.35295508585956564,0.3738651706115659,0.0,0.686046511627907,0.36065573770491804,False,True,0,0,1.0,34,12,0.7391304347826086,0.5,503,0.0,0.0625,0.0,-0.0625,0.0,"[1, 9, 0, 0]"
deletion,0.05,0.7,0.5,42,22,False,0.3272163143946742,0.3428988779586744,0.0,0.6966292134831461,0.35714285714285715,False,True,0,0,1.0,28,15,0.6511627906976745,0.625,531,0.0,0.0625,0.0,-0.0625,0.0,"[1, 9, 0, 0]"
deletion,0.05,0.7,0.5,42,23,False,0.32576937865314853,0.3384241584690058,0.0,0.7021276595744681,0.3511450381679389,False,True,0,0,1.0,23,17,0.575,0.575,554,0.0,0.0625,0.0,-0.0625,0.0,"[1, 9, 0, 0]"
deletion,0.05,0.7,0.5,42,24,False,0.33182703398986135,0.34756811885175437,0.0,0.69,0.35507246376811596,False,True,0,0,1.0,31,8,0.7948717948717948,0.45,585,0.0,0.0625,0.0,-0.0625,0.0,"[1, 9, 0, 0]"
deletion,0.05,0.7,0.5,42,25,False,0.3185131326352532,0.3356760891388158,0.0,0.6893203883495146,0.35714285714285715,False,True,0,0,1.0,41,10,0.803921568627451,0.55,626,0.0,0.0625,0.0,-0.0625,0.0,"[1, 9, 0, 0]"
deletion,0.05,0.7,0.5,42,26,False,0.3254919923335828,0.34550706685411187,0.0,0.6851851851851852,0.3561643835616438,False,True,0,0,1.0,25,16,0.6097560975609756,0.45,651,0.0,0.0625,0.0,-0.0625,0.0,"[1, 9, 0, 0]"
deletion,0.05,0.7,0.5,42,27,False,0.3048332799644728,0.3216303001405839,0.0,0.6695652173913044,0.3660130718954248,False,True,0,0,1.0,31,10,0.7560975609756098,0.525,682,0.0,0.0625,0.0,-0.0625,0.0,"[1, 9, 0, 0]"
deletion,0.05,0.7,0.5,42,28,False,0.30094638854478317,0.3162227251054379,0.0,0.6694915254237288,0.3630573248407643,False,True,0,0,1.0,31,13,0.7045454545454546,0.525,713,0.0,0.0625,0.0,-0.0625,0.0,"[1, 9, 0, 0]"
deletion,0.05,0.7,0.5,42,29,False,0.3158883628371588,0.33716704382907847,0.0,0.6694214876033058,0.36419753086419754,False,True,0,0,1.0,33,10,0.7674418604651163,0.35,746,0.0,0.0625,0.0,-0.0625,0.0,"[1, 9, 0, 0]"
deletion,0.05,0.7,0.5,42,30,False,0.30745198641358334,0.3341252828718088,0.0,0.656,0.3696969696969697,False,True,0,0,1.0,34,10,0.7727272727272727,0.375,780,0.0,0.0625,0.0,-0.0625,0.0,"[1, 9, 0, 0]"
deletion,0.05,0.7,0.5,42,31,False,0.3064818469530447,0.33809396215385656,0.0,0.6484375,0.36416184971098264,False,True,0,0,1.0,26,16,0.6190476190476191,0.35,806,0.0,0.0625,0.0,-0.0625,0.0,"[1, 9, 0, 0]"
deletion,0.05,0.7,0.5,42,32,False,0.2959328137862121,0.32857047161539243,0.0,0.6444444444444445,0.3687150837988827,False,True,0,0,1.0,27,13,0.675,0.375,833,0.0,0.0625,0.0,-0.0625,0.0,"[1, 9, 0, 0]"
deletion,0.05,0.7,0.5,42,33,False,0.2933781817682305,0.32767785371154434,0.0,0.6293706293706294,0.3776595744680851,False,True,0,0,1.0,25,11,0.6944444444444444,0.375,858,0.0,0.0625,0.0,-0.0625,0.0,"[1, 9, 0, 0]"
deletion,0.05,0.7,0.5,42,34,False,0.29592649346903005,0.3332583902836582,0.0,0.6301369863013698,0.37823834196891193,False,True,0,0,1.0,26,15,0.6341463414634146,0.45,884,0.0,0.0625,0.0,-0.0625,0.0,"[1, 9, 0, 0]"
deletion,0.05,0.7,0.5,42,35,False,0.3094448701017725,0.3499437927127437,0.0,0.6153846153846154,0.3910891089108911,False,True,0,0,1.0,23,12,0.6571428571428571,0.425,907,0.0,0.0625,0.0,-0.0625,0.0,"[1, 9, 0, 0]"
deletion,0.05,0.7,0.5,42,36,False,0.3052979382906151,0.34370784453455777,0.0,0.6134969325153374,0.3904761904761905,False,True,0,0,1.0,25,15,0.625,0.55,932,0.0,0.0625,0.0,-0.0625,0.0,"[1, 9, 0, 0]"
deletion,0.05,0.7,0.5,42,37,False,0.32450916800367563,0.3640308834009183,0.0,0.6,0.4,False,True,0,0,1.0,23,9,0.71875,0.45,955,0.0,0.0625,0.0,-0.0625,0.0,"[1, 9, 0, 0]"
deletion,0.05,0.7,0.5,42,38,False,0.3085604474313281,0.3417731625506888,0.0,0.603448275862069,0.3972602739726027,False,True,0,0,1.0,29,12,0.7073170731707317,0.575,984,0.0,0.0625,0.0,-0.0625,0.0,"[1, 9, 0, 0]"
deletion,0.05,0.7,0.5,42,39,False,0.32784890700206754,0.3625798719130166,0.0,0.5955056179775281,0.40358744394618834,False,True,0,0,1.0,29,13,0.6904761904761905,0.55,1013,0.0,0.0625,0.0,-0.0625,0.0,"[1, 9, 0, 0]"
deletion,0.05,0.7,0.5,43,0,False,0.0,0.0,0.0,0.0,1.0,False,True,0,0,0.1,0,0,0.0,0.0,0,0.0,0.015000000000000001,0.0,-0.015000000000000001,0.0,"[0, 0, 0, 1]"
deletion,0.05,0.7,0.5,43,1,False,0.0,0.0,0.09090909090909091,0.09090909090909091,0.8518518518518519,False,True,0,0,0.1,0,50,0.0,0.0,0,0.0,0.015000000000000001,0.0,-0.015000000000000001,0.0,"[0, 0, 0, 1]"
deletion,0.05,0.7,0.5,43,2,False,0.022727272727272728,0.022727272727272728,0.29411764705882354,0.29411764705882354,0.7575757575757576,False,True,0,0,0.2,0,36,0.0,0.0,0,0.0,0.015000000000000001,0.005,-0.010000000000000002,0.0,"[0, 1, 0, 1]"
deletion,0.05,0.7,0.5,43,3,False,0.09057486631016043,0.09057486631016043,0.4,0.42857142857142855,0.6341463414634146,False,True,0,0,0.3,2,37,0.05128205128205128,0.0,2,0.0,0.015000000000000001,0.006666666666666667,-0.008333333333333335,0.0,"[0, 2, 0, 1]"
deletion,0.05,0.7,0.5,43,4,False,0.15364543544690606,0.16793114973262033,0.35,0.4583333333333333,0.5869565217391305,False,True,0,0,0.5,9,33,0.21428571428571427,0.18181818181818182,11,0.0,0.015000000000000001,0.004,-0.011000000000000001,0.0,"[0, 2, 0, 3]"
deletion,0.05,0.7,0.5,43,5,False,0.196727583078686,0.21344836229946523,0.25,0.5,0.5272727272727272,False,True,0,0,0.6,11,26,0.2972972972972973,0.13636363636363635,22,0.0,0.015000000000000001,0.005,-0.010000000000000002,0.0,"[0, 3, 0, 3]"
deletion,0.05,0.7,0.5,43,6,False,0.19575997302330023,0.22258627172459894,0.2,0.48484848484848486,0.5254237288135594,False,True,0,0,0.6,12,32,0.2727272727272727,0.14814814814814814,34,0.0,0.015000000000000001,0.005,-0.010000000000000002,0.0,"[0, 3, 0, 3]"
deletion,0.05,0.7,0.5,43,7,False,0.19210059201237312,0.21693970379344918,0.2,0.5348837209302325,0.4927536231884058,False,True,0,0,0.6,16,19,0.45714285714285713,0.21212121212121213,50,0.0,0.015000000000000001,0.005,-0.010000000000000002,0.0,"[0, 3, 0, 3]"
deletion,0.05,0.7,0.5,43,8,False,0.1950369824708183,0.21348602784508688,0.2,0.5652173913043478,0.4533333333333333,False,True,0,0,0.7,20,24,0.45454545454545453,0.1282051282051282,70,0.0,0.015000000000000001,0.004285714285714286,-0.010714285714285714,0.0,"[1, 3, 0, 3]"
deletion,0.05,0.7,0.5,43,9,False,0.19021570677792576,0.2095285833838152,0.15,0.5510204081632653,0.45569620253164556,False,True,0,0,0.8,20,21,0.4878048780487805,0.21739130434782608,90,0.0,0.015000000000000001,0.005,-0.010000000000000002,0.0,"[1, 4, 0, 3]"
deletion,0.05,0.7,0.5,43,10,False,0.17569749436915863,0.1946464375378614,0.05,0.5636363636363636,0.4318181818181818,True,True,1,0,0.8,30,16,0.6521739130434783,0.45161290322580644,40,0.0,0.015000000000000001,0.01,-0.005000000000000001,0.0,"[1, 3, 1, 3]"
deletion,0.05,0.7,0.5,43,11,False,0.14784454934829755,0.15848482815339607,0.0,0.5625,0.4444444444444444,False,True,1,0,0.8,9,26,0.2571428571428571,0.5555555555555556,49,0.0,0.015000000000000001,0.01,-0.005000000000000001,0.0,"[1, 3, 1, 3]"
deletion,0.05,0.7,0.5,43,12,False,0.11802626915408031,0.13260245740018972,0.0,0.5714285714285714,0.4423076923076923,True,True,2,0,0.9,32,13,0.7111111111111111,0.5925925925925926,76,0.0,0.015000000000000001,0.01,-0.005000000000000001,0.0,"[1, 4, 1, 3]"
deletion,0.05,0.7,0.5,43,13,False,0.12627480390637655,0.16057628726485673,0.0,0.5540540540540541,0.44144144144144143,False,True,2,0,0.9,33,17,0.66,0.6,109,0.0,0.015000000000000001,0.01,-0.005000000000000001,0.0,"[1, 4, 1, 3]"
deletion,0.05,0.7,0.5,43,14,False,0.1339918172154967,0.19543221544864253,0.0,0.575,0.43103448275862066,False,True,2,0,1.0,18,24,0.42857142857142855,0.639344262295082,127,0.0,0.015000000000000001,0.01,-0.005000000000000001,0.0,"[1, 5, 1, 3]"
deletion,0.05,0.7,0.5,43,15,False,0.1754938629116225,0.2340741615864819,0.0,0.573170731707317,0.42857142857142855,False,True,2,0,1.0,35,10,0.7777777777777778,0.5483870967741935,162,0.0,0.015000000000000001,0.01,-0.005000000000000001,0.0,"[1, 5, 1, 3]"
deletion,0.05,0.7,0.5,43,16,False,0.17804896861228833,0.22555562118986144,0.0,0.5795454545454546,0.4274193548387097,False,True,2,0,1.0,31,9,0.775,0.5714285714285714,193,0.0,0.015000000000000001,0.01,-0.005000000000000001,0.0,"[1, 5, 1, 3]"
deletion,0.05,0.7,0.5,43,17,False,0.18056053598302577,0.21916671589239606,0.0,0.574468085106383,0.42748091603053434,False,True,2,0,1.0,24,14,0.631578947368421,0.5625,217,0.0,0.015000000000000001,0.01,-0.005000000000000001,0.0,"[1, 5, 1, 3]"
deletion,0.05,0.7,0.5,43,18,False,0.18542040198726933,0.22062503691929705,0.0,0.5816326530612245,0.41605839416058393,False,True,2,0,1.0,26,14,0.65,0.5588235294117647,243,0.0,0.015000000000000001,0.01,-0.005000000000000001,0.0,"[1, 5, 1, 3]"
deletion,0.05,0.7,0.5,43,19,False,0.1904045872047377,0.2279687776894728,0.0,0.5981308411214953,0.4097222222222222,False,True,2,0,1.0,21,14,0.6,0.5652173913043478,264,0.0,0.015000000000000001,0.01,-0.005000000000000001,0.0,"[1, 5, 1, 3]"
deletion,0.05,0.7,0.5,43,20,False,0.19875582135593423,0.2459765832671046,0.0,0.5929203539823009,0.40789473684210525,False,True,2,0,1.0,27,12,0.6923076923076923,0.5142857142857142,291,0.0,0.015000000000000001,0.01,-0.005000000000000001,0.0,"[1, 5, 1, 3]"
deletion,0.05,0.7,0.5,43,21,False,0.1937097231598078,0.24073243745032843,0.0,0.5882352941176471,0.41139240506329117,False,True,2,0,1.0,22,8,0.7333333333333333,0.5070422535211268,313,0.0,0.015000000000000001,0.01,-0.005000000000000001,0.0,"[1, 5, 1, 3]"
deletion,0.05,0.7,0.5,43,22,False,0.18927579886336235,0.2367993280877463,0.0,0.5916666666666667,0.4088050314465409,False,True,2,0,1.0,34,13,0.723404255319149,0.5205479452054794,347,0.0,0.015000000000000001,0.01,-0.005000000000000001,0.0,"[1, 5, 1, 3]"
deletion,0.05,0.7,0.5,43,23,False,0.19030849749917014,0.24009949606580974,0.0,0.5967741935483871,0.40606060606060607,False,True,2,0,1.0,26,19,0.5777777777777777,0.5205479452054794,373,0.0,0.015000000000000001,0.01,-0.005000000000000001,0.0,"[1, 5, 1, 3]"
deletion,0.05,0.7,0.5,43,24,False,0.19108302147602596,0.2425746220493573,0.0,0.5968992248062015,0.4011627906976744,False,True,2,0,1.0,33,17,0.66,0.5,406,0.0,0.015000000000000001,0.01,-0.005000000000000001,0.0,"[1, 5, 1, 3]"
deletion,0.05,0.7,0.5,43,25,False,0.18770002120906026,0.23818096653701798,0.0,0.5955882352941176,0.4022346368715084,False,True,2,0,1.0,29,14,0.6744186046511628,0.4594594594594595,435,0.0,0.015000000000000001,0.01,-0.005000000000000001,0.0,"[1, 5, 1, 3]"
deletion,0.05,0.7,0.5,43,26,False,0.1762341995802646,0.22238572490276348,0.0,0.6013986013986014,0.39572192513368987,False,True,2,0,1.0,22,15,0.5945945945945946,0.4533333333333333,457,0.0,0.015000000000000001,0.01,-0.005000000000000001,0.0,"[1, 5, 1, 3]"
deletion,0.05,0.7,0.5,43,27,False,0.16908041158996037,0.21678929367707261,0.0,0.6,0.4010416666666667,False,True,2,0,1.0,29,15,0.6590909090909091,0.5131578947368421,486,0.0,0.015000000000000001,0.01,-0.005000000000000001,0.0,"[1, 5, 1, 3]"
deletion,0.05,0.7,0.5,43,28,False,0.17524780869247028,0.22509197025780447,0.0,0.5833333333333334,0.41414141414141414,True,True,3,0,1.0,27,9,0.75,0.5,239,0.0,0.015000000000000001,0.006,-0.009000000000000001,0.0,"[3, 1, 1, 5]"
deletion,0.05,0.7,0.5,43,29,False,0.1685390311225273,0.29371586779048864,0.0,0.5838509316770186,0.4097560975609756,False,True,3,0,1.0,24,13,0.6486486486486487,0.5344827586206896,263,0.0,0.015000000000000001,0.006,-0.009000000000000001,0.0,"[3, 1, 1, 5]"
deletion,0.05,0.7,0.5,43,30,False,0.1760074479450701,0.3327869008428665,0.0,0.5963855421686747,0.4019138755980861,False,True,3,0,1.0,41,13,0.7592592592592593,0.546875,304,0.0,0.015000000000000001,0.006,-0.009000000000000001,0.0,"[3, 1, 1, 5]"
deletion,0.05,0.7,0.5,43,31,False,0.19629130024451685,0.36209017563214985,0.0,0.5895953757225434,0.4055299539170507,True,True,4,0,1.0,29,16,0.6444444444444445,0.5333333333333333,308,0.0,0.015000000000000001,0.002,-0.013000000000000001,0.0,"[3, 2, 0, 5]"
deletion,0.05,0.7,0.5,43,32,False,0.18828990375481622,0.38406763172411235,0.0,0.5932203389830508,0.4072398190045249,False,True,4,0,1.0,33,11,0.75,0.48,341,0.0,0.015000000000000001,0.002,-0.013000000000000001,0.0,"[3, 2, 0, 5]"
deletion,0.05,0.7,0.5,43,33,False,0.184074570673255,0.38805072379308425,0.0,0.5824175824175825,0.41333333333333333,False,True,4,0,1.0,39,8,0.8297872340425532,0.5454545454545454,380,0.0,0.015000000000000001,0.002,-0.013000000000000001,0.0,"[3, 2, 0, 5]"
deletion,0.05,0.7,0.5,43,34,False,0.19728211848113172,0.39728804284481317,0.0,0.5837837837837838,0.41228070175438597,False,True,4,0,1.0,33,12,0.7333333333333333,0.45,413,0.0,0.015000000000000001,0.002,-0.013000000000000001,0.0,"[3, 2, 0, 5]"
deletion,0.05,0.7,0.5,43,35,False,0.19171158886084877,0.41671603213360986,0.0,0.5833333333333334,0.4110169491525424,False,True,4,0,1.0,24,15,0.6153846153846154,0.38333333333333336,437,0.0,0.015000000000000001,0.002,-0.013000000000000001,0.0,"[3, 2, 0, 5]"
deletion,0.05,0.7,0.5,43,36,False,0.18039083450277946,0.4187870241002074,0.0,0.58,0.4122448979591837,False,True,4,0,1.0,23,14,0.6216216216216216,0.45,460,0.0,0.015000000000000001,0.002,-0.013000000000000001,0.0,"[3, 2, 0, 5]"
deletion,0.05,0.7,0.5,43,37,False,0.18618598301994174,0.42034026807515557,0.0,0.5742574257425742,0.41365461847389556,False,True,4,0,1.0,28,10,0.7368421052631579,0.43333333333333335,488,0.0,0.015000000000000001,0.002,-0.013000000000000001,0.0,"[3, 2, 0, 5]"
deletion,0.05,0.7,0.5,43,38,False,0.18428234440781344,0.42775520105636666,0.0,0.5789473684210527,0.4117647058823529,False,True,4,0,1.0,28,18,0.6086956521739131,0.36666666666666664,516,0.0,0.015000000000000001,0.002,-0.013000000000000001,0.0,"[3, 2, 0, 5]"
deletion,0.05,0.7,0.5,43,39,False,0.1658903297344315,0.43956640079227505,0.0,0.5813953488372093,0.4068441064638783,False,True,4,0,1.0,29,12,0.7073170731707317,0.3333333333333333,545,0.0,0.015000000000000001,0.002,-0.013000000000000001,0.0,"[3, 2, 0, 5]"
deletion,0.05,0.7,0.5,44,0,False,0.0,0.0,0.0,0.0,1.0,False,True,0,0,0.1,0,0,0.0,0.0,0,0.0,0.0,0.0,0.0,0.0,"[0, 1, 0, 0]"
deletion,0.05,0.7,0.5,44,1,False,0.0,0.0,0.3,0.3,0.7307692307692307,False,True,0,0,0.2,7,35,0.16666666666666666,0.14285714285714285,7,0.0,0.0,0.0,0.0,0.0,"[0, 2, 0, 0]"
deletion,0.05,0.7,0.5,44,2,False,0.06938775510204082,0.075,0.3333333333333333,0.3333333333333333,0.7096774193548387,False,True,0,0,0.4,9,29,0.23684210526315788,0.0625,16,0.0,0.0,0.0,0.0,0.0,"[0, 4, 0, 0]"
deletion,0.05,0.7,0.5,44,3,False,0.11602891156462584,0.13958333333333334,0.45,0.5217391304347826,0.5952380952380952,False,True,0,0,0.6,13,22,0.37142857142857144,0.1,29,0.0,0.0,0.0,0.0,0.0,"[0, 6, 0, 0]"
deletion,0.05,0.7,0.5,44,4,False,0.1682716836734694,0.2171875,0.4,0.5,0.5777777777777777,False,True,0,0,0.6,14,27,0.34146341463414637,0.4,43,0.0,0.0,0.0,0.0,0.0,"[0, 6, 0, 0]"
deletion,0.05,0.7,0.5,44,5,False,0.22620376275510207,0.26289062500000004,0.4,0.5555555555555556,0.5714285714285714,False,True,0,0,0.8,20,27,0.425531914893617,0.35,63,0.0,0.0,0.0,0.0,0.0,"[0, 8, 0, 0]"
deletion,0.05,0.7,0.5,44,6,False,0.2642956792091837,0.29716796875000007,0.25,0.53125,0.5892857142857143,False,True,0,0,0.9,15,20,0.42857142857142855,0.6,78,0.0,0.0,0.0,0.0,0.0,"[0, 9, 0, 0]"
deletion,0.05,0.7,0.5,44,7,False,0.3044717594068878,0.32912597656250003,0.1,0.4883720930232558,0.5909090909090909,False,True,0,0,1.0,21,11,0.65625,0.6,99,0.0,0.0,0.0,0.0,0.0,"[0, 10, 0, 0]"
deletion,0.05,0.7,0.5,44,8,False,0.3158538195551658,0.334344482421875,0.1,0.5102040816326531,0.5694444444444444,False,True,0,0,1.0,34,11,0.7555555555555555,0.35,133,0.0,0.0,0.0,0.0,0.0,"[0, 10, 0, 0]"
deletion,0.05,0.7,0.5,44,9,False,0.29314036466637433,0.30700836181640623,0.05,0.5,0.5584415584415584,False,True,0,0,1.0,37,13,0.74,0.5,170,0.0,0.0,0.0,0.0,0.0,"[0, 10, 0, 0]"
deletion,0.05,0.7,0.5,44,10,False,0.28860527349978077,0.2990062713623047,0.0,0.5,0.5529411764705883,False,True,0,0,1.0,33,12,0.7333333333333333,0.6,203,0.0,0.0,0.0,0.0,0.0,"[0, 10, 0, 0]"
deletion,0.05,0.7,0.5,44,11,False,0.2914539551248356,0.2992547035217285,0.0,0.5230769230769231,0.5333333333333333,False,True,0,0,1.0,30,17,0.6382978723404256,0.45,233,0.0,0.0,0.0,0.0,0.0,"[0, 10, 0, 0]"
deletion,0.05,0.7,0.5,44,12,False,0.2748404663436267,0.2806910276412964,0.0,0.5070422535211268,0.5306122448979592,False,True,0,0,1.0,28,12,0.7,0.65,261,0.0,0.0,0.0,0.0,0.0,"[0, 10, 0, 0]"
deletion,0.05,0.7,0.5,44,13,False,0.28738034975772003,0.2917682707309723,0.0,0.5189873417721519,0.5238095238095238,False,True,0,0,1.0,31,9,0.775,0.5,292,0.0,0.0,0.0,0.0,0.0,"[0, 10, 0, 0]"
deletion,0.05,0.7,0.5,44,14,False,0.27803526231829,0.2813262030482292,0.0,0.5348837209302325,0.5135135135135135,False,True,0,0,1.0,25,14,0.6410256410256411,0.45,317,0.0,0.0,0.0,0.0,0.0,"[0, 10, 0, 0]"
deletion,0.05,0.7,0.5,44,15,False,0.26477644673871753,0.2672446522861719,0.0,0.5555555555555556,0.4956521739130435,False,True,0,0,1.0,25,13,0.6578947368421053,0.35,342,0.0,0.0,0.0,0.0,0.0,"[0, 10, 0, 0]"
deletion,0.05,0.7,0.5,44,16,False,0.24233233505403814,0.2441834892146289,0.0,0.5638297872340425,0.48333333333333334,False,True,0,0,1.0,33,10,0.7674418604651163,0.45,375,0.0,0.0,0.0,0.0,0.0,"[0, 10, 0, 0]"
deletion,0.05,0.7,0.5,44,17,False,0.23799925129052862,0.23938761691097168,0.0,0.5656565656565656,0.47619047619047616,False,True,0,0,1.0,31,8,0.7948717948717948,0.55,406,0.0,0.0,0.0,0.0,0.0,"[0, 10, 0, 0]"
deletion,0.05,0.7,0.5,44,18,False,0.24724943846789646,0.24829071268322878,0.0,0.5769230769230769,0.46564885496183206,False,True,0,0,1.0,29,13,0.6904761904761905,0.45,435,0.0,0.0,0.0,0.0,0.0,"[0, 10, 0, 0]"
deletion,0.05,0.7,0.5,44,19,False,0.24168707885092236,0.24246803451242158,0.0,0.5727272727272728,0.4744525547445255,False,True,0,0,1.0,27,12,0.6923076923076923,0.4,462,0.0,0.0,0.0,0.0,0.0,"[0, 10, 0, 0]"
deletion,0.05,0.7,0.5,44,20,False,0.23126530913819177,0.23185102588431616,0.0,0.591304347826087,0.4583333333333333,False,True,0,0,1.0,24,17,0.5853658536585366,0.45,486,0.0,0.0,0.0,0.0,0.0,"[0, 10, 0, 0]"
deletion,0.05,0.7,0.5,44,21,False,0.22969898185364382,0.23013826941323712,0.0,0.5853658536585366,0.45394736842105265,False,True,0,0,1.0,27,5,0.84375,0.5,513,0.0,0.0,0.0,0.0,0.0,"[0, 10, 0, 0]"
deletion,0.05,0.7,0.5,44,22,False,0.23477423639023284,0.23510370205992784,0.0,0.5984251968503937,0.44516129032258067,False,True,0,0,1.0,35,10,0.7777777777777778,0.45,548,0.0,0.0,0.0,0.0,0.0,"[0, 10, 0, 0]"
deletion,0.05,0.7,0.5,44,23,False,0.23233067729267462,0.23257777654494588,0.0,0.5909090909090909,0.4444444444444444,False,True,0,0,1.0,29,13,0.6904761904761905,0.5,577,0.0,0.0,0.0,0.0,0.0,"[0, 10, 0, 0]"
deletion,0.05,0.7,0.5,44,24,False,0.23674800796950596,0.2369333324087094,0.0,0.6071428571428571,0.4319526627218935,False,True,0,0,1.0,26,12,0.6842105263157895,0.35,603,0.0,0.0,0.0,0.0,0.0,"[0, 10, 0, 0]"
deletion,0.05,0.7,0.5,44,25,False,0.22131100597712947,0.22144999930653203,0.0,0.6068965517241379,0.43103448275862066,False,True,0,0,1.0,31,11,0.7380952380952381,0.4,634,0.0,0.0,0.0,0.0,0.0,"[0, 10, 0, 0]"
deletion,0.05,0.7,0.5,44,26,False,0.21598325448284708,0.21608749947989903,0.0,0.6122448979591837,0.423728813559322,False,True,0,0,1.0,27,16,0.627906976744186,0.55,661,0.0,0.0,0.0,0.0,0.0,"[0, 10, 0, 0]"
deletion,0.05,0.7,0.5,44,27,False,0.23073744086213535,0.23081562460992427,0.0,0.6133333333333333,0.4262295081967213,False,True,0,0,1.0,29,16,0.6444444444444445,0.45,690,0.0,0.0,0.0,0.0,0.0,"[0, 10, 0, 0]"
deletion,0.05,0.7,0.5,44,28,False,0.2293030806466015,0.22936171845744321,0.0,0.6025641025641025,0.43617021276595747,False,True,0,0,1.0,24,12,0.6666666666666666,0.7,714,0.0,0.0,0.0,0.0,0.0,"[0, 10, 0, 0]"
deletion,0.05,0.7,0.5,44,29,False,0.25947731048495115,0.2595212888430824,0.0,0.5962732919254659,0.43523316062176165,False,True,0,0,1.0,33,7,0.825,0.45,747,0.0,0.0,0.0,0.0,0.0,"[0, 10, 0, 0]"
deletion,0.05,0.7,0.5,44,30,False,0.25085798286371336,0.2508909666323118,0.0,0.5963855421686747,0.4321608040201005,False,True,0,0,1.0,29,11,0.725,0.5,776,0.0,0.0,0.0,0.0,0.0,"[0, 10, 0, 0]"
deletion,0.05,0.7,0.5,44,31,False,0.250643487147785,0.25066822497423386,0.0,0.5964912280701754,0.4292682926829268,False,True,0,0,1.0,28,17,0.6222222222222222,0.6,804,0.0,0.0,0.0,0.0,0.0,"[0, 10, 0, 0]"
deletion,0.05,0.7,0.5,44,32,False,0.2629826153608388,0.2630011687306754,0.0,0.5865921787709497,0.4386792452830189,False,True,0,0,1.0,32,10,0.7619047619047619,0.5,836,0.0,0.0,0.0,0.0,0.0,"[0, 10, 0, 0]"
deletion,0.05,0.7,0.5,44,33,False,0.2597369615206291,0.25975087654800655,0.0,0.5860215053763441,0.43636363636363634,False,True,0,0,1.0,30,9,0.7692307692307693,0.65,866,0.0,0.0,0.0,0.0,0.0,"[0, 10, 0, 0]"
deletion,0.05,0.7,0.5,44,34,False,0.2760527211404718,0.2760631574110049,0.0,0.5789473684210527,0.4439461883408072,False,True,0,0,1.0,34,13,0.723404255319149,0.55,900,0.0,0.0,0.0,0.0,0.0,"[0, 10, 0, 0]"
deletion,0.05,0.7,0.5,44,35,False,0.2757895408553539,0.2757973680582537,0.0,0.576530612244898,0.44541484716157204,False,True,0,0,1.0,27,10,0.7297297297297297,0.45,927,0.0,0.0,0.0,0.0,0.0,"[0, 10, 0, 0]"
deletion,0.05,0.7,0.5,44,36,False,0.26309215564151545,0.2630980260436903,0.0,0.5707070707070707,0.44635193133047213,False,True,0,0,1.0,34,17,0.6666666666666666,0.5,961,0.0,0.0,0.0,0.0,0.0,"[0, 10, 0, 0]"
deletion,0.05,0.7,0.5,44,37,False,0.25981911673113656,0.2598235195327677,0.0,0.5812807881773399,0.4375,False,True,0,0,1.0,24,13,0.6486486486486487,0.5,985,0.0,0.0,0.0,0.0,0.0,"[0, 10, 0, 0]"
deletion,0.05,0.7,0.5,44,38,False,0.2573643375483524,0.25736763964957576,0.0,0.5761904761904761,0.44308943089430897,False,True,0,0,1.0,30,12,0.7142857142857143,0.65,1015,0.0,0.0,0.0,0.0,0.0,"[0, 10, 0, 0]"
deletion,0.05,0.7,0.5,44,39,False,0.27427325316126433,0.27427572973718184,0.0,0.5754716981132075,0.44223107569721115,False,True,0,0,1.0,29,10,0.7435897435897436,0.7,1044,0.0,0.0,0.0,0.0,0.0,"[0, 10, 0, 0]"
deletion,0.05,0.7,0.5,45,0,False,0.0,0.0,0.0,0.0,1.0,False,True,0,0,0.1,0,0,0.0,0.0,0,0.0,0.0,0.0,0.0,0.0,"[1, 0, 0, 0]"
deletion,0.05,0.7,0.5,45,1,False,0.0,0.0,0.35294117647058826,0.35294117647058826,0.7931034482758621,False,True,0,0,0.1,4,36,0.1,0.0,4,0.0,0.0,0.0,0.0,0.0,"[1, 0, 0, 0]"
deletion,0.05,0.7,0.5,45,2,False,0.08193277310924371,0.08823529411764706,0.3333333333333333,0.3333333333333333,0.75,False,True,0,0,0.1,1,44,0.022222222222222223,0.0,5,0.0,0.0,0.0,0.0,0.0,"[1, 0, 0, 0]"
deletion,0.05,0.7,0.5,45,3,False,0.13883053221288516,0.14950980392156862,0.35,0.4090909090909091,0.6842105263157895,False,True,0,0,0.3,1,42,0.023255813953488372,0.0,6,0.0,0.0,0.0,0.0,0.0,"[3, 0, 0, 0]"
deletion,0.05,0.7,0.5,45,4,False,0.17912289915966384,0.19963235294117646,0.3,0.46153846153846156,0.6136363636363636,False,True,0,0,0.4,9,27,0.25,0.5333333333333333,15,0.0,0.0,0.0,0.0,0.0,"[4, 0, 0, 0]"
deletion,0.05,0.7,0.5,45,5,False,0.2218421743697479,0.25389093137254903,0.25,0.4444444444444444,0.5957446808510638,False,True,0,0,0.6,23,21,0.5227272727272727,0.5,38,0.0,0.0,0.0,0.0,0.0,"[6, 0, 0, 0]"
deletion,0.05,0.7,0.5,45,6,False,0.2467387736344538,0.2841681985294118,0.2,0.45454545454545453,0.5740740740740741,False,True,0,0,0.7,22,18,0.55,0.6,60,0.0,0.0,0.0,0.0,0.0,"[7, 0, 0, 0]"
deletion,0.05,0.7,0.5,45,7,False,0.27076836594012604,0.3131261488970588,0.15,0.4722222222222222,0.5517241379310345,False,True,0,0,0.8,24,21,0.5333333333333333,0.5,84,0.0,0.0,0.0,0.0,0.0,"[8, 0, 0, 0]"
deletion,0.05,0.7,0.5,45,8,False,0.27807627445509453,0.3160946116727941,0.0,0.46511627906976744,0.5373134328358209,False,True,0,0,1.0,27,16,0.627906976744186,0.4,111,0.0,0.0,0.0,0.0,0.0,"[10, 0, 0, 0]"
deletion,0.05,0.7,0.5,45,9,False,0.2585572058413209,0.2870709587545956,0.0,0.5,0.5068493150684932,False,True,0,0,1.0,30,11,0.7317073170731707,0.7,141,0.0,0.0,0.0,0.0,0.0,"[10, 0, 0, 0]"
deletion,0.05,0.7,0.5,45,10,False,0.2814179043809907,0.30280321906594665,0.0,0.5098039215686274,0.5,False,True,0,0,1.0,31,14,0.6888888888888889,0.55,172,0.0,0.0,0.0,0.0,0.0,"[10, 0, 0, 0]"
deletion,0.05,0.7,0.5,45,11,False,0.279813428285743,0.29585241429945996,0.0,0.5178571428571429,0.49382716049382713,False,True,0,0,1.0,29,15,0.6590909090909091,0.5,201,0.0,0.0,0.0,0.0,0.0,"[10, 0, 0, 0]"
deletion,0.05,0.7,0.5,45,12,False,0.2723600712143072,0.28438931072459495,0.0,0.4838709677419355,0.5056179775280899,False,True,0,0,1.0,33,9,0.7857142857142857,0.6,234,0.0,0.0,0.0,0.0,0.0,"[10, 0, 0, 0]"
deletion,0.05,0.7,0.5,45,13,False,0.27927005341073047,0.2882919830434462,0.0,0.5074626865671642,0.4946236559139785,False,True,0,0,1.0,31,10,0.7560975609756098,0.5,265,0.0,0.0,0.0,0.0,0.0,"[10, 0, 0, 0]"
deletion,0.05,0.7,0.5,45,14,False,0.2719525400580478,0.27871898728258465,0.0,0.4794520547945205,0.504950495049505,False,True,0,0,1.0,29,13,0.6904761904761905,0.5,294,0.0,0.0,0.0,0.0,0.0,"[10, 0, 0, 0]"
deletion,0.05,0.7,0.5,45,15,False,0.26646440504353586,0.2715392404619385,0.0,0.5063291139240507,0.48148148148148145,False,True,0,0,1.0,28,17,0.6222222222222222,0.35,322,0.0,0.0,0.0,0.0,0.0,"[10, 0, 0, 0]"
deletion,0.05,0.7,0.5,45,16,False,0.2435983037826519,0.24740443034645387,0.0,0.5121951219512195,0.4732142857142857,False,True,0,0,1.0,32,17,0.6530612244897959,0.55,354,0.0,0.0,0.0,0.0,0.0,"[10, 0, 0, 0]"
deletion,0.05,0.7,0.5,45,17,False,0.2514487278369889,0.2543033227598404,0.0,0.5172413793103449,0.4745762711864407,False,True,0,0,1.0,29,18,0.6170212765957447,0.4,383,0.0,0.0,0.0,0.0,0.0,"[10, 0, 0, 0]"
deletion,0.05,0.7,0.5,45,18,False,0.2385865458777417,0.2407274920698803,0.0,0.5274725274725275,0.4672131147540984,False,True,0,0,1.0,35,11,0.7608695652173914,0.6,418,0.0,0.0,0.0,0.0,0.0,"[10, 0, 0, 0]"
deletion,0.05,0.7,0.5,45,19,False,0.2539399094083063,0.25554561905241024,0.0,0.5157894736842106,0.47244094488188976,False,True,0,0,1.0,29,15,0.6590909090909091,0.45,447,0.0,0.0,0.0,0.0,0.0,"[10, 0, 0, 0]"
deletion,0.05,0.7,0.5,45,20,False,0.24670493205622973,0.24790921428930768,0.0,0.54,0.44776119402985076,False,True,0,0,1.0,24,11,0.6857142857142857,0.6,471,0.0,0.0,0.0,0.0,0.0,"[10, 0, 0, 0]"
deletion,0.05,0.7,0.5,45,21,False,0.2600286990421723,0.26093191071698074,0.0,0.5490196078431373,0.4411764705882353,False,True,0,0,1.0,24,15,0.6153846153846154,0.6,495,0.0,0.0,0.0,0.0,0.0,"[10, 0, 0, 0]"
deletion,0.05,0.7,0.5,45,22,False,0.27002152428162923,0.27069893303773557,0.0,0.5471698113207547,0.44366197183098594,False,True,0,0,1.0,32,11,0.7441860465116279,0.6,527,0.0,0.0,0.0,0.0,0.0,"[10, 0, 0, 0]"
deletion,0.05,0.7,0.5,45,23,False,0.2775161432112219,0.2780241997783017,0.0,0.5545454545454546,0.4391891891891892,False,True,0,0,1.0,25,15,0.625,0.55,552,0.0,0.0,0.0,0.0,0.0,"[10, 0, 0, 0]"
deletion,0.05,0.7,0.5,45,24,False,0.27688710740841643,0.2772681498337263,0.0,0.5614035087719298,0.43137254901960786,False,True,0,0,1.0,38,12,0.76,0.55,590,0.0,0.0,0.0,0.0,0.0,"[10, 0, 0, 0]"
deletion,0.05,0.7,0.5,45,25,False,0.27641533055631234,0.2767011123752947,0.0,0.5689655172413793,0.4230769230769231,False,True,0,0,1.0,37,14,0.7254901960784313,0.45,627,0.0,0.0,0.0,0.0,0.0,"[10, 0, 0, 0]"
deletion,0.05,0.7,0.5,45,26,False,0.26356149791723427,0.26377583428147106,0.0,0.5887096774193549,0.4110429447852761,False,True,0,0,1.0,34,10,0.7727272727272727,0.4,661,0.0,0.0,0.0,0.0,0.0,"[10, 0, 0, 0]"
deletion,0.05,0.7,0.5,45,27,False,0.2476711234379257,0.24783187571110327,0.0,0.5769230769230769,0.42011834319526625,False,True,0,0,1.0,34,9,0.7906976744186046,0.7,695,0.0,0.0,0.0,0.0,0.0,"[10, 0, 0, 0]"
deletion,0.05,0.7,0.5,45,28,False,0.27325334257844425,0.2733739067833274,0.0,0.5507246376811594,0.43820224719101125,False,True,0,0,1.0,25,14,0.6410256410256411,0.65,720,0.0,0.0,0.0,0.0,0.0,"[10, 0, 0, 0]"
deletion,0.05,0.7,0.5,45,29,False,0.2861900069338332,0.28628043008749554,0.0,0.5571428571428572,0.4262295081967213,False,True,0,0,1.0,32,11,0.7441860465116279,0.65,752,0.0,0.0,0.0,0.0,0.0,"[10, 0, 0, 0]"
deletion,0.05,0.7,0.5,45,30,False,0.29589250520037486,0.29596032256562166,0.0,0.5675675675675675,0.42328042328042326,False,True,0,0,1.0,23,15,0.6052631578947368,0.65,775,0.0,0.0,0.0,0.0,0.0,"[10, 0, 0, 0]"
deletion,0.05,0.7,0.5,45,31,False,0.3031693789002811,0.30322024192421626,0.0,0.5657894736842105,0.4270833333333333,False,True,0,0,1.0,31,14,0.6888888888888889,0.55,806,0.0,0.0,0.0,0.0,0.0,"[10, 0, 0, 0]"
deletion,0.05,0.7,0.5,45,32,False,0.29612703417521086,0.2961651814431622,0.0,0.5641025641025641,0.4271356783919598,False,True,0,0,1.0,25,14,0.6410256410256411,0.75,831,0.0,0.0,0.0,0.0,0.0,"[10, 0, 0, 0]"
deletion,0.05,0.7,0.5,45,33,False,0.3158452756314082,0.31587388608237166,0.0,0.5625,0.4264705882352941,False,True,0,0,1.0,36,7,0.8372093023255814,0.6,867,0.0,0.0,0.0,0.0,0.0,"[10, 0, 0, 0]"
deletion,0.05,0.7,0.5,45,34,False,0.3118839567235561,0.3119054145617787,0.0,0.558282208588957,0.42788461538461536,False,True,0,0,1.0,34,11,0.7555555555555555,0.5,901,0.0,0.0,0.0,0.0,0.0,"[10, 0, 0, 0]"
deletion,0.05,0.7,0.5,45,35,False,0.29641296754266705,0.29642906092133403,0.0,0.562874251497006,0.42452830188679247,False,True,0,0,1.0,33,13,0.717391304347826,0.5,934,0.0,0.0,0.0,0.0,0.0,"[10, 0, 0, 0]"
deletion,0.05,0.7,0.5,45,36,False,0.2848097256570003,0.2848217956910005,0.0,0.5664739884393064,0.42201834862385323,False,True,0,0,1.0,29,7,0.8055555555555556,0.55,963,0.0,0.0,0.0,0.0,0.0,"[10, 0, 0, 0]"
deletion,0.05,0.7,0.5,45,37,False,0.28235729424275025,0.2823663467682504,0.0,0.5642458100558659,0.42410714285714285,False,True,0,0,1.0,27,10,0.7297297297297297,0.55,990,0.0,0.0,0.0,0.0,0.0,"[10, 0, 0, 0]"
deletion,0.05,0.7,0.5,45,38,False,0.2805179706820627,0.28052476007618776,0.0,0.5604395604395604,0.42731277533039647,False,True,0,0,1.0,33,9,0.7857142857142857,0.6,1023,0.0,0.0,0.0,0.0,0.0,"[10, 0, 0, 0]"
deletion,0.05,0.7,0.5,45,39,False,0.285388478011547,0.28539357005714083,0.0,0.5614973262032086,0.4267241379310345,False,True,0,0,1.0,36,11,0.7659574468085106,0.5,1059,0.0,0.0,0.0,0.0,0.0,"[10, 0, 0, 0]"
deletion,0.05,0.7,0.5,46,0,False,0.0,0.0,0.0,0.0,1.0,False,True,0,0,0.1,0,0,0.0,0.0,0,0.0,0.015000000000000001,0.05,0.035,0.0,"[0, 0, 1, 0]"
deletion,0.05,0.7,0.5,46,1,False,0.0,0.0,0.2222222222222222,0.2222222222222222,0.8333333333333334,False,True,0,0,0.2,3,43,0.06521739130434782,0.0,3,0.0,0.015000000000000001,0.030000000000000002,0.015000000000000001,0.0,"[0, 1, 1, 0]"
deletion,0.05,0.7,0.5,46,2,False,0.051587301587301584,0.05555555555555555,0.38461538461538464,0.38461538461538464,0.71875,False,True,0,0,0.3,6,29,0.17142857142857143,0.0,9,0.0,0.015000000000000001,0.023333333333333334,0.008333333333333333,0.0,"[0, 2, 1, 0]"
deletion,0.05,0.7,0.5,46,3,False,0.11423992673992675,0.13782051282051283,0.42857142857142855,0.42857142857142855,0.6944444444444444,False,True,0,0,0.5,9,30,0.23076923076923078,0.05555555555555555,18,0.0,0.015000000000000001,0.026000000000000002,0.011000000000000001,0.0,"[0, 3, 2, 0]"
deletion,0.05,0.7,0.5,46,4,False,0.1651867477760335,0.21050824175824176,0.6,0.6,0.5813953488372093,False,True,0,0,0.7,15,19,0.4411764705882353,0.030303030303030304,33,0.0,0.015000000000000001,0.02,0.004999999999999999,0.0,"[0, 4, 2, 1]"
deletion,0.05,0.7,0.5,46,5,False,0.22299720368916795,0.3078811813186813,0.6,0.6190476190476191,0.5555555555555556,False,True,0,0,0.8,15,24,0.38461538461538464,0.02702702702702703,48,0.0,0.015000000000000001,0.0175,0.0025000000000000005,0.0,"[0, 4, 2, 2]"
deletion,0.05,0.7,0.5,46,6,False,0.2449264741954474,0.305910885989011,0.6,0.6666666666666666,0.5098039215686274,False,True,0,0,0.8,22,18,0.55,0.14893617021276595,70,0.0,0.015000000000000001,0.0175,0.0025000000000000005,0.0,"[0, 4, 2, 2]"
deletion,0.05,0.7,0.5,46,7,False,0.27744485564658555,0.3141987894917582,0.55,0.6666666666666666,0.4909090909090909,False,True,0,0,0.8,22,22,0.5,0.11538461538461539,92,0.0,0.015000000000000001,0.0175,0.0025000000000000005,0.0,"[0, 4, 2, 2]"
deletion,0.05,0.7,0.5,46,8,False,0.29230983221112966,0.3293990921188187,0.55,0.7,0.4576271186440678,False,True,0,0,0.9,23,21,0.5227272727272727,0.12727272727272726,115,0.0,0.015000000000000001,0.021111111111111112,0.0061111111111111106,0.0,"[0, 4, 3, 2]"
deletion,0.05,0.7,0.5,46,9,False,0.30554189796787107,0.347049319089114,0.45,0.6944444444444444,0.4393939393939394,True,True,1,0,0.9,21,14,0.6,0.23076923076923078,57,0.0,0.015000000000000001,0.01888888888888889,0.003888888888888888,0.0,"[2, 2, 3, 2]"
deletion,0.05,0.7,0.5,46,10,False,0.3258669497916928,0.3727869893168355,0.45,0.717948717948718,0.42028985507246375,True,True,2,0,0.9,17,21,0.4473684210526316,0.3181818181818182,27,0.0,0.015000000000000001,0.0022222222222222222,-0.012777777777777779,0.0,"[3, 2, 0, 4]"
deletion,0.05,0.7,0.5,46,11,False,0.3622573552009124,0.46084024198762663,0.35,0.7111111111111111,0.4025974025974026,False,True,2,0,0.9,22,18,0.55,0.4444444444444444,49,0.0,0.015000000000000001,0.0022222222222222222,-0.012777777777777779,0.0,"[3, 2, 0, 4]"
deletion,0.05,0.7,0.5,46,12,False,0.37139539735306526,0.48938018149072,0.3,0.7021276595744681,0.4050632911392405,False,True,2,0,0.9,26,20,0.5652173913043478,0.5094339622641509,75,0.0,0.015000000000000001,0.0022222222222222222,-0.012777777777777779,0.0,"[3, 2, 0, 4]"
deletion,0.05,0.7,0.5,46,13,False,0.37112896559721653,0.51078513611804,0.25,0.7,0.39759036144578314,False,True,2,0,0.9,24,14,0.631578947368421,0.55,99,0.0,0.015000000000000001,0.0022222222222222222,-0.012777777777777779,0.0,"[3, 2, 0, 4]"
deletion,0.05,0.7,0.5,46,14,False,0.3703110099121981,0.52058885208853,0.3,0.7169811320754716,0.3793103448275862,False,True,2,0,0.9,21,21,0.5,0.5666666666666667,120,0.0,0.015000000000000001,0.0022222222222222222,-0.012777777777777779,0.0,"[3, 2, 0, 4]"
deletion,0.05,0.7,0.5,46,15,False,0.3768404002912914,0.5341916390663974,0.25,0.7166666666666667,0.3723404255319149,False,True,2,0,0.9,25,15,0.625,0.43333333333333335,145,0.0,0.015000000000000001,0.0022222222222222222,-0.012777777777777779,0.0,"[3, 2, 0, 4]"
deletion,0.05,0.7,0.5,46,16,False,0.3585231573613257,0.5256437292997981,0.2,0.7096774193548387,0.3673469387755102,False,True,2,0,0.9,26,22,0.5416666666666666,0.4166666666666667,171,0.0,0.015000000000000001,0.0022222222222222222,-0.012777777777777779,0.0,"[3, 2, 0, 4]"
deletion,0.05,0.7,0.5,46,17,False,0.34210665373528,0.5067327969748485,0.2,0.7272727272727273,0.35294117647058826,False,True,2,0,0.9,20,18,0.5263157894736842,0.43333333333333335,191,0.0,0.015000000000000001,0.0022222222222222222,-0.012777777777777779,0.0,"[3, 2, 0, 4]"
deletion,0.05,0.7,0.5,46,18,False,0.33157999030146,0.4800495977311364,0.2,0.7272727272727273,0.34951456310679613,False,True,2,0,0.9,30,17,0.6382978723404256,0.48333333333333334,221,0.0,0.015000000000000001,0.0022222222222222222,-0.012777777777777779,0.0,"[3, 2, 0, 4]"
deletion,0.05,0.7,0.5,46,19,False,0.32011356415466646,0.47253719829835233,0.2,0.7464788732394366,0.3364485981308411,False,True,2,0,0.9,26,16,0.6190476190476191,0.4666666666666667,247,0.0,0.015000000000000001,0.0022222222222222222,-0.012777777777777779,0.0,"[3, 2, 0, 4]"
deletion,0.05,0.7,0.5,46,20,False,0.31597803025885696,0.4669028987237642,0.2,0.76,0.32432432432432434,False,True,2,0,0.9,16,21,0.43243243243243246,0.4166666666666667,263,0.0,0.015000000000000001,0.0022222222222222222,-0.012777777777777779,0.0,"[3, 2, 0, 4]"
deletion,0.05,0.7,0.5,46,21,False,0.30841209412271414,0.46892717404282314,0.15,0.7532467532467533,0.32456140350877194,False,True,2,0,1.0,24,17,0.5853658536585366,0.43333333333333335,287,0.0,0.015000000000000001,0.003,-0.012,0.0,"[3, 3, 0, 4]"
deletion,0.05,0.7,0.5,46,22,False,0.30273764202060705,0.46419538053211734,0.15,0.7682926829268293,0.30327868852459017,True,True,3,0,1.0,29,9,0.7631578947368421,0.475,222,0.0,0.015000000000000001,0.006,-0.009000000000000001,0.0,"[4, 1, 1, 4]"
deletion,0.05,0.7,0.5,46,23,False,0.300267517229741,0.460646535399088,0.15,0.7764705882352941,0.29365079365079366,False,True,3,0,1.0,28,13,0.6829268292682927,0.4222222222222222,250,0.0,0.015000000000000001,0.006,-0.009000000000000001,0.0,"[4, 1, 1, 4]"
deletion,0.05,0.7,0.5,46,24,False,0.2841292093508772,0.432984901549316,0.1,0.7802197802197802,0.2900763358778626,False,True,3,0,1.0,29,12,0.7073170731707317,0.46153846153846156,279,0.0,0.015000000000000001,0.006,-0.009000000000000001,0.0,"[4, 1, 1, 4]"
deletion,0.05,0.7,0.5,46,25,False,0.2586326212988722,0.405988676161987,0.05,0.7789473684210526,0.28888888888888886,False,True,3,0,1.0,33,13,0.717391304347826,0.5666666666666667,312,0.0,0.015000000000000001,0.006,-0.009000000000000001,0.0,"[4, 1, 1, 4]"
deletion,0.05,0.7,0.5,46,26,False,0.23951018025986842,0.38574150712149025,0.0,0.7524752475247525,0.3049645390070922,False,True,3,0,1.0,32,9,0.7804878048780488,0.6060606060606061,344,0.0,0.015000000000000001,0.006,-0.009000000000000001,0.0,"[4, 1, 1, 4]"
deletion,0.05,0.7,0.5,46,27,False,0.22963263519490132,0.3643061303411177,0.0,0.7358490566037735,0.3129251700680272,False,True,3,0,1.0,30,15,0.6666666666666666,0.5294117647058824,374,0.0,0.015000000000000001,0.006,-0.009000000000000001,0.0,"[4, 1, 1, 4]"
deletion,0.05,0.7,0.5,46,28,False,0.20883161925331883,0.3169795977558383,0.0,0.6974789915966386,0.33962264150943394,False,True,3,0,1.0,24,8,0.75,0.5362318840579711,398,0.0,0.015000000000000001,0.006,-0.009000000000000001,0.0,"[4, 1, 1, 4]"
deletion,0.05,0.7,0.5,46,29,False,0.19233800015427485,0.2877346983168787,0.0,0.6774193548387096,0.35542168674698793,True,True,4,0,1.0,28,18,0.6086956521739131,0.55,413,0.0,0.015000000000000001,0.005,-0.010000000000000002,0.0,"[4, 0, 1, 5]"
deletion,0.05,0.7,0.5,46,30,False,0.18353921440142043,0.265801023737659,0.0,0.6850393700787402,0.34502923976608185,False,True,4,0,1.0,31,19,0.62,0.6166666666666667,444,0.0,0.015000000000000001,0.005,-0.010000000000000002,0.0,"[4, 0, 1, 5]"
deletion,0.05,0.7,0.5,46,31,False,0.18765441080106532,0.27435076780324424,0.0,0.6766917293233082,0.3502824858757062,False,True,4,0,1.0,27,18,0.6,0.5666666666666667,471,0.0,0.015000000000000001,0.005,-0.010000000000000002,0.0,"[4, 0, 1, 5]"
deletion,0.05,0.7,0.5,46,32,False,0.1827050938150847,0.2620130758524332,0.0,0.6595744680851063,0.3621621621621622,False,True,4,0,1.0,26,11,0.7027027027027027,0.55,497,0.0,0.015000000000000001,0.005,-0.010000000000000002,0.0,"[4, 0, 1, 5]"
deletion,0.05,0.7,0.5,46,33,False,0.17631453464702782,0.2465098068893249,0.0,0.6486486486486487,0.3697916666666667,True,True,5,0,1.0,26,14,0.65,0.375,465,0.0,0.015000000000000001,0.0,-0.015000000000000001,0.0,"[5, 0, 0, 5]"
deletion,0.05,0.7,0.5,46,34,False,0.176878758128128,0.24738235516699367,0.0,0.6339869281045751,0.38071065989847713,False,True,5,0,1.0,34,12,0.7391304347826086,0.525,499,0.0,0.015000000000000001,0.0,-0.015000000000000001,0.0,"[5, 0, 0, 5]"
deletion,0.05,0.7,0.5,46,35,False,0.19605192573895316,0.26678676637524523,0.0,0.6149068322981367,0.3932038834951456,False,True,5,0,1.0,20,12,0.625,0.65,519,0.0,0.015000000000000001,0.0,-0.015000000000000001,0.0,"[5, 0, 0, 5]"
deletion,0.05,0.7,0.5,46,36,False,0.2265032300185006,0.2938400747814339,0.0,0.6130952380952381,0.39622641509433965,False,True,5,0,1.0,24,10,0.7058823529411765,0.475,543,0.0,0.015000000000000001,0.0,-0.015000000000000001,0.0,"[5, 0, 0, 5]"
deletion,0.05,0.7,0.5,46,37,False,0.22969885108530402,0.27663005608607544,0.0,0.6091954022988506,0.39908256880733944,False,True,5,0,1.0,25,10,0.7142857142857143,0.45,568,0.0,0.015000000000000001,0.0,-0.015000000000000001,0.0,"[5, 0, 0, 5]"
deletion,0.05,0.7,0.5,46,38,False,0.22673842402826372,0.27622254206455654,0.0,0.6145251396648045,0.39285714285714285,False,True,5,0,1.0,31,10,0.7560975609756098,0.35,599,0.0,0.015000000000000001,0.0,-0.015000000000000001,0.0,"[5, 0, 0, 5]"
deletion,0.05,0.7,0.5,46,39,False,0.2102323894497692,0.2759169065484174,0.0,0.6120218579234973,0.39473684210526316,False,True,5,0,1.0,28,14,0.6666666666666666,0.4,627,0.0,0.015000000000000001,0.0,-0.015000000000000001,0.0,"[5, 0, 0, 5]"
deletion,0.05,0.7,0.5,47,0,False,0.0,0.0,0.0,0.0,1.0,False,True,0,0,0.2,0,0,0.0,0.0,0,0.0,0.065,0.125,0.06,0.0,"[0, 0, 1, 1]"
deletion,0.05,0.7,0.5,47,1,False,0.0,0.0,0.2857142857142857,0.2857142857142857,0.8461538461538461,False,True,0,0,0.3,2,37,0.05128205128205128,0.0,2,0.0,0.065,0.15,0.08499999999999999,0.0,"[0, 0, 1, 2]"
deletion,0.05,0.7,0.5,47,2,False,0.06632653061224489,0.07142857142857142,0.35,0.35,0.7941176470588235,True,True,1,0,0.3,6,28,0.17647058823529413,0.0,2,0.0,0.065,0.08333333333333333,0.018333333333333326,0.0,"[1, 0, 1, 1]"
deletion,0.05,0.7,0.5,47,3,False,0.13099489795918368,0.14107142857142857,0.35,0.4090909090909091,0.675,False,True,1,0,0.5,4,36,0.1,0.0,6,0.0,0.065,0.052000000000000005,-0.012999999999999998,0.0,"[2, 1, 1, 1]"
deletion,0.05,0.7,0.5,47,4,False,0.17324617346938773,0.1933035714285714,0.35,0.48,0.6,True,True,2,0,0.7,12,27,0.3076923076923077,0.15384615384615385,13,0.0,0.065,0.02428571428571429,-0.04071428571428572,0.0,"[2, 2, 3, 0]"
deletion,0.05,0.7,0.5,47,5,False,0.20314891581632652,0.23247767857142856,0.2,0.4666666666666667,0.5882352941176471,False,True,2,0,0.9,17,25,0.40476190476190477,0.5333333333333333,30,0.0,0.065,0.020000000000000004,-0.045,0.0,"[3, 3, 3, 0]"
deletion,0.05,0.7,0.5,47,6,False,0.23491663191718995,0.2618582589285714,0.05,0.4444444444444444,0.576271186440678,True,True,3,0,1.0,37,8,0.8222222222222222,0.5675675675675675,42,0.0,0.065,0.006,-0.059000000000000004,0.0,"[4, 6, 0, 0]"
deletion,0.05,0.7,0.5,47,7,False,0.24073579326562353,0.2802804129464286,0.05,0.47619047619047616,0.5373134328358209,False,True,3,0,1.0,25,13,0.6578947368421053,0.65,67,0.0,0.065,0.006,-0.059000000000000004,0.0,"[4, 6, 0, 0]"
deletion,0.05,0.7,0.5,47,8,False,0.2600161306635034,0.3164603097098214,0.0,0.49019607843137253,0.5263157894736842,False,True,3,0,1.0,28,9,0.7567567567567568,0.475,95,0.0,0.065,0.006,-0.059000000000000004,0.0,"[4, 6, 0, 0]"
deletion,0.05,0.7,0.5,47,9,False,0.23965495514048468,0.33109523228236604,0.0,0.5172413793103449,0.5060240963855421,False,True,3,0,1.0,29,11,0.725,0.55,124,0.0,0.065,0.006,-0.059000000000000004,0.0,"[4, 6, 0, 0]"
deletion,0.05,0.7,0.5,47,10,False,0.24313407349822064,0.32957142421177454,0.0,0.5081967213114754,0.5057471264367817,False,True,3,0,1.0,30,17,0.6382978723404256,0.475,154,0.0,0.065,0.006,-0.059000000000000004,0.0,"[4, 6, 0, 0]"
deletion,0.05,0.7,0.5,47,11,False,0.2350291265522369,0.3221785681588309,0.0,0.5507246376811594,0.47368421052631576,False,True,3,0,1.0,30,9,0.7692307692307693,0.5,184,0.0,0.065,0.006,-0.059000000000000004,0.0,"[4, 6, 0, 0]"
deletion,0.05,0.7,0.5,47,12,False,0.2307361306284634,0.32288392611912314,0.0,0.5616438356164384,0.46464646464646464,False,True,3,0,1.0,35,16,0.6862745098039216,0.475,219,0.0,0.065,0.006,-0.059000000000000004,0.0,"[4, 6, 0, 0]"
deletion,0.05,0.7,0.5,47,13,False,0.23108781225706185,0.30466294458934234,0.0,0.5714285714285714,0.44339622641509435,False,True,3,0,1.0,24,13,0.6486486486486487,0.6,243,0.0,0.065,0.006,-0.059000000000000004,0.0,"[4, 6, 0, 0]"
deletion,0.05,0.7,0.5,47,14,False,0.2429587163356535,0.31599720844200674,0.0,0.5903614457831325,0.43243243243243246,False,True,3,0,1.0,22,18,0.55,0.525,265,0.0,0.065,0.006,-0.059000000000000004,0.0,"[4, 6, 0, 0]"
deletion,0.05,0.7,0.5,47,15,False,0.2357904658231687,0.3307479063315051,0.0,0.5909090909090909,0.42735042735042733,True,True,4,0,1.0,30,11,0.7317073170731707,0.65,112,0.0,0.065,0.062,-0.0030000000000000027,0.0,"[5, 2, 0, 3]"
deletion,0.05,0.7,0.5,47,16,False,0.2116642779388051,0.3293109297486288,0.0,0.5869565217391305,0.4344262295081967,True,True,5,0,1.0,25,18,0.5813953488372093,0.55,128,0.0,0.065,0.027000000000000003,-0.038,0.0,"[6, 2, 1, 1]"
deletion,0.05,0.7,0.5,47,17,False,0.18821249416838956,0.31573319731147165,0.0,0.5876288659793815,0.4330708661417323,False,True,5,0,1.0,30,10,0.75,0.5,158,0.0,0.065,0.027000000000000003,-0.038,0.0,"[6, 2, 1, 1]"
deletion,0.05,0.7,0.5,47,18,False,0.18530619602311754,0.33054989798360374,0.0,0.58,0.4318181818181818,True,True,6,0,1.0,31,15,0.6739130434782609,0.4523809523809524,185,0.0,0.065,0.012,-0.053000000000000005,0.0,"[6, 2, 2, 0]"
deletion,0.05,0.7,0.5,47,19,False,0.18778917082686197,0.3479124234877028,0.0,0.5904761904761905,0.4233576642335766,True,True,7,0,1.0,33,13,0.717391304347826,0.5555555555555556,191,0.0,0.065,0.015000000000000003,-0.05,0.0,"[7, 0, 3, 0]"
deletion,0.05,0.7,0.5,47,20,False,0.19441330669157506,0.3546843176157771,0.0,0.5739130434782609,0.43537414965986393,False,True,7,0,1.0,22,8,0.7333333333333333,0.39473684210526316,213,0.0,0.065,0.015000000000000003,-0.05,0.0,"[7, 0, 3, 0]"
deletion,0.05,0.7,0.5,47,21,False,0.19938140859010986,0.35976323821183287,0.0,0.5772357723577236,0.432258064516129,True,True,8,0,1.0,29,14,0.6744186046511628,0.55,214,0.0,0.065,0.015000000000000003,-0.05,0.0,"[7, 0, 3, 0]"
deletion,0.05,0.7,0.5,47,22,False,0.18882177072829667,0.3385724286588746,0.0,0.578125,0.4294478527607362,False,True,8,0,1.0,19,25,0.4318181818181818,0.65,233,0.0,0.065,0.015000000000000003,-0.05,0.0,"[7, 0, 3, 0]"
deletion,0.05,0.7,0.5,47,23,False,0.18804489947479394,0.3351793214941559,0.0,0.5597014925373134,0.44642857142857145,False,True,8,0,1.0,31,9,0.775,0.4827586206896552,264,0.0,0.065,0.015000000000000003,-0.05,0.0,"[7, 0, 3, 0]"
deletion,0.05,0.7,0.5,47,24,False,0.19103367460609544,0.3388844911206169,0.0,0.5571428571428572,0.44571428571428573,True,True,9,0,1.0,25,14,0.6410256410256411,0.7,270,0.0,0.065,0.001,-0.064,0.0,"[9, 1, 0, 0]"
deletion,0.05,0.7,0.5,47,25,False,0.2182752559545716,0.34166336834046274,0.0,0.5586206896551724,0.4419889502762431,False,True,9,0,1.0,30,9,0.7692307692307693,0.35,300,0.0,0.065,0.001,-0.064,0.0,"[9, 1, 0, 0]"
deletion,0.05,0.7,0.5,47,26,False,0.2012064419659287,0.2999975262553471,0.0,0.5637583892617449,0.44021739130434784,False,True,9,0,1.0,28,15,0.6511627906976745,0.5714285714285714,328,0.0,0.065,0.001,-0.064,0.0,"[9, 1, 0, 0]"
deletion,0.05,0.7,0.5,47,27,False,0.21519054576016083,0.2999981446915103,0.0,0.5723684210526315,0.43386243386243384,False,True,9,0,1.0,28,21,0.5714285714285714,0.44,356,0.0,0.065,0.001,-0.064,0.0,"[9, 1, 0, 0]"
deletion,0.05,0.7,0.5,47,28,False,0.22032148074869204,0.2937486085186327,0.0,0.5521472392638037,0.4472361809045226,False,True,9,0,1.0,23,12,0.6571428571428571,0.38461538461538464,379,0.0,0.065,0.001,-0.064,0.0,"[9, 1, 0, 0]"
deletion,0.05,0.7,0.5,47,29,False,0.2188125391329476,0.28281145638897454,0.0,0.5542168674698795,0.45365853658536587,False,True,9,0,1.0,31,15,0.6739130434782609,0.4444444444444444,410,0.0,0.065,0.001,-0.064,0.0,"[9, 1, 0, 0]"
deletion,0.05,0.7,0.5,47,30,False,0.2255889961864454,0.28085859229173094,0.0,0.5555555555555556,0.44549763033175355,False,True,9,0,1.0,29,14,0.6744186046511628,0.3103448275862069,439,0.0,0.065,0.001,-0.064,0.0,"[9, 1, 0, 0]"
deletion,0.05,0.7,0.5,47,31,False,0.2140330169811039,0.2606439442187982,0.0,0.5657142857142857,0.4372093023255814,False,True,9,0,1.0,31,12,0.7209302325581395,0.3548387096774194,470,0.0,0.065,0.001,-0.064,0.0,"[9, 1, 0, 0]"
deletion,0.05,0.7,0.5,47,32,False,0.21571956793063313,0.25798295816409866,0.0,0.5586592178770949,0.44495412844036697,False,True,9,0,1.0,32,8,0.8,0.45454545454545453,502,0.0,0.065,0.001,-0.064,0.0,"[9, 1, 0, 0]"
deletion,0.05,0.7,0.5,47,33,False,0.2381633023216012,0.28098721862307396,0.0,0.5628415300546448,0.43946188340807174,False,True,9,0,1.0,25,12,0.6756756756756757,0.4,527,0.0,0.065,0.001,-0.064,0.0,"[9, 1, 0, 0]"
deletion,0.05,0.7,0.5,47,34,False,0.24945581007453424,0.29199041396730546,0.0,0.5555555555555556,0.4473684210526316,False,True,9,0,1.0,31,14,0.6888888888888889,0.35135135135135137,558,0.0,0.065,0.001,-0.064,0.0,"[9, 1, 0, 0]"
deletion,0.05,0.7,0.5,47,35,False,0.2524279920096822,0.2939928104754791,0.0,0.5549738219895288,0.44782608695652176,False,True,9,0,1.0,28,13,0.6829268292682927,0.3,586,0.0,0.065,0.001,-0.064,0.0,"[9, 1, 0, 0]"
deletion,0.05,0.7,0.5,47,36,False,0.24914242257869024,0.2892446078566093,0.0,0.5515463917525774,0.45064377682403434,False,True,9,0,1.0,29,15,0.6590909090909091,0.325,615,0.0,0.065,0.001,-0.064,0.0,"[9, 1, 0, 0]"
deletion,0.05,0.7,0.5,47,37,False,0.2520353883625891,0.291933455892457,0.0,0.5577889447236181,0.44537815126050423,False,True,9,0,1.0,28,10,0.7368421052631579,0.3,643,0.0,0.065,0.001,-0.064,0.0,"[9, 1, 0, 0]"
deletion,0.05,0.7,0.5,47,38,False,0.2533122555576561,0.29395009191934274,0.0,0.551219512195122,0.4489795918367347,False,True,9,0,1.0,25,14,0.6410256410256411,0.325,668,0.0,0.065,0.001,-0.064,0.0,"[9, 1, 0, 0]"
deletion,0.05,0.7,0.5,47,39,False,0.2596270488110992,0.30171256893950704,0.0,0.5502392344497608,0.44621513944223107,False,True,9,0,1.0,30,17,0.6382978723404256,0.275,698,0.0,0.065,0.001,-0.064,0.0,"[9, 1, 0, 0]"
deletion,0.05,0.7,0.5,48,0,False,0.0,0.0,0.0,0.0,1.0,False,True,0,0,0.0,0,0,0.0,0.0,0,0.0,0.015000000000000001,0.015000000000000001,0.0,0.0,"[0, 0, 0, 0]"
deletion,0.05,0.7,0.5,48,1,False,0.0,0.0,0.2,0.2,0.9047619047619048,False,True,0,0,0.0,0,42,0.0,0.0,0,0.0,0.015000000000000001,0.015000000000000001,0.0,0.0,"[0, 0, 0, 0]"
deletion,0.05,0.7,0.5,48,2,False,0.05,0.05,0.23076923076923078,0.23076923076923078,0.7931034482758621,False,True,0,0,0.0,0,36,0.0,0.0,0,0.0,0.015000000000000001,0.015000000000000001,0.0,0.0,"[0, 0, 0, 0]"
deletion,0.05,0.7,0.5,48,3,False,0.0951923076923077,0.0951923076923077,0.3888888888888889,0.3888888888888889,0.6666666666666666,False,True,0,0,0.0,0,38,0.0,0.0,0,0.0,0.015000000000000001,0.015000000000000001,0.0,0.0,"[0, 0, 0, 0]"
deletion,0.05,0.7,0.5,48,4,False,0.16861645299145303,0.168616452991453,0.45,0.47619047619047616,0.6153846153846154,False,True,0,0,0.1,0,43,0.0,0.0,0,0.0,0.015000000000000001,0.01,-0.005000000000000001,0.0,"[0, 1, 0, 0]"
deletion,0.05,0.7,0.5,48,5,False,0.23896233974358977,0.23896233974358977,0.45,0.47619047619047616,0.6190476190476191,False,True,0,0,0.1,0,39,0.0,0.0,0,0.0,0.015000000000000001,0.01,-0.005000000000000001,0.0,"[0, 1, 0, 0]"
deletion,0.05,0.7,0.5,48,6,False,0.2917217548076923,0.2917217548076923,0.45,0.5416666666666666,0.5416666666666666,False,True,0,0,0.1,0,40,0.0,0.0,0,0.0,0.015000000000000001,0.01,-0.005000000000000001,0.0,"[0, 1, 0, 0]"
deletion,0.05,0.7,0.5,48,7,False,0.33129131610576923,0.33129131610576923,0.45,0.5769230769230769,0.5192307692307693,False,True,0,0,0.3,0,44,0.0,0.0,0,0.0,0.015000000000000001,0.01,-0.005000000000000001,0.0,"[0, 3, 0, 0]"
deletion,0.05,0.7,0.5,48,8,False,0.36096848707932694,0.36096848707932694,0.45,0.6071428571428571,0.49122807017543857,False,True,0,0,0.5,4,38,0.09523809523809523,0.0,4,0.0,0.015000000000000001,0.008,-0.007000000000000001,0.0,"[1, 4, 0, 0]"
deletion,0.05,0.7,0.5,48,9,False,0.3591192224523524,0.3832263653094952,0.35,0.59375,0.4838709677419355,False,True,0,0,0.5,11,33,0.25,0.4,15,0.0,0.015000000000000001,0.008,-0.007000000000000001,0.0,"[1, 4, 0, 0]"
deletion,0.05,0.7,0.5,48,10,False,0.347829676579524,0.3749197739821214,0.35,0.6060606060606061,0.46875,False,True,0,0,0.7,8,33,0.1951219512195122,0.5652173913043478,23,0.0,0.015000000000000001,0.008571428571428572,-0.006428571428571429,0.0,"[1, 6, 0, 0]"
deletion,0.05,0.7,0.5,48,11,False,0.34263246151627563,0.3686898304865911,0.25,0.6153846153846154,0.4507042253521127,True,True,1,0,0.9,15,31,0.32608695652173914,1.0,12,0.0,0.015000000000000001,0.014444444444444446,-0.0005555555555555557,0.0,"[4, 3, 2, 0]"
deletion,0.05,0.7,0.5,48,12,False,0.346260060422921,0.4327673728649433,0.15,0.6222222222222222,0.4473684210526316,False,True,1,0,1.0,24,20,0.5454545454545454,0.7857142857142857,36,0.0,0.015000000000000001,0.013000000000000001,-0.002,0.0,"[4, 3, 2, 1]"
deletion,0.05,0.7,0.5,48,13,False,0.33157004531719075,0.4370755296487075,0.0,0.5918367346938775,0.4567901234567901,False,True,1,0,1.0,30,11,0.7317073170731707,0.7368421052631579,66,0.0,0.015000000000000001,0.013000000000000001,-0.002,0.0,"[4, 3, 2, 1]"
deletion,0.05,0.7,0.5,48,14,False,0.3233112336215927,0.42155664723653063,0.05,0.5454545454545454,0.4772727272727273,True,True,2,0,1.0,28,11,0.717948717948718,0.4642857142857143,74,0.0,0.015000000000000001,0.004,-0.011000000000000001,0.0,"[4, 4, 0, 2]"
deletion,0.05,0.7,0.5,48,15,False,0.2906977109304803,0.391167485427398,0.05,0.5573770491803278,0.46808510638297873,False,True,2,0,1.0,26,13,0.6666666666666666,0.4878048780487805,100,0.0,0.015000000000000001,0.004,-0.011000000000000001,0.0,"[4, 4, 0, 2]"
deletion,0.05,0.7,0.5,48,16,False,0.2750849715095485,0.3683756140705485,0.0,0.546875,0.46938775510204084,False,True,2,0,1.0,35,13,0.7291666666666666,0.47368421052631576,135,0.0,0.015000000000000001,0.004,-0.011000000000000001,0.0,"[4, 4, 0, 2]"
deletion,0.05,0.7,0.5,48,17,False,0.2544862432520444,0.35753171055291133,0.0,0.5797101449275363,0.44660194174757284,False,True,2,0,1.0,38,11,0.7755102040816326,0.45,173,0.0,0.015000000000000001,0.004,-0.011000000000000001,0.0,"[4, 4, 0, 2]"
deletion,0.05,0.7,0.5,48,18,False,0.23282896815331902,0.33689878291468345,0.0,0.5733333333333334,0.44144144144144143,False,True,2,0,1.0,26,16,0.6190476190476191,0.4666666666666667,199,0.0,0.015000000000000001,0.004,-0.011000000000000001,0.0,"[4, 4, 0, 2]"
deletion,0.05,0.7,0.5,48,19,False,0.21747886897213212,0.32142408718601256,0.0,0.5833333333333334,0.4406779661016949,False,True,2,0,1.0,27,9,0.75,0.5,226,0.0,0.015000000000000001,0.004,-0.011000000000000001,0.0,"[4, 4, 0, 2]"
deletion,0.05,0.7,0.5,48,20,False,0.20864486601481338,0.31606806538950943,0.0,0.5882352941176471,0.43333333333333335,False,True,2,0,1.0,23,14,0.6216216216216216,0.5333333333333333,249,0.0,0.015000000000000001,0.004,-0.011000000000000001,0.0,"[4, 4, 0, 2]"
deletion,0.05,0.7,0.5,48,21,False,0.20380507808253862,0.3411395397016725,0.0,0.5795454545454546,0.43902439024390244,False,True,2,0,1.0,28,9,0.7567567567567568,0.5333333333333333,277,0.0,0.015000000000000001,0.004,-0.011000000000000001,0.0,"[4, 4, 0, 2]"
deletion,0.05,0.7,0.5,48,22,False,0.19928237999047535,0.35585465477625433,0.0,0.574468085106383,0.43846153846153846,True,True,3,0,1.0,31,12,0.7209302325581395,0.6,240,0.0,0.015000000000000001,0.001,-0.014000000000000002,0.0,"[5, 1, 0, 4]"
deletion,0.05,0.7,0.5,48,23,False,0.2137474992785708,0.3481409910821907,0.0,0.5825242718446602,0.43478260869565216,False,True,3,0,1.0,24,19,0.5581395348837209,0.6,264,0.0,0.015000000000000001,0.001,-0.014000000000000002,0.0,"[5, 1, 0, 4]"
deletion,0.05,0.7,0.5,48,24,False,0.22459633874464238,0.32360574331164305,0.0,0.580952380952381,0.43356643356643354,False,True,3,0,1.0,31,11,0.7380952380952381,0.4878048780487805,295,0.0,0.015000000000000001,0.001,-0.014000000000000002,0.0,"[5, 1, 0, 4]"
deletion,0.05,0.7,0.5,48,25,False,0.22201868262991037,0.3052043074837323,0.0,0.5803571428571429,0.43243243243243246,False,True,3,0,1.0,28,12,0.7,0.4772727272727273,323,0.0,0.015000000000000001,0.001,-0.014000000000000002,0.0,"[5, 1, 0, 4]"
deletion,0.05,0.7,0.5,48,26,False,0.22276401197243278,0.29558437980199037,0.0,0.5603448275862069,0.4473684210526316,False,True,3,0,1.0,36,13,0.7346938775510204,0.5106382978723404,359,0.0,0.015000000000000001,0.001,-0.014000000000000002,0.0,"[5, 1, 0, 4]"
deletion,0.05,0.7,0.5,48,27,False,0.23135872326503887,0.30918828485149275,0.0,0.5537190082644629,0.45569620253164556,False,True,3,0,1.0,36,6,0.8571428571428571,0.5625,395,0.0,0.015000000000000001,0.001,-0.014000000000000002,0.0,"[5, 1, 0, 4]"
deletion,0.05,0.7,0.5,48,28,False,0.24584047102020773,0.32564121363861953,0.0,0.546875,0.4573170731707317,False,True,3,0,1.0,29,13,0.6904761904761905,0.52,424,0.0,0.015000000000000001,0.001,-0.014000000000000002,0.0,"[5, 1, 0, 4]"
deletion,0.05,0.7,0.5,48,29,False,0.25402321040801296,0.33798091022896465,0.0,0.5338345864661654,0.4678362573099415,False,True,3,0,1.0,32,12,0.7272727272727273,0.4807692307692308,456,0.0,0.015000000000000001,0.001,-0.014000000000000002,0.0,"[5, 1, 0, 4]"
deletion,0.05,0.7,0.5,48,30,False,0.25748169352029543,0.3347356826717235,0.0,0.5357142857142857,0.46629213483146065,False,True,3,0,1.0,21,15,0.5833333333333334,0.4716981132075472,477,0.0,0.015000000000000001,0.001,-0.014000000000000002,0.0,"[5, 1, 0, 4]"
deletion,0.05,0.7,0.5,48,31,False,0.26007555585450726,0.32605176200379266,0.0,0.52,0.47593582887700536,False,True,3,0,1.0,21,6,0.7777777777777778,0.4716981132075472,498,0.0,0.015000000000000001,0.001,-0.014000000000000002,0.0,"[5, 1, 0, 4]"
deletion,0.05,0.7,0.5,48,32,False,0.26202095260516617,0.3320388215028445,0.0,0.5165562913907285,0.47368421052631576,False,True,3,0,1.0,35,12,0.7446808510638298,0.42857142857142855,533,0.0,0.015000000000000001,0.001,-0.014000000000000002,0.0,"[5, 1, 0, 4]"
deletion,0.05,0.7,0.5,48,33,False,0.2608014287395889,0.3365291161271333,0.0,0.5256410256410257,0.47150259067357514,False,True,3,0,1.0,30,10,0.75,0.42105263157894735,563,0.0,0.015000000000000001,0.001,-0.014000000000000002,0.0,"[5, 1, 0, 4]"
deletion,0.05,0.7,0.5,48,34,False,0.259886785840406,0.32739683709535,0.0,0.5212121212121212,0.4729064039408867,False,True,3,0,1.0,27,11,0.7105263157894737,0.4067796610169492,590,0.0,0.015000000000000001,0.001,-0.014000000000000002,0.0,"[5, 1, 0, 4]"
deletion,0.05,0.7,0.5,48,35,False,0.2592008036660188,0.3205476278215125,0.0,0.5257142857142857,0.4694835680751174,False,True,3,0,1.0,28,9,0.7567567567567568,0.3333333333333333,618,0.0,0.015000000000000001,0.001,-0.014000000000000002,0.0,"[5, 1, 0, 4]"
deletion,0.05,0.7,0.5,48,36,False,0.24797203132094264,0.3029107208661344,0.0,0.5280898876404494,0.4675925925925926,False,True,3,0,1.0,27,10,0.7297297297297297,0.36666666666666664,645,0.0,0.015000000000000001,0.001,-0.014000000000000002,0.0,"[5, 1, 0, 4]"
deletion,0.05,0.7,0.5,48,37,False,0.24490759491927844,0.2959330406496008,0.0,0.5355191256830601,0.4594594594594595,False,True,3,0,1.0,25,10,0.7142857142857143,0.45,670,0.0,0.015000000000000001,0.001,-0.014000000000000002,0.0,"[5, 1, 0, 4]"
deletion,0.05,0.7,0.5,48,38,False,0.2560021247608874,0.3031997804872006,0.0,0.5372340425531915,0.45614035087719296,False,True,3,0,1.0,31,17,0.6458333333333334,0.4166666666666667,701,0.0,0.015000000000000001,0.001,-0.014000000000000002,0.0,"[5, 1, 0, 4]"
deletion,0.05,0.7,0.5,48,39,False,0.2589658792849513,0.31489983536540045,0.0,0.5408163265306123,0.4533898305084746,False,True,3,0,1.0,27,11,0.7105263157894737,0.36666666666666664,728,0.0,0.015000000000000001,0.001,-0.014000000000000002,0.0,"[5, 1, 0, 4]"
deletion,0.05,0.7,0.5,49,0,False,0.0,0.0,0.0,0.0,1.0,False,True,0,0,0.0,0,0,0.0,0.0,0,0.0,0.0125,0.0125,0.0,0.0,"[0, 0, 0, 0]"
deletion,0.05,0.7,0.5,49,1,False,0.0,0.0,0.16666666666666666,0.16666666666666666,0.8076923076923077,False,True,0,0,0.0,0,43,0.0,0.0,0,0.0,0.0125,0.0125,0.0,0.0,"[0, 0, 0, 0]"
deletion,0.05,0.7,0.5,49,2,False,0.041666666666666664,0.041666666666666664,0.3,0.3,0.6571428571428571,False,True,0,0,0.1,0,41,0.0,0.0,0,0.0,0.0125,0.0,-0.0125,0.0,"[0, 1, 0, 0]"
deletion,0.05,0.7,0.5,49,3,False,0.10625,0.10625,0.4166666666666667,0.4166666666666667,0.6153846153846154,False,True,0,0,0.1,2,37,0.05128205128205128,0.0,2,0.0,0.0125,0.0,-0.0125,0.0,"[0, 1, 0, 0]"
deletion,0.05,0.7,0.5,49,4,False,0.17641369047619046,0.18385416666666665,0.46153846153846156,0.46153846153846156,0.5853658536585366,False,True,0,0,0.1,2,39,0.04878048780487805,0.0,4,0.0,0.0125,0.0,-0.0125,0.0,"[0, 1, 0, 0]"
deletion,0.05,0.7,0.5,49,5,False,0.239453125,0.25327524038461535,0.4666666666666667,0.4666666666666667,0.5681818181818182,False,True,0,0,0.2,2,42,0.045454545454545456,0.16666666666666666,6,0.0,0.0125,0.0,-0.0125,0.0,"[0, 2, 0, 0]"
deletion,0.05,0.7,0.5,49,6,False,0.28554222470238094,0.3066230969551282,0.5555555555555556,0.5555555555555556,0.5416666666666666,False,True,0,0,0.2,3,43,0.06521739130434782,0.1111111111111111,9,0.0,0.0125,0.0,-0.0125,0.0,"[0, 2, 0, 0]"
deletion,0.05,0.7,0.5,49,7,False,0.3371725415426587,0.368856211605235,0.6,0.6,0.49056603773584906,False,True,0,0,0.2,5,39,0.11363636363636363,0.07142857142857142,14,0.0,0.0125,0.0,-0.0125,0.0,"[0, 2, 0, 0]"
deletion,0.05,0.7,0.5,49,8,False,0.3840018551365859,0.4266421587039263,0.6,0.6363636363636364,0.4827586206896552,False,True,0,0,0.2,5,38,0.11627906976744186,0.05263157894736842,19,0.0,0.0125,0.0,-0.0125,0.0,"[0, 2, 0, 0]"
deletion,0.05,0.7,0.5,49,9,False,0.41845251917198834,0.4699816190279448,0.6,0.6521739130434783,0.4603174603174603,False,True,0,0,0.6,1,40,0.024390243902439025,0.05,20,0.0,0.0125,0.0,-0.0125,0.0,"[0, 6, 0, 0]"
deletion,0.05,0.7,0.5,49,10,False,0.43437510366470555,0.5024862142709586,0.55,0.6538461538461539,0.45588235294117646,False,True,0,0,0.9,20,23,0.46511627906976744,0.6,40,0.0,0.0125,0.0,-0.0125,0.0,"[0, 9, 0, 0]"
deletion,0.05,0.7,0.5,49,11,False,0.46863847060567204,0.5206146607032189,0.35,0.5666666666666667,0.4794520547945205,False,True,0,0,0.9,26,18,0.5909090909090909,0.75,66,0.0,0.0125,0.0,-0.0125,0.0,"[0, 9, 0, 0]"
deletion,0.05,0.7,0.5,49,12,False,0.48183599581139686,0.5279609955274143,0.25,0.5714285714285714,0.4625,False,True,0,0,0.9,25,16,0.6097560975609756,0.55,91,0.0,0.0125,0.0,-0.0125,0.0,"[0, 9, 0, 0]"
deletion,0.05,0.7,0.5,49,13,False,0.4560198540014048,0.49597074664556073,0.1,0.5681818181818182,0.4606741573033708,False,True,0,0,0.9,22,13,0.6285714285714286,0.45,113,0.0,0.0125,0.0,-0.0125,0.0,"[0, 9, 0, 0]"
deletion,0.05,0.7,0.5,49,14,False,0.4045148905010536,0.44072805998417053,0.05,0.574468085106383,0.45161290322580644,False,True,0,0,0.9,31,17,0.6458333333333334,0.5,144,0.0,0.0125,0.0,-0.0125,0.0,"[0, 9, 0, 0]"
deletion,0.05,0.7,0.5,49,15,False,0.3641004535900759,0.3992960449881279,0.0,0.5818181818181818,0.4411764705882353,False,True,0,0,0.9,26,15,0.6341463414634146,0.65,170,0.0,0.0125,0.0,-0.0125,0.0,"[0, 9, 0, 0]"
deletion,0.05,0.7,0.5,49,16,False,0.34271819733541403,0.38072203374109587,0.0,0.5806451612903226,0.44036697247706424,False,True,0,0,0.9,27,10,0.7297297297297297,0.75,197,0.0,0.0125,0.0,-0.0125,0.0,"[0, 9, 0, 0]"
deletion,0.05,0.7,0.5,49,17,False,0.3373957908587034,0.3792915253058219,0.0,0.6029411764705882,0.4298245614035088,False,True,0,0,1.0,26,18,0.5909090909090909,0.55,223,0.0,0.0125,0.005,-0.007500000000000001,0.0,"[0, 9, 1, 0]"
deletion,0.05,0.7,0.5,49,18,False,0.311975414572599,0.3532186439793664,0.0,0.5753424657534246,0.4380165289256198,False,True,0,0,1.0,28,14,0.6666666666666666,0.6190476190476191,251,0.0,0.0125,0.005,-0.007500000000000001,0.0,"[0, 9, 1, 0]"
deletion,0.05,0.7,0.5,49,19,False,0.30362441807230633,0.34616398298452483,0.0,0.5625,0.4453125,False,True,0,0,1.0,32,8,0.8,0.6521739130434783,283,0.0,0.0125,0.005,-0.007500000000000001,0.0,"[0, 9, 1, 0]"
deletion,0.05,0.7,0.5,49,20,False,0.30807545641137263,0.3533729872383936,0.0,0.5529411764705883,0.4444444444444444,False,True,0,0,1.0,34,13,0.723404255319149,0.46153846153846156,317,0.0,0.0125,0.005,-0.007500000000000001,0.0,"[0, 9, 1, 0]"
deletion,0.05,0.7,0.5,49,21,False,0.2953423065942438,0.34002974042879525,0.0,0.5777777777777777,0.4316546762589928,False,True,0,0,1.0,34,8,0.8095238095238095,0.3333333333333333,351,0.0,0.0125,0.005,-0.007500000000000001,0.0,"[0, 9, 1, 0]"
deletion,0.05,0.7,0.5,49,22,False,0.2697210156599686,0.31127230532159644,0.0,0.5806451612903226,0.4236111111111111,False,True,0,0,1.0,30,15,0.6666666666666666,0.27586206896551724,381,0.0,0.0125,0.005,-0.007500000000000001,0.0,"[0, 9, 1, 0]"
deletion,0.05,0.7,0.5,49,23,False,0.24514790460211927,0.2834542289911973,0.0,0.58,0.4304635761589404,False,True,0,0,1.0,21,17,0.5526315789473685,0.3793103448275862,402,0.0,0.0125,0.005,-0.007500000000000001,0.0,"[0, 9, 1, 0]"
deletion,0.05,0.7,0.5,49,24,False,0.2427894998801609,0.281340671743398,0.0,0.5887850467289719,0.4240506329113924,False,True,0,0,1.0,28,16,0.6363636363636364,0.41935483870967744,430,0.0,0.0125,0.005,-0.007500000000000001,0.0,"[0, 9, 1, 0]"
deletion,0.05,0.7,0.5,49,25,False,0.25173498205297784,0.2922555038075485,0.0,0.5546218487394958,0.4470588235294118,False,True,0,0,1.0,22,9,0.7096774193548387,0.3548387096774194,452,0.0,0.0125,0.005,-0.007500000000000001,0.0,"[0, 9, 1, 0]"
deletion,0.05,0.7,0.5,49,26,False,0.24772980796830477,0.28794162785566135,0.0,0.5447154471544715,0.4514285714285714,False,True,0,0,1.0,34,12,0.7391304347826086,0.4411764705882353,486,0.0,0.0125,0.005,-0.007500000000000001,0.0,"[0, 9, 1, 0]"
deletion,0.05,0.7,0.5,49,27,False,0.26615449883337144,0.30970622089174604,0.0,0.544,0.4519774011299435,False,True,0,0,1.0,32,15,0.6808510638297872,0.3055555555555556,518,0.0,0.0125,0.005,-0.007500000000000001,0.0,"[0, 9, 1, 0]"
deletion,0.05,0.7,0.5,49,28,False,0.2585444455536,0.3010296656688095,0.0,0.5343511450381679,0.4594594594594595,False,True,0,0,1.0,30,12,0.7142857142857143,0.3076923076923077,548,0.0,0.0125,0.005,-0.007500000000000001,0.0,"[0, 9, 1, 0]"
deletion,0.05,0.7,0.5,49,29,False,0.2581940484509143,0.3007722492516071,0.0,0.5357142857142857,0.4583333333333333,False,True,0,0,1.0,30,9,0.7692307692307693,0.3,578,0.0,0.0125,0.005,-0.007500000000000001,0.0,"[0, 9, 1, 0]"
deletion,0.05,0.7,0.5,49,30,False,0.2579312506239,0.30057918693870533,0.0,0.5486111111111112,0.4489795918367347,False,True,0,0,1.0,30,6,0.8333333333333334,0.175,608,0.0,0.0125,0.005,-0.007500000000000001,0.0,"[0, 9, 1, 0]"
deletion,0.05,0.7,0.5,49,31,False,0.230948437967925,0.269184390204029,0.0,0.5496688741721855,0.4482758620689655,False,True,0,0,1.0,23,15,0.6052631578947368,0.3,631,0.0,0.0125,0.005,-0.007500000000000001,0.0,"[0, 9, 1, 0]"
deletion,0.05,0.7,0.5,49,32,False,0.23749704276165806,0.2768882926530218,0.0,0.5443037974683544,0.4481132075471698,False,True,0,0,1.0,30,12,0.7142857142857143,0.325,661,0.0,0.0125,0.005,-0.007500000000000001,0.0,"[0, 9, 1, 0]"
deletion,0.05,0.7,0.5,49,33,False,0.2477656392141007,0.2889162194897663,0.0,0.5432098765432098,0.44907407407407407,False,True,0,0,1.0,29,15,0.6590909090909091,0.375,690,0.0,0.0125,0.005,-0.007500000000000001,0.0,"[0, 9, 1, 0]"
deletion,0.05,0.7,0.5,49,34,False,0.2661813722677184,0.31043716461732473,0.0,0.5375722543352601,0.4557522123893805,False,True,0,0,1.0,25,8,0.7575757575757576,0.25,715,0.0,0.0125,0.005,-0.007500000000000001,0.0,"[0, 9, 1, 0]"
deletion,0.05,0.7,0.5,49,35,False,0.2532074577722173,0.29532787346299355,0.0,0.5274725274725275,0.461864406779661,False,True,0,0,1.0,25,14,0.6410256410256411,0.3,740,0.0,0.0125,0.005,-0.007500000000000001,0.0,"[0, 9, 1, 0]"
deletion,0.05,0.7,0.5,49,36,False,0.2541913076148773,0.29649590509724516,0.0,0.5291005291005291,0.4609053497942387,False,True,0,0,1.0,25,14,0.6410256410256411,0.325,765,0.0,0.0125,0.005,-0.007500000000000001,0.0,"[0, 9, 1, 0]"
deletion,0.05,0.7,0.5,49,37,False,0.2602863378540151,0.3036219288229339,0.0,0.5233160621761658,0.4637096774193548,False,True,0,0,1.0,27,11,0.7105263157894737,0.4,792,0.0,0.0125,0.005,-0.007500000000000001,0.0,"[0, 9, 1, 0]"
deletion,0.05,0.7,0.5,49,38,False,0.28092903910479705,0.32771644661720045,0.0,0.52,0.4666666666666667,False,True,0,0,1.0,33,13,0.717391304347826,0.35,825,0.0,0.0125,0.005,-0.007500000000000001,0.0,"[0, 9, 1, 0]"
deletion,0.05,0.7,0.5,49,39,False,0.28569677932859777,0.3332873349629003,0.0,0.526829268292683,0.46153846153846156,False,True,0,0,1.0,29,14,0.6744186046511628,0.3,854,0.0,0.0125,0.005,-0.007500000000000001,0.0,"[0, 9, 1, 0]"
deletion,0.05,0.7,0.5,50,0,False,0.0,0.0,0.0,0.0,1.0,False,True,0,0,0.0,0,0,0.0,0.0,0,0.0,0.015000000000000001,0.015000000000000001,0.0,0.0,"[0, 0, 0, 0]"
deletion,0.05,0.7,0.5,50,1,False,0.0,0.0,0.21052631578947367,0.21052631578947367,0.8214285714285714,False,True,0,0,0.0,0,42,0.0,0.0,0,0.0,0.015000000000000001,0.015000000000000001,0.0,0.0,"[0, 0, 0, 0]"
deletion,0.05,0.7,0.5,50,2,False,0.05263157894736842,0.05263157894736842,0.2,0.3333333333333333,0.7142857142857143,False,True,0,0,0.0,0,42,0.0,0.0,0,0.0,0.015000000000000001,0.015000000000000001,0.0,0.0,"[0, 0, 0, 0]"
deletion,0.05,0.7,0.5,50,3,False,0.0894736842105263,0.08947368421052632,0.1,0.35714285714285715,0.6829268292682927,False,True,0,0,0.0,0,42,0.0,0.0,0,0.0,0.015000000000000001,0.015000000000000001,0.0,0.0,"[0, 0, 0, 0]"
deletion,0.05,0.7,0.5,50,4,False,0.09210526315789476,0.09210526315789475,0.05,0.3870967741935484,0.6170212765957447,False,True,0,0,0.0,0,42,0.0,0.0,0,0.0,0.015000000000000001,0.015000000000000001,0.0,0.0,"[0, 0, 0, 0]"
deletion,0.05,0.7,0.5,50,5,False,0.08157894736842106,0.08157894736842106,0.05,0.3939393939393939,0.6,False,True,0,0,0.0,0,43,0.0,0.0,0,0.0,0.015000000000000001,0.015000000000000001,0.0,0.0,"[0, 0, 0, 0]"
deletion,0.05,0.7,0.5,50,6,False,0.0736842105263158,0.0736842105263158,0.1,0.4117647058823529,0.5740740740740741,False,True,0,0,0.1,0,44,0.0,0.0,0,0.0,0.015000000000000001,0.01,-0.005000000000000001,0.0,"[0, 1, 0, 0]"
deletion,0.05,0.7,0.5,50,7,False,0.08026315789473684,0.08026315789473684,0.1,0.4594594594594595,0.5423728813559322,False,True,0,0,0.2,1,40,0.024390243902439025,1.0,1,0.0,0.015000000000000001,0.01,-0.005000000000000001,0.0,"[0, 2, 0, 0]"
deletion,0.05,0.7,0.5,50,8,False,0.08519736842105263,0.08519736842105263,0.1,0.475,0.5230769230769231,False,True,0,0,0.2,3,43,0.06521739130434782,1.0,4,0.0,0.015000000000000001,0.01,-0.005000000000000001,0.0,"[0, 2, 0, 0]"
deletion,0.05,0.7,0.5,50,9,False,0.08889802631578947,0.08889802631578947,0.0,0.4782608695652174,0.5138888888888888,False,True,0,0,0.4,4,40,0.09090909090909091,1.0,8,0.0,0.015000000000000001,0.01,-0.005000000000000001,0.0,"[0, 4, 0, 0]"
deletion,0.05,0.7,0.5,50,10,False,0.10238780545112781,0.1916735197368421,0.0,0.48,0.5,True,True,1,0,0.6,18,23,0.43902439024390244,0.0,0,0.0,0.015000000000000001,0.021666666666666667,0.006666666666666666,0.0,"[1, 3, 2, 0]"
deletion,0.05,0.7,0.5,50,11,False,0.07679085408834586,0.14375513980263158,0.0,0.4642857142857143,0.5116279069767442,False,True,1,0,0.7,8,28,0.2222222222222222,0.25,8,0.0,0.015000000000000001,0.025714285714285717,0.010714285714285716,0.0,"[1, 3, 3, 0]"
deletion,0.05,0.7,0.5,50,12,False,0.07098599770911654,0.1390663548519737,0.0,0.5,0.4731182795698925,False,True,1,0,0.9,20,20,0.5,0.24,28,0.0,0.015000000000000001,0.025555555555555557,0.010555555555555556,0.0,"[2, 3, 4, 0]"
deletion,0.05,0.7,0.5,50,13,False,0.07466806971040883,0.12304976613898026,0.0,0.53125,0.45454545454545453,True,True,3,0,1.0,26,10,0.7222222222222222,0.5714285714285714,7,0.0,0.015000000000000001,0.0,-0.015000000000000001,0.0,"[6, 0, 0, 4]"
deletion,0.05,0.7,0.5,50,14,False,0.09681737881341887,0.1487744897828066,0.0,0.5068493150684932,0.4636363636363636,False,True,3,0,1.0,21,15,0.5833333333333334,0.5357142857142857,28,0.0,0.015000000000000001,0.0,-0.015000000000000001,0.0,"[6, 0, 0, 4]"
deletion,0.05,0.7,0.5,50,15,False,0.13338997646595388,0.19710718312657866,0.0,0.5131578947368421,0.45614035087719296,False,True,3,0,1.0,30,11,0.7317073170731707,0.45,58,0.0,0.015000000000000001,0.0,-0.015000000000000001,0.0,"[6, 0, 0, 4]"
deletion,0.05,0.7,0.5,50,16,False,0.15986391092089397,0.22908038734493397,0.0,0.5063291139240507,0.4576271186440678,False,True,3,0,1.0,35,7,0.8333333333333334,0.45,93,0.0,0.015000000000000001,0.0,-0.015000000000000001,0.0,"[6, 0, 0, 4]"
deletion,0.05,0.7,0.5,50,17,False,0.1788265046192419,0.24681029050870046,0.0,0.5238095238095238,0.45081967213114754,False,True,3,0,1.0,26,19,0.5777777777777777,0.4,119,0.0,0.015000000000000001,0.0,-0.015000000000000001,0.0,"[6, 0, 0, 4]"
deletion,0.05,0.7,0.5,50,18,False,0.18769130703586004,0.26010771788152537,0.0,0.5376344086021505,0.44274809160305345,False,True,3,0,1.0,29,11,0.725,0.35,148,0.0,0.015000000000000001,0.0,-0.015000000000000001,0.0,"[6, 0, 0, 4]"
deletion,0.05,0.7,0.5,50,19,False,0.190768480276895,0.282580788411144,0.0,0.5408163265306123,0.43795620437956206,False,True,3,0,1.0,22,14,0.6111111111111112,0.425,170,0.0,0.015000000000000001,0.0,-0.015000000000000001,0.0,"[6, 0, 0, 4]"
deletion,0.05,0.7,0.5,50,20,False,0.20200493163624267,0.305685591308358,0.0,0.5576923076923077,0.41496598639455784,False,True,3,0,1.0,23,13,0.6388888888888888,0.4,193,0.0,0.015000000000000001,0.0,-0.015000000000000001,0.0,"[6, 0, 0, 4]"
deletion,0.05,0.7,0.5,50,21,False,0.20596798444146772,0.31051419348126846,0.0,0.5688073394495413,0.4189189189189189,False,True,3,0,1.0,32,10,0.7619047619047619,0.45,225,0.0,0.015000000000000001,0.0,-0.015000000000000001,0.0,"[6, 0, 0, 4]"
deletion,0.05,0.7,0.5,50,22,False,0.21519027404538654,0.32038564511095136,0.0,0.5603448275862069,0.4230769230769231,False,True,3,0,1.0,23,18,0.5609756097560976,0.5,248,0.0,0.015000000000000001,0.0,-0.015000000000000001,0.0,"[6, 0, 0, 4]"
deletion,0.05,0.7,0.5,50,23,False,0.22567841981975417,0.3152892338332135,0.0,0.5630252100840336,0.4161490683229814,False,True,3,0,1.0,34,17,0.6666666666666666,0.425,282,0.0,0.015000000000000001,0.0,-0.015000000000000001,0.0,"[6, 0, 0, 4]"
deletion,0.05,0.7,0.5,50,24,False,0.22461595772195847,0.30521692537491013,0.0,0.5737704918032787,0.41317365269461076,False,True,3,0,1.0,24,17,0.5853658536585366,0.425,306,0.0,0.015000000000000001,0.0,-0.015000000000000001,0.0,"[6, 0, 0, 4]"
deletion,0.05,0.7,0.5,50,25,False,0.22471196829146886,0.3039126940311826,0.0,0.578125,0.41040462427745666,False,True,3,0,1.0,30,15,0.6666666666666666,0.475,336,0.0,0.015000000000000001,0.0,-0.015000000000000001,0.0,"[6, 0, 0, 4]"
deletion,0.05,0.7,0.5,50,26,False,0.23192683336145878,0.31543452052338694,0.0,0.5789473684210527,0.40782122905027934,False,True,3,0,1.0,38,14,0.7307692307692307,0.4,374,0.0,0.015000000000000001,0.0,-0.015000000000000001,0.0,"[6, 0, 0, 4]"
deletion,0.05,0.7,0.5,50,27,False,0.2284094107353798,0.3178258903925402,0.0,0.5571428571428572,0.42702702702702705,False,True,3,0,1.0,35,9,0.7954545454545454,0.475,409,0.0,0.015000000000000001,0.0,-0.015000000000000001,0.0,"[6, 0, 0, 4]"
deletion,0.05,0.7,0.5,50,28,False,0.23380705805153484,0.31961941779440517,0.0,0.5578231292517006,0.4270833333333333,False,True,3,0,1.0,27,16,0.627906976744186,0.55,436,0.0,0.015000000000000001,0.0,-0.015000000000000001,0.0,"[6, 0, 0, 4]"
deletion,0.05,0.7,0.5,50,29,False,0.24856957925293685,0.33971456334580385,0.0,0.5414012738853503,0.4433497536945813,False,True,3,0,1.0,22,10,0.6875,0.55,458,0.0,0.015000000000000001,0.0,-0.015000000000000001,0.0,"[6, 0, 0, 4]"
deletion,0.05,0.7,0.5,50,30,False,0.25964147015398836,0.3547859225093529,0.0,0.5341614906832298,0.44660194174757284,False,True,3,0,1.0,32,8,0.8,0.55,490,0.0,0.015000000000000001,0.0,-0.015000000000000001,0.0,"[6, 0, 0, 4]"
deletion,0.05,0.7,0.5,50,31,False,0.267945388329777,0.36608944188201464,0.0,0.5304878048780488,0.44549763033175355,False,True,3,0,1.0,33,10,0.7674418604651163,0.475,523,0.0,0.015000000000000001,0.0,-0.015000000000000001,0.0,"[6, 0, 0, 4]"
deletion,0.05,0.7,0.5,50,32,False,0.2634590412473327,0.35581708141151097,0.0,0.5297619047619048,0.44907407407407407,False,True,3,0,1.0,31,16,0.6595744680851063,0.45,554,0.0,0.015000000000000001,0.0,-0.015000000000000001,0.0,"[6, 0, 0, 4]"
deletion,0.05,0.7,0.5,50,33,False,0.2574157095069281,0.34811281105863323,0.0,0.5294117647058824,0.4429223744292237,False,True,3,0,1.0,32,13,0.7111111111111111,0.375,586,0.0,0.015000000000000001,0.0,-0.015000000000000001,0.0,"[6, 0, 0, 4]"
deletion,0.05,0.7,0.5,50,34,False,0.2448474964159104,0.34233460829397494,0.0,0.55,0.43171806167400884,False,True,3,0,1.0,24,15,0.6153846153846154,0.45,610,0.0,0.015000000000000001,0.0,-0.015000000000000001,0.0,"[6, 0, 0, 4]"
deletion,0.05,0.7,0.5,50,35,False,0.2443499080262185,0.3442509562204812,0.0,0.5591397849462365,0.4248927038626609,False,True,3,0,1.0,24,13,0.6486486486486487,0.475,634,0.0,0.015000000000000001,0.0,-0.015000000000000001,0.0,"[6, 0, 0, 4]"
deletion,0.05,0.7,0.5,50,36,False,0.24754814530537814,0.3519382171653609,0.0,0.5595854922279793,0.425,False,True,3,0,1.0,28,9,0.7567567567567568,0.475,662,0.0,0.015000000000000001,0.0,-0.015000000000000001,0.0,"[6, 0, 0, 4]"
deletion,0.05,0.7,0.5,50,37,False,0.24905396612189074,0.3514536628740207,0.0,0.5606060606060606,0.41767068273092367,False,True,3,0,1.0,21,16,0.5675675675675675,0.475,683,0.0,0.015000000000000001,0.0,-0.015000000000000001,0.0,"[6, 0, 0, 4]"
deletion,0.05,0.7,0.5,50,38,False,0.2501833317342752,0.3510902471555155,0.0,0.5631067961165048,0.421259842519685,False,True,3,0,1.0,31,11,0.7380952380952381,0.375,714,0.0,0.015000000000000001,0.0,-0.015000000000000001,0.0,"[6, 0, 0, 4]"
deletion,0.05,0.7,0.5,50,39,False,0.2376374988007064,0.33206768536663667,0.0,0.569377990430622,0.4115384615384615,False,True,3,0,1.0,31,14,0.6888888888888889,0.5,745,0.0,0.015000000000000001,0.0,-0.015000000000000001,0.0,"[6, 0, 0, 4]"
deletion,0.05,0.7,0.5,51,0,False,0.0,0.0,0.0,0.0,1.0,False,True,0,0,0.0,0,0,0.0,0.0,0,0.0,0.0625,0.0625,0.0,0.0,"[0, 0, 0, 0]"
deletion,0.05,0.7,0.5,51,1,False,0.0,0.0,0.14285714285714285,0.14285714285714285,0.8787878787878788,False,True,0,0,0.2,0,43,0.0,0.0,0,0.0,0.0625,0.0,-0.0625,0.0,"[2, 0, 0, 0]"
deletion,0.05,0.7,0.5,51,2,False,0.03571428571428571,0.03571428571428571,0.1,0.25,0.7954545454545454,False,True,0,0,0.2,13,27,0.325,0.6153846153846154,13,0.0,0.0625,0.0,-0.0625,0.0,"[2, 0, 0, 0]"
deletion,0.05,0.7,0.5,51,3,False,0.06098901098901099,0.11620879120879121,0.1,0.2962962962962963,0.72,False,True,0,0,0.2,11,29,0.275,0.55,24,0.0,0.0625,0.0,-0.0625,0.0,"[2, 0, 0, 0]"
deletion,0.05,0.7,0.5,51,4,False,0.07877747252747251,0.16840659340659342,0.0,0.2727272727272727,0.7068965517241379,False,True,0,0,0.3,15,31,0.32608695652173914,0.6,39,0.0,0.0625,0.0,-0.0625,0.0,"[2, 1, 0, 0]"
deletion,0.05,0.7,0.5,51,5,False,0.0697973901098901,0.20130494505494506,0.0,0.2777777777777778,0.676923076923077,False,True,0,0,0.3,10,32,0.23809523809523808,0.6363636363636364,49,0.0,0.0625,0.0,-0.0625,0.0,"[2, 1, 0, 0]"
deletion,0.05,0.7,0.5,51,6,False,0.06484804258241758,0.23847870879120878,0.0,0.35,0.6428571428571429,False,True,0,0,0.3,13,29,0.30952380952380953,0.4,62,0.0,0.0625,0.0,-0.0625,0.0,"[2, 1, 0, 0]"
deletion,0.05,0.7,0.5,51,7,False,0.05756460336538461,0.24135903159340658,0.0,0.36363636363636365,0.6052631578947368,False,True,0,0,0.6,15,21,0.4166666666666667,0.37037037037037035,77,0.0,0.0625,0.0,-0.0625,0.0,"[3, 3, 0, 0]"
deletion,0.05,0.7,0.5,51,8,False,0.06103059538118132,0.24351927369505494,0.0,0.3829787234042553,0.6,False,True,0,0,0.8,24,21,0.5333333333333333,0.3333333333333333,101,0.0,0.0625,0.0,-0.0625,0.0,"[4, 4, 0, 0]"
deletion,0.05,0.7,0.5,51,9,False,0.07925508939302885,0.24513945527129122,0.0,0.3684210526315789,0.6111111111111112,False,True,0,0,0.9,22,21,0.5116279069767442,0.3,123,0.0,0.0625,0.0,-0.0625,0.0,"[4, 5, 0, 0]"
deletion,0.05,0.7,0.5,51,10,False,0.09515560275905735,0.23385459145346843,0.0,0.38095238095238093,0.5918367346938775,False,True,0,0,0.9,25,17,0.5952380952380952,0.4,148,0.0,0.0625,0.0,-0.0625,0.0,"[4, 5, 0, 0]"
deletion,0.05,0.7,0.5,51,11,False,0.12047384492643587,0.23164094359010132,0.0,0.36231884057971014,0.5981308411214953,False,True,0,0,0.9,32,17,0.6530612244897959,0.3,180,0.0,0.0625,0.0,-0.0625,0.0,"[4, 5, 0, 0]"
deletion,0.05,0.7,0.5,51,12,False,0.12428395512339832,0.23623070769257598,0.0,0.3561643835616438,0.6036036036036037,False,True,0,0,0.9,27,13,0.675,0.375,207,0.0,0.0625,0.0,-0.0625,0.0,"[4, 5, 0, 0]"
deletion,0.05,0.7,0.5,51,13,False,0.1360701091996916,0.252173030769432,0.0,0.3815789473684211,0.5726495726495726,False,True,0,0,0.9,24,16,0.6,0.375,231,0.0,0.0625,0.0,-0.0625,0.0,"[4, 5, 0, 0]"
deletion,0.05,0.7,0.5,51,14,False,0.14580258189976872,0.257879773077074,0.0,0.3875,0.5655737704918032,False,True,0,0,0.9,25,20,0.5555555555555556,0.375,256,0.0,0.0625,0.0,-0.0625,0.0,"[4, 5, 0, 0]"
deletion,0.05,0.7,0.5,51,15,False,0.1522090792819694,0.2684098298078055,0.0,0.4069767441860465,0.5454545454545454,False,True,0,0,1.0,24,16,0.6,0.375,280,0.0,0.0625,0.0,-0.0625,0.0,"[4, 6, 0, 0]"
deletion,0.05,0.7,0.5,51,16,False,0.15879966660433417,0.2638073723558541,0.0,0.41935483870967744,0.5434782608695652,False,True,0,0,1.0,31,11,0.7380952380952381,0.55,311,0.0,0.0625,0.0,-0.0625,0.0,"[4, 6, 0, 0]"
deletion,0.05,0.7,0.5,51,17,False,0.18874260709610777,0.2603555292668906,0.0,0.4368932038834951,0.541095890410959,False,True,0,0,1.0,25,12,0.6756756756756757,0.575,336,0.0,0.0625,0.0,-0.0625,0.0,"[4, 6, 0, 0]"
deletion,0.05,0.7,0.5,51,18,False,0.21477124103636655,0.25776664695016793,0.0,0.43243243243243246,0.5454545454545454,False,True,0,0,1.0,24,13,0.6486486486486487,0.575,360,0.0,0.0625,0.0,-0.0625,0.0,"[4, 6, 0, 0]"
deletion,0.05,0.7,0.5,51,19,False,0.23339985934870347,0.26207498521262595,0.0,0.4396551724137931,0.5375,False,True,0,0,1.0,23,19,0.5476190476190477,0.5,383,0.0,0.0625,0.0,-0.0625,0.0,"[4, 6, 0, 0]"
deletion,0.05,0.7,0.5,51,20,False,0.2375498945115276,0.2590562389094695,0.0,0.424,0.5470588235294118,False,True,0,0,1.0,26,6,0.8125,0.55,409,0.0,0.0625,0.0,-0.0625,0.0,"[4, 6, 0, 0]"
deletion,0.05,0.7,0.5,51,21,False,0.24691242088364573,0.26304217918210215,0.0,0.4330708661417323,0.5375722543352601,False,True,0,0,1.0,23,15,0.6052631578947368,0.6,432,0.0,0.0625,0.0,-0.0625,0.0,"[4, 6, 0, 0]"
deletion,0.05,0.7,0.5,51,22,False,0.25839860137702,0.2847816343865766,0.0,0.4552238805970149,0.5164835164835165,False,True,0,0,1.0,26,9,0.7428571428571429,0.575,458,0.0,0.0625,0.0,-0.0625,0.0,"[4, 6, 0, 0]"
deletion,0.05,0.7,0.5,51,23,False,0.2634418081756221,0.3010862257899325,0.0,0.45323741007194246,0.5243243243243243,False,True,0,0,1.0,39,7,0.8478260869565217,0.6,497,0.0,0.0625,0.0,-0.0625,0.0,"[4, 6, 0, 0]"
deletion,0.05,0.7,0.5,51,24,False,0.27168849898885944,0.30706466934244936,0.0,0.45454545454545453,0.5208333333333334,False,True,0,0,1.0,26,13,0.6666666666666666,0.55,523,0.0,0.0625,0.0,-0.0625,0.0,"[4, 6, 0, 0]"
deletion,0.05,0.7,0.5,51,25,False,0.27162351709878746,0.305298502006837,0.0,0.46357615894039733,0.52,False,True,0,0,1.0,32,8,0.8,0.45,555,0.0,0.0625,0.0,-0.0625,0.0,"[4, 6, 0, 0]"
deletion,0.05,0.7,0.5,51,26,False,0.2599676378240906,0.28522387650512776,0.0,0.4645161290322581,0.5073170731707317,False,True,0,0,1.0,32,18,0.64,0.375,587,0.0,0.0625,0.0,-0.0625,0.0,"[4, 6, 0, 0]"
deletion,0.05,0.7,0.5,51,27,False,0.24319001408235366,0.2514179073788458,0.0,0.46496815286624205,0.5072463768115942,False,True,0,0,1.0,39,8,0.8297872340425532,0.575,626,0.0,0.0625,0.0,-0.0625,0.0,"[4, 6, 0, 0]"
deletion,0.05,0.7,0.5,51,28,False,0.25203536770462237,0.2760634305341343,0.0,0.4720496894409938,0.5023696682464455,False,True,0,0,1.0,18,24,0.42857142857142855,0.5,644,0.0,0.0625,0.0,-0.0625,0.0,"[4, 6, 0, 0]"
deletion,0.05,0.7,0.5,51,29,False,0.2506336686356096,0.2757975729006007,0.0,0.46987951807228917,0.5,False,True,0,0,1.0,30,8,0.7894736842105263,0.525,674,0.0,0.0625,0.0,-0.0625,0.0,"[4, 6, 0, 0]"
deletion,0.05,0.7,0.5,51,30,False,0.2558323943338501,0.25684817967545054,0.0,0.47093023255813954,0.5022222222222222,False,True,0,0,1.0,27,12,0.6923076923076923,0.625,701,0.0,0.0625,0.0,-0.0625,0.0,"[4, 6, 0, 0]"
deletion,0.05,0.7,0.5,51,31,False,0.269552867178959,0.2738861347565879,0.0,0.4742857142857143,0.4935064935064935,False,True,0,0,1.0,29,21,0.58,0.5,730,0.0,0.0625,0.0,-0.0625,0.0,"[4, 6, 0, 0]"
deletion,0.05,0.7,0.5,51,32,False,0.2637717932413621,0.2741646010674409,0.0,0.48333333333333334,0.48523206751054854,False,True,0,0,1.0,28,15,0.6511627906976745,0.425,758,0.0,0.0625,0.0,-0.0625,0.0,"[4, 6, 0, 0]"
deletion,0.05,0.7,0.5,51,33,False,0.25050741635959295,0.26187345080058066,0.0,0.483695652173913,0.48360655737704916,False,True,0,0,1.0,24,13,0.6486486486486487,0.65,782,0.0,0.0625,0.0,-0.0625,0.0,"[4, 6, 0, 0]"
deletion,0.05,0.7,0.5,51,34,False,0.27180913369826615,0.2815443104379669,0.0,0.49222797927461137,0.47808764940239046,False,True,0,0,1.0,24,15,0.6153846153846154,0.625,806,0.0,0.0625,0.0,-0.0625,0.0,"[4, 6, 0, 0]"
deletion,0.05,0.7,0.5,51,35,False,0.28421399313084245,0.3049082328284752,0.0,0.49230769230769234,0.47470817120622566,False,True,0,0,1.0,37,15,0.7115384615384616,0.475,843,0.0,0.0625,0.0,-0.0625,0.0,"[4, 6, 0, 0]"
deletion,0.05,0.7,0.5,51,36,False,0.2720890662767033,0.2849311746213564,0.0,0.4975124378109453,0.4732824427480916,False,True,0,0,1.0,22,9,0.7096774193548387,0.6,865,0.0,0.0625,0.0,-0.0625,0.0,"[4, 6, 0, 0]"
deletion,0.05,0.7,0.5,51,37,False,0.27995965685038465,0.29494838096601733,0.0,0.4975609756097561,0.47368421052631576,False,True,0,0,1.0,26,11,0.7027027027027027,0.625,891,0.0,0.0625,0.0,-0.0625,0.0,"[4, 6, 0, 0]"
deletion,0.05,0.7,0.5,51,38,False,0.2876483140663599,0.296211285724513,0.0,0.4976303317535545,0.47601476014760147,False,True,0,0,1.0,22,14,0.6111111111111112,0.625,913,0.0,0.0625,0.0,-0.0625,0.0,"[4, 6, 0, 0]"
deletion,0.05,0.7,0.5,51,39,False,0.29520052126405566,0.3096584642933847,0.0,0.49767441860465117,0.4763636363636364,False,True,0,0,1.0,35,10,0.7777777777777778,0.6,948,0.0,0.0625,0.0,-0.0625,0.0,"[4, 6, 0, 0]"
revocation,0.05,0.7,0.0,42,0,False,0.0,0.0,0.0,0.0,1.0,False,True,0,0,0.2,0,0,0.0,0.0,0,0.0,0.065,0.005,-0.060000000000000005,0.0,"[1, 1, 0, 0]"
revocation,0.05,0.7,0.0,42,1,False,0.0,0.0,0.375,0.375,0.8333333333333334,False,True,0,0,0.3,7,44,0.13725490196078433,0.14285714285714285,7,0.0,0.065,0.006666666666666667,-0.058333333333333334,0.0,"[1, 2, 0, 0]"
revocation,0.05,0.7,0.0,42,2,False,0.07723214285714286,0.09375,0.4166666666666667,0.4166666666666667,0.7586206896551724,False,True,0,0,0.3,11,32,0.2558139534883721,0.1111111111111111,18,0.0,0.065,0.006666666666666667,-0.058333333333333334,0.0,"[1, 2, 0, 0]"
revocation,0.05,0.7,0.0,42,3,False,0.14274553571428572,0.17447916666666669,0.6111111111111112,0.6111111111111112,0.6111111111111112,False,True,0,0,0.3,13,28,0.3170731707317073,0.12903225806451613,31,0.0,0.065,0.006666666666666667,-0.058333333333333334,0.0,"[1, 2, 0, 0]"
revocation,0.05,0.7,0.0,42,4,False,0.23289457367376776,0.2836371527777778,0.631578947368421,0.631578947368421,0.5945945945945946,False,True,0,0,0.3,10,33,0.23255813953488372,0.1388888888888889,41,0.0,0.065,0.006666666666666667,-0.058333333333333334,0.0,"[1, 2, 0, 0]"
revocation,0.05,0.7,0.0,42,5,False,0.3058739377741228,0.37062260142543857,0.6,0.68,0.5333333333333333,False,True,0,0,0.4,13,23,0.3611111111111111,0.125,54,0.0,0.065,0.0075,-0.0575,0.0,"[1, 3, 0, 0]"
revocation,0.05,0.7,0.0,42,6,False,0.35351259618773495,0.4279669510690789,0.5,0.6666666666666666,0.52,False,True,0,0,0.5,20,29,0.40816326530612246,0.275,74,0.0,0.065,0.008,-0.057,0.0,"[1, 4, 0, 0]"
revocation,0.05,0.7,0.0,42,7,False,0.3767415899979441,0.44597521330180917,0.3,0.631578947368421,0.5084745762711864,False,True,0,0,0.5,16,26,0.38095238095238093,0.375,90,0.0,0.065,0.008,-0.057,0.0,"[1, 4, 0, 0]"
revocation,0.05,0.7,0.0,42,8,False,0.36737762106988664,0.4204189099763569,0.25,0.6428571428571429,0.4925373134328358,False,True,0,0,0.5,17,32,0.3469387755102041,0.325,107,0.0,0.065,0.008,-0.057,0.0,"[1, 4, 0, 0]"
revocation,0.05,0.7,0.0,42,9,False,0.3460689300881293,0.39656418248226766,0.15,0.6304347826086957,0.4714285714285714,False,True,0,0,0.5,17,24,0.4146341463414634,0.4,124,0.0,0.065,0.008,-0.057,0.0,"[1, 4, 0, 0]"
revocation,0.05,0.7,0.0,42,10,False,0.32026598328038264,0.38492313686170077,0.1,0.6170212765957447,0.4657534246575342,False,True,0,0,0.7,17,34,0.3333333333333333,0.425,141,0.0,0.065,0.008571428571428572,-0.05642857142857143,0.0,"[1, 6, 0, 0]"
revocation,0.05,0.7,0.0,42,11,False,0.30359234460314416,0.3761923526462756,0.1,0.6538461538461539,0.4430379746835443,False,True,0,0,0.8,21,19,0.525,0.475,162,0.0,0.065,0.00875,-0.05625,0.0,"[1, 7, 0, 0]"
revocation,0.05,0.7,0.0,42,12,False,0.3089442584523581,0.3821442644847067,0.05,0.6363636363636364,0.4457831325301205,True,True,1,0,0.4,22,18,0.55,0.25,78,0.0,0.065,0.0625,-0.0025000000000000022,0.0,"[2, 0, 1, 1]"
revocation,0.05,0.7,0.0,42,13,False,0.24777962241069715,0.29910819836353003,0.05,0.6551724137931034,0.4318181818181818,True,True,2,0,0.4,16,22,0.42105263157894735,0.42857142857142855,91,0.0,0.065,0.025,-0.04,0.0,"[2, 0, 2, 0]"
revocation,0.05,0.7,0.0,42,14,False,0.20369185966516573,0.23683114877264755,0.0,0.6290322580645161,0.44086021505376344,True,True,3,0,0.3,22,24,0.4782608695652174,0.65,106,0.0,0.065,0.0,-0.065,0.0,"[3, 0, 0, 0]"
revocation,0.05,0.7,0.0,42,15,False,0.17598318046316003,0.25887336157948565,0.0,0.6363636363636364,0.43,False,True,3,0,0.5,11,34,0.24444444444444444,0.7,117,0.0,0.065,0.0,-0.065,0.0,"[5, 0, 0, 0]"
revocation,0.05,0.7,0.0,42,16,False,0.16948738534737,0.2816550211846143,0.0,0.6266666666666667,0.43119266055045874,False,True,3,0,0.6,14,22,0.3888888888888889,0.4,131,0.0,0.065,0.0,-0.065,0.0,"[6, 0, 0, 0]"
revocation,0.05,0.7,0.0,42,17,False,0.15568696758195608,0.2612412658884607,0.0,0.625,0.4224137931034483,False,True,3,0,0.6,15,23,0.39473684210526316,0.35,146,0.0,0.065,0.0,-0.065,0.0,"[6, 0, 0, 0]"
revocation,0.05,0.7,0.0,42,18,False,0.14176522568646707,0.23968094941634555,0.0,0.6341463414634146,0.4083333333333333,False,True,3,0,0.6,14,33,0.2978723404255319,0.6,160,0.0,0.065,0.0,-0.065,0.0,"[6, 0, 0, 0]"
revocation,0.05,0.7,0.0,42,19,False,0.14918106212199314,0.25476071206225914,0.0,0.6436781609195402,0.40476190476190477,False,True,3,0,0.6,22,21,0.5116279069767442,0.5,182,0.0,0.065,0.0,-0.065,0.0,"[6, 0, 0, 0]"
revocation,0.05,0.7,0.0,42,20,False,0.1476000823057806,0.2535705340466944,0.0,0.6304347826086957,0.40458015267175573,False,True,3,0,0.7,20,24,0.45454545454545453,0.3,202,0.0,0.065,0.0,-0.065,0.0,"[7, 0, 0, 0]"
revocation,0.05,0.7,0.0,42,21,False,0.13212863315790688,0.2276779005350208,0.0,0.6262626262626263,0.4057971014492754,False,True,3,0,1.0,29,13,0.6904761904761905,0.5,231,0.0,0.065,0.0,-0.065,0.0,"[10, 0, 0, 0]"
revocation,0.05,0.7,0.0,42,22,False,0.16159647486843015,0.2332584254012656,0.0,0.6153846153846154,0.4166666666666667,False,True,3,0,1.0,32,13,0.7111111111111111,0.6,263,0.0,0.065,0.0,-0.065,0.0,"[10, 0, 0, 0]"
revocation,0.05,0.7,0.0,42,23,False,0.1961973561513226,0.2499438190509492,0.0,0.6090909090909091,0.423841059602649,False,True,3,0,1.0,22,16,0.5789473684210527,0.5,285,0.0,0.065,0.0,-0.065,0.0,"[10, 0, 0, 0]"
revocation,0.05,0.7,0.0,42,24,False,0.20964801711349196,0.2499578642882119,0.0,0.6160714285714286,0.4155844155844156,False,True,3,0,1.0,29,14,0.6744186046511628,0.55,314,0.0,0.065,0.0,-0.065,0.0,"[10, 0, 0, 0]"
revocation,0.05,0.7,0.0,42,25,False,0.225986012835119,0.25621839821615894,0.0,0.6260869565217392,0.4025157232704403,False,True,3,0,1.0,37,11,0.7708333333333334,0.6,351,0.0,0.065,0.0,-0.065,0.0,"[10, 0, 0, 0]"
revocation,0.05,0.7,0.0,42,26,False,0.24448950962633922,0.2671637986621192,0.0,0.6218487394957983,0.4024390243902439,False,True,3,0,1.0,31,13,0.7045454545454546,0.55,382,0.0,0.065,0.0,-0.065,0.0,"[10, 0, 0, 0]"
revocation,0.05,0.7,0.0,42,27,False,0.25211713221975446,0.26912284899658945,0.0,0.616,0.41317365269461076,False,True,3,0,1.0,33,9,0.7857142857142857,0.5,415,0.0,0.065,0.0,-0.065,0.0,"[10, 0, 0, 0]"
revocation,0.05,0.7,0.0,42,28,False,0.25158784916481586,0.2643421367474421,0.0,0.627906976744186,0.3942857142857143,False,True,3,0,1.0,24,18,0.5714285714285714,0.45,439,0.0,0.065,0.0,-0.065,0.0,"[10, 0, 0, 0]"
revocation,0.05,0.7,0.0,42,29,False,0.24494088687361187,0.2545066025605816,0.0,0.6343283582089553,0.39106145251396646,False,True,3,0,1.0,32,14,0.6956521739130435,0.55,471,0.0,0.065,0.0,-0.065,0.0,"[10, 0, 0, 0]"
revocation,0.05,0.7,0.0,42,30,False,0.2524556651552089,0.25962995192043625,0.0,0.635036496350365,0.3879781420765027,False,True,3,0,1.0,34,15,0.6938775510204082,0.5,505,0.0,0.065,0.0,-0.065,0.0,"[10, 0, 0, 0]"
revocation,0.05,0.7,0.0,42,31,False,0.2518417488664067,0.2572224639403272,0.0,0.6388888888888888,0.38421052631578945,False,True,3,0,1.0,29,11,0.725,0.55,534,0.0,0.065,0.0,-0.065,0.0,"[10, 0, 0, 0]"
revocation,0.05,0.7,0.0,42,32,False,0.257631311649805,0.2616668479552454,0.0,0.6418918918918919,0.37755102040816324,False,True,3,0,1.0,37,10,0.7872340425531915,0.6,571,0.0,0.065,0.0,-0.065,0.0,"[10, 0, 0, 0]"
revocation,0.05,0.7,0.0,42,33,False,0.2682234837373538,0.27125013596643405,0.0,0.6428571428571429,0.3781094527363184,False,True,3,0,1.0,31,8,0.7948717948717948,0.4,602,0.0,0.065,0.0,-0.065,0.0,"[10, 0, 0, 0]"
revocation,0.05,0.7,0.0,42,34,False,0.2511676128030153,0.2534376019748255,0.0,0.6496815286624203,0.37073170731707317,False,True,3,0,1.0,30,16,0.6521739130434783,0.55,632,0.0,0.065,0.0,-0.065,0.0,"[10, 0, 0, 0]"
revocation,0.05,0.7,0.0,42,35,False,0.2571257096022615,0.2588282014811192,0.0,0.6481481481481481,0.37142857142857144,False,True,3,0,1.0,31,11,0.7380952380952381,0.45,663,0.0,0.065,0.0,-0.065,0.0,"[10, 0, 0, 0]"
revocation,0.05,0.7,0.0,42,36,False,0.24909428220169613,0.2503711511108394,0.0,0.6568047337278107,0.3623853211009174,False,True,3,0,1.0,22,15,0.5945945945945946,0.75,685,0.0,0.065,0.0,-0.065,0.0,"[10, 0, 0, 0]"
revocation,0.05,0.7,0.0,42,37,False,0.2805707116512721,0.2815283633331296,0.0,0.6477272727272727,0.3705357142857143,False,True,3,0,1.0,25,8,0.7575757575757576,0.5,710,0.0,0.065,0.0,-0.065,0.0,"[10, 0, 0, 0]"
revocation,0.05,0.7,0.0,42,38,False,0.2729280337384541,0.2736462724998472,0.0,0.6388888888888888,0.37554585152838427,False,True,3,0,1.0,20,17,0.5405405405405406,0.8,730,0.0,0.065,0.0,-0.065,0.0,"[10, 0, 0, 0]"
revocation,0.05,0.7,0.0,42,39,False,0.3046960253038406,0.3052347043748854,0.0,0.6417112299465241,0.37446808510638296,False,True,3,0,1.0,31,6,0.8378378378378378,0.55,761,0.0,0.065,0.0,-0.065,0.0,"[10, 0, 0, 0]"
revocation,0.05,0.7,0.0,43,0,False,0.0,0.0,0.0,0.0,1.0,False,True,0,0,0.1,0,0,0.0,0.0,0,0.0,0.065,0.2,0.135,0.0,"[0, 0, 0, 1]"
revocation,0.05,0.7,0.0,43,1,False,0.0,0.0,0.09090909090909091,0.09090909090909091,0.8518518518518519,False,True,0,0,0.1,0,50,0.0,0.0,0,0.0,0.065,0.2,0.135,0.0,"[0, 0, 0, 1]"
revocation,0.05,0.7,0.0,43,2,False,0.022727272727272728,0.022727272727272728,0.29411764705882354,0.29411764705882354,0.7575757575757576,False,True,0,0,0.2,0,36,0.0,0.0,0,0.0,0.065,0.10500000000000001,0.04000000000000001,0.0,"[0, 1, 0, 1]"
revocation,0.05,0.7,0.0,43,3,False,0.09057486631016043,0.09057486631016043,0.4,0.42857142857142855,0.6341463414634146,False,True,0,0,0.3,2,37,0.05128205128205128,0.0,2,0.0,0.065,0.07333333333333333,0.008333333333333331,0.0,"[0, 2, 0, 1]"
revocation,0.05,0.7,0.0,43,4,False,0.15364543544690606,0.16793114973262033,0.35,0.4583333333333333,0.5869565217391305,False,True,0,0,0.5,9,33,0.21428571428571427,0.18181818181818182,11,0.0,0.065,0.124,0.059,0.0,"[0, 2, 0, 3]"
revocation,0.05,0.7,0.0,43,5,False,0.196727583078686,0.21344836229946523,0.25,0.5,0.5272727272727272,True,True,1,0,0.3,11,26,0.2972972972972973,0.15,20,0.0,0.065,0.023333333333333334,-0.04166666666666667,0.0,"[0, 2, 1, 0]"
revocation,0.05,0.7,0.0,43,6,False,0.20647425873758593,0.22258627172459894,0.25,0.5,0.5172413793103449,False,True,1,0,0.3,10,33,0.23255813953488372,0.2857142857142857,30,0.0,0.065,0.023333333333333334,-0.04166666666666667,0.0,"[0, 2, 1, 0]"
revocation,0.05,0.7,0.0,43,7,False,0.2307485511960466,0.3231897037934492,0.2,0.5384615384615384,0.4927536231884058,False,True,1,0,0.4,12,26,0.3157894736842105,0.30434782608695654,42,0.0,0.065,0.030000000000000002,-0.035,0.0,"[0, 2, 2, 0]"
revocation,0.05,0.7,0.0,43,8,False,0.23139474673036828,0.30905894451175353,0.2,0.5333333333333333,0.47435897435897434,False,True,1,0,0.5,17,32,0.3469387755102041,0.3103448275862069,59,0.0,0.065,0.026000000000000002,-0.039,0.0,"[0, 3, 2, 0]"
revocation,0.05,0.7,0.0,43,9,False,0.22969685369856982,0.2845719861615929,0.15,0.5319148936170213,0.4634146341463415,False,True,1,0,0.7,17,29,0.3695652173913043,0.24242424242424243,76,0.0,0.065,0.027142857142857142,-0.03785714285714286,0.0,"[0, 4, 3, 0]"
revocation,0.05,0.7,0.0,43,10,False,0.220899013900301,0.27064052808273314,0.1,0.5306122448979592,0.45454545454545453,False,True,1,0,0.8,17,25,0.40476190476190477,0.28205128205128205,93,0.0,0.065,0.030000000000000002,-0.035,0.0,"[0, 4, 4, 0]"
revocation,0.05,0.7,0.0,43,11,False,0.21304268147785735,0.24837513290415514,0.0,0.5535714285714286,0.4329896907216495,True,True,2,0,0.6,15,25,0.375,0.2,86,0.0,0.065,0.01,-0.055,0.0,"[0, 6, 0, 0]"
revocation,0.05,0.7,0.0,43,12,False,0.17406772539410728,0.18903403522499135,0.0,0.55,0.43564356435643564,False,True,2,0,0.6,12,24,0.3333333333333333,0.35,98,0.0,0.065,0.01,-0.055,0.0,"[0, 6, 0, 0]"
revocation,0.05,0.7,0.0,43,13,False,0.15555079404558048,0.18552552641874354,0.0,0.5692307692307692,0.4205607476635514,False,True,2,0,0.7,17,27,0.38636363636363635,0.4,115,0.0,0.065,0.01,-0.055,0.0,"[0, 7, 0, 0]"
revocation,0.05,0.7,0.0,43,14,False,0.15237738124847106,0.18914414481405767,0.0,0.5735294117647058,0.41964285714285715,False,True,2,0,0.8,17,19,0.4722222222222222,0.35,132,0.0,0.065,0.01,-0.055,0.0,"[0, 8, 0, 0]"
revocation,0.05,0.7,0.0,43,15,False,0.15178303593635328,0.18560810861054328,0.0,0.581081081081081,0.4117647058823529,False,True,2,0,0.8,16,23,0.41025641025641024,0.35,148,0.0,0.065,0.01,-0.055,0.0,"[0, 8, 0, 0]"
revocation,0.05,0.7,0.0,43,16,False,0.15133727695226498,0.18295608145790748,0.0,0.6075949367088608,0.4,False,True,2,0,0.8,21,21,0.5,0.4,169,0.0,0.065,0.01,-0.055,0.0,"[0, 8, 0, 0]"
revocation,0.05,0.7,0.0,43,17,False,0.1563601005713416,0.18721706109343061,0.0,0.5813953488372093,0.42105263157894735,True,True,3,0,0.0,20,15,0.5714285714285714,0.0,0,0.0,0.065,0.065,0.0,0.0,"[0, 0, 0, 0]"
revocation,0.05,0.7,0.0,43,18,False,0.1172700754285062,0.14041279582007296,0.0,0.5934065934065934,0.41007194244604317,False,True,3,0,0.1,0,34,0.0,0.0,0,0.0,0.065,0.01,-0.055,0.0,"[0, 1, 0, 0]"
revocation,0.05,0.7,0.0,43,19,False,0.08795255657137965,0.10530959686505473,0.0,0.6063829787234043,0.3986013986013986,False,True,3,0,0.4,3,38,0.07317073170731707,0.3333333333333333,3,0.0,0.065,0.0075,-0.0575,0.0,"[1, 3, 0, 0]"
revocation,0.05,0.7,0.0,43,20,False,0.07786917933329664,0.11453336489722882,0.0,0.6041666666666666,0.3841059602649007,False,True,3,0,0.5,13,29,0.30952380952380953,0.5625,16,0.0,0.065,0.046,-0.019000000000000003,0.0,"[1, 3, 0, 1]"
revocation,0.05,0.7,0.0,43,21,False,0.08136106817344188,0.16625716653006448,0.0,0.6161616161616161,0.3782051282051282,False,True,3,0,0.5,11,33,0.25,0.44,27,0.0,0.065,0.046,-0.019000000000000003,0.0,"[1, 3, 0, 1]"
revocation,0.05,0.7,0.0,43,22,False,0.08066365827293855,0.19344287489754836,0.0,0.6138613861386139,0.37888198757763975,False,True,3,0,0.6,17,30,0.3617021276595745,0.5333333333333333,44,0.0,0.065,0.03833333333333334,-0.026666666666666665,0.0,"[2, 3, 0, 1]"
revocation,0.05,0.7,0.0,43,23,False,0.08966441037137056,0.22633215617316127,0.0,0.6190476190476191,0.37575757575757573,True,True,4,0,0.6,12,34,0.2608695652173913,0.6071428571428571,50,0.0,0.065,0.013333333333333334,-0.051666666666666666,0.0,"[2, 3, 1, 0]"
revocation,0.05,0.7,0.0,43,24,False,0.10028402206424222,0.26974911712987093,0.0,0.6181818181818182,0.37209302325581395,False,True,4,0,0.6,16,31,0.3404255319148936,0.4,66,0.0,0.065,0.013333333333333334,-0.051666666666666666,0.0,"[2, 3, 1, 0]"
revocation,0.05,0.7,0.0,43,25,False,0.10831741215257727,0.2773118378474032,0.0,0.6260869565217392,0.3651685393258427,False,True,4,0,0.6,16,30,0.34782608695652173,0.3023255813953488,82,0.0,0.065,0.013333333333333334,-0.051666666666666666,0.0,"[2, 3, 1, 0]"
revocation,0.05,0.7,0.0,43,26,False,0.1072249012196961,0.2767338783855524,0.0,0.628099173553719,0.3621621621621622,False,True,4,0,0.7,12,23,0.34285714285714286,0.2916666666666667,94,0.0,0.065,0.012857142857142857,-0.052142857142857144,0.0,"[2, 4, 1, 0]"
revocation,0.05,0.7,0.0,43,27,False,0.11657939020048637,0.2825504087891643,0.0,0.6341463414634146,0.3631578947368421,True,True,5,0,0.4,19,20,0.48717948717948717,0.034482758620689655,34,0.0,0.065,0.015000000000000001,-0.05,0.0,"[2, 1, 1, 0]"
revocation,0.05,0.7,0.0,43,28,False,0.08941866963449176,0.21191280659187323,0.0,0.6377952755905512,0.358974358974359,False,True,5,0,0.7,4,35,0.10256410256410256,0.06666666666666667,38,0.0,0.065,0.011428571428571429,-0.053571428571428575,0.0,"[3, 3, 1, 0]"
revocation,0.05,0.7,0.0,43,29,False,0.0706354307972974,0.15893460494390493,0.0,0.6307692307692307,0.36,False,True,5,0,0.9,23,20,0.5348837209302325,0.2,61,0.0,0.065,0.015555555555555557,-0.049444444444444444,0.0,"[3, 4, 2, 0]"
revocation,0.05,0.7,0.0,43,30,False,0.07619085881225876,0.12753428704126205,0.0,0.6323529411764706,0.357487922705314,False,True,5,0,1.0,30,12,0.7142857142857143,0.25862068965517243,91,0.0,0.065,0.019,-0.046,0.0,"[3, 4, 3, 0]"
revocation,0.05,0.7,0.0,43,31,False,0.08630981077586074,0.15202935933008338,0.0,0.6293706293706294,0.3615023474178404,False,True,5,0,1.0,34,7,0.8292682926829268,0.21666666666666667,125,0.0,0.065,0.019,-0.046,0.0,"[3, 4, 3, 0]"
revocation,0.05,0.7,0.0,43,32,False,0.08973235808189554,0.17027201949756254,0.0,0.6241610738255033,0.36363636363636365,False,True,5,0,1.0,24,16,0.6,0.25,149,0.0,0.065,0.019,-0.046,0.0,"[3, 4, 3, 0]"
revocation,0.05,0.7,0.0,43,33,False,0.09587069713285024,0.1902040146231719,0.0,0.6143790849673203,0.3705357142857143,False,True,5,0,1.0,40,11,0.7843137254901961,0.3333333333333333,189,0.0,0.065,0.019,-0.046,0.0,"[3, 4, 3, 0]"
revocation,0.05,0.7,0.0,43,34,False,0.10940302284963767,0.2239030109673789,0.0,0.6172839506172839,0.36909871244635195,False,True,5,0,1.0,25,12,0.6756756756756757,0.35,214,0.0,0.065,0.019,-0.046,0.0,"[3, 4, 3, 0]"
revocation,0.05,0.7,0.0,43,35,False,0.12044512428008539,0.25542725822553414,0.0,0.6023391812865497,0.38016528925619836,False,True,5,0,1.0,24,12,0.6666666666666666,0.31666666666666665,238,0.0,0.065,0.019,-0.046,0.0,"[3, 4, 3, 0]"
revocation,0.05,0.7,0.0,43,36,False,0.12426241463863545,0.2728204436691506,0.0,0.6057142857142858,0.3765182186234818,False,True,5,0,1.0,29,13,0.6904761904761905,0.35,267,0.0,0.065,0.019,-0.046,0.0,"[3, 4, 3, 0]"
revocation,0.05,0.7,0.0,43,37,False,0.1306968109789766,0.29836533275186294,0.0,0.6033519553072626,0.38188976377952755,False,True,5,0,1.0,26,14,0.65,0.3,293,0.0,0.065,0.019,-0.046,0.0,"[3, 4, 3, 0]"
revocation,0.05,0.7,0.0,43,38,False,0.1301654653770896,0.31127399956389723,0.0,0.6021505376344086,0.38549618320610685,True,True,6,0,0.8,27,10,0.7297297297297297,0.5,259,0.0,0.065,0.005,-0.060000000000000005,0.0,"[4, 4, 0, 0]"
revocation,0.05,0.7,0.0,43,39,False,0.1378026704613886,0.3272054996729229,0.0,0.5927835051546392,0.39114391143911437,False,True,6,0,0.8,21,18,0.5384615384615384,0.55,280,0.0,0.065,0.005,-0.060000000000000005,0.0,"[4, 4, 0, 0]"
revocation,0.05,0.7,0.0,44,0,False,0.0,0.0,0.0,0.0,1.0,False,True,0,0,0.1,0,0,0.0,0.0,0,0.0,0.065,0.01,-0.055,0.0,"[0, 1, 0, 0]"
revocation,0.05,0.7,0.0,44,1,False,0.0,0.0,0.3,0.3,0.7307692307692307,False,True,0,0,0.2,7,35,0.16666666666666666,0.14285714285714285,7,0.0,0.065,0.01,-0.055,0.0,"[0, 2, 0, 0]"
revocation,0.05,0.7,0.0,44,2,False,0.06938775510204082,0.075,0.35714285714285715,0.35714285714285715,0.7096774193548387,False,True,0,0,0.4,7,32,0.1794871794871795,0.2857142857142857,14,0.0,0.065,0.0075,-0.0575,0.0,"[1, 3, 0, 0]"
revocation,0.05,0.7,0.0,44,3,False,0.13749999999999998,0.14553571428571427,0.45,0.47619047619047616,0.5952380952380952,False,True,0,0,0.7,9,25,0.2647058823529412,0.25,23,0.0,0.065,0.03428571428571429,-0.030714285714285715,0.0,"[2, 4, 0, 1]"
revocation,0.05,0.7,0.0,44,4,False,0.20491071428571428,0.2216517857142857,0.4,0.5,0.5652173913043478,True,True,1,0,0.4,23,18,0.5609756097560976,0.0,3,0.0,0.065,0.052500000000000005,-0.012499999999999997,0.0,"[2, 1, 0, 1]"
revocation,0.05,0.7,0.0,44,5,False,0.24654017857142857,0.2662388392857143,0.3,0.5172413793103449,0.5576923076923077,False,True,1,0,0.5,1,42,0.023255813953488372,0.0,4,0.0,0.065,0.082,0.017,0.0,"[2, 1, 0, 2]"
revocation,0.05,0.7,0.0,44,6,False,0.2545479910714286,0.27467912946428574,0.25,0.5588235294117647,0.5344827586206896,True,True,2,0,0.3,7,30,0.1891891891891892,0.2222222222222222,9,0.0,0.065,0.0033333333333333335,-0.06166666666666667,0.0,"[2, 1, 0, 0]"
revocation,0.05,0.7,0.0,44,7,False,0.2529149615575397,0.2685093470982143,0.1,0.5365853658536586,0.5362318840579711,False,True,2,0,0.4,5,33,0.13157894736842105,0.21428571428571427,14,0.0,0.065,0.0025,-0.0625,0.0,"[3, 1, 0, 0]"
revocation,0.05,0.7,0.0,44,8,False,0.22421003069196427,0.2628570556640625,0.1,0.5777777777777777,0.5135135135135135,False,True,2,0,0.4,10,36,0.21739130434782608,0.20833333333333334,24,0.0,0.065,0.0025,-0.0625,0.0,"[3, 1, 0, 0]"
revocation,0.05,0.7,0.0,44,9,False,0.19920494198656025,0.24535707746233257,0.0,0.5714285714285714,0.5,False,True,2,0,0.5,4,35,0.10256410256410256,0.17857142857142858,28,0.0,0.065,0.002,-0.063,0.0,"[4, 1, 0, 0]"
revocation,0.05,0.7,0.0,44,10,False,0.1618306070747155,0.21179558587452718,0.0,0.5961538461538461,0.4659090909090909,False,True,2,0,0.5,12,35,0.2553191489361702,0.1875,40,0.0,0.065,0.002,-0.063,0.0,"[4, 1, 0, 0]"
revocation,0.05,0.7,0.0,44,11,False,0.13387295530603663,0.19009668940589539,0.0,0.631578947368421,0.44086021505376344,False,True,2,0,0.7,13,31,0.29545454545454547,0.2972972972972973,53,0.0,0.065,0.008571428571428572,-0.05642857142857143,0.0,"[5, 1, 1, 0]"
revocation,0.05,0.7,0.0,44,12,False,0.12010009463078797,0.18669016411324507,0.0,0.6451612903225806,0.42424242424242425,True,True,3,0,0.7,25,20,0.5555555555555556,0.2962962962962963,56,0.0,0.065,0.03571428571428571,-0.02928571428571429,0.0,"[5, 0, 1, 1]"
revocation,0.05,0.7,0.0,44,13,False,0.11124854036084608,0.1464445342984889,0.0,0.65625,0.4117647058823529,True,True,4,0,0.7,21,18,0.5384615384615384,0.42424242424242425,75,0.0,0.065,0.014285714285714287,-0.05071428571428571,0.0,"[5, 0, 2, 0]"
revocation,0.05,0.7,0.0,44,14,False,0.12121113054535983,0.17233340072386666,0.0,0.6486486486486487,0.4107142857142857,False,True,4,0,0.9,20,16,0.5555555555555556,0.375,95,0.0,0.065,0.01666666666666667,-0.04833333333333333,0.0,"[6, 0, 3, 0]"
revocation,0.05,0.7,0.0,44,15,False,0.1310869193375913,0.1980000505429,0.0,0.6410256410256411,0.41025641025641024,True,True,5,0,0.7,25,18,0.5813953488372093,0.6,82,0.0,0.065,0.0,-0.065,0.0,"[7, 0, 0, 0]"
revocation,0.05,0.7,0.0,44,16,False,0.14117233236033633,0.223500037907175,0.0,0.6419753086419753,0.4083333333333333,False,True,5,0,0.7,25,23,0.5208333333333334,0.5,107,0.0,0.065,0.0,-0.065,0.0,"[7, 0, 0, 0]"
revocation,0.05,0.7,0.0,44,17,False,0.14159353498453797,0.23012502843038124,0.0,0.6206896551724138,0.41732283464566927,False,True,5,0,0.8,14,26,0.35,0.65,121,0.0,0.065,0.0,-0.065,0.0,"[8, 0, 0, 0]"
revocation,0.05,0.7,0.0,44,18,False,0.16423086552411775,0.2538437713227859,0.0,0.6373626373626373,0.39849624060150374,False,True,5,0,0.9,12,22,0.35294117647058826,0.55,133,0.0,0.065,0.0,-0.065,0.0,"[9, 0, 0, 0]"
revocation,0.05,0.7,0.0,44,19,False,0.18210172057165974,0.2591328284920894,0.0,0.648936170212766,0.3897058823529412,False,True,5,0,1.0,23,19,0.5476190476190477,0.6,156,0.0,0.065,0.001,-0.064,0.0,"[9, 1, 0, 0]"
revocation,0.05,0.7,0.0,44,20,False,0.2008620047144591,0.26934962136906704,0.0,0.66,0.38028169014084506,False,True,5,0,1.0,25,13,0.6578947368421053,0.46153846153846156,181,0.0,0.065,0.001,-0.064,0.0,"[9, 1, 0, 0]"
revocation,0.05,0.7,0.0,44,21,False,0.2149322178215586,0.27701221602680026,0.0,0.6509433962264151,0.38,False,True,5,0,1.0,30,9,0.7692307692307693,0.36363636363636365,211,0.0,0.065,0.001,-0.064,0.0,"[9, 1, 0, 0]"
revocation,0.05,0.7,0.0,44,22,False,0.22150136116836677,0.27650916202010023,0.0,0.6513761467889908,0.37662337662337664,False,True,5,0,1.0,26,13,0.6666666666666666,0.38461538461538464,237,0.0,0.065,0.001,-0.064,0.0,"[9, 1, 0, 0]"
revocation,0.05,0.7,0.0,44,23,False,0.23764857726725253,0.2886318715150752,0.0,0.6521739130434783,0.375,False,True,5,0,1.0,27,15,0.6428571428571429,0.325,264,0.0,0.065,0.001,-0.064,0.0,"[9, 1, 0, 0]"
revocation,0.05,0.7,0.0,44,24,False,0.23895071866472511,0.2852239036363064,0.0,0.6507936507936508,0.378698224852071,False,True,5,0,1.0,22,10,0.6875,0.35,286,0.0,0.065,0.001,-0.064,0.0,"[9, 1, 0, 0]"
revocation,0.05,0.7,0.0,44,25,False,0.2452844675699724,0.2889179277272298,0.0,0.6589147286821705,0.3699421965317919,False,True,5,0,1.0,28,10,0.7368421052631579,0.325,314,0.0,0.065,0.001,-0.064,0.0,"[9, 1, 0, 0]"
revocation,0.05,0.7,0.0,44,26,False,0.24914192210605074,0.29168844579542236,0.0,0.6444444444444445,0.37777777777777777,False,True,5,0,1.0,32,10,0.7619047619047619,0.35,346,0.0,0.065,0.001,-0.064,0.0,"[9, 1, 0, 0]"
revocation,0.05,0.7,0.0,44,27,False,0.2529278701509666,0.2937663343465668,0.0,0.6428571428571429,0.37433155080213903,False,True,5,0,1.0,26,14,0.65,0.4,372,0.0,0.065,0.001,-0.064,0.0,"[9, 1, 0, 0]"
revocation,0.05,0.7,0.0,44,28,False,0.26201733118465353,0.30157475075992507,0.0,0.6438356164383562,0.37305699481865284,False,True,5,0,1.0,27,12,0.6923076923076923,0.35,399,0.0,0.065,0.001,-0.064,0.0,"[9, 1, 0, 0]"
revocation,0.05,0.7,0.0,44,29,False,0.258120141245633,0.29493106306994377,0.0,0.6217948717948718,0.39303482587064675,False,True,5,0,1.0,33,9,0.7857142857142857,0.45,432,0.0,0.065,0.001,-0.064,0.0,"[9, 1, 0, 0]"
revocation,0.05,0.7,0.0,44,30,False,0.27216153450565334,0.3086982973024578,0.0,0.6257668711656442,0.3875598086124402,False,True,5,0,1.0,31,14,0.6888888888888889,0.325,463,0.0,0.065,0.001,-0.064,0.0,"[9, 1, 0, 0]"
revocation,0.05,0.7,0.0,44,31,False,0.25144257945066856,0.28152372297684336,0.0,0.6204819277108434,0.3915094339622642,False,True,5,0,1.0,33,12,0.7333333333333333,0.425,496,0.0,0.065,0.001,-0.064,0.0,"[9, 1, 0, 0]"
revocation,0.05,0.7,0.0,44,32,False,0.2617962203022871,0.29239279223263254,0.0,0.6235294117647059,0.39069767441860465,False,True,5,0,1.0,29,11,0.725,0.4,525,0.0,0.065,0.001,-0.064,0.0,"[9, 1, 0, 0]"
revocation,0.05,0.7,0.0,44,33,False,0.26866859379814395,0.3005445941744744,0.0,0.6214689265536724,0.3901345291479821,False,True,5,0,1.0,33,6,0.8461538461538461,0.4,558,0.0,0.065,0.001,-0.064,0.0,"[9, 1, 0, 0]"
revocation,0.05,0.7,0.0,44,34,False,0.2693585882057508,0.3004084456308558,0.0,0.6229508196721312,0.391304347826087,False,True,5,0,1.0,26,17,0.6046511627906976,0.475,584,0.0,0.065,0.001,-0.064,0.0,"[9, 1, 0, 0]"
revocation,0.05,0.7,0.0,44,35,False,0.2770189411543131,0.3065563342231418,0.0,0.6137566137566137,0.39574468085106385,False,True,5,0,1.0,31,14,0.6888888888888889,0.325,615,0.0,0.065,0.001,-0.064,0.0,"[9, 1, 0, 0]"
revocation,0.05,0.7,0.0,44,36,False,0.25508563443716337,0.27991725066735634,0.0,0.616580310880829,0.3900414937759336,False,True,5,0,1.0,24,18,0.5714285714285714,0.475,639,0.0,0.065,0.001,-0.064,0.0,"[9, 1, 0, 0]"
revocation,0.05,0.7,0.0,44,37,False,0.2618499401135868,0.28493793800051725,0.0,0.6180904522613065,0.3870967741935484,False,True,5,0,1.0,28,14,0.6666666666666666,0.4,667,0.0,0.065,0.001,-0.064,0.0,"[9, 1, 0, 0]"
revocation,0.05,0.7,0.0,44,38,False,0.25531602651376156,0.27620345350038794,0.0,0.6097560975609756,0.39215686274509803,False,True,5,0,1.0,29,9,0.7631578947368421,0.475,696,0.0,0.065,0.001,-0.064,0.0,"[9, 1, 0, 0]"
revocation,0.05,0.7,0.0,44,39,False,0.2709513055996069,0.294652590125291,0.0,0.6067961165048543,0.3953488372093023,False,True,5,0,1.0,32,12,0.7272727272727273,0.3,728,0.0,0.065,0.001,-0.064,0.0,"[9, 1, 0, 0]"
revocation,0.05,0.7,0.0,45,0,False,0.0,0.0,0.0,0.0,1.0,False,True,0,0,0.1,0,0,0.0,0.0,0,0.0,0.065,0.0,-0.065,0.0,"[1, 0, 0, 0]"
revocation,0.05,0.7,0.0,45,1,False,0.0,0.0,0.35294117647058826,0.35294117647058826,0.7931034482758621,False,True,0,0,0.1,4,36,0.1,0.0,4,0.0,0.065,0.0,-0.065,0.0,"[1, 0, 0, 0]"
revocation,0.05,0.7,0.0,45,2,False,0.08193277310924371,0.08823529411764706,0.3333333333333333,0.3333333333333333,0.75,False,True,0,0,0.1,1,44,0.022222222222222223,0.0,5,0.0,0.065,0.0,-0.065,0.0,"[1, 0, 0, 0]"
revocation,0.05,0.7,0.0,45,3,False,0.13883053221288516,0.14950980392156862,0.35,0.4090909090909091,0.6842105263157895,False,True,0,0,0.3,1,42,0.023255813953488372,0.0,6,0.0,0.065,0.0,-0.065,0.0,"[3, 0, 0, 0]"
revocation,0.05,0.7,0.0,45,4,False,0.17912289915966384,0.19963235294117646,0.3,0.46153846153846156,0.6136363636363636,False,True,0,0,0.4,9,27,0.25,0.5333333333333333,15,0.0,0.065,0.0,-0.065,0.0,"[4, 0, 0, 0]"
revocation,0.05,0.7,0.0,45,5,False,0.2218421743697479,0.25389093137254903,0.25,0.4444444444444444,0.5957446808510638,False,True,0,0,0.6,23,21,0.5227272727272727,0.5,38,0.0,0.065,0.0,-0.065,0.0,"[6, 0, 0, 0]"
revocation,0.05,0.7,0.0,45,6,False,0.2467387736344538,0.2841681985294118,0.2,0.45454545454545453,0.5740740740740741,False,True,0,0,0.7,22,18,0.55,0.6,60,0.0,0.065,0.0,-0.065,0.0,"[7, 0, 0, 0]"
revocation,0.05,0.7,0.0,45,7,False,0.27076836594012604,0.3131261488970588,0.15,0.4722222222222222,0.5517241379310345,False,True,0,0,0.8,24,21,0.5333333333333333,0.5,84,0.0,0.065,0.0,-0.065,0.0,"[8, 0, 0, 0]"
revocation,0.05,0.7,0.0,45,8,False,0.27807627445509453,0.3160946116727941,0.0,0.46511627906976744,0.5373134328358209,False,True,0,0,1.0,27,16,0.627906976744186,0.4,111,0.0,0.065,0.0,-0.065,0.0,"[10, 0, 0, 0]"
revocation,0.05,0.7,0.0,45,9,False,0.2585572058413209,0.2870709587545956,0.0,0.5,0.5068493150684932,False,True,0,0,1.0,30,11,0.7317073170731707,0.7,141,0.0,0.065,0.0,-0.065,0.0,"[10, 0, 0, 0]"
revocation,0.05,0.7,0.0,45,10,False,0.2814179043809907,0.30280321906594665,0.0,0.5098039215686274,0.5,False,True,0,0,1.0,31,14,0.6888888888888889,0.55,172,0.0,0.065,0.0,-0.065,0.0,"[10, 0, 0, 0]"
revocation,0.05,0.7,0.0,45,11,False,0.279813428285743,0.29585241429945996,0.0,0.5178571428571429,0.49382716049382713,False,True,0,0,1.0,29,15,0.6590909090909091,0.5,201,0.0,0.065,0.0,-0.065,0.0,"[10, 0, 0, 0]"
revocation,0.05,0.7,0.0,45,12,False,0.2723600712143072,0.28438931072459495,0.0,0.4838709677419355,0.5056179775280899,False,True,0,0,1.0,33,9,0.7857142857142857,0.6,234,0.0,0.065,0.0,-0.065,0.0,"[10, 0, 0, 0]"
revocation,0.05,0.7,0.0,45,13,False,0.27927005341073047,0.2882919830434462,0.0,0.5074626865671642,0.4946236559139785,False,True,0,0,1.0,31,10,0.7560975609756098,0.5,265,0.0,0.065,0.0,-0.065,0.0,"[10, 0, 0, 0]"
revocation,0.05,0.7,0.0,45,14,False,0.2719525400580478,0.27871898728258465,0.0,0.4794520547945205,0.504950495049505,False,True,0,0,1.0,29,13,0.6904761904761905,0.5,294,0.0,0.065,0.0,-0.065,0.0,"[10, 0, 0, 0]"
revocation,0.05,0.7,0.0,45,15,False,0.26646440504353586,0.2715392404619385,0.0,0.5063291139240507,0.48148148148148145,False,True,0,0,1.0,28,17,0.6222222222222222,0.35,322,0.0,0.065,0.0,-0.065,0.0,"[10, 0, 0, 0]"
revocation,0.05,0.7,0.0,45,16,False,0.2435983037826519,0.24740443034645387,0.0,0.5121951219512195,0.4732142857142857,False,True,0,0,1.0,32,17,0.6530612244897959,0.55,354,0.0,0.065,0.0,-0.065,0.0,"[10, 0, 0, 0]"
revocation,0.05,0.7,0.0,45,17,False,0.2514487278369889,0.2543033227598404,0.0,0.5172413793103449,0.4745762711864407,False,True,0,0,1.0,29,18,0.6170212765957447,0.4,383,0.0,0.065,0.0,-0.065,0.0,"[10, 0, 0, 0]"
revocation,0.05,0.7,0.0,45,18,False,0.2385865458777417,0.2407274920698803,0.0,0.5274725274725275,0.4672131147540984,False,True,0,0,1.0,35,11,0.7608695652173914,0.6,418,0.0,0.065,0.0,-0.065,0.0,"[10, 0, 0, 0]"
revocation,0.05,0.7,0.0,45,19,False,0.2539399094083063,0.25554561905241024,0.0,0.5157894736842106,0.47244094488188976,False,True,0,0,1.0,29,15,0.6590909090909091,0.45,447,0.0,0.065,0.0,-0.065,0.0,"[10, 0, 0, 0]"
revocation,0.05,0.7,0.0,45,20,False,0.24670493205622973,0.24790921428930768,0.0,0.54,0.44776119402985076,False,True,0,0,1.0,24,11,0.6857142857142857,0.6,471,0.0,0.065,0.0,-0.065,0.0,"[10, 0, 0, 0]"
revocation,0.05,0.7,0.0,45,21,False,0.2600286990421723,0.26093191071698074,0.0,0.5490196078431373,0.4411764705882353,False,True,0,0,1.0,24,15,0.6153846153846154,0.6,495,0.0,0.065,0.0,-0.065,0.0,"[10, 0, 0, 0]"
revocation,0.05,0.7,0.0,45,22,False,0.27002152428162923,0.27069893303773557,0.0,0.5471698113207547,0.44366197183098594,False,True,0,0,1.0,32,11,0.7441860465116279,0.6,527,0.0,0.065,0.0,-0.065,0.0,"[10, 0, 0, 0]"
revocation,0.05,0.7,0.0,45,23,False,0.2775161432112219,0.2780241997783017,0.0,0.5545454545454546,0.4391891891891892,False,True,0,0,1.0,25,15,0.625,0.55,552,0.0,0.065,0.0,-0.065,0.0,"[10, 0, 0, 0]"
revocation,0.05,0.7,0.0,45,24,False,0.27688710740841643,0.2772681498337263,0.0,0.5614035087719298,0.43137254901960786,False,True,0,0,1.0,38,12,0.76,0.55,590,0.0,0.065,0.0,-0.065,0.0,"[10, 0, 0, 0]"
revocation,0.05,0.7,0.0,45,25,False,0.27641533055631234,0.2767011123752947,0.0,0.5689655172413793,0.4230769230769231,False,True,0,0,1.0,37,14,0.7254901960784313,0.45,627,0.0,0.065,0.0,-0.065,0.0,"[10, 0, 0, 0]"
revocation,0.05,0.7,0.0,45,26,False,0.26356149791723427,0.26377583428147106,0.0,0.5887096774193549,0.4110429447852761,False,True,0,0,1.0,34,10,0.7727272727272727,0.4,661,0.0,0.065,0.0,-0.065,0.0,"[10, 0, 0, 0]"
revocation,0.05,0.7,0.0,45,27,False,0.2476711234379257,0.24783187571110327,0.0,0.5769230769230769,0.42011834319526625,False,True,0,0,1.0,34,9,0.7906976744186046,0.7,695,0.0,0.065,0.0,-0.065,0.0,"[10, 0, 0, 0]"
revocation,0.05,0.7,0.0,45,28,False,0.27325334257844425,0.2733739067833274,0.0,0.5507246376811594,0.43820224719101125,False,True,0,0,1.0,25,14,0.6410256410256411,0.65,720,0.0,0.065,0.0,-0.065,0.0,"[10, 0, 0, 0]"
revocation,0.05,0.7,0.0,45,29,False,0.2861900069338332,0.28628043008749554,0.0,0.5571428571428572,0.4262295081967213,False,True,0,0,1.0,32,11,0.7441860465116279,0.65,752,0.0,0.065,0.0,-0.065,0.0,"[10, 0, 0, 0]"
revocation,0.05,0.7,0.0,45,30,False,0.29589250520037486,0.29596032256562166,0.0,0.5675675675675675,0.42328042328042326,False,True,0,0,1.0,23,15,0.6052631578947368,0.65,775,0.0,0.065,0.0,-0.065,0.0,"[10, 0, 0, 0]"
revocation,0.05,0.7,0.0,45,31,False,0.3031693789002811,0.30322024192421626,0.0,0.5657894736842105,0.4270833333333333,False,True,0,0,1.0,31,14,0.6888888888888889,0.55,806,0.0,0.065,0.0,-0.065,0.0,"[10, 0, 0, 0]"
revocation,0.05,0.7,0.0,45,32,False,0.29612703417521086,0.2961651814431622,0.0,0.5641025641025641,0.4271356783919598,False,True,0,0,1.0,25,14,0.6410256410256411,0.75,831,0.0,0.065,0.0,-0.065,0.0,"[10, 0, 0, 0]"
revocation,0.05,0.7,0.0,45,33,False,0.3158452756314082,0.31587388608237166,0.0,0.5625,0.4264705882352941,False,True,0,0,1.0,36,7,0.8372093023255814,0.6,867,0.0,0.065,0.0,-0.065,0.0,"[10, 0, 0, 0]"
revocation,0.05,0.7,0.0,45,34,False,0.3118839567235561,0.3119054145617787,0.0,0.558282208588957,0.42788461538461536,False,True,0,0,1.0,34,11,0.7555555555555555,0.5,901,0.0,0.065,0.0,-0.065,0.0,"[10, 0, 0, 0]"
revocation,0.05,0.7,0.0,45,35,False,0.29641296754266705,0.29642906092133403,0.0,0.562874251497006,0.42452830188679247,False,True,0,0,1.0,33,13,0.717391304347826,0.5,934,0.0,0.065,0.0,-0.065,0.0,"[10, 0, 0, 0]"
revocation,0.05,0.7,0.0,45,36,False,0.2848097256570003,0.2848217956910005,0.0,0.5664739884393064,0.42201834862385323,False,True,0,0,1.0,29,7,0.8055555555555556,0.55,963,0.0,0.065,0.0,-0.065,0.0,"[10, 0, 0, 0]"
revocation,0.05,0.7,0.0,45,37,False,0.28235729424275025,0.2823663467682504,0.0,0.5642458100558659,0.42410714285714285,False,True,0,0,1.0,27,10,0.7297297297297297,0.55,990,0.0,0.065,0.0,-0.065,0.0,"[10, 0, 0, 0]"
revocation,0.05,0.7,0.0,45,38,False,0.2805179706820627,0.28052476007618776,0.0,0.5604395604395604,0.42731277533039647,False,True,0,0,1.0,33,9,0.7857142857142857,0.6,1023,0.0,0.065,0.0,-0.065,0.0,"[10, 0, 0, 0]"
revocation,0.05,0.7,0.0,45,39,False,0.285388478011547,0.28539357005714083,0.0,0.5614973262032086,0.4267241379310345,False,True,0,0,1.0,36,11,0.7659574468085106,0.5,1059,0.0,0.065,0.0,-0.065,0.0,"[10, 0, 0, 0]"
revocation,0.05,0.7,0.0,46,0,False,0.0,0.0,0.0,0.0,1.0,False,True,0,0,0.1,0,0,0.0,0.0,0,0.0,0.065,0.05,-0.015,0.0,"[0, 0, 1, 0]"
revocation,0.05,0.7,0.0,46,1,False,0.0,0.0,0.2222222222222222,0.2222222222222222,0.8333333333333334,False,True,0,0,0.2,3,43,0.06521739130434782,0.0,3,0.0,0.065,0.030000000000000002,-0.035,0.0,"[0, 1, 1, 0]"
revocation,0.05,0.7,0.0,46,2,False,0.051587301587301584,0.05555555555555555,0.38461538461538464,0.38461538461538464,0.71875,False,True,0,0,0.3,6,29,0.17142857142857143,0.0,9,0.0,0.065,0.023333333333333334,-0.04166666666666667,0.0,"[0, 2, 1, 0]"
revocation,0.05,0.7,0.0,46,3,False,0.11423992673992675,0.13782051282051283,0.42857142857142855,0.42857142857142855,0.6944444444444444,False,True,0,0,0.5,9,30,0.23076923076923078,0.05555555555555555,18,0.0,0.065,0.026000000000000002,-0.039,0.0,"[0, 3, 2, 0]"
revocation,0.05,0.7,0.0,46,4,False,0.1651867477760335,0.21050824175824176,0.6,0.6,0.5813953488372093,False,True,0,0,0.7,15,19,0.4411764705882353,0.030303030303030304,33,0.0,0.065,0.04857142857142858,-0.016428571428571424,0.0,"[0, 4, 2, 1]"
revocation,0.05,0.7,0.0,46,5,False,0.22299720368916795,0.3078811813186813,0.6,0.6190476190476191,0.5555555555555556,True,True,1,0,0.6,15,24,0.38461538461538464,0.029411764705882353,45,0.0,0.065,0.023333333333333334,-0.04166666666666667,0.0,"[0, 4, 2, 0]"
revocation,0.05,0.7,0.0,46,6,False,0.26635504562401885,0.380910885989011,0.55,0.64,0.5192307692307693,True,True,2,0,0.4,15,22,0.40540540540540543,0.0,17,0.0,0.065,0.04,-0.025,0.0,"[0, 1, 3, 0]"
revocation,0.05,0.7,0.0,46,7,False,0.31762342707515695,0.42318316449175825,0.5,0.6296296296296297,0.509090909090909,True,True,3,0,0.1,8,36,0.18181818181818182,0.0,0,0.0,0.065,0.01,-0.055,0.0,"[0, 1, 0, 0]"
revocation,0.05,0.7,0.0,46,8,False,0.3632175703063677,0.44238737336881867,0.45,0.6333333333333333,0.4915254237288136,False,True,3,0,0.1,3,39,0.07142857142857142,0.3333333333333333,3,0.0,0.065,0.01,-0.055,0.0,"[0, 1, 0, 0]"
revocation,0.05,0.7,0.0,46,9,False,0.38282984439644246,0.444290530026614,0.4,0.6571428571428571,0.46153846153846156,False,True,3,0,0.2,3,38,0.07317073170731707,0.5,6,0.0,0.065,0.030000000000000002,-0.035,0.0,"[0, 1, 1, 0]"
revocation,0.05,0.7,0.0,46,10,False,0.3889080975830462,0.4347803975199605,0.4,0.6842105263157895,0.44285714285714284,False,True,3,0,0.2,2,33,0.05714285714285714,0.375,8,0.0,0.065,0.030000000000000002,-0.035,0.0,"[0, 1, 1, 0]"
revocation,0.05,0.7,0.0,46,11,False,0.3850484201260601,0.429656726711399,0.4,0.7073170731707317,0.4025974025974026,False,True,3,0,0.2,5,40,0.1111111111111111,0.3076923076923077,13,0.0,0.065,0.030000000000000002,-0.035,0.0,"[0, 1, 1, 0]"
revocation,0.05,0.7,0.0,46,12,False,0.3882993021075321,0.4186850673549778,0.4,0.7142857142857143,0.3875,False,True,3,0,0.2,5,41,0.10869565217391304,0.2777777777777778,18,0.0,0.065,0.030000000000000002,-0.035,0.0,"[0, 1, 1, 0]"
revocation,0.05,0.7,0.0,46,13,False,0.3873554289616014,0.4140138005162334,0.4,0.7209302325581395,0.38095238095238093,False,True,3,0,0.4,2,41,0.046511627906976744,0.25,20,0.0,0.065,0.065,0.0,0.0,"[1, 1, 1, 1]"
revocation,0.05,0.7,0.0,46,14,False,0.3854537773726925,0.410510350387175,0.3,0.6875,0.3888888888888889,True,True,4,0,0.3,15,23,0.39473684210526316,0.4,30,0.0,0.065,0.02,-0.045,0.0,"[1, 1, 1, 0]"
revocation,0.05,0.7,0.0,46,15,False,0.3623670563062426,0.38288276279038125,0.3,0.7037037037037037,0.375,False,True,4,0,0.3,9,32,0.21951219512195122,0.41025641025641024,39,0.0,0.065,0.02,-0.045,0.0,"[1, 1, 1, 0]"
revocation,0.05,0.7,0.0,46,16,False,0.3453647280039917,0.36216207209278595,0.25,0.6964285714285714,0.38,False,True,4,0,0.3,9,34,0.20930232558139536,0.4583333333333333,48,0.0,0.065,0.02,-0.045,0.0,"[1, 1, 1, 0]"
revocation,0.05,0.7,0.0,46,17,False,0.32251560949505725,0.33412155406958943,0.25,0.7017543859649122,0.37254901960784315,False,True,4,0,0.3,7,38,0.15555555555555556,0.4727272727272727,55,0.0,0.065,0.02,-0.045,0.0,"[1, 1, 1, 0]"
revocation,0.05,0.7,0.0,46,18,False,0.3052795642641501,0.3130911655521921,0.25,0.7017543859649122,0.36893203883495146,False,True,4,0,0.4,9,31,0.225,0.5,64,0.0,0.065,0.015000000000000001,-0.05,0.0,"[2, 1, 1, 0]"
revocation,0.05,0.7,0.0,46,19,False,0.3048525303409697,0.3850565843631457,0.15,0.6935483870967742,0.375,False,True,4,0,0.5,8,31,0.20512820512820512,0.48333333333333334,72,0.0,0.065,0.012,-0.053000000000000005,0.0,"[3, 1, 1, 0]"
revocation,0.05,0.7,0.0,46,20,False,0.2839965406128701,0.4325424382723593,0.05,0.6865671641791045,0.3728813559322034,False,True,4,0,0.7,17,25,0.40476190476190477,0.45,89,0.0,0.065,0.01,-0.055,0.0,"[4, 2, 1, 0]"
revocation,0.05,0.7,0.0,46,21,False,0.26567597688822403,0.44940682870426946,0.0,0.6901408450704225,0.36585365853658536,False,True,4,0,0.7,16,24,0.4,0.4666666666666667,105,0.0,0.065,0.01,-0.055,0.0,"[4, 2, 1, 0]"
revocation,0.05,0.7,0.0,46,22,False,0.24568555409473944,0.4558051215282021,0.0,0.7066666666666667,0.3515625,False,True,4,0,0.8,21,20,0.5121951219512195,0.4666666666666667,126,0.0,0.065,0.00875,-0.05625,0.0,"[5, 2, 1, 0]"
revocation,0.05,0.7,0.0,46,23,False,0.2485498798567689,0.4606038411461516,0.0,0.675,0.3684210526315789,False,True,4,0,0.8,28,17,0.6222222222222222,0.38333333333333336,154,0.0,0.065,0.00875,-0.05625,0.0,"[5, 2, 1, 0]"
revocation,0.05,0.7,0.0,46,24,False,0.23819812417829095,0.4392028808596137,0.05,0.6744186046511628,0.37142857142857144,False,True,4,0,0.9,21,17,0.5526315789473685,0.38333333333333336,175,0.0,0.065,0.007777777777777778,-0.05722222222222222,0.0,"[6, 2, 1, 0]"
revocation,0.05,0.7,0.0,46,25,False,0.23936287884800395,0.4356521606447103,0.05,0.6703296703296703,0.3724137931034483,False,True,4,0,0.9,35,10,0.7777777777777778,0.3,210,0.0,0.065,0.007777777777777778,-0.05722222222222222,0.0,"[6, 2, 1, 0]"
revocation,0.05,0.7,0.0,46,26,False,0.22862930199314582,0.41423912048353273,0.0,0.6458333333333334,0.39072847682119205,False,True,4,0,1.0,34,6,0.85,0.26666666666666666,244,0.0,0.065,0.008,-0.057,0.0,"[6, 3, 1, 0]"
revocation,0.05,0.7,0.0,46,27,False,0.21075769078057366,0.3794293403626495,0.0,0.6407766990291263,0.389937106918239,True,True,5,0,0.7,33,10,0.7674418604651163,0.375,218,0.0,0.065,0.0071428571428571435,-0.05785714285714286,0.0,"[6, 0, 1, 0]"
revocation,0.05,0.7,0.0,46,28,False,0.19467541094257307,0.3658220052719871,0.0,0.6330275229357798,0.39634146341463417,False,True,5,0,0.8,27,14,0.6585365853658537,0.35,245,0.0,0.065,0.0125,-0.052500000000000005,0.0,"[6, 0, 2, 0]"
revocation,0.05,0.7,0.0,46,29,False,0.18172084392121554,0.3493665039539903,0.0,0.6068376068376068,0.4127906976744186,False,True,5,0,0.9,26,10,0.7222222222222222,0.35,271,0.0,0.065,0.011111111111111112,-0.05388888888888889,0.0,"[7, 0, 2, 0]"
revocation,0.05,0.7,0.0,46,30,False,0.1827192043694831,0.33702487796549274,0.0,0.6134453781512605,0.4011299435028249,False,True,5,0,0.9,29,16,0.6444444444444445,0.375,300,0.0,0.065,0.011111111111111112,-0.05388888888888889,0.0,"[7, 0, 2, 0]"
revocation,0.05,0.7,0.0,46,31,False,0.18525368899139802,0.32776865847411957,0.0,0.608,0.40217391304347827,False,True,5,0,0.9,29,15,0.6590909090909091,0.325,329,0.0,0.065,0.011111111111111112,-0.05388888888888889,0.0,"[7, 0, 2, 0]"
revocation,0.05,0.7,0.0,46,32,False,0.1800116953149771,0.3083264938555897,0.0,0.6153846153846154,0.39267015706806285,True,True,6,0,0.9,21,14,0.6,0.8,293,0.0,0.065,0.0,-0.065,0.0,"[9, 0, 0, 0]"
revocation,0.05,0.7,0.0,46,33,False,0.22072305720051855,0.33124487039169226,0.0,0.6159420289855072,0.39800995024875624,False,True,6,0,1.0,25,18,0.5813953488372093,0.45,318,0.0,0.065,0.0,-0.065,0.0,"[10, 0, 0, 0]"
revocation,0.05,0.7,0.0,46,34,False,0.2217922929003889,0.3046836527937692,0.0,0.6013513513513513,0.3981042654028436,False,True,6,0,1.0,25,10,0.7142857142857143,0.7,343,0.0,0.065,0.0,-0.065,0.0,"[10, 0, 0, 0]"
revocation,0.05,0.7,0.0,46,35,False,0.2538442196752917,0.3160127395953269,0.0,0.6103896103896104,0.39351851851851855,False,True,6,0,1.0,26,12,0.6842105263157895,0.55,369,0.0,0.065,0.0,-0.065,0.0,"[10, 0, 0, 0]"
revocation,0.05,0.7,0.0,46,36,False,0.2591331647564688,0.3057595546964952,0.0,0.6037735849056604,0.39819004524886875,False,True,6,0,1.0,31,9,0.775,0.2,400,0.0,0.065,0.0,-0.065,0.0,"[10, 0, 0, 0]"
revocation,0.05,0.7,0.0,46,37,False,0.21934987356735158,0.2543196660223714,0.0,0.6012269938650306,0.4,False,True,6,0,1.0,25,14,0.6410256410256411,0.55,425,0.0,0.065,0.0,-0.065,0.0,"[10, 0, 0, 0]"
revocation,0.05,0.7,0.0,46,38,False,0.2332624051755137,0.2594897495167785,0.0,0.608433734939759,0.39565217391304347,False,True,6,0,1.0,28,16,0.6363636363636364,0.55,453,0.0,0.065,0.0,-0.065,0.0,"[10, 0, 0, 0]"
revocation,0.05,0.7,0.0,46,39,False,0.24369680388163525,0.2633673121375839,0.0,0.6023391812865497,0.39914163090128757,False,True,6,0,1.0,38,10,0.7916666666666666,0.55,491,0.0,0.065,0.0,-0.065,0.0,"[10, 0, 0, 0]"
revocation,0.05,0.7,0.0,47,0,False,0.0,0.0,0.0,0.0,1.0,False,True,0,0,0.2,0,0,0.0,0.0,0,0.0,0.065,0.125,0.06,0.0,"[0, 0, 1, 1]"
revocation,0.05,0.7,0.0,47,1,False,0.0,0.0,0.2857142857142857,0.2857142857142857,0.8461538461538461,False,True,0,0,0.3,2,37,0.05128205128205128,0.0,2,0.0,0.065,0.15,0.08499999999999999,0.0,"[0, 0, 1, 2]"
revocation,0.05,0.7,0.0,47,2,False,0.06632653061224489,0.07142857142857142,0.35,0.35,0.7941176470588235,True,True,1,0,0.1,6,28,0.17647058823529413,0.0,2,0.0,0.065,0.05,-0.015,0.0,"[0, 0, 1, 0]"
revocation,0.05,0.7,0.0,47,3,False,0.13099489795918368,0.14107142857142857,0.35,0.4090909090909091,0.6829268292682927,False,True,1,0,0.2,1,37,0.02631578947368421,0.0,3,0.0,0.065,0.05,-0.015,0.0,"[0, 0, 2, 0]"
revocation,0.05,0.7,0.0,47,4,False,0.17949617346938776,0.1933035714285714,0.3,0.48148148148148145,0.6122448979591837,True,True,2,0,0.1,5,33,0.13157894736842105,0.0,0,0.0,0.065,0.05,-0.015,0.0,"[0, 0, 1, 0]"
revocation,0.05,0.7,0.0,47,5,False,0.20962213010204084,0.21997767857142858,0.3,0.5,0.6078431372549019,False,True,2,0,0.1,0,43,0.0,0.0,0,0.0,0.065,0.05,-0.015,0.0,"[0, 0, 1, 0]"
revocation,0.05,0.7,0.0,47,6,False,0.23221659757653063,0.23998325892857142,0.3,0.5625,0.5535714285714286,False,True,2,0,0.2,1,36,0.02702702702702703,0.0,1,0.0,0.065,0.05,-0.015,0.0,"[0, 0, 2, 0]"
revocation,0.05,0.7,0.0,47,7,False,0.23844816246811223,0.25498744419642855,0.25,0.5714285714285714,0.5333333333333333,False,True,2,0,0.3,8,37,0.17777777777777778,0.2222222222222222,9,0.0,0.065,0.05000000000000001,-0.014999999999999993,0.0,"[0, 0, 3, 0]"
revocation,0.05,0.7,0.0,47,8,False,0.23984802661298893,0.2537405831473214,0.1,0.55,0.5303030303030303,True,True,3,0,0.0,8,38,0.17391304347826086,0.0,0,0.0,0.065,0.065,0.0,0.0,"[0, 0, 0, 0]"
revocation,0.05,0.7,0.0,47,9,False,0.2048860199597417,0.21530543736049104,0.05,0.5581395348837209,0.5138888888888888,False,True,3,0,0.0,0,42,0.0,0.0,0,0.0,0.065,0.065,0.0,0.0,"[0, 0, 0, 0]"
revocation,0.05,0.7,0.0,47,10,False,0.1661645149698063,0.1739790780203683,0.0,0.5531914893617021,0.5,False,True,3,0,0.1,0,42,0.0,0.0,0,0.0,0.065,0.0,-0.065,0.0,"[1, 0, 0, 0]"
revocation,0.05,0.7,0.0,47,11,False,0.12462338622735472,0.13048430851527623,0.0,0.56,0.47619047619047616,False,True,3,0,0.2,2,41,0.046511627906976744,0.0,2,0.0,0.065,0.0,-0.065,0.0,"[2, 0, 0, 0]"
revocation,0.05,0.7,0.0,47,12,False,0.09346753967051603,0.09786323138645717,0.0,0.5660377358490566,0.4666666666666667,False,True,3,0,0.3,7,37,0.1590909090909091,0.1111111111111111,9,0.0,0.065,0.0,-0.065,0.0,"[3, 0, 0, 0]"
revocation,0.05,0.7,0.0,47,13,False,0.07605303570526799,0.08728631242873178,0.0,0.5818181818181818,0.4479166666666667,False,True,3,0,0.5,12,28,0.3,0.15,21,0.0,0.065,0.04,-0.025,0.0,"[4, 0, 0, 1]"
revocation,0.05,0.7,0.0,47,14,False,0.0677540624932367,0.08421473432154884,0.0,0.6166666666666667,0.43137254901960786,True,True,4,0,0.5,18,22,0.45,0.15,36,0.0,0.065,0.0,-0.065,0.0,"[5, 0, 0, 0]"
revocation,0.05,0.7,0.0,47,15,False,0.06420840401278467,0.08191105074116163,0.0,0.6307692307692307,0.42592592592592593,False,True,4,0,0.6,16,28,0.36363636363636365,0.1,52,0.0,0.065,0.0,-0.065,0.0,"[6, 0, 0, 0]"
revocation,0.05,0.7,0.0,47,16,False,0.057084874438159926,0.07393328805587122,0.0,0.6231884057971014,0.42105263157894735,False,True,4,0,0.6,14,32,0.30434782608695654,0.2,66,0.0,0.065,0.0,-0.065,0.0,"[6, 0, 0, 0]"
revocation,0.05,0.7,0.0,47,17,False,0.060670798685762806,0.08044996604190341,0.0,0.6486486486486487,0.3983739837398374,False,True,4,0,0.7,15,24,0.38461538461538464,0.2,81,0.0,0.065,0.0,-0.065,0.0,"[7, 0, 0, 0]"
revocation,0.05,0.7,0.0,47,18,False,0.06336024187146497,0.08533747453142757,0.0,0.6578947368421053,0.392,False,True,4,0,0.7,20,24,0.45454545454545453,0.35,101,0.0,0.065,0.0,-0.065,0.0,"[7, 0, 0, 0]"
revocation,0.05,0.7,0.0,47,19,False,0.07877018140359872,0.10775310589857066,0.0,0.6666666666666666,0.38461538461538464,False,True,4,0,0.7,15,22,0.40540540540540543,0.25,116,0.0,0.065,0.0,-0.065,0.0,"[7, 0, 0, 0]"
revocation,0.05,0.7,0.0,47,20,False,0.0813990646241276,0.112064829423928,0.0,0.6704545454545454,0.3795620437956204,False,True,4,0,0.7,12,18,0.4,0.4,128,0.0,0.065,0.0,-0.065,0.0,"[7, 0, 0, 0]"
revocation,0.05,0.7,0.0,47,21,False,0.09676358418238142,0.134048622067946,0.0,0.6702127659574468,0.3776223776223776,False,True,4,0,0.7,22,19,0.5365853658536586,0.35,150,0.0,0.065,0.0,-0.065,0.0,"[7, 0, 0, 0]"
revocation,0.05,0.7,0.0,47,22,False,0.10382268813678608,0.1442864665509595,0.0,0.6767676767676768,0.3716216216216216,False,True,4,0,0.7,17,21,0.4473684210526316,0.3,167,0.0,0.065,0.0,-0.065,0.0,"[7, 0, 0, 0]"
revocation,0.05,0.7,0.0,47,23,False,0.10465273038830383,0.14571484991321962,0.0,0.6862745098039216,0.36423841059602646,False,True,4,0,0.9,22,23,0.4888888888888889,0.3,189,0.0,0.065,0.0,-0.065,0.0,"[9, 0, 0, 0]"
revocation,0.05,0.7,0.0,47,24,False,0.1159895477912279,0.14678613743491473,0.0,0.6727272727272727,0.37267080745341613,False,True,4,0,0.9,20,17,0.5405405405405406,0.35,209,0.0,0.065,0.0,-0.065,0.0,"[9, 0, 0, 0]"
revocation,0.05,0.7,0.0,47,25,False,0.1307421608434209,0.15383960307618605,0.0,0.6896551724137931,0.3614457831325301,False,True,4,0,1.0,27,15,0.6428571428571429,0.15,236,0.0,0.065,0.0,-0.065,0.0,"[10, 0, 0, 0]"
revocation,0.05,0.7,0.0,47,26,False,0.11680662063256568,0.13412970230713953,0.0,0.6854838709677419,0.36,False,True,4,0,1.0,28,15,0.6511627906976745,0.4,264,0.0,0.065,0.0,-0.065,0.0,"[10, 0, 0, 0]"
revocation,0.05,0.7,0.0,47,27,False,0.13760496547442427,0.15059727673035467,0.0,0.6870229007633588,0.35714285714285715,False,True,4,0,1.0,29,13,0.6904761904761905,0.35,293,0.0,0.065,0.0,-0.065,0.0,"[10, 0, 0, 0]"
revocation,0.05,0.7,0.0,47,28,False,0.14695372410581822,0.156697957547766,0.0,0.6618705035971223,0.3697916666666667,False,True,4,0,1.0,26,13,0.6666666666666666,0.5,319,0.0,0.065,0.0,-0.065,0.0,"[10, 0, 0, 0]"
revocation,0.05,0.7,0.0,47,29,False,0.17271529307936365,0.18002346816082448,0.0,0.6713286713286714,0.3604060913705584,False,True,4,0,1.0,26,17,0.6046511627906976,0.3,345,0.0,0.065,0.0,-0.065,0.0,"[10, 0, 0, 0]"
revocation,0.05,0.7,0.0,47,30,False,0.16703646980952275,0.17251760112061837,0.0,0.6666666666666666,0.36538461538461536,False,True,4,0,1.0,23,14,0.6216216216216216,0.55,368,0.0,0.065,0.0,-0.065,0.0,"[10, 0, 0, 0]"
revocation,0.05,0.7,0.0,47,31,False,0.19402735235714205,0.19813820084046377,0.0,0.6521739130434783,0.37037037037037035,False,True,4,0,1.0,24,18,0.5714285714285714,0.35,392,0.0,0.065,0.0,-0.065,0.0,"[10, 0, 0, 0]"
revocation,0.05,0.7,0.0,47,32,False,0.18927051426785654,0.19235365063034782,0.0,0.6432748538011696,0.37610619469026546,False,True,4,0,1.0,23,14,0.6216216216216216,0.45,415,0.0,0.065,0.0,-0.065,0.0,"[10, 0, 0, 0]"
revocation,0.05,0.7,0.0,47,33,False,0.1982028857008924,0.20051523797276086,0.0,0.6271186440677966,0.38626609442060084,False,True,4,0,1.0,35,13,0.7291666666666666,0.5,450,0.0,0.065,0.0,-0.065,0.0,"[10, 0, 0, 0]"
revocation,0.05,0.7,0.0,47,34,False,0.2111521642756693,0.21288642847957065,0.0,0.6277777777777778,0.38235294117647056,False,True,4,0,1.0,28,12,0.7,0.45,478,0.0,0.065,0.0,-0.065,0.0,"[10, 0, 0, 0]"
revocation,0.05,0.7,0.0,47,35,False,0.21461412320675197,0.215914821359678,0.0,0.6236559139784946,0.3868312757201646,False,True,4,0,1.0,28,11,0.717948717948718,0.45,506,0.0,0.065,0.0,-0.065,0.0,"[10, 0, 0, 0]"
revocation,0.05,0.7,0.0,47,36,False,0.217210592405064,0.21818611601975849,0.0,0.6263157894736842,0.3815261044176707,False,True,4,0,1.0,30,10,0.75,0.5,536,0.0,0.065,0.0,-0.065,0.0,"[10, 0, 0, 0]"
revocation,0.05,0.7,0.0,47,37,False,0.22540794430379799,0.22613958701481887,0.0,0.6205128205128205,0.38735177865612647,False,True,4,0,1.0,23,15,0.6052631578947368,0.5,559,0.0,0.065,0.0,-0.065,0.0,"[10, 0, 0, 0]"
revocation,0.05,0.7,0.0,47,38,False,0.2315559582278485,0.23210469026111416,0.0,0.625,0.38223938223938225,False,True,4,0,1.0,35,11,0.7608695652173914,0.5,594,0.0,0.065,0.0,-0.065,0.0,"[10, 0, 0, 0]"
revocation,0.05,0.7,0.0,47,39,False,0.23616696867088635,0.23657851769583563,0.0,0.6213592233009708,0.3849056603773585,False,True,4,0,1.0,30,12,0.7142857142857143,0.55,624,0.0,0.065,0.0,-0.065,0.0,"[10, 0, 0, 0]"
revocation,0.05,0.7,0.0,48,0,False,0.0,0.0,0.0,0.0,1.0,False,True,0,0,0.0,0,0,0.0,0.0,0,0.0,0.065,0.065,0.0,0.0,"[0, 0, 0, 0]"
revocation,0.05,0.7,0.0,48,1,False,0.0,0.0,0.2,0.2,0.9047619047619048,False,True,0,0,0.0,0,42,0.0,0.0,0,0.0,0.065,0.065,0.0,0.0,"[0, 0, 0, 0]"
revocation,0.05,0.7,0.0,48,2,False,0.05,0.05,0.23076923076923078,0.23076923076923078,0.7931034482758621,False,True,0,0,0.0,0,36,0.0,0.0,0,0.0,0.065,0.065,0.0,0.0,"[0, 0, 0, 0]"
revocation,0.05,0.7,0.0,48,3,False,0.0951923076923077,0.0951923076923077,0.3888888888888889,0.3888888888888889,0.6666666666666666,False,True,0,0,0.0,0,38,0.0,0.0,0,0.0,0.065,0.065,0.0,0.0,"[0, 0, 0, 0]"
revocation,0.05,0.7,0.0,48,4,False,0.16861645299145303,0.168616452991453,0.45,0.47619047619047616,0.6153846153846154,False,True,0,0,0.1,0,43,0.0,0.0,0,0.0,0.065,0.01,-0.055,0.0,"[0, 1, 0, 0]"
revocation,0.05,0.7,0.0,48,5,False,0.23896233974358977,0.23896233974358977,0.45,0.47619047619047616,0.6190476190476191,False,True,0,0,0.1,0,39,0.0,0.0,0,0.0,0.065,0.01,-0.055,0.0,"[0, 1, 0, 0]"
revocation,0.05,0.7,0.0,48,6,False,0.2917217548076923,0.2917217548076923,0.45,0.5416666666666666,0.5416666666666666,False,True,0,0,0.1,0,40,0.0,0.0,0,0.0,0.065,0.01,-0.055,0.0,"[0, 1, 0, 0]"
revocation,0.05,0.7,0.0,48,7,False,0.33129131610576923,0.33129131610576923,0.45,0.5769230769230769,0.5192307692307693,False,True,0,0,0.3,0,44,0.0,0.0,0,0.0,0.065,0.01,-0.055,0.0,"[0, 3, 0, 0]"
revocation,0.05,0.7,0.0,48,8,False,0.36096848707932694,0.36096848707932694,0.45,0.6071428571428571,0.49122807017543857,False,True,0,0,0.5,4,38,0.09523809523809523,0.0,4,0.0,0.065,0.008,-0.057,0.0,"[1, 4, 0, 0]"
revocation,0.05,0.7,0.0,48,9,False,0.3591192224523524,0.3832263653094952,0.35,0.59375,0.4838709677419355,False,True,0,0,0.5,11,33,0.25,0.4,15,0.0,0.065,0.008,-0.057,0.0,"[1, 4, 0, 0]"
revocation,0.05,0.7,0.0,48,10,False,0.347829676579524,0.3749197739821214,0.35,0.6060606060606061,0.46875,False,True,0,0,0.7,8,33,0.1951219512195122,0.5652173913043478,23,0.0,0.065,0.008571428571428572,-0.05642857142857143,0.0,"[1, 6, 0, 0]"
revocation,0.05,0.7,0.0,48,11,False,0.34263246151627563,0.3686898304865911,0.25,0.6153846153846154,0.4507042253521127,True,True,1,0,0.2,15,31,0.32608695652173914,1.0,12,0.0,0.065,0.005,-0.060000000000000005,0.0,"[1, 1, 0, 0]"
revocation,0.05,0.7,0.0,48,12,False,0.31947434613720677,0.3390173728649433,0.25,0.6428571428571429,0.43243243243243246,False,True,1,0,0.3,4,41,0.08888888888888889,1.0,16,0.0,0.065,0.0033333333333333335,-0.06166666666666667,0.0,"[2, 1, 0, 0]"
revocation,0.05,0.7,0.0,48,13,False,0.31549861674576224,0.4059929403629932,0.2,0.6666666666666666,0.4074074074074074,False,True,1,0,0.4,6,32,0.15789473684210525,1.0,22,0.0,0.065,0.005,-0.060000000000000005,0.0,"[2, 2, 0, 0]"
revocation,0.05,0.7,0.0,48,14,False,0.30090967684503594,0.4544947052722449,0.15,0.6730769230769231,0.3953488372093023,False,True,1,0,0.6,11,31,0.2619047619047619,0.9130434782608695,33,0.0,0.065,0.0033333333333333335,-0.06166666666666667,0.0,"[4, 2, 0, 0]"
revocation,0.05,0.7,0.0,48,15,False,0.3152655909671103,0.4783710289541836,0.1,0.6727272727272727,0.3888888888888889,False,True,1,0,0.7,16,27,0.37209302325581395,0.6538461538461539,49,0.0,0.065,0.03142857142857143,-0.03357142857142857,0.0,"[4, 2, 0, 1]"
revocation,0.05,0.7,0.0,48,16,False,0.30073490751104703,0.4587782717156377,0.1,0.6842105263157895,0.37894736842105264,False,True,1,0,0.7,21,25,0.45652173913043476,0.4666666666666667,70,0.0,0.065,0.03142857142857143,-0.03357142857142857,0.0,"[4, 2, 0, 1]"
revocation,0.05,0.7,0.0,48,17,False,0.2770392758713805,0.42533370378672825,0.1,0.7096774193548387,0.3564356435643564,False,True,1,0,0.8,25,19,0.5681818181818182,0.4722222222222222,95,0.0,0.065,0.02875,-0.036250000000000004,0.0,"[4, 3, 0, 1]"
revocation,0.05,0.7,0.0,48,18,False,0.2678756107496892,0.4127502778400462,0.0,0.6923076923076923,0.3619047619047619,False,True,1,0,0.8,17,21,0.4473684210526316,0.3181818181818182,112,0.0,0.065,0.02875,-0.036250000000000004,0.0,"[4, 3, 0, 1]"
revocation,0.05,0.7,0.0,48,19,False,0.23441234716001128,0.36581270838003466,0.0,0.704225352112676,0.35135135135135137,True,True,2,0,0.9,21,18,0.5384615384615384,0.4,125,0.0,0.065,0.003333333333333333,-0.06166666666666667,0.0,"[6, 3, 0, 0]"
revocation,0.05,0.7,0.0,48,20,False,0.22402354608429415,0.34310953128502597,0.0,0.6794871794871795,0.35833333333333334,False,True,2,0,0.9,22,12,0.6470588235294118,0.425,147,0.0,0.065,0.003333333333333333,-0.06166666666666667,0.0,"[6, 3, 0, 0]"
revocation,0.05,0.7,0.0,48,21,False,0.2180176595632206,0.3260821484637695,0.0,0.675,0.36065573770491804,False,True,2,0,0.9,33,13,0.717391304347826,0.475,180,0.0,0.065,0.003333333333333333,-0.06166666666666667,0.0,"[6, 3, 0, 0]"
revocation,0.05,0.7,0.0,48,22,False,0.21708467324384406,0.31331161134782715,0.0,0.6511627906976745,0.37209302325581395,False,True,2,0,0.9,30,13,0.6976744186046512,0.5,210,0.0,0.065,0.003333333333333333,-0.06166666666666667,0.0,"[6, 3, 0, 0]"
revocation,0.05,0.7,0.0,48,23,False,0.21995636207574018,0.30998370851087037,0.0,0.6521739130434783,0.373134328358209,False,True,2,0,0.9,32,12,0.7272727272727273,0.4,242,0.0,0.065,0.003333333333333333,-0.06166666666666667,0.0,"[6, 3, 0, 0]"
revocation,0.05,0.7,0.0,48,24,False,0.21318155727109087,0.3012377813831528,0.0,0.6521739130434783,0.37681159420289856,False,True,2,0,1.0,30,14,0.6818181818181818,0.425,272,0.0,0.065,0.004,-0.061,0.0,"[6, 4, 0, 0]"
revocation,0.05,0.7,0.0,48,25,False,0.21792188223903244,0.31342833603736464,0.0,0.6633663366336634,0.3698630136986301,False,True,2,0,1.0,24,11,0.6857142857142857,0.35,296,0.0,0.065,0.004,-0.061,0.0,"[6, 4, 0, 0]"
revocation,0.05,0.7,0.0,48,26,False,0.21165569739356002,0.3100712520280235,0.0,0.6509433962264151,0.37748344370860926,True,True,3,0,0.8,31,14,0.6888888888888889,0.7,252,0.0,0.065,0.0,-0.065,0.0,"[8, 0, 0, 0]"
revocation,0.05,0.7,0.0,48,27,False,0.23374177304517002,0.32005343902101757,0.0,0.6486486486486487,0.37579617834394907,False,True,3,0,0.8,28,18,0.6086956521739131,0.55,280,0.0,0.065,0.0,-0.065,0.0,"[8, 0, 0, 0]"
revocation,0.05,0.7,0.0,48,28,False,0.23423490121244894,0.3087900792657632,0.0,0.6324786324786325,0.39156626506024095,False,True,3,0,0.9,26,19,0.5777777777777777,0.5,306,0.0,0.065,0.0,-0.065,0.0,"[9, 0, 0, 0]"
revocation,0.05,0.7,0.0,48,29,False,0.22924760448076525,0.2940925594493224,0.0,0.616,0.39655172413793105,False,True,3,0,0.9,27,16,0.627906976744186,0.55,333,0.0,0.065,0.0,-0.065,0.0,"[9, 0, 0, 0]"
revocation,0.05,0.7,0.0,48,30,False,0.2308642747891454,0.2893194195869918,0.0,0.6136363636363636,0.39779005524861877,False,True,3,0,0.9,26,17,0.6046511627906976,0.35,359,0.0,0.065,0.0,-0.065,0.0,"[9, 0, 0, 0]"
revocation,0.05,0.7,0.0,48,31,False,0.21064820609185905,0.26073956469024384,0.0,0.6071428571428571,0.4021164021164021,False,True,3,0,0.9,21,15,0.5833333333333334,0.6,380,0.0,0.065,0.0,-0.065,0.0,"[9, 0, 0, 0]"
revocation,0.05,0.7,0.0,48,32,False,0.22227186885460856,0.27055467351768286,0.0,0.6,0.40512820512820513,False,True,3,0,1.0,27,12,0.6923076923076923,0.65,407,0.0,0.065,0.0,-0.065,0.0,"[10, 0, 0, 0]"
revocation,0.05,0.7,0.0,48,33,False,0.24795390164095643,0.2841660051382621,0.0,0.6081081081081081,0.395,False,True,3,0,1.0,37,13,0.74,0.65,444,0.0,0.065,0.0,-0.065,0.0,"[10, 0, 0, 0]"
revocation,0.05,0.7,0.0,48,34,False,0.2672154262307173,0.29437450385369657,0.0,0.6129032258064516,0.391304347826087,False,True,3,0,1.0,25,13,0.6578947368421053,0.4,469,0.0,0.065,0.0,-0.065,0.0,"[10, 0, 0, 0]"
revocation,0.05,0.7,0.0,48,35,False,0.25041156967303796,0.27078087789027244,0.0,0.6012269938650306,0.4,False,True,3,0,1.0,25,17,0.5952380952380952,0.45,494,0.0,0.065,0.0,-0.065,0.0,"[10, 0, 0, 0]"
revocation,0.05,0.7,0.0,48,36,False,0.2440586772547785,0.25933565841770434,0.0,0.5963855421686747,0.4,False,True,3,0,1.0,25,12,0.6756756756756757,0.45,519,0.0,0.065,0.0,-0.065,0.0,"[10, 0, 0, 0]"
revocation,0.05,0.7,0.0,48,37,False,0.23929400794108388,0.25075174381327825,0.0,0.6104651162790697,0.39111111111111113,False,True,3,0,1.0,32,8,0.8,0.5,551,0.0,0.065,0.0,-0.065,0.0,"[10, 0, 0, 0]"
revocation,0.05,0.7,0.0,48,38,False,0.2419705059558129,0.2505638078599587,0.0,0.6136363636363636,0.388646288209607,False,True,3,0,1.0,38,10,0.7916666666666666,0.4,589,0.0,0.065,0.0,-0.065,0.0,"[10, 0, 0, 0]"
revocation,0.05,0.7,0.0,48,39,False,0.2314778794668597,0.23792285589496903,0.0,0.6120218579234973,0.3907563025210084,False,True,3,0,1.0,24,15,0.6153846153846154,0.45,613,0.0,0.065,0.0,-0.065,0.0,"[10, 0, 0, 0]"
revocation,0.05,0.7,0.0,49,0,False,0.0,0.0,0.0,0.0,1.0,False,True,0,0,0.0,0,0,0.0,0.0,0,0.0,0.065,0.065,0.0,0.0,"[0, 0, 0, 0]"
revocation,0.05,0.7,0.0,49,1,False,0.0,0.0,0.16666666666666666,0.16666666666666666,0.8076923076923077,False,True,0,0,0.0,0,43,0.0,0.0,0,0.0,0.065,0.065,0.0,0.0,"[0, 0, 0, 0]"
revocation,0.05,0.7,0.0,49,2,False,0.041666666666666664,0.041666666666666664,0.3,0.3,0.6571428571428571,False,True,0,0,0.1,0,41,0.0,0.0,0,0.0,0.065,0.01,-0.055,0.0,"[0, 1, 0, 0]"
revocation,0.05,0.7,0.0,49,3,False,0.10625,0.10625,0.4166666666666667,0.4166666666666667,0.6153846153846154,False,True,0,0,0.1,2,37,0.05128205128205128,0.0,2,0.0,0.065,0.01,-0.055,0.0,"[0, 1, 0, 0]"
revocation,0.05,0.7,0.0,49,4,False,0.17641369047619046,0.18385416666666665,0.46153846153846156,0.46153846153846156,0.5853658536585366,False,True,0,0,0.3,2,39,0.04878048780487805,0.0,4,0.0,0.065,0.023333333333333334,-0.04166666666666667,0.0,"[0, 2, 1, 0]"
revocation,0.05,0.7,0.0,49,5,False,0.23121136675824175,0.25327524038461535,0.4666666666666667,0.4666666666666667,0.5777777777777777,True,True,1,0,0.3,12,31,0.27906976744186046,0.0,9,0.0,0.065,0.023333333333333334,-0.04166666666666667,0.0,"[0, 2, 1, 0]"
revocation,0.05,0.7,0.0,49,6,False,0.2734085250686813,0.3066230969551282,0.5,0.5,0.5686274509803921,False,True,1,0,0.5,5,38,0.11627906976744186,0.07142857142857142,14,0.0,0.065,0.026000000000000002,-0.039,0.0,"[0, 3, 2, 0]"
revocation,0.05,0.7,0.0,49,7,False,0.30709721012804153,0.3549673227163461,0.5,0.5652173913043478,0.5178571428571429,True,True,2,0,0.3,12,33,0.26666666666666666,0.3333333333333333,3,0.0,0.065,0.03666666666666667,-0.028333333333333335,0.0,"[0, 1, 2, 0]"
revocation,0.05,0.7,0.0,49,8,False,0.3523467171198407,0.3912254920372596,0.5,0.5833333333333334,0.4915254237288136,False,True,2,0,0.3,2,44,0.043478260869565216,0.4,5,0.0,0.065,0.03666666666666667,-0.028333333333333335,0.0,"[0, 1, 2, 0]"
revocation,0.05,0.7,0.0,49,9,False,0.3874743235541662,0.4184191190279447,0.45,0.5925925925925926,0.46153846153846156,False,True,2,0,0.3,8,37,0.17777777777777778,0.6153846153846154,13,0.0,0.065,0.03666666666666667,-0.028333333333333335,0.0,"[0, 1, 2, 0]"
revocation,0.05,0.7,0.0,49,10,False,0.4001720691962369,0.4263143392709585,0.45,0.6451612903225806,0.4507042253521127,False,True,2,0,0.5,5,35,0.125,0.7222222222222222,18,0.0,0.065,0.07200000000000001,0.007000000000000006,0.0,"[0, 1, 3, 1]"
revocation,0.05,0.7,0.0,49,11,False,0.412430639198765,0.4322357544532189,0.5,0.6764705882352942,0.4342105263157895,True,True,3,0,0.3,16,29,0.35555555555555557,0.9230769230769231,13,0.0,0.065,0.08666666666666667,0.021666666666666667,0.0,"[0, 1, 1, 1]"
revocation,0.05,0.7,0.0,49,12,False,0.42539440797050226,0.44917681583991415,0.4,0.6578947368421053,0.43902439024390244,True,True,4,0,0.2,9,34,0.20930232558139536,1.0,17,0.0,0.065,0.030000000000000002,-0.035,0.0,"[0, 1, 1, 0]"
revocation,0.05,0.7,0.0,49,13,False,0.4190458059778767,0.4368826118799356,0.4,0.6829268292682927,0.42528735632183906,True,True,5,0,0.1,15,28,0.3488372093023256,1.0,25,0.0,0.065,0.01,-0.055,0.0,"[0, 1, 0, 0]"
revocation,0.05,0.7,0.0,49,14,False,0.4142843544834075,0.42766195890995173,0.3,0.6590909090909091,0.42857142857142855,False,True,5,0,0.1,7,38,0.15555555555555556,1.0,32,0.0,0.065,0.01,-0.055,0.0,"[0, 1, 0, 0]"
revocation,0.05,0.7,0.0,49,15,False,0.3857132658625556,0.3957464691824638,0.3,0.6808510638297872,0.41237113402061853,False,True,5,0,0.1,3,39,0.07142857142857142,1.0,35,0.0,0.065,0.01,-0.055,0.0,"[0, 1, 0, 0]"
revocation,0.05,0.7,0.0,49,16,False,0.36428494939691675,0.37180985188684784,0.25,0.68,0.39805825242718446,False,True,5,0,0.5,4,49,0.07547169811320754,1.0,39,0.0,0.065,0.064,-0.0010000000000000009,0.0,"[0, 2, 2, 1]"
revocation,0.05,0.7,0.0,49,17,False,0.3491065691905447,0.4351073889151359,0.15,0.6666666666666666,0.39090909090909093,True,True,7,0,0.2,14,29,0.32558139534883723,0.0,0,0.0,0.065,0.2,0.135,0.0,"[0, 0, 0, 2]"
revocation,0.05,0.7,0.0,49,18,False,0.2993299268929085,0.36383054168635187,0.1,0.6666666666666666,0.3826086956521739,False,True,7,0,0.2,4,39,0.09302325581395349,0.0,4,0.0,0.065,0.2,0.135,0.0,"[0, 0, 0, 2]"
revocation,0.05,0.7,0.0,49,19,False,0.2459260165982528,0.2978729062647639,0.1,0.6885245901639344,0.3728813559322034,False,True,7,0,0.2,2,39,0.04878048780487805,0.16666666666666666,6,0.0,0.065,0.2,0.135,0.0,"[0, 0, 0, 2]"
revocation,0.05,0.7,0.0,49,20,False,0.21182546482964199,0.24840467969857294,0.1,0.6935483870967742,0.36363636363636365,False,True,7,0,0.2,3,36,0.07692307692307693,0.2222222222222222,9,0.0,0.065,0.2,0.135,0.0,"[0, 0, 0, 2]"
revocation,0.05,0.7,0.0,49,21,False,0.18823417798731085,0.2113035097739297,0.1,0.7076923076923077,0.3492063492063492,False,True,7,0,0.4,3,33,0.08333333333333333,0.16666666666666666,12,0.0,0.065,0.2,0.135,0.0,"[0, 0, 0, 4]"
revocation,0.05,0.7,0.0,49,22,False,0.1697470620619117,0.18347763233044725,0.05,0.7101449275362319,0.3435114503816794,True,True,8,0,0.1,14,31,0.3111111111111111,0.0,0,0.0,0.065,0.01,-0.055,0.0,"[0, 1, 0, 0]"
revocation,0.05,0.7,0.0,49,23,False,0.1398102965464338,0.15010822424783546,0.05,0.7222222222222222,0.35251798561151076,False,True,8,0,0.1,4,39,0.09302325581395349,1.0,4,0.0,0.065,0.01,-0.055,0.0,"[0, 1, 0, 0]"
revocation,0.05,0.7,0.0,49,24,False,0.11735772240982534,0.1250811681858766,0.0,0.6933333333333334,0.3586206896551724,False,True,8,0,0.1,8,30,0.21052631578947367,1.0,12,0.0,0.065,0.01,-0.055,0.0,"[0, 1, 0, 0]"
revocation,0.05,0.7,0.0,49,25,False,0.088018291807369,0.09381087613940746,0.0,0.6933333333333334,0.35570469798657717,False,True,8,0,0.2,1,51,0.019230769230769232,1.0,13,0.0,0.065,0.01,-0.055,0.0,"[0, 2, 0, 0]"
revocation,0.05,0.7,0.0,49,26,False,0.08387086171266962,0.19328215875916563,0.0,0.7088607594936709,0.34615384615384615,False,True,8,0,0.3,9,34,0.20930232558139536,0.75,22,0.0,0.065,0.01,-0.055,0.0,"[0, 3, 0, 0]"
revocation,0.05,0.7,0.0,49,27,False,0.0896888605702165,0.23871161906937421,0.05,0.686046511627907,0.3532934131736527,False,True,8,0,0.3,10,31,0.24390243902439024,0.5,32,0.0,0.065,0.01,-0.055,0.0,"[0, 3, 0, 0]"
revocation,0.05,0.7,0.0,49,28,False,0.09583807399909094,0.24778371430203067,0.05,0.6853932584269663,0.35260115606936415,True,True,9,0,0.0,8,41,0.16326530612244897,0.0,0,0.0,0.065,0.065,0.0,0.0,"[0, 0, 0, 0]"
revocation,0.05,0.7,0.0,49,29,False,0.0843785554993182,0.198337785726523,0.05,0.6914893617021277,0.3463687150837989,False,True,9,0,0.0,0,38,0.0,0.0,0,0.0,0.065,0.065,0.0,0.0,"[0, 0, 0, 0]"
revocation,0.05,0.7,0.0,49,30,False,0.07578391662448866,0.16125333929489227,0.05,0.6836734693877551,0.34759358288770054,False,True,9,0,0.1,0,37,0.0,0.0,0,0.0,0.065,0.05,-0.015,0.0,"[0, 0, 1, 0]"
revocation,0.05,0.7,0.0,49,31,False,0.0693379374683665,0.13344000447116922,0.05,0.6990291262135923,0.3383838383838384,False,True,9,0,0.2,2,39,0.04878048780487805,0.0,2,0.0,0.065,0.030000000000000002,-0.035,0.0,"[0, 1, 1, 0]"
revocation,0.05,0.7,0.0,49,32,False,0.06361059595841773,0.11258000335337691,0.05,0.7019230769230769,0.3333333333333333,False,True,9,0,0.2,1,34,0.02857142857142857,0.0,3,0.0,0.065,0.030000000000000002,-0.035,0.0,"[0, 1, 1, 0]"
revocation,0.05,0.7,0.0,49,33,False,0.059315089825956145,0.09693500251503268,0.05,0.7047619047619048,0.3333333333333333,False,True,9,0,0.3,4,43,0.0851063829787234,0.0,7,0.0,0.065,0.023333333333333334,-0.04166666666666667,0.0,"[0, 2, 1, 0]"
revocation,0.05,0.7,0.0,49,34,False,0.05520060308375283,0.07895125188627451,0.05,0.7079646017699115,0.32710280373831774,False,True,9,0,0.3,3,29,0.09375,0.0,10,0.0,0.065,0.023333333333333334,-0.04166666666666667,0.0,"[0, 2, 1, 0]"
revocation,0.05,0.7,0.0,49,35,False,0.05211473802710034,0.06661066871060461,0.05,0.7155172413793104,0.3242009132420091,False,True,9,0,0.5,4,43,0.0851063829787234,0.07142857142857142,14,0.0,0.065,0.018,-0.047,0.0,"[0, 4, 1, 0]"
revocation,0.05,0.7,0.0,49,36,False,0.05287573606000779,0.0692364680749183,0.05,0.7203389830508474,0.31555555555555553,False,True,9,0,0.7,10,28,0.2631578947368421,0.25,24,0.0,0.065,0.015714285714285715,-0.04928571428571429,0.0,"[0, 6, 1, 0]"
revocation,0.05,0.7,0.0,49,37,False,0.06644251633072012,0.0998440177228554,0.0,0.7073170731707317,0.3261802575107296,False,True,9,0,0.9,24,16,0.6,0.3333333333333333,48,0.0,0.065,0.014444444444444446,-0.050555555555555555,0.0,"[0, 8, 1, 0]"
revocation,0.05,0.7,0.0,49,38,False,0.09001045867661152,0.13113301329214155,0.0,0.689922480620155,0.3305439330543933,True,True,10,0,0.9,26,13,0.6666666666666666,0.6,65,0.0,0.065,0.01,-0.055,0.0,"[0, 9, 0, 0]"
revocation,0.05,0.7,0.0,49,39,False,0.13179355829317294,0.17334975996910618,0.0,0.6764705882352942,0.3387096774193548,False,True,10,0,0.9,22,16,0.5789473684210527,0.4,87,0.0,0.065,0.01,-0.055,0.0,"[0, 9, 0, 0]"
revocation,0.05,0.7,0.0,50,0,False,0.0,0.0,0.0,0.0,1.0,False,True,0,0,0.0,0,0,0.0,0.0,0,0.0,0.065,0.065,0.0,0.0,"[0, 0, 0, 0]"
revocation,0.05,0.7,0.0,50,1,False,0.0,0.0,0.21052631578947367,0.21052631578947367,0.8214285714285714,False,True,0,0,0.0,0,42,0.0,0.0,0,0.0,0.065,0.065,0.0,0.0,"[0, 0, 0, 0]"
revocation,0.05,0.7,0.0,50,2,False,0.05263157894736842,0.05263157894736842,0.2,0.3333333333333333,0.7142857142857143,False,True,0,0,0.0,0,42,0.0,0.0,0,0.0,0.065,0.065,0.0,0.0,"[0, 0, 0, 0]"
revocation,0.05,0.7,0.0,50,3,False,0.0894736842105263,0.08947368421052632,0.1,0.35714285714285715,0.6829268292682927,False,True,0,0,0.0,0,42,0.0,0.0,0,0.0,0.065,0.065,0.0,0.0,"[0, 0, 0, 0]"
revocation,0.05,0.7,0.0,50,4,False,0.09210526315789476,0.09210526315789475,0.05,0.3870967741935484,0.6170212765957447,False,True,0,0,0.0,0,42,0.0,0.0,0,0.0,0.065,0.065,0.0,0.0,"[0, 0, 0, 0]"
revocation,0.05,0.7,0.0,50,5,False,0.08157894736842106,0.08157894736842106,0.05,0.3939393939393939,0.6,False,True,0,0,0.0,0,43,0.0,0.0,0,0.0,0.065,0.065,0.0,0.0,"[0, 0, 0, 0]"
revocation,0.05,0.7,0.0,50,6,False,0.0736842105263158,0.0736842105263158,0.1,0.4117647058823529,0.5740740740740741,False,True,0,0,0.1,0,44,0.0,0.0,0,0.0,0.065,0.01,-0.055,0.0,"[0, 1, 0, 0]"
revocation,0.05,0.7,0.0,50,7,False,0.08026315789473684,0.08026315789473684,0.1,0.4594594594594595,0.5423728813559322,False,True,0,0,0.2,1,40,0.024390243902439025,1.0,1,0.0,0.065,0.01,-0.055,0.0,"[0, 2, 0, 0]"
revocation,0.05,0.7,0.0,50,8,False,0.08519736842105263,0.08519736842105263,0.1,0.475,0.5230769230769231,False,True,0,0,0.2,3,43,0.06521739130434782,1.0,4,0.0,0.065,0.01,-0.055,0.0,"[0, 2, 0, 0]"
revocation,0.05,0.7,0.0,50,9,False,0.08889802631578947,0.08889802631578947,0.0,0.4782608695652174,0.5138888888888888,False,True,0,0,0.4,4,40,0.09090909090909091,1.0,8,0.0,0.065,0.01,-0.055,0.0,"[0, 4, 0, 0]"
revocation,0.05,0.7,0.0,50,10,False,0.10238780545112781,0.1916735197368421,0.0,0.48,0.5,True,True,1,0,0.0,18,23,0.43902439024390244,0.0,0,0.0,0.065,0.065,0.0,0.0,"[0, 0, 0, 0]"
revocation,0.05,0.7,0.0,50,11,False,0.07679085408834586,0.14375513980263158,0.0,0.4909090909090909,0.49411764705882355,False,True,1,0,0.0,0,38,0.0,0.0,0,0.0,0.065,0.065,0.0,0.0,"[0, 0, 0, 0]"
revocation,0.05,0.7,0.0,50,12,False,0.0575931405662594,0.10781635485197369,0.0,0.5084745762711864,0.46808510638297873,False,True,1,0,0.0,0,38,0.0,0.0,0,0.0,0.065,0.065,0.0,0.0,"[0, 0, 0, 0]"
revocation,0.05,0.7,0.0,50,13,False,0.04319485542469454,0.08086226613898026,0.0,0.5396825396825397,0.4411764705882353,False,True,1,0,0.1,0,34,0.0,0.0,0,0.0,0.065,0.2,0.135,0.0,"[0, 0, 0, 1]"
revocation,0.05,0.7,0.0,50,14,False,0.03239614156852091,0.060646699604235195,0.0,0.5303030303030303,0.44954128440366975,False,True,1,0,0.2,1,38,0.02564102564102564,0.0,1,0.0,0.065,0.2,0.135,0.0,"[0, 0, 0, 2]"
revocation,0.05,0.7,0.0,50,15,False,0.024297106176390686,0.0454850247031764,0.0,0.5352112676056338,0.4444444444444444,True,True,2,0,0.1,7,34,0.17073170731707318,0.0,0,0.0,0.065,0.0,-0.065,0.0,"[1, 0, 0, 0]"
revocation,0.05,0.7,0.0,50,16,False,0.018222829632293013,0.0341137685273823,0.0,0.5333333333333333,0.44715447154471544,False,True,2,0,0.3,3,40,0.06976744186046512,0.0,3,0.0,0.065,0.016666666666666666,-0.04833333333333334,0.0,"[2, 0, 1, 0]"
revocation,0.05,0.7,0.0,50,17,False,0.01366712222421976,0.025585326395536727,0.0,0.5443037974683544,0.4444444444444444,True,True,3,0,0.2,9,38,0.19148936170212766,0.0,8,0.0,0.065,0.0,-0.065,0.0,"[2, 0, 0, 0]"
revocation,0.05,0.7,0.0,50,18,False,0.01025034166816482,0.019188994796652543,0.0,0.5487804878048781,0.4351145038167939,False,True,3,0,0.3,4,36,0.1,0.0,12,0.0,0.065,0.06666666666666667,0.0016666666666666635,0.0,"[2, 0, 0, 1]"
revocation,0.05,0.7,0.0,50,19,False,0.0076877562511236145,0.014391746097489408,0.0,0.5529411764705883,0.4233576642335766,False,True,3,0,0.4,6,31,0.16216216216216217,0.0,18,0.0,0.065,0.05,-0.015,0.0,"[3, 0, 0, 1]"
revocation,0.05,0.7,0.0,50,20,False,0.005765817188342711,0.010793809573117055,0.0,0.5666666666666667,0.41379310344827586,False,True,3,0,0.6,17,28,0.37777777777777777,0.25925925925925924,35,0.0,0.065,0.06666666666666667,0.0016666666666666635,0.0,"[4, 0, 0, 2]"
revocation,0.05,0.7,0.0,50,21,False,0.023074362891257034,0.05184535717983779,0.0,0.5714285714285714,0.40939597315436244,True,True,4,0,0.5,15,22,0.40540540540540543,0.6,37,0.0,0.065,0.0,-0.065,0.0,"[5, 0, 0, 0]"
revocation,0.05,0.7,0.0,50,22,False,0.04944862931129992,0.11388401788487834,0.0,0.5684210526315789,0.4166666666666667,False,True,4,0,0.5,14,27,0.34146341463414637,0.6,51,0.0,0.065,0.0,-0.065,0.0,"[5, 0, 0, 0]"
revocation,0.05,0.7,0.0,50,23,False,0.06922932912633209,0.16041301341365877,0.0,0.5757575757575758,0.4074074074074074,False,True,4,0,0.7,16,26,0.38095238095238093,0.35,67,0.0,0.065,0.0,-0.065,0.0,"[7, 0, 0, 0]"
revocation,0.05,0.7,0.0,50,24,False,0.08317199684474907,0.1640597600602441,0.0,0.5673076923076923,0.40588235294117647,False,True,4,0,0.7,16,23,0.41025641025641024,0.3,83,0.0,0.065,0.0,-0.065,0.0,"[7, 0, 0, 0]"
revocation,0.05,0.7,0.0,50,25,False,0.0891647119192761,0.16054482004518306,0.0,0.5794392523364486,0.39325842696629215,False,True,4,0,0.7,21,30,0.4117647058823529,0.35,104,0.0,0.065,0.0,-0.065,0.0,"[7, 0, 0, 0]"
revocation,0.05,0.7,0.0,50,26,False,0.09812353393945705,0.1641586150338873,0.0,0.5765765765765766,0.39344262295081966,False,True,4,0,0.7,28,22,0.56,0.4,132,0.0,0.065,0.0,-0.065,0.0,"[7, 0, 0, 0]"
revocation,0.05,0.7,0.0,50,27,False,0.10930693616887852,0.17311896127541548,0.0,0.5546218487394958,0.40625,False,True,4,0,1.0,20,21,0.4878048780487805,0.55,152,0.0,0.065,0.001,-0.064,0.0,"[9, 1, 0, 0]"
revocation,0.05,0.7,0.0,50,28,False,0.1507302021266589,0.19858922095656162,0.0,0.5634920634920635,0.4020100502512563,False,True,4,0,1.0,27,12,0.6923076923076923,0.5217391304347826,179,0.0,0.065,0.001,-0.064,0.0,"[9, 1, 0, 0]"
revocation,0.05,0.7,0.0,50,29,False,0.1692976515949942,0.2051919157174212,0.0,0.5488721804511278,0.40865384615384615,False,True,4,0,1.0,26,10,0.7222222222222222,0.5555555555555556,205,0.0,0.065,0.001,-0.064,0.0,"[9, 1, 0, 0]"
revocation,0.05,0.7,0.0,50,30,False,0.17697323869624562,0.2038939367880659,0.0,0.5602836879432624,0.4046511627906977,False,True,4,0,1.0,33,10,0.7674418604651163,0.53125,238,0.0,0.065,0.001,-0.064,0.0,"[9, 1, 0, 0]"
revocation,0.05,0.7,0.0,50,31,False,0.1639799290221842,0.18417045259104942,0.0,0.5625,0.4,False,True,4,0,1.0,25,17,0.5952380952380952,0.6756756756756757,263,0.0,0.065,0.001,-0.064,0.0,"[9, 1, 0, 0]"
revocation,0.05,0.7,0.0,50,32,False,0.17298494676663814,0.18812783944328704,0.0,0.5490196078431373,0.41228070175438597,False,True,4,0,1.0,32,10,0.7619047619047619,0.725,295,0.0,0.065,0.001,-0.064,0.0,"[9, 1, 0, 0]"
revocation,0.05,0.7,0.0,50,33,False,0.1859887100749786,0.19734587958246527,0.0,0.5512820512820513,0.41125541125541126,False,True,4,0,1.0,27,17,0.6136363636363636,0.675,322,0.0,0.065,0.001,-0.064,0.0,"[9, 1, 0, 0]"
revocation,0.05,0.7,0.0,50,34,False,0.18324153255623396,0.19175940968684896,0.0,0.5535714285714286,0.411522633744856,False,True,4,0,1.0,18,12,0.6,0.65,340,0.0,0.065,0.001,-0.064,0.0,"[9, 1, 0, 0]"
revocation,0.05,0.7,0.0,50,35,False,0.17493114941717547,0.18131955726513674,0.0,0.5480225988700564,0.4166666666666667,False,True,4,0,1.0,26,12,0.6842105263157895,0.75,366,0.0,0.065,0.001,-0.064,0.0,"[9, 1, 0, 0]"
revocation,0.05,0.7,0.0,50,36,False,0.1936983620628816,0.19848966794885256,0.0,0.5519125683060109,0.41472868217054265,False,True,4,0,1.0,38,7,0.8444444444444444,0.7,404,0.0,0.065,0.001,-0.064,0.0,"[9, 1, 0, 0]"
revocation,0.05,0.7,0.0,50,37,False,0.19527377154716122,0.19886725096163943,0.0,0.5614973262032086,0.4053030303030303,False,True,4,0,1.0,28,12,0.7,0.7,432,0.0,0.065,0.001,-0.064,0.0,"[9, 1, 0, 0]"
revocation,0.05,0.7,0.0,50,38,False,0.1964553286603709,0.19915043822122958,0.0,0.5706806282722513,0.40074906367041196,False,True,4,0,1.0,28,13,0.6829268292682927,0.65,460,0.0,0.065,0.001,-0.064,0.0,"[9, 1, 0, 0]"
revocation,0.05,0.7,0.0,50,39,False,0.1848414964952782,0.1868628286659222,0.0,0.5721649484536082,0.4,False,True,4,0,1.0,33,13,0.717391304347826,0.65,493,0.0,0.065,0.001,-0.064,0.0,"[9, 1, 0, 0]"
revocation,0.05,0.7,0.0,51,0,False,0.0,0.0,0.0,0.0,1.0,False,True,0,0,0.0,0,0,0.0,0.0,0,0.0,0.065,0.065,0.0,0.0,"[0, 0, 0, 0]"
revocation,0.05,0.7,0.0,51,1,False,0.0,0.0,0.14285714285714285,0.14285714285714285,0.8787878787878788,False,True,0,0,0.2,0,43,0.0,0.0,0,0.0,0.065,0.0,-0.065,0.0,"[2, 0, 0, 0]"
revocation,0.05,0.7,0.0,51,2,False,0.03571428571428571,0.03571428571428571,0.1,0.25,0.7954545454545454,False,True,0,0,0.2,13,27,0.325,0.6153846153846154,13,0.0,0.065,0.0,-0.065,0.0,"[2, 0, 0, 0]"
revocation,0.05,0.7,0.0,51,3,False,0.06098901098901099,0.11620879120879121,0.1,0.2962962962962963,0.72,False,True,0,0,0.2,11,29,0.275,0.55,24,0.0,0.065,0.0,-0.065,0.0,"[2, 0, 0, 0]"
revocation,0.05,0.7,0.0,51,4,False,0.07877747252747251,0.16840659340659342,0.0,0.2727272727272727,0.7068965517241379,False,True,0,0,0.3,15,31,0.32608695652173914,0.6,39,0.0,0.065,0.0033333333333333335,-0.06166666666666667,0.0,"[2, 1, 0, 0]"
revocation,0.05,0.7,0.0,51,5,False,0.0697973901098901,0.20130494505494506,0.0,0.2777777777777778,0.676923076923077,False,True,0,0,0.3,10,32,0.23809523809523808,0.6363636363636364,49,0.0,0.065,0.0033333333333333335,-0.06166666666666667,0.0,"[2, 1, 0, 0]"
revocation,0.05,0.7,0.0,51,6,False,0.06484804258241758,0.23847870879120878,0.0,0.3170731707317073,0.6521739130434783,False,True,0,0,0.4,15,28,0.3488372093023256,0.48,64,0.0,0.065,0.0025,-0.0625,0.0,"[3, 1, 0, 0]"
revocation,0.05,0.7,0.0,51,7,False,0.07185031765109891,0.24760903159340658,0.0,0.3333333333333333,0.6329113924050633,False,True,0,0,0.5,16,22,0.42105263157894735,0.37037037037037035,80,0.0,0.065,0.004,-0.061,0.0,"[3, 2, 0, 0]"
revocation,0.05,0.7,0.0,51,8,False,0.07506120762607928,0.24195677369505494,0.0,0.3584905660377358,0.6206896551724138,False,True,0,0,0.6,14,23,0.3783783783783784,0.40625,94,0.0,0.065,0.005,-0.060000000000000005,0.0,"[3, 3, 0, 0]"
revocation,0.05,0.7,0.0,51,9,False,0.08189114381479755,0.2502175802712912,0.0,0.3728813559322034,0.6129032258064516,False,True,0,0,0.6,20,20,0.5,0.38461538461538464,114,0.0,0.065,0.005,-0.060000000000000005,0.0,"[3, 3, 0, 0]"
revocation,0.05,0.7,0.0,51,10,False,0.08876798192124855,0.2439131852034684,0.0,0.3709677419354839,0.6082474226804123,False,True,0,0,0.7,27,20,0.574468085106383,0.5,141,0.0,0.065,0.004285714285714286,-0.060714285714285714,0.0,"[4, 3, 0, 0]"
revocation,0.05,0.7,0.0,51,11,False,0.10229027215522213,0.2516848889026013,0.0,0.3880597014925373,0.5794392523364486,False,True,0,0,0.8,24,19,0.5581395348837209,0.475,165,0.0,0.065,0.00375,-0.06125,0.0,"[5, 3, 0, 0]"
revocation,0.05,0.7,0.0,51,12,False,0.1204677041164166,0.25751366667695097,0.0,0.4027777777777778,0.5714285714285714,False,True,0,0,1.0,28,13,0.6829268292682927,0.525,193,0.0,0.065,0.004,-0.061,0.0,"[6, 4, 0, 0]"
revocation,0.05,0.7,0.0,51,13,False,0.15642220665874101,0.26188525000771323,0.0,0.44155844155844154,0.5470085470085471,False,True,0,0,1.0,30,11,0.7317073170731707,0.475,223,0.0,0.065,0.004,-0.061,0.0,"[6, 4, 0, 0]"
revocation,0.05,0.7,0.0,51,14,False,0.17535236927977005,0.24641393750578494,0.0,0.4567901234567901,0.5327868852459017,True,True,1,0,0.8,24,15,0.6153846153846154,0.5,177,0.0,0.065,0.025,-0.04,0.0,"[7, 0, 0, 1]"
revocation,0.05,0.7,0.0,51,15,False,0.17615713410268466,0.2473104531293387,0.0,0.47058823529411764,0.5196850393700787,False,True,1,0,0.8,30,23,0.5660377358490566,0.5454545454545454,207,0.0,0.065,0.025,-0.04,0.0,"[7, 0, 0, 1]"
revocation,0.05,0.7,0.0,51,16,False,0.18568927914844208,0.26048283984700404,0.0,0.48314606741573035,0.5037593984962406,False,True,1,0,0.9,16,23,0.41025641025641024,0.43478260869565216,223,0.0,0.065,0.022222222222222223,-0.042777777777777776,0.0,"[8, 0, 0, 1]"
revocation,0.05,0.7,0.0,51,17,False,0.18390981650418872,0.25786212988525303,0.0,0.48936170212765956,0.5,False,True,1,0,1.0,29,11,0.725,0.375,252,0.0,0.065,0.02,-0.045,0.0,"[9, 0, 0, 1]"
revocation,0.05,0.7,0.0,51,18,False,0.18614664809242723,0.24964659741393977,0.0,0.5,0.4896551724137931,False,True,1,0,1.0,19,14,0.5757575757575758,0.56,271,0.0,0.065,0.02,-0.045,0.0,"[9, 0, 0, 1]"
revocation,0.05,0.7,0.0,51,19,False,0.2146099860693204,0.27473494806045484,0.0,0.5092592592592593,0.4868421052631579,False,True,1,0,1.0,29,13,0.6904761904761905,0.34615384615384615,300,0.0,0.065,0.02,-0.045,0.0,"[9, 0, 0, 1]"
revocation,0.05,0.7,0.0,51,20,False,0.20917177526627603,0.26230121104534115,0.0,0.4956521739130435,0.4968553459119497,True,True,2,0,0.9,31,9,0.775,0.55,323,0.0,0.065,0.0,-0.065,0.0,"[9, 0, 0, 0]"
revocation,0.05,0.7,0.0,51,21,False,0.21580740287827846,0.2654759082840059,0.0,0.4830508474576271,0.5,False,True,2,0,1.0,29,14,0.6744186046511628,0.6,352,0.0,0.065,0.0,-0.065,0.0,"[10, 0, 0, 0]"
revocation,0.05,0.7,0.0,51,22,False,0.23685555215870885,0.27410693121300445,0.0,0.4959349593495935,0.49404761904761907,False,True,2,0,1.0,28,12,0.7,0.6,380,0.0,0.065,0.0,-0.065,0.0,"[10, 0, 0, 0]"
revocation,0.05,0.7,0.0,51,23,False,0.2526416641190316,0.28058019840975335,0.0,0.48412698412698413,0.5028901734104047,False,True,2,0,1.0,24,15,0.6153846153846154,0.65,404,0.0,0.065,0.0,-0.065,0.0,"[10, 0, 0, 0]"
revocation,0.05,0.7,0.0,51,24,False,0.27073124808927373,0.291685148807315,0.0,0.48031496062992124,0.5,False,True,2,0,1.0,33,13,0.717391304347826,0.5,437,0.0,0.065,0.0,-0.065,0.0,"[10, 0, 0, 0]"
revocation,0.05,0.7,0.0,51,25,False,0.2655484360669553,0.2812638616054862,0.0,0.5,0.4888888888888889,False,True,2,0,1.0,29,10,0.7435897435897436,0.45,466,0.0,0.065,0.0,-0.065,0.0,"[10, 0, 0, 0]"
revocation,0.05,0.7,0.0,51,26,False,0.25541132705021646,0.26719789620411466,0.0,0.5,0.489247311827957,False,True,2,0,1.0,35,15,0.7,0.45,501,0.0,0.065,0.0,-0.065,0.0,"[10, 0, 0, 0]"
revocation,0.05,0.7,0.0,51,27,False,0.24780849528766238,0.25664842215308603,0.0,0.5104895104895105,0.48186528497409326,False,True,2,0,1.0,32,10,0.7619047619047619,0.35,533,0.0,0.065,0.0,-0.065,0.0,"[10, 0, 0, 0]"
revocation,0.05,0.7,0.0,51,28,False,0.22960637146574678,0.23623631661481453,0.0,0.5167785234899329,0.475,False,True,2,0,1.0,21,16,0.5675675675675675,0.45,554,0.0,0.065,0.0,-0.065,0.0,"[10, 0, 0, 0]"
revocation,0.05,0.7,0.0,51,29,False,0.22845477859931007,0.2334272374611109,0.0,0.5192307692307693,0.47342995169082125,False,True,2,0,1.0,25,8,0.7575757575757576,0.65,579,0.0,0.065,0.0,-0.065,0.0,"[10, 0, 0, 0]"
revocation,0.05,0.7,0.0,51,30,False,0.2525910839494826,0.25632042809583316,0.0,0.5157232704402516,0.4716981132075472,False,True,2,0,1.0,27,12,0.6923076923076923,0.5,606,0.0,0.065,0.0,-0.065,0.0,"[10, 0, 0, 0]"
revocation,0.05,0.7,0.0,51,31,False,0.2519433129621119,0.2547403210718749,0.0,0.536144578313253,0.45662100456621,False,True,2,0,1.0,29,14,0.6744186046511628,0.45,635,0.0,0.065,0.0,-0.065,0.0,"[10, 0, 0, 0]"
revocation,0.05,0.7,0.0,51,32,False,0.24520748472158393,0.24730524080390617,0.0,0.5402298850574713,0.45374449339207046,False,True,2,0,1.0,32,11,0.7441860465116279,0.5,667,0.0,0.065,0.0,-0.065,0.0,"[10, 0, 0, 0]"
revocation,0.05,0.7,0.0,51,33,False,0.24640561354118798,0.24797893060292964,0.0,0.5414364640883977,0.45493562231759654,False,True,2,0,1.0,28,15,0.6511627906976745,0.6,695,0.0,0.065,0.0,-0.065,0.0,"[10, 0, 0, 0]"
revocation,0.05,0.7,0.0,51,34,False,0.25980421015589095,0.26098419795219724,0.0,0.532608695652174,0.4560669456066946,False,True,2,0,1.0,32,13,0.7111111111111111,0.4,727,0.0,0.065,0.0,-0.065,0.0,"[10, 0, 0, 0]"
revocation,0.05,0.7,0.0,51,35,False,0.24485315761691823,0.24573814846414793,0.0,0.53125,0.45934959349593496,False,True,2,0,1.0,28,10,0.7368421052631579,0.65,755,0.0,0.065,0.0,-0.065,0.0,"[10, 0, 0, 0]"
revocation,0.05,0.7,0.0,51,36,False,0.2648898682126887,0.26555361134811095,0.0,0.5357142857142857,0.456,False,True,2,0,1.0,22,9,0.7096774193548387,0.4,777,0.0,0.065,0.0,-0.065,0.0,"[10, 0, 0, 0]"
revocation,0.05,0.7,0.0,51,37,False,0.2486674011595165,0.2491652085110832,0.0,0.54,0.45454545454545453,False,True,2,0,1.0,33,12,0.7333333333333333,0.45,810,0.0,0.065,0.0,-0.065,0.0,"[10, 0, 0, 0]"
revocation,0.05,0.7,0.0,51,38,False,0.24275055086963734,0.2431239063833124,0.0,0.5463414634146342,0.4496124031007752,False,True,2,0,1.0,28,14,0.6666666666666666,0.4,838,0.0,0.065,0.0,-0.065,0.0,"[10, 0, 0, 0]"
revocation,0.05,0.7,0.0,51,39,False,0.23206291315222805,0.23234292978748433,0.0,0.5458937198067633,0.4482758620689655,False,True,2,0,1.0,26,17,0.6046511627906976,0.7,864,0.0,0.065,0.0,-0.065,0.0,"[10, 0, 0, 0]"
revocation,0.05,0.7,0.5,42,0,False,0.0,0.0,0.0,0.0,1.0,False,True,0,0,0.2,0,0,0.0,0.0,0,0.0,0.0625,0.0,-0.0625,0.0,"[1, 1, 0, 0]"
revocation,0.05,0.7,0.5,42,1,False,0.0,0.0,0.375,0.375,0.8333333333333334,False,True,0,0,0.3,7,44,0.13725490196078433,0.14285714285714285,7,0.0,0.0625,0.0,-0.0625,0.0,"[1, 2, 0, 0]"
revocation,0.05,0.7,0.5,42,2,False,0.07723214285714286,0.09375,0.45454545454545453,0.45454545454545453,0.7586206896551724,False,True,0,0,0.3,8,33,0.1951219512195122,0.13333333333333333,15,0.0,0.0625,0.0,-0.0625,0.0,"[1, 2, 0, 0]"
revocation,0.05,0.7,0.5,42,3,False,0.15078125,0.18394886363636365,0.6470588235294118,0.6470588235294118,0.6111111111111112,False,True,0,0,0.4,14,25,0.358974358974359,0.13793103448275862,29,0.0,0.0625,0.0,-0.0625,0.0,"[1, 3, 0, 0]"
revocation,0.05,0.7,0.5,42,4,False,0.23260040995564893,0.2997263536096257,0.6,0.6,0.6153846153846154,False,True,0,0,0.4,13,28,0.3170731707317073,0.19444444444444445,42,0.0,0.0625,0.0,-0.0625,0.0,"[1, 3, 0, 0]"
revocation,0.05,0.7,0.5,42,5,False,0.28784316460959386,0.3747947652072192,0.6,0.68,0.5434782608695652,False,True,0,0,0.6,13,25,0.34210526315789475,0.225,55,0.0,0.0625,0.0,-0.0625,0.0,"[1, 5, 0, 0]"
revocation,0.05,0.7,0.5,42,6,False,0.3203466591714811,0.4310960739054144,0.55,0.6666666666666666,0.5416666666666666,False,True,0,0,0.7,17,29,0.3695652173913043,0.325,72,0.0,0.0625,0.0,-0.0625,0.0,"[1, 6, 0, 0]"
revocation,0.05,0.7,0.5,42,7,False,0.34829570866432513,0.4608220554290608,0.55,0.7272727272727273,0.4642857142857143,False,True,0,0,0.8,19,23,0.4523809523809524,0.4,91,0.0,0.0625,0.0,-0.0625,0.0,"[1, 7, 0, 0]"
revocation,0.05,0.7,0.5,42,8,False,0.37550749578395815,0.4831165415717956,0.55,0.7352941176470589,0.4262295081967213,False,True,0,0,0.9,22,23,0.4888888888888889,0.5,113,0.0,0.0625,0.0,-0.0625,0.0,"[1, 8, 0, 0]"
revocation,0.05,0.7,0.5,42,9,False,0.42180919326654004,0.5060874061788467,0.55,0.75,0.40625,False,True,0,0,1.0,30,19,0.6122448979591837,0.375,143,0.0,0.0625,0.0,-0.0625,0.0,"[1, 9, 0, 0]"
revocation,0.05,0.7,0.5,42,10,False,0.4342140378070479,0.49831555463413507,0.4,0.7073170731707317,0.4142857142857143,False,True,0,0,1.0,30,14,0.6818181818181818,0.425,173,0.0,0.0625,0.0,-0.0625,0.0,"[1, 9, 0, 0]"
revocation,0.05,0.7,0.5,42,11,False,0.43994624264100024,0.4924866659756013,0.4,0.7446808510638298,0.3815789473684211,False,True,0,0,1.0,25,15,0.625,0.475,198,0.0,0.0625,0.0,-0.0625,0.0,"[1, 9, 0, 0]"
revocation,0.05,0.7,0.5,42,12,False,0.45049539626646445,0.494364999481701,0.3,0.7254901960784313,0.38271604938271603,False,True,0,0,1.0,32,8,0.8,0.575,230,0.0,0.0625,0.0,-0.0625,0.0,"[1, 9, 0, 0]"
revocation,0.05,0.7,0.5,42,13,False,0.46287154719984835,0.5020237496112757,0.2,0.7142857142857143,0.3793103448275862,False,True,0,0,1.0,26,13,0.6666666666666666,0.6,256,0.0,0.0625,0.0,-0.0625,0.0,"[1, 9, 0, 0]"
revocation,0.05,0.7,0.5,42,14,False,0.4560822318284577,0.4890178122084568,0.2,0.7241379310344828,0.36666666666666664,False,True,0,0,1.0,34,10,0.7727272727272727,0.625,290,0.0,0.0625,0.0,-0.0625,0.0,"[1, 9, 0, 0]"
revocation,0.05,0.7,0.5,42,15,False,0.4474188167284861,0.4730133591563426,0.15,0.7258064516129032,0.3655913978494624,False,True,0,0,1.0,36,12,0.75,0.525,326,0.0,0.0625,0.0,-0.0625,0.0,"[1, 9, 0, 0]"
revocation,0.05,0.7,0.5,42,16,False,0.4266355411177932,0.448510019367257,0.0,0.6956521739130435,0.37623762376237624,False,True,0,0,1.0,24,8,0.75,0.525,350,0.0,0.0625,0.0,-0.0625,0.0,"[1, 9, 0, 0]"
revocation,0.05,0.7,0.5,42,17,False,0.4012266558383449,0.4238825145254428,0.0,0.7,0.36538461538461536,False,True,0,0,1.0,36,13,0.7346938775510204,0.475,386,0.0,0.0625,0.0,-0.0625,0.0,"[1, 9, 0, 0]"
revocation,0.05,0.7,0.5,42,18,False,0.3759199918787587,0.3991618858940821,0.0,0.6973684210526315,0.3669724770642202,False,True,0,0,1.0,30,14,0.6818181818181818,0.525,416,0.0,0.0625,0.0,-0.0625,0.0,"[1, 9, 0, 0]"
revocation,0.05,0.7,0.5,42,19,False,0.36318999390906903,0.3868714144205616,0.0,0.7088607594936709,0.35398230088495575,False,True,0,0,1.0,28,8,0.7777777777777778,0.65,444,0.0,0.0625,0.0,-0.0625,0.0,"[1, 9, 0, 0]"
revocation,0.05,0.7,0.5,42,20,False,0.3670353525746589,0.3901535608154212,0.0,0.6904761904761905,0.3644067796610169,False,True,0,0,1.0,25,13,0.6578947368421053,0.55,469,0.0,0.0625,0.0,-0.0625,0.0,"[1, 9, 0, 0]"
revocation,0.05,0.7,0.5,42,21,False,0.35295508585956564,0.3738651706115659,0.0,0.686046511627907,0.36065573770491804,False,True,0,0,1.0,34,12,0.7391304347826086,0.5,503,0.0,0.0625,0.0,-0.0625,0.0,"[1, 9, 0, 0]"
revocation,0.05,0.7,0.5,42,22,False,0.3272163143946742,0.3428988779586744,0.0,0.6966292134831461,0.35714285714285715,False,True,0,0,1.0,28,15,0.6511627906976745,0.625,531,0.0,0.0625,0.0,-0.0625,0.0,"[1, 9, 0, 0]"
revocation,0.05,0.7,0.5,42,23,False,0.32576937865314853,0.3384241584690058,0.0,0.7021276595744681,0.3511450381679389,False,True,0,0,1.0,23,17,0.575,0.575,554,0.0,0.0625,0.0,-0.0625,0.0,"[1, 9, 0, 0]"
revocation,0.05,0.7,0.5,42,24,False,0.33182703398986135,0.34756811885175437,0.0,0.69,0.35507246376811596,False,True,0,0,1.0,31,8,0.7948717948717948,0.45,585,0.0,0.0625,0.0,-0.0625,0.0,"[1, 9, 0, 0]"
revocation,0.05,0.7,0.5,42,25,False,0.3185131326352532,0.3356760891388158,0.0,0.6893203883495146,0.35714285714285715,False,True,0,0,1.0,41,10,0.803921568627451,0.55,626,0.0,0.0625,0.0,-0.0625,0.0,"[1, 9, 0, 0]"
revocation,0.05,0.7,0.5,42,26,False,0.3254919923335828,0.34550706685411187,0.0,0.6851851851851852,0.3561643835616438,False,True,0,0,1.0,25,16,0.6097560975609756,0.45,651,0.0,0.0625,0.0,-0.0625,0.0,"[1, 9, 0, 0]"
revocation,0.05,0.7,0.5,42,27,False,0.3048332799644728,0.3216303001405839,0.0,0.6695652173913044,0.3660130718954248,False,True,0,0,1.0,31,10,0.7560975609756098,0.525,682,0.0,0.0625,0.0,-0.0625,0.0,"[1, 9, 0, 0]"
revocation,0.05,0.7,0.5,42,28,False,0.30094638854478317,0.3162227251054379,0.0,0.6694915254237288,0.3630573248407643,False,True,0,0,1.0,31,13,0.7045454545454546,0.525,713,0.0,0.0625,0.0,-0.0625,0.0,"[1, 9, 0, 0]"
revocation,0.05,0.7,0.5,42,29,False,0.3158883628371588,0.33716704382907847,0.0,0.6694214876033058,0.36419753086419754,False,True,0,0,1.0,33,10,0.7674418604651163,0.35,746,0.0,0.0625,0.0,-0.0625,0.0,"[1, 9, 0, 0]"
revocation,0.05,0.7,0.5,42,30,False,0.30745198641358334,0.3341252828718088,0.0,0.656,0.3696969696969697,False,True,0,0,1.0,34,10,0.7727272727272727,0.375,780,0.0,0.0625,0.0,-0.0625,0.0,"[1, 9, 0, 0]"
revocation,0.05,0.7,0.5,42,31,False,0.3064818469530447,0.33809396215385656,0.0,0.6484375,0.36416184971098264,False,True,0,0,1.0,26,16,0.6190476190476191,0.35,806,0.0,0.0625,0.0,-0.0625,0.0,"[1, 9, 0, 0]"
revocation,0.05,0.7,0.5,42,32,False,0.2959328137862121,0.32857047161539243,0.0,0.6444444444444445,0.3687150837988827,False,True,0,0,1.0,27,13,0.675,0.375,833,0.0,0.0625,0.0,-0.0625,0.0,"[1, 9, 0, 0]"
revocation,0.05,0.7,0.5,42,33,False,0.2933781817682305,0.32767785371154434,0.0,0.6293706293706294,0.3776595744680851,False,True,0,0,1.0,25,11,0.6944444444444444,0.375,858,0.0,0.0625,0.0,-0.0625,0.0,"[1, 9, 0, 0]"
revocation,0.05,0.7,0.5,42,34,False,0.29592649346903005,0.3332583902836582,0.0,0.6301369863013698,0.37823834196891193,False,True,0,0,1.0,26,15,0.6341463414634146,0.45,884,0.0,0.0625,0.0,-0.0625,0.0,"[1, 9, 0, 0]"
revocation,0.05,0.7,0.5,42,35,False,0.3094448701017725,0.3499437927127437,0.0,0.6153846153846154,0.3910891089108911,False,True,0,0,1.0,23,12,0.6571428571428571,0.425,907,0.0,0.0625,0.0,-0.0625,0.0,"[1, 9, 0, 0]"
revocation,0.05,0.7,0.5,42,36,False,0.3052979382906151,0.34370784453455777,0.0,0.6134969325153374,0.3904761904761905,False,True,0,0,1.0,25,15,0.625,0.55,932,0.0,0.0625,0.0,-0.0625,0.0,"[1, 9, 0, 0]"
revocation,0.05,0.7,0.5,42,37,False,0.32450916800367563,0.3640308834009183,0.0,0.6,0.4,False,True,0,0,1.0,23,9,0.71875,0.45,955,0.0,0.0625,0.0,-0.0625,0.0,"[1, 9, 0, 0]"
revocation,0.05,0.7,0.5,42,38,False,0.3085604474313281,0.3417731625506888,0.0,0.603448275862069,0.3972602739726027,False,True,0,0,1.0,29,12,0.7073170731707317,0.575,984,0.0,0.0625,0.0,-0.0625,0.0,"[1, 9, 0, 0]"
revocation,0.05,0.7,0.5,42,39,False,0.32784890700206754,0.3625798719130166,0.0,0.5955056179775281,0.40358744394618834,False,True,0,0,1.0,29,13,0.6904761904761905,0.55,1013,0.0,0.0625,0.0,-0.0625,0.0,"[1, 9, 0, 0]"
revocation,0.05,0.7,0.5,43,0,False,0.0,0.0,0.0,0.0,1.0,False,True,0,0,0.1,0,0,0.0,0.0,0,0.0,0.015000000000000001,0.0,-0.015000000000000001,0.0,"[0, 0, 0, 1]"
revocation,0.05,0.7,0.5,43,1,False,0.0,0.0,0.09090909090909091,0.09090909090909091,0.8518518518518519,False,True,0,0,0.1,0,50,0.0,0.0,0,0.0,0.015000000000000001,0.0,-0.015000000000000001,0.0,"[0, 0, 0, 1]"
revocation,0.05,0.7,0.5,43,2,False,0.022727272727272728,0.022727272727272728,0.29411764705882354,0.29411764705882354,0.7575757575757576,False,True,0,0,0.2,0,36,0.0,0.0,0,0.0,0.015000000000000001,0.005,-0.010000000000000002,0.0,"[0, 1, 0, 1]"
revocation,0.05,0.7,0.5,43,3,False,0.09057486631016043,0.09057486631016043,0.4,0.42857142857142855,0.6341463414634146,False,True,0,0,0.3,2,37,0.05128205128205128,0.0,2,0.0,0.015000000000000001,0.006666666666666667,-0.008333333333333335,0.0,"[0, 2, 0, 1]"
revocation,0.05,0.7,0.5,43,4,False,0.15364543544690606,0.16793114973262033,0.35,0.4583333333333333,0.5869565217391305,False,True,0,0,0.5,9,33,0.21428571428571427,0.18181818181818182,11,0.0,0.015000000000000001,0.004,-0.011000000000000001,0.0,"[0, 2, 0, 3]"
revocation,0.05,0.7,0.5,43,5,False,0.196727583078686,0.21344836229946523,0.25,0.5,0.5272727272727272,False,True,0,0,0.6,11,26,0.2972972972972973,0.13636363636363635,22,0.0,0.015000000000000001,0.005,-0.010000000000000002,0.0,"[0, 3, 0, 3]"
revocation,0.05,0.7,0.5,43,6,False,0.19575997302330023,0.22258627172459894,0.2,0.48484848484848486,0.5254237288135594,False,True,0,0,0.6,12,32,0.2727272727272727,0.14814814814814814,34,0.0,0.015000000000000001,0.005,-0.010000000000000002,0.0,"[0, 3, 0, 3]"
revocation,0.05,0.7,0.5,43,7,False,0.19210059201237312,0.21693970379344918,0.2,0.5348837209302325,0.4927536231884058,False,True,0,0,0.6,16,19,0.45714285714285713,0.21212121212121213,50,0.0,0.015000000000000001,0.005,-0.010000000000000002,0.0,"[0, 3, 0, 3]"
revocation,0.05,0.7,0.5,43,8,False,0.1950369824708183,0.21348602784508688,0.2,0.5652173913043478,0.4533333333333333,False,True,0,0,0.7,20,24,0.45454545454545453,0.1282051282051282,70,0.0,0.015000000000000001,0.004285714285714286,-0.010714285714285714,0.0,"[1, 3, 0, 3]"
revocation,0.05,0.7,0.5,43,9,False,0.19021570677792576,0.2095285833838152,0.15,0.5510204081632653,0.45569620253164556,False,True,0,0,0.8,20,21,0.4878048780487805,0.21739130434782608,90,0.0,0.015000000000000001,0.005,-0.010000000000000002,0.0,"[1, 4, 0, 3]"
revocation,0.05,0.7,0.5,43,10,False,0.17569749436915863,0.1946464375378614,0.05,0.5636363636363636,0.4318181818181818,True,True,1,0,0.4,30,16,0.6521739130434783,0.45161290322580644,40,0.0,0.015000000000000001,0.0,-0.015000000000000001,0.0,"[1, 0, 0, 3]"
revocation,0.05,0.7,0.5,43,11,False,0.14784454934829755,0.15848482815339607,0.0,0.5806451612903226,0.4270833333333333,False,True,1,0,0.5,7,23,0.23333333333333334,0.5555555555555556,47,0.0,0.015000000000000001,0.01,-0.005000000000000001,0.0,"[1, 0, 1, 3]"
revocation,0.05,0.7,0.5,43,12,False,0.11802626915408031,0.13260245740018972,0.0,0.5692307692307692,0.43,False,True,1,0,0.5,17,28,0.37777777777777777,0.5106382978723404,64,0.0,0.015000000000000001,0.01,-0.005000000000000001,0.0,"[1, 0, 1, 3]"
revocation,0.05,0.7,0.5,43,13,False,0.09566255900841737,0.12445184305014229,0.0,0.5797101449275363,0.42857142857142855,True,True,2,0,0.6,16,25,0.3902439024390244,0.6,69,0.0,0.015000000000000001,0.0,-0.015000000000000001,0.0,"[2, 0, 0, 4]"
revocation,0.05,0.7,0.5,43,14,False,0.1003183478277416,0.1841449786156894,0.0,0.5616438356164384,0.4375,False,True,2,0,0.6,14,21,0.4,0.45,83,0.0,0.015000000000000001,0.0,-0.015000000000000001,0.0,"[2, 0, 0, 4]"
revocation,0.05,0.7,0.5,43,15,False,0.1002387608708062,0.21935873396176703,0.0,0.5822784810126582,0.423728813559322,False,True,2,0,0.6,14,24,0.3684210526315789,0.35,97,0.0,0.015000000000000001,0.0,-0.015000000000000001,0.0,"[2, 0, 0, 4]"
revocation,0.05,0.7,0.5,43,16,False,0.09482192779596178,0.22701905047132526,0.0,0.5977011494252874,0.4094488188976378,False,True,2,0,0.6,16,19,0.45714285714285713,0.275,113,0.0,0.015000000000000001,0.0,-0.015000000000000001,0.0,"[2, 0, 0, 4]"
revocation,0.05,0.7,0.5,43,17,False,0.08450930298982848,0.22651428785349395,0.0,0.6043956043956044,0.4090909090909091,False,True,2,0,0.7,20,19,0.5128205128205128,0.35,133,0.0,0.015000000000000001,0.0,-0.015000000000000001,0.0,"[2, 0, 0, 5]"
revocation,0.05,0.7,0.5,43,18,False,0.07856054867094278,0.25113571589012046,0.0,0.6041666666666666,0.4057971014492754,False,True,2,0,0.8,15,20,0.42857142857142855,0.4,148,0.0,0.015000000000000001,0.0,-0.015000000000000001,0.0,"[2, 0, 0, 6]"
revocation,0.05,0.7,0.5,43,19,False,0.07856326864606424,0.2758517869175904,0.0,0.6176470588235294,0.3958333333333333,False,True,2,0,0.8,26,15,0.6341463414634146,0.45,174,0.0,0.015000000000000001,0.0,-0.015000000000000001,0.0,"[2, 0, 0, 6]"
revocation,0.05,0.7,0.5,43,20,False,0.09374388005597675,0.2756388401881928,0.0,0.5945945945945946,0.4090909090909091,False,True,2,0,0.9,23,15,0.6052631578947368,0.6,197,0.0,0.015000000000000001,0.0,-0.015000000000000001,0.0,"[2, 0, 0, 7]"
revocation,0.05,0.7,0.5,43,21,False,0.13816505289912542,0.27547913014114456,0.0,0.5897435897435898,0.40993788819875776,False,True,2,0,0.9,24,14,0.631578947368421,0.575,221,0.0,0.015000000000000001,0.0,-0.015000000000000001,0.0,"[2, 0, 0, 7]"
revocation,0.05,0.7,0.5,43,22,False,0.16344521824577266,0.28160934760585843,0.0,0.5901639344262295,0.40718562874251496,False,True,2,0,1.0,22,21,0.5116279069767442,0.6,243,0.0,0.015000000000000001,0.0,-0.015000000000000001,0.0,"[3, 0, 0, 7]"
revocation,0.05,0.7,0.5,43,23,False,0.19758391368432945,0.2862070107043938,0.0,0.6031746031746031,0.39766081871345027,False,True,2,0,1.0,27,13,0.675,0.475,270,0.0,0.015000000000000001,0.0,-0.015000000000000001,0.0,"[3, 0, 0, 7]"
revocation,0.05,0.7,0.5,43,24,False,0.2089022209775328,0.27090525802829535,0.0,0.6106870229007634,0.39204545454545453,False,True,2,0,1.0,31,15,0.6739130434782609,0.375,301,0.0,0.015000000000000001,0.0,-0.015000000000000001,0.0,"[3, 0, 0, 7]"
revocation,0.05,0.7,0.5,43,25,False,0.20756952287600675,0.24067894352122152,0.0,0.6194029850746269,0.3791208791208791,False,True,2,0,1.0,34,9,0.7906976744186046,0.4,335,0.0,0.015000000000000001,0.0,-0.015000000000000001,0.0,"[3, 0, 0, 7]"
revocation,0.05,0.7,0.5,43,26,False,0.2003199992998622,0.24300920764091613,0.0,0.6267605633802817,0.37967914438502676,False,True,2,0,1.0,26,10,0.7222222222222222,0.45,361,0.0,0.015000000000000001,0.0,-0.015000000000000001,0.0,"[3, 0, 0, 7]"
revocation,0.05,0.7,0.5,43,27,False,0.2038114280463252,0.2447569057306871,0.0,0.6275862068965518,0.3769633507853403,False,True,2,0,1.0,22,18,0.55,0.5,383,0.0,0.015000000000000001,0.0,-0.015000000000000001,0.0,"[3, 0, 0, 7]"
revocation,0.05,0.7,0.5,43,28,False,0.21267999960617248,0.2523176792980153,0.0,0.618421052631579,0.38578680203045684,False,True,2,0,1.0,25,7,0.78125,0.525,408,0.0,0.015000000000000001,0.0,-0.015000000000000001,0.0,"[3, 0, 0, 7]"
revocation,0.05,0.7,0.5,43,29,False,0.21843857113320078,0.27048825947351146,0.0,0.6233766233766234,0.38,False,True,2,0,1.0,31,10,0.7560975609756098,0.625,439,0.0,0.015000000000000001,0.0,-0.015000000000000001,0.0,"[3, 0, 0, 7]"
revocation,0.05,0.7,0.5,43,30,False,0.2325789283499006,0.30286619460513364,0.0,0.6352201257861635,0.37073170731707317,False,True,2,0,1.0,28,17,0.6222222222222222,0.525,467,0.0,0.015000000000000001,0.0,-0.015000000000000001,0.0,"[3, 0, 0, 7]"
revocation,0.05,0.7,0.5,43,31,False,0.23336276769099687,0.3083996459538502,0.0,0.6363636363636364,0.3696682464454976,False,True,2,0,1.0,28,14,0.6666666666666666,0.475,495,0.0,0.015000000000000001,0.0,-0.015000000000000001,0.0,"[3, 0, 0, 7]"
revocation,0.05,0.7,0.5,43,32,False,0.22234350433967623,0.3187997344653877,0.0,0.6390532544378699,0.36574074074074076,False,True,2,0,1.0,32,10,0.7619047619047619,0.4,527,0.0,0.015000000000000001,0.0,-0.015000000000000001,0.0,"[3, 0, 0, 7]"
revocation,0.05,0.7,0.5,43,33,False,0.2114004853976143,0.30159980084904076,0.0,0.6416184971098265,0.36363636363636365,False,True,2,0,1.0,33,16,0.673469387755102,0.4,560,0.0,0.015000000000000001,0.0,-0.015000000000000001,0.0,"[3, 0, 0, 7]"
revocation,0.05,0.7,0.5,43,34,False,0.197836078333925,0.30119985063678056,0.0,0.6404494382022472,0.36444444444444446,False,True,2,0,1.0,34,15,0.6938775510204082,0.525,594,0.0,0.015000000000000001,0.0,-0.015000000000000001,0.0,"[3, 0, 0, 7]"
revocation,0.05,0.7,0.5,43,35,False,0.21266277303615805,0.2946498879775854,0.0,0.6290322580645161,0.37339055793991416,False,True,2,0,1.0,25,10,0.7142857142857143,0.575,619,0.0,0.015000000000000001,0.0,-0.015000000000000001,0.0,"[3, 0, 0, 7]"
revocation,0.05,0.7,0.5,43,36,False,0.22735422263426136,0.30223741598318904,0.0,0.6230366492146597,0.37815126050420167,False,True,2,0,1.0,31,11,0.7380952380952381,0.525,650,0.0,0.015000000000000001,0.0,-0.015000000000000001,0.0,"[3, 0, 0, 7]"
revocation,0.05,0.7,0.5,43,37,False,0.23747995268998176,0.28917806198739177,0.0,0.6185567010309279,0.3817427385892116,False,True,2,0,1.0,36,9,0.8,0.35,686,0.0,0.015000000000000001,0.0,-0.015000000000000001,0.0,"[3, 0, 0, 7]"
revocation,0.05,0.7,0.5,43,38,False,0.21650282166034346,0.27313354649054383,0.0,0.6218905472636815,0.37751004016064255,False,True,2,0,1.0,22,11,0.6666666666666666,0.35,708,0.0,0.015000000000000001,0.0,-0.015000000000000001,0.0,"[3, 0, 0, 7]"
revocation,0.05,0.7,0.5,43,39,False,0.1980914019595433,0.2673501598679079,0.0,0.6172248803827751,0.38132295719844356,False,True,2,0,1.0,25,15,0.625,0.525,733,0.0,0.015000000000000001,0.0,-0.015000000000000001,0.0,"[3, 0, 0, 7]"
revocation,0.05,0.7,0.5,44,0,False,0.0,0.0,0.0,0.0,1.0,False,True,0,0,0.1,0,0,0.0,0.0,0,0.0,0.0,0.0,0.0,0.0,"[0, 1, 0, 0]"
revocation,0.05,0.7,0.5,44,1,False,0.0,0.0,0.3,0.3,0.7307692307692307,False,True,0,0,0.2,7,35,0.16666666666666666,0.14285714285714285,7,0.0,0.0,0.0,0.0,0.0,"[0, 2, 0, 0]"
revocation,0.05,0.7,0.5,44,2,False,0.06938775510204082,0.075,0.3333333333333333,0.3333333333333333,0.7096774193548387,False,True,0,0,0.4,9,29,0.23684210526315788,0.0625,16,0.0,0.0,0.0,0.0,0.0,"[0, 4, 0, 0]"
revocation,0.05,0.7,0.5,44,3,False,0.11602891156462584,0.13958333333333334,0.45,0.5217391304347826,0.5952380952380952,False,True,0,0,0.6,13,22,0.37142857142857144,0.1,29,0.0,0.0,0.0,0.0,0.0,"[0, 6, 0, 0]"
revocation,0.05,0.7,0.5,44,4,False,0.1682716836734694,0.2171875,0.4,0.5,0.5777777777777777,False,True,0,0,0.6,14,27,0.34146341463414637,0.4,43,0.0,0.0,0.0,0.0,0.0,"[0, 6, 0, 0]"
revocation,0.05,0.7,0.5,44,5,False,0.22620376275510207,0.26289062500000004,0.4,0.5555555555555556,0.5714285714285714,False,True,0,0,0.8,20,27,0.425531914893617,0.35,63,0.0,0.0,0.0,0.0,0.0,"[0, 8, 0, 0]"
revocation,0.05,0.7,0.5,44,6,False,0.2642956792091837,0.29716796875000007,0.25,0.53125,0.5892857142857143,False,True,0,0,0.9,15,20,0.42857142857142855,0.6,78,0.0,0.0,0.0,0.0,0.0,"[0, 9, 0, 0]"
revocation,0.05,0.7,0.5,44,7,False,0.3044717594068878,0.32912597656250003,0.1,0.4883720930232558,0.5909090909090909,False,True,0,0,1.0,21,11,0.65625,0.6,99,0.0,0.0,0.0,0.0,0.0,"[0, 10, 0, 0]"
revocation,0.05,0.7,0.5,44,8,False,0.3158538195551658,0.334344482421875,0.1,0.5102040816326531,0.5694444444444444,False,True,0,0,1.0,34,11,0.7555555555555555,0.35,133,0.0,0.0,0.0,0.0,0.0,"[0, 10, 0, 0]"
revocation,0.05,0.7,0.5,44,9,False,0.29314036466637433,0.30700836181640623,0.05,0.5,0.5584415584415584,False,True,0,0,1.0,37,13,0.74,0.5,170,0.0,0.0,0.0,0.0,0.0,"[0, 10, 0, 0]"
revocation,0.05,0.7,0.5,44,10,False,0.28860527349978077,0.2990062713623047,0.0,0.5,0.5529411764705883,False,True,0,0,1.0,33,12,0.7333333333333333,0.6,203,0.0,0.0,0.0,0.0,0.0,"[0, 10, 0, 0]"
revocation,0.05,0.7,0.5,44,11,False,0.2914539551248356,0.2992547035217285,0.0,0.5230769230769231,0.5333333333333333,False,True,0,0,1.0,30,17,0.6382978723404256,0.45,233,0.0,0.0,0.0,0.0,0.0,"[0, 10, 0, 0]"
revocation,0.05,0.7,0.5,44,12,False,0.2748404663436267,0.2806910276412964,0.0,0.5070422535211268,0.5306122448979592,False,True,0,0,1.0,28,12,0.7,0.65,261,0.0,0.0,0.0,0.0,0.0,"[0, 10, 0, 0]"
revocation,0.05,0.7,0.5,44,13,False,0.28738034975772003,0.2917682707309723,0.0,0.5189873417721519,0.5238095238095238,False,True,0,0,1.0,31,9,0.775,0.5,292,0.0,0.0,0.0,0.0,0.0,"[0, 10, 0, 0]"
revocation,0.05,0.7,0.5,44,14,False,0.27803526231829,0.2813262030482292,0.0,0.5348837209302325,0.5135135135135135,False,True,0,0,1.0,25,14,0.6410256410256411,0.45,317,0.0,0.0,0.0,0.0,0.0,"[0, 10, 0, 0]"
revocation,0.05,0.7,0.5,44,15,False,0.26477644673871753,0.2672446522861719,0.0,0.5555555555555556,0.4956521739130435,False,True,0,0,1.0,25,13,0.6578947368421053,0.35,342,0.0,0.0,0.0,0.0,0.0,"[0, 10, 0, 0]"
revocation,0.05,0.7,0.5,44,16,False,0.24233233505403814,0.2441834892146289,0.0,0.5638297872340425,0.48333333333333334,False,True,0,0,1.0,33,10,0.7674418604651163,0.45,375,0.0,0.0,0.0,0.0,0.0,"[0, 10, 0, 0]"
revocation,0.05,0.7,0.5,44,17,False,0.23799925129052862,0.23938761691097168,0.0,0.5656565656565656,0.47619047619047616,False,True,0,0,1.0,31,8,0.7948717948717948,0.55,406,0.0,0.0,0.0,0.0,0.0,"[0, 10, 0, 0]"
revocation,0.05,0.7,0.5,44,18,False,0.24724943846789646,0.24829071268322878,0.0,0.5769230769230769,0.46564885496183206,False,True,0,0,1.0,29,13,0.6904761904761905,0.45,435,0.0,0.0,0.0,0.0,0.0,"[0, 10, 0, 0]"
revocation,0.05,0.7,0.5,44,19,False,0.24168707885092236,0.24246803451242158,0.0,0.5727272727272728,0.4744525547445255,False,True,0,0,1.0,27,12,0.6923076923076923,0.4,462,0.0,0.0,0.0,0.0,0.0,"[0, 10, 0, 0]"
revocation,0.05,0.7,0.5,44,20,False,0.23126530913819177,0.23185102588431616,0.0,0.591304347826087,0.4583333333333333,False,True,0,0,1.0,24,17,0.5853658536585366,0.45,486,0.0,0.0,0.0,0.0,0.0,"[0, 10, 0, 0]"
revocation,0.05,0.7,0.5,44,21,False,0.22969898185364382,0.23013826941323712,0.0,0.5853658536585366,0.45394736842105265,False,True,0,0,1.0,27,5,0.84375,0.5,513,0.0,0.0,0.0,0.0,0.0,"[0, 10, 0, 0]"
revocation,0.05,0.7,0.5,44,22,False,0.23477423639023284,0.23510370205992784,0.0,0.5984251968503937,0.44516129032258067,False,True,0,0,1.0,35,10,0.7777777777777778,0.45,548,0.0,0.0,0.0,0.0,0.0,"[0, 10, 0, 0]"
revocation,0.05,0.7,0.5,44,23,False,0.23233067729267462,0.23257777654494588,0.0,0.5909090909090909,0.4444444444444444,False,True,0,0,1.0,29,13,0.6904761904761905,0.5,577,0.0,0.0,0.0,0.0,0.0,"[0, 10, 0, 0]"
revocation,0.05,0.7,0.5,44,24,False,0.23674800796950596,0.2369333324087094,0.0,0.6071428571428571,0.4319526627218935,False,True,0,0,1.0,26,12,0.6842105263157895,0.35,603,0.0,0.0,0.0,0.0,0.0,"[0, 10, 0, 0]"
revocation,0.05,0.7,0.5,44,25,False,0.22131100597712947,0.22144999930653203,0.0,0.6068965517241379,0.43103448275862066,False,True,0,0,1.0,31,11,0.7380952380952381,0.4,634,0.0,0.0,0.0,0.0,0.0,"[0, 10, 0, 0]"
revocation,0.05,0.7,0.5,44,26,False,0.21598325448284708,0.21608749947989903,0.0,0.6122448979591837,0.423728813559322,False,True,0,0,1.0,27,16,0.627906976744186,0.55,661,0.0,0.0,0.0,0.0,0.0,"[0, 10, 0, 0]"
revocation,0.05,0.7,0.5,44,27,False,0.23073744086213535,0.23081562460992427,0.0,0.6133333333333333,0.4262295081967213,False,True,0,0,1.0,29,16,0.6444444444444445,0.45,690,0.0,0.0,0.0,0.0,0.0,"[0, 10, 0, 0]"
revocation,0.05,0.7,0.5,44,28,False,0.2293030806466015,0.22936171845744321,0.0,0.6025641025641025,0.43617021276595747,False,True,0,0,1.0,24,12,0.6666666666666666,0.7,714,0.0,0.0,0.0,0.0,0.0,"[0, 10, 0, 0]"
revocation,0.05,0.7,0.5,44,29,False,0.25947731048495115,0.2595212888430824,0.0,0.5962732919254659,0.43523316062176165,False,True,0,0,1.0,33,7,0.825,0.45,747,0.0,0.0,0.0,0.0,0.0,"[0, 10, 0, 0]"
revocation,0.05,0.7,0.5,44,30,False,0.25085798286371336,0.2508909666323118,0.0,0.5963855421686747,0.4321608040201005,False,True,0,0,1.0,29,11,0.725,0.5,776,0.0,0.0,0.0,0.0,0.0,"[0, 10, 0, 0]"
revocation,0.05,0.7,0.5,44,31,False,0.250643487147785,0.25066822497423386,0.0,0.5964912280701754,0.4292682926829268,False,True,0,0,1.0,28,17,0.6222222222222222,0.6,804,0.0,0.0,0.0,0.0,0.0,"[0, 10, 0, 0]"
revocation,0.05,0.7,0.5,44,32,False,0.2629826153608388,0.2630011687306754,0.0,0.5865921787709497,0.4386792452830189,False,True,0,0,1.0,32,10,0.7619047619047619,0.5,836,0.0,0.0,0.0,0.0,0.0,"[0, 10, 0, 0]"
revocation,0.05,0.7,0.5,44,33,False,0.2597369615206291,0.25975087654800655,0.0,0.5860215053763441,0.43636363636363634,False,True,0,0,1.0,30,9,0.7692307692307693,0.65,866,0.0,0.0,0.0,0.0,0.0,"[0, 10, 0, 0]"
revocation,0.05,0.7,0.5,44,34,False,0.2760527211404718,0.2760631574110049,0.0,0.5789473684210527,0.4439461883408072,False,True,0,0,1.0,34,13,0.723404255319149,0.55,900,0.0,0.0,0.0,0.0,0.0,"[0, 10, 0, 0]"
revocation,0.05,0.7,0.5,44,35,False,0.2757895408553539,0.2757973680582537,0.0,0.576530612244898,0.44541484716157204,False,True,0,0,1.0,27,10,0.7297297297297297,0.45,927,0.0,0.0,0.0,0.0,0.0,"[0, 10, 0, 0]"
revocation,0.05,0.7,0.5,44,36,False,0.26309215564151545,0.2630980260436903,0.0,0.5707070707070707,0.44635193133047213,False,True,0,0,1.0,34,17,0.6666666666666666,0.5,961,0.0,0.0,0.0,0.0,0.0,"[0, 10, 0, 0]"
revocation,0.05,0.7,0.5,44,37,False,0.25981911673113656,0.2598235195327677,0.0,0.5812807881773399,0.4375,False,True,0,0,1.0,24,13,0.6486486486486487,0.5,985,0.0,0.0,0.0,0.0,0.0,"[0, 10, 0, 0]"
revocation,0.05,0.7,0.5,44,38,False,0.2573643375483524,0.25736763964957576,0.0,0.5761904761904761,0.44308943089430897,False,True,0,0,1.0,30,12,0.7142857142857143,0.65,1015,0.0,0.0,0.0,0.0,0.0,"[0, 10, 0, 0]"
revocation,0.05,0.7,0.5,44,39,False,0.27427325316126433,0.27427572973718184,0.0,0.5754716981132075,0.44223107569721115,False,True,0,0,1.0,29,10,0.7435897435897436,0.7,1044,0.0,0.0,0.0,0.0,0.0,"[0, 10, 0, 0]"
revocation,0.05,0.7,0.5,45,0,False,0.0,0.0,0.0,0.0,1.0,False,True,0,0,0.1,0,0,0.0,0.0,0,0.0,0.0,0.0,0.0,0.0,"[1, 0, 0, 0]"
revocation,0.05,0.7,0.5,45,1,False,0.0,0.0,0.35294117647058826,0.35294117647058826,0.7931034482758621,False,True,0,0,0.1,4,36,0.1,0.0,4,0.0,0.0,0.0,0.0,0.0,"[1, 0, 0, 0]"
revocation,0.05,0.7,0.5,45,2,False,0.08193277310924371,0.08823529411764706,0.3333333333333333,0.3333333333333333,0.75,False,True,0,0,0.1,1,44,0.022222222222222223,0.0,5,0.0,0.0,0.0,0.0,0.0,"[1, 0, 0, 0]"
revocation,0.05,0.7,0.5,45,3,False,0.13883053221288516,0.14950980392156862,0.35,0.4090909090909091,0.6842105263157895,False,True,0,0,0.3,1,42,0.023255813953488372,0.0,6,0.0,0.0,0.0,0.0,0.0,"[3, 0, 0, 0]"
revocation,0.05,0.7,0.5,45,4,False,0.17912289915966384,0.19963235294117646,0.3,0.46153846153846156,0.6136363636363636,False,True,0,0,0.4,9,27,0.25,0.5333333333333333,15,0.0,0.0,0.0,0.0,0.0,"[4, 0, 0, 0]"
revocation,0.05,0.7,0.5,45,5,False,0.2218421743697479,0.25389093137254903,0.25,0.4444444444444444,0.5957446808510638,False,True,0,0,0.6,23,21,0.5227272727272727,0.5,38,0.0,0.0,0.0,0.0,0.0,"[6, 0, 0, 0]"
revocation,0.05,0.7,0.5,45,6,False,0.2467387736344538,0.2841681985294118,0.2,0.45454545454545453,0.5740740740740741,False,True,0,0,0.7,22,18,0.55,0.6,60,0.0,0.0,0.0,0.0,0.0,"[7, 0, 0, 0]"
revocation,0.05,0.7,0.5,45,7,False,0.27076836594012604,0.3131261488970588,0.15,0.4722222222222222,0.5517241379310345,False,True,0,0,0.8,24,21,0.5333333333333333,0.5,84,0.0,0.0,0.0,0.0,0.0,"[8, 0, 0, 0]"
revocation,0.05,0.7,0.5,45,8,False,0.27807627445509453,0.3160946116727941,0.0,0.46511627906976744,0.5373134328358209,False,True,0,0,1.0,27,16,0.627906976744186,0.4,111,0.0,0.0,0.0,0.0,0.0,"[10, 0, 0, 0]"
revocation,0.05,0.7,0.5,45,9,False,0.2585572058413209,0.2870709587545956,0.0,0.5,0.5068493150684932,False,True,0,0,1.0,30,11,0.7317073170731707,0.7,141,0.0,0.0,0.0,0.0,0.0,"[10, 0, 0, 0]"
revocation,0.05,0.7,0.5,45,10,False,0.2814179043809907,0.30280321906594665,0.0,0.5098039215686274,0.5,False,True,0,0,1.0,31,14,0.6888888888888889,0.55,172,0.0,0.0,0.0,0.0,0.0,"[10, 0, 0, 0]"
revocation,0.05,0.7,0.5,45,11,False,0.279813428285743,0.29585241429945996,0.0,0.5178571428571429,0.49382716049382713,False,True,0,0,1.0,29,15,0.6590909090909091,0.5,201,0.0,0.0,0.0,0.0,0.0,"[10, 0, 0, 0]"
revocation,0.05,0.7,0.5,45,12,False,0.2723600712143072,0.28438931072459495,0.0,0.4838709677419355,0.5056179775280899,False,True,0,0,1.0,33,9,0.7857142857142857,0.6,234,0.0,0.0,0.0,0.0,0.0,"[10, 0, 0, 0]"
revocation,0.05,0.7,0.5,45,13,False,0.27927005341073047,0.2882919830434462,0.0,0.5074626865671642,0.4946236559139785,False,True,0,0,1.0,31,10,0.7560975609756098,0.5,265,0.0,0.0,0.0,0.0,0.0,"[10, 0, 0, 0]"
revocation,0.05,0.7,0.5,45,14,False,0.2719525400580478,0.27871898728258465,0.0,0.4794520547945205,0.504950495049505,False,True,0,0,1.0,29,13,0.6904761904761905,0.5,294,0.0,0.0,0.0,0.0,0.0,"[10, 0, 0, 0]"
revocation,0.05,0.7,0.5,45,15,False,0.26646440504353586,0.2715392404619385,0.0,0.5063291139240507,0.48148148148148145,False,True,0,0,1.0,28,17,0.6222222222222222,0.35,322,0.0,0.0,0.0,0.0,0.0,"[10, 0, 0, 0]"
revocation,0.05,0.7,0.5,45,16,False,0.2435983037826519,0.24740443034645387,0.0,0.5121951219512195,0.4732142857142857,False,True,0,0,1.0,32,17,0.6530612244897959,0.55,354,0.0,0.0,0.0,0.0,0.0,"[10, 0, 0, 0]"
revocation,0.05,0.7,0.5,45,17,False,0.2514487278369889,0.2543033227598404,0.0,0.5172413793103449,0.4745762711864407,False,True,0,0,1.0,29,18,0.6170212765957447,0.4,383,0.0,0.0,0.0,0.0,0.0,"[10, 0, 0, 0]"
revocation,0.05,0.7,0.5,45,18,False,0.2385865458777417,0.2407274920698803,0.0,0.5274725274725275,0.4672131147540984,False,True,0,0,1.0,35,11,0.7608695652173914,0.6,418,0.0,0.0,0.0,0.0,0.0,"[10, 0, 0, 0]"
revocation,0.05,0.7,0.5,45,19,False,0.2539399094083063,0.25554561905241024,0.0,0.5157894736842106,0.47244094488188976,False,True,0,0,1.0,29,15,0.6590909090909091,0.45,447,0.0,0.0,0.0,0.0,0.0,"[10, 0, 0, 0]"
revocation,0.05,0.7,0.5,45,20,False,0.24670493205622973,0.24790921428930768,0.0,0.54,0.44776119402985076,False,True,0,0,1.0,24,11,0.6857142857142857,0.6,471,0.0,0.0,0.0,0.0,0.0,"[10, 0, 0, 0]"
revocation,0.05,0.7,0.5,45,21,False,0.2600286990421723,0.26093191071698074,0.0,0.5490196078431373,0.4411764705882353,False,True,0,0,1.0,24,15,0.6153846153846154,0.6,495,0.0,0.0,0.0,0.0,0.0,"[10, 0, 0, 0]"
revocation,0.05,0.7,0.5,45,22,False,0.27002152428162923,0.27069893303773557,0.0,0.5471698113207547,0.44366197183098594,False,True,0,0,1.0,32,11,0.7441860465116279,0.6,527,0.0,0.0,0.0,0.0,0.0,"[10, 0, 0, 0]"
revocation,0.05,0.7,0.5,45,23,False,0.2775161432112219,0.2780241997783017,0.0,0.5545454545454546,0.4391891891891892,False,True,0,0,1.0,25,15,0.625,0.55,552,0.0,0.0,0.0,0.0,0.0,"[10, 0, 0, 0]"
revocation,0.05,0.7,0.5,45,24,False,0.27688710740841643,0.2772681498337263,0.0,0.5614035087719298,0.43137254901960786,False,True,0,0,1.0,38,12,0.76,0.55,590,0.0,0.0,0.0,0.0,0.0,"[10, 0, 0, 0]"
revocation,0.05,0.7,0.5,45,25,False,0.27641533055631234,0.2767011123752947,0.0,0.5689655172413793,0.4230769230769231,False,True,0,0,1.0,37,14,0.7254901960784313,0.45,627,0.0,0.0,0.0,0.0,0.0,"[10, 0, 0, 0]"
revocation,0.05,0.7,0.5,45,26,False,0.26356149791723427,0.26377583428147106,0.0,0.5887096774193549,0.4110429447852761,False,True,0,0,1.0,34,10,0.7727272727272727,0.4,661,0.0,0.0,0.0,0.0,0.0,"[10, 0, 0, 0]"
revocation,0.05,0.7,0.5,45,27,False,0.2476711234379257,0.24783187571110327,0.0,0.5769230769230769,0.42011834319526625,False,True,0,0,1.0,34,9,0.7906976744186046,0.7,695,0.0,0.0,0.0,0.0,0.0,"[10, 0, 0, 0]"
revocation,0.05,0.7,0.5,45,28,False,0.27325334257844425,0.2733739067833274,0.0,0.5507246376811594,0.43820224719101125,False,True,0,0,1.0,25,14,0.6410256410256411,0.65,720,0.0,0.0,0.0,0.0,0.0,"[10, 0, 0, 0]"
revocation,0.05,0.7,0.5,45,29,False,0.2861900069338332,0.28628043008749554,0.0,0.5571428571428572,0.4262295081967213,False,True,0,0,1.0,32,11,0.7441860465116279,0.65,752,0.0,0.0,0.0,0.0,0.0,"[10, 0, 0, 0]"
revocation,0.05,0.7,0.5,45,30,False,0.29589250520037486,0.29596032256562166,0.0,0.5675675675675675,0.42328042328042326,False,True,0,0,1.0,23,15,0.6052631578947368,0.65,775,0.0,0.0,0.0,0.0,0.0,"[10, 0, 0, 0]"
revocation,0.05,0.7,0.5,45,31,False,0.3031693789002811,0.30322024192421626,0.0,0.5657894736842105,0.4270833333333333,False,True,0,0,1.0,31,14,0.6888888888888889,0.55,806,0.0,0.0,0.0,0.0,0.0,"[10, 0, 0, 0]"
revocation,0.05,0.7,0.5,45,32,False,0.29612703417521086,0.2961651814431622,0.0,0.5641025641025641,0.4271356783919598,False,True,0,0,1.0,25,14,0.6410256410256411,0.75,831,0.0,0.0,0.0,0.0,0.0,"[10, 0, 0, 0]"
revocation,0.05,0.7,0.5,45,33,False,0.3158452756314082,0.31587388608237166,0.0,0.5625,0.4264705882352941,False,True,0,0,1.0,36,7,0.8372093023255814,0.6,867,0.0,0.0,0.0,0.0,0.0,"[10, 0, 0, 0]"
revocation,0.05,0.7,0.5,45,34,False,0.3118839567235561,0.3119054145617787,0.0,0.558282208588957,0.42788461538461536,False,True,0,0,1.0,34,11,0.7555555555555555,0.5,901,0.0,0.0,0.0,0.0,0.0,"[10, 0, 0, 0]"
revocation,0.05,0.7,0.5,45,35,False,0.29641296754266705,0.29642906092133403,0.0,0.562874251497006,0.42452830188679247,False,True,0,0,1.0,33,13,0.717391304347826,0.5,934,0.0,0.0,0.0,0.0,0.0,"[10, 0, 0, 0]"
revocation,0.05,0.7,0.5,45,36,False,0.2848097256570003,0.2848217956910005,0.0,0.5664739884393064,0.42201834862385323,False,True,0,0,1.0,29,7,0.8055555555555556,0.55,963,0.0,0.0,0.0,0.0,0.0,"[10, 0, 0, 0]"
revocation,0.05,0.7,0.5,45,37,False,0.28235729424275025,0.2823663467682504,0.0,0.5642458100558659,0.42410714285714285,False,True,0,0,1.0,27,10,0.7297297297297297,0.55,990,0.0,0.0,0.0,0.0,0.0,"[10, 0, 0, 0]"
revocation,0.05,0.7,0.5,45,38,False,0.2805179706820627,0.28052476007618776,0.0,0.5604395604395604,0.42731277533039647,False,True,0,0,1.0,33,9,0.7857142857142857,0.6,1023,0.0,0.0,0.0,0.0,0.0,"[10, 0, 0, 0]"
revocation,0.05,0.7,0.5,45,39,False,0.285388478011547,0.28539357005714083,0.0,0.5614973262032086,0.4267241379310345,False,True,0,0,1.0,36,11,0.7659574468085106,0.5,1059,0.0,0.0,0.0,0.0,0.0,"[10, 0, 0, 0]"
revocation,0.05,0.7,0.5,46,0,False,0.0,0.0,0.0,0.0,1.0,False,True,0,0,0.1,0,0,0.0,0.0,0,0.0,0.015000000000000001,0.05,0.035,0.0,"[0, 0, 1, 0]"
revocation,0.05,0.7,0.5,46,1,False,0.0,0.0,0.2222222222222222,0.2222222222222222,0.8333333333333334,False,True,0,0,0.2,3,43,0.06521739130434782,0.0,3,0.0,0.015000000000000001,0.030000000000000002,0.015000000000000001,0.0,"[0, 1, 1, 0]"
revocation,0.05,0.7,0.5,46,2,False,0.051587301587301584,0.05555555555555555,0.38461538461538464,0.38461538461538464,0.71875,False,True,0,0,0.3,6,29,0.17142857142857143,0.0,9,0.0,0.015000000000000001,0.023333333333333334,0.008333333333333333,0.0,"[0, 2, 1, 0]"
revocation,0.05,0.7,0.5,46,3,False,0.11423992673992675,0.13782051282051283,0.42857142857142855,0.42857142857142855,0.6944444444444444,False,True,0,0,0.5,9,30,0.23076923076923078,0.05555555555555555,18,0.0,0.015000000000000001,0.026000000000000002,0.011000000000000001,0.0,"[0, 3, 2, 0]"
revocation,0.05,0.7,0.5,46,4,False,0.1651867477760335,0.21050824175824176,0.6,0.6,0.5813953488372093,False,True,0,0,0.7,15,19,0.4411764705882353,0.030303030303030304,33,0.0,0.015000000000000001,0.02,0.004999999999999999,0.0,"[0, 4, 2, 1]"
revocation,0.05,0.7,0.5,46,5,False,0.22299720368916795,0.3078811813186813,0.6,0.6190476190476191,0.5555555555555556,False,True,0,0,0.8,15,24,0.38461538461538464,0.02702702702702703,48,0.0,0.015000000000000001,0.0175,0.0025000000000000005,0.0,"[0, 4, 2, 2]"
revocation,0.05,0.7,0.5,46,6,False,0.2449264741954474,0.305910885989011,0.6,0.6666666666666666,0.5098039215686274,False,True,0,0,0.8,22,18,0.55,0.14893617021276595,70,0.0,0.015000000000000001,0.0175,0.0025000000000000005,0.0,"[0, 4, 2, 2]"
revocation,0.05,0.7,0.5,46,7,False,0.27744485564658555,0.3141987894917582,0.55,0.6666666666666666,0.4909090909090909,False,True,0,0,0.8,22,22,0.5,0.11538461538461539,92,0.0,0.015000000000000001,0.0175,0.0025000000000000005,0.0,"[0, 4, 2, 2]"
revocation,0.05,0.7,0.5,46,8,False,0.29230983221112966,0.3293990921188187,0.55,0.7,0.4576271186440678,False,True,0,0,0.9,23,21,0.5227272727272727,0.12727272727272726,115,0.0,0.015000000000000001,0.021111111111111112,0.0061111111111111106,0.0,"[0, 4, 3, 2]"
revocation,0.05,0.7,0.5,46,9,False,0.30554189796787107,0.347049319089114,0.45,0.6944444444444444,0.4393939393939394,True,True,2,0,0.3,21,14,0.6,0.15789473684210525,19,0.0,0.015000000000000001,0.0,-0.015000000000000001,0.0,"[0, 0, 0, 3]"
revocation,0.05,0.7,0.5,46,10,False,0.3312240926488356,0.3727869893168355,0.4,0.7073170731707317,0.4225352112676056,False,True,2,0,0.7,4,36,0.1,0.15,23,0.0,0.015000000000000001,0.0,-0.015000000000000001,0.0,"[3, 0, 0, 4]"
revocation,0.05,0.7,0.5,46,11,False,0.3350252123437696,0.3690166557228173,0.35,0.7045454545454546,0.4025974025974026,False,True,2,0,0.9,25,19,0.5681818181818182,0.3055555555555556,48,0.0,0.015000000000000001,0.0,-0.015000000000000001,0.0,"[4, 0, 0, 5]"
revocation,0.05,0.7,0.5,46,12,False,0.33609033782925574,0.383012491792113,0.3,0.6956521739130435,0.39759036144578314,False,True,2,0,0.9,23,21,0.5227272727272727,0.525,71,0.0,0.015000000000000001,0.0,-0.015000000000000001,0.0,"[4, 0, 0, 5]"
revocation,0.05,0.7,0.5,46,13,False,0.35117489622908465,0.41225936884408476,0.3,0.6862745098039216,0.4044943820224719,False,True,2,0,0.9,27,12,0.6923076923076923,0.625,98,0.0,0.015000000000000001,0.0,-0.015000000000000001,0.0,"[4, 0, 0, 5]"
revocation,0.05,0.7,0.5,46,14,False,0.37320260074324213,0.43419452663306357,0.15,0.6607142857142857,0.41237113402061853,False,True,2,0,0.9,26,15,0.6341463414634146,0.575,124,0.0,0.015000000000000001,0.0,-0.015000000000000001,0.0,"[4, 0, 0, 5]"
revocation,0.05,0.7,0.5,46,15,False,0.3629376648431459,0.4131458949747977,0.0,0.6349206349206349,0.42718446601941745,False,True,2,0,0.9,30,10,0.75,0.55,154,0.0,0.015000000000000001,0.0,-0.015000000000000001,0.0,"[4, 0, 0, 5]"
revocation,0.05,0.7,0.5,46,16,False,0.33113182006093084,0.3661094212310983,0.0,0.6086956521739131,0.43636363636363634,False,True,2,0,1.0,31,16,0.6595744680851063,0.575,185,0.0,0.015000000000000001,0.0,-0.015000000000000001,0.0,"[5, 0, 0, 5]"
revocation,0.05,0.7,0.5,46,17,False,0.32067029361712673,0.34958206592332375,0.0,0.5974025974025974,0.43333333333333335,False,True,2,0,1.0,19,19,0.5,0.525,204,0.0,0.015000000000000001,0.0,-0.015000000000000001,0.0,"[5, 0, 0, 5]"
revocation,0.05,0.7,0.5,46,18,False,0.3065741487842736,0.33093654944249284,0.0,0.6,0.42063492063492064,False,True,2,0,1.0,34,13,0.723404255319149,0.55,238,0.0,0.015000000000000001,0.0,-0.015000000000000001,0.0,"[5, 0, 0, 5]"
revocation,0.05,0.7,0.5,46,19,False,0.29778775444534805,0.31070241208186966,0.0,0.6091954022988506,0.41044776119402987,False,True,2,0,1.0,25,14,0.6410256410256411,0.55,263,0.0,0.015000000000000001,0.0,-0.015000000000000001,0.0,"[5, 0, 0, 5]"
revocation,0.05,0.7,0.5,46,20,False,0.2911979586911539,0.3055333365747164,0.0,0.6153846153846154,0.4028776978417266,False,True,2,0,1.0,27,14,0.6585365853658537,0.575,290,0.0,0.015000000000000001,0.0,-0.015000000000000001,0.0,"[5, 0, 0, 5]"
revocation,0.05,0.7,0.5,46,21,False,0.29071989758979405,0.2979000024310373,0.0,0.6145833333333334,0.4,False,True,2,0,1.0,25,15,0.625,0.6,315,0.0,0.015000000000000001,0.0,-0.015000000000000001,0.0,"[5, 0, 0, 5]"
revocation,0.05,0.7,0.5,46,22,False,0.29393278033520265,0.3037338300970388,0.0,0.62,0.3973509933774834,False,True,2,0,1.0,37,13,0.74,0.475,352,0.0,0.015000000000000001,0.0,-0.015000000000000001,0.0,"[5, 0, 0, 5]"
revocation,0.05,0.7,0.5,46,23,False,0.2793781566799734,0.2840503725727791,0.0,0.6213592233009708,0.3935483870967742,False,True,2,0,1.0,32,11,0.7441860465116279,0.55,384,0.0,0.015000000000000001,0.0,-0.015000000000000001,0.0,"[5, 0, 0, 5]"
revocation,0.05,0.7,0.5,46,24,False,0.2773907603671229,0.28622343852559384,0.0,0.6238532110091743,0.391304347826087,False,True,2,0,1.0,28,13,0.6829268292682927,0.65,412,0.0,0.015000000000000001,0.0,-0.015000000000000001,0.0,"[5, 0, 0, 5]"
revocation,0.05,0.7,0.5,46,25,False,0.2892930702753422,0.2959175788941954,0.0,0.631578947368421,0.3878787878787879,False,True,2,0,1.0,36,9,0.8,0.5,448,0.0,0.015000000000000001,0.0,-0.015000000000000001,0.0,"[5, 0, 0, 5]"
revocation,0.05,0.7,0.5,46,26,False,0.2785769455636495,0.29068818417064657,0.0,0.625,0.391812865497076,False,True,2,0,1.0,21,12,0.6363636363636364,0.6,469,0.0,0.015000000000000001,0.0,-0.015000000000000001,0.0,"[5, 0, 0, 5]"
revocation,0.05,0.7,0.5,46,27,False,0.2821469948870229,0.30551613812798495,0.0,0.6229508196721312,0.39080459770114945,False,True,2,0,1.0,33,11,0.75,0.55,502,0.0,0.015000000000000001,0.0,-0.015000000000000001,0.0,"[5, 0, 0, 5]"
revocation,0.05,0.7,0.5,46,28,False,0.27946738902241003,0.3041371035959887,0.0,0.6153846153846154,0.391304347826087,False,True,2,0,1.0,25,11,0.6944444444444444,0.35,527,0.0,0.015000000000000001,0.0,-0.015000000000000001,0.0,"[5, 0, 0, 5]"
revocation,0.05,0.7,0.5,46,29,False,0.2515648274810932,0.28435282769699155,0.0,0.625,0.38421052631578945,False,True,2,0,1.0,32,12,0.7272727272727273,0.475,559,0.0,0.015000000000000001,0.0,-0.015000000000000001,0.0,"[5, 0, 0, 5]"
revocation,0.05,0.7,0.5,46,30,False,0.2484950491822485,0.2695146207727437,0.0,0.6214285714285714,0.3865979381443299,False,True,2,0,1.0,25,16,0.6097560975609756,0.6,584,0.0,0.015000000000000001,0.0,-0.015000000000000001,0.0,"[5, 0, 0, 5]"
revocation,0.05,0.7,0.5,46,31,False,0.26047842974382923,0.28338596557955775,0.0,0.6319444444444444,0.373134328358209,False,True,2,0,1.0,29,13,0.6904761904761905,0.5,613,0.0,0.015000000000000001,0.0,-0.015000000000000001,0.0,"[5, 0, 0, 5]"
revocation,0.05,0.7,0.5,46,32,False,0.2551802508793005,0.29378947418466833,0.0,0.6357615894039735,0.3761904761904762,False,True,2,0,1.0,31,11,0.7380952380952381,0.55,644,0.0,0.015000000000000001,0.0,-0.015000000000000001,0.0,"[5, 0, 0, 5]"
revocation,0.05,0.7,0.5,46,33,False,0.25924233101661825,0.2953421056385013,0.0,0.6242038216560509,0.3813953488372093,False,True,2,0,1.0,41,8,0.8367346938775511,0.4,685,0.0,0.015000000000000001,0.0,-0.015000000000000001,0.0,"[5, 0, 0, 5]"
revocation,0.05,0.7,0.5,46,34,False,0.24443174826246367,0.27150657922887594,0.0,0.6296296296296297,0.3755656108597285,False,True,2,0,1.0,33,13,0.717391304347826,0.4,718,0.0,0.015000000000000001,0.0,-0.015000000000000001,0.0,"[5, 0, 0, 5]"
revocation,0.05,0.7,0.5,46,35,False,0.23332381119684772,0.25362993442165693,0.0,0.625,0.3805309734513274,False,True,2,0,1.0,24,13,0.6486486486486487,0.5,742,0.0,0.015000000000000001,0.0,-0.015000000000000001,0.0,"[5, 0, 0, 5]"
revocation,0.05,0.7,0.5,46,36,False,0.23749285839763581,0.25272245081624267,0.0,0.630057803468208,0.37662337662337664,False,True,2,0,1.0,24,12,0.6666666666666666,0.55,766,0.0,0.015000000000000001,0.0,-0.015000000000000001,0.0,"[5, 0, 0, 5]"
revocation,0.05,0.7,0.5,46,37,False,0.24686964379822687,0.25829183811218204,0.0,0.6271186440677966,0.37872340425531914,False,True,2,0,1.0,24,11,0.6857142857142857,0.525,790,0.0,0.015000000000000001,0.0,-0.015000000000000001,0.0,"[5, 0, 0, 5]"
revocation,0.05,0.7,0.5,46,38,False,0.2512236614200987,0.2562188785841365,0.0,0.6243093922651933,0.37916666666666665,False,True,2,0,1.0,28,14,0.6666666666666666,0.525,818,0.0,0.015000000000000001,0.0,-0.015000000000000001,0.0,"[5, 0, 0, 5]"
revocation,0.05,0.7,0.5,46,39,False,0.25270346035078833,0.26716415893810236,0.0,0.6324324324324324,0.3729508196721312,False,True,2,0,1.0,26,15,0.6341463414634146,0.5,844,0.0,0.015000000000000001,0.0,-0.015000000000000001,0.0,"[5, 0, 0, 5]"
revocation,0.05,0.7,0.5,47,0,False,0.0,0.0,0.0,0.0,1.0,False,True,0,0,0.2,0,0,0.0,0.0,0,0.0,0.065,0.125,0.06,0.0,"[0, 0, 1, 1]"
revocation,0.05,0.7,0.5,47,1,False,0.0,0.0,0.2857142857142857,0.2857142857142857,0.8461538461538461,False,True,0,0,0.3,2,37,0.05128205128205128,0.0,2,0.0,0.065,0.15,0.08499999999999999,0.0,"[0, 0, 1, 2]"
revocation,0.05,0.7,0.5,47,2,False,0.06632653061224489,0.07142857142857142,0.35,0.35,0.7941176470588235,True,True,1,0,0.1,6,28,0.17647058823529413,0.0,2,0.0,0.065,0.05,-0.015,0.0,"[0, 0, 1, 0]"
revocation,0.05,0.7,0.5,47,3,False,0.13099489795918368,0.14107142857142857,0.35,0.4090909090909091,0.6829268292682927,False,True,1,0,0.2,1,37,0.02631578947368421,0.0,3,0.0,0.065,0.05,-0.015,0.0,"[0, 0, 2, 0]"
revocation,0.05,0.7,0.5,47,4,False,0.17949617346938776,0.1933035714285714,0.3,0.48148148148148145,0.6122448979591837,True,True,2,0,0.1,5,33,0.13157894736842105,0.0,0,0.0,0.065,0.05,-0.015,0.0,"[0, 0, 1, 0]"
revocation,0.05,0.7,0.5,47,5,False,0.20962213010204084,0.21997767857142858,0.3,0.5,0.6078431372549019,False,True,2,0,0.1,0,43,0.0,0.0,0,0.0,0.065,0.05,-0.015,0.0,"[0, 0, 1, 0]"
revocation,0.05,0.7,0.5,47,6,False,0.23221659757653063,0.23998325892857142,0.3,0.5625,0.5535714285714286,False,True,2,0,0.2,1,36,0.02702702702702703,0.0,1,0.0,0.065,0.05,-0.015,0.0,"[0, 0, 2, 0]"
revocation,0.05,0.7,0.5,47,7,False,0.23844816246811223,0.25498744419642855,0.25,0.5714285714285714,0.5333333333333333,False,True,2,0,0.3,8,37,0.17777777777777778,0.2222222222222222,9,0.0,0.065,0.05000000000000001,-0.014999999999999993,0.0,"[0, 0, 3, 0]"
revocation,0.05,0.7,0.5,47,8,False,0.23984802661298893,0.2537405831473214,0.1,0.55,0.5303030303030303,True,True,3,0,0.0,8,38,0.17391304347826086,0.0,0,0.0,0.065,0.065,0.0,0.0,"[0, 0, 0, 0]"
revocation,0.05,0.7,0.5,47,9,False,0.2048860199597417,0.21530543736049104,0.05,0.5581395348837209,0.5138888888888888,False,True,3,0,0.0,0,42,0.0,0.0,0,0.0,0.065,0.065,0.0,0.0,"[0, 0, 0, 0]"
revocation,0.05,0.7,0.5,47,10,False,0.1661645149698063,0.1739790780203683,0.0,0.5531914893617021,0.5,False,True,3,0,0.1,0,42,0.0,0.0,0,0.0,0.065,0.0,-0.065,0.0,"[1, 0, 0, 0]"
revocation,0.05,0.7,0.5,47,11,False,0.12462338622735472,0.13048430851527623,0.0,0.56,0.47619047619047616,False,True,3,0,0.2,2,41,0.046511627906976744,0.0,2,0.0,0.065,0.0,-0.065,0.0,"[2, 0, 0, 0]"
revocation,0.05,0.7,0.5,47,12,False,0.09346753967051603,0.09786323138645717,0.0,0.5660377358490566,0.4666666666666667,False,True,3,0,0.3,7,37,0.1590909090909091,0.1111111111111111,9,0.0,0.065,0.0,-0.065,0.0,"[3, 0, 0, 0]"
revocation,0.05,0.7,0.5,47,13,False,0.07605303570526799,0.08728631242873178,0.0,0.5818181818181818,0.4479166666666667,False,True,3,0,0.5,12,28,0.3,0.15,21,0.0,0.065,0.04,-0.025,0.0,"[4, 0, 0, 1]"
revocation,0.05,0.7,0.5,47,14,False,0.0677540624932367,0.08421473432154884,0.0,0.6166666666666667,0.43137254901960786,True,True,4,0,0.5,18,22,0.45,0.15,36,0.0,0.065,0.0,-0.065,0.0,"[5, 0, 0, 0]"
revocation,0.05,0.7,0.5,47,15,False,0.06420840401278467,0.08191105074116163,0.0,0.6307692307692307,0.42592592592592593,False,True,4,0,0.6,16,28,0.36363636363636365,0.1,52,0.0,0.065,0.0,-0.065,0.0,"[6, 0, 0, 0]"
revocation,0.05,0.7,0.5,47,16,False,0.057084874438159926,0.07393328805587122,0.0,0.6231884057971014,0.42105263157894735,False,True,4,0,0.6,14,32,0.30434782608695654,0.2,66,0.0,0.065,0.0,-0.065,0.0,"[6, 0, 0, 0]"
revocation,0.05,0.7,0.5,47,17,False,0.060670798685762806,0.08044996604190341,0.0,0.6486486486486487,0.3983739837398374,False,True,4,0,0.7,15,24,0.38461538461538464,0.2,81,0.0,0.065,0.0,-0.065,0.0,"[7, 0, 0, 0]"
revocation,0.05,0.7,0.5,47,18,False,0.06336024187146497,0.08533747453142757,0.0,0.6578947368421053,0.392,False,True,4,0,0.7,20,24,0.45454545454545453,0.35,101,0.0,0.065,0.0,-0.065,0.0,"[7, 0, 0, 0]"
revocation,0.05,0.7,0.5,47,19,False,0.07877018140359872,0.10775310589857066,0.0,0.6666666666666666,0.38461538461538464,False,True,4,0,0.7,15,22,0.40540540540540543,0.25,116,0.0,0.065,0.0,-0.065,0.0,"[7, 0, 0, 0]"
revocation,0.05,0.7,0.5,47,20,False,0.0813990646241276,0.112064829423928,0.0,0.6704545454545454,0.3795620437956204,False,True,4,0,0.7,12,18,0.4,0.4,128,0.0,0.065,0.0,-0.065,0.0,"[7, 0, 0, 0]"
revocation,0.05,0.7,0.5,47,21,False,0.09676358418238142,0.134048622067946,0.0,0.6702127659574468,0.3776223776223776,False,True,4,0,0.7,22,19,0.5365853658536586,0.35,150,0.0,0.065,0.0,-0.065,0.0,"[7, 0, 0, 0]"
revocation,0.05,0.7,0.5,47,22,False,0.10382268813678608,0.1442864665509595,0.0,0.6767676767676768,0.3716216216216216,False,True,4,0,0.7,17,21,0.4473684210526316,0.3,167,0.0,0.065,0.0,-0.065,0.0,"[7, 0, 0, 0]"
revocation,0.05,0.7,0.5,47,23,False,0.10465273038830383,0.14571484991321962,0.0,0.6862745098039216,0.36423841059602646,False,True,4,0,0.9,22,23,0.4888888888888889,0.3,189,0.0,0.065,0.0,-0.065,0.0,"[9, 0, 0, 0]"
revocation,0.05,0.7,0.5,47,24,False,0.1159895477912279,0.14678613743491473,0.0,0.6727272727272727,0.37267080745341613,False,True,4,0,0.9,20,17,0.5405405405405406,0.35,209,0.0,0.065,0.0,-0.065,0.0,"[9, 0, 0, 0]"
revocation,0.05,0.7,0.5,47,25,False,0.1307421608434209,0.15383960307618605,0.0,0.6896551724137931,0.3614457831325301,False,True,4,0,1.0,27,15,0.6428571428571429,0.15,236,0.0,0.065,0.0,-0.065,0.0,"[10, 0, 0, 0]"
revocation,0.05,0.7,0.5,47,26,False,0.11680662063256568,0.13412970230713953,0.0,0.6854838709677419,0.36,False,True,4,0,1.0,28,15,0.6511627906976745,0.4,264,0.0,0.065,0.0,-0.065,0.0,"[10, 0, 0, 0]"
revocation,0.05,0.7,0.5,47,27,False,0.13760496547442427,0.15059727673035467,0.0,0.6870229007633588,0.35714285714285715,False,True,4,0,1.0,29,13,0.6904761904761905,0.35,293,0.0,0.065,0.0,-0.065,0.0,"[10, 0, 0, 0]"
revocation,0.05,0.7,0.5,47,28,False,0.14695372410581822,0.156697957547766,0.0,0.6618705035971223,0.3697916666666667,False,True,4,0,1.0,26,13,0.6666666666666666,0.5,319,0.0,0.065,0.0,-0.065,0.0,"[10, 0, 0, 0]"
revocation,0.05,0.7,0.5,47,29,False,0.17271529307936365,0.18002346816082448,0.0,0.6713286713286714,0.3604060913705584,False,True,4,0,1.0,26,17,0.6046511627906976,0.3,345,0.0,0.065,0.0,-0.065,0.0,"[10, 0, 0, 0]"
revocation,0.05,0.7,0.5,47,30,False,0.16703646980952275,0.17251760112061837,0.0,0.6666666666666666,0.36538461538461536,False,True,4,0,1.0,23,14,0.6216216216216216,0.55,368,0.0,0.065,0.0,-0.065,0.0,"[10, 0, 0, 0]"
revocation,0.05,0.7,0.5,47,31,False,0.19402735235714205,0.19813820084046377,0.0,0.6521739130434783,0.37037037037037035,False,True,4,0,1.0,24,18,0.5714285714285714,0.35,392,0.0,0.065,0.0,-0.065,0.0,"[10, 0, 0, 0]"
revocation,0.05,0.7,0.5,47,32,False,0.18927051426785654,0.19235365063034782,0.0,0.6432748538011696,0.37610619469026546,False,True,4,0,1.0,23,14,0.6216216216216216,0.45,415,0.0,0.065,0.0,-0.065,0.0,"[10, 0, 0, 0]"
revocation,0.05,0.7,0.5,47,33,False,0.1982028857008924,0.20051523797276086,0.0,0.6271186440677966,0.38626609442060084,False,True,4,0,1.0,35,13,0.7291666666666666,0.5,450,0.0,0.065,0.0,-0.065,0.0,"[10, 0, 0, 0]"
revocation,0.05,0.7,0.5,47,34,False,0.2111521642756693,0.21288642847957065,0.0,0.6277777777777778,0.38235294117647056,False,True,4,0,1.0,28,12,0.7,0.45,478,0.0,0.065,0.0,-0.065,0.0,"[10, 0, 0, 0]"
revocation,0.05,0.7,0.5,47,35,False,0.21461412320675197,0.215914821359678,0.0,0.6236559139784946,0.3868312757201646,False,True,4,0,1.0,28,11,0.717948717948718,0.45,506,0.0,0.065,0.0,-0.065,0.0,"[10, 0, 0, 0]"
revocation,0.05,0.7,0.5,47,36,False,0.217210592405064,0.21818611601975849,0.0,0.6263157894736842,0.3815261044176707,False,True,4,0,1.0,30,10,0.75,0.5,536,0.0,0.065,0.0,-0.065,0.0,"[10, 0, 0, 0]"
revocation,0.05,0.7,0.5,47,37,False,0.22540794430379799,0.22613958701481887,0.0,0.6205128205128205,0.38735177865612647,False,True,4,0,1.0,23,15,0.6052631578947368,0.5,559,0.0,0.065,0.0,-0.065,0.0,"[10, 0, 0, 0]"
revocation,0.05,0.7,0.5,47,38,False,0.2315559582278485,0.23210469026111416,0.0,0.625,0.38223938223938225,False,True,4,0,1.0,35,11,0.7608695652173914,0.5,594,0.0,0.065,0.0,-0.065,0.0,"[10, 0, 0, 0]"
revocation,0.05,0.7,0.5,47,39,False,0.23616696867088635,0.23657851769583563,0.0,0.6213592233009708,0.3849056603773585,False,True,4,0,1.0,30,12,0.7142857142857143,0.55,624,0.0,0.065,0.0,-0.065,0.0,"[10, 0, 0, 0]"
revocation,0.05,0.7,0.5,48,0,False,0.0,0.0,0.0,0.0,1.0,False,True,0,0,0.0,0,0,0.0,0.0,0,0.0,0.015000000000000001,0.015000000000000001,0.0,0.0,"[0, 0, 0, 0]"
revocation,0.05,0.7,0.5,48,1,False,0.0,0.0,0.2,0.2,0.9047619047619048,False,True,0,0,0.0,0,42,0.0,0.0,0,0.0,0.015000000000000001,0.015000000000000001,0.0,0.0,"[0, 0, 0, 0]"
revocation,0.05,0.7,0.5,48,2,False,0.05,0.05,0.23076923076923078,0.23076923076923078,0.7931034482758621,False,True,0,0,0.0,0,36,0.0,0.0,0,0.0,0.015000000000000001,0.015000000000000001,0.0,0.0,"[0, 0, 0, 0]"
revocation,0.05,0.7,0.5,48,3,False,0.0951923076923077,0.0951923076923077,0.3888888888888889,0.3888888888888889,0.6666666666666666,False,True,0,0,0.0,0,38,0.0,0.0,0,0.0,0.015000000000000001,0.015000000000000001,0.0,0.0,"[0, 0, 0, 0]"
revocation,0.05,0.7,0.5,48,4,False,0.16861645299145303,0.168616452991453,0.45,0.47619047619047616,0.6153846153846154,False,True,0,0,0.1,0,43,0.0,0.0,0,0.0,0.015000000000000001,0.01,-0.005000000000000001,0.0,"[0, 1, 0, 0]"
revocation,0.05,0.7,0.5,48,5,False,0.23896233974358977,0.23896233974358977,0.45,0.47619047619047616,0.6190476190476191,False,True,0,0,0.1,0,39,0.0,0.0,0,0.0,0.015000000000000001,0.01,-0.005000000000000001,0.0,"[0, 1, 0, 0]"
revocation,0.05,0.7,0.5,48,6,False,0.2917217548076923,0.2917217548076923,0.45,0.5416666666666666,0.5416666666666666,False,True,0,0,0.1,0,40,0.0,0.0,0,0.0,0.015000000000000001,0.01,-0.005000000000000001,0.0,"[0, 1, 0, 0]"
revocation,0.05,0.7,0.5,48,7,False,0.33129131610576923,0.33129131610576923,0.45,0.5769230769230769,0.5192307692307693,False,True,0,0,0.3,0,44,0.0,0.0,0,0.0,0.015000000000000001,0.01,-0.005000000000000001,0.0,"[0, 3, 0, 0]"
revocation,0.05,0.7,0.5,48,8,False,0.36096848707932694,0.36096848707932694,0.45,0.6071428571428571,0.49122807017543857,False,True,0,0,0.5,4,38,0.09523809523809523,0.0,4,0.0,0.015000000000000001,0.008,-0.007000000000000001,0.0,"[1, 4, 0, 0]"
revocation,0.05,0.7,0.5,48,9,False,0.3591192224523524,0.3832263653094952,0.35,0.59375,0.4838709677419355,False,True,0,0,0.5,11,33,0.25,0.4,15,0.0,0.015000000000000001,0.008,-0.007000000000000001,0.0,"[1, 4, 0, 0]"
revocation,0.05,0.7,0.5,48,10,False,0.347829676579524,0.3749197739821214,0.35,0.6060606060606061,0.46875,False,True,0,0,0.7,8,33,0.1951219512195122,0.5652173913043478,23,0.0,0.015000000000000001,0.008571428571428572,-0.006428571428571429,0.0,"[1, 6, 0, 0]"
revocation,0.05,0.7,0.5,48,11,False,0.34263246151627563,0.3686898304865911,0.25,0.6153846153846154,0.4507042253521127,True,True,1,0,0.2,15,31,0.32608695652173914,1.0,12,0.0,0.015000000000000001,0.005,-0.010000000000000002,0.0,"[1, 1, 0, 0]"
revocation,0.05,0.7,0.5,48,12,False,0.31947434613720677,0.3390173728649433,0.25,0.6428571428571429,0.43243243243243246,False,True,1,0,0.3,4,41,0.08888888888888889,1.0,16,0.0,0.015000000000000001,0.0033333333333333335,-0.011666666666666667,0.0,"[2, 1, 0, 0]"
revocation,0.05,0.7,0.5,48,13,False,0.31549861674576224,0.4059929403629932,0.2,0.6666666666666666,0.4074074074074074,False,True,1,0,0.4,6,32,0.15789473684210525,1.0,22,0.0,0.015000000000000001,0.005,-0.010000000000000002,0.0,"[2, 2, 0, 0]"
revocation,0.05,0.7,0.5,48,14,False,0.30090967684503594,0.4544947052722449,0.15,0.6730769230769231,0.3953488372093023,False,True,1,0,0.6,11,31,0.2619047619047619,0.9130434782608695,33,0.0,0.015000000000000001,0.0033333333333333335,-0.011666666666666667,0.0,"[4, 2, 0, 0]"
revocation,0.05,0.7,0.5,48,15,False,0.3152655909671103,0.4783710289541836,0.1,0.6727272727272727,0.3888888888888889,False,True,1,0,0.7,16,27,0.37209302325581395,0.6538461538461539,49,0.0,0.015000000000000001,0.002857142857142857,-0.012142857142857144,0.0,"[4, 2, 0, 1]"
revocation,0.05,0.7,0.5,48,16,False,0.30073490751104703,0.4587782717156377,0.1,0.6842105263157895,0.37894736842105264,False,True,1,0,0.7,21,25,0.45652173913043476,0.4666666666666667,70,0.0,0.015000000000000001,0.002857142857142857,-0.012142857142857144,0.0,"[4, 2, 0, 1]"
revocation,0.05,0.7,0.5,48,17,False,0.2770392758713805,0.42533370378672825,0.05,0.6984126984126984,0.37254901960784315,False,True,1,0,0.8,21,21,0.5,0.4857142857142857,91,0.0,0.015000000000000001,0.00375,-0.011250000000000001,0.0,"[4, 3, 0, 1]"
revocation,0.05,0.7,0.5,48,18,False,0.261648504522583,0.4065002778400462,0.05,0.7076923076923077,0.3619047619047619,False,True,1,0,0.8,23,18,0.5609756097560976,0.42857142857142855,114,0.0,0.015000000000000001,0.00375,-0.011250000000000001,0.0,"[4, 3, 0, 1]"
revocation,0.05,0.7,0.5,48,19,False,0.24600141598592223,0.3798752083800347,0.0,0.7183098591549296,0.35135135135135137,False,True,1,0,1.0,17,20,0.4594594594594595,0.34782608695652173,131,0.0,0.015000000000000001,0.003,-0.012,0.0,"[6, 3, 0, 1]"
revocation,0.05,0.7,0.5,48,20,False,0.2291439191322988,0.341156406285026,0.0,0.7105263157894737,0.3504273504273504,False,True,1,0,1.0,25,12,0.6756756756756757,0.43478260869565216,156,0.0,0.015000000000000001,0.003,-0.012,0.0,"[6, 3, 0, 1]"
revocation,0.05,0.7,0.5,48,21,False,0.23078651077779555,0.3371173047137695,0.0,0.6829268292682927,0.36585365853658536,True,True,2,0,0.8,25,11,0.6944444444444444,0.38461538461538464,148,0.0,0.015000000000000001,0.0,-0.015000000000000001,0.0,"[7, 0, 0, 1]"
revocation,0.05,0.7,0.5,48,22,False,0.21773274022620379,0.31533797853532713,0.0,0.6627906976744186,0.37209302325581395,False,True,2,0,0.8,22,18,0.55,0.48148148148148145,170,0.0,0.015000000000000001,0.0,-0.015000000000000001,0.0,"[7, 0, 0, 1]"
revocation,0.05,0.7,0.5,48,23,False,0.22133526945536713,0.3177534839014953,0.0,0.6413043478260869,0.38235294117647056,False,True,2,0,0.8,25,17,0.5952380952380952,0.2903225806451613,195,0.0,0.015000000000000001,0.0,-0.015000000000000001,0.0,"[7, 0, 0, 1]"
revocation,0.05,0.7,0.5,48,24,False,0.2061800235200968,0.29456511292612153,0.0,0.6185567010309279,0.39436619718309857,False,True,2,0,0.8,27,15,0.6428571428571429,0.41935483870967744,222,0.0,0.015000000000000001,0.0,-0.015000000000000001,0.0,"[7, 0, 0, 1]"
revocation,0.05,0.7,0.5,48,25,False,0.21267073192578687,0.30217383469459114,0.0,0.6090909090909091,0.40522875816993464,False,True,2,0,0.8,17,14,0.5483870967741935,0.41935483870967744,239,0.0,0.015000000000000001,0.0,-0.015000000000000001,0.0,"[7, 0, 0, 1]"
revocation,0.05,0.7,0.5,48,26,False,0.21753876323005444,0.30788037602094337,0.0,0.6036036036036037,0.40384615384615385,False,True,2,0,0.8,27,16,0.627906976744186,0.4375,266,0.0,0.015000000000000001,0.0,-0.015000000000000001,0.0,"[7, 0, 0, 1]"
revocation,0.05,0.7,0.5,48,27,False,0.22565407242254085,0.31841028201570754,0.0,0.6068376068376068,0.40372670807453415,False,True,2,0,0.9,26,18,0.5909090909090909,0.4117647058823529,292,0.0,0.015000000000000001,0.0,-0.015000000000000001,0.0,"[8, 0, 0, 1]"
revocation,0.05,0.7,0.5,48,28,False,0.24424055431690564,0.3263077115117806,0.0,0.5887096774193549,0.4093567251461988,False,True,2,0,0.9,24,11,0.6857142857142857,0.2777777777777778,316,0.0,0.015000000000000001,0.0,-0.015000000000000001,0.0,"[8, 0, 0, 1]"
revocation,0.05,0.7,0.5,48,29,False,0.2367518443091078,0.3072307836338355,0.0,0.6015625,0.3977272727272727,False,True,2,0,0.9,29,14,0.6744186046511628,0.21621621621621623,345,0.0,0.015000000000000001,0.0,-0.015000000000000001,0.0,"[8, 0, 0, 1]"
revocation,0.05,0.7,0.5,48,30,False,0.2204210260889737,0.2804230877253766,0.0,0.6106870229007634,0.39779005524861877,False,True,2,0,0.9,23,16,0.5897435897435898,0.225,368,0.0,0.015000000000000001,0.0,-0.015000000000000001,0.0,"[8, 0, 0, 1]"
revocation,0.05,0.7,0.5,48,31,False,0.213530055281016,0.2665673157940325,0.0,0.6148148148148148,0.39037433155080214,False,True,2,0,1.0,27,18,0.6,0.225,395,0.0,0.015000000000000001,0.0,-0.015000000000000001,0.0,"[9, 0, 0, 1]"
revocation,0.05,0.7,0.5,48,32,False,0.20836182717504775,0.2561754868455244,0.0,0.6056338028169014,0.39690721649484534,False,True,2,0,1.0,26,14,0.65,0.35,421,0.0,0.015000000000000001,0.0,-0.015000000000000001,0.0,"[9, 0, 0, 1]"
revocation,0.05,0.7,0.5,48,33,False,0.2312713703812858,0.27963161513414325,0.0,0.5986394557823129,0.4,False,True,2,0,1.0,34,12,0.7391304347826086,0.35,455,0.0,0.015000000000000001,0.0,-0.015000000000000001,0.0,"[9, 0, 0, 1]"
revocation,0.05,0.7,0.5,48,34,False,0.24845352778596433,0.29722371135060743,0.0,0.6013071895424836,0.3961352657004831,False,True,2,0,1.0,23,13,0.6388888888888888,0.275,478,0.0,0.015000000000000001,0.0,-0.015000000000000001,0.0,"[9, 0, 0, 1]"
revocation,0.05,0.7,0.5,48,35,False,0.2452687172680447,0.2916677835129556,0.0,0.610062893081761,0.38967136150234744,False,True,2,0,1.0,29,14,0.6744186046511628,0.35,507,0.0,0.015000000000000001,0.0,-0.015000000000000001,0.0,"[9, 0, 0, 1]"
revocation,0.05,0.7,0.5,48,36,False,0.2589515379510335,0.3062508376347167,0.0,0.6060606060606061,0.39090909090909093,False,True,2,0,1.0,25,13,0.6578947368421053,0.25,532,0.0,0.015000000000000001,0.0,-0.015000000000000001,0.0,"[9, 0, 0, 1]"
revocation,0.05,0.7,0.5,48,37,False,0.24778508203470367,0.29218812822603757,0.0,0.6011560693641619,0.3964757709251101,False,True,2,0,1.0,21,10,0.6774193548387096,0.275,553,0.0,0.015000000000000001,0.0,-0.015000000000000001,0.0,"[9, 0, 0, 1]"
revocation,0.05,0.7,0.5,48,38,False,0.24476738295459918,0.2878910961695282,0.0,0.6033519553072626,0.39316239316239315,False,True,2,0,1.0,30,13,0.6976744186046512,0.325,583,0.0,0.015000000000000001,0.0,-0.015000000000000001,0.0,"[9, 0, 0, 1]"
revocation,0.05,0.7,0.5,48,39,False,0.25321839435880655,0.2971683221271461,0.0,0.6031746031746031,0.3950617283950617,False,True,2,0,1.0,27,9,0.75,0.225,610,0.0,0.015000000000000001,0.0,-0.015000000000000001,0.0,"[9, 0, 0, 1]"
revocation,0.05,0.7,0.5,49,0,False,0.0,0.0,0.0,0.0,1.0,False,True,0,0,0.0,0,0,0.0,0.0,0,0.0,0.0125,0.0125,0.0,0.0,"[0, 0, 0, 0]"
revocation,0.05,0.7,0.5,49,1,False,0.0,0.0,0.16666666666666666,0.16666666666666666,0.8076923076923077,False,True,0,0,0.0,0,43,0.0,0.0,0,0.0,0.0125,0.0125,0.0,0.0,"[0, 0, 0, 0]"
revocation,0.05,0.7,0.5,49,2,False,0.041666666666666664,0.041666666666666664,0.3,0.3,0.6571428571428571,False,True,0,0,0.1,0,41,0.0,0.0,0,0.0,0.0125,0.0,-0.0125,0.0,"[0, 1, 0, 0]"
revocation,0.05,0.7,0.5,49,3,False,0.10625,0.10625,0.4166666666666667,0.4166666666666667,0.6153846153846154,False,True,0,0,0.1,2,37,0.05128205128205128,0.0,2,0.0,0.0125,0.0,-0.0125,0.0,"[0, 1, 0, 0]"
revocation,0.05,0.7,0.5,49,4,False,0.17641369047619046,0.18385416666666665,0.46153846153846156,0.46153846153846156,0.5853658536585366,False,True,0,0,0.1,2,39,0.04878048780487805,0.0,4,0.0,0.0125,0.0,-0.0125,0.0,"[0, 1, 0, 0]"
revocation,0.05,0.7,0.5,49,5,False,0.239453125,0.25327524038461535,0.4666666666666667,0.4666666666666667,0.5681818181818182,False,True,0,0,0.2,2,42,0.045454545454545456,0.16666666666666666,6,0.0,0.0125,0.0,-0.0125,0.0,"[0, 2, 0, 0]"
revocation,0.05,0.7,0.5,49,6,False,0.28554222470238094,0.3066230969551282,0.5555555555555556,0.5555555555555556,0.5416666666666666,False,True,0,0,0.2,3,43,0.06521739130434782,0.1111111111111111,9,0.0,0.0125,0.0,-0.0125,0.0,"[0, 2, 0, 0]"
revocation,0.05,0.7,0.5,49,7,False,0.3371725415426587,0.368856211605235,0.6,0.6,0.49056603773584906,False,True,0,0,0.2,5,39,0.11363636363636363,0.07142857142857142,14,0.0,0.0125,0.0,-0.0125,0.0,"[0, 2, 0, 0]"
revocation,0.05,0.7,0.5,49,8,False,0.3840018551365859,0.4266421587039263,0.6,0.6363636363636364,0.4827586206896552,False,True,0,0,0.2,5,38,0.11627906976744186,0.05263157894736842,19,0.0,0.0125,0.0,-0.0125,0.0,"[0, 2, 0, 0]"
revocation,0.05,0.7,0.5,49,9,False,0.41845251917198834,0.4699816190279448,0.6,0.6521739130434783,0.4603174603174603,False,True,0,0,0.6,1,40,0.024390243902439025,0.05,20,0.0,0.0125,0.0,-0.0125,0.0,"[0, 6, 0, 0]"
revocation,0.05,0.7,0.5,49,10,False,0.43437510366470555,0.5024862142709586,0.55,0.6538461538461539,0.45588235294117646,False,True,0,0,0.9,20,23,0.46511627906976744,0.6,40,0.0,0.0125,0.0,-0.0125,0.0,"[0, 9, 0, 0]"
revocation,0.05,0.7,0.5,49,11,False,0.46863847060567204,0.5206146607032189,0.35,0.5666666666666667,0.4794520547945205,False,True,0,0,0.9,26,18,0.5909090909090909,0.75,66,0.0,0.0125,0.0,-0.0125,0.0,"[0, 9, 0, 0]"
revocation,0.05,0.7,0.5,49,12,False,0.48183599581139686,0.5279609955274143,0.25,0.5714285714285714,0.4625,False,True,0,0,0.9,25,16,0.6097560975609756,0.55,91,0.0,0.0125,0.0,-0.0125,0.0,"[0, 9, 0, 0]"
revocation,0.05,0.7,0.5,49,13,False,0.4560198540014048,0.49597074664556073,0.1,0.5681818181818182,0.4606741573033708,False,True,0,0,0.9,22,13,0.6285714285714286,0.45,113,0.0,0.0125,0.0,-0.0125,0.0,"[0, 9, 0, 0]"
revocation,0.05,0.7,0.5,49,14,False,0.4045148905010536,0.44072805998417053,0.05,0.574468085106383,0.45161290322580644,False,True,0,0,0.9,31,17,0.6458333333333334,0.5,144,0.0,0.0125,0.0,-0.0125,0.0,"[0, 9, 0, 0]"
revocation,0.05,0.7,0.5,49,15,False,0.3641004535900759,0.3992960449881279,0.0,0.5818181818181818,0.4411764705882353,False,True,0,0,0.9,26,15,0.6341463414634146,0.65,170,0.0,0.0125,0.0,-0.0125,0.0,"[0, 9, 0, 0]"
revocation,0.05,0.7,0.5,49,16,False,0.34271819733541403,0.38072203374109587,0.0,0.5806451612903226,0.44036697247706424,False,True,0,0,0.9,27,10,0.7297297297297297,0.75,197,0.0,0.0125,0.0,-0.0125,0.0,"[0, 9, 0, 0]"
revocation,0.05,0.7,0.5,49,17,False,0.3373957908587034,0.3792915253058219,0.0,0.6029411764705882,0.4298245614035088,False,True,0,0,1.0,26,18,0.5909090909090909,0.55,223,0.0,0.0125,0.005,-0.007500000000000001,0.0,"[0, 9, 1, 0]"
revocation,0.05,0.7,0.5,49,18,False,0.311975414572599,0.3532186439793664,0.0,0.5753424657534246,0.4380165289256198,False,True,0,0,1.0,28,14,0.6666666666666666,0.6190476190476191,251,0.0,0.0125,0.005,-0.007500000000000001,0.0,"[0, 9, 1, 0]"
revocation,0.05,0.7,0.5,49,19,False,0.30362441807230633,0.34616398298452483,0.0,0.5625,0.4453125,False,True,0,0,1.0,32,8,0.8,0.6521739130434783,283,0.0,0.0125,0.005,-0.007500000000000001,0.0,"[0, 9, 1, 0]"
revocation,0.05,0.7,0.5,49,20,False,0.30807545641137263,0.3533729872383936,0.0,0.5529411764705883,0.4444444444444444,False,True,0,0,1.0,34,13,0.723404255319149,0.46153846153846156,317,0.0,0.0125,0.005,-0.007500000000000001,0.0,"[0, 9, 1, 0]"
revocation,0.05,0.7,0.5,49,21,False,0.2953423065942438,0.34002974042879525,0.0,0.5777777777777777,0.4316546762589928,False,True,0,0,1.0,34,8,0.8095238095238095,0.3333333333333333,351,0.0,0.0125,0.005,-0.007500000000000001,0.0,"[0, 9, 1, 0]"
revocation,0.05,0.7,0.5,49,22,False,0.2697210156599686,0.31127230532159644,0.0,0.5806451612903226,0.4236111111111111,False,True,0,0,1.0,30,15,0.6666666666666666,0.27586206896551724,381,0.0,0.0125,0.005,-0.007500000000000001,0.0,"[0, 9, 1, 0]"
revocation,0.05,0.7,0.5,49,23,False,0.24514790460211927,0.2834542289911973,0.0,0.58,0.4304635761589404,False,True,0,0,1.0,21,17,0.5526315789473685,0.3793103448275862,402,0.0,0.0125,0.005,-0.007500000000000001,0.0,"[0, 9, 1, 0]"
revocation,0.05,0.7,0.5,49,24,False,0.2427894998801609,0.281340671743398,0.0,0.5887850467289719,0.4240506329113924,False,True,0,0,1.0,28,16,0.6363636363636364,0.41935483870967744,430,0.0,0.0125,0.005,-0.007500000000000001,0.0,"[0, 9, 1, 0]"
revocation,0.05,0.7,0.5,49,25,False,0.25173498205297784,0.2922555038075485,0.0,0.5546218487394958,0.4470588235294118,False,True,0,0,1.0,22,9,0.7096774193548387,0.3548387096774194,452,0.0,0.0125,0.005,-0.007500000000000001,0.0,"[0, 9, 1, 0]"
revocation,0.05,0.7,0.5,49,26,False,0.24772980796830477,0.28794162785566135,0.0,0.5447154471544715,0.4514285714285714,False,True,0,0,1.0,34,12,0.7391304347826086,0.4411764705882353,486,0.0,0.0125,0.005,-0.007500000000000001,0.0,"[0, 9, 1, 0]"
revocation,0.05,0.7,0.5,49,27,False,0.26615449883337144,0.30970622089174604,0.0,0.544,0.4519774011299435,False,True,0,0,1.0,32,15,0.6808510638297872,0.3055555555555556,518,0.0,0.0125,0.005,-0.007500000000000001,0.0,"[0, 9, 1, 0]"
revocation,0.05,0.7,0.5,49,28,False,0.2585444455536,0.3010296656688095,0.0,0.5343511450381679,0.4594594594594595,False,True,0,0,1.0,30,12,0.7142857142857143,0.3076923076923077,548,0.0,0.0125,0.005,-0.007500000000000001,0.0,"[0, 9, 1, 0]"
revocation,0.05,0.7,0.5,49,29,False,0.2581940484509143,0.3007722492516071,0.0,0.5357142857142857,0.4583333333333333,False,True,0,0,1.0,30,9,0.7692307692307693,0.3,578,0.0,0.0125,0.005,-0.007500000000000001,0.0,"[0, 9, 1, 0]"
revocation,0.05,0.7,0.5,49,30,False,0.2579312506239,0.30057918693870533,0.0,0.5486111111111112,0.4489795918367347,False,True,0,0,1.0,30,6,0.8333333333333334,0.175,608,0.0,0.0125,0.005,-0.007500000000000001,0.0,"[0, 9, 1, 0]"
revocation,0.05,0.7,0.5,49,31,False,0.230948437967925,0.269184390204029,0.0,0.5496688741721855,0.4482758620689655,False,True,0,0,1.0,23,15,0.6052631578947368,0.3,631,0.0,0.0125,0.005,-0.007500000000000001,0.0,"[0, 9, 1, 0]"
revocation,0.05,0.7,0.5,49,32,False,0.23749704276165806,0.2768882926530218,0.0,0.5443037974683544,0.4481132075471698,False,True,0,0,1.0,30,12,0.7142857142857143,0.325,661,0.0,0.0125,0.005,-0.007500000000000001,0.0,"[0, 9, 1, 0]"
revocation,0.05,0.7,0.5,49,33,False,0.2477656392141007,0.2889162194897663,0.0,0.5432098765432098,0.44907407407407407,False,True,0,0,1.0,29,15,0.6590909090909091,0.375,690,0.0,0.0125,0.005,-0.007500000000000001,0.0,"[0, 9, 1, 0]"
revocation,0.05,0.7,0.5,49,34,False,0.2661813722677184,0.31043716461732473,0.0,0.5375722543352601,0.4557522123893805,False,True,0,0,1.0,25,8,0.7575757575757576,0.25,715,0.0,0.0125,0.005,-0.007500000000000001,0.0,"[0, 9, 1, 0]"
revocation,0.05,0.7,0.5,49,35,False,0.2532074577722173,0.29532787346299355,0.0,0.5274725274725275,0.461864406779661,False,True,0,0,1.0,25,14,0.6410256410256411,0.3,740,0.0,0.0125,0.005,-0.007500000000000001,0.0,"[0, 9, 1, 0]"
revocation,0.05,0.7,0.5,49,36,False,0.2541913076148773,0.29649590509724516,0.0,0.5291005291005291,0.4609053497942387,False,True,0,0,1.0,25,14,0.6410256410256411,0.325,765,0.0,0.0125,0.005,-0.007500000000000001,0.0,"[0, 9, 1, 0]"
revocation,0.05,0.7,0.5,49,37,False,0.2602863378540151,0.3036219288229339,0.0,0.5233160621761658,0.4637096774193548,False,True,0,0,1.0,27,11,0.7105263157894737,0.4,792,0.0,0.0125,0.005,-0.007500000000000001,0.0,"[0, 9, 1, 0]"
revocation,0.05,0.7,0.5,49,38,False,0.28092903910479705,0.32771644661720045,0.0,0.52,0.4666666666666667,False,True,0,0,1.0,33,13,0.717391304347826,0.35,825,0.0,0.0125,0.005,-0.007500000000000001,0.0,"[0, 9, 1, 0]"
revocation,0.05,0.7,0.5,49,39,False,0.28569677932859777,0.3332873349629003,0.0,0.526829268292683,0.46153846153846156,False,True,0,0,1.0,29,14,0.6744186046511628,0.3,854,0.0,0.0125,0.005,-0.007500000000000001,0.0,"[0, 9, 1, 0]"
revocation,0.05,0.7,0.5,50,0,False,0.0,0.0,0.0,0.0,1.0,False,True,0,0,0.0,0,0,0.0,0.0,0,0.0,0.015000000000000001,0.015000000000000001,0.0,0.0,"[0, 0, 0, 0]"
revocation,0.05,0.7,0.5,50,1,False,0.0,0.0,0.21052631578947367,0.21052631578947367,0.8214285714285714,False,True,0,0,0.0,0,42,0.0,0.0,0,0.0,0.015000000000000001,0.015000000000000001,0.0,0.0,"[0, 0, 0, 0]"
revocation,0.05,0.7,0.5,50,2,False,0.05263157894736842,0.05263157894736842,0.2,0.3333333333333333,0.7142857142857143,False,True,0,0,0.0,0,42,0.0,0.0,0,0.0,0.015000000000000001,0.015000000000000001,0.0,0.0,"[0, 0, 0, 0]"
revocation,0.05,0.7,0.5,50,3,False,0.0894736842105263,0.08947368421052632,0.1,0.35714285714285715,0.6829268292682927,False,True,0,0,0.0,0,42,0.0,0.0,0,0.0,0.015000000000000001,0.015000000000000001,0.0,0.0,"[0, 0, 0, 0]"
revocation,0.05,0.7,0.5,50,4,False,0.09210526315789476,0.09210526315789475,0.05,0.3870967741935484,0.6170212765957447,False,True,0,0,0.0,0,42,0.0,0.0,0,0.0,0.015000000000000001,0.015000000000000001,0.0,0.0,"[0, 0, 0, 0]"
revocation,0.05,0.7,0.5,50,5,False,0.08157894736842106,0.08157894736842106,0.05,0.3939393939393939,0.6,False,True,0,0,0.0,0,43,0.0,0.0,0,0.0,0.015000000000000001,0.015000000000000001,0.0,0.0,"[0, 0, 0, 0]"
revocation,0.05,0.7,0.5,50,6,False,0.0736842105263158,0.0736842105263158,0.1,0.4117647058823529,0.5740740740740741,False,True,0,0,0.1,0,44,0.0,0.0,0,0.0,0.015000000000000001,0.01,-0.005000000000000001,0.0,"[0, 1, 0, 0]"
revocation,0.05,0.7,0.5,50,7,False,0.08026315789473684,0.08026315789473684,0.1,0.4594594594594595,0.5423728813559322,False,True,0,0,0.2,1,40,0.024390243902439025,1.0,1,0.0,0.015000000000000001,0.01,-0.005000000000000001,0.0,"[0, 2, 0, 0]"
revocation,0.05,0.7,0.5,50,8,False,0.08519736842105263,0.08519736842105263,0.1,0.475,0.5230769230769231,False,True,0,0,0.2,3,43,0.06521739130434782,1.0,4,0.0,0.015000000000000001,0.01,-0.005000000000000001,0.0,"[0, 2, 0, 0]"
revocation,0.05,0.7,0.5,50,9,False,0.08889802631578947,0.08889802631578947,0.0,0.4782608695652174,0.5138888888888888,False,True,0,0,0.4,4,40,0.09090909090909091,1.0,8,0.0,0.015000000000000001,0.01,-0.005000000000000001,0.0,"[0, 4, 0, 0]"
revocation,0.05,0.7,0.5,50,10,False,0.10238780545112781,0.1916735197368421,0.0,0.48,0.5,True,True,1,0,0.0,18,23,0.43902439024390244,0.0,0,0.0,0.015000000000000001,0.015000000000000001,0.0,0.0,"[0, 0, 0, 0]"
revocation,0.05,0.7,0.5,50,11,False,0.07679085408834586,0.14375513980263158,0.0,0.4909090909090909,0.49411764705882355,False,True,1,0,0.0,0,38,0.0,0.0,0,0.0,0.015000000000000001,0.015000000000000001,0.0,0.0,"[0, 0, 0, 0]"
revocation,0.05,0.7,0.5,50,12,False,0.0575931405662594,0.10781635485197369,0.0,0.5084745762711864,0.46808510638297873,False,True,1,0,0.0,0,38,0.0,0.0,0,0.0,0.015000000000000001,0.015000000000000001,0.0,0.0,"[0, 0, 0, 0]"
revocation,0.05,0.7,0.5,50,13,False,0.04319485542469454,0.08086226613898026,0.0,0.5396825396825397,0.4411764705882353,False,True,1,0,0.1,0,34,0.0,0.0,0,0.0,0.015000000000000001,0.0,-0.015000000000000001,0.0,"[0, 0, 0, 1]"
revocation,0.05,0.7,0.5,50,14,False,0.03239614156852091,0.060646699604235195,0.0,0.5303030303030303,0.44954128440366975,False,True,1,0,0.1,1,38,0.02564102564102564,0.0,1,0.0,0.015000000000000001,0.0,-0.015000000000000001,0.0,"[0, 0, 0, 1]"
revocation,0.05,0.7,0.5,50,15,False,0.024297106176390686,0.0454850247031764,0.0,0.5428571428571428,0.4396551724137931,False,True,1,0,0.2,1,42,0.023255813953488372,0.0,2,0.0,0.015000000000000001,0.0,-0.015000000000000001,0.0,"[0, 0, 0, 2]"
revocation,0.05,0.7,0.5,50,16,False,0.018222829632293013,0.0341137685273823,0.0,0.5405405405405406,0.4426229508196721,False,True,1,0,0.3,5,36,0.12195121951219512,0.0,7,0.0,0.015000000000000001,0.0033333333333333335,-0.011666666666666667,0.0,"[0, 1, 0, 2]"
revocation,0.05,0.7,0.5,50,17,False,0.01366712222421976,0.025585326395536727,0.0,0.5584415584415584,0.4365079365079365,False,True,1,0,0.4,13,32,0.28888888888888886,0.05,20,0.0,0.015000000000000001,0.005,-0.010000000000000002,0.0,"[0, 2, 0, 2]"
revocation,0.05,0.7,0.5,50,18,False,0.0126312940491172,0.027522328129985875,0.0,0.5555555555555556,0.42857142857142855,True,True,2,0,0.4,18,24,0.42857142857142855,0.05263157894736842,19,0.0,0.015000000000000001,0.0,-0.015000000000000001,0.0,"[1, 0, 0, 3]"
revocation,0.05,0.7,0.5,50,19,False,0.012293019409018351,0.02722069346591046,0.0,0.5542168674698795,0.4244604316546763,False,True,2,0,0.5,13,25,0.34210526315789475,0.08695652173913043,32,0.0,0.015000000000000001,0.002,-0.013000000000000001,0.0,"[1, 1, 0, 3]"
revocation,0.05,0.7,0.5,50,20,False,0.01457690741390662,0.03291552009943284,0.0,0.5617977528089888,0.4178082191780822,False,True,2,0,0.5,19,18,0.5135135135135135,0.3333333333333333,51,0.0,0.015000000000000001,0.002,-0.013000000000000001,0.0,"[1, 1, 0, 3]"
revocation,0.05,0.7,0.5,50,21,False,0.029682680560429966,0.06843664007457463,0.0,0.5789473684210527,0.40789473684210525,False,True,2,0,0.6,21,17,0.5526315789473685,0.325,72,0.0,0.015000000000000001,0.0033333333333333335,-0.011666666666666667,0.0,"[1, 2, 0, 3]"
revocation,0.05,0.7,0.5,50,22,False,0.030297724706036762,0.07007748005593098,0.0,0.59,0.4025157232704403,False,True,2,0,0.6,16,24,0.4,0.3191489361702128,88,0.0,0.015000000000000001,0.0033333333333333335,-0.011666666666666667,0.0,"[1, 2, 0, 3]"
revocation,0.05,0.7,0.5,50,23,False,0.025401864958099003,0.05880811004194823,0.0,0.6037735849056604,0.39156626506024095,False,True,2,0,0.6,20,27,0.425531914893617,0.38461538461538464,108,0.0,0.015000000000000001,0.0033333333333333335,-0.011666666666666667,0.0,"[1, 2, 0, 3]"
revocation,0.05,0.7,0.5,50,24,False,0.0244085415757171,0.05660608253146117,0.0,0.6017699115044248,0.3953488372093023,False,True,2,0,0.7,23,18,0.5609756097560976,0.43103448275862066,131,0.0,0.015000000000000001,0.004285714285714286,-0.010714285714285714,0.0,"[1, 3, 0, 3]"
revocation,0.05,0.7,0.5,50,25,False,0.049556406181787825,0.1258909889814133,0.0,0.6,0.39444444444444443,False,True,2,0,0.8,22,22,0.5,0.31666666666666665,153,0.0,0.015000000000000001,0.00375,-0.011250000000000001,0.0,"[1, 3, 0, 4]"
revocation,0.05,0.7,0.5,50,26,False,0.056810161779198017,0.20691824173606,0.0,0.6048387096774194,0.3891891891891892,False,True,2,0,0.8,19,22,0.4634146341463415,0.3,172,0.0,0.015000000000000001,0.00375,-0.011250000000000001,0.0,"[1, 3, 0, 4]"
revocation,0.05,0.7,0.5,50,27,False,0.06403619276296994,0.255188681302045,0.0,0.6171875,0.38219895287958117,False,True,2,0,0.9,23,20,0.5348837209302325,0.3333333333333333,195,0.0,0.015000000000000001,0.003333333333333333,-0.011666666666666669,0.0,"[1, 3, 0, 5]"
revocation,0.05,0.7,0.5,50,28,False,0.0801700017150846,0.2913915109765337,0.0,0.6230769230769231,0.37628865979381443,False,True,2,0,1.0,22,21,0.5116279069767442,0.3,217,0.0,0.015000000000000001,0.004,-0.011000000000000001,0.0,"[1, 4, 0, 5]"
revocation,0.05,0.7,0.5,50,29,False,0.08334178700059916,0.3185436332324003,0.0,0.6296296296296297,0.3712871287128713,True,True,3,0,0.8,25,8,0.7575757575757576,0.05,175,0.0,0.015000000000000001,0.0,-0.015000000000000001,0.0,"[1, 0, 0, 7]"
revocation,0.05,0.7,0.5,50,30,False,0.0732206259647351,0.25140772492430025,0.0,0.6357142857142857,0.36538461538461536,False,True,3,0,0.9,18,25,0.4186046511627907,0.1,193,0.0,0.015000000000000001,0.0,-0.015000000000000001,0.0,"[1, 0, 0, 8]"
revocation,0.05,0.7,0.5,50,31,False,0.07634404090212274,0.21355579369322517,0.0,0.6363636363636364,0.3615023474178404,False,True,3,0,1.0,33,19,0.6346153846153846,0.2,226,0.0,0.015000000000000001,0.005,-0.010000000000000002,0.0,"[1, 0, 1, 8]"
revocation,0.05,0.7,0.5,50,32,False,0.1001151735337349,0.21016684526991886,0.0,0.636986301369863,0.3623853211009174,True,True,4,0,1.0,32,9,0.7804878048780488,0.15,251,0.0,0.015000000000000001,0.001,-0.014000000000000002,0.0,"[1, 1, 0, 8]"
revocation,0.05,0.7,0.5,50,33,False,0.10722923729315834,0.19512513395243916,0.0,0.6193548387096774,0.37610619469026546,False,True,4,0,1.0,30,10,0.75,0.3958333333333333,281,0.0,0.015000000000000001,0.001,-0.014000000000000002,0.0,"[1, 1, 0, 8]"
revocation,0.05,0.7,0.5,50,34,False,0.1393504993984402,0.21509385046432938,0.0,0.60625,0.38362068965517243,False,True,4,0,1.0,30,12,0.7142857142857143,0.3269230769230769,311,0.0,0.015000000000000001,0.001,-0.014000000000000002,0.0,"[1, 1, 0, 8]"
revocation,0.05,0.7,0.5,50,35,False,0.13129858883454443,0.19257038784824704,0.0,0.5976331360946746,0.3900414937759336,False,True,4,0,1.0,25,10,0.7142857142857143,0.5178571428571429,336,0.0,0.015000000000000001,0.001,-0.014000000000000002,0.0,"[1, 1, 0, 8]"
revocation,0.05,0.7,0.5,50,36,False,0.16811679876876545,0.22567779088618528,0.0,0.5895953757225434,0.39591836734693875,False,True,4,0,1.0,27,11,0.7105263157894737,0.4827586206896552,363,0.0,0.015000000000000001,0.001,-0.014000000000000002,0.0,"[1, 1, 0, 8]"
revocation,0.05,0.7,0.5,50,37,False,0.17965902764800265,0.23175834316463895,0.0,0.5852272727272727,0.3944223107569721,False,True,4,0,1.0,34,11,0.7555555555555555,0.4915254237288136,397,0.0,0.015000000000000001,0.001,-0.014000000000000002,0.0,"[1, 1, 0, 8]"
revocation,0.05,0.7,0.5,50,38,False,0.18831569930743058,0.2363187573734792,0.0,0.5869565217391305,0.3938223938223938,False,True,4,0,1.0,26,10,0.7222222222222222,0.4666666666666667,423,0.0,0.015000000000000001,0.001,-0.014000000000000002,0.0,"[1, 1, 0, 8]"
revocation,0.05,0.7,0.5,50,39,False,0.18409391733771577,0.2272390680301094,0.0,0.5736842105263158,0.40225563909774437,False,True,4,0,1.0,23,16,0.5897435897435898,0.5166666666666667,446,0.0,0.015000000000000001,0.001,-0.014000000000000002,0.0,"[1, 1, 0, 8]"
revocation,0.05,0.7,0.5,51,0,False,0.0,0.0,0.0,0.0,1.0,False,True,0,0,0.0,0,0,0.0,0.0,0,0.0,0.0625,0.0625,0.0,0.0,"[0, 0, 0, 0]"
revocation,0.05,0.7,0.5,51,1,False,0.0,0.0,0.14285714285714285,0.14285714285714285,0.8787878787878788,False,True,0,0,0.2,0,43,0.0,0.0,0,0.0,0.0625,0.0,-0.0625,0.0,"[2, 0, 0, 0]"
revocation,0.05,0.7,0.5,51,2,False,0.03571428571428571,0.03571428571428571,0.1,0.25,0.7954545454545454,False,True,0,0,0.2,13,27,0.325,0.6153846153846154,13,0.0,0.0625,0.0,-0.0625,0.0,"[2, 0, 0, 0]"
revocation,0.05,0.7,0.5,51,3,False,0.06098901098901099,0.11620879120879121,0.1,0.2962962962962963,0.72,False,True,0,0,0.2,11,29,0.275,0.55,24,0.0,0.0625,0.0,-0.0625,0.0,"[2, 0, 0, 0]"
revocation,0.05,0.7,0.5,51,4,False,0.07877747252747251,0.16840659340659342,0.0,0.2727272727272727,0.7068965517241379,False,True,0,0,0.3,15,31,0.32608695652173914,0.6,39,0.0,0.0625,0.0,-0.0625,0.0,"[2, 1, 0, 0]"
revocation,0.05,0.7,0.5,51,5,False,0.0697973901098901,0.20130494505494506,0.0,0.2777777777777778,0.676923076923077,False,True,0,0,0.3,10,32,0.23809523809523808,0.6363636363636364,49,0.0,0.0625,0.0,-0.0625,0.0,"[2, 1, 0, 0]"
revocation,0.05,0.7,0.5,51,6,False,0.06484804258241758,0.23847870879120878,0.0,0.35,0.6428571428571429,False,True,0,0,0.3,13,29,0.30952380952380953,0.4,62,0.0,0.0625,0.0,-0.0625,0.0,"[2, 1, 0, 0]"
revocation,0.05,0.7,0.5,51,7,False,0.05756460336538461,0.24135903159340658,0.0,0.36363636363636365,0.6052631578947368,False,True,0,0,0.6,15,21,0.4166666666666667,0.37037037037037035,77,0.0,0.0625,0.0,-0.0625,0.0,"[3, 3, 0, 0]"
revocation,0.05,0.7,0.5,51,8,False,0.06103059538118132,0.24351927369505494,0.0,0.3829787234042553,0.6,False,True,0,0,0.8,24,21,0.5333333333333333,0.3333333333333333,101,0.0,0.0625,0.0,-0.0625,0.0,"[4, 4, 0, 0]"
revocation,0.05,0.7,0.5,51,9,False,0.07925508939302885,0.24513945527129122,0.0,0.3684210526315789,0.6111111111111112,False,True,0,0,0.9,22,21,0.5116279069767442,0.3,123,0.0,0.0625,0.0,-0.0625,0.0,"[4, 5, 0, 0]"
revocation,0.05,0.7,0.5,51,10,False,0.09515560275905735,0.23385459145346843,0.0,0.38095238095238093,0.5918367346938775,False,True,0,0,0.9,25,17,0.5952380952380952,0.4,148,0.0,0.0625,0.0,-0.0625,0.0,"[4, 5, 0, 0]"
revocation,0.05,0.7,0.5,51,11,False,0.12047384492643587,0.23164094359010132,0.0,0.36231884057971014,0.5981308411214953,False,True,0,0,0.9,32,17,0.6530612244897959,0.3,180,0.0,0.0625,0.0,-0.0625,0.0,"[4, 5, 0, 0]"
revocation,0.05,0.7,0.5,51,12,False,0.12428395512339832,0.23623070769257598,0.0,0.3561643835616438,0.6036036036036037,False,True,0,0,0.9,27,13,0.675,0.375,207,0.0,0.0625,0.0,-0.0625,0.0,"[4, 5, 0, 0]"
revocation,0.05,0.7,0.5,51,13,False,0.1360701091996916,0.252173030769432,0.0,0.3815789473684211,0.5726495726495726,False,True,0,0,0.9,24,16,0.6,0.375,231,0.0,0.0625,0.0,-0.0625,0.0,"[4, 5, 0, 0]"
revocation,0.05,0.7,0.5,51,14,False,0.14580258189976872,0.257879773077074,0.0,0.3875,0.5655737704918032,False,True,0,0,0.9,25,20,0.5555555555555556,0.375,256,0.0,0.0625,0.0,-0.0625,0.0,"[4, 5, 0, 0]"
revocation,0.05,0.7,0.5,51,15,False,0.1522090792819694,0.2684098298078055,0.0,0.4069767441860465,0.5454545454545454,False,True,0,0,1.0,24,16,0.6,0.375,280,0.0,0.0625,0.0,-0.0625,0.0,"[4, 6, 0, 0]"
revocation,0.05,0.7,0.5,51,16,False,0.15879966660433417,0.2638073723558541,0.0,0.41935483870967744,0.5434782608695652,False,True,0,0,1.0,31,11,0.7380952380952381,0.55,311,0.0,0.0625,0.0,-0.0625,0.0,"[4, 6, 0, 0]"
revocation,0.05,0.7,0.5,51,17,False,0.18874260709610777,0.2603555292668906,0.0,0.4368932038834951,0.541095890410959,False,True,0,0,1.0,25,12,0.6756756756756757,0.575,336,0.0,0.0625,0.0,-0.0625,0.0,"[4, 6, 0, 0]"
revocation,0.05,0.7,0.5,51,18,False,0.21477124103636655,0.25776664695016793,0.0,0.43243243243243246,0.5454545454545454,False,True,0,0,1.0,24,13,0.6486486486486487,0.575,360,0.0,0.0625,0.0,-0.0625,0.0,"[4, 6, 0, 0]"
revocation,0.05,0.7,0.5,51,19,False,0.23339985934870347,0.26207498521262595,0.0,0.4396551724137931,0.5375,False,True,0,0,1.0,23,19,0.5476190476190477,0.5,383,0.0,0.0625,0.0,-0.0625,0.0,"[4, 6, 0, 0]"
revocation,0.05,0.7,0.5,51,20,False,0.2375498945115276,0.2590562389094695,0.0,0.424,0.5470588235294118,False,True,0,0,1.0,26,6,0.8125,0.55,409,0.0,0.0625,0.0,-0.0625,0.0,"[4, 6, 0, 0]"
revocation,0.05,0.7,0.5,51,21,False,0.24691242088364573,0.26304217918210215,0.0,0.4330708661417323,0.5375722543352601,False,True,0,0,1.0,23,15,0.6052631578947368,0.6,432,0.0,0.0625,0.0,-0.0625,0.0,"[4, 6, 0, 0]"
revocation,0.05,0.7,0.5,51,22,False,0.25839860137702,0.2847816343865766,0.0,0.4552238805970149,0.5164835164835165,False,True,0,0,1.0,26,9,0.7428571428571429,0.575,458,0.0,0.0625,0.0,-0.0625,0.0,"[4, 6, 0, 0]"
revocation,0.05,0.7,0.5,51,23,False,0.2634418081756221,0.3010862257899325,0.0,0.45323741007194246,0.5243243243243243,False,True,0,0,1.0,39,7,0.8478260869565217,0.6,497,0.0,0.0625,0.0,-0.0625,0.0,"[4, 6, 0, 0]"
revocation,0.05,0.7,0.5,51,24,False,0.27168849898885944,0.30706466934244936,0.0,0.45454545454545453,0.5208333333333334,False,True,0,0,1.0,26,13,0.6666666666666666,0.55,523,0.0,0.0625,0.0,-0.0625,0.0,"[4, 6, 0, 0]"
revocation,0.05,0.7,0.5,51,25,False,0.27162351709878746,0.305298502006837,0.0,0.46357615894039733,0.52,False,True,0,0,1.0,32,8,0.8,0.45,555,0.0,0.0625,0.0,-0.0625,0.0,"[4, 6, 0, 0]"
revocation,0.05,0.7,0.5,51,26,False,0.2599676378240906,0.28522387650512776,0.0,0.4645161290322581,0.5073170731707317,False,True,0,0,1.0,32,18,0.64,0.375,587,0.0,0.0625,0.0,-0.0625,0.0,"[4, 6, 0, 0]"
revocation,0.05,0.7,0.5,51,27,False,0.24319001408235366,0.2514179073788458,0.0,0.46496815286624205,0.5072463768115942,False,True,0,0,1.0,39,8,0.8297872340425532,0.575,626,0.0,0.0625,0.0,-0.0625,0.0,"[4, 6, 0, 0]"
revocation,0.05,0.7,0.5,51,28,False,0.25203536770462237,0.2760634305341343,0.0,0.4720496894409938,0.5023696682464455,False,True,0,0,1.0,18,24,0.42857142857142855,0.5,644,0.0,0.0625,0.0,-0.0625,0.0,"[4, 6, 0, 0]"
revocation,0.05,0.7,0.5,51,29,False,0.2506336686356096,0.2757975729006007,0.0,0.46987951807228917,0.5,False,True,0,0,1.0,30,8,0.7894736842105263,0.525,674,0.0,0.0625,0.0,-0.0625,0.0,"[4, 6, 0, 0]"
revocation,0.05,0.7,0.5,51,30,False,0.2558323943338501,0.25684817967545054,0.0,0.47093023255813954,0.5022222222222222,False,True,0,0,1.0,27,12,0.6923076923076923,0.625,701,0.0,0.0625,0.0,-0.0625,0.0,"[4, 6, 0, 0]"
revocation,0.05,0.7,0.5,51,31,False,0.269552867178959,0.2738861347565879,0.0,0.4742857142857143,0.4935064935064935,False,True,0,0,1.0,29,21,0.58,0.5,730,0.0,0.0625,0.0,-0.0625,0.0,"[4, 6, 0, 0]"
revocation,0.05,0.7,0.5,51,32,False,0.2637717932413621,0.2741646010674409,0.0,0.48333333333333334,0.48523206751054854,False,True,0,0,1.0,28,15,0.6511627906976745,0.425,758,0.0,0.0625,0.0,-0.0625,0.0,"[4, 6, 0, 0]"
revocation,0.05,0.7,0.5,51,33,False,0.25050741635959295,0.26187345080058066,0.0,0.483695652173913,0.48360655737704916,False,True,0,0,1.0,24,13,0.6486486486486487,0.65,782,0.0,0.0625,0.0,-0.0625,0.0,"[4, 6, 0, 0]"
revocation,0.05,0.7,0.5,51,34,False,0.27180913369826615,0.2815443104379669,0.0,0.49222797927461137,0.47808764940239046,False,True,0,0,1.0,24,15,0.6153846153846154,0.625,806,0.0,0.0625,0.0,-0.0625,0.0,"[4, 6, 0, 0]"
revocation,0.05,0.7,0.5,51,35,False,0.28421399313084245,0.3049082328284752,0.0,0.49230769230769234,0.47470817120622566,False,True,0,0,1.0,37,15,0.7115384615384616,0.475,843,0.0,0.0625,0.0,-0.0625,0.0,"[4, 6, 0, 0]"
revocation,0.05,0.7,0.5,51,36,False,0.2720890662767033,0.2849311746213564,0.0,0.4975124378109453,0.4732824427480916,False,True,0,0,1.0,22,9,0.7096774193548387,0.6,865,0.0,0.0625,0.0,-0.0625,0.0,"[4, 6, 0, 0]"
revocation,0.05,0.7,0.5,51,37,False,0.27995965685038465,0.29494838096601733,0.0,0.4975609756097561,0.47368421052631576,False,True,0,0,1.0,26,11,0.7027027027027027,0.625,891,0.0,0.0625,0.0,-0.0625,0.0,"[4, 6, 0, 0]"
revocation,0.05,0.7,0.5,51,38,False,0.2876483140663599,0.296211285724513,0.0,0.4976303317535545,0.47601476014760147,False,True,0,0,1.0,22,14,0.6111111111111112,0.625,913,0.0,0.0625,0.0,-0.0625,0.0,"[4, 6, 0, 0]"
revocation,0.05,0.7,0.5,51,39,False,0.29520052126405566,0.3096584642933847,0.0,0.49767441860465117,0.4763636363636364,False,True,0,0,1.0,35,10,0.7777777777777778,0.6,948,0.0,0.0625,0.0,-0.0625,0.0,"[4, 6, 0, 0]"
